Log file open, 09/26/25 21:13:29
LogWindows: Failed to load 'aqProf.dll' (GetLastError=126)
LogWindows: File 'aqProf.dll' does not exist
LogWindows: Failed to load 'VtuneApi.dll' (GetLastError=126)
LogWindows: File 'VtuneApi.dll' does not exist
LogWindows: Failed to load 'VtuneApi32e.dll' (GetLastError=126)
LogWindows: File 'VtuneApi32e.dll' does not exist
LogConsoleResponse: Display: Failed to find resolution value strings in scalability ini. Falling back to default.
LogInit: Display: Running engine for game: GameJamCrew
LogPlatformFile: Not using cached read wrapper
LogTaskGraph: Started task graph with 5 named threads and 47 total threads with 3 sets of task threads.
LogStats: Stats thread started at 0.041001
LogD3D11RHI: Loaded GFSDK_Aftermath_Lib.x64.dll
LogICUInternationalization: ICU TimeZone Detection - Raw Offset: +2:00, Platform Override: ''
LogPluginManager: Mounting plugin Paper2D
LogPluginManager: Mounting plugin AISupport
LogPluginManager: Mounting plugin LightPropagationVolume
LogPluginManager: Mounting plugin ActorLayerUtilities
LogPluginManager: Mounting plugin AnimationSharing
LogPluginManager: Mounting plugin CLionSourceCodeAccess
LogPluginManager: Mounting plugin CodeLiteSourceCodeAccess
LogPluginManager: Mounting plugin GitSourceControl
LogPluginManager: Mounting plugin KDevelopSourceCodeAccess
LogPluginManager: Mounting plugin NullSourceCodeAccess
LogPluginManager: Mounting plugin PerforceSourceControl
LogPluginManager: Mounting plugin SubversionSourceControl
LogPluginManager: Mounting plugin UObjectPlugin
LogPluginManager: Mounting plugin VisualStudioCodeSourceCodeAccess
LogPluginManager: Mounting plugin VisualStudioSourceCodeAccess
LogPluginManager: Mounting plugin XCodeSourceCodeAccess
LogPluginManager: Mounting plugin AssetManagerEditor
LogPluginManager: Mounting plugin CryptoKeys
LogPluginManager: Mounting plugin CurveEditorTools
LogPluginManager: Mounting plugin DataValidation
LogPluginManager: Mounting plugin FacialAnimation
LogPluginManager: Mounting plugin GameplayTagsEditor
LogPluginManager: Mounting plugin MacGraphicsSwitching
LogPluginManager: Mounting plugin MaterialAnalyzer
LogPluginManager: Mounting plugin MobileLauncherProfileWizard
LogPluginManager: Mounting plugin PluginBrowser
LogPluginManager: Mounting plugin SpeedTreeImporter
LogPluginManager: Mounting plugin DatasmithContent
LogPluginManager: Mounting plugin VariantManagerContent
LogPluginManager: Mounting plugin AlembicImporter
LogPluginManager: Mounting plugin AutomationUtils
LogPluginManager: Mounting plugin BackChannel
LogPluginManager: Mounting plugin CharacterAI
LogPluginManager: Mounting plugin GeometryCache
LogPluginManager: Mounting plugin HTML5Networking
LogPluginManager: Mounting plugin PlatformCrypto
LogPluginManager: Mounting plugin ProxyLODPlugin
LogPluginManager: Mounting plugin SkeletalReduction
LogPluginManager: Mounting plugin MagicLeap
LogPluginManager: Mounting plugin MagicLeapMedia
LogPluginManager: Mounting plugin AndroidMedia
LogPluginManager: Mounting plugin AvfMedia
LogPluginManager: Mounting plugin ImgMedia
LogPluginManager: Mounting plugin MediaCompositing
LogPluginManager: Mounting plugin MediaPlayerEditor
LogPluginManager: Mounting plugin WebMMedia
LogPluginManager: Mounting plugin WmfMedia
LogPluginManager: Mounting plugin TcpMessaging
LogPluginManager: Mounting plugin UdpMessaging
LogPluginManager: Mounting plugin ActorSequence
LogPluginManager: Mounting plugin LevelSequenceEditor
LogPluginManager: Mounting plugin MatineeToLevelSequence
LogPluginManager: Mounting plugin NetcodeUnitTest
LogPluginManager: Mounting plugin NUTUnrealEngine4
LogPluginManager: Mounting plugin OnlineSubsystemGooglePlay
LogPluginManager: Mounting plugin OnlineSubsystemIOS
LogPluginManager: Mounting plugin OnlineSubsystem
LogPluginManager: Mounting plugin OnlineSubsystemNull
LogPluginManager: Mounting plugin OnlineSubsystemUtils
LogPluginManager: Mounting plugin LauncherChunkInstaller
LogPluginManager: Mounting plugin AndroidDeviceProfileSelector
LogPluginManager: Mounting plugin AndroidMoviePlayer
LogPluginManager: Mounting plugin AndroidPermission
LogPluginManager: Mounting plugin AppleImageUtils
LogPluginManager: Mounting plugin AppleMoviePlayer
LogPluginManager: Mounting plugin ArchVisCharacter
LogPluginManager: Mounting plugin AudioCapture
LogPluginManager: Mounting plugin CableComponent
LogPluginManager: Mounting plugin CustomMeshComponent
LogPluginManager: Mounting plugin EditableMesh
LogPluginManager: Mounting plugin ExampleDeviceProfileSelector
LogPluginManager: Mounting plugin GoogleCloudMessaging
LogPluginManager: Mounting plugin IOSDeviceProfileSelector
LogPluginManager: Mounting plugin LinuxDeviceProfileSelector
LogPluginManager: Mounting plugin LocationServicesBPLibrary
LogPluginManager: Mounting plugin MobilePatchingUtils
LogPluginManager: Mounting plugin OculusVR
LogPluginManager: Mounting plugin PhysXVehicles
LogPluginManager: Mounting plugin ProceduralMeshComponent
LogPluginManager: Mounting plugin RuntimePhysXCooking
LogPluginManager: Mounting plugin SignificanceManager
LogPluginManager: Mounting plugin SteamVR
LogPluginManager: Mounting plugin WebMMoviePlayer
LogPluginManager: Mounting plugin WindowsMoviePlayer
LogPluginManager: Mounting plugin ScreenshotTools
LogInit: Using libcurl 7.55.1-DEV
LogInit:  - built for x86_64-pc-win32
LogInit:  - supports SSL with OpenSSL/1.1.1
LogInit:  - supports HTTP deflate (compression) using libz 1.2.8
LogInit:  - other features:
LogInit:      CURL_VERSION_SSL
LogInit:      CURL_VERSION_LIBZ
LogInit:      CURL_VERSION_IPV6
LogInit:      CURL_VERSION_ASYNCHDNS
LogInit:      CURL_VERSION_LARGEFILE
LogInit:      CURL_VERSION_IDN
LogInit:  CurlRequestOptions (configurable via config and command line):
LogInit:  - bVerifyPeer = true  - Libcurl will verify peer certificate
LogInit:  - bUseHttpProxy = false  - Libcurl will NOT use HTTP proxy
LogInit:  - bDontReuseConnections = false  - Libcurl will reuse connections
LogInit:  - MaxHostConnections = 16  - Libcurl will limit the number of connections to a host
LogInit:  - LocalHostAddr = Default
LogInit:  - BufferSize = 65536
LogOnline: OSS: Creating online subsystem instance for: NULL
LogInit: WinSock: version 1.1 (2.2), MaxSocks=32767, MaxUdp=65467
LogInit: Build: ++UE4+Release-4.23-CL-9631420
LogInit: Engine Version: 4.23.1-9631420+++UE4+Release-4.23
LogInit: Compatible Engine Version: 4.23.0-8386587+++UE4+Release-4.23
LogInit: Net CL: 8386587
LogInit: OS: Windows 10 (Release 2009) (), CPU: AMD Ryzen 7 9700X 8-Core Processor             , GPU: NVIDIA GeForce RTX 5070
LogInit: Compiled (64-bit): Oct 18 2019 02:07:44
LogInit: Compiled with Visual C++: 19.16.27030.01
LogInit: Build Configuration: Development
LogInit: Branch Name: ++UE4+Release-4.23
LogInit: Command Line:  -AUTH_LOGIN=unused -AUTH_PASSWORD=b462bad8a8d4490287d63beb8b3c768c -AUTH_TYPE=exchangecode -epicapp=UE_4.23 -epicenv=Prod -EpicPortal -epicusername=KLIX100 -epicuserid=817ac0c8b8ec4586b1a7d191863bddae -epiclocale=en -epicsandboxid=ue
LogInit: Base Directory: C:/Program Files/Epic Games/UE_4.23/Engine/Binaries/Win64/
LogInit: Installed Engine Build: 1
LogDevObjectVersion: Number of dev versions registered: 23
LogDevObjectVersion:   Dev-Blueprints (B0D832E4-1F89-4F0D-ACCF-7EB736FD4AA2): 10
LogDevObjectVersion:   Dev-Build (E1C64328-A22C-4D53-A36C-8E866417BD8C): 0
LogDevObjectVersion:   Dev-Core (375EC13C-06E4-48FB-B500-84F0262A717E): 3
LogDevObjectVersion:   Dev-Editor (E4B068ED-F494-42E9-A231-DA0B2E46BB41): 34
LogDevObjectVersion:   Dev-Framework (CFFC743F-43B0-4480-9391-14DF171D2073): 35
LogDevObjectVersion:   Dev-Mobile (B02B49B5-BB20-44E9-A304-32B752E40360): 2
LogDevObjectVersion:   Dev-Networking (A4E4105C-59A1-49B5-A7C5-40C4547EDFEE): 0
LogDevObjectVersion:   Dev-Online (39C831C9-5AE6-47DC-9A44-9C173E1C8E7C): 0
LogDevObjectVersion:   Dev-Physics (78F01B33-EBEA-4F98-B9B4-84EACCB95AA2): 0
LogDevObjectVersion:   Dev-Platform (6631380F-2D4D-43E0-8009-CF276956A95A): 0
LogDevObjectVersion:   Dev-Rendering (12F88B9F-8875-4AFC-A67C-D90C383ABD29): 31
LogDevObjectVersion:   Dev-Sequencer (7B5AE74C-D270-4C10-A958-57980B212A5A): 11
LogDevObjectVersion:   Dev-VR (D7296918-1DD6-4BDD-9DE2-64A83CC13884): 2
LogDevObjectVersion:   Dev-LoadTimes (C2A15278-BFE7-4AFE-6C17-90FF531DF755): 1
LogDevObjectVersion:   Private-Geometry (6EACA3D4-40EC-4CC1-B786-8BED09428FC5): 3
LogDevObjectVersion:   Dev-AnimPhys (29E575DD-E0A3-4627-9D10-D276232CDCEA): 17
LogDevObjectVersion:   Dev-Anim (AF43A65D-7FD3-4947-9873-3E8ED9C1BB05): 2
LogDevObjectVersion:   Dev-ReflectionCapture (6B266CEC-1EC7-4B8F-A30B-E4D90942FC07): 1
LogDevObjectVersion:   Dev-Automation (0DF73D61-A23F-47EA-B727-89E90C41499A): 1
LogDevObjectVersion:   FortniteMain (601D1886-AC64-4F84-AA16-D3DE0DEAC7D6): 27
LogDevObjectVersion:   Dev-Enterprise (9DFFBCD6-494F-0158-E221-12823C92A888): 6
LogDevObjectVersion:   Dev-Niagara (F2AED0AC-9AFE-416F-8664-AA7FFA26D6FC): 1
LogDevObjectVersion:   Dev-Destruction (174F1F0B-B4C6-45A5-B13F-2EE8D0FB917D): 9
LogInit: Presizing for max 16777216 objects, including 0 objects not considered by GC, pre-allocating 0 bytes for permanent pool.
LogInit: Object subsystem initialized
LogConfig: Setting CVar [[con.DebugEarlyDefault:1]]
LogConfig: Setting CVar [[r.setres:1280x720]]
[2025.09.26-18.13.29:621][  0]LogConfig: Setting CVar [[r.VSync:0]]
[2025.09.26-18.13.29:621][  0]LogConfig: Setting CVar [[r.RHICmdBypass:0]]
[2025.09.26-18.13.29:621][  0]LogConfig: Applying CVar settings from Section [/Script/Engine.RendererSettings] File [E:/GameDev/hggjam/GameJamHGGUnreal4.23.1/GameJamCrew/Saved/Config/Windows/Engine.ini]
[2025.09.26-18.13.29:621][  0]LogConfig: Setting CVar [[r.GPUCrashDebugging:0]]
[2025.09.26-18.13.29:621][  0]LogConfig: Applying CVar settings from Section [/Script/Engine.RendererOverrideSettings] File [E:/GameDev/hggjam/GameJamHGGUnreal4.23.1/GameJamCrew/Saved/Config/Windows/Engine.ini]
[2025.09.26-18.13.29:621][  0]LogConfig: Applying CVar settings from Section [/Script/Engine.StreamingSettings] File [E:/GameDev/hggjam/GameJamHGGUnreal4.23.1/GameJamCrew/Saved/Config/Windows/Engine.ini]
[2025.09.26-18.13.29:621][  0]LogConfig: Setting CVar [[s.MinBulkDataSizeForAsyncLoading:131072]]
[2025.09.26-18.13.29:621][  0]LogConfig: Setting CVar [[s.AsyncLoadingThreadEnabled:0]]
[2025.09.26-18.13.29:621][  0]LogConfig: Setting CVar [[s.EventDrivenLoaderEnabled:1]]
[2025.09.26-18.13.29:621][  0]LogConfig: Setting CVar [[s.WarnIfTimeLimitExceeded:0]]
[2025.09.26-18.13.29:621][  0]LogConfig: Setting CVar [[s.TimeLimitExceededMultiplier:1.5]]
[2025.09.26-18.13.29:621][  0]LogConfig: Setting CVar [[s.TimeLimitExceededMinTime:0.005]]
[2025.09.26-18.13.29:621][  0]LogConfig: Setting CVar [[s.UseBackgroundLevelStreaming:1]]
[2025.09.26-18.13.29:621][  0]LogConfig: Setting CVar [[s.PriorityAsyncLoadingExtraTime:15.0]]
[2025.09.26-18.13.29:621][  0]LogConfig: Setting CVar [[s.LevelStreamingActorsUpdateTimeLimit:5.0]]
[2025.09.26-18.13.29:621][  0]LogConfig: Setting CVar [[s.PriorityLevelStreamingActorsUpdateExtraTime:5.0]]
[2025.09.26-18.13.29:621][  0]LogConfig: Setting CVar [[s.LevelStreamingComponentsRegistrationGranularity:10]]
[2025.09.26-18.13.29:621][  0]LogConfig: Setting CVar [[s.UnregisterComponentsTimeLimit:1.0]]
[2025.09.26-18.13.29:621][  0]LogConfig: Setting CVar [[s.LevelStreamingComponentsUnregistrationGranularity:5]]
[2025.09.26-18.13.29:621][  0]LogConfig: Applying CVar settings from Section [/Script/Engine.GarbageCollectionSettings] File [E:/GameDev/hggjam/GameJamHGGUnreal4.23.1/GameJamCrew/Saved/Config/Windows/Engine.ini]
[2025.09.26-18.13.29:621][  0]LogConfig: Setting CVar [[gc.MaxObjectsNotConsideredByGC:1]]
[2025.09.26-18.13.29:621][  0]LogConfig: Setting CVar [[gc.SizeOfPermanentObjectPool:0]]
[2025.09.26-18.13.29:621][  0]LogConfig: Setting CVar [[gc.FlushStreamingOnGC:0]]
[2025.09.26-18.13.29:621][  0]LogConfig: Setting CVar [[gc.NumRetriesBeforeForcingGC:10]]
[2025.09.26-18.13.29:621][  0]LogConfig: Setting CVar [[gc.AllowParallelGC:1]]
[2025.09.26-18.13.29:621][  0]LogConfig: Setting CVar [[gc.TimeBetweenPurgingPendingKillObjects:61.1]]
[2025.09.26-18.13.29:621][  0]LogConfig: Setting CVar [[gc.MaxObjectsInEditor:16777216]]
[2025.09.26-18.13.29:621][  0]LogConfig: Setting CVar [[gc.IncrementalBeginDestroyEnabled:1]]
[2025.09.26-18.13.29:621][  0]LogConfig: Setting CVar [[gc.CreateGCClusters:1]]
[2025.09.26-18.13.29:621][  0]LogConfig: Setting CVar [[gc.MinGCClusterSize:5]]
[2025.09.26-18.13.29:621][  0]LogConfig: Setting CVar [[gc.ActorClusteringEnabled:0]]
[2025.09.26-18.13.29:621][  0]LogConfig: Setting CVar [[gc.BlueprintClusteringEnabled:0]]
[2025.09.26-18.13.29:621][  0]LogConfig: Setting CVar [[gc.UseDisregardForGCOnDedicatedServers:0]]
[2025.09.26-18.13.29:621][  0]LogConfig: Applying CVar settings from Section [/Script/Engine.NetworkSettings] File [E:/GameDev/hggjam/GameJamHGGUnreal4.23.1/GameJamCrew/Saved/Config/Windows/Engine.ini]
[2025.09.26-18.13.29:621][  0]LogConfig: Applying CVar settings from Section [/Script/UnrealEd.CookerSettings] File [E:/GameDev/hggjam/GameJamHGGUnreal4.23.1/GameJamCrew/Saved/Config/Windows/Engine.ini]
[2025.09.26-18.13.29:623][  0]LogConfig: Applying CVar settings from Section [ViewDistanceQuality@3] File [E:/GameDev/hggjam/GameJamHGGUnreal4.23.1/GameJamCrew/Saved/Config/Windows/Scalability.ini]
[2025.09.26-18.13.29:623][  0]LogConfig: Setting CVar [[r.SkeletalMeshLODBias:0]]
[2025.09.26-18.13.29:623][  0]LogConfig: Setting CVar [[r.ViewDistanceScale:1.0]]
[2025.09.26-18.13.29:623][  0]LogConfig: Applying CVar settings from Section [AntiAliasingQuality@3] File [E:/GameDev/hggjam/GameJamHGGUnreal4.23.1/GameJamCrew/Saved/Config/Windows/Scalability.ini]
[2025.09.26-18.13.29:623][  0]LogConfig: Setting CVar [[r.PostProcessAAQuality:4]]
[2025.09.26-18.13.29:623][  0]LogConfig: Applying CVar settings from Section [ShadowQuality@3] File [E:/GameDev/hggjam/GameJamHGGUnreal4.23.1/GameJamCrew/Saved/Config/Windows/Scalability.ini]
[2025.09.26-18.13.29:623][  0]LogConfig: Setting CVar [[r.LightFunctionQuality:1]]
[2025.09.26-18.13.29:623][  0]LogConfig: Setting CVar [[r.ShadowQuality:5]]
[2025.09.26-18.13.29:623][  0]LogConfig: Setting CVar [[r.Shadow.CSM.MaxCascades:10]]
[2025.09.26-18.13.29:623][  0]LogConfig: Setting CVar [[r.Shadow.MaxResolution:2048]]
[2025.09.26-18.13.29:623][  0]LogConfig: Setting CVar [[r.Shadow.MaxCSMResolution:2048]]
[2025.09.26-18.13.29:623][  0]LogConfig: Setting CVar [[r.Shadow.RadiusThreshold:0.01]]
[2025.09.26-18.13.29:623][  0]LogConfig: Setting CVar [[r.Shadow.DistanceScale:1.0]]
[2025.09.26-18.13.29:623][  0]LogConfig: Setting CVar [[r.Shadow.CSM.TransitionScale:1.0]]
[2025.09.26-18.13.29:623][  0]LogConfig: Setting CVar [[r.Shadow.PreShadowResolutionFactor:1.0]]
[2025.09.26-18.13.29:623][  0]LogConfig: Setting CVar [[r.DistanceFieldShadowing:1]]
[2025.09.26-18.13.29:623][  0]LogConfig: Setting CVar [[r.DistanceFieldAO:1]]
[2025.09.26-18.13.29:623][  0]LogConfig: Setting CVar [[r.AOQuality:2]]
[2025.09.26-18.13.29:623][  0]LogConfig: Setting CVar [[r.VolumetricFog:1]]
[2025.09.26-18.13.29:624][  0]LogConfig: Setting CVar [[r.VolumetricFog.GridPixelSize:8]]
[2025.09.26-18.13.29:624][  0]LogConfig: Setting CVar [[r.VolumetricFog.GridSizeZ:128]]
[2025.09.26-18.13.29:624][  0]LogConfig: Setting CVar [[r.VolumetricFog.HistoryMissSupersampleCount:4]]
[2025.09.26-18.13.29:624][  0]LogConfig: Setting CVar [[r.LightMaxDrawDistanceScale:1]]
[2025.09.26-18.13.29:624][  0]LogConfig: Setting CVar [[r.CapsuleShadows:1]]
[2025.09.26-18.13.29:624][  0]LogConfig: Applying CVar settings from Section [PostProcessQuality@3] File [E:/GameDev/hggjam/GameJamHGGUnreal4.23.1/GameJamCrew/Saved/Config/Windows/Scalability.ini]
[2025.09.26-18.13.29:624][  0]LogConfig: Setting CVar [[r.MotionBlurQuality:4]]
[2025.09.26-18.13.29:624][  0]LogConfig: Setting CVar [[r.AmbientOcclusionMipLevelFactor:0.4]]
[2025.09.26-18.13.29:624][  0]LogConfig: Setting CVar [[r.AmbientOcclusionMaxQuality:100]]
[2025.09.26-18.13.29:624][  0]LogConfig: Setting CVar [[r.AmbientOcclusionLevels:-1]]
[2025.09.26-18.13.29:624][  0]LogConfig: Setting CVar [[r.AmbientOcclusionRadiusScale:1.0]]
[2025.09.26-18.13.29:624][  0]LogConfig: Setting CVar [[r.DepthOfFieldQuality:2]]
[2025.09.26-18.13.29:624][  0]LogConfig: Setting CVar [[r.RenderTargetPoolMin:400]]
[2025.09.26-18.13.29:624][  0]LogConfig: Setting CVar [[r.LensFlareQuality:2]]
[2025.09.26-18.13.29:624][  0]LogConfig: Setting CVar [[r.SceneColorFringeQuality:1]]
[2025.09.26-18.13.29:624][  0]LogConfig: Setting CVar [[r.EyeAdaptationQuality:2]]
[2025.09.26-18.13.29:624][  0]LogConfig: Setting CVar [[r.BloomQuality:5]]
[2025.09.26-18.13.29:624][  0]LogConfig: Setting CVar [[r.FastBlurThreshold:100]]
[2025.09.26-18.13.29:624][  0]LogConfig: Setting CVar [[r.Upscale.Quality:3]]
[2025.09.26-18.13.29:624][  0]LogConfig: Setting CVar [[r.Tonemapper.GrainQuantization:1]]
[2025.09.26-18.13.29:624][  0]LogConfig: Setting CVar [[r.LightShaftQuality:1]]
[2025.09.26-18.13.29:624][  0]LogConfig: Setting CVar [[r.Filter.SizeScale:1]]
[2025.09.26-18.13.29:624][  0]LogConfig: Setting CVar [[r.Tonemapper.Quality:5]]
[2025.09.26-18.13.29:624][  0]LogConfig: Setting CVar [[r.DOF.Gather.AccumulatorQuality:1        ; higher gathering accumulator quality]]
[2025.09.26-18.13.29:624][  0]LogConfig: Setting CVar [[r.DOF.Gather.PostfilterMethod:1          ; Median3x3 postfilering method]]
[2025.09.26-18.13.29:624][  0]LogConfig: Setting CVar [[r.DOF.Gather.EnableBokehSettings:0       ; no bokeh simulation when gathering]]
[2025.09.26-18.13.29:624][  0]LogConfig: Setting CVar [[r.DOF.Gather.RingCount:4                 ; medium number of samples when gathering]]
[2025.09.26-18.13.29:624][  0]LogConfig: Setting CVar [[r.DOF.Scatter.ForegroundCompositing:1    ; additive foreground scattering]]
[2025.09.26-18.13.29:624][  0]LogConfig: Setting CVar [[r.DOF.Scatter.BackgroundCompositing:2    ; additive background scattering]]
[2025.09.26-18.13.29:624][  0]LogConfig: Setting CVar [[r.DOF.Scatter.EnableBokehSettings:1      ; bokeh simulation when scattering]]
[2025.09.26-18.13.29:624][  0]LogConfig: Setting CVar [[r.DOF.Scatter.MaxSpriteRatio:0.1         ; only a maximum of 10% of scattered bokeh]]
[2025.09.26-18.13.29:624][  0]LogConfig: Setting CVar [[r.DOF.Recombine.Quality:1                ; cheap slight out of focus]]
[2025.09.26-18.13.29:624][  0]LogConfig: Setting CVar [[r.DOF.Recombine.EnableBokehSettings:0    ; no bokeh simulation on slight out of focus]]
[2025.09.26-18.13.29:624][  0]LogConfig: Setting CVar [[r.DOF.TemporalAAQuality:1                ; more stable temporal accumulation]]
[2025.09.26-18.13.29:624][  0]LogConfig: Setting CVar [[r.DOF.Kernel.MaxForegroundRadius:0.025]]
[2025.09.26-18.13.29:624][  0]LogConfig: Setting CVar [[r.DOF.Kernel.MaxBackgroundRadius:0.025]]
[2025.09.26-18.13.29:624][  0]LogConfig: Applying CVar settings from Section [TextureQuality@3] File [E:/GameDev/hggjam/GameJamHGGUnreal4.23.1/GameJamCrew/Saved/Config/Windows/Scalability.ini]
[2025.09.26-18.13.29:624][  0]LogConfig: Setting CVar [[r.Streaming.MipBias:0]]
[2025.09.26-18.13.29:624][  0]LogConfig: Setting CVar [[r.Streaming.AmortizeCPUToGPUCopy:0]]
[2025.09.26-18.13.29:624][  0]LogConfig: Setting CVar [[r.Streaming.MaxNumTexturesToStreamPerFrame:0]]
[2025.09.26-18.13.29:624][  0]LogConfig: Setting CVar [[r.Streaming.Boost:1]]
[2025.09.26-18.13.29:624][  0]LogConfig: Setting CVar [[r.MaxAnisotropy:8]]
[2025.09.26-18.13.29:624][  0]LogConfig: Setting CVar [[r.Streaming.LimitPoolSizeToVRAM:0]]
[2025.09.26-18.13.29:624][  0]LogConfig: Setting CVar [[r.Streaming.PoolSize:1000]]
[2025.09.26-18.13.29:624][  0]LogConfig: Setting CVar [[r.Streaming.MaxEffectiveScreenSize:0]]
[2025.09.26-18.13.29:624][  0]LogConfig: Applying CVar settings from Section [EffectsQuality@3] File [E:/GameDev/hggjam/GameJamHGGUnreal4.23.1/GameJamCrew/Saved/Config/Windows/Scalability.ini]
[2025.09.26-18.13.29:624][  0]LogConfig: Setting CVar [[r.TranslucencyLightingVolumeDim:64]]
[2025.09.26-18.13.29:624][  0]LogConfig: Setting CVar [[r.RefractionQuality:2]]
[2025.09.26-18.13.29:624][  0]LogConfig: Setting CVar [[r.SSR.Quality:3]]
[2025.09.26-18.13.29:624][  0]LogConfig: Setting CVar [[r.SceneColorFormat:4]]
[2025.09.26-18.13.29:624][  0]LogConfig: Setting CVar [[r.DetailMode:2]]
[2025.09.26-18.13.29:624][  0]LogConfig: Setting CVar [[r.TranslucencyVolumeBlur:1]]
[2025.09.26-18.13.29:624][  0]LogConfig: Setting CVar [[r.MaterialQualityLevel:1 ; High quality]]
[2025.09.26-18.13.29:624][  0]LogConfig: Setting CVar [[r.SSS.Scale:1]]
[2025.09.26-18.13.29:624][  0]LogConfig: Setting CVar [[r.SSS.SampleSet:2]]
[2025.09.26-18.13.29:624][  0]LogConfig: Setting CVar [[r.SSS.Quality:1]]
[2025.09.26-18.13.29:624][  0]LogConfig: Setting CVar [[r.SSS.HalfRes:1]]
[2025.09.26-18.13.29:624][  0]LogConfig: Setting CVar [[r.EmitterSpawnRateScale:1.0]]
[2025.09.26-18.13.29:624][  0]LogConfig: Setting CVar [[r.ParticleLightQuality:2]]
[2025.09.26-18.13.29:624][  0]LogConfig: Applying CVar settings from Section [FoliageQuality@3] File [E:/GameDev/hggjam/GameJamHGGUnreal4.23.1/GameJamCrew/Saved/Config/Windows/Scalability.ini]
[2025.09.26-18.13.29:624][  0]LogConfig: Setting CVar [[foliage.DensityScale:1.0]]
[2025.09.26-18.13.29:624][  0]LogConfig: Setting CVar [[grass.DensityScale:1.0]]
[2025.09.26-18.13.29:624][  0]LogInit: Selected Device Profile: [Windows]
[2025.09.26-18.13.29:624][  0]LogInit: Applying CVar settings loaded from the selected device profile: [Windows]
[2025.09.26-18.13.29:625][  0]LogHAL: Display: Platform has ~ 62 GB [66126716928 / 68719476736 / 62], which maps to Largest [LargestMinGB=32, LargerMinGB=12, DefaultMinGB=8, SmallerMinGB=6, SmallestMinGB=0)
[2025.09.26-18.13.29:625][  0]LogInit: Going up to parent DeviceProfile []
[2025.09.26-18.13.29:625][  0]LogConfig: Applying CVar settings from Section [ViewDistanceQuality@3] File [E:/GameDev/hggjam/GameJamHGGUnreal4.23.1/GameJamCrew/Saved/Config/Windows/Scalability.ini]
[2025.09.26-18.13.29:625][  0]LogConfig: Setting CVar [[r.SkeletalMeshLODBias:0]]
[2025.09.26-18.13.29:625][  0]LogConfig: Setting CVar [[r.ViewDistanceScale:1.0]]
[2025.09.26-18.13.29:625][  0]LogConfig: Applying CVar settings from Section [AntiAliasingQuality@3] File [E:/GameDev/hggjam/GameJamHGGUnreal4.23.1/GameJamCrew/Saved/Config/Windows/Scalability.ini]
[2025.09.26-18.13.29:625][  0]LogConfig: Setting CVar [[r.PostProcessAAQuality:4]]
[2025.09.26-18.13.29:625][  0]LogConfig: Applying CVar settings from Section [ShadowQuality@3] File [E:/GameDev/hggjam/GameJamHGGUnreal4.23.1/GameJamCrew/Saved/Config/Windows/Scalability.ini]
[2025.09.26-18.13.29:625][  0]LogConfig: Setting CVar [[r.LightFunctionQuality:1]]
[2025.09.26-18.13.29:625][  0]LogConfig: Setting CVar [[r.ShadowQuality:5]]
[2025.09.26-18.13.29:625][  0]LogConfig: Setting CVar [[r.Shadow.CSM.MaxCascades:10]]
[2025.09.26-18.13.29:625][  0]LogConfig: Setting CVar [[r.Shadow.MaxResolution:2048]]
[2025.09.26-18.13.29:625][  0]LogConfig: Setting CVar [[r.Shadow.MaxCSMResolution:2048]]
[2025.09.26-18.13.29:625][  0]LogConfig: Setting CVar [[r.Shadow.RadiusThreshold:0.01]]
[2025.09.26-18.13.29:625][  0]LogConfig: Setting CVar [[r.Shadow.DistanceScale:1.0]]
[2025.09.26-18.13.29:625][  0]LogConfig: Setting CVar [[r.Shadow.CSM.TransitionScale:1.0]]
[2025.09.26-18.13.29:625][  0]LogConfig: Setting CVar [[r.Shadow.PreShadowResolutionFactor:1.0]]
[2025.09.26-18.13.29:625][  0]LogConfig: Setting CVar [[r.DistanceFieldShadowing:1]]
[2025.09.26-18.13.29:625][  0]LogConfig: Setting CVar [[r.DistanceFieldAO:1]]
[2025.09.26-18.13.29:625][  0]LogConfig: Setting CVar [[r.AOQuality:2]]
[2025.09.26-18.13.29:625][  0]LogConfig: Setting CVar [[r.VolumetricFog:1]]
[2025.09.26-18.13.29:625][  0]LogConfig: Setting CVar [[r.VolumetricFog.GridPixelSize:8]]
[2025.09.26-18.13.29:625][  0]LogConfig: Setting CVar [[r.VolumetricFog.GridSizeZ:128]]
[2025.09.26-18.13.29:625][  0]LogConfig: Setting CVar [[r.VolumetricFog.HistoryMissSupersampleCount:4]]
[2025.09.26-18.13.29:625][  0]LogConfig: Setting CVar [[r.LightMaxDrawDistanceScale:1]]
[2025.09.26-18.13.29:625][  0]LogConfig: Setting CVar [[r.CapsuleShadows:1]]
[2025.09.26-18.13.29:625][  0]LogConfig: Applying CVar settings from Section [PostProcessQuality@3] File [E:/GameDev/hggjam/GameJamHGGUnreal4.23.1/GameJamCrew/Saved/Config/Windows/Scalability.ini]
[2025.09.26-18.13.29:625][  0]LogConfig: Setting CVar [[r.MotionBlurQuality:4]]
[2025.09.26-18.13.29:625][  0]LogConfig: Setting CVar [[r.AmbientOcclusionMipLevelFactor:0.4]]
[2025.09.26-18.13.29:625][  0]LogConfig: Setting CVar [[r.AmbientOcclusionMaxQuality:100]]
[2025.09.26-18.13.29:626][  0]LogConfig: Setting CVar [[r.AmbientOcclusionLevels:-1]]
[2025.09.26-18.13.29:626][  0]LogConfig: Setting CVar [[r.AmbientOcclusionRadiusScale:1.0]]
[2025.09.26-18.13.29:626][  0]LogConfig: Setting CVar [[r.DepthOfFieldQuality:2]]
[2025.09.26-18.13.29:626][  0]LogConfig: Setting CVar [[r.RenderTargetPoolMin:400]]
[2025.09.26-18.13.29:626][  0]LogConfig: Setting CVar [[r.LensFlareQuality:2]]
[2025.09.26-18.13.29:626][  0]LogConfig: Setting CVar [[r.SceneColorFringeQuality:1]]
[2025.09.26-18.13.29:626][  0]LogConfig: Setting CVar [[r.EyeAdaptationQuality:2]]
[2025.09.26-18.13.29:626][  0]LogConfig: Setting CVar [[r.BloomQuality:5]]
[2025.09.26-18.13.29:626][  0]LogConfig: Setting CVar [[r.FastBlurThreshold:100]]
[2025.09.26-18.13.29:626][  0]LogConfig: Setting CVar [[r.Upscale.Quality:3]]
[2025.09.26-18.13.29:626][  0]LogConfig: Setting CVar [[r.Tonemapper.GrainQuantization:1]]
[2025.09.26-18.13.29:626][  0]LogConfig: Setting CVar [[r.LightShaftQuality:1]]
[2025.09.26-18.13.29:626][  0]LogConfig: Setting CVar [[r.Filter.SizeScale:1]]
[2025.09.26-18.13.29:626][  0]LogConfig: Setting CVar [[r.Tonemapper.Quality:5]]
[2025.09.26-18.13.29:626][  0]LogConfig: Setting CVar [[r.DOF.Gather.AccumulatorQuality:1        ; higher gathering accumulator quality]]
[2025.09.26-18.13.29:626][  0]LogConfig: Setting CVar [[r.DOF.Gather.PostfilterMethod:1          ; Median3x3 postfilering method]]
[2025.09.26-18.13.29:626][  0]LogConfig: Setting CVar [[r.DOF.Gather.EnableBokehSettings:0       ; no bokeh simulation when gathering]]
[2025.09.26-18.13.29:626][  0]LogConfig: Setting CVar [[r.DOF.Gather.RingCount:4                 ; medium number of samples when gathering]]
[2025.09.26-18.13.29:626][  0]LogConfig: Setting CVar [[r.DOF.Scatter.ForegroundCompositing:1    ; additive foreground scattering]]
[2025.09.26-18.13.29:626][  0]LogConfig: Setting CVar [[r.DOF.Scatter.BackgroundCompositing:2    ; additive background scattering]]
[2025.09.26-18.13.29:626][  0]LogConfig: Setting CVar [[r.DOF.Scatter.EnableBokehSettings:1      ; bokeh simulation when scattering]]
[2025.09.26-18.13.29:626][  0]LogConfig: Setting CVar [[r.DOF.Scatter.MaxSpriteRatio:0.1         ; only a maximum of 10% of scattered bokeh]]
[2025.09.26-18.13.29:626][  0]LogConfig: Setting CVar [[r.DOF.Recombine.Quality:1                ; cheap slight out of focus]]
[2025.09.26-18.13.29:626][  0]LogConfig: Setting CVar [[r.DOF.Recombine.EnableBokehSettings:0    ; no bokeh simulation on slight out of focus]]
[2025.09.26-18.13.29:626][  0]LogConfig: Setting CVar [[r.DOF.TemporalAAQuality:1                ; more stable temporal accumulation]]
[2025.09.26-18.13.29:626][  0]LogConfig: Setting CVar [[r.DOF.Kernel.MaxForegroundRadius:0.025]]
[2025.09.26-18.13.29:626][  0]LogConfig: Setting CVar [[r.DOF.Kernel.MaxBackgroundRadius:0.025]]
[2025.09.26-18.13.29:626][  0]LogConfig: Applying CVar settings from Section [TextureQuality@3] File [E:/GameDev/hggjam/GameJamHGGUnreal4.23.1/GameJamCrew/Saved/Config/Windows/Scalability.ini]
[2025.09.26-18.13.29:626][  0]LogConfig: Setting CVar [[r.Streaming.MipBias:0]]
[2025.09.26-18.13.29:626][  0]LogConfig: Setting CVar [[r.Streaming.AmortizeCPUToGPUCopy:0]]
[2025.09.26-18.13.29:626][  0]LogConfig: Setting CVar [[r.Streaming.MaxNumTexturesToStreamPerFrame:0]]
[2025.09.26-18.13.29:626][  0]LogConfig: Setting CVar [[r.Streaming.Boost:1]]
[2025.09.26-18.13.29:626][  0]LogConfig: Setting CVar [[r.MaxAnisotropy:8]]
[2025.09.26-18.13.29:626][  0]LogConfig: Setting CVar [[r.Streaming.LimitPoolSizeToVRAM:0]]
[2025.09.26-18.13.29:626][  0]LogConfig: Setting CVar [[r.Streaming.PoolSize:1000]]
[2025.09.26-18.13.29:626][  0]LogConfig: Setting CVar [[r.Streaming.MaxEffectiveScreenSize:0]]
[2025.09.26-18.13.29:626][  0]LogConfig: Applying CVar settings from Section [EffectsQuality@3] File [E:/GameDev/hggjam/GameJamHGGUnreal4.23.1/GameJamCrew/Saved/Config/Windows/Scalability.ini]
[2025.09.26-18.13.29:626][  0]LogConfig: Setting CVar [[r.TranslucencyLightingVolumeDim:64]]
[2025.09.26-18.13.29:626][  0]LogConfig: Setting CVar [[r.RefractionQuality:2]]
[2025.09.26-18.13.29:626][  0]LogConfig: Setting CVar [[r.SSR.Quality:3]]
[2025.09.26-18.13.29:626][  0]LogConfig: Setting CVar [[r.SceneColorFormat:4]]
[2025.09.26-18.13.29:626][  0]LogConfig: Setting CVar [[r.DetailMode:2]]
[2025.09.26-18.13.29:626][  0]LogConfig: Setting CVar [[r.TranslucencyVolumeBlur:1]]
[2025.09.26-18.13.29:626][  0]LogConfig: Setting CVar [[r.MaterialQualityLevel:1 ; High quality]]
[2025.09.26-18.13.29:626][  0]LogConfig: Setting CVar [[r.SSS.Scale:1]]
[2025.09.26-18.13.29:626][  0]LogConfig: Setting CVar [[r.SSS.SampleSet:2]]
[2025.09.26-18.13.29:626][  0]LogConfig: Setting CVar [[r.SSS.Quality:1]]
[2025.09.26-18.13.29:626][  0]LogConfig: Setting CVar [[r.SSS.HalfRes:1]]
[2025.09.26-18.13.29:626][  0]LogConfig: Setting CVar [[r.EmitterSpawnRateScale:1.0]]
[2025.09.26-18.13.29:626][  0]LogConfig: Setting CVar [[r.ParticleLightQuality:2]]
[2025.09.26-18.13.29:626][  0]LogConfig: Applying CVar settings from Section [FoliageQuality@3] File [E:/GameDev/hggjam/GameJamHGGUnreal4.23.1/GameJamCrew/Saved/Config/Windows/Scalability.ini]
[2025.09.26-18.13.29:626][  0]LogConfig: Setting CVar [[foliage.DensityScale:1.0]]
[2025.09.26-18.13.29:626][  0]LogConfig: Setting CVar [[grass.DensityScale:1.0]]
[2025.09.26-18.13.29:626][  0]LogConfig: Applying CVar settings from Section [Startup] File [../../../Engine/Config/ConsoleVariables.ini]
[2025.09.26-18.13.29:626][  0]LogConfig: Setting CVar [[net.UseAdaptiveNetUpdateFrequency:0]]
[2025.09.26-18.13.29:626][  0]LogConfig: Setting CVar [[p.chaos.AllowCreatePhysxBodies:1]]
[2025.09.26-18.13.29:626][  0]LogConfig: Applying CVar settings from Section [ConsoleVariables] File [E:/GameDev/hggjam/GameJamHGGUnreal4.23.1/GameJamCrew/Saved/Config/Windows/Engine.ini]
[2025.09.26-18.13.29:626][  0]LogInit: Computer: CECOMAIN
[2025.09.26-18.13.29:626][  0]LogInit: User: Цветан
[2025.09.26-18.13.29:626][  0]LogInit: CPU Page size=4096, Cores=8
[2025.09.26-18.13.29:626][  0]LogInit: High frequency timer resolution =10.000000 MHz
[2025.09.26-18.13.29:626][  0]LogMemory: Memory total: Physical=61.6GB (62GB approx)
[2025.09.26-18.13.29:626][  0]LogMemory: Platform Memory Stats for Windows
[2025.09.26-18.13.29:626][  0]LogMemory: Process Physical Memory: 108.55 MB used, 108.55 MB peak
[2025.09.26-18.13.29:626][  0]LogMemory: Process Virtual Memory: 100.84 MB used, 100.84 MB peak
[2025.09.26-18.13.29:626][  0]LogMemory: Physical Memory: 20824.20 MB used,  42239.15 MB free, 63063.35 MB total
[2025.09.26-18.13.29:626][  0]LogMemory: Virtual Memory: 4713.26 MB used,  134213016.00 MB free, 134217728.00 MB total
[2025.09.26-18.13.29:628][  0]LogWindows: WindowsPlatformFeatures enabled
[2025.09.26-18.13.29:650][  0]LogInit: Using OS detected language (en-GB).
[2025.09.26-18.13.29:650][  0]LogInit: Using OS detected locale (en-US).
[2025.09.26-18.13.29:650][  0]LogTextLocalizationManager: No specific localization for 'en-GB' exists, so the 'en' localization will be used.
[2025.09.26-18.13.29:733][  0]LogInit: Setting process to per monitor DPI aware
[2025.09.26-18.13.29:763][  0]LogSlate: New Slate User Created.  User Index 0, Is Virtual User: 0
[2025.09.26-18.13.29:763][  0]LogSlate: Slate User Registered.  User Index 0, Is Virtual User: 0
[2025.09.26-18.13.29:827][  0]LogHMD: Failed to initialize OpenVR with code 110
[2025.09.26-18.13.29:827][  0]LogD3D11RHI: D3D11 adapters:
[2025.09.26-18.13.29:937][  0]LogD3D11RHI:    0. 'NVIDIA GeForce RTX 5070' (Feature Level 11_0)
[2025.09.26-18.13.29:937][  0]LogD3D11RHI:       11855/0/31531 MB DedicatedVideo/DedicatedSystem/SharedSystem, Outputs:2, VendorId:0x10de
[2025.09.26-18.13.29:975][  0]LogD3D11RHI:    1. 'AMD Radeon(TM) Graphics' (Feature Level 11_0)
[2025.09.26-18.13.29:975][  0]LogD3D11RHI:       2021/0/31531 MB DedicatedVideo/DedicatedSystem/SharedSystem, Outputs:0, VendorId:0x1002
[2025.09.26-18.13.29:977][  0]LogD3D11RHI:    2. 'Microsoft Basic Render Driver' (Feature Level 11_0)
[2025.09.26-18.13.29:977][  0]LogD3D11RHI:       0/0/31531 MB DedicatedVideo/DedicatedSystem/SharedSystem, Outputs:0, VendorId:0x1414
[2025.09.26-18.13.29:977][  0]LogD3D11RHI: Chosen D3D11 Adapter: 0
[2025.09.26-18.13.29:985][  0]LogD3D11RHI: Creating new Direct3DDevice
[2025.09.26-18.13.29:985][  0]LogD3D11RHI:     GPU DeviceId: 0x2f04 (for the marketing name, search the web for "GPU Device Id")
[2025.09.26-18.13.29:985][  0]LogWindows: EnumDisplayDevices:
[2025.09.26-18.13.29:985][  0]LogWindows:    0. 'NVIDIA GeForce RTX 5070' (P:1 D:1)
[2025.09.26-18.13.29:985][  0]LogWindows:    1. 'NVIDIA GeForce RTX 5070' (P:0 D:1)
[2025.09.26-18.13.29:985][  0]LogWindows:    2. 'NVIDIA GeForce RTX 5070' (P:0 D:0)
[2025.09.26-18.13.29:985][  0]LogWindows:    3. 'NVIDIA GeForce RTX 5070' (P:0 D:0)
[2025.09.26-18.13.29:985][  0]LogWindows:    4. 'AMD Radeon(TM) Graphics' (P:0 D:0)
[2025.09.26-18.13.29:985][  0]LogWindows:    5. 'AMD Radeon(TM) Graphics' (P:0 D:0)
[2025.09.26-18.13.29:986][  0]LogWindows:    6. 'AMD Radeon(TM) Graphics' (P:0 D:0)
[2025.09.26-18.13.29:986][  0]LogWindows:    7. 'AMD Radeon(TM) Graphics' (P:0 D:0)
[2025.09.26-18.13.29:986][  0]LogWindows:    8. 'AMD Radeon(TM) Graphics' (P:0 D:0)
[2025.09.26-18.13.29:986][  0]LogWindows: DebugString: PrimaryIsNotTheChoosenAdapter PrimaryIsNotTheChoosenAdapter PrimaryIsNotTheChoosenAdapter PrimaryIsNotTheChoosenAdapter PrimaryIsNotTheChoosenAdapter FoundDriverCount:4 
[2025.09.26-18.13.29:986][  0]LogD3D11RHI:     Adapter Name: NVIDIA GeForce RTX 5070
[2025.09.26-18.13.29:986][  0]LogD3D11RHI:   Driver Version: 581.15 (internal:32.0.15.8115, unified:581.15)
[2025.09.26-18.13.29:986][  0]LogD3D11RHI:      Driver Date: 8-21-2025
[2025.09.26-18.13.29:986][  0]LogRHI: Texture pool is 8298 MB (70% of 11855 MB)
[2025.09.26-18.13.30:066][  0]LogD3D11RHI: Async texture creation enabled
[2025.09.26-18.13.30:081][  0]LogD3D11RHI: GPU Timing Frequency: 1000.000000 (Debug: 2 2)
[2025.09.26-18.13.30:253][  0]LogTemp: Display: Module 'AllDesktopTargetPlatform' loaded TargetPlatform 'AllDesktop'
[2025.09.26-18.13.30:257][  0]LogTemp: Display: Module 'MacClientTargetPlatform' loaded TargetPlatform 'MacClient'
[2025.09.26-18.13.30:260][  0]LogTemp: Display: Module 'MacNoEditorTargetPlatform' loaded TargetPlatform 'MacNoEditor'
[2025.09.26-18.13.30:264][  0]LogTemp: Display: Module 'MacServerTargetPlatform' loaded TargetPlatform 'MacServer'
[2025.09.26-18.13.30:268][  0]LogTemp: Display: Module 'MacTargetPlatform' loaded TargetPlatform 'Mac'
[2025.09.26-18.13.30:272][  0]LogTemp: Display: Module 'WindowsClientTargetPlatform' loaded TargetPlatform 'WindowsClient'
[2025.09.26-18.13.30:276][  0]LogTemp: Display: Module 'WindowsNoEditorTargetPlatform' loaded TargetPlatform 'WindowsNoEditor'
[2025.09.26-18.13.30:280][  0]LogTemp: Display: Module 'WindowsServerTargetPlatform' loaded TargetPlatform 'WindowsServer'
[2025.09.26-18.13.30:283][  0]LogTemp: Display: Module 'WindowsTargetPlatform' loaded TargetPlatform 'Windows'
[2025.09.26-18.13.30:299][  0]LogTemp: Display: Module 'AndroidTargetPlatform' loaded TargetPlatform 'Android'
[2025.09.26-18.13.30:299][  0]LogTemp: Display: Module 'AndroidTargetPlatform' loaded TargetPlatform 'Android_ASTC'
[2025.09.26-18.13.30:299][  0]LogTemp: Display: Module 'AndroidTargetPlatform' loaded TargetPlatform 'Android_ATC'
[2025.09.26-18.13.30:299][  0]LogTemp: Display: Module 'AndroidTargetPlatform' loaded TargetPlatform 'Android_DXT'
[2025.09.26-18.13.30:299][  0]LogTemp: Display: Module 'AndroidTargetPlatform' loaded TargetPlatform 'Android_ETC1'
[2025.09.26-18.13.30:299][  0]LogTemp: Display: Module 'AndroidTargetPlatform' loaded TargetPlatform 'Android_ETC1a'
[2025.09.26-18.13.30:299][  0]LogTemp: Display: Module 'AndroidTargetPlatform' loaded TargetPlatform 'Android_ETC2'
[2025.09.26-18.13.30:299][  0]LogTemp: Display: Module 'AndroidTargetPlatform' loaded TargetPlatform 'Android_PVRTC'
[2025.09.26-18.13.30:299][  0]LogTemp: Display: Module 'AndroidTargetPlatform' loaded TargetPlatform 'AndroidClient'
[2025.09.26-18.13.30:299][  0]LogTemp: Display: Module 'AndroidTargetPlatform' loaded TargetPlatform 'Android_ASTCClient'
[2025.09.26-18.13.30:299][  0]LogTemp: Display: Module 'AndroidTargetPlatform' loaded TargetPlatform 'Android_ATCClient'
[2025.09.26-18.13.30:299][  0]LogTemp: Display: Module 'AndroidTargetPlatform' loaded TargetPlatform 'Android_DXTClient'
[2025.09.26-18.13.30:299][  0]LogTemp: Display: Module 'AndroidTargetPlatform' loaded TargetPlatform 'Android_ETC1Client'
[2025.09.26-18.13.30:299][  0]LogTemp: Display: Module 'AndroidTargetPlatform' loaded TargetPlatform 'Android_ETC1aClient'
[2025.09.26-18.13.30:299][  0]LogTemp: Display: Module 'AndroidTargetPlatform' loaded TargetPlatform 'Android_ETC2Client'
[2025.09.26-18.13.30:299][  0]LogTemp: Display: Module 'AndroidTargetPlatform' loaded TargetPlatform 'Android_PVRTCClient'
[2025.09.26-18.13.30:299][  0]LogTemp: Display: Module 'AndroidTargetPlatform' loaded TargetPlatform 'Android_Multi'
[2025.09.26-18.13.30:299][  0]LogTemp: Display: Module 'AndroidTargetPlatform' loaded TargetPlatform 'Android_MultiClient'
[2025.09.26-18.13.30:300][  0]LogTemp: Display: Module 'HTML5TargetPlatform' loaded TargetPlatform 'HTML5'
[2025.09.26-18.13.30:309][  0]LogTemp: Display: Module 'IOSTargetPlatform' loaded TargetPlatform 'IOSClient'
[2025.09.26-18.13.30:309][  0]LogTemp: Display: Module 'IOSTargetPlatform' loaded TargetPlatform 'IOS'
[2025.09.26-18.13.30:315][  0]LogTemp: Display: Module 'TVOSTargetPlatform' loaded TargetPlatform 'TVOSClient'
[2025.09.26-18.13.30:315][  0]LogTemp: Display: Module 'TVOSTargetPlatform' loaded TargetPlatform 'TVOS'
[2025.09.26-18.13.30:319][  0]LogTemp: Display: Module 'LinuxClientTargetPlatform' loaded TargetPlatform 'LinuxClient'
[2025.09.26-18.13.30:321][  0]LogTemp: Display: Module 'LinuxNoEditorTargetPlatform' loaded TargetPlatform 'LinuxNoEditor'
[2025.09.26-18.13.30:325][  0]LogTemp: Display: Module 'LinuxServerTargetPlatform' loaded TargetPlatform 'LinuxServer'
[2025.09.26-18.13.30:329][  0]LogTemp: Display: Module 'LinuxTargetPlatform' loaded TargetPlatform 'Linux'
[2025.09.26-18.13.30:340][  0]LogTemp: Display: Module 'LuminTargetPlatform' loaded TargetPlatform 'Lumin'
[2025.09.26-18.13.30:340][  0]LogTemp: Display: Module 'LuminTargetPlatform' loaded TargetPlatform 'LuminClient'
[2025.09.26-18.13.30:340][  0]LogTargetPlatformManager: Display: Building Assets For Windows
[2025.09.26-18.13.30:344][  0]LogAudioDebug: Display: Lib vorbis DLL was dynamically loaded.
[2025.09.26-18.13.30:365][  0]LogShaderCompilers: Guid format shader working directory is -6 characters bigger than the processId version (E:/GameDev/hggjam/GameJamHGGUnreal4.23.1/GameJamCrew/Intermediate/Shaders/WorkingDirectory/24800/).
[2025.09.26-18.13.30:365][  0]LogShaderCompilers: Cleaned the shader compiler working directory 'C:/Users/Цветан/AppData/Local/Temp/UnrealShaderWorkingDir/4D5027294E996E3FE5CFC58E443B668C/'.
[2025.09.26-18.13.30:366][  0]LogXGEController: Cannot use XGE Controller as Incredibuild is not installed on this machine.
[2025.09.26-18.13.30:366][  0]LogShaderCompilers: Cannot use XGE Shader Compiler as Incredibuild is not installed on this machine.
[2025.09.26-18.13.30:366][  0]LogShaderCompilers: Display: Using Local Shader Compiler.
[2025.09.26-18.13.30:628][  0]LogDerivedDataCache: Display: Max Cache Size: 512 MB
[2025.09.26-18.13.30:662][  0]LogDerivedDataCache: Loaded boot cache 0.03s 73MB C:/Users/Цветан/AppData/Local/UnrealEngine/4.23/DerivedDataCache/Boot.ddc.
[2025.09.26-18.13.30:662][  0]LogDerivedDataCache: Display: Loaded Boot cache: C:/Users/Цветан/AppData/Local/UnrealEngine/4.23/DerivedDataCache/Boot.ddc
[2025.09.26-18.13.30:662][  0]LogDerivedDataCache: FDerivedDataBackendGraph:  Pak pak cache file E:/GameDev/hggjam/GameJamHGGUnreal4.23.1/GameJamCrew/DerivedDataCache/DDC.ddp not found, will not use a pak cache.
[2025.09.26-18.13.30:662][  0]LogDerivedDataCache: Unable to find inner node Pak for hierarchical cache Hierarchy.
[2025.09.26-18.13.30:662][  0]LogDerivedDataCache: FDerivedDataBackendGraph:  CompressedPak pak cache file E:/GameDev/hggjam/GameJamHGGUnreal4.23.1/GameJamCrew/DerivedDataCache/Compressed.ddp not found, will not use a pak cache.
[2025.09.26-18.13.30:662][  0]LogDerivedDataCache: Unable to find inner node CompressedPak for hierarchical cache Hierarchy.
[2025.09.26-18.13.30:670][  0]LogDerivedDataCache: Display: Pak cache opened for reading ../../../Engine/DerivedDataCache/Compressed.ddp.
[2025.09.26-18.13.30:670][  0]LogDerivedDataCache: FDerivedDataBackendGraph:  EnterprisePak pak cache file ../../../Enterprise/DerivedDataCache/Compressed.ddp not found, will not use a pak cache.
[2025.09.26-18.13.30:670][  0]LogDerivedDataCache: Unable to find inner node EnterprisePak for hierarchical cache Hierarchy.
[2025.09.26-18.13.30:670][  0]LogDerivedDataCache: Using Local data cache path C:/Users/Цветан/AppData/Local/UnrealEngine/Common/DerivedDataCache: Writable
[2025.09.26-18.13.30:670][  0]LogDerivedDataCache: Shared data cache path not found in *engine.ini, will not use an Shared cache.
[2025.09.26-18.13.30:670][  0]LogDerivedDataCache: Unable to find inner node Shared for hierarchical cache Hierarchy.
[2025.09.26-18.13.30:681][  0]LogMaterial: Verifying Global Shaders for PCD3D_SM5
[2025.09.26-18.13.30:683][  0]LogSlate: Using FreeType 2.6.0
[2025.09.26-18.13.30:683][  0]LogSlate: SlateFontServices - WITH_FREETYPE: 1, WITH_HARFBUZZ: 1
[2025.09.26-18.13.30:710][  0]LogAssetRegistry: FAssetRegistry took 0.0015 seconds to start up
[2025.09.26-18.13.30:841][  0]LogInit: Selected Device Profile: [Windows]
[2025.09.26-18.13.30:904][  0]LogMeshReduction: Using QuadricMeshReduction for automatic static mesh reduction
[2025.09.26-18.13.30:904][  0]LogMeshReduction: Using SimplygonMeshReduction for automatic skeletal mesh reduction
[2025.09.26-18.13.30:904][  0]LogMeshReduction: Using ProxyLODMeshReduction for automatic mesh merging
[2025.09.26-18.13.30:904][  0]LogMeshReduction: No distributed automatic mesh merging module available
[2025.09.26-18.13.30:904][  0]LogMeshMerging: No distributed automatic mesh merging module available
[2025.09.26-18.13.30:910][  0]LogNetVersion: GameJamCrew 1.0.0, NetCL: 8386587, EngineNetVer: 11, GameNetVer: 0 (Checksum: 118800057)
[2025.09.26-18.13.31:071][  0]LogPackageLocalizationCache: Processed 12 localized package path(s) for 1 prioritized culture(s) in 0.012760 seconds
[2025.09.26-18.13.31:075][  0]LogUObjectArray: 43444 objects as part of root set at end of initial load.
[2025.09.26-18.13.31:075][  0]LogUObjectAllocator: 7548648 out of 0 bytes used by permanent object pool.
[2025.09.26-18.13.31:075][  0]LogUObjectArray: CloseDisregardForGC: 0/0 objects in disregard for GC pool
[2025.09.26-18.13.31:430][  0]LogTcpMessaging: Initializing TcpMessaging bridge
[2025.09.26-18.13.31:431][  0]LogUdpMessaging: Initializing bridge on interface 0.0.0.0:0 to multicast group 230.0.0.1:6666.
[2025.09.26-18.13.31:453][  0]SourceControl: Source control is disabled
[2025.09.26-18.13.31:453][  0]SourceControl: Source control is disabled
[2025.09.26-18.13.31:454][  0]SourceControl: Source control is disabled
[2025.09.26-18.13.31:454][  0]SourceControl: Source control is disabled
[2025.09.26-18.13.31:492][  0]LogAndroidPermission: UAndroidPermissionCallbackProxy::GetInstance
[2025.09.26-18.13.31:553][  0]LogOcInput: OculusInput pre-init called
[2025.09.26-18.13.31:555][  0]LogWindows: Failed to load 'OVRPlugin.dll' (GetLastError=126)
[2025.09.26-18.13.31:555][  0]LogWindows: File 'OVRPlugin.dll' does not exist
[2025.09.26-18.13.31:586][  0]LogEngine: Initializing Engine...
[2025.09.26-18.13.31:587][  0]LogHMD: Failed to initialize OpenVR with code 110
[2025.09.26-18.13.31:587][  0]LogStats: UGameplayTagsManager::InitializeManager -  0.000 s
[2025.09.26-18.13.31:661][  0]LogInit: Initializing FReadOnlyCVARCache
[2025.09.26-18.13.31:668][  0]LogAIModule: Creating AISystem for world Untitled
[2025.09.26-18.13.31:678][  0]LogInit: XAudio2 using 'Speakers (PRO)' : 2 channels at 48 kHz using 16 bits per sample (channel mask 0x3)
[2025.09.26-18.13.31:688][  0]LogInit: FAudioDevice initialized.
[2025.09.26-18.13.31:688][  0]LogNetVersion: Set ProjectVersion to 1.0.0.0. Version Checksum will be recalculated on next use.
[2025.09.26-18.13.31:718][  0]LogDerivedDataCache: Saved boot cache 0.03s 73MB C:/Users/Цветан/AppData/Local/UnrealEngine/4.23/DerivedDataCache/Boot.ddc.
[2025.09.26-18.13.31:721][  0]LogInit: Texture streaming: Enabled
[2025.09.26-18.13.31:730][  0]LogEngineSessionManager: EngineSessionManager initialized
[2025.09.26-18.13.31:730][  0]LogEditorSessionSummary: Verbose: Initializing EditorSessionSummaryWriter for editor session tracking
[2025.09.26-18.13.31:730][  0]LogEditorSessionSummary: EditorSessionSummaryWriter initialized
[2025.09.26-18.13.31:750][  0]LogInit: Transaction tracking system initialized
[2025.09.26-18.13.31:764][  0]BlueprintLog: New page: Editor Load
[2025.09.26-18.13.31:796][  0]LocalizationService: Localization service is disabled
[2025.09.26-18.13.31:888][  0]LogFileCache: Scanning file cache for directory 'E:/GameDev/hggjam/GameJamHGGUnreal4.23.1/GameJamCrew/Content/' took 0.00s
[2025.09.26-18.13.31:888][  0]LogCook: Display: Max memory allowance for cook 16384mb min free memory 0mb
[2025.09.26-18.13.31:888][  0]LogCook: Display: Mobile HDR setting 1
[2025.09.26-18.13.31:967][  0]SourceControl: Source control is disabled
[2025.09.26-18.13.31:967][  0]Cmd: MAP LOAD FILE="E:/GameDev/hggjam/GameJamHGGUnreal4.23.1/GameJamCrew/Content/ThirdPersonBP/Maps/ThirdPersonExampleMap.umap" TEMPLATE=0 SHOWPROGRESS=1 FEATURELEVEL=3
[2025.09.26-18.13.31:967][  0]LightingResults: New page: Lighting Build
[2025.09.26-18.13.31:968][  0]LogWorld: UWorld::CleanupWorld for Untitled, bSessionEnded=true, bCleanupResources=true
[2025.09.26-18.13.31:969][  0]MapCheck: New page: Map Check
[2025.09.26-18.13.31:969][  0]LightingResults: New page: Lighting Build
[2025.09.26-18.13.31:989][  0]LogUObjectHash: Compacting FUObjectHashTables data took   0.82ms
[2025.09.26-18.13.32:028][  0]LogLinker: Warning: While loading 'E:/GameDev/hggjam/GameJamHGGUnreal4.23.1/GameJamCrew/Content/ThirdPersonBP/Maps/ThirdPersonExampleMap.umap' failed to load '/Game/ThirdPersonBP/Maps/ThirdPersonExampleMap_BuiltData': Can't find file.
[2025.09.26-18.13.32:028][  0]LogLinker: Warning: While loading 'E:/GameDev/hggjam/GameJamHGGUnreal4.23.1/GameJamCrew/Content/ThirdPersonBP/Maps/ThirdPersonExampleMap.umap' failed to load '/Game/ThirdPersonBP/Maps/ThirdPersonExampleMap_BuiltData': Can't find file.
[2025.09.26-18.13.32:031][  0]LogLinker: Warning: While loading 'E:/GameDev/hggjam/GameJamHGGUnreal4.23.1/GameJamCrew/Content/ThirdPersonBP/Maps/ThirdPersonExampleMap.umap' failed to load '/Game/ThirdPersonBP/Maps/ThirdPersonExampleMap_BuiltData': Can't find file.
[2025.09.26-18.13.32:031][  0]LogLinker: Warning: While loading 'E:/GameDev/hggjam/GameJamHGGUnreal4.23.1/GameJamCrew/Content/ThirdPersonBP/Maps/ThirdPersonExampleMap.umap' failed to load '/Game/ThirdPersonBP/Maps/ThirdPersonExampleMap_BuiltData': Can't find file.
[2025.09.26-18.13.32:031][  0]LogLinker: Warning: Failed to load '/Game/ThirdPersonBP/Maps/ThirdPersonExampleMap_BuiltData': Can't find file.
[2025.09.26-18.13.32:031][  0]LogLinker: Warning: Failed to load '/Game/ThirdPersonBP/Maps/ThirdPersonExampleMap_BuiltData': Can't find file.
[2025.09.26-18.13.32:031][  0]LogLinker: Warning: Failed to load '/Game/ThirdPersonBP/Maps/ThirdPersonExampleMap_BuiltData': Can't find file.
[2025.09.26-18.13.32:031][  0]LogLinker: Warning: Failed to load '/Game/ThirdPersonBP/Maps/ThirdPersonExampleMap_BuiltData': Can't find file.
[2025.09.26-18.13.32:035][  0]LogLinker: Warning: While loading 'E:/GameDev/hggjam/GameJamHGGUnreal4.23.1/GameJamCrew/Content/ThirdPersonBP/Maps/ThirdPersonExampleMap.umap' failed to load '/Game/ThirdPersonBP/Maps/ThirdPersonExampleMap_BuiltData': Can't find file.
[2025.09.26-18.13.32:035][  0]LoadErrors: Failed to load /Game/ThirdPersonBP/Maps/ThirdPersonExampleMap_BuiltData.ThirdPersonExampleMap_BuiltData Referenced by PersistentLevel
[2025.09.26-18.13.32:035][  0]LogLinker: Warning: While loading 'E:/GameDev/hggjam/GameJamHGGUnreal4.23.1/GameJamCrew/Content/ThirdPersonBP/Maps/ThirdPersonExampleMap.umap' failed to load '/Game/ThirdPersonBP/Maps/ThirdPersonExampleMap_BuiltData': Can't find file.
[2025.09.26-18.13.32:035][  0]LoadErrors: Failed to load /Game/ThirdPersonBP/Maps/ThirdPersonExampleMap_BuiltData.ThirdPersonExampleMap_BuiltData Referenced by PersistentLevel
[2025.09.26-18.13.32:050][  0]LogAIModule: Creating AISystem for world ThirdPersonExampleMap
[2025.09.26-18.13.32:056][  0]LogEditorServer: Finished looking for orphan Actors (0.000 secs)
[2025.09.26-18.13.32:078][  0]LogUObjectHash: Compacting FUObjectHashTables data took   1.05ms
[2025.09.26-18.13.32:078][  0]Cmd: MAP CHECKDEP NOCLEARLOG
[2025.09.26-18.13.32:078][  0]MapCheck: Map check complete: 0 Error(s), 0 Warning(s), took 0.072ms to complete.
[2025.09.26-18.13.32:078][  0]LogFileHelpers: Loading map 'ThirdPersonExampleMap' took 0.111
[2025.09.26-18.13.32:168][  0]LogSlate: Updating window title bar state: overlay mode, drag disabled, window buttons hidden, title bar hidden
[2025.09.26-18.13.32:171][  0]LogSlate: Updating window title bar state: overlay mode, drag disabled, window buttons hidden, title bar hidden
[2025.09.26-18.13.32:174][  0]LogSlate: Updating window title bar state: overlay mode, drag disabled, window buttons hidden, title bar hidden
[2025.09.26-18.13.32:177][  0]LogSlate: Updating window title bar state: overlay mode, drag disabled, window buttons hidden, title bar hidden
[2025.09.26-18.13.32:180][  0]LogSlate: Updating window title bar state: overlay mode, drag disabled, window buttons hidden, title bar hidden
[2025.09.26-18.13.32:183][  0]LogSlate: Updating window title bar state: overlay mode, drag disabled, window buttons hidden, title bar hidden
[2025.09.26-18.13.32:185][  0]LogSlate: Updating window title bar state: overlay mode, drag disabled, window buttons hidden, title bar hidden
[2025.09.26-18.13.32:189][  0]LogSlate: Updating window title bar state: overlay mode, drag disabled, window buttons hidden, title bar hidden
[2025.09.26-18.13.32:192][  0]LogSlate: Updating window title bar state: overlay mode, drag disabled, window buttons hidden, title bar hidden
[2025.09.26-18.13.32:195][  0]LogSlate: Updating window title bar state: overlay mode, drag disabled, window buttons hidden, title bar hidden
[2025.09.26-18.13.32:198][  0]LogSlate: Updating window title bar state: overlay mode, drag disabled, window buttons hidden, title bar hidden
[2025.09.26-18.13.32:201][  0]LogSlate: Updating window title bar state: overlay mode, drag disabled, window buttons hidden, title bar hidden
[2025.09.26-18.13.32:204][  0]LogCollectionManager: Loaded 0 collections in 0.000668 seconds
[2025.09.26-18.13.32:208][  0]LogFileCache: Scanning file cache for directory 'E:/GameDev/hggjam/GameJamHGGUnreal4.23.1/GameJamCrew/Saved/Collections/' took 0.00s
[2025.09.26-18.13.32:208][  0]LogFileCache: Scanning file cache for directory 'E:/GameDev/hggjam/GameJamHGGUnreal4.23.1/GameJamCrew/Content/Developers/Цветан/Collections/' took 0.00s
[2025.09.26-18.13.32:208][  0]LogFileCache: Scanning file cache for directory 'E:/GameDev/hggjam/GameJamHGGUnreal4.23.1/GameJamCrew/Content/Collections/' took 0.00s
[2025.09.26-18.13.32:208][  0]LogCollectionManager: Rebuilt the GUID cache for 0 collections in 0.000001 seconds
[2025.09.26-18.13.32:213][  0]LogContentBrowser: Native class hierarchy populated in 0.0046 seconds. Added 2863 classes and 680 folders.
[2025.09.26-18.13.32:216][  0]LogContentBrowser: Native class hierarchy updated for 'WidgetCarousel' in 0.0001 seconds. Added 0 classes and 0 folders.
[2025.09.26-18.13.32:230][  0]LogContentBrowser: Native class hierarchy updated for 'AddContentDialog' in 0.0001 seconds. Added 0 classes and 0 folders.
[2025.09.26-18.13.32:233][  0]LogContentBrowser: Native class hierarchy updated for 'SceneOutliner' in 0.0001 seconds. Added 1 classes and 2 folders.
[2025.09.26-18.13.32:243][  0]LogSlate: Took 0.000095 seconds to synchronously load lazily loaded font '../../../Engine/Content/Slate/Fonts/Roboto-Regular.ttf' (155K)
[2025.09.26-18.13.32:244][  0]LogSlate: Took 0.000096 seconds to synchronously load lazily loaded font '../../../Engine/Content/Slate/Fonts/Roboto-Bold.ttf' (160K)
[2025.09.26-18.13.32:247][  0]LogSlate: Took 0.000078 seconds to synchronously load lazily loaded font '../../../Engine/Content/Editor/Slate/Fonts/FontAwesome.ttf' (139K)
[2025.09.26-18.13.32:275][  0]LogRenderer: Reallocating scene render targets to support 1636x888 Format 10 NumSamples 1 (Frame:1).
[2025.09.26-18.13.32:299][  0]LogSlate: Took 0.000177 seconds to synchronously load lazily loaded font '../../../Engine/Content/Slate/Fonts/Roboto-Light.ttf' (167K)
[2025.09.26-18.13.32:329][  0]LogContentBrowser: Native class hierarchy updated for 'HierarchicalLODOutliner' in 0.0002 seconds. Added 0 classes and 0 folders.
[2025.09.26-18.13.32:329][  0]LogLoad: (Engine Initialization) Total time: 3.15 seconds
[2025.09.26-18.13.32:329][  0]LogLoad: (Engine Initialization) Total Blueprint compile time: 0.00 seconds
[2025.09.26-18.13.32:363][  0]LogAssetRegistry: Asset discovery search completed in 1.6525 seconds
[2025.09.26-18.13.32:364][  0]LogCollectionManager: Rebuilt the object cache for 0 collections in 0.000003 seconds (found 0 objects)
[2025.09.26-18.13.32:364][  0]LogCollectionManager: Fixed up redirectors for 0 collections in 0.000026 seconds (updated 0 objects)
[2025.09.26-18.13.32:370][  0]LogContentStreaming: Texture pool size now 1000 MB
[2025.09.26-18.13.32:376][  0]LogSlate: FSceneViewport::OnFocusLost() reason 5
[2025.09.26-18.13.32:677][  1]LogFileCache: Retrieving MD5 hashes for directory 'E:/GameDev/hggjam/GameJamHGGUnreal4.23.1/GameJamCrew/Content/' took 0.33s
[2025.09.26-18.13.36:904][156]LogSlate: Window 'Message Log' being destroyed
[2025.09.26-18.13.36:910][156]LogSlate: Window 'Message Log' being destroyed
[2025.09.26-18.13.37:568][233]LogSlate: FSceneViewport::OnFocusLost() reason 5
[2025.09.26-18.13.49:946][714]LogSlate: FSceneViewport::OnFocusLost() reason 5
[2025.09.26-18.13.49:968][714]LogSlate: Took 0.000101 seconds to synchronously load lazily loaded font '../../../Engine/Content/Slate/Fonts/Roboto-Light.ttf' (167K)
[2025.09.26-18.13.50:892][821]LogUObjectHash: Compacting FUObjectHashTables data took   0.39ms
[2025.09.26-18.13.50:893][821]Cmd: MAP LOAD FILE="E:/GameDev/hggjam/GameJamHGGUnreal4.23.1/GameJamCrew/Content/Levels/CheeseFactory_001.umap" TEMPLATE=0 SHOWPROGRESS=1 FEATURELEVEL=3
[2025.09.26-18.13.50:907][821]LightingResults: New page: Lighting Build
[2025.09.26-18.13.50:908][821]LoadErrors: New page: Loading map: CheeseFactory_001.umap
[2025.09.26-18.13.50:908][821]LogWorld: UWorld::CleanupWorld for ThirdPersonExampleMap, bSessionEnded=true, bCleanupResources=true
[2025.09.26-18.13.50:909][821]MapCheck: New page: Map Check
[2025.09.26-18.13.50:909][821]LightingResults: New page: Lighting Build
[2025.09.26-18.13.50:929][821]LogUObjectHash: Compacting FUObjectHashTables data took   0.91ms
[2025.09.26-18.13.51:044][821]LogAIModule: Creating AISystem for world CheeseFactory_001
[2025.09.26-18.13.51:057][821]LogEditorServer: Finished looking for orphan Actors (0.000 secs)
[2025.09.26-18.13.51:081][821]LogUObjectHash: Compacting FUObjectHashTables data took   0.82ms
[2025.09.26-18.13.51:097][821]Cmd: MAP CHECKDEP NOCLEARLOG
[2025.09.26-18.13.51:097][821]MapCheck: Map check complete: 0 Error(s), 0 Warning(s), took 0.098ms to complete.
[2025.09.26-18.13.51:097][821]LogFileHelpers: Loading map 'CheeseFactory_001' took 0.205
[2025.09.26-18.13.51:097][821]LogSlate: Window 'Open Level' being destroyed
[2025.09.26-18.13.51:834][903]LogSlate: FSceneViewport::OnFocusLost() reason 0
[2025.09.26-18.13.52:708][  8]LogEditorViewport: Clicking on Actor (LMB): StaticMeshActor (floor01_2x252)
[2025.09.26-18.14.00:638][953]LogSlate: FSceneViewport::OnFocusLost() reason 0
[2025.09.26-18.14.13:813][122]LogFactory: FactoryCreateFile: Texture with ReimportTextureFactory (0 0 E:\GameDev\hggjam\KlixXsrc\models\car\cat_mixed.tga)
[2025.09.26-18.14.13:815][122]LogTexture: Display: Building textures: cat_mixed (AutoDXT, 512X512)
[2025.09.26-18.14.13:845][122]LogFactory: FactoryCreateFile: Texture with ReimportTextureFactory (0 0 E:\GameDev\hggjam\KlixXsrc\models\car\cat_color.tga)
[2025.09.26-18.14.13:847][122]LogTexture: Display: Building textures: cat_color (AutoDXT, 512X512)
[2025.09.26-18.14.13:868][122]LogFactory: FactoryCreateFile: Texture with ReimportTextureFactory (0 0 E:\GameDev\hggjam\KlixXsrc\models\car\cat_normal.tga)
[2025.09.26-18.14.13:876][122]LogTexture: Display: Building textures: cat_normal (BC5, 512X512)
[2025.09.26-18.14.20:732][869]LogAssetEditorManager: Opening Asset editor for Material /Game/LevelAssets/Materials/cat/M_cat.M_cat
[2025.09.26-18.14.20:735][869]LogMaterial: Display: Missing cached shader map for material M_cat, compiling. 
[2025.09.26-18.14.20:918][869]LogMaterial: Display: Missing cached shader map for material M_cat, compiling. 
[2025.09.26-18.14.20:925][869]LogMaterial: Display: Missing cached shader map for material M_cat, compiling. 
[2025.09.26-18.14.20:975][869]LogShaderCompilers: Display: Worker (1/13): shaders left to compile 21
[2025.09.26-18.14.20:975][869]LogShaderCompilers: Display: Worker (2/13): shaders left to compile 20
[2025.09.26-18.14.20:975][869]LogShaderCompilers: Display: Worker (3/13): shaders left to compile 19
[2025.09.26-18.14.20:975][869]LogShaderCompilers: Display: Worker (4/13): shaders left to compile 18
[2025.09.26-18.14.20:975][869]LogShaderCompilers: Display: Worker (5/13): shaders left to compile 17
[2025.09.26-18.14.20:975][869]LogShaderCompilers: Display: Worker (6/13): shaders left to compile 16
[2025.09.26-18.14.20:975][869]LogShaderCompilers: Display: Worker (7/13): shaders left to compile 15
[2025.09.26-18.14.20:975][869]LogShaderCompilers: Display: Worker (8/13): shaders left to compile 14
[2025.09.26-18.14.20:975][869]LogShaderCompilers: Display: Worker (9/13): shaders left to compile 13
[2025.09.26-18.14.20:975][869]LogShaderCompilers: Display: Worker (10/13): shaders left to compile 12
[2025.09.26-18.14.20:975][869]LogShaderCompilers: Display: Worker (11/13): shaders left to compile 11
[2025.09.26-18.14.20:977][869]LogShaderCompilers: Display: Worker (12/13): shaders left to compile 10
[2025.09.26-18.14.20:977][869]LogSlate: Took 0.007563 seconds to synchronously load lazily loaded font '../../../Engine/Content/Slate/Fonts/Roboto-BoldCondensed.ttf' (158K)
[2025.09.26-18.14.21:241][878]LogShaderCompilers: Display: Worker (8/13): shaders left to compile 9
[2025.09.26-18.14.21:241][878]LogShaderCompilers: Display: Worker (9/13): shaders left to compile 8
[2025.09.26-18.14.21:241][878]LogShaderCompilers: Display: Worker (7/13): shaders left to compile 7
[2025.09.26-18.14.21:282][880]LogShaderCompilers: Display: Worker (1/13): shaders left to compile 6
[2025.09.26-18.14.21:282][880]LogShaderCompilers: Display: Worker (2/13): shaders left to compile 5
[2025.09.26-18.14.21:282][880]LogShaderCompilers: Display: Worker (3/13): shaders left to compile 4
[2025.09.26-18.14.21:282][880]LogShaderCompilers: Display: Worker (4/13): shaders left to compile 3
[2025.09.26-18.14.21:296][881]LogShaderCompilers: Display: Worker (5/13): shaders left to compile 2
[2025.09.26-18.14.21:296][881]LogShaderCompilers: Display: Worker (6/13): shaders left to compile 1
[2025.09.26-18.14.21:585][895]MaterialEditorStats: Base pass shader: 117 instructions
[2025.09.26-18.14.21:585][895]MaterialEditorStats: Base pass shader with Volumetric Lightmap: 191 instructions
[2025.09.26-18.14.21:585][895]MaterialEditorStats: Base pass vertex shader: 40 instructions
[2025.09.26-18.14.21:585][895]MaterialEditorStats: Texture samplers: 3/16
[2025.09.26-18.14.24:262][204]LogMaterial: Display: Missing cached shader map for material M_cat, compiling. 
[2025.09.26-18.14.24:271][204]LogMaterial: Display: Missing cached shader map for material FMatExpressionPreview MaterialExpressionTextureSample_0, compiling. 
[2025.09.26-18.14.24:276][204]LogShaderCompilers: Display: Worker (1/13): shaders left to compile 21
[2025.09.26-18.14.24:276][204]LogShaderCompilers: Display: Worker (2/13): shaders left to compile 20
[2025.09.26-18.14.24:276][204]LogShaderCompilers: Display: Worker (3/13): shaders left to compile 19
[2025.09.26-18.14.24:276][204]LogShaderCompilers: Display: Worker (4/13): shaders left to compile 18
[2025.09.26-18.14.24:276][204]LogShaderCompilers: Display: Worker (5/13): shaders left to compile 17
[2025.09.26-18.14.24:276][204]LogShaderCompilers: Display: Worker (6/13): shaders left to compile 16
[2025.09.26-18.14.24:276][204]LogShaderCompilers: Display: Worker (7/13): shaders left to compile 15
[2025.09.26-18.14.24:276][204]LogShaderCompilers: Display: Worker (8/13): shaders left to compile 14
[2025.09.26-18.14.24:276][204]LogShaderCompilers: Display: Worker (9/13): shaders left to compile 13
[2025.09.26-18.14.24:276][204]LogShaderCompilers: Display: Worker (10/13): shaders left to compile 12
[2025.09.26-18.14.24:276][204]LogShaderCompilers: Display: Worker (11/13): shaders left to compile 11
[2025.09.26-18.14.24:276][204]LogShaderCompilers: Display: Worker (12/13): shaders left to compile 10
[2025.09.26-18.14.24:279][204]LogMaterial: Display: Missing cached shader map for material FMatExpressionPreview MaterialExpressionTextureSample_0, compiling. 
[2025.09.26-18.14.24:291][204]LogMaterial: Display: Missing cached shader map for material M_cat, compiling. 
[2025.09.26-18.14.24:304][204]LogMaterial: Display: Missing cached shader map for material FMatExpressionPreview MaterialExpressionTextureSample_1, compiling. 
[2025.09.26-18.14.24:316][204]LogMaterial: Display: Missing cached shader map for material FMatExpressionPreview MaterialExpressionTextureSample_0, compiling. 
[2025.09.26-18.14.24:321][204]LogMaterial: Display: Missing cached shader map for material FMatExpressionPreview MaterialExpressionTextureSample_1, compiling. 
[2025.09.26-18.14.24:333][204]LogMaterial: Display: Missing cached shader map for material M_cat, compiling. 
[2025.09.26-18.14.24:344][204]LogShaderCompilers: Display: Worker (8/13): shaders left to compile 8
[2025.09.26-18.14.24:346][204]LogMaterial: Display: Missing cached shader map for material FMatExpressionPreview MaterialExpressionTextureSample_2, compiling. 
[2025.09.26-18.14.24:363][204]LogMaterial: Display: Missing cached shader map for material FMatExpressionPreview MaterialExpressionTextureSample_0, compiling. 
[2025.09.26-18.14.24:368][204]LogMaterial: Display: Missing cached shader map for material FMatExpressionPreview MaterialExpressionTextureSample_1, compiling. 
[2025.09.26-18.14.24:373][204]LogMaterial: Display: Missing cached shader map for material FMatExpressionPreview MaterialExpressionTextureSample_2, compiling. 
[2025.09.26-18.14.24:422][205]LogShaderCompilers: Display: Worker (3/13): shaders left to compile 33
[2025.09.26-18.14.24:422][205]LogShaderCompilers: Display: Worker (2/13): shaders left to compile 32
[2025.09.26-18.14.24:422][205]LogShaderCompilers: Display: Worker (9/13): shaders left to compile 31
[2025.09.26-18.14.24:422][205]LogShaderCompilers: Display: Worker (1/13): shaders left to compile 30
[2025.09.26-18.14.24:447][206]LogShaderCompilers: Display: Worker (5/13): shaders left to compile 29
[2025.09.26-18.14.24:447][206]LogShaderCompilers: Display: Worker (6/13): shaders left to compile 28
[2025.09.26-18.14.24:447][206]LogShaderCompilers: Display: Worker (7/13): shaders left to compile 27
[2025.09.26-18.14.24:462][207]LogShaderCompilers: Display: Worker (4/13): shaders left to compile 26
[2025.09.26-18.14.24:525][211]LogShaderCompilers: Display: Worker (12/13): shaders left to compile 25
[2025.09.26-18.14.24:566][214]LogShaderCompilers: Display: Worker (4/13): shaders left to compile 24
[2025.09.26-18.14.24:566][214]LogShaderCompilers: Display: Worker (3/13): shaders left to compile 23
[2025.09.26-18.14.24:581][215]LogShaderCompilers: Display: Worker (10/13): shaders left to compile 22
[2025.09.26-18.14.24:581][215]LogShaderCompilers: Display: Worker (2/13): shaders left to compile 21
[2025.09.26-18.14.24:596][216]LogShaderCompilers: Display: Worker (8/13): shaders left to compile 20
[2025.09.26-18.14.24:596][216]LogShaderCompilers: Display: Worker (11/13): shaders left to compile 19
[2025.09.26-18.14.24:596][216]LogShaderCompilers: Display: Worker (6/13): shaders left to compile 18
[2025.09.26-18.14.24:613][217]LogShaderCompilers: Display: Worker (9/13): shaders left to compile 17
[2025.09.26-18.14.24:613][217]LogShaderCompilers: Display: Worker (5/13): shaders left to compile 16
[2025.09.26-18.14.24:643][219]LogShaderCompilers: Display: Worker (1/13): shaders left to compile 15
[2025.09.26-18.14.24:659][220]LogShaderCompilers: Display: Worker (12/13): shaders left to compile 14
[2025.09.26-18.14.24:659][220]LogShaderCompilers: Display: Worker (7/13): shaders left to compile 13
[2025.09.26-18.14.24:730][224]LogShaderCompilers: Display: Worker (10/13): shaders left to compile 12
[2025.09.26-18.14.24:785][227]LogShaderCompilers: Display: Worker (11/13): shaders left to compile 11
[2025.09.26-18.14.24:817][227]LogShaderCompilers: Display: Worker (5/13): shaders left to compile 10
[2025.09.26-18.14.24:858][230]LogShaderCompilers: Display: Worker (7/13): shaders left to compile 9
[2025.09.26-18.14.24:892][232]LogShaderCompilers: Display: Worker (3/13): shaders left to compile 8
[2025.09.26-18.14.24:892][232]LogShaderCompilers: Display: Worker (4/13): shaders left to compile 7
[2025.09.26-18.14.24:910][233]LogShaderCompilers: Display: Worker (2/13): shaders left to compile 6
[2025.09.26-18.14.24:910][233]LogShaderCompilers: Display: Worker (6/13): shaders left to compile 5
[2025.09.26-18.14.24:910][233]LogShaderCompilers: Display: Worker (8/13): shaders left to compile 4
[2025.09.26-18.14.24:926][234]LogShaderCompilers: Display: Worker (1/13): shaders left to compile 3
[2025.09.26-18.14.24:926][234]LogShaderCompilers: Display: Worker (9/13): shaders left to compile 2
[2025.09.26-18.14.24:941][235]LogShaderCompilers: Display: Worker (12/13): shaders left to compile 1
[2025.09.26-18.14.25:245][258]MaterialEditorStats: Base pass shader: 117 instructions
[2025.09.26-18.14.25:245][258]MaterialEditorStats: Base pass shader with Volumetric Lightmap: 191 instructions
[2025.09.26-18.14.25:245][258]MaterialEditorStats: Base pass vertex shader: 40 instructions
[2025.09.26-18.14.25:245][258]MaterialEditorStats: Texture samplers: 3/16
[2025.09.26-18.14.29:182][722]LogMaterial: Display: Missing cached shader map for material M_cat, compiling. 
[2025.09.26-18.14.29:194][722]LogShaderCompilers: Display: Worker (1/13): shaders left to compile 21
[2025.09.26-18.14.29:194][722]LogShaderCompilers: Display: Worker (2/13): shaders left to compile 20
[2025.09.26-18.14.29:194][722]LogShaderCompilers: Display: Worker (3/13): shaders left to compile 19
[2025.09.26-18.14.29:194][722]LogShaderCompilers: Display: Worker (4/13): shaders left to compile 18
[2025.09.26-18.14.29:194][722]LogShaderCompilers: Display: Worker (5/13): shaders left to compile 17
[2025.09.26-18.14.29:194][722]LogShaderCompilers: Display: Worker (6/13): shaders left to compile 16
[2025.09.26-18.14.29:194][722]LogShaderCompilers: Display: Worker (7/13): shaders left to compile 15
[2025.09.26-18.14.29:194][722]LogShaderCompilers: Display: Worker (8/13): shaders left to compile 14
[2025.09.26-18.14.29:194][722]LogShaderCompilers: Display: Worker (9/13): shaders left to compile 13
[2025.09.26-18.14.29:194][722]LogShaderCompilers: Display: Worker (10/13): shaders left to compile 12
[2025.09.26-18.14.29:194][722]LogShaderCompilers: Display: Worker (11/13): shaders left to compile 11
[2025.09.26-18.14.29:194][722]LogShaderCompilers: Display: Worker (12/13): shaders left to compile 10
[2025.09.26-18.14.29:197][722]LogMaterial: Display: Missing cached shader map for material FMatExpressionPreview MaterialExpressionTextureSample_0, compiling. 
[2025.09.26-18.14.29:307][726]LogShaderCompilers: Display: Worker (8/13): shaders left to compile 13
[2025.09.26-18.14.29:338][728]LogShaderCompilers: Display: Worker (2/13): shaders left to compile 12
[2025.09.26-18.14.29:368][730]LogShaderCompilers: Display: Worker (9/13): shaders left to compile 11
[2025.09.26-18.14.29:368][730]LogShaderCompilers: Display: Worker (3/13): shaders left to compile 10
[2025.09.26-18.14.29:368][730]LogShaderCompilers: Display: Worker (4/13): shaders left to compile 9
[2025.09.26-18.14.29:368][730]LogShaderCompilers: Display: Worker (5/13): shaders left to compile 8
[2025.09.26-18.14.29:368][730]LogShaderCompilers: Display: Worker (6/13): shaders left to compile 7
[2025.09.26-18.14.29:368][730]LogShaderCompilers: Display: Worker (7/13): shaders left to compile 6
[2025.09.26-18.14.29:368][730]LogShaderCompilers: Display: Worker (1/13): shaders left to compile 5
[2025.09.26-18.14.29:384][731]LogShaderCompilers: Display: Worker (12/13): shaders left to compile 4
[2025.09.26-18.14.29:492][737]LogShaderCompilers: Display: Worker (10/13): shaders left to compile 3
[2025.09.26-18.14.29:513][738]LogShaderCompilers: Display: Worker (11/13): shaders left to compile 2
[2025.09.26-18.14.29:571][742]LogShaderCompilers: Display: Worker (9/13): shaders left to compile 1
[2025.09.26-18.14.29:711][751]MaterialEditorStats: Base pass shader: 120 instructions
[2025.09.26-18.14.29:711][751]MaterialEditorStats: Base pass shader with Volumetric Lightmap: 194 instructions
[2025.09.26-18.14.29:711][751]MaterialEditorStats: Base pass vertex shader: 44 instructions
[2025.09.26-18.14.29:711][751]MaterialEditorStats: Texture samplers: 4/16
[2025.09.26-18.14.29:711][751]MaterialEditorStats: Texture Lookups (Est.): VS(0), PS(1)
[2025.09.26-18.14.29:711][751]MaterialEditorStats: User interpolators: 2/4 Scalars (1/4 Vectors) (TexCoords: 2, Custom: 0)
[2025.09.26-18.14.31:654][982]LogMaterial: Display: Missing cached shader map for material M_cat, compiling. 
[2025.09.26-18.14.31:662][982]LogShaderCompilers: Display: Worker (1/13): shaders left to compile 21
[2025.09.26-18.14.31:662][982]LogShaderCompilers: Display: Worker (2/13): shaders left to compile 20
[2025.09.26-18.14.31:662][982]LogShaderCompilers: Display: Worker (3/13): shaders left to compile 19
[2025.09.26-18.14.31:662][982]LogShaderCompilers: Display: Worker (4/13): shaders left to compile 18
[2025.09.26-18.14.31:662][982]LogShaderCompilers: Display: Worker (5/13): shaders left to compile 17
[2025.09.26-18.14.31:662][982]LogShaderCompilers: Display: Worker (6/13): shaders left to compile 16
[2025.09.26-18.14.31:662][982]LogShaderCompilers: Display: Worker (7/13): shaders left to compile 15
[2025.09.26-18.14.31:662][982]LogShaderCompilers: Display: Worker (8/13): shaders left to compile 14
[2025.09.26-18.14.31:662][982]LogShaderCompilers: Display: Worker (9/13): shaders left to compile 13
[2025.09.26-18.14.31:662][982]LogShaderCompilers: Display: Worker (10/13): shaders left to compile 12
[2025.09.26-18.14.31:662][982]LogShaderCompilers: Display: Worker (11/13): shaders left to compile 11
[2025.09.26-18.14.31:662][982]LogShaderCompilers: Display: Worker (12/13): shaders left to compile 10
[2025.09.26-18.14.31:664][982]LogMaterial: Display: Missing cached shader map for material FMatExpressionPreview MaterialExpressionTextureSample_1, compiling. 
[2025.09.26-18.14.31:751][987]LogShaderCompilers: Display: Worker (8/13): shaders left to compile 13
[2025.09.26-18.14.31:833][990]LogShaderCompilers: Display: Worker (1/13): shaders left to compile 12
[2025.09.26-18.14.31:833][990]LogShaderCompilers: Display: Worker (2/13): shaders left to compile 11
[2025.09.26-18.14.31:833][990]LogShaderCompilers: Display: Worker (3/13): shaders left to compile 10
[2025.09.26-18.14.31:833][990]LogShaderCompilers: Display: Worker (6/13): shaders left to compile 9
[2025.09.26-18.14.31:833][990]LogShaderCompilers: Display: Worker (9/13): shaders left to compile 8
[2025.09.26-18.14.31:880][991]LogShaderCompilers: Display: Worker (5/13): shaders left to compile 7
[2025.09.26-18.14.31:880][991]LogShaderCompilers: Display: Worker (7/13): shaders left to compile 6
[2025.09.26-18.14.31:880][991]LogShaderCompilers: Display: Worker (4/13): shaders left to compile 5
[2025.09.26-18.14.31:880][991]LogShaderCompilers: Display: Worker (12/13): shaders left to compile 4
[2025.09.26-18.14.31:982][997]LogShaderCompilers: Display: Worker (10/13): shaders left to compile 3
[2025.09.26-18.14.31:982][997]LogShaderCompilers: Display: Worker (11/13): shaders left to compile 2
[2025.09.26-18.14.32:021][999]LogShaderCompilers: Display: Worker (8/13): shaders left to compile 1
[2025.09.26-18.14.32:146][  7]MaterialEditorStats: Base pass shader: 126 instructions
[2025.09.26-18.14.32:146][  7]MaterialEditorStats: Base pass shader with Volumetric Lightmap: 200 instructions
[2025.09.26-18.14.32:146][  7]MaterialEditorStats: Base pass vertex shader: 44 instructions
[2025.09.26-18.14.32:146][  7]MaterialEditorStats: Texture samplers: 5/16
[2025.09.26-18.14.32:146][  7]MaterialEditorStats: Texture Lookups (Est.): VS(0), PS(2)
[2025.09.26-18.14.32:146][  7]MaterialEditorStats: User interpolators: 2/4 Scalars (1/4 Vectors) (TexCoords: 2, Custom: 0)
[2025.09.26-18.14.32:338][ 29]LogEditorSessionSummary: EditorSessionSummary sent report. Type=Shutdown, SessionId={963A976F-4B97-F630-6CCD-5B92351E40F5}
[2025.09.26-18.14.32:338][ 29]LogEditorSessionSummary: EditorSessionSummary sent report. Type=Shutdown, SessionId={CAF7D19E-4A9A-BBFB-94FB-81AFA580C2DF}
[2025.09.26-18.14.34:813][321]LogMaterial: Display: Missing cached shader map for material M_cat, compiling. 
[2025.09.26-18.14.34:826][321]LogMaterial: Display: Missing cached shader map for material FMatExpressionPreview MaterialExpressionTextureSample_2, compiling. 
[2025.09.26-18.14.34:830][321]LogShaderCompilers: Display: Worker (1/13): shaders left to compile 25
[2025.09.26-18.14.34:830][321]LogShaderCompilers: Display: Worker (2/13): shaders left to compile 24
[2025.09.26-18.14.34:830][321]LogShaderCompilers: Display: Worker (3/13): shaders left to compile 23
[2025.09.26-18.14.34:830][321]LogShaderCompilers: Display: Worker (4/13): shaders left to compile 22
[2025.09.26-18.14.34:830][321]LogShaderCompilers: Display: Worker (5/13): shaders left to compile 21
[2025.09.26-18.14.34:830][321]LogShaderCompilers: Display: Worker (6/13): shaders left to compile 20
[2025.09.26-18.14.34:830][321]LogShaderCompilers: Display: Worker (7/13): shaders left to compile 19
[2025.09.26-18.14.34:830][321]LogShaderCompilers: Display: Worker (8/13): shaders left to compile 18
[2025.09.26-18.14.34:830][321]LogShaderCompilers: Display: Worker (9/13): shaders left to compile 17
[2025.09.26-18.14.34:830][321]LogShaderCompilers: Display: Worker (10/13): shaders left to compile 16
[2025.09.26-18.14.34:830][321]LogShaderCompilers: Display: Worker (11/13): shaders left to compile 15
[2025.09.26-18.14.34:830][321]LogShaderCompilers: Display: Worker (12/13): shaders left to compile 14
[2025.09.26-18.14.34:918][327]LogShaderCompilers: Display: Worker (8/13): shaders left to compile 13
[2025.09.26-18.14.35:006][331]LogShaderCompilers: Display: Worker (3/13): shaders left to compile 12
[2025.09.26-18.14.35:006][331]LogShaderCompilers: Display: Worker (5/13): shaders left to compile 11
[2025.09.26-18.14.35:006][331]LogShaderCompilers: Display: Worker (9/13): shaders left to compile 10
[2025.09.26-18.14.35:006][331]LogShaderCompilers: Display: Worker (1/13): shaders left to compile 9
[2025.09.26-18.14.35:006][331]LogShaderCompilers: Display: Worker (2/13): shaders left to compile 8
[2025.09.26-18.14.35:006][331]LogShaderCompilers: Display: Worker (6/13): shaders left to compile 7
[2025.09.26-18.14.35:006][331]LogShaderCompilers: Display: Worker (7/13): shaders left to compile 6
[2025.09.26-18.14.35:022][332]LogShaderCompilers: Display: Worker (4/13): shaders left to compile 5
[2025.09.26-18.14.35:022][332]LogShaderCompilers: Display: Worker (12/13): shaders left to compile 4
[2025.09.26-18.14.35:147][339]LogShaderCompilers: Display: Worker (10/13): shaders left to compile 3
[2025.09.26-18.14.35:167][340]LogShaderCompilers: Display: Worker (11/13): shaders left to compile 2
[2025.09.26-18.14.35:199][342]LogShaderCompilers: Display: Worker (8/13): shaders left to compile 1
[2025.09.26-18.14.35:323][350]MaterialEditorStats: Base pass shader: 128 instructions
[2025.09.26-18.14.35:323][350]MaterialEditorStats: Base pass shader with Volumetric Lightmap: 202 instructions
[2025.09.26-18.14.35:323][350]MaterialEditorStats: Base pass vertex shader: 44 instructions
[2025.09.26-18.14.35:323][350]MaterialEditorStats: Texture samplers: 6/16
[2025.09.26-18.14.35:323][350]MaterialEditorStats: Texture Lookups (Est.): VS(0), PS(3)
[2025.09.26-18.14.35:323][350]MaterialEditorStats: User interpolators: 2/4 Scalars (1/4 Vectors) (TexCoords: 2, Custom: 0)
[2025.09.26-18.14.37:165][569]LogMaterial: Display: Missing cached shader map for material M_cat, compiling. 
[2025.09.26-18.14.37:179][569]LogShaderCompilers: Display: Worker (1/13): shaders left to compile 21
[2025.09.26-18.14.37:179][569]LogShaderCompilers: Display: Worker (2/13): shaders left to compile 20
[2025.09.26-18.14.37:179][569]LogShaderCompilers: Display: Worker (3/13): shaders left to compile 19
[2025.09.26-18.14.37:179][569]LogShaderCompilers: Display: Worker (4/13): shaders left to compile 18
[2025.09.26-18.14.37:179][569]LogShaderCompilers: Display: Worker (5/13): shaders left to compile 17
[2025.09.26-18.14.37:179][569]LogShaderCompilers: Display: Worker (6/13): shaders left to compile 16
[2025.09.26-18.14.37:179][569]LogShaderCompilers: Display: Worker (7/13): shaders left to compile 15
[2025.09.26-18.14.37:179][569]LogShaderCompilers: Display: Worker (8/13): shaders left to compile 14
[2025.09.26-18.14.37:179][569]LogShaderCompilers: Display: Worker (9/13): shaders left to compile 13
[2025.09.26-18.14.37:179][569]LogShaderCompilers: Display: Worker (10/13): shaders left to compile 12
[2025.09.26-18.14.37:179][569]LogShaderCompilers: Display: Worker (11/13): shaders left to compile 11
[2025.09.26-18.14.37:179][569]LogShaderCompilers: Display: Worker (12/13): shaders left to compile 10
[2025.09.26-18.14.37:179][569]LogMaterial: Display: Missing cached shader map for material FMatExpressionPreview MaterialExpressionTextureSample_2, compiling. 
[2025.09.26-18.14.37:261][575]LogShaderCompilers: Display: Worker (8/13): shaders left to compile 13
[2025.09.26-18.14.37:341][579]LogShaderCompilers: Display: Worker (3/13): shaders left to compile 12
[2025.09.26-18.14.37:341][579]LogShaderCompilers: Display: Worker (2/13): shaders left to compile 11
[2025.09.26-18.14.37:341][579]LogShaderCompilers: Display: Worker (9/13): shaders left to compile 10
[2025.09.26-18.14.37:341][579]LogShaderCompilers: Display: Worker (1/13): shaders left to compile 9
[2025.09.26-18.14.37:341][579]LogShaderCompilers: Display: Worker (5/13): shaders left to compile 8
[2025.09.26-18.14.37:358][580]LogShaderCompilers: Display: Worker (7/13): shaders left to compile 7
[2025.09.26-18.14.37:358][580]LogShaderCompilers: Display: Worker (6/13): shaders left to compile 6
[2025.09.26-18.14.37:358][580]LogShaderCompilers: Display: Worker (4/13): shaders left to compile 5
[2025.09.26-18.14.37:403][583]LogShaderCompilers: Display: Worker (12/13): shaders left to compile 4
[2025.09.26-18.14.37:504][585]LogShaderCompilers: Display: Worker (10/13): shaders left to compile 3
[2025.09.26-18.14.37:504][585]LogShaderCompilers: Display: Worker (11/13): shaders left to compile 2
[2025.09.26-18.14.37:553][587]LogShaderCompilers: Display: Worker (2/13): shaders left to compile 1
[2025.09.26-18.14.37:656][592]MaterialEditorStats: Base pass shader: 128 instructions
[2025.09.26-18.14.37:656][592]MaterialEditorStats: Base pass shader with Volumetric Lightmap: 204 instructions
[2025.09.26-18.14.37:656][592]MaterialEditorStats: Base pass vertex shader: 44 instructions
[2025.09.26-18.14.37:656][592]MaterialEditorStats: Texture samplers: 6/16
[2025.09.26-18.14.37:656][592]MaterialEditorStats: Texture Lookups (Est.): VS(0), PS(3)
[2025.09.26-18.14.37:656][592]MaterialEditorStats: User interpolators: 2/4 Scalars (1/4 Vectors) (TexCoords: 2, Custom: 0)
[2025.09.26-18.14.38:442][683]LogMaterialEditor: Saving and Compiling material M_cat
[2025.09.26-18.14.38:611][683]LogMaterial: Display: Missing cached shader map for material M_cat, compiling. 
[2025.09.26-18.14.38:631][683]LogShaderCompilers: Display: Worker (1/13): shaders left to compile 21
[2025.09.26-18.14.38:631][683]LogShaderCompilers: Display: Worker (2/13): shaders left to compile 20
[2025.09.26-18.14.38:631][683]LogShaderCompilers: Display: Worker (3/13): shaders left to compile 19
[2025.09.26-18.14.38:631][683]LogShaderCompilers: Display: Worker (4/13): shaders left to compile 18
[2025.09.26-18.14.38:631][683]LogShaderCompilers: Display: Worker (5/13): shaders left to compile 17
[2025.09.26-18.14.38:631][683]LogShaderCompilers: Display: Worker (6/13): shaders left to compile 16
[2025.09.26-18.14.38:631][683]LogShaderCompilers: Display: Worker (7/13): shaders left to compile 15
[2025.09.26-18.14.38:631][683]LogShaderCompilers: Display: Worker (8/13): shaders left to compile 14
[2025.09.26-18.14.38:631][683]LogShaderCompilers: Display: Worker (9/13): shaders left to compile 13
[2025.09.26-18.14.38:631][683]LogShaderCompilers: Display: Worker (10/13): shaders left to compile 12
[2025.09.26-18.14.38:631][683]LogShaderCompilers: Display: Worker (11/13): shaders left to compile 11
[2025.09.26-18.14.38:631][683]LogShaderCompilers: Display: Worker (12/13): shaders left to compile 10
[2025.09.26-18.14.38:649][683]LogMaterial: Display: Missing cached shader map for material M_cat, compiling. 
[2025.09.26-18.14.38:667][683]LogMaterial: Display: Missing cached shader map for material M_cat, compiling. 
[2025.09.26-18.14.38:705][683]LogUObjectHash: Compacting FUObjectHashTables data took   1.45ms
[2025.09.26-18.14.38:712][683]LogMaterial: Display: Missing cached shader map for material DebugViewMode MaterialTexCoordScale, compiling. 
[2025.09.26-18.14.39:042][683]LogShaderCompilers: Display: Worker (8/13): shaders left to compile 33
[2025.09.26-18.14.39:042][683]LogShaderCompilers: Display: Worker (9/13): shaders left to compile 32
[2025.09.26-18.14.39:042][683]LogShaderCompilers: Display: Worker (2/13): shaders left to compile 31
[2025.09.26-18.14.39:042][683]LogShaderCompilers: Display: Worker (3/13): shaders left to compile 30
[2025.09.26-18.14.39:042][683]LogShaderCompilers: Display: Worker (4/13): shaders left to compile 29
[2025.09.26-18.14.39:042][683]LogShaderCompilers: Display: Worker (6/13): shaders left to compile 28
[2025.09.26-18.14.39:042][683]LogShaderCompilers: Display: Worker (1/13): shaders left to compile 27
[2025.09.26-18.14.39:042][683]LogShaderCompilers: Display: Worker (5/13): shaders left to compile 26
[2025.09.26-18.14.39:042][683]LogShaderCompilers: Display: Worker (7/13): shaders left to compile 25
[2025.09.26-18.14.39:042][683]LogShaderCompilers: Display: Worker (12/13): shaders left to compile 24
[2025.09.26-18.14.39:042][683]LogShaderCompilers: Display: Worker (10/13): shaders left to compile 23
[2025.09.26-18.14.39:042][683]LogShaderCompilers: Display: Worker (11/13): shaders left to compile 22
[2025.09.26-18.14.39:042][683]LogShaderCompilers: Display: Worker (2/13): shaders left to compile 20
[2025.09.26-18.14.39:042][683]LogShaderCompilers: Display: Worker (8/13): shaders left to compile 18
[2025.09.26-18.14.39:042][683]LogShaderCompilers: Display: Worker (12/13): shaders left to compile 16
[2025.09.26-18.14.39:042][683]LogShaderCompilers: Display: Worker (6/13): shaders left to compile 14
[2025.09.26-18.14.39:042][683]LogShaderCompilers: Display: Worker (7/13): shaders left to compile 12
[2025.09.26-18.14.39:042][683]LogShaderCompilers: Display: Worker (10/13): shaders left to compile 10
[2025.09.26-18.14.39:042][683]LogShaderCompilers: Display: Worker (1/13): shaders left to compile 9
[2025.09.26-18.14.39:042][683]LogShaderCompilers: Display: Worker (5/13): shaders left to compile 8
[2025.09.26-18.14.39:048][683]TextureStreamingBuild: Display: Compiling optional shaders took 0.343 seconds.
[2025.09.26-18.14.39:061][683]LogShaderCompilers: Display: Worker (9/13): shaders left to compile 7
[2025.09.26-18.14.39:062][683]LogShaderCompilers: Display: Worker (3/13): shaders left to compile 6
[2025.09.26-18.14.39:085][683]LogUObjectHash: Compacting FUObjectHashTables data took   1.05ms
[2025.09.26-18.14.39:097][683]LogShaderCompilers: Display: Worker (4/13): shaders left to compile 5
[2025.09.26-18.14.39:377][683]LogShaderCompilers: Display: Worker (12/13): shaders left to compile 4
[2025.09.26-18.14.39:377][683]LogShaderCompilers: Display: Worker (11/13): shaders left to compile 3
[2025.09.26-18.14.39:377][683]LogShaderCompilers: Display: Worker (5/13): shaders left to compile 2
[2025.09.26-18.14.39:377][683]LogShaderCompilers: Display: Worker (2/13): shaders left to compile 1
[2025.09.26-18.14.39:384][683]Cmd: OBJ SAVEPACKAGE PACKAGE="/Game/LevelAssets/Materials/cat/M_cat" FILE="E:/GameDev/hggjam/GameJamHGGUnreal4.23.1/GameJamCrew/Content/LevelAssets/Materials/cat/M_cat.uasset" SILENT=true
[2025.09.26-18.14.39:391][683]LogSavePackage: Moving 'E:/GameDev/hggjam/GameJamHGGUnreal4.23.1/GameJamCrew/Saved/M_cat9A5BEF874BA73DFC2DFD938925F642B7.tmp' to 'E:/GameDev/hggjam/GameJamHGGUnreal4.23.1/GameJamCrew/Content/LevelAssets/Materials/cat/M_cat.uasset'
[2025.09.26-18.14.42:729][ 72]LogSlate: Window 'M_cat' being destroyed
[2025.09.26-18.14.42:736][ 72]LogSlate: Window 'M_cat' being destroyed
[2025.09.26-18.14.42:747][ 72]LogWorld: UWorld::CleanupWorld for World_2, bSessionEnded=true, bCleanupResources=true
[2025.09.26-18.14.44:757][310]LogMaterial: Display: Material /Game/LevelAssets/Materials/cat/M_cat.M_cat needed to have new flag set bUsedWithStaticLighting !
[2025.09.26-18.14.44:758][310]LogMaterial: Display: Missing cached shader map for material M_cat, compiling. 
[2025.09.26-18.14.44:779][311]LogShaderCompilers: Display: Worker (1/13): shaders left to compile 31
[2025.09.26-18.14.44:779][311]LogShaderCompilers: Display: Worker (2/13): shaders left to compile 28
[2025.09.26-18.14.44:779][311]LogShaderCompilers: Display: Worker (3/13): shaders left to compile 25
[2025.09.26-18.14.44:779][311]LogShaderCompilers: Display: Worker (4/13): shaders left to compile 22
[2025.09.26-18.14.44:779][311]LogShaderCompilers: Display: Worker (5/13): shaders left to compile 19
[2025.09.26-18.14.44:779][311]LogShaderCompilers: Display: Worker (6/13): shaders left to compile 16
[2025.09.26-18.14.44:779][311]LogShaderCompilers: Display: Worker (7/13): shaders left to compile 13
[2025.09.26-18.14.44:779][311]LogShaderCompilers: Display: Worker (8/13): shaders left to compile 10
[2025.09.26-18.14.44:779][311]LogShaderCompilers: Display: Worker (9/13): shaders left to compile 7
[2025.09.26-18.14.44:780][311]LogShaderCompilers: Display: Worker (10/13): shaders left to compile 4
[2025.09.26-18.14.44:780][311]LogShaderCompilers: Display: Worker (11/13): shaders left to compile 1
[2025.09.26-18.14.46:174][464]Cmd: TRANSACTION UNDO
[2025.09.26-18.14.46:174][464]LogEditorTransaction: Undo Create Actors
[2025.09.26-18.14.46:986][548]LogSlate: FSceneViewport::OnFocusLost() reason 0
[2025.09.26-18.14.51:287][ 56]Cmd: TRANSACTION UNDO
[2025.09.26-18.14.51:287][ 56]LogEditorTransaction: Undo Create Actors
[2025.09.26-18.14.52:980][230]LogEditorViewport: Clicking on Actor (LMB): StaticMeshActor (wall01_2x3)
[2025.09.26-18.14.53:808][322]LogEditorViewport: Clicking on Actor (LMB): StaticMeshActor (wall01_1x1)
[2025.09.26-18.14.54:549][408]LogSlate: FSceneViewport::OnFocusLost() reason 0
[2025.09.26-18.14.55:698][545]LogSlate: FSceneViewport::OnFocusLost() reason 5
[2025.09.26-18.14.55:705][545]Cmd: OBJ SAVEPACKAGE PACKAGE="/Game/Levels/CheeseFactory_001" FILE="E:/GameDev/hggjam/GameJamHGGUnreal4.23.1/GameJamCrew/Content/Levels/CheeseFactory_001.umap" SILENT=true AUTOSAVING=false KEEPDIRTY=false
[2025.09.26-18.14.55:725][545]LogUObjectHash: Compacting FUObjectHashTables data took   0.80ms
[2025.09.26-18.14.55:930][545]LogSavePackage: Moving 'E:/GameDev/hggjam/GameJamHGGUnreal4.23.1/GameJamCrew/Saved/CheeseFactory_00106FF0F2B41BE75D85526C896BC39F22B.tmp' to 'E:/GameDev/hggjam/GameJamHGGUnreal4.23.1/GameJamCrew/Content/Levels/CheeseFactory_001.umap'
[2025.09.26-18.14.55:942][545]Cmd: OBJ SAVEPACKAGE PACKAGE="/Game/Levels/CheeseFactory_001_BuiltData" FILE="E:/GameDev/hggjam/GameJamHGGUnreal4.23.1/GameJamCrew/Content/Levels/CheeseFactory_001_BuiltData.uasset" SILENT=true
[2025.09.26-18.14.56:843][545]LogSavePackage: Moving 'E:/GameDev/hggjam/GameJamHGGUnreal4.23.1/GameJamCrew/Saved/CheeseFactory_001_BuiltData7353415C4890267537B6BFA26F4FE1AA.tmp' to 'E:/GameDev/hggjam/GameJamHGGUnreal4.23.1/GameJamCrew/Content/Levels/CheeseFactory_001_BuiltData.uasset'
[2025.09.26-18.15.05:118][530]LogUObjectHash: Compacting FUObjectHashTables data took   0.97ms
[2025.09.26-18.15.05:133][530]Cmd: OBJ SAVEPACKAGE PACKAGE="/Game/LevelAssets/Materials/cat/cat_mixed" FILE="E:/GameDev/hggjam/GameJamHGGUnreal4.23.1/GameJamCrew/Content/LevelAssets/Materials/cat/cat_mixed.uasset" SILENT=true
[2025.09.26-18.15.05:151][530]LogSavePackage: Moving 'E:/GameDev/hggjam/GameJamHGGUnreal4.23.1/GameJamCrew/Saved/cat_mixed786D584E4358393BF7B3899FC2633F3B.tmp' to 'E:/GameDev/hggjam/GameJamHGGUnreal4.23.1/GameJamCrew/Content/LevelAssets/Materials/cat/cat_mixed.uasset'
[2025.09.26-18.15.05:155][530]Cmd: OBJ SAVEPACKAGE PACKAGE="/Game/LevelAssets/Materials/cat/cat_color" FILE="E:/GameDev/hggjam/GameJamHGGUnreal4.23.1/GameJamCrew/Content/LevelAssets/Materials/cat/cat_color.uasset" SILENT=true
[2025.09.26-18.15.05:173][530]LogSavePackage: Moving 'E:/GameDev/hggjam/GameJamHGGUnreal4.23.1/GameJamCrew/Saved/cat_color6C27632B4B482E85169AD7A5700893D8.tmp' to 'E:/GameDev/hggjam/GameJamHGGUnreal4.23.1/GameJamCrew/Content/LevelAssets/Materials/cat/cat_color.uasset'
[2025.09.26-18.15.05:177][530]Cmd: OBJ SAVEPACKAGE PACKAGE="/Game/LevelAssets/Materials/cat/cat_normal" FILE="E:/GameDev/hggjam/GameJamHGGUnreal4.23.1/GameJamCrew/Content/LevelAssets/Materials/cat/cat_normal.uasset" SILENT=true
[2025.09.26-18.15.05:183][530]LogSavePackage: Moving 'E:/GameDev/hggjam/GameJamHGGUnreal4.23.1/GameJamCrew/Saved/cat_normal60A832EF4CA9F393D75D2EB23AAD9CAA.tmp' to 'E:/GameDev/hggjam/GameJamHGGUnreal4.23.1/GameJamCrew/Content/LevelAssets/Materials/cat/cat_normal.uasset'
[2025.09.26-18.15.05:185][530]Cmd: OBJ SAVEPACKAGE PACKAGE="/Game/LevelAssets/Materials/cat/M_cat" FILE="E:/GameDev/hggjam/GameJamHGGUnreal4.23.1/GameJamCrew/Content/LevelAssets/Materials/cat/M_cat.uasset" SILENT=true
[2025.09.26-18.15.05:187][530]LogSavePackage: Moving 'E:/GameDev/hggjam/GameJamHGGUnreal4.23.1/GameJamCrew/Saved/M_cat8336C18A48A301311418CDBB29A0D12F.tmp' to 'E:/GameDev/hggjam/GameJamHGGUnreal4.23.1/GameJamCrew/Content/LevelAssets/Materials/cat/M_cat.uasset'
[2025.09.26-18.15.06:851][724]LogUObjectHash: Compacting FUObjectHashTables data took   0.60ms
[2025.09.26-18.15.06:911][724]LogSlate: Window 'GameJamCrew - Unreal Editor' being destroyed
[2025.09.26-18.15.06:913][724]LogWindowsTextInputMethodSystem: Display: IME system now deactivated.
[2025.09.26-18.15.07:058][725]Cmd: QUIT_EDITOR
[2025.09.26-18.15.07:072][725]LogExit: Preparing to exit.
[2025.09.26-18.15.07:483][725]LogActorComponent: UnregisterComponent: (None.None) Not registered. Aborting.
[2025.09.26-18.15.07:483][725]LogActorComponent: UnregisterComponent: (None.None) Not registered. Aborting.
[2025.09.26-18.15.07:483][725]LogActorComponent: UnregisterComponent: (None.None) Not registered. Aborting.
[2025.09.26-18.15.07:483][725]LogActorComponent: UnregisterComponent: (None.None) Not registered. Aborting.
[2025.09.26-18.15.07:483][725]LogActorComponent: UnregisterComponent: (None.None) Not registered. Aborting.
[2025.09.26-18.15.07:483][725]LogActorComponent: UnregisterComponent: (None.None) Not registered. Aborting.
[2025.09.26-18.15.07:483][725]LogActorComponent: UnregisterComponent: (None.None) Not registered. Aborting.
[2025.09.26-18.15.07:483][725]LogWorld: UWorld::CleanupWorld for None, bSessionEnded=true, bCleanupResources=true
[2025.09.26-18.15.07:483][725]LogActorComponent: UnregisterComponent: (None.None) Not registered. Aborting.
[2025.09.26-18.15.07:483][725]LogActorComponent: UnregisterComponent: (None.None) Not registered. Aborting.
[2025.09.26-18.15.07:483][725]LogActorComponent: UnregisterComponent: (None.None) Not registered. Aborting.
[2025.09.26-18.15.07:483][725]LogActorComponent: UnregisterComponent: (None.None) Not registered. Aborting.
[2025.09.26-18.15.07:483][725]LogActorComponent: UnregisterComponent: (None.None) Not registered. Aborting.
[2025.09.26-18.15.07:483][725]LogActorComponent: UnregisterComponent: (None.None) Not registered. Aborting.
[2025.09.26-18.15.07:483][725]LogActorComponent: UnregisterComponent: (None.None) Not registered. Aborting.
[2025.09.26-18.15.07:483][725]LogWorld: UWorld::CleanupWorld for None, bSessionEnded=true, bCleanupResources=true
[2025.09.26-18.15.07:485][725]LogDemo: Cleaned up 0 splitscreen connections with owner deletion
[2025.09.26-18.15.07:491][725]LogWorld: UWorld::CleanupWorld for None, bSessionEnded=true, bCleanupResources=true
[2025.09.26-18.15.07:491][725]LogExit: Editor shut down
[2025.09.26-18.15.07:491][725]LogExit: Transaction tracking system shut down
[2025.09.26-18.15.07:615][725]LogExit: Object subsystem successfully closed.
[2025.09.26-18.15.07:633][725]LogShaderCompilers: Display: Shaders left to compile 0
[2025.09.26-18.15.07:643][725]LogModuleManager: Shutting down and abandoning module HierarchicalLODOutliner (668)
[2025.09.26-18.15.07:643][725]LogModuleManager: Shutting down and abandoning module SceneOutliner (666)
[2025.09.26-18.15.07:643][725]LogModuleManager: Shutting down and abandoning module AddContentDialog (664)
[2025.09.26-18.15.07:643][725]LogModuleManager: Shutting down and abandoning module WidgetCarousel (663)
[2025.09.26-18.15.07:643][725]LogModuleManager: Shutting down and abandoning module EditorWidgets (660)
[2025.09.26-18.15.07:643][725]LogModuleManager: Shutting down and abandoning module CollectionManager (658)
[2025.09.26-18.15.07:643][725]LogModuleManager: Shutting down and abandoning module StatsViewer (656)
[2025.09.26-18.15.07:643][725]LogModuleManager: Shutting down and abandoning module VirtualTexturingEditor (654)
[2025.09.26-18.15.07:643][725]LogModuleManager: Shutting down and abandoning module FoliageEdit (652)
[2025.09.26-18.15.07:643][725]LogModuleManager: Shutting down and abandoning module LandscapeEditor (650)
[2025.09.26-18.15.07:643][725]LogModuleManager: Shutting down and abandoning module MeshPaintMode (648)
[2025.09.26-18.15.07:643][725]LogModuleManager: Shutting down and abandoning module SceneDepthPickerMode (646)
[2025.09.26-18.15.07:643][725]LogModuleManager: Shutting down and abandoning module ActorPickerMode (644)
[2025.09.26-18.15.07:643][725]LogModuleManager: Shutting down and abandoning module GeometryMode (642)
[2025.09.26-18.15.07:643][725]LogModuleManager: Shutting down and abandoning module TextureAlignMode (640)
[2025.09.26-18.15.07:643][725]LogModuleManager: Shutting down and abandoning module BspMode (638)
[2025.09.26-18.15.07:643][725]LogModuleManager: Shutting down and abandoning module PIEPreviewDeviceProfileSelector (636)
[2025.09.26-18.15.07:643][725]LogModuleManager: Shutting down and abandoning module SequenceRecorderSections (634)
[2025.09.26-18.15.07:643][725]LogModuleManager: Shutting down and abandoning module AutomationWorker (632)
[2025.09.26-18.15.07:643][725]LogModuleManager: Shutting down and abandoning module OculusMR (630)
[2025.09.26-18.15.07:643][725]LogModuleManager: Shutting down and abandoning module AudioCaptureEditor (628)
[2025.09.26-18.15.07:643][725]LogModuleManager: Shutting down and abandoning module MatineeToLevelSequence (626)
[2025.09.26-18.15.07:643][725]LogModuleManager: Shutting down and abandoning module LevelSequenceEditor (624)
[2025.09.26-18.15.07:644][725]LogModuleManager: Shutting down and abandoning module PlacementMode (623)
[2025.09.26-18.15.07:644][725]LogModuleManager: Shutting down and abandoning module MaterialEditor (622)
[2025.09.26-18.15.07:644][725]LogModuleManager: Shutting down and abandoning module ActorSequenceEditor (618)
[2025.09.26-18.15.07:644][725]LogModuleManager: Shutting down and abandoning module WmfMediaFactory (616)
[2025.09.26-18.15.07:644][725]LogModuleManager: Shutting down and abandoning module WmfMediaEditor (614)
[2025.09.26-18.15.07:644][725]LogModuleManager: Shutting down and abandoning module WebMMediaFactory (612)
[2025.09.26-18.15.07:644][725]LogModuleManager: Shutting down and abandoning module WebMMediaEditor (610)
[2025.09.26-18.15.07:644][725]LogModuleManager: Shutting down and abandoning module WebMMedia (608)
[2025.09.26-18.15.07:644][725]LogModuleManager: Shutting down and abandoning module MediaPlayerEditor (606)
[2025.09.26-18.15.07:644][725]LogModuleManager: Shutting down and abandoning module MediaCompositingEditor (604)
[2025.09.26-18.15.07:644][725]LogModuleManager: Shutting down and abandoning module SequenceRecorder (603)
[2025.09.26-18.15.07:644][725]LogModuleManager: Shutting down and abandoning module OpenExrWrapper (600)
[2025.09.26-18.15.07:644][725]LogModuleManager: Shutting down and abandoning module ImgMediaFactory (598)
[2025.09.26-18.15.07:644][725]LogModuleManager: Shutting down and abandoning module ImgMediaEditor (596)
[2025.09.26-18.15.07:644][725]LogModuleManager: Shutting down and abandoning module AvfMediaFactory (594)
[2025.09.26-18.15.07:644][725]LogModuleManager: Shutting down and abandoning module AvfMediaEditor (592)
[2025.09.26-18.15.07:644][725]LogModuleManager: Shutting down and abandoning module AndroidMediaFactory (590)
[2025.09.26-18.15.07:644][725]LogModuleManager: Shutting down and abandoning module AndroidMediaEditor (588)
[2025.09.26-18.15.07:644][725]LogModuleManager: Shutting down and abandoning module MagicLeapCameraPreviewFactory (586)
[2025.09.26-18.15.07:644][725]LogModuleManager: Shutting down and abandoning module MagicLeapMediaCodecFactory (584)
[2025.09.26-18.15.07:644][725]LogModuleManager: Shutting down and abandoning module MagicLeapMediaFactory (582)
[2025.09.26-18.15.07:644][725]LogModuleManager: Shutting down and abandoning module MagicLeapMediaEditor (580)
[2025.09.26-18.15.07:644][725]LogModuleManager: Shutting down and abandoning module CharacterAI (578)
[2025.09.26-18.15.07:644][725]LogModuleManager: Shutting down and abandoning module SmartSnapping (576)
[2025.09.26-18.15.07:644][725]LogModuleManager: Shutting down and abandoning module SessionServices (574)
[2025.09.26-18.15.07:644][725]LogModuleManager: Shutting down and abandoning module MeshPaint (572)
[2025.09.26-18.15.07:644][725]LogModuleManager: Shutting down and abandoning module ViewportSnapping (570)
[2025.09.26-18.15.07:644][725]LogModuleManager: Shutting down and abandoning module ViewportInteraction (568)
[2025.09.26-18.15.07:644][725]LogModuleManager: Shutting down and abandoning module ClothPainter (566)
[2025.09.26-18.15.07:644][725]LogModuleManager: Shutting down and abandoning module SkeletalMeshEditor (565)
[2025.09.26-18.15.07:644][725]LogModuleManager: Shutting down and abandoning module LogVisualizer (562)
[2025.09.26-18.15.07:644][725]LogModuleManager: Shutting down and abandoning module IntroTutorials (560)
[2025.09.26-18.15.07:644][725]LogModuleManager: Shutting down and abandoning module GameProjectGeneration (559)
[2025.09.26-18.15.07:644][725]LogModuleManager: Shutting down and abandoning module LuminPlatformEditor (556)
[2025.09.26-18.15.07:644][725]LogModuleManager: Shutting down and abandoning module IOSPlatformEditor (554)
[2025.09.26-18.15.07:644][725]LogModuleManager: Shutting down and abandoning module HTML5PlatformEditor (552)
[2025.09.26-18.15.07:644][725]LogModuleManager: Shutting down and abandoning module AndroidPlatformEditor (550)
[2025.09.26-18.15.07:644][725]LogModuleManager: Shutting down and abandoning module AndroidDeviceDetection (549)
[2025.09.26-18.15.07:866][725]LogModuleManager: Shutting down and abandoning module WindowsPlatformEditor (546)
[2025.09.26-18.15.07:866][725]LogModuleManager: Shutting down and abandoning module LuminRuntimeSettings (544)
[2025.09.26-18.15.07:866][725]LogModuleManager: Shutting down and abandoning module IOSRuntimeSettings (542)
[2025.09.26-18.15.07:866][725]LogModuleManager: Shutting down and abandoning module AndroidRuntimeSettings (540)
[2025.09.26-18.15.07:866][725]LogModuleManager: Shutting down and abandoning module TimeManagementEditor (538)
[2025.09.26-18.15.07:866][725]LogModuleManager: Shutting down and abandoning module InputBindingEditor (536)
[2025.09.26-18.15.07:866][725]LogModuleManager: Shutting down and abandoning module MergeActors (534)
[2025.09.26-18.15.07:866][725]LogModuleManager: Shutting down and abandoning module LocalizationDashboard (532)
[2025.09.26-18.15.07:866][725]LogModuleManager: Shutting down and abandoning module LocalizationService (531)
[2025.09.26-18.15.07:866][725]LogModuleManager: Shutting down and abandoning module HardwareTargeting (528)
[2025.09.26-18.15.07:866][725]LogModuleManager: Shutting down and abandoning module DeviceProfileEditor (526)
[2025.09.26-18.15.07:866][725]LogModuleManager: Shutting down and abandoning module UndoHistory (524)
[2025.09.26-18.15.07:866][725]LogModuleManager: Shutting down and abandoning module XmlParser (522)
[2025.09.26-18.15.07:866][725]LogModuleManager: Shutting down and abandoning module Blutility (520)
[2025.09.26-18.15.07:866][725]LogModuleManager: Shutting down and abandoning module ProjectSettingsViewer (518)
[2025.09.26-18.15.07:866][725]LogModuleManager: Shutting down and abandoning module ProjectTargetPlatformEditor (517)
[2025.09.26-18.15.07:867][725]LogModuleManager: Shutting down and abandoning module EditorSettingsViewer (514)
[2025.09.26-18.15.07:867][725]LogModuleManager: Shutting down and abandoning module SettingsEditor (512)
[2025.09.26-18.15.07:867][725]LogModuleManager: Shutting down and abandoning module ProjectLauncher (510)
[2025.09.26-18.15.07:867][725]LogModuleManager: Shutting down and abandoning module SessionFrontend (508)
[2025.09.26-18.15.07:867][725]LogModuleManager: Shutting down and abandoning module ProfilerClient (506)
[2025.09.26-18.15.07:867][725]LogModuleManager: Shutting down and abandoning module DeviceManager (504)
[2025.09.26-18.15.07:867][725]LogModuleManager: Shutting down and abandoning module TargetDeviceServices (503)
[2025.09.26-18.15.07:908][725]LogModuleManager: Shutting down and abandoning module AutomationController (500)
[2025.09.26-18.15.07:908][725]LogModuleManager: Shutting down and abandoning module AutomationWindow (498)
[2025.09.26-18.15.07:908][725]LogModuleManager: Shutting down and abandoning module Layers (496)
[2025.09.26-18.15.07:908][725]LogModuleManager: Shutting down and abandoning module ComponentVisualizers (494)
[2025.09.26-18.15.07:908][725]LogModuleManager: Shutting down and abandoning module DetailCustomizations (492)
[2025.09.26-18.15.07:908][725]LogModuleManager: Shutting down and abandoning module PackagesDialog (490)
[2025.09.26-18.15.07:908][725]LogModuleManager: Shutting down and abandoning module AnimationBlueprintEditor (488)
[2025.09.26-18.15.07:908][725]LogModuleManager: Shutting down and abandoning module Persona (486)
[2025.09.26-18.15.07:908][725]LogModuleManager: Shutting down and abandoning module AdvancedPreviewScene (485)
[2025.09.26-18.15.07:908][725]LogModuleManager: Shutting down and abandoning module AnimGraph (483)
[2025.09.26-18.15.07:908][725]LogModuleManager: Shutting down and abandoning module Kismet (480)
[2025.09.26-18.15.07:908][725]LogModuleManager: Shutting down and abandoning module KismetWidgets (479)
[2025.09.26-18.15.07:908][725]LogModuleManager: Shutting down and abandoning module GraphEditor (476)
[2025.09.26-18.15.07:908][725]LogModuleManager: Shutting down and abandoning module StructViewer (474)
[2025.09.26-18.15.07:908][725]LogModuleManager: Shutting down and abandoning module ClassViewer (472)
[2025.09.26-18.15.07:908][725]LogModuleManager: Shutting down and abandoning module Toolbox (470)
[2025.09.26-18.15.07:908][725]LogModuleManager: Shutting down and abandoning module ModuleUI (468)
[2025.09.26-18.15.07:908][725]LogModuleManager: Shutting down and abandoning module MovieSceneTools (466)
[2025.09.26-18.15.07:908][725]LogModuleManager: Shutting down and abandoning module OutputLog (464)
[2025.09.26-18.15.07:908][725]LogModuleManager: Shutting down and abandoning module GammaUI (462)
[2025.09.26-18.15.07:908][725]LogModuleManager: Shutting down and abandoning module Documentation (460)
[2025.09.26-18.15.07:908][725]LogModuleManager: Shutting down and abandoning module LiveCoding (458)
[2025.09.26-18.15.07:908][725]LogModuleManager: Shutting down and abandoning module LevelSequence (456)
[2025.09.26-18.15.07:908][725]LogModuleManager: Shutting down and abandoning module MovieSceneTracks (454)
[2025.09.26-18.15.07:908][725]LogModuleManager: Shutting down and abandoning module MovieScene (452)
[2025.09.26-18.15.07:908][725]LogModuleManager: Shutting down and abandoning module StreamingPauseRendering (450)
[2025.09.26-18.15.07:908][725]LogModuleManager: Shutting down and abandoning module LauncherPlatform (448)
[2025.09.26-18.15.07:908][725]LogModuleManager: Shutting down and abandoning module AnalyticsET (446)
[2025.09.26-18.15.07:908][725]LogModuleManager: Shutting down and abandoning module PortalServices (444)
[2025.09.26-18.15.07:908][725]LogModuleManager: Shutting down and abandoning module PortalRpc (442)
[2025.09.26-18.15.07:908][725]LogModuleManager: Shutting down and abandoning module MessagingRpc (440)
[2025.09.26-18.15.07:908][725]LogModuleManager: Shutting down and abandoning module AIModule (438)
[2025.09.26-18.15.07:908][725]LogModuleManager: Shutting down and abandoning module GameplayDebugger (437)
[2025.09.26-18.15.07:909][725]LogModuleManager: Shutting down and abandoning module AITestSuite (435)
[2025.09.26-18.15.07:909][725]LogModuleManager: Shutting down and abandoning module NavigationSystem (433)
[2025.09.26-18.15.07:909][725]LogModuleManager: Shutting down and abandoning module DesktopPlatform (430)
[2025.09.26-18.15.07:909][725]LogModuleManager: Shutting down and abandoning module ImageWriteQueue (428)
[2025.09.26-18.15.07:910][725]LogModuleManager: Shutting down and abandoning module ProfilerService (426)
[2025.09.26-18.15.08:005][725]LogModuleManager: Shutting down and abandoning module TaskGraph (424)
[2025.09.26-18.15.08:005][725]LogModuleManager: Shutting down and abandoning module ScreenshotTools (422)
[2025.09.26-18.15.08:005][725]LogModuleManager: Shutting down and abandoning module SteamVRController (420)
[2025.09.26-18.15.08:005][725]LogModuleManager: Shutting down and abandoning module ProceduralMeshComponentEditor (418)
[2025.09.26-18.15.08:005][725]LogModuleManager: Shutting down and abandoning module ProceduralMeshComponent (416)
[2025.09.26-18.15.08:005][725]LogModuleManager: Shutting down and abandoning module OculusEditor (414)
[2025.09.26-18.15.08:005][725]LogModuleManager: Shutting down and abandoning module OculusInput (412)
[2025.09.26-18.15.08:005][725]LogModuleManager: Shutting down and abandoning module MobilePatchingUtils (410)
[2025.09.26-18.15.08:005][725]LogModuleManager: Shutting down and abandoning module EditableMesh (408)
[2025.09.26-18.15.08:005][725]LogModuleManager: Shutting down and abandoning module CustomMeshComponent (406)
[2025.09.26-18.15.08:005][725]LogModuleManager: Shutting down and abandoning module CableComponent (404)
[2025.09.26-18.15.08:005][725]LogModuleManager: Shutting down and abandoning module AudioCapture (402)
[2025.09.26-18.15.08:005][725]LogModuleManager: Shutting down and abandoning module ArchVisCharacter (400)
[2025.09.26-18.15.08:005][725]LogModuleManager: Shutting down and abandoning module AppleImageUtilsBlueprintSupport (398)
[2025.09.26-18.15.08:006][725]LogModuleManager: Shutting down and abandoning module AppleImageUtils (396)
[2025.09.26-18.15.08:006][725]LogModuleManager: Shutting down and abandoning module AndroidPermission (394)
[2025.09.26-18.15.08:006][725]LogModuleManager: Shutting down and abandoning module NUTUnrealEngine4 (392)
[2025.09.26-18.15.08:006][725]LogModuleManager: Shutting down and abandoning module NetcodeUnitTest (390)
[2025.09.26-18.15.08:006][725]LogModuleManager: Shutting down and abandoning module MediaCompositing (388)
[2025.09.26-18.15.08:006][725]LogModuleManager: Shutting down and abandoning module ImgMedia (386)
[2025.09.26-18.15.08:006][725]LogModuleManager: Shutting down and abandoning module MagicLeapHelperVulkan (384)
[2025.09.26-18.15.08:006][725]LogModuleManager: Shutting down and abandoning module MagicLeapHelperOpenGL (382)
[2025.09.26-18.15.08:006][725]LogModuleManager: Shutting down and abandoning module MagicLeapAudio (380)
[2025.09.26-18.15.08:006][725]LogModuleManager: Shutting down and abandoning module HTML5Networking (378)
[2025.09.26-18.15.08:006][725]LogModuleManager: Shutting down and abandoning module GeometryCacheTracks (376)
[2025.09.26-18.15.08:006][725]LogModuleManager: Shutting down and abandoning module GeometryCacheSequencer (374)
[2025.09.26-18.15.08:006][725]LogModuleManager: Shutting down and abandoning module BackChannel (372)
[2025.09.26-18.15.08:006][725]LogModuleManager: Shutting down and abandoning module AutomationUtilsEditor (370)
[2025.09.26-18.15.08:006][725]LogModuleManager: Shutting down and abandoning module AutomationUtils (368)
[2025.09.26-18.15.08:006][725]LogModuleManager: Shutting down and abandoning module AlembicImporter (366)
[2025.09.26-18.15.08:006][725]LogModuleManager: Shutting down and abandoning module AlembicLibrary (365)
[2025.09.26-18.15.08:006][725]LogModuleManager: Shutting down and abandoning module GeometryCache (364)
[2025.09.26-18.15.08:006][725]LogModuleManager: Shutting down and abandoning module GeometryCacheEd (363)
[2025.09.26-18.15.08:006][725]LogModuleManager: Shutting down and abandoning module VariantManagerContent (358)
[2025.09.26-18.15.08:006][725]LogModuleManager: Shutting down and abandoning module DatasmithContentEditor (356)
[2025.09.26-18.15.08:006][725]LogModuleManager: Shutting down and abandoning module SpeedTreeImporter (354)
[2025.09.26-18.15.08:006][725]LogModuleManager: Shutting down and abandoning module PluginBrowser (352)
[2025.09.26-18.15.08:006][725]LogModuleManager: Shutting down and abandoning module MobileLauncherProfileWizard (350)
[2025.09.26-18.15.08:006][725]LogModuleManager: Shutting down and abandoning module MaterialAnalyzer (348)
[2025.09.26-18.15.08:006][725]LogModuleManager: Shutting down and abandoning module CurveEditorTools (346)
[2025.09.26-18.15.08:006][725]LogModuleManager: Shutting down and abandoning module CurveEditor (345)
[2025.09.26-18.15.08:006][725]LogModuleManager: Shutting down and abandoning module CryptoKeysOpenSSL (342)
[2025.09.26-18.15.08:006][725]LogModuleManager: Shutting down and abandoning module CryptoKeys (340)
[2025.09.26-18.15.08:006][725]LogModuleManager: Shutting down and abandoning module VisualStudioSourceCodeAccess (338)
[2025.09.26-18.15.08:006][725]LogModuleManager: Shutting down and abandoning module VisualStudioCodeSourceCodeAccess (336)
[2025.09.26-18.15.08:006][725]LogModuleManager: Shutting down and abandoning module UObjectPlugin (334)
[2025.09.26-18.15.08:006][725]LogModuleManager: Shutting down and abandoning module SubversionSourceControl (332)
[2025.09.26-18.15.08:006][725]LogModuleManager: Shutting down and abandoning module PerforceSourceControl (330)
[2025.09.26-18.15.08:006][725]LogModuleManager: Shutting down and abandoning module GitSourceControl (328)
[2025.09.26-18.15.08:006][725]LogModuleManager: Shutting down and abandoning module SourceControl (327)
[2025.09.26-18.15.08:006][725]LogModuleManager: Shutting down and abandoning module CLionSourceCodeAccess (324)
[2025.09.26-18.15.08:006][725]LogModuleManager: Shutting down and abandoning module AnimationSharingEd (322)
[2025.09.26-18.15.08:006][725]LogModuleManager: Shutting down and abandoning module ActorLayerUtilitiesEditor (320)
[2025.09.26-18.15.08:006][725]LogModuleManager: Shutting down and abandoning module ActorLayerUtilities (318)
[2025.09.26-18.15.08:006][725]LogModuleManager: Shutting down and abandoning module LightPropagationVolumeEditor (316)
[2025.09.26-18.15.08:006][725]LogModuleManager: Shutting down and abandoning module PaperTiledImporter (314)
[2025.09.26-18.15.08:006][725]LogModuleManager: Shutting down and abandoning module PaperSpriteSheetImporter (312)
[2025.09.26-18.15.08:006][725]LogModuleManager: Shutting down and abandoning module Paper2DEditor (310)
[2025.09.26-18.15.08:006][725]LogModuleManager: Shutting down and abandoning module SignificanceManager (308)
[2025.09.26-18.15.08:006][725]LogModuleManager: Shutting down and abandoning module RuntimePhysXCooking (306)
[2025.09.26-18.15.08:006][725]LogModuleManager: Shutting down and abandoning module PhysXVehiclesEditor (304)
[2025.09.26-18.15.08:006][725]LogModuleManager: Shutting down and abandoning module LocationServicesBPLibrary (300)
[2025.09.26-18.15.08:006][725]LogModuleManager: Shutting down and abandoning module ActorSequence (298)
[2025.09.26-18.15.08:006][725]LogModuleManager: Shutting down and abandoning module UdpMessaging (296)
[2025.09.26-18.15.08:107][725]LogModuleManager: Shutting down and abandoning module TcpMessaging (294)
[2025.09.26-18.15.08:207][725]LogModuleManager: Shutting down and abandoning module MagicLeapIdentity (292)
[2025.09.26-18.15.08:207][725]LogModuleManager: Shutting down and abandoning module MagicLeapSecureStorage (290)
[2025.09.26-18.15.08:207][725]LogModuleManager: Shutting down and abandoning module MagicLeapHandTracking (288)
[2025.09.26-18.15.08:207][725]LogModuleManager: Shutting down and abandoning module MagicLeapEyeTracker (286)
[2025.09.26-18.15.08:207][725]LogModuleManager: Shutting down and abandoning module MagicLeapController (284)
[2025.09.26-18.15.08:207][725]LogSlate: Slate User Destroyed.  User Index 0, Is Virtual User: 0
[2025.09.26-18.15.08:207][725]LogModuleManager: Shutting down and abandoning module MagicLeapAR (282)
[2025.09.26-18.15.08:207][725]LogModuleManager: Shutting down and abandoning module AugmentedReality (281)
[2025.09.26-18.15.08:207][725]LogModuleManager: Shutting down and abandoning module GameplayTagsEditor (278)
[2025.09.26-18.15.08:207][725]LogModuleManager: Shutting down and abandoning module FacialAnimationEditor (276)
[2025.09.26-18.15.08:207][725]LogModuleManager: Shutting down and abandoning module FacialAnimation (274)
[2025.09.26-18.15.08:207][725]LogModuleManager: Shutting down and abandoning module DataValidation (272)
[2025.09.26-18.15.08:207][725]LogModuleManager: Shutting down and abandoning module AssetManagerEditor (270)
[2025.09.26-18.15.08:207][725]LogModuleManager: Shutting down and abandoning module LevelEditor (269)
[2025.09.26-18.15.08:207][725]LogModuleManager: Shutting down and abandoning module PixelInspectorModule (268)
[2025.09.26-18.15.08:207][725]LogModuleManager: Shutting down and abandoning module CommonMenuExtensions (266)
[2025.09.26-18.15.08:207][725]LogModuleManager: Shutting down and abandoning module MainFrame (264)
[2025.09.26-18.15.08:207][725]LogModuleManager: Shutting down and abandoning module HotReload (263)
[2025.09.26-18.15.08:207][725]LogModuleManager: Shutting down and abandoning module ContentBrowser (259)
[2025.09.26-18.15.08:209][725]LogModuleManager: Shutting down and abandoning module TreeMap (257)
[2025.09.26-18.15.08:209][725]LogModuleManager: Shutting down and abandoning module AnimationSharing (254)
[2025.09.26-18.15.08:209][725]LogModuleManager: Shutting down and abandoning module LightPropagationVolumeRuntime (252)
[2025.09.26-18.15.08:209][725]LogModuleManager: Shutting down and abandoning module Paper2D (250)
[2025.09.26-18.15.08:209][725]LogModuleManager: Shutting down and abandoning module WindowsMoviePlayer (248)
[2025.09.26-18.15.08:210][725]LogModuleManager: Shutting down and abandoning module WebMMoviePlayer (246)
[2025.09.26-18.15.08:210][725]LogModuleManager: Shutting down and abandoning module NetworkReplayStreaming (244)
[2025.09.26-18.15.08:210][725]LogModuleManager: Shutting down and abandoning module PacketHandler (242)
[2025.09.26-18.15.08:210][725]LogModuleManager: Shutting down and abandoning module ClothingSystemEditor (240)
[2025.09.26-18.15.08:210][725]LogModuleManager: Shutting down and abandoning module ClothingSystemRuntime (238)
[2025.09.26-18.15.08:210][725]LogModuleManager: Shutting down and abandoning module MediaAssets (236)
[2025.09.26-18.15.08:210][725]LogModuleManager: Shutting down and abandoning module Overlay (234)
[2025.09.26-18.15.08:210][725]LogModuleManager: Shutting down and abandoning module OverlayEditor (233)
[2025.09.26-18.15.08:210][725]LogModuleManager: Shutting down and abandoning module VREditor (230)
[2025.09.26-18.15.08:210][725]LogModuleManager: Shutting down and abandoning module StringTableEditor (228)
[2025.09.26-18.15.08:210][725]LogModuleManager: Shutting down and abandoning module GameplayTasksEditor (226)
[2025.09.26-18.15.08:210][725]LogModuleManager: Shutting down and abandoning module BehaviorTreeEditor (224)
[2025.09.26-18.15.08:210][725]LogModuleManager: Shutting down and abandoning module FunctionalTesting (222)
[2025.09.26-18.15.08:210][725]LogModuleManager: Shutting down and abandoning module CollisionAnalyzer (220)
[2025.09.26-18.15.08:210][725]LogModuleManager: Shutting down and abandoning module WorkspaceMenuStructure (219)
[2025.09.26-18.15.08:210][725]LogModuleManager: Shutting down and abandoning module UMG (216)
[2025.09.26-18.15.08:210][725]LogModuleManager: Shutting down and abandoning module UMGEditor (215)
[2025.09.26-18.15.08:210][725]LogModuleManager: Shutting down and abandoning module Sequencer (214)
[2025.09.26-18.15.08:210][725]LogModuleManager: Shutting down and abandoning module MessageLog (211)
[2025.09.26-18.15.08:210][725]LogModuleManager: Shutting down and abandoning module SlateReflector (206)
[2025.09.26-18.15.08:210][725]LogModuleManager: Shutting down and abandoning module Slate (204)
[2025.09.26-18.15.08:210][725]LogModuleManager: Shutting down and abandoning module LandscapeEditorUtilities (202)
[2025.09.26-18.15.08:210][725]LogModuleManager: Shutting down and abandoning module EditorStyle (200)
[2025.09.26-18.15.08:211][725]LogModuleManager: Shutting down and abandoning module UnrealEd (198)
[2025.09.26-18.15.08:211][725]LogModuleManager: Shutting down and abandoning module MRMesh (196)
[2025.09.26-18.15.08:211][725]LogModuleManager: Shutting down and abandoning module SourceCodeAccess (194)
[2025.09.26-18.15.08:211][725]LogModuleManager: Shutting down and abandoning module HeadMountedDisplay (192)
[2025.09.26-18.15.08:211][725]LogModuleManager: Shutting down and abandoning module XAudio2 (190)
[2025.09.26-18.15.08:211][725]LogModuleManager: Shutting down and abandoning module Networking (188)
[2025.09.26-18.15.08:211][725]LogModuleManager: Shutting down and abandoning module Core (186)
[2025.09.26-18.15.08:211][725]LogModuleManager: Shutting down and abandoning module KismetCompiler (184)
[2025.09.26-18.15.08:211][725]LogModuleManager: Shutting down and abandoning module MeshUtilities (182)
[2025.09.26-18.15.08:211][725]LogModuleManager: Shutting down and abandoning module MeshMergeUtilities (181)
[2025.09.26-18.15.08:211][725]LogModuleManager: Shutting down and abandoning module MeshReductionInterface (180)
[2025.09.26-18.15.08:211][725]LogModuleManager: Shutting down and abandoning module SkeletalMeshReduction (179)
[2025.09.26-18.15.08:211][725]LogModuleManager: Shutting down and abandoning module ProxyLODMeshReduction (177)
[2025.09.26-18.15.08:211][725]LogModuleManager: Shutting down and abandoning module QuadricMeshReduction (175)
[2025.09.26-18.15.08:211][725]LogModuleManager: Shutting down and abandoning module MaterialBaking (171)
[2025.09.26-18.15.08:211][725]LogModuleManager: Shutting down and abandoning module NullInstallBundleManager (166)
[2025.09.26-18.15.08:211][725]LogModuleManager: Shutting down and abandoning module DerivedDataCache (164)
[2025.09.26-18.15.08:288][725]LogDerivedDataCache: Shutdown
[2025.09.26-18.15.08:288][725]LogModuleManager: Shutting down and abandoning module XGEController (162)
[2025.09.26-18.15.08:288][725]LogModuleManager: Shutting down and abandoning module TargetPlatform (160)
[2025.09.26-18.15.08:288][725]LogModuleManager: Shutting down and abandoning module VulkanShaderFormat (159)
[2025.09.26-18.15.08:288][725]LogModuleManager: Shutting down and abandoning module ShaderFormatVectorVM (157)
[2025.09.26-18.15.08:288][725]LogModuleManager: Shutting down and abandoning module ShaderFormatOpenGL (155)
[2025.09.26-18.15.08:288][725]LogModuleManager: Shutting down and abandoning module ShaderFormatD3D (153)
[2025.09.26-18.15.08:288][725]LogModuleManager: Shutting down and abandoning module MetalShaderFormat (151)
[2025.09.26-18.15.08:288][725]LogModuleManager: Shutting down and abandoning module TextureFormatUncompressed (149)
[2025.09.26-18.15.08:288][725]LogModuleManager: Shutting down and abandoning module TextureFormatPVR (147)
[2025.09.26-18.15.08:288][725]LogModuleManager: Shutting down and abandoning module TextureFormatDXT (145)
[2025.09.26-18.15.08:288][725]LogModuleManager: Shutting down and abandoning module TextureFormatIntelISPCTexComp (143)
[2025.09.26-18.15.08:288][725]LogModuleManager: Shutting down and abandoning module TextureFormatASTC (141)
[2025.09.26-18.15.08:288][725]LogModuleManager: Shutting down and abandoning module ImageWrapper (140)
[2025.09.26-18.15.08:288][725]LogModuleManager: Shutting down and abandoning module TextureFormatAndroid (137)
[2025.09.26-18.15.08:288][725]LogModuleManager: Shutting down and abandoning module AudioFormatOpus (135)
[2025.09.26-18.15.08:288][725]LogModuleManager: Shutting down and abandoning module AudioFormatOgg (133)
[2025.09.26-18.15.08:288][725]LogModuleManager: Shutting down and abandoning module AudioFormatADPCM (131)
[2025.09.26-18.15.08:288][725]LogModuleManager: Shutting down and abandoning module LuminTargetPlatform (129)
[2025.09.26-18.15.08:288][725]LogModuleManager: Shutting down and abandoning module LinuxTargetPlatform (127)
[2025.09.26-18.15.08:288][725]LogModuleManager: Shutting down and abandoning module LinuxServerTargetPlatform (125)
[2025.09.26-18.15.08:288][725]LogModuleManager: Shutting down and abandoning module LinuxNoEditorTargetPlatform (123)
[2025.09.26-18.15.08:288][725]LogModuleManager: Shutting down and abandoning module LinuxClientTargetPlatform (121)
[2025.09.26-18.15.08:288][725]LogModuleManager: Shutting down and abandoning module TVOSTargetPlatform (119)
[2025.09.26-18.15.08:289][725]LogModuleManager: Shutting down and abandoning module Messaging (117)
[2025.09.26-18.15.08:289][725]LogModuleManager: Shutting down and abandoning module IOSTargetPlatform (115)
[2025.09.26-18.15.08:289][725]LogModuleManager: Shutting down and abandoning module HTML5TargetPlatform (113)
[2025.09.26-18.15.08:289][725]LogModuleManager: Shutting down and abandoning module AndroidTargetPlatform (111)
[2025.09.26-18.15.08:292][725]LogModuleManager: Shutting down and abandoning module WindowsTargetPlatform (109)
[2025.09.26-18.15.08:292][725]LogModuleManager: Shutting down and abandoning module WindowsServerTargetPlatform (107)
[2025.09.26-18.15.08:292][725]LogModuleManager: Shutting down and abandoning module WindowsNoEditorTargetPlatform (105)
[2025.09.26-18.15.08:292][725]LogModuleManager: Shutting down and abandoning module WindowsClientTargetPlatform (103)
[2025.09.26-18.15.08:292][725]LogModuleManager: Shutting down and abandoning module MacTargetPlatform (101)
[2025.09.26-18.15.08:292][725]LogModuleManager: Shutting down and abandoning module MacServerTargetPlatform (99)
[2025.09.26-18.15.08:292][725]LogModuleManager: Shutting down and abandoning module MacNoEditorTargetPlatform (97)
[2025.09.26-18.15.08:292][725]LogModuleManager: Shutting down and abandoning module MacClientTargetPlatform (95)
[2025.09.26-18.15.08:292][725]LogModuleManager: Shutting down and abandoning module AllDesktopTargetPlatform (93)
[2025.09.26-18.15.08:292][725]LogModuleManager: Shutting down and abandoning module InputCore (90)
[2025.09.26-18.15.08:292][725]LogModuleManager: Shutting down and abandoning module Settings (88)
[2025.09.26-18.15.08:292][725]LogModuleManager: Shutting down and abandoning module DirectoryWatcher (86)
[2025.09.26-18.15.08:293][725]LogModuleManager: Shutting down and abandoning module PhysXCooking (84)
[2025.09.26-18.15.08:293][725]LogModuleManager: Shutting down and abandoning module WindowsPlatformFeatures (82)
[2025.09.26-18.15.08:293][725]LogModuleManager: Shutting down and abandoning module GameplayMediaEncoder (81)
[2025.09.26-18.15.08:293][725]LogModuleManager: Shutting down and abandoning module SteamVR (78)
[2025.09.26-18.15.08:293][725]LogHMD: Freeing OpenVRDLLHandle.
[2025.09.26-18.15.08:293][725]LogModuleManager: Shutting down and abandoning module OculusHMD (76)
[2025.09.26-18.15.08:293][725]LogModuleManager: Shutting down and abandoning module ExampleDeviceProfileSelector (74)
[2025.09.26-18.15.08:293][725]LogModuleManager: Shutting down and abandoning module LauncherChunkInstaller (72)
[2025.09.26-18.15.08:293][725]LogModuleManager: Shutting down and abandoning module OnlineBlueprintSupport (70)
[2025.09.26-18.15.08:293][725]LogModuleManager: Shutting down and abandoning module OnlineSubsystem (66)
[2025.09.26-18.15.08:293][725]LogModuleManager: Shutting down and abandoning module XMPP (61)
[2025.09.26-18.15.08:293][725]LogModuleManager: Shutting down and abandoning module WebSockets (60)
[2025.09.26-18.15.08:304][725]LogModuleManager: Shutting down and abandoning module HTTP (57)
[2025.09.26-18.15.08:304][725]LogHttp: Display: Http module shutting down, but needs to wait on 1 outstanding Http requests:
[2025.09.26-18.15.08:304][725]LogHttp: Display: 	verb=[POST] url=[https://datarouter.ol.epicgames.com/datarouter/api/v1/public/data?SessionID=%7B66556260-4DC6-1EFE-1AB6-FCA0DBFDC39B%7D&AppID=UEEditor.Rocket.Release&AppVersion=4.23.1-9631420%2B%2B%2BUE4%2BRelease-4.23&UserID=fcf63f4f4aa3b52c2cf4428b646ed4b7%7C817ac0c8b8ec4586b1a7d191863bddae%7C716e1537-9eef-4754-8647-18858cea8326&AppEnvironment=datacollector-binary&UploadType=eteventstream] status=Processing
[2025.09.26-18.15.08:325][725]LogModuleManager: Shutting down and abandoning module SSL (56)
[2025.09.26-18.15.08:326][725]LogModuleManager: Shutting down and abandoning module WmfMedia (52)
[2025.09.26-18.15.08:327][725]LogModuleManager: Shutting down and abandoning module Media (51)
[2025.09.26-18.15.08:327][725]LogModuleManager: Shutting down and abandoning module MagicLeap (48)
[2025.09.26-18.15.08:327][725]LogModuleManager: Shutting down and abandoning module DatasmithContent (46)
[2025.09.26-18.15.08:327][725]LogModuleManager: Shutting down and abandoning module AISupportModule (44)
[2025.09.26-18.15.08:327][725]LogModuleManager: Shutting down and abandoning module PlatformCryptoOpenSSL (42)
[2025.09.26-18.15.08:327][725]LogModuleManager: Shutting down and abandoning module PlatformCrypto (40)
[2025.09.26-18.15.08:327][725]LogModuleManager: Shutting down and abandoning module AnimationModifiers (38)
[2025.09.26-18.15.08:327][725]LogModuleManager: Shutting down and abandoning module PropertyEditor (37)
[2025.09.26-18.15.08:328][725]LogModuleManager: Shutting down and abandoning module AudioEditor (34)
[2025.09.26-18.15.08:328][725]LogModuleManager: Shutting down and abandoning module TextureCompressor (32)
[2025.09.26-18.15.08:328][725]LogModuleManager: Shutting down and abandoning module RenderCore (30)
[2025.09.26-18.15.08:328][725]LogModuleManager: Shutting down and abandoning module Landscape (28)
[2025.09.26-18.15.08:328][725]LogModuleManager: Shutting down and abandoning module SlateRHIRenderer (26)
[2025.09.26-18.15.08:329][725]LogModuleManager: Shutting down and abandoning module OpenGLDrv (24)
[2025.09.26-18.15.08:329][725]LogModuleManager: Shutting down and abandoning module D3D11RHI (22)
[2025.09.26-18.15.08:329][725]LogModuleManager: Shutting down and abandoning module AnimGraphRuntime (20)
[2025.09.26-18.15.08:329][725]LogModuleManager: Shutting down and abandoning module Renderer (18)
[2025.09.26-18.15.08:329][725]LogModuleManager: Shutting down and abandoning module Engine (16)
[2025.09.26-18.15.08:329][725]LogModuleManager: Shutting down and abandoning module CoreUObject (14)
[2025.09.26-18.15.08:329][725]LogModuleManager: Shutting down and abandoning module NetworkFile (12)
[2025.09.26-18.15.08:329][725]LogModuleManager: Shutting down and abandoning module CookedIterativeFile (10)
[2025.09.26-18.15.08:329][725]LogModuleManager: Shutting down and abandoning module StreamingFile (8)
[2025.09.26-18.15.08:329][725]LogModuleManager: Shutting down and abandoning module SandboxFile (6)
[2025.09.26-18.15.08:329][725]LogModuleManager: Shutting down and abandoning module PakFile (4)
[2025.09.26-18.15.08:329][725]LogModuleManager: Shutting down and abandoning module RSA (3)
[2025.09.26-18.15.08:329][725]LogD3D11RHI: Shutdown
[2025.09.26-18.15.08:329][725]LogD3D11RHI: CleanupD3DDevice
[2025.09.26-18.15.08:330][725]LogRendererCore: FGlobalDynamicReadBuffer::Cleanup()
[2025.09.26-18.15.08:330][725]LogRendererCore: FGlobalDynamicReadBuffer::Cleanup()
[2025.09.26-18.15.08:330][725]LogRendererCore: FGlobalDynamicReadBuffer::Cleanup()
[2025.09.26-18.15.08:402][725]LogD3D11RHI: ~FD3D11DynamicRHI
[2025.09.26-18.15.08:410][725]LogExit: Exiting.
[2025.09.26-18.15.08:422][725]Log file closed, 09/26/25 21:15:08
