Log file open, 09/25/25 22:12:46
LogWindows: Failed to load 'aqProf.dll' (GetLastError=126)
LogWindows: File 'aqProf.dll' does not exist
LogWindows: Failed to load 'VtuneApi.dll' (GetLastError=126)
LogWindows: File 'VtuneApi.dll' does not exist
LogWindows: Failed to load 'VtuneApi32e.dll' (GetLastError=126)
LogWindows: File 'VtuneApi32e.dll' does not exist
LogConsoleResponse: Display: Failed to find resolution value strings in scalability ini. Falling back to default.
LogInit: Display: Running engine for game: GameJamCrew
LogPlatformFile: Not using cached read wrapper
LogTaskGraph: Started task graph with 5 named threads and 47 total threads with 3 sets of task threads.
LogStats: Stats thread started at 0.038655
LogD3D11RHI: Loaded GFSDK_Aftermath_Lib.x64.dll
LogICUInternationalization: ICU TimeZone Detection - Raw Offset: +2:00, Platform Override: ''
LogPluginManager: Display: Disabled plugin 'FMODStudio', continuing.
LogPluginManager: Mounting plugin Paper2D
LogPluginManager: Mounting plugin AISupport
LogPluginManager: Mounting plugin LightPropagationVolume
LogPluginManager: Mounting plugin ActorLayerUtilities
LogPluginManager: Mounting plugin AnimationSharing
LogPluginManager: Mounting plugin CLionSourceCodeAccess
LogPluginManager: Mounting plugin CodeLiteSourceCodeAccess
LogPluginManager: Mounting plugin GitSourceControl
LogPluginManager: Mounting plugin KDevelopSourceCodeAccess
LogPluginManager: Mounting plugin NullSourceCodeAccess
LogPluginManager: Mounting plugin PerforceSourceControl
LogPluginManager: Mounting plugin SubversionSourceControl
LogPluginManager: Mounting plugin UObjectPlugin
LogPluginManager: Mounting plugin VisualStudioCodeSourceCodeAccess
LogPluginManager: Mounting plugin VisualStudioSourceCodeAccess
LogPluginManager: Mounting plugin XCodeSourceCodeAccess
LogPluginManager: Mounting plugin AssetManagerEditor
LogPluginManager: Mounting plugin CryptoKeys
LogPluginManager: Mounting plugin CurveEditorTools
LogPluginManager: Mounting plugin DataValidation
LogPluginManager: Mounting plugin FacialAnimation
LogPluginManager: Mounting plugin GameplayTagsEditor
LogPluginManager: Mounting plugin MacGraphicsSwitching
LogPluginManager: Mounting plugin MaterialAnalyzer
LogPluginManager: Mounting plugin MobileLauncherProfileWizard
LogPluginManager: Mounting plugin PluginBrowser
LogPluginManager: Mounting plugin SpeedTreeImporter
LogPluginManager: Mounting plugin DatasmithContent
LogPluginManager: Mounting plugin VariantManagerContent
LogPluginManager: Mounting plugin AlembicImporter
LogPluginManager: Mounting plugin AutomationUtils
LogPluginManager: Mounting plugin BackChannel
LogPluginManager: Mounting plugin CharacterAI
LogPluginManager: Mounting plugin GeometryCache
LogPluginManager: Mounting plugin HTML5Networking
LogPluginManager: Mounting plugin PlatformCrypto
LogPluginManager: Mounting plugin ProxyLODPlugin
LogPluginManager: Mounting plugin SkeletalReduction
LogPluginManager: Mounting plugin MagicLeap
LogPluginManager: Mounting plugin MagicLeapMedia
LogPluginManager: Mounting plugin AndroidMedia
LogPluginManager: Mounting plugin AvfMedia
LogPluginManager: Mounting plugin ImgMedia
LogPluginManager: Mounting plugin MediaCompositing
LogPluginManager: Mounting plugin MediaPlayerEditor
LogPluginManager: Mounting plugin WebMMedia
LogPluginManager: Mounting plugin WmfMedia
LogPluginManager: Mounting plugin TcpMessaging
LogPluginManager: Mounting plugin UdpMessaging
LogPluginManager: Mounting plugin ActorSequence
LogPluginManager: Mounting plugin LevelSequenceEditor
LogPluginManager: Mounting plugin MatineeToLevelSequence
LogPluginManager: Mounting plugin NetcodeUnitTest
LogPluginManager: Mounting plugin NUTUnrealEngine4
LogPluginManager: Mounting plugin OnlineSubsystemGooglePlay
LogPluginManager: Mounting plugin OnlineSubsystemIOS
LogPluginManager: Mounting plugin OnlineSubsystem
LogPluginManager: Mounting plugin OnlineSubsystemNull
LogPluginManager: Mounting plugin OnlineSubsystemUtils
LogPluginManager: Mounting plugin LauncherChunkInstaller
LogPluginManager: Mounting plugin AndroidDeviceProfileSelector
LogPluginManager: Mounting plugin AndroidMoviePlayer
LogPluginManager: Mounting plugin AndroidPermission
LogPluginManager: Mounting plugin AppleImageUtils
LogPluginManager: Mounting plugin AppleMoviePlayer
LogPluginManager: Mounting plugin ArchVisCharacter
LogPluginManager: Mounting plugin AudioCapture
LogPluginManager: Mounting plugin CableComponent
LogPluginManager: Mounting plugin CustomMeshComponent
LogPluginManager: Mounting plugin EditableMesh
LogPluginManager: Mounting plugin ExampleDeviceProfileSelector
LogPluginManager: Mounting plugin GoogleCloudMessaging
LogPluginManager: Mounting plugin IOSDeviceProfileSelector
LogPluginManager: Mounting plugin LinuxDeviceProfileSelector
LogPluginManager: Mounting plugin LocationServicesBPLibrary
LogPluginManager: Mounting plugin MobilePatchingUtils
LogPluginManager: Mounting plugin OculusVR
LogPluginManager: Mounting plugin PhysXVehicles
LogPluginManager: Mounting plugin ProceduralMeshComponent
LogPluginManager: Mounting plugin RuntimePhysXCooking
LogPluginManager: Mounting plugin SignificanceManager
LogPluginManager: Mounting plugin SteamVR
LogPluginManager: Mounting plugin WebMMoviePlayer
LogPluginManager: Mounting plugin WindowsMoviePlayer
LogPluginManager: Mounting plugin ScreenshotTools
LogInit: Using libcurl 7.55.1-DEV
LogInit:  - built for x86_64-pc-win32
LogInit:  - supports SSL with OpenSSL/1.1.1
LogInit:  - supports HTTP deflate (compression) using libz 1.2.8
LogInit:  - other features:
LogInit:      CURL_VERSION_SSL
LogInit:      CURL_VERSION_LIBZ
LogInit:      CURL_VERSION_IPV6
LogInit:      CURL_VERSION_ASYNCHDNS
LogInit:      CURL_VERSION_LARGEFILE
LogInit:      CURL_VERSION_IDN
LogInit:  CurlRequestOptions (configurable via config and command line):
LogInit:  - bVerifyPeer = true  - Libcurl will verify peer certificate
LogInit:  - bUseHttpProxy = false  - Libcurl will NOT use HTTP proxy
LogInit:  - bDontReuseConnections = false  - Libcurl will reuse connections
LogInit:  - MaxHostConnections = 16  - Libcurl will limit the number of connections to a host
LogInit:  - LocalHostAddr = Default
LogInit:  - BufferSize = 65536
LogOnline: OSS: Creating online subsystem instance for: NULL
LogInit: WinSock: version 1.1 (2.2), MaxSocks=32767, MaxUdp=65467
LogInit: Build: ++UE4+Release-4.23-CL-9631420
LogInit: Engine Version: 4.23.1-9631420+++UE4+Release-4.23
LogInit: Compatible Engine Version: 4.23.0-8386587+++UE4+Release-4.23
LogInit: Net CL: 8386587
LogInit: OS: Windows 10 (Release 2009) (), CPU: AMD Ryzen 7 9700X 8-Core Processor             , GPU: NVIDIA GeForce RTX 5070
LogInit: Compiled (64-bit): Oct 18 2019 02:07:44
LogInit: Compiled with Visual C++: 19.16.27030.01
LogInit: Build Configuration: Development
LogInit: Branch Name: ++UE4+Release-4.23
LogInit: Command Line:  -AUTH_LOGIN=unused -AUTH_PASSWORD=1bf1655d78224f648afbf98850a8920c -AUTH_TYPE=exchangecode -epicapp=UE_4.23 -epicenv=Prod -EpicPortal -epicusername=KLIX100 -epicuserid=817ac0c8b8ec4586b1a7d191863bddae -epiclocale=en -epicsandboxid=ue
LogInit: Base Directory: C:/Program Files/Epic Games/UE_4.23/Engine/Binaries/Win64/
LogInit: Installed Engine Build: 1
LogDevObjectVersion: Number of dev versions registered: 23
LogDevObjectVersion:   Dev-Blueprints (B0D832E4-1F89-4F0D-ACCF-7EB736FD4AA2): 10
LogDevObjectVersion:   Dev-Build (E1C64328-A22C-4D53-A36C-8E866417BD8C): 0
LogDevObjectVersion:   Dev-Core (375EC13C-06E4-48FB-B500-84F0262A717E): 3
LogDevObjectVersion:   Dev-Editor (E4B068ED-F494-42E9-A231-DA0B2E46BB41): 34
LogDevObjectVersion:   Dev-Framework (CFFC743F-43B0-4480-9391-14DF171D2073): 35
LogDevObjectVersion:   Dev-Mobile (B02B49B5-BB20-44E9-A304-32B752E40360): 2
LogDevObjectVersion:   Dev-Networking (A4E4105C-59A1-49B5-A7C5-40C4547EDFEE): 0
LogDevObjectVersion:   Dev-Online (39C831C9-5AE6-47DC-9A44-9C173E1C8E7C): 0
LogDevObjectVersion:   Dev-Physics (78F01B33-EBEA-4F98-B9B4-84EACCB95AA2): 0
LogDevObjectVersion:   Dev-Platform (6631380F-2D4D-43E0-8009-CF276956A95A): 0
LogDevObjectVersion:   Dev-Rendering (12F88B9F-8875-4AFC-A67C-D90C383ABD29): 31
LogDevObjectVersion:   Dev-Sequencer (7B5AE74C-D270-4C10-A958-57980B212A5A): 11
LogDevObjectVersion:   Dev-VR (D7296918-1DD6-4BDD-9DE2-64A83CC13884): 2
LogDevObjectVersion:   Dev-LoadTimes (C2A15278-BFE7-4AFE-6C17-90FF531DF755): 1
LogDevObjectVersion:   Private-Geometry (6EACA3D4-40EC-4CC1-B786-8BED09428FC5): 3
LogDevObjectVersion:   Dev-AnimPhys (29E575DD-E0A3-4627-9D10-D276232CDCEA): 17
LogDevObjectVersion:   Dev-Anim (AF43A65D-7FD3-4947-9873-3E8ED9C1BB05): 2
LogDevObjectVersion:   Dev-ReflectionCapture (6B266CEC-1EC7-4B8F-A30B-E4D90942FC07): 1
LogDevObjectVersion:   Dev-Automation (0DF73D61-A23F-47EA-B727-89E90C41499A): 1
LogDevObjectVersion:   FortniteMain (601D1886-AC64-4F84-AA16-D3DE0DEAC7D6): 27
LogDevObjectVersion:   Dev-Enterprise (9DFFBCD6-494F-0158-E221-12823C92A888): 6
LogDevObjectVersion:   Dev-Niagara (F2AED0AC-9AFE-416F-8664-AA7FFA26D6FC): 1
LogDevObjectVersion:   Dev-Destruction (174F1F0B-B4C6-45A5-B13F-2EE8D0FB917D): 9
LogInit: Presizing for max 16777216 objects, including 0 objects not considered by GC, pre-allocating 0 bytes for permanent pool.
LogInit: Object subsystem initialized
LogConfig: Setting CVar [[con.DebugEarlyDefault:1]]
LogConfig: Setting CVar [[r.setres:1280x720]]
[2025.09.25-19.12.46:865][  0]LogConfig: Setting CVar [[r.VSync:0]]
[2025.09.25-19.12.46:865][  0]LogConfig: Setting CVar [[r.RHICmdBypass:0]]
[2025.09.25-19.12.46:865][  0]LogConfig: Applying CVar settings from Section [/Script/Engine.RendererSettings] File [E:/GameDev/hggjam/GameJamHGGUnreal4.23.1/GameJamCrew/Saved/Config/Windows/Engine.ini]
[2025.09.25-19.12.46:865][  0]LogConfig: Setting CVar [[r.GPUCrashDebugging:0]]
[2025.09.25-19.12.46:865][  0]LogConfig: Applying CVar settings from Section [/Script/Engine.RendererOverrideSettings] File [E:/GameDev/hggjam/GameJamHGGUnreal4.23.1/GameJamCrew/Saved/Config/Windows/Engine.ini]
[2025.09.25-19.12.46:865][  0]LogConfig: Applying CVar settings from Section [/Script/Engine.StreamingSettings] File [E:/GameDev/hggjam/GameJamHGGUnreal4.23.1/GameJamCrew/Saved/Config/Windows/Engine.ini]
[2025.09.25-19.12.46:865][  0]LogConfig: Setting CVar [[s.MinBulkDataSizeForAsyncLoading:131072]]
[2025.09.25-19.12.46:865][  0]LogConfig: Setting CVar [[s.AsyncLoadingThreadEnabled:0]]
[2025.09.25-19.12.46:865][  0]LogConfig: Setting CVar [[s.EventDrivenLoaderEnabled:1]]
[2025.09.25-19.12.46:865][  0]LogConfig: Setting CVar [[s.WarnIfTimeLimitExceeded:0]]
[2025.09.25-19.12.46:865][  0]LogConfig: Setting CVar [[s.TimeLimitExceededMultiplier:1.5]]
[2025.09.25-19.12.46:865][  0]LogConfig: Setting CVar [[s.TimeLimitExceededMinTime:0.005]]
[2025.09.25-19.12.46:865][  0]LogConfig: Setting CVar [[s.UseBackgroundLevelStreaming:1]]
[2025.09.25-19.12.46:865][  0]LogConfig: Setting CVar [[s.PriorityAsyncLoadingExtraTime:15.0]]
[2025.09.25-19.12.46:865][  0]LogConfig: Setting CVar [[s.LevelStreamingActorsUpdateTimeLimit:5.0]]
[2025.09.25-19.12.46:865][  0]LogConfig: Setting CVar [[s.PriorityLevelStreamingActorsUpdateExtraTime:5.0]]
[2025.09.25-19.12.46:865][  0]LogConfig: Setting CVar [[s.LevelStreamingComponentsRegistrationGranularity:10]]
[2025.09.25-19.12.46:865][  0]LogConfig: Setting CVar [[s.UnregisterComponentsTimeLimit:1.0]]
[2025.09.25-19.12.46:865][  0]LogConfig: Setting CVar [[s.LevelStreamingComponentsUnregistrationGranularity:5]]
[2025.09.25-19.12.46:865][  0]LogConfig: Applying CVar settings from Section [/Script/Engine.GarbageCollectionSettings] File [E:/GameDev/hggjam/GameJamHGGUnreal4.23.1/GameJamCrew/Saved/Config/Windows/Engine.ini]
[2025.09.25-19.12.46:865][  0]LogConfig: Setting CVar [[gc.MaxObjectsNotConsideredByGC:1]]
[2025.09.25-19.12.46:865][  0]LogConfig: Setting CVar [[gc.SizeOfPermanentObjectPool:0]]
[2025.09.25-19.12.46:865][  0]LogConfig: Setting CVar [[gc.FlushStreamingOnGC:0]]
[2025.09.25-19.12.46:865][  0]LogConfig: Setting CVar [[gc.NumRetriesBeforeForcingGC:10]]
[2025.09.25-19.12.46:865][  0]LogConfig: Setting CVar [[gc.AllowParallelGC:1]]
[2025.09.25-19.12.46:865][  0]LogConfig: Setting CVar [[gc.TimeBetweenPurgingPendingKillObjects:61.1]]
[2025.09.25-19.12.46:865][  0]LogConfig: Setting CVar [[gc.MaxObjectsInEditor:16777216]]
[2025.09.25-19.12.46:865][  0]LogConfig: Setting CVar [[gc.IncrementalBeginDestroyEnabled:1]]
[2025.09.25-19.12.46:865][  0]LogConfig: Setting CVar [[gc.CreateGCClusters:1]]
[2025.09.25-19.12.46:865][  0]LogConfig: Setting CVar [[gc.MinGCClusterSize:5]]
[2025.09.25-19.12.46:865][  0]LogConfig: Setting CVar [[gc.ActorClusteringEnabled:0]]
[2025.09.25-19.12.46:865][  0]LogConfig: Setting CVar [[gc.BlueprintClusteringEnabled:0]]
[2025.09.25-19.12.46:865][  0]LogConfig: Setting CVar [[gc.UseDisregardForGCOnDedicatedServers:0]]
[2025.09.25-19.12.46:865][  0]LogConfig: Applying CVar settings from Section [/Script/Engine.NetworkSettings] File [E:/GameDev/hggjam/GameJamHGGUnreal4.23.1/GameJamCrew/Saved/Config/Windows/Engine.ini]
[2025.09.25-19.12.46:865][  0]LogConfig: Applying CVar settings from Section [/Script/UnrealEd.CookerSettings] File [E:/GameDev/hggjam/GameJamHGGUnreal4.23.1/GameJamCrew/Saved/Config/Windows/Engine.ini]
[2025.09.25-19.12.46:866][  0]LogConfig: Applying CVar settings from Section [ViewDistanceQuality@3] File [E:/GameDev/hggjam/GameJamHGGUnreal4.23.1/GameJamCrew/Saved/Config/Windows/Scalability.ini]
[2025.09.25-19.12.46:866][  0]LogConfig: Setting CVar [[r.SkeletalMeshLODBias:0]]
[2025.09.25-19.12.46:866][  0]LogConfig: Setting CVar [[r.ViewDistanceScale:1.0]]
[2025.09.25-19.12.46:866][  0]LogConfig: Applying CVar settings from Section [AntiAliasingQuality@3] File [E:/GameDev/hggjam/GameJamHGGUnreal4.23.1/GameJamCrew/Saved/Config/Windows/Scalability.ini]
[2025.09.25-19.12.46:866][  0]LogConfig: Setting CVar [[r.PostProcessAAQuality:4]]
[2025.09.25-19.12.46:866][  0]LogConfig: Applying CVar settings from Section [ShadowQuality@3] File [E:/GameDev/hggjam/GameJamHGGUnreal4.23.1/GameJamCrew/Saved/Config/Windows/Scalability.ini]
[2025.09.25-19.12.46:866][  0]LogConfig: Setting CVar [[r.LightFunctionQuality:1]]
[2025.09.25-19.12.46:866][  0]LogConfig: Setting CVar [[r.ShadowQuality:5]]
[2025.09.25-19.12.46:866][  0]LogConfig: Setting CVar [[r.Shadow.CSM.MaxCascades:10]]
[2025.09.25-19.12.46:866][  0]LogConfig: Setting CVar [[r.Shadow.MaxResolution:2048]]
[2025.09.25-19.12.46:866][  0]LogConfig: Setting CVar [[r.Shadow.MaxCSMResolution:2048]]
[2025.09.25-19.12.46:866][  0]LogConfig: Setting CVar [[r.Shadow.RadiusThreshold:0.01]]
[2025.09.25-19.12.46:866][  0]LogConfig: Setting CVar [[r.Shadow.DistanceScale:1.0]]
[2025.09.25-19.12.46:866][  0]LogConfig: Setting CVar [[r.Shadow.CSM.TransitionScale:1.0]]
[2025.09.25-19.12.46:866][  0]LogConfig: Setting CVar [[r.Shadow.PreShadowResolutionFactor:1.0]]
[2025.09.25-19.12.46:866][  0]LogConfig: Setting CVar [[r.DistanceFieldShadowing:1]]
[2025.09.25-19.12.46:866][  0]LogConfig: Setting CVar [[r.DistanceFieldAO:1]]
[2025.09.25-19.12.46:866][  0]LogConfig: Setting CVar [[r.AOQuality:2]]
[2025.09.25-19.12.46:866][  0]LogConfig: Setting CVar [[r.VolumetricFog:1]]
[2025.09.25-19.12.46:866][  0]LogConfig: Setting CVar [[r.VolumetricFog.GridPixelSize:8]]
[2025.09.25-19.12.46:866][  0]LogConfig: Setting CVar [[r.VolumetricFog.GridSizeZ:128]]
[2025.09.25-19.12.46:866][  0]LogConfig: Setting CVar [[r.VolumetricFog.HistoryMissSupersampleCount:4]]
[2025.09.25-19.12.46:866][  0]LogConfig: Setting CVar [[r.LightMaxDrawDistanceScale:1]]
[2025.09.25-19.12.46:866][  0]LogConfig: Setting CVar [[r.CapsuleShadows:1]]
[2025.09.25-19.12.46:866][  0]LogConfig: Applying CVar settings from Section [PostProcessQuality@3] File [E:/GameDev/hggjam/GameJamHGGUnreal4.23.1/GameJamCrew/Saved/Config/Windows/Scalability.ini]
[2025.09.25-19.12.46:866][  0]LogConfig: Setting CVar [[r.MotionBlurQuality:4]]
[2025.09.25-19.12.46:866][  0]LogConfig: Setting CVar [[r.AmbientOcclusionMipLevelFactor:0.4]]
[2025.09.25-19.12.46:866][  0]LogConfig: Setting CVar [[r.AmbientOcclusionMaxQuality:100]]
[2025.09.25-19.12.46:866][  0]LogConfig: Setting CVar [[r.AmbientOcclusionLevels:-1]]
[2025.09.25-19.12.46:866][  0]LogConfig: Setting CVar [[r.AmbientOcclusionRadiusScale:1.0]]
[2025.09.25-19.12.46:866][  0]LogConfig: Setting CVar [[r.DepthOfFieldQuality:2]]
[2025.09.25-19.12.46:866][  0]LogConfig: Setting CVar [[r.RenderTargetPoolMin:400]]
[2025.09.25-19.12.46:866][  0]LogConfig: Setting CVar [[r.LensFlareQuality:2]]
[2025.09.25-19.12.46:866][  0]LogConfig: Setting CVar [[r.SceneColorFringeQuality:1]]
[2025.09.25-19.12.46:866][  0]LogConfig: Setting CVar [[r.EyeAdaptationQuality:2]]
[2025.09.25-19.12.46:866][  0]LogConfig: Setting CVar [[r.BloomQuality:5]]
[2025.09.25-19.12.46:866][  0]LogConfig: Setting CVar [[r.FastBlurThreshold:100]]
[2025.09.25-19.12.46:866][  0]LogConfig: Setting CVar [[r.Upscale.Quality:3]]
[2025.09.25-19.12.46:866][  0]LogConfig: Setting CVar [[r.Tonemapper.GrainQuantization:1]]
[2025.09.25-19.12.46:866][  0]LogConfig: Setting CVar [[r.LightShaftQuality:1]]
[2025.09.25-19.12.46:866][  0]LogConfig: Setting CVar [[r.Filter.SizeScale:1]]
[2025.09.25-19.12.46:866][  0]LogConfig: Setting CVar [[r.Tonemapper.Quality:5]]
[2025.09.25-19.12.46:866][  0]LogConfig: Setting CVar [[r.DOF.Gather.AccumulatorQuality:1        ; higher gathering accumulator quality]]
[2025.09.25-19.12.46:866][  0]LogConfig: Setting CVar [[r.DOF.Gather.PostfilterMethod:1          ; Median3x3 postfilering method]]
[2025.09.25-19.12.46:866][  0]LogConfig: Setting CVar [[r.DOF.Gather.EnableBokehSettings:0       ; no bokeh simulation when gathering]]
[2025.09.25-19.12.46:868][  0]LogConfig: Setting CVar [[r.DOF.Gather.RingCount:4                 ; medium number of samples when gathering]]
[2025.09.25-19.12.46:868][  0]LogConfig: Setting CVar [[r.DOF.Scatter.ForegroundCompositing:1    ; additive foreground scattering]]
[2025.09.25-19.12.46:868][  0]LogConfig: Setting CVar [[r.DOF.Scatter.BackgroundCompositing:2    ; additive background scattering]]
[2025.09.25-19.12.46:868][  0]LogConfig: Setting CVar [[r.DOF.Scatter.EnableBokehSettings:1      ; bokeh simulation when scattering]]
[2025.09.25-19.12.46:868][  0]LogConfig: Setting CVar [[r.DOF.Scatter.MaxSpriteRatio:0.1         ; only a maximum of 10% of scattered bokeh]]
[2025.09.25-19.12.46:868][  0]LogConfig: Setting CVar [[r.DOF.Recombine.Quality:1                ; cheap slight out of focus]]
[2025.09.25-19.12.46:868][  0]LogConfig: Setting CVar [[r.DOF.Recombine.EnableBokehSettings:0    ; no bokeh simulation on slight out of focus]]
[2025.09.25-19.12.46:868][  0]LogConfig: Setting CVar [[r.DOF.TemporalAAQuality:1                ; more stable temporal accumulation]]
[2025.09.25-19.12.46:868][  0]LogConfig: Setting CVar [[r.DOF.Kernel.MaxForegroundRadius:0.025]]
[2025.09.25-19.12.46:868][  0]LogConfig: Setting CVar [[r.DOF.Kernel.MaxBackgroundRadius:0.025]]
[2025.09.25-19.12.46:868][  0]LogConfig: Applying CVar settings from Section [TextureQuality@3] File [E:/GameDev/hggjam/GameJamHGGUnreal4.23.1/GameJamCrew/Saved/Config/Windows/Scalability.ini]
[2025.09.25-19.12.46:868][  0]LogConfig: Setting CVar [[r.Streaming.MipBias:0]]
[2025.09.25-19.12.46:868][  0]LogConfig: Setting CVar [[r.Streaming.AmortizeCPUToGPUCopy:0]]
[2025.09.25-19.12.46:868][  0]LogConfig: Setting CVar [[r.Streaming.MaxNumTexturesToStreamPerFrame:0]]
[2025.09.25-19.12.46:868][  0]LogConfig: Setting CVar [[r.Streaming.Boost:1]]
[2025.09.25-19.12.46:868][  0]LogConfig: Setting CVar [[r.MaxAnisotropy:8]]
[2025.09.25-19.12.46:868][  0]LogConfig: Setting CVar [[r.Streaming.LimitPoolSizeToVRAM:0]]
[2025.09.25-19.12.46:868][  0]LogConfig: Setting CVar [[r.Streaming.PoolSize:1000]]
[2025.09.25-19.12.46:868][  0]LogConfig: Setting CVar [[r.Streaming.MaxEffectiveScreenSize:0]]
[2025.09.25-19.12.46:868][  0]LogConfig: Applying CVar settings from Section [EffectsQuality@3] File [E:/GameDev/hggjam/GameJamHGGUnreal4.23.1/GameJamCrew/Saved/Config/Windows/Scalability.ini]
[2025.09.25-19.12.46:868][  0]LogConfig: Setting CVar [[r.TranslucencyLightingVolumeDim:64]]
[2025.09.25-19.12.46:868][  0]LogConfig: Setting CVar [[r.RefractionQuality:2]]
[2025.09.25-19.12.46:868][  0]LogConfig: Setting CVar [[r.SSR.Quality:3]]
[2025.09.25-19.12.46:868][  0]LogConfig: Setting CVar [[r.SceneColorFormat:4]]
[2025.09.25-19.12.46:868][  0]LogConfig: Setting CVar [[r.DetailMode:2]]
[2025.09.25-19.12.46:868][  0]LogConfig: Setting CVar [[r.TranslucencyVolumeBlur:1]]
[2025.09.25-19.12.46:868][  0]LogConfig: Setting CVar [[r.MaterialQualityLevel:1 ; High quality]]
[2025.09.25-19.12.46:868][  0]LogConfig: Setting CVar [[r.SSS.Scale:1]]
[2025.09.25-19.12.46:868][  0]LogConfig: Setting CVar [[r.SSS.SampleSet:2]]
[2025.09.25-19.12.46:868][  0]LogConfig: Setting CVar [[r.SSS.Quality:1]]
[2025.09.25-19.12.46:868][  0]LogConfig: Setting CVar [[r.SSS.HalfRes:1]]
[2025.09.25-19.12.46:868][  0]LogConfig: Setting CVar [[r.EmitterSpawnRateScale:1.0]]
[2025.09.25-19.12.46:868][  0]LogConfig: Setting CVar [[r.ParticleLightQuality:2]]
[2025.09.25-19.12.46:868][  0]LogConfig: Applying CVar settings from Section [FoliageQuality@3] File [E:/GameDev/hggjam/GameJamHGGUnreal4.23.1/GameJamCrew/Saved/Config/Windows/Scalability.ini]
[2025.09.25-19.12.46:868][  0]LogConfig: Setting CVar [[foliage.DensityScale:1.0]]
[2025.09.25-19.12.46:868][  0]LogConfig: Setting CVar [[grass.DensityScale:1.0]]
[2025.09.25-19.12.46:868][  0]LogInit: Selected Device Profile: [Windows]
[2025.09.25-19.12.46:868][  0]LogInit: Applying CVar settings loaded from the selected device profile: [Windows]
[2025.09.25-19.12.46:869][  0]LogHAL: Display: Platform has ~ 62 GB [66126716928 / 68719476736 / 62], which maps to Largest [LargestMinGB=32, LargerMinGB=12, DefaultMinGB=8, SmallerMinGB=6, SmallestMinGB=0)
[2025.09.25-19.12.46:869][  0]LogInit: Going up to parent DeviceProfile []
[2025.09.25-19.12.46:869][  0]LogConfig: Applying CVar settings from Section [ViewDistanceQuality@3] File [E:/GameDev/hggjam/GameJamHGGUnreal4.23.1/GameJamCrew/Saved/Config/Windows/Scalability.ini]
[2025.09.25-19.12.46:869][  0]LogConfig: Setting CVar [[r.SkeletalMeshLODBias:0]]
[2025.09.25-19.12.46:869][  0]LogConfig: Setting CVar [[r.ViewDistanceScale:1.0]]
[2025.09.25-19.12.46:869][  0]LogConfig: Applying CVar settings from Section [AntiAliasingQuality@3] File [E:/GameDev/hggjam/GameJamHGGUnreal4.23.1/GameJamCrew/Saved/Config/Windows/Scalability.ini]
[2025.09.25-19.12.46:869][  0]LogConfig: Setting CVar [[r.PostProcessAAQuality:4]]
[2025.09.25-19.12.46:869][  0]LogConfig: Applying CVar settings from Section [ShadowQuality@3] File [E:/GameDev/hggjam/GameJamHGGUnreal4.23.1/GameJamCrew/Saved/Config/Windows/Scalability.ini]
[2025.09.25-19.12.46:869][  0]LogConfig: Setting CVar [[r.LightFunctionQuality:1]]
[2025.09.25-19.12.46:869][  0]LogConfig: Setting CVar [[r.ShadowQuality:5]]
[2025.09.25-19.12.46:869][  0]LogConfig: Setting CVar [[r.Shadow.CSM.MaxCascades:10]]
[2025.09.25-19.12.46:869][  0]LogConfig: Setting CVar [[r.Shadow.MaxResolution:2048]]
[2025.09.25-19.12.46:869][  0]LogConfig: Setting CVar [[r.Shadow.MaxCSMResolution:2048]]
[2025.09.25-19.12.46:869][  0]LogConfig: Setting CVar [[r.Shadow.RadiusThreshold:0.01]]
[2025.09.25-19.12.46:869][  0]LogConfig: Setting CVar [[r.Shadow.DistanceScale:1.0]]
[2025.09.25-19.12.46:869][  0]LogConfig: Setting CVar [[r.Shadow.CSM.TransitionScale:1.0]]
[2025.09.25-19.12.46:869][  0]LogConfig: Setting CVar [[r.Shadow.PreShadowResolutionFactor:1.0]]
[2025.09.25-19.12.46:869][  0]LogConfig: Setting CVar [[r.DistanceFieldShadowing:1]]
[2025.09.25-19.12.46:869][  0]LogConfig: Setting CVar [[r.DistanceFieldAO:1]]
[2025.09.25-19.12.46:869][  0]LogConfig: Setting CVar [[r.AOQuality:2]]
[2025.09.25-19.12.46:869][  0]LogConfig: Setting CVar [[r.VolumetricFog:1]]
[2025.09.25-19.12.46:869][  0]LogConfig: Setting CVar [[r.VolumetricFog.GridPixelSize:8]]
[2025.09.25-19.12.46:869][  0]LogConfig: Setting CVar [[r.VolumetricFog.GridSizeZ:128]]
[2025.09.25-19.12.46:869][  0]LogConfig: Setting CVar [[r.VolumetricFog.HistoryMissSupersampleCount:4]]
[2025.09.25-19.12.46:869][  0]LogConfig: Setting CVar [[r.LightMaxDrawDistanceScale:1]]
[2025.09.25-19.12.46:869][  0]LogConfig: Setting CVar [[r.CapsuleShadows:1]]
[2025.09.25-19.12.46:869][  0]LogConfig: Applying CVar settings from Section [PostProcessQuality@3] File [E:/GameDev/hggjam/GameJamHGGUnreal4.23.1/GameJamCrew/Saved/Config/Windows/Scalability.ini]
[2025.09.25-19.12.46:869][  0]LogConfig: Setting CVar [[r.MotionBlurQuality:4]]
[2025.09.25-19.12.46:869][  0]LogConfig: Setting CVar [[r.AmbientOcclusionMipLevelFactor:0.4]]
[2025.09.25-19.12.46:869][  0]LogConfig: Setting CVar [[r.AmbientOcclusionMaxQuality:100]]
[2025.09.25-19.12.46:869][  0]LogConfig: Setting CVar [[r.AmbientOcclusionLevels:-1]]
[2025.09.25-19.12.46:869][  0]LogConfig: Setting CVar [[r.AmbientOcclusionRadiusScale:1.0]]
[2025.09.25-19.12.46:869][  0]LogConfig: Setting CVar [[r.DepthOfFieldQuality:2]]
[2025.09.25-19.12.46:869][  0]LogConfig: Setting CVar [[r.RenderTargetPoolMin:400]]
[2025.09.25-19.12.46:869][  0]LogConfig: Setting CVar [[r.LensFlareQuality:2]]
[2025.09.25-19.12.46:869][  0]LogConfig: Setting CVar [[r.SceneColorFringeQuality:1]]
[2025.09.25-19.12.46:869][  0]LogConfig: Setting CVar [[r.EyeAdaptationQuality:2]]
[2025.09.25-19.12.46:869][  0]LogConfig: Setting CVar [[r.BloomQuality:5]]
[2025.09.25-19.12.46:869][  0]LogConfig: Setting CVar [[r.FastBlurThreshold:100]]
[2025.09.25-19.12.46:870][  0]LogConfig: Setting CVar [[r.Upscale.Quality:3]]
[2025.09.25-19.12.46:870][  0]LogConfig: Setting CVar [[r.Tonemapper.GrainQuantization:1]]
[2025.09.25-19.12.46:870][  0]LogConfig: Setting CVar [[r.LightShaftQuality:1]]
[2025.09.25-19.12.46:870][  0]LogConfig: Setting CVar [[r.Filter.SizeScale:1]]
[2025.09.25-19.12.46:870][  0]LogConfig: Setting CVar [[r.Tonemapper.Quality:5]]
[2025.09.25-19.12.46:870][  0]LogConfig: Setting CVar [[r.DOF.Gather.AccumulatorQuality:1        ; higher gathering accumulator quality]]
[2025.09.25-19.12.46:870][  0]LogConfig: Setting CVar [[r.DOF.Gather.PostfilterMethod:1          ; Median3x3 postfilering method]]
[2025.09.25-19.12.46:870][  0]LogConfig: Setting CVar [[r.DOF.Gather.EnableBokehSettings:0       ; no bokeh simulation when gathering]]
[2025.09.25-19.12.46:870][  0]LogConfig: Setting CVar [[r.DOF.Gather.RingCount:4                 ; medium number of samples when gathering]]
[2025.09.25-19.12.46:870][  0]LogConfig: Setting CVar [[r.DOF.Scatter.ForegroundCompositing:1    ; additive foreground scattering]]
[2025.09.25-19.12.46:870][  0]LogConfig: Setting CVar [[r.DOF.Scatter.BackgroundCompositing:2    ; additive background scattering]]
[2025.09.25-19.12.46:870][  0]LogConfig: Setting CVar [[r.DOF.Scatter.EnableBokehSettings:1      ; bokeh simulation when scattering]]
[2025.09.25-19.12.46:870][  0]LogConfig: Setting CVar [[r.DOF.Scatter.MaxSpriteRatio:0.1         ; only a maximum of 10% of scattered bokeh]]
[2025.09.25-19.12.46:870][  0]LogConfig: Setting CVar [[r.DOF.Recombine.Quality:1                ; cheap slight out of focus]]
[2025.09.25-19.12.46:870][  0]LogConfig: Setting CVar [[r.DOF.Recombine.EnableBokehSettings:0    ; no bokeh simulation on slight out of focus]]
[2025.09.25-19.12.46:870][  0]LogConfig: Setting CVar [[r.DOF.TemporalAAQuality:1                ; more stable temporal accumulation]]
[2025.09.25-19.12.46:870][  0]LogConfig: Setting CVar [[r.DOF.Kernel.MaxForegroundRadius:0.025]]
[2025.09.25-19.12.46:870][  0]LogConfig: Setting CVar [[r.DOF.Kernel.MaxBackgroundRadius:0.025]]
[2025.09.25-19.12.46:870][  0]LogConfig: Applying CVar settings from Section [TextureQuality@3] File [E:/GameDev/hggjam/GameJamHGGUnreal4.23.1/GameJamCrew/Saved/Config/Windows/Scalability.ini]
[2025.09.25-19.12.46:870][  0]LogConfig: Setting CVar [[r.Streaming.MipBias:0]]
[2025.09.25-19.12.46:870][  0]LogConfig: Setting CVar [[r.Streaming.AmortizeCPUToGPUCopy:0]]
[2025.09.25-19.12.46:870][  0]LogConfig: Setting CVar [[r.Streaming.MaxNumTexturesToStreamPerFrame:0]]
[2025.09.25-19.12.46:870][  0]LogConfig: Setting CVar [[r.Streaming.Boost:1]]
[2025.09.25-19.12.46:870][  0]LogConfig: Setting CVar [[r.MaxAnisotropy:8]]
[2025.09.25-19.12.46:870][  0]LogConfig: Setting CVar [[r.Streaming.LimitPoolSizeToVRAM:0]]
[2025.09.25-19.12.46:870][  0]LogConfig: Setting CVar [[r.Streaming.PoolSize:1000]]
[2025.09.25-19.12.46:870][  0]LogConfig: Setting CVar [[r.Streaming.MaxEffectiveScreenSize:0]]
[2025.09.25-19.12.46:870][  0]LogConfig: Applying CVar settings from Section [EffectsQuality@3] File [E:/GameDev/hggjam/GameJamHGGUnreal4.23.1/GameJamCrew/Saved/Config/Windows/Scalability.ini]
[2025.09.25-19.12.46:870][  0]LogConfig: Setting CVar [[r.TranslucencyLightingVolumeDim:64]]
[2025.09.25-19.12.46:870][  0]LogConfig: Setting CVar [[r.RefractionQuality:2]]
[2025.09.25-19.12.46:870][  0]LogConfig: Setting CVar [[r.SSR.Quality:3]]
[2025.09.25-19.12.46:870][  0]LogConfig: Setting CVar [[r.SceneColorFormat:4]]
[2025.09.25-19.12.46:870][  0]LogConfig: Setting CVar [[r.DetailMode:2]]
[2025.09.25-19.12.46:870][  0]LogConfig: Setting CVar [[r.TranslucencyVolumeBlur:1]]
[2025.09.25-19.12.46:870][  0]LogConfig: Setting CVar [[r.MaterialQualityLevel:1 ; High quality]]
[2025.09.25-19.12.46:870][  0]LogConfig: Setting CVar [[r.SSS.Scale:1]]
[2025.09.25-19.12.46:870][  0]LogConfig: Setting CVar [[r.SSS.SampleSet:2]]
[2025.09.25-19.12.46:870][  0]LogConfig: Setting CVar [[r.SSS.Quality:1]]
[2025.09.25-19.12.46:870][  0]LogConfig: Setting CVar [[r.SSS.HalfRes:1]]
[2025.09.25-19.12.46:870][  0]LogConfig: Setting CVar [[r.EmitterSpawnRateScale:1.0]]
[2025.09.25-19.12.46:870][  0]LogConfig: Setting CVar [[r.ParticleLightQuality:2]]
[2025.09.25-19.12.46:870][  0]LogConfig: Applying CVar settings from Section [FoliageQuality@3] File [E:/GameDev/hggjam/GameJamHGGUnreal4.23.1/GameJamCrew/Saved/Config/Windows/Scalability.ini]
[2025.09.25-19.12.46:870][  0]LogConfig: Setting CVar [[foliage.DensityScale:1.0]]
[2025.09.25-19.12.46:870][  0]LogConfig: Setting CVar [[grass.DensityScale:1.0]]
[2025.09.25-19.12.46:870][  0]LogConfig: Applying CVar settings from Section [Startup] File [../../../Engine/Config/ConsoleVariables.ini]
[2025.09.25-19.12.46:870][  0]LogConfig: Setting CVar [[net.UseAdaptiveNetUpdateFrequency:0]]
[2025.09.25-19.12.46:870][  0]LogConfig: Setting CVar [[p.chaos.AllowCreatePhysxBodies:1]]
[2025.09.25-19.12.46:870][  0]LogConfig: Applying CVar settings from Section [ConsoleVariables] File [E:/GameDev/hggjam/GameJamHGGUnreal4.23.1/GameJamCrew/Saved/Config/Windows/Engine.ini]
[2025.09.25-19.12.46:870][  0]LogInit: Computer: CECOMAIN
[2025.09.25-19.12.46:870][  0]LogInit: User: Цветан
[2025.09.25-19.12.46:870][  0]LogInit: CPU Page size=4096, Cores=8
[2025.09.25-19.12.46:870][  0]LogInit: High frequency timer resolution =10.000000 MHz
[2025.09.25-19.12.46:870][  0]LogMemory: Memory total: Physical=61.6GB (62GB approx)
[2025.09.25-19.12.46:870][  0]LogMemory: Platform Memory Stats for Windows
[2025.09.25-19.12.46:870][  0]LogMemory: Process Physical Memory: 115.11 MB used, 115.11 MB peak
[2025.09.25-19.12.46:870][  0]LogMemory: Process Virtual Memory: 101.73 MB used, 101.73 MB peak
[2025.09.25-19.12.46:870][  0]LogMemory: Physical Memory: 16649.12 MB used,  46414.23 MB free, 63063.35 MB total
[2025.09.25-19.12.46:870][  0]LogMemory: Virtual Memory: 4785.95 MB used,  134212944.00 MB free, 134217728.00 MB total
[2025.09.25-19.12.46:872][  0]LogWindows: WindowsPlatformFeatures enabled
[2025.09.25-19.12.46:896][  0]LogInit: Using OS detected language (en-GB).
[2025.09.25-19.12.46:896][  0]LogInit: Using OS detected locale (en-US).
[2025.09.25-19.12.46:896][  0]LogTextLocalizationManager: No specific localization for 'en-GB' exists, so the 'en' localization will be used.
[2025.09.25-19.12.46:979][  0]LogInit: Setting process to per monitor DPI aware
[2025.09.25-19.12.47:003][  0]LogSlate: New Slate User Created.  User Index 0, Is Virtual User: 0
[2025.09.25-19.12.47:003][  0]LogSlate: Slate User Registered.  User Index 0, Is Virtual User: 0
[2025.09.25-19.12.47:071][  0]LogHMD: Failed to initialize OpenVR with code 110
[2025.09.25-19.12.47:071][  0]LogD3D11RHI: D3D11 adapters:
[2025.09.25-19.12.47:183][  0]LogD3D11RHI:    0. 'NVIDIA GeForce RTX 5070' (Feature Level 11_0)
[2025.09.25-19.12.47:183][  0]LogD3D11RHI:       11855/0/31531 MB DedicatedVideo/DedicatedSystem/SharedSystem, Outputs:2, VendorId:0x10de
[2025.09.25-19.12.47:222][  0]LogD3D11RHI:    1. 'AMD Radeon(TM) Graphics' (Feature Level 11_0)
[2025.09.25-19.12.47:222][  0]LogD3D11RHI:       2021/0/31531 MB DedicatedVideo/DedicatedSystem/SharedSystem, Outputs:0, VendorId:0x1002
[2025.09.25-19.12.47:224][  0]LogD3D11RHI:    2. 'Microsoft Basic Render Driver' (Feature Level 11_0)
[2025.09.25-19.12.47:224][  0]LogD3D11RHI:       0/0/31531 MB DedicatedVideo/DedicatedSystem/SharedSystem, Outputs:0, VendorId:0x1414
[2025.09.25-19.12.47:224][  0]LogD3D11RHI: Chosen D3D11 Adapter: 0
[2025.09.25-19.12.47:229][  0]LogD3D11RHI: Creating new Direct3DDevice
[2025.09.25-19.12.47:229][  0]LogD3D11RHI:     GPU DeviceId: 0x2f04 (for the marketing name, search the web for "GPU Device Id")
[2025.09.25-19.12.47:229][  0]LogWindows: EnumDisplayDevices:
[2025.09.25-19.12.47:229][  0]LogWindows:    0. 'NVIDIA GeForce RTX 5070' (P:1 D:1)
[2025.09.25-19.12.47:229][  0]LogWindows:    1. 'NVIDIA GeForce RTX 5070' (P:0 D:1)
[2025.09.25-19.12.47:230][  0]LogWindows:    2. 'NVIDIA GeForce RTX 5070' (P:0 D:0)
[2025.09.25-19.12.47:230][  0]LogWindows:    3. 'NVIDIA GeForce RTX 5070' (P:0 D:0)
[2025.09.25-19.12.47:230][  0]LogWindows:    4. 'AMD Radeon(TM) Graphics' (P:0 D:0)
[2025.09.25-19.12.47:230][  0]LogWindows:    5. 'AMD Radeon(TM) Graphics' (P:0 D:0)
[2025.09.25-19.12.47:230][  0]LogWindows:    6. 'AMD Radeon(TM) Graphics' (P:0 D:0)
[2025.09.25-19.12.47:230][  0]LogWindows:    7. 'AMD Radeon(TM) Graphics' (P:0 D:0)
[2025.09.25-19.12.47:230][  0]LogWindows:    8. 'AMD Radeon(TM) Graphics' (P:0 D:0)
[2025.09.25-19.12.47:230][  0]LogWindows: DebugString: PrimaryIsNotTheChoosenAdapter PrimaryIsNotTheChoosenAdapter PrimaryIsNotTheChoosenAdapter PrimaryIsNotTheChoosenAdapter PrimaryIsNotTheChoosenAdapter FoundDriverCount:4 
[2025.09.25-19.12.47:231][  0]LogD3D11RHI:     Adapter Name: NVIDIA GeForce RTX 5070
[2025.09.25-19.12.47:231][  0]LogD3D11RHI:   Driver Version: 581.15 (internal:32.0.15.8115, unified:581.15)
[2025.09.25-19.12.47:231][  0]LogD3D11RHI:      Driver Date: 8-21-2025
[2025.09.25-19.12.47:231][  0]LogRHI: Texture pool is 8298 MB (70% of 11855 MB)
[2025.09.25-19.12.47:306][  0]LogD3D11RHI: Async texture creation enabled
[2025.09.25-19.12.47:320][  0]LogD3D11RHI: GPU Timing Frequency: 1000.000000 (Debug: 2 2)
[2025.09.25-19.12.47:493][  0]LogTemp: Display: Module 'AllDesktopTargetPlatform' loaded TargetPlatform 'AllDesktop'
[2025.09.25-19.12.47:496][  0]LogTemp: Display: Module 'MacClientTargetPlatform' loaded TargetPlatform 'MacClient'
[2025.09.25-19.12.47:501][  0]LogTemp: Display: Module 'MacNoEditorTargetPlatform' loaded TargetPlatform 'MacNoEditor'
[2025.09.25-19.12.47:505][  0]LogTemp: Display: Module 'MacServerTargetPlatform' loaded TargetPlatform 'MacServer'
[2025.09.25-19.12.47:509][  0]LogTemp: Display: Module 'MacTargetPlatform' loaded TargetPlatform 'Mac'
[2025.09.25-19.12.47:513][  0]LogTemp: Display: Module 'WindowsClientTargetPlatform' loaded TargetPlatform 'WindowsClient'
[2025.09.25-19.12.47:516][  0]LogTemp: Display: Module 'WindowsNoEditorTargetPlatform' loaded TargetPlatform 'WindowsNoEditor'
[2025.09.25-19.12.47:521][  0]LogTemp: Display: Module 'WindowsServerTargetPlatform' loaded TargetPlatform 'WindowsServer'
[2025.09.25-19.12.47:523][  0]LogTemp: Display: Module 'WindowsTargetPlatform' loaded TargetPlatform 'Windows'
[2025.09.25-19.12.47:539][  0]LogTemp: Display: Module 'AndroidTargetPlatform' loaded TargetPlatform 'Android'
[2025.09.25-19.12.47:539][  0]LogTemp: Display: Module 'AndroidTargetPlatform' loaded TargetPlatform 'Android_ASTC'
[2025.09.25-19.12.47:539][  0]LogTemp: Display: Module 'AndroidTargetPlatform' loaded TargetPlatform 'Android_ATC'
[2025.09.25-19.12.47:539][  0]LogTemp: Display: Module 'AndroidTargetPlatform' loaded TargetPlatform 'Android_DXT'
[2025.09.25-19.12.47:539][  0]LogTemp: Display: Module 'AndroidTargetPlatform' loaded TargetPlatform 'Android_ETC1'
[2025.09.25-19.12.47:539][  0]LogTemp: Display: Module 'AndroidTargetPlatform' loaded TargetPlatform 'Android_ETC1a'
[2025.09.25-19.12.47:539][  0]LogTemp: Display: Module 'AndroidTargetPlatform' loaded TargetPlatform 'Android_ETC2'
[2025.09.25-19.12.47:539][  0]LogTemp: Display: Module 'AndroidTargetPlatform' loaded TargetPlatform 'Android_PVRTC'
[2025.09.25-19.12.47:539][  0]LogTemp: Display: Module 'AndroidTargetPlatform' loaded TargetPlatform 'AndroidClient'
[2025.09.25-19.12.47:539][  0]LogTemp: Display: Module 'AndroidTargetPlatform' loaded TargetPlatform 'Android_ASTCClient'
[2025.09.25-19.12.47:539][  0]LogTemp: Display: Module 'AndroidTargetPlatform' loaded TargetPlatform 'Android_ATCClient'
[2025.09.25-19.12.47:539][  0]LogTemp: Display: Module 'AndroidTargetPlatform' loaded TargetPlatform 'Android_DXTClient'
[2025.09.25-19.12.47:539][  0]LogTemp: Display: Module 'AndroidTargetPlatform' loaded TargetPlatform 'Android_ETC1Client'
[2025.09.25-19.12.47:539][  0]LogTemp: Display: Module 'AndroidTargetPlatform' loaded TargetPlatform 'Android_ETC1aClient'
[2025.09.25-19.12.47:539][  0]LogTemp: Display: Module 'AndroidTargetPlatform' loaded TargetPlatform 'Android_ETC2Client'
[2025.09.25-19.12.47:539][  0]LogTemp: Display: Module 'AndroidTargetPlatform' loaded TargetPlatform 'Android_PVRTCClient'
[2025.09.25-19.12.47:539][  0]LogTemp: Display: Module 'AndroidTargetPlatform' loaded TargetPlatform 'Android_Multi'
[2025.09.25-19.12.47:539][  0]LogTemp: Display: Module 'AndroidTargetPlatform' loaded TargetPlatform 'Android_MultiClient'
[2025.09.25-19.12.47:540][  0]LogTemp: Display: Module 'HTML5TargetPlatform' loaded TargetPlatform 'HTML5'
[2025.09.25-19.12.47:548][  0]LogTemp: Display: Module 'IOSTargetPlatform' loaded TargetPlatform 'IOSClient'
[2025.09.25-19.12.47:548][  0]LogTemp: Display: Module 'IOSTargetPlatform' loaded TargetPlatform 'IOS'
[2025.09.25-19.12.47:554][  0]LogTemp: Display: Module 'TVOSTargetPlatform' loaded TargetPlatform 'TVOSClient'
[2025.09.25-19.12.47:554][  0]LogTemp: Display: Module 'TVOSTargetPlatform' loaded TargetPlatform 'TVOS'
[2025.09.25-19.12.47:558][  0]LogTemp: Display: Module 'LinuxClientTargetPlatform' loaded TargetPlatform 'LinuxClient'
[2025.09.25-19.12.47:560][  0]LogTemp: Display: Module 'LinuxNoEditorTargetPlatform' loaded TargetPlatform 'LinuxNoEditor'
[2025.09.25-19.12.47:563][  0]LogTemp: Display: Module 'LinuxServerTargetPlatform' loaded TargetPlatform 'LinuxServer'
[2025.09.25-19.12.47:566][  0]LogTemp: Display: Module 'LinuxTargetPlatform' loaded TargetPlatform 'Linux'
[2025.09.25-19.12.47:578][  0]LogTemp: Display: Module 'LuminTargetPlatform' loaded TargetPlatform 'Lumin'
[2025.09.25-19.12.47:578][  0]LogTemp: Display: Module 'LuminTargetPlatform' loaded TargetPlatform 'LuminClient'
[2025.09.25-19.12.47:578][  0]LogTargetPlatformManager: Display: Building Assets For Windows
[2025.09.25-19.12.47:582][  0]LogAudioDebug: Display: Lib vorbis DLL was dynamically loaded.
[2025.09.25-19.12.47:604][  0]LogShaderCompilers: Guid format shader working directory is -6 characters bigger than the processId version (E:/GameDev/hggjam/GameJamHGGUnreal4.23.1/GameJamCrew/Intermediate/Shaders/WorkingDirectory/27996/).
[2025.09.25-19.12.47:604][  0]LogShaderCompilers: Cleaned the shader compiler working directory 'C:/Users/Цветан/AppData/Local/Temp/UnrealShaderWorkingDir/E020C84A4D0F0AD20CCBBB97FC159569/'.
[2025.09.25-19.12.47:605][  0]LogXGEController: Cannot use XGE Controller as Incredibuild is not installed on this machine.
[2025.09.25-19.12.47:605][  0]LogShaderCompilers: Cannot use XGE Shader Compiler as Incredibuild is not installed on this machine.
[2025.09.25-19.12.47:605][  0]LogShaderCompilers: Display: Using Local Shader Compiler.
[2025.09.25-19.12.47:864][  0]LogDerivedDataCache: Display: Max Cache Size: 512 MB
[2025.09.25-19.12.47:885][  0]LogDerivedDataCache: Loaded boot cache 0.02s 73MB C:/Users/Цветан/AppData/Local/UnrealEngine/4.23/DerivedDataCache/Boot.ddc.
[2025.09.25-19.12.47:885][  0]LogDerivedDataCache: Display: Loaded Boot cache: C:/Users/Цветан/AppData/Local/UnrealEngine/4.23/DerivedDataCache/Boot.ddc
[2025.09.25-19.12.47:885][  0]LogDerivedDataCache: FDerivedDataBackendGraph:  Pak pak cache file E:/GameDev/hggjam/GameJamHGGUnreal4.23.1/GameJamCrew/DerivedDataCache/DDC.ddp not found, will not use a pak cache.
[2025.09.25-19.12.47:885][  0]LogDerivedDataCache: Unable to find inner node Pak for hierarchical cache Hierarchy.
[2025.09.25-19.12.47:885][  0]LogDerivedDataCache: FDerivedDataBackendGraph:  CompressedPak pak cache file E:/GameDev/hggjam/GameJamHGGUnreal4.23.1/GameJamCrew/DerivedDataCache/Compressed.ddp not found, will not use a pak cache.
[2025.09.25-19.12.47:885][  0]LogDerivedDataCache: Unable to find inner node CompressedPak for hierarchical cache Hierarchy.
[2025.09.25-19.12.47:893][  0]LogDerivedDataCache: Display: Pak cache opened for reading ../../../Engine/DerivedDataCache/Compressed.ddp.
[2025.09.25-19.12.47:893][  0]LogDerivedDataCache: FDerivedDataBackendGraph:  EnterprisePak pak cache file ../../../Enterprise/DerivedDataCache/Compressed.ddp not found, will not use a pak cache.
[2025.09.25-19.12.47:893][  0]LogDerivedDataCache: Unable to find inner node EnterprisePak for hierarchical cache Hierarchy.
[2025.09.25-19.12.47:894][  0]LogDerivedDataCache: Using Local data cache path C:/Users/Цветан/AppData/Local/UnrealEngine/Common/DerivedDataCache: Writable
[2025.09.25-19.12.47:894][  0]LogDerivedDataCache: Shared data cache path not found in *engine.ini, will not use an Shared cache.
[2025.09.25-19.12.47:894][  0]LogDerivedDataCache: Unable to find inner node Shared for hierarchical cache Hierarchy.
[2025.09.25-19.12.47:903][  0]LogMaterial: Verifying Global Shaders for PCD3D_SM5
[2025.09.25-19.12.47:905][  0]LogSlate: Using FreeType 2.6.0
[2025.09.25-19.12.47:905][  0]LogSlate: SlateFontServices - WITH_FREETYPE: 1, WITH_HARFBUZZ: 1
[2025.09.25-19.12.47:931][  0]LogAssetRegistry: FAssetRegistry took 0.0016 seconds to start up
[2025.09.25-19.12.48:056][  0]LogInit: Selected Device Profile: [Windows]
[2025.09.25-19.12.48:121][  0]LogMeshReduction: Using QuadricMeshReduction for automatic static mesh reduction
[2025.09.25-19.12.48:121][  0]LogMeshReduction: Using SimplygonMeshReduction for automatic skeletal mesh reduction
[2025.09.25-19.12.48:121][  0]LogMeshReduction: Using ProxyLODMeshReduction for automatic mesh merging
[2025.09.25-19.12.48:121][  0]LogMeshReduction: No distributed automatic mesh merging module available
[2025.09.25-19.12.48:121][  0]LogMeshMerging: No distributed automatic mesh merging module available
[2025.09.25-19.12.48:126][  0]LogNetVersion: GameJamCrew 1.0.0, NetCL: 8386587, EngineNetVer: 11, GameNetVer: 0 (Checksum: 118800057)
[2025.09.25-19.12.48:292][  0]LogPackageLocalizationCache: Processed 12 localized package path(s) for 1 prioritized culture(s) in 0.018737 seconds
[2025.09.25-19.12.48:295][  0]LogUObjectArray: 43444 objects as part of root set at end of initial load.
[2025.09.25-19.12.48:295][  0]LogUObjectAllocator: 7548648 out of 0 bytes used by permanent object pool.
[2025.09.25-19.12.48:295][  0]LogUObjectArray: CloseDisregardForGC: 0/0 objects in disregard for GC pool
[2025.09.25-19.12.48:652][  0]LogTcpMessaging: Initializing TcpMessaging bridge
[2025.09.25-19.12.48:653][  0]LogUdpMessaging: Initializing bridge on interface 0.0.0.0:0 to multicast group 230.0.0.1:6666.
[2025.09.25-19.12.48:676][  0]SourceControl: Source control is disabled
[2025.09.25-19.12.48:676][  0]SourceControl: Source control is disabled
[2025.09.25-19.12.48:676][  0]SourceControl: Source control is disabled
[2025.09.25-19.12.48:676][  0]SourceControl: Source control is disabled
[2025.09.25-19.12.48:712][  0]LogAndroidPermission: UAndroidPermissionCallbackProxy::GetInstance
[2025.09.25-19.12.48:770][  0]LogOcInput: OculusInput pre-init called
[2025.09.25-19.12.48:774][  0]LogWindows: Failed to load 'OVRPlugin.dll' (GetLastError=126)
[2025.09.25-19.12.48:774][  0]LogWindows: File 'OVRPlugin.dll' does not exist
[2025.09.25-19.12.48:803][  0]LogEngine: Initializing Engine...
[2025.09.25-19.12.48:804][  0]LogHMD: Failed to initialize OpenVR with code 110
[2025.09.25-19.12.48:804][  0]LogStats: UGameplayTagsManager::InitializeManager -  0.000 s
[2025.09.25-19.12.48:879][  0]LogInit: Initializing FReadOnlyCVARCache
[2025.09.25-19.12.48:886][  0]LogAIModule: Creating AISystem for world Untitled
[2025.09.25-19.12.48:895][  0]LogInit: XAudio2 using 'Speakers (PRO)' : 2 channels at 48 kHz using 16 bits per sample (channel mask 0x3)
[2025.09.25-19.12.48:906][  0]LogInit: FAudioDevice initialized.
[2025.09.25-19.12.48:906][  0]LogNetVersion: Set ProjectVersion to 1.0.0.0. Version Checksum will be recalculated on next use.
[2025.09.25-19.12.48:935][  0]LogDerivedDataCache: Saved boot cache 0.03s 73MB C:/Users/Цветан/AppData/Local/UnrealEngine/4.23/DerivedDataCache/Boot.ddc.
[2025.09.25-19.12.48:937][  0]LogInit: Texture streaming: Enabled
[2025.09.25-19.12.48:946][  0]LogEngineSessionManager: EngineSessionManager initialized
[2025.09.25-19.12.48:946][  0]LogEditorSessionSummary: Verbose: Initializing EditorSessionSummaryWriter for editor session tracking
[2025.09.25-19.12.48:946][  0]LogEditorSessionSummary: EditorSessionSummaryWriter initialized
[2025.09.25-19.12.48:966][  0]LogInit: Transaction tracking system initialized
[2025.09.25-19.12.48:980][  0]BlueprintLog: New page: Editor Load
[2025.09.25-19.12.49:011][  0]LocalizationService: Localization service is disabled
[2025.09.25-19.12.49:103][  0]LogFileCache: Scanning file cache for directory 'E:/GameDev/hggjam/GameJamHGGUnreal4.23.1/GameJamCrew/Content/' took 0.01s
[2025.09.25-19.12.49:103][  0]LogCook: Display: Max memory allowance for cook 16384mb min free memory 0mb
[2025.09.25-19.12.49:103][  0]LogCook: Display: Mobile HDR setting 1
[2025.09.25-19.12.49:179][  0]SourceControl: Source control is disabled
[2025.09.25-19.12.49:179][  0]Cmd: MAP LOAD FILE="E:/GameDev/hggjam/GameJamHGGUnreal4.23.1/GameJamCrew/Content/ThirdPersonBP/Maps/ThirdPersonExampleMap.umap" TEMPLATE=0 SHOWPROGRESS=1 FEATURELEVEL=3
[2025.09.25-19.12.49:179][  0]LightingResults: New page: Lighting Build
[2025.09.25-19.12.49:180][  0]LogWorld: UWorld::CleanupWorld for Untitled, bSessionEnded=true, bCleanupResources=true
[2025.09.25-19.12.49:181][  0]MapCheck: New page: Map Check
[2025.09.25-19.12.49:181][  0]LightingResults: New page: Lighting Build
[2025.09.25-19.12.49:202][  0]LogUObjectHash: Compacting FUObjectHashTables data took   0.81ms
[2025.09.25-19.12.49:240][  0]LogLinker: Warning: While loading 'E:/GameDev/hggjam/GameJamHGGUnreal4.23.1/GameJamCrew/Content/ThirdPersonBP/Maps/ThirdPersonExampleMap.umap' failed to load '/Game/ThirdPersonBP/Maps/ThirdPersonExampleMap_BuiltData': Can't find file.
[2025.09.25-19.12.49:240][  0]LogLinker: Warning: While loading 'E:/GameDev/hggjam/GameJamHGGUnreal4.23.1/GameJamCrew/Content/ThirdPersonBP/Maps/ThirdPersonExampleMap.umap' failed to load '/Game/ThirdPersonBP/Maps/ThirdPersonExampleMap_BuiltData': Can't find file.
[2025.09.25-19.12.49:282][  0]LogLinker: Warning: While loading 'E:/GameDev/hggjam/GameJamHGGUnreal4.23.1/GameJamCrew/Content/ThirdPersonBP/Maps/ThirdPersonExampleMap.umap' failed to load '/Game/ThirdPersonBP/Maps/ThirdPersonExampleMap_BuiltData': Can't find file.
[2025.09.25-19.12.49:282][  0]LogLinker: Warning: While loading 'E:/GameDev/hggjam/GameJamHGGUnreal4.23.1/GameJamCrew/Content/ThirdPersonBP/Maps/ThirdPersonExampleMap.umap' failed to load '/Game/ThirdPersonBP/Maps/ThirdPersonExampleMap_BuiltData': Can't find file.
[2025.09.25-19.12.49:283][  0]LogLinker: Warning: Failed to load '/Game/ThirdPersonBP/Maps/ThirdPersonExampleMap_BuiltData': Can't find file.
[2025.09.25-19.12.49:283][  0]LogLinker: Warning: Failed to load '/Game/ThirdPersonBP/Maps/ThirdPersonExampleMap_BuiltData': Can't find file.
[2025.09.25-19.12.49:283][  0]LogLinker: Warning: Failed to load '/Game/ThirdPersonBP/Maps/ThirdPersonExampleMap_BuiltData': Can't find file.
[2025.09.25-19.12.49:283][  0]LogLinker: Warning: Failed to load '/Game/ThirdPersonBP/Maps/ThirdPersonExampleMap_BuiltData': Can't find file.
[2025.09.25-19.12.49:288][  0]LogLinker: Warning: While loading 'E:/GameDev/hggjam/GameJamHGGUnreal4.23.1/GameJamCrew/Content/ThirdPersonBP/Maps/ThirdPersonExampleMap.umap' failed to load '/Game/ThirdPersonBP/Maps/ThirdPersonExampleMap_BuiltData': Can't find file.
[2025.09.25-19.12.49:288][  0]LoadErrors: Failed to load /Game/ThirdPersonBP/Maps/ThirdPersonExampleMap_BuiltData.ThirdPersonExampleMap_BuiltData Referenced by PersistentLevel
[2025.09.25-19.12.49:288][  0]LogLinker: Warning: While loading 'E:/GameDev/hggjam/GameJamHGGUnreal4.23.1/GameJamCrew/Content/ThirdPersonBP/Maps/ThirdPersonExampleMap.umap' failed to load '/Game/ThirdPersonBP/Maps/ThirdPersonExampleMap_BuiltData': Can't find file.
[2025.09.25-19.12.49:288][  0]LoadErrors: Failed to load /Game/ThirdPersonBP/Maps/ThirdPersonExampleMap_BuiltData.ThirdPersonExampleMap_BuiltData Referenced by PersistentLevel
[2025.09.25-19.12.49:312][  0]LogAIModule: Creating AISystem for world ThirdPersonExampleMap
[2025.09.25-19.12.49:319][  0]LogEditorServer: Finished looking for orphan Actors (0.000 secs)
[2025.09.25-19.12.49:342][  0]LogUObjectHash: Compacting FUObjectHashTables data took   1.05ms
[2025.09.25-19.12.49:342][  0]Cmd: MAP CHECKDEP NOCLEARLOG
[2025.09.25-19.12.49:342][  0]MapCheck: Map check complete: 0 Error(s), 0 Warning(s), took 0.073ms to complete.
[2025.09.25-19.12.49:342][  0]LogFileHelpers: Loading map 'ThirdPersonExampleMap' took 0.163
[2025.09.25-19.12.49:431][  0]LogSlate: Updating window title bar state: overlay mode, drag disabled, window buttons hidden, title bar hidden
[2025.09.25-19.12.49:435][  0]LogSlate: Updating window title bar state: overlay mode, drag disabled, window buttons hidden, title bar hidden
[2025.09.25-19.12.49:438][  0]LogSlate: Updating window title bar state: overlay mode, drag disabled, window buttons hidden, title bar hidden
[2025.09.25-19.12.49:441][  0]LogSlate: Updating window title bar state: overlay mode, drag disabled, window buttons hidden, title bar hidden
[2025.09.25-19.12.49:444][  0]LogSlate: Updating window title bar state: overlay mode, drag disabled, window buttons hidden, title bar hidden
[2025.09.25-19.12.49:446][  0]LogSlate: Updating window title bar state: overlay mode, drag disabled, window buttons hidden, title bar hidden
[2025.09.25-19.12.49:450][  0]LogSlate: Updating window title bar state: overlay mode, drag disabled, window buttons hidden, title bar hidden
[2025.09.25-19.12.49:453][  0]LogSlate: Updating window title bar state: overlay mode, drag disabled, window buttons hidden, title bar hidden
[2025.09.25-19.12.49:457][  0]LogSlate: Updating window title bar state: overlay mode, drag disabled, window buttons hidden, title bar hidden
[2025.09.25-19.12.49:459][  0]LogSlate: Updating window title bar state: overlay mode, drag disabled, window buttons hidden, title bar hidden
[2025.09.25-19.12.49:462][  0]LogSlate: Updating window title bar state: overlay mode, drag disabled, window buttons hidden, title bar hidden
[2025.09.25-19.12.49:464][  0]LogSlate: Updating window title bar state: overlay mode, drag disabled, window buttons hidden, title bar hidden
[2025.09.25-19.12.49:474][  0]LogCollectionManager: Loaded 0 collections in 0.000770 seconds
[2025.09.25-19.12.49:476][  0]LogFileCache: Scanning file cache for directory 'E:/GameDev/hggjam/GameJamHGGUnreal4.23.1/GameJamCrew/Saved/Collections/' took 0.00s
[2025.09.25-19.12.49:478][  0]LogFileCache: Scanning file cache for directory 'E:/GameDev/hggjam/GameJamHGGUnreal4.23.1/GameJamCrew/Content/Developers/Цветан/Collections/' took 0.00s
[2025.09.25-19.12.49:478][  0]LogFileCache: Scanning file cache for directory 'E:/GameDev/hggjam/GameJamHGGUnreal4.23.1/GameJamCrew/Content/Collections/' took 0.00s
[2025.09.25-19.12.49:478][  0]LogCollectionManager: Rebuilt the GUID cache for 0 collections in 0.000001 seconds
[2025.09.25-19.12.49:482][  0]LogContentBrowser: Native class hierarchy populated in 0.0047 seconds. Added 2863 classes and 680 folders.
[2025.09.25-19.12.49:485][  0]LogContentBrowser: Native class hierarchy updated for 'WidgetCarousel' in 0.0001 seconds. Added 0 classes and 0 folders.
[2025.09.25-19.12.49:667][  0]LogContentBrowser: Native class hierarchy updated for 'AddContentDialog' in 0.0002 seconds. Added 0 classes and 0 folders.
[2025.09.25-19.12.49:670][  0]LogContentBrowser: Native class hierarchy updated for 'SceneOutliner' in 0.0001 seconds. Added 1 classes and 2 folders.
[2025.09.25-19.12.49:686][  0]LogSlate: Took 0.000100 seconds to synchronously load lazily loaded font '../../../Engine/Content/Slate/Fonts/Roboto-Regular.ttf' (155K)
[2025.09.25-19.12.49:687][  0]LogSlate: Took 0.000062 seconds to synchronously load lazily loaded font '../../../Engine/Content/Slate/Fonts/Roboto-Bold.ttf' (160K)
[2025.09.25-19.12.49:694][  0]LogSlate: Took 0.004985 seconds to synchronously load lazily loaded font '../../../Engine/Content/Editor/Slate/Fonts/FontAwesome.ttf' (139K)
[2025.09.25-19.12.49:770][  0]LogRenderer: Reallocating scene render targets to support 1636x888 Format 10 NumSamples 1 (Frame:1).
[2025.09.25-19.12.49:798][  0]LogSlate: Took 0.005231 seconds to synchronously load lazily loaded font '../../../Engine/Content/Slate/Fonts/Roboto-Light.ttf' (167K)
[2025.09.25-19.12.49:826][  0]LogContentBrowser: Native class hierarchy updated for 'HierarchicalLODOutliner' in 0.0002 seconds. Added 0 classes and 0 folders.
[2025.09.25-19.12.49:826][  0]LogLoad: (Engine Initialization) Total time: 5.26 seconds
[2025.09.25-19.12.49:826][  0]LogLoad: (Engine Initialization) Total Blueprint compile time: 0.00 seconds
[2025.09.25-19.12.49:895][  0]LogContentStreaming: Texture pool size now 1000 MB
[2025.09.25-19.12.49:898][  0]LogSlate: FSceneViewport::OnFocusLost() reason 5
[2025.09.25-19.12.49:977][  1]LogAssetRegistry: Asset discovery search completed in 2.0475 seconds
[2025.09.25-19.12.49:979][  1]LogCollectionManager: Rebuilt the object cache for 0 collections in 0.000003 seconds (found 0 objects)
[2025.09.25-19.12.49:979][  1]LogCollectionManager: Fixed up redirectors for 0 collections in 0.000024 seconds (updated 0 objects)
[2025.09.25-19.12.54:631][247]LogSlate: Window 'Message Log' being destroyed
[2025.09.25-19.12.54:636][247]LogSlate: Window 'Message Log' being destroyed
[2025.09.25-19.12.54:867][275]LogSlate: FSceneViewport::OnFocusLost() reason 0
[2025.09.25-19.12.54:941][284]LogFileCache: Retrieving MD5 hashes for directory 'E:/GameDev/hggjam/GameJamHGGUnreal4.23.1/GameJamCrew/Content/' took 5.10s
[2025.09.25-19.12.56:844][511]LogSlate: FSceneViewport::OnFocusLost() reason 5
[2025.09.25-19.12.58:180][671]LogSlate: FSceneViewport::OnFocusLost() reason 5
[2025.09.25-19.12.58:197][671]LogSlate: Took 0.000116 seconds to synchronously load lazily loaded font '../../../Engine/Content/Slate/Fonts/Roboto-Light.ttf' (167K)
[2025.09.25-19.12.59:048][769]LogUObjectHash: Compacting FUObjectHashTables data took   0.39ms
[2025.09.25-19.12.59:049][769]Cmd: MAP LOAD FILE="E:/GameDev/hggjam/GameJamHGGUnreal4.23.1/GameJamCrew/Content/Levels/CheeseFactory_001.umap" TEMPLATE=0 SHOWPROGRESS=1 FEATURELEVEL=3
[2025.09.25-19.12.59:062][769]LightingResults: New page: Lighting Build
[2025.09.25-19.12.59:062][769]LoadErrors: New page: Loading map: CheeseFactory_001.umap
[2025.09.25-19.12.59:063][769]LogWorld: UWorld::CleanupWorld for ThirdPersonExampleMap, bSessionEnded=true, bCleanupResources=true
[2025.09.25-19.12.59:063][769]MapCheck: New page: Map Check
[2025.09.25-19.12.59:063][769]LightingResults: New page: Lighting Build
[2025.09.25-19.12.59:082][769]LogUObjectHash: Compacting FUObjectHashTables data took   0.83ms
[2025.09.25-19.12.59:907][769]LogAIModule: Creating AISystem for world CheeseFactory_001
[2025.09.25-19.12.59:925][769]LogEditorServer: Finished looking for orphan Actors (0.000 secs)
[2025.09.25-19.12.59:949][769]LogUObjectHash: Compacting FUObjectHashTables data took   0.83ms
[2025.09.25-19.12.59:963][769]Cmd: MAP CHECKDEP NOCLEARLOG
[2025.09.25-19.12.59:964][769]MapCheck: Map check complete: 0 Error(s), 0 Warning(s), took 0.132ms to complete.
[2025.09.25-19.12.59:964][769]LogFileHelpers: Loading map 'CheeseFactory_001' took 0.915
[2025.09.25-19.12.59:964][769]LogSlate: Window 'Open Level' being destroyed
[2025.09.25-19.13.09:553][913]LogEditorViewport: Clicking on Actor (LMB): StaticMeshActor (Skim_Milk3)
[2025.09.25-19.13.13:077][328]LogSlate: FSceneViewport::OnFocusLost() reason 0
[2025.09.25-19.13.31:478][ 37]LogEditorFactories: Performing atomic reimport of [E:/GameDev/hggjam/KlixXsrc/models/props/yohurt_tray.fbx]
[2025.09.25-19.13.31:498][ 37]LogFbx: Loading FBX Scene from E:/GameDev/hggjam/KlixXsrc/models/props/yohurt_tray.fbx
[2025.09.25-19.13.31:503][ 37]LogFbx: FBX Scene Loaded Succesfully
[2025.09.25-19.13.31:509][ 37]LogFbx: Display: Triangulating static mesh YogurtTray
[2025.09.25-19.13.31:527][ 37]LogFbx: Warning: Triangulating mesh UCX_YogurtTray_001 for collision model
[2025.09.25-19.13.31:527][ 37]LogFbx: Warning: Triangulating mesh UCX_YogurtTray_002 for collision model
[2025.09.25-19.13.31:527][ 37]LogFbx: Warning: Triangulating mesh UCX_YogurtTray_003 for collision model
[2025.09.25-19.13.31:528][ 37]LogFbx: Warning: Triangulating mesh UCX_YogurtTray_004 for collision model
[2025.09.25-19.13.31:528][ 37]LogFbx: Warning: Triangulating mesh UCX_YogurtTray_005 for collision model
[2025.09.25-19.13.31:528][ 37]LogFbx: Warning: Triangulating mesh UCX_YogurtTray_006 for collision model
[2025.09.25-19.13.31:528][ 37]LogFbx: Warning: Triangulating mesh UCX_YogurtTray_007 for collision model
[2025.09.25-19.13.31:528][ 37]LogFbx: Warning: Triangulating mesh UCX_YogurtTray_008 for collision model
[2025.09.25-19.13.31:528][ 37]LogFbx: Warning: Triangulating mesh UCX_YogurtTray_009 for collision model
[2025.09.25-19.13.31:528][ 37]LogFbx: Warning: Triangulating mesh UCX_YogurtTray_010 for collision model
[2025.09.25-19.13.31:529][ 37]LogFbx: Warning: Triangulating mesh UCX_YogurtTray_011 for collision model
[2025.09.25-19.13.31:529][ 37]LogFbx: Warning: Triangulating mesh UCX_YogurtTray_012 for collision model
[2025.09.25-19.13.31:529][ 37]LogFbx: Warning: Triangulating mesh UCX_YogurtTray_013 for collision model
[2025.09.25-19.13.31:529][ 37]LogFbx: Warning: Triangulating mesh UCX_YogurtTray_014 for collision model
[2025.09.25-19.13.31:529][ 37]LogFbx: Warning: Triangulating mesh UCX_YogurtTray_015 for collision model
[2025.09.25-19.13.31:529][ 37]LogFbx: Warning: Triangulating mesh UCX_YogurtTray_016 for collision model
[2025.09.25-19.13.31:529][ 37]LogFbx: Warning: Triangulating mesh UCX_YogurtTray_017 for collision model
[2025.09.25-19.13.31:530][ 37]LogFbx: Warning: Triangulating mesh UCX_YogurtTray_018 for collision model
[2025.09.25-19.13.31:530][ 37]LogFbx: Warning: Triangulating mesh UCX_YogurtTray_019 for collision model
[2025.09.25-19.13.31:530][ 37]LogFbx: Warning: Triangulating mesh UCX_YogurtTray_020 for collision model
[2025.09.25-19.13.31:530][ 37]LogFbx: Warning: Triangulating mesh UCX_YogurtTray_021 for collision model
[2025.09.25-19.13.31:531][ 37]LogFbx: Warning: Triangulating mesh UCX_YogurtTray_022 for collision model
[2025.09.25-19.13.31:531][ 37]LogFbx: Warning: Triangulating mesh UCX_YogurtTray_023 for collision model
[2025.09.25-19.13.31:549][ 37]LogStaticMesh: Building static mesh Skim_Milk...
[2025.09.25-19.13.31:565][ 37]LogStaticMesh: Built static mesh [0.02s] /Game/LevelAssets/Models/Props/Skim_Milk.Skim_Milk
[2025.09.25-19.13.33:222][ 37]LogSlate: Window 'Reimport Material Conflicts Resolution' being destroyed
[2025.09.25-19.13.33:227][ 37]LogEditorFactories: -- imported successfully
[2025.09.25-19.13.33:228][ 37]FBXImport: Warning: No smoothing group information was found in this FBX scene.  Please make sure to enable the 'Export Smoothing Groups' option in the FBX Exporter plug-in before exporting the file.  Even for tools that don't support smoothing groups, the FBX Exporter will generate appropriate smoothing data at export-time so that correct vertex normals can be inferred while importing. 
[2025.09.25-19.13.36:185][387]LogAssetEditorManager: Opening Asset editor for StaticMesh /Game/LevelAssets/Models/Props/Tray_Plane_011.Tray_Plane_011
[2025.09.25-19.13.36:418][387]LogRenderer: Reallocating scene render targets to support 1912x1272 Format 10 NumSamples 1 (Frame:1).
[2025.09.25-19.13.36:418][387]LogSlate: Took 0.004941 seconds to synchronously load lazily loaded font '../../../Engine/Content/Slate/Fonts/Roboto-Italic.ttf' (157K)
[2025.09.25-19.13.48:393][783]LogSlate: FSceneViewport::OnFocusLost() reason 0
[2025.09.25-19.13.48:498][793]Cmd: OBJ SAVEPACKAGE PACKAGE="/Game/LevelAssets/Models/Props/Tray_Plane_011" FILE="E:/GameDev/hggjam/GameJamHGGUnreal4.23.1/GameJamCrew/Content/LevelAssets/Models/Props/Tray_Plane_011.uasset" SILENT=true
[2025.09.25-19.13.48:522][793]LogSavePackage: Moving 'E:/GameDev/hggjam/GameJamHGGUnreal4.23.1/GameJamCrew/Saved/Tray_Plane_011C951E52143FFE68C745CD282C8CE8A0E.tmp' to 'E:/GameDev/hggjam/GameJamHGGUnreal4.23.1/GameJamCrew/Content/LevelAssets/Models/Props/Tray_Plane_011.uasset'
[2025.09.25-19.13.49:825][943]LogSlate: Window 'Tray_Plane_011' being destroyed
[2025.09.25-19.13.49:830][943]LogSlate: Window 'Tray_Plane_011' being destroyed
[2025.09.25-19.13.49:833][943]LogWorld: UWorld::CleanupWorld for World_2, bSessionEnded=true, bCleanupResources=true
[2025.09.25-19.13.49:880][943]LogEditorSessionSummary: EditorSessionSummary sent report. Type=Shutdown, SessionId={B61B888C-468B-23F1-6D29-7B806084DB7C}
[2025.09.25-19.13.58:853][306]LogEditorFactories: Performing atomic reimport of [E:/GameDev/hggjam/KlixXsrc/models/props/yohurt_tray.fbx]
[2025.09.25-19.13.58:869][306]LogFbx: Loading FBX Scene from E:/GameDev/hggjam/KlixXsrc/models/props/yohurt_tray.fbx
[2025.09.25-19.13.58:875][306]LogFbx: FBX Scene Loaded Succesfully
[2025.09.25-19.13.58:877][306]LogFbx: Display: Triangulating static mesh YogurtTray
[2025.09.25-19.13.58:893][306]LogFbx: Warning: Triangulating mesh UCX_YogurtTray_001 for collision model
[2025.09.25-19.13.58:893][306]LogFbx: Warning: Triangulating mesh UCX_YogurtTray_002 for collision model
[2025.09.25-19.13.58:893][306]LogFbx: Warning: Triangulating mesh UCX_YogurtTray_003 for collision model
[2025.09.25-19.13.58:893][306]LogFbx: Warning: Triangulating mesh UCX_YogurtTray_004 for collision model
[2025.09.25-19.13.58:893][306]LogFbx: Warning: Triangulating mesh UCX_YogurtTray_005 for collision model
[2025.09.25-19.13.58:893][306]LogFbx: Warning: Triangulating mesh UCX_YogurtTray_006 for collision model
[2025.09.25-19.13.58:893][306]LogFbx: Warning: Triangulating mesh UCX_YogurtTray_007 for collision model
[2025.09.25-19.13.58:894][306]LogFbx: Warning: Triangulating mesh UCX_YogurtTray_008 for collision model
[2025.09.25-19.13.58:894][306]LogFbx: Warning: Triangulating mesh UCX_YogurtTray_009 for collision model
[2025.09.25-19.13.58:894][306]LogFbx: Warning: Triangulating mesh UCX_YogurtTray_010 for collision model
[2025.09.25-19.13.58:894][306]LogFbx: Warning: Triangulating mesh UCX_YogurtTray_011 for collision model
[2025.09.25-19.13.58:894][306]LogFbx: Warning: Triangulating mesh UCX_YogurtTray_012 for collision model
[2025.09.25-19.13.58:894][306]LogFbx: Warning: Triangulating mesh UCX_YogurtTray_013 for collision model
[2025.09.25-19.13.58:894][306]LogFbx: Warning: Triangulating mesh UCX_YogurtTray_014 for collision model
[2025.09.25-19.13.58:894][306]LogFbx: Warning: Triangulating mesh UCX_YogurtTray_015 for collision model
[2025.09.25-19.13.58:895][306]LogFbx: Warning: Triangulating mesh UCX_YogurtTray_016 for collision model
[2025.09.25-19.13.58:895][306]LogFbx: Warning: Triangulating mesh UCX_YogurtTray_017 for collision model
[2025.09.25-19.13.58:895][306]LogFbx: Warning: Triangulating mesh UCX_YogurtTray_018 for collision model
[2025.09.25-19.13.58:895][306]LogFbx: Warning: Triangulating mesh UCX_YogurtTray_019 for collision model
[2025.09.25-19.13.58:895][306]LogFbx: Warning: Triangulating mesh UCX_YogurtTray_020 for collision model
[2025.09.25-19.13.58:895][306]LogFbx: Warning: Triangulating mesh UCX_YogurtTray_021 for collision model
[2025.09.25-19.13.58:895][306]LogFbx: Warning: Triangulating mesh UCX_YogurtTray_022 for collision model
[2025.09.25-19.13.58:896][306]LogFbx: Warning: Triangulating mesh UCX_YogurtTray_023 for collision model
[2025.09.25-19.13.58:917][306]LogStaticMesh: Building static mesh Skim_Milk...
[2025.09.25-19.13.58:933][306]LogStaticMesh: Built static mesh [0.02s] /Game/LevelAssets/Models/Props/Skim_Milk.Skim_Milk
[2025.09.25-19.13.58:941][306]LogEditorFactories: -- imported successfully
[2025.09.25-19.13.58:942][306]FBXImport: Warning: No smoothing group information was found in this FBX scene.  Please make sure to enable the 'Export Smoothing Groups' option in the FBX Exporter plug-in before exporting the file.  Even for tools that don't support smoothing groups, the FBX Exporter will generate appropriate smoothing data at export-time so that correct vertex normals can be inferred while importing. 
[2025.09.25-19.14.03:285][745]LogSlate: FSceneViewport::OnFocusLost() reason 5
[2025.09.25-19.14.05:349][954]LogEditorViewport: Clicking on Actor (LMB): StaticMeshActor (Skim_Milk3)
[2025.09.25-19.14.06:365][ 74]LogSlate: FSceneViewport::OnFocusLost() reason 0
[2025.09.25-19.14.06:517][ 91]LogAssetEditorManager: Opening Asset editor for StaticMesh /Game/LevelAssets/Models/Props/Skim_Milk.Skim_Milk
[2025.09.25-19.14.10:301][490]LogSlate: FSceneViewport::OnFocusLost() reason 2
[2025.09.25-19.14.15:746][137]LogSlate: FSceneViewport::OnFocusLost() reason 0
[2025.09.25-19.14.39:109][882]LogSlate: FSceneViewport::OnFocusLost() reason 0
[2025.09.25-19.14.39:227][894]Cmd: OBJ SAVEPACKAGE PACKAGE="/Game/LevelAssets/Models/Props/Skim_Milk" FILE="E:/GameDev/hggjam/GameJamHGGUnreal4.23.1/GameJamCrew/Content/LevelAssets/Models/Props/Skim_Milk.uasset" SILENT=true
[2025.09.25-19.14.39:238][894]LogSavePackage: Moving 'E:/GameDev/hggjam/GameJamHGGUnreal4.23.1/GameJamCrew/Saved/Skim_Milk303365D940CFAC1D32C90E9B83BCAB7F.tmp' to 'E:/GameDev/hggjam/GameJamHGGUnreal4.23.1/GameJamCrew/Content/LevelAssets/Models/Props/Skim_Milk.uasset'
[2025.09.25-19.14.53:162][539]LogSlate: FSceneViewport::OnFocusLost() reason 0
[2025.09.25-19.14.53:237][548]LogSlate: Window 'Skim_Milk' being destroyed
[2025.09.25-19.14.53:242][548]LogSlate: Window 'Skim_Milk' being destroyed
[2025.09.25-19.14.53:246][548]LogWorld: UWorld::CleanupWorld for World_3, bSessionEnded=true, bCleanupResources=true
[2025.09.25-19.16.08:334][403]LogEditorViewport: Clicking on Actor (LMB): StaticMeshActor (floor01_2x42)
[2025.09.25-19.16.11:166][635]LogSlate: FSceneViewport::OnFocusLost() reason 5
[2025.09.25-19.16.14:576][ 28]LogEditorFactories: Performing atomic reimport of [E:/GameDev/hggjam/KlixXsrc/models/props/yohurt_tray.fbx]
[2025.09.25-19.16.14:592][ 28]LogFbx: Loading FBX Scene from E:/GameDev/hggjam/KlixXsrc/models/props/yohurt_tray.fbx
[2025.09.25-19.16.14:597][ 28]LogFbx: FBX Scene Loaded Succesfully
[2025.09.25-19.16.14:598][ 28]LogFbx: Display: Triangulating static mesh YogurtTray
[2025.09.25-19.16.14:613][ 28]LogFbx: Warning: Triangulating mesh UCX_YogurtTray_001 for collision model
[2025.09.25-19.16.14:613][ 28]LogFbx: Warning: Triangulating mesh UCX_YogurtTray_002 for collision model
[2025.09.25-19.16.14:613][ 28]LogFbx: Warning: Triangulating mesh UCX_YogurtTray_003 for collision model
[2025.09.25-19.16.14:613][ 28]LogFbx: Warning: Triangulating mesh UCX_YogurtTray_004 for collision model
[2025.09.25-19.16.14:613][ 28]LogFbx: Warning: Triangulating mesh UCX_YogurtTray_005 for collision model
[2025.09.25-19.16.14:613][ 28]LogFbx: Warning: Triangulating mesh UCX_YogurtTray_006 for collision model
[2025.09.25-19.16.14:614][ 28]LogFbx: Warning: Triangulating mesh UCX_YogurtTray_007 for collision model
[2025.09.25-19.16.14:614][ 28]LogFbx: Warning: Triangulating mesh UCX_YogurtTray_008 for collision model
[2025.09.25-19.16.14:614][ 28]LogFbx: Warning: Triangulating mesh UCX_YogurtTray_009 for collision model
[2025.09.25-19.16.14:614][ 28]LogFbx: Warning: Triangulating mesh UCX_YogurtTray_010 for collision model
[2025.09.25-19.16.14:614][ 28]LogFbx: Warning: Triangulating mesh UCX_YogurtTray_011 for collision model
[2025.09.25-19.16.14:614][ 28]LogFbx: Warning: Triangulating mesh UCX_YogurtTray_012 for collision model
[2025.09.25-19.16.14:614][ 28]LogFbx: Warning: Triangulating mesh UCX_YogurtTray_013 for collision model
[2025.09.25-19.16.14:614][ 28]LogFbx: Warning: Triangulating mesh UCX_YogurtTray_014 for collision model
[2025.09.25-19.16.14:615][ 28]LogFbx: Warning: Triangulating mesh UCX_YogurtTray_015 for collision model
[2025.09.25-19.16.14:615][ 28]LogFbx: Warning: Triangulating mesh UCX_YogurtTray_016 for collision model
[2025.09.25-19.16.14:615][ 28]LogFbx: Warning: Triangulating mesh UCX_YogurtTray_017 for collision model
[2025.09.25-19.16.14:615][ 28]LogFbx: Warning: Triangulating mesh UCX_YogurtTray_018 for collision model
[2025.09.25-19.16.14:615][ 28]LogFbx: Warning: Triangulating mesh UCX_YogurtTray_019 for collision model
[2025.09.25-19.16.14:615][ 28]LogFbx: Warning: Triangulating mesh UCX_YogurtTray_020 for collision model
[2025.09.25-19.16.14:615][ 28]LogFbx: Warning: Triangulating mesh UCX_YogurtTray_021 for collision model
[2025.09.25-19.16.14:615][ 28]LogFbx: Warning: Triangulating mesh UCX_YogurtTray_022 for collision model
[2025.09.25-19.16.14:616][ 28]LogFbx: Warning: Triangulating mesh UCX_YogurtTray_023 for collision model
[2025.09.25-19.16.14:633][ 28]LogStaticMesh: Building static mesh Skim_Milk...
[2025.09.25-19.16.14:647][ 28]LogStaticMesh: Built static mesh [0.01s] /Game/LevelAssets/Models/Props/Skim_Milk.Skim_Milk
[2025.09.25-19.16.14:653][ 28]LogEditorFactories: -- imported successfully
[2025.09.25-19.16.14:654][ 28]FBXImport: Warning: No smoothing group information was found in this FBX scene.  Please make sure to enable the 'Export Smoothing Groups' option in the FBX Exporter plug-in before exporting the file.  Even for tools that don't support smoothing groups, the FBX Exporter will generate appropriate smoothing data at export-time so that correct vertex normals can be inferred while importing. 
[2025.09.25-19.16.20:144][684]LogEditorViewport: Clicking on Actor (LMB): StaticMeshActor (Skim_Milk3)
[2025.09.25-19.16.21:561][851]LogEditorViewport: Clicking on Actor (context menu): StaticMeshActor (Skim_Milk3)
[2025.09.25-19.16.21:578][851]LogSlate: FSceneViewport::OnFocusLost() reason 5
[2025.09.25-19.16.37:672][363]LogFactory: FactoryCreateFile: StaticMesh with FbxFactory (0 0 E:\GameDev\hggjam\KlixXsrc\models\props\yohurt_tray.fbx)
[2025.09.25-19.16.37:677][363]LogFbx: Loading FBX Scene from E:\GameDev\hggjam\KlixXsrc\models\props\yohurt_tray.fbx
[2025.09.25-19.16.37:680][363]LogFbx: FBX Scene Loaded Succesfully
[2025.09.25-19.16.40:658][363]LogSlate: Window 'FBX Import Options' being destroyed
[2025.09.25-19.16.42:937][632]LogActorFactory: Actor Factory created Tray_Plane_011
[2025.09.25-19.16.43:006][639]LogActorFactory: Actor Factory created Tray_Plane_011
[2025.09.25-19.16.43:007][639]LogSlate: FSceneViewport::OnFocusLost() reason 2
[2025.09.25-19.16.43:381][683]LogActorFactory: Actor Factory created Tray_Plane_011
[2025.09.25-19.16.45:899][981]LogEditorViewport: Clicking on Actor (LMB): StaticMeshActor (Skim_Milk3)
[2025.09.25-19.16.47:139][127]LogSlate: FSceneViewport::OnFocusLost() reason 0
[2025.09.25-19.16.49:208][375]LogEditorViewport: Clicking on Actor (LMB): StaticMeshActor (Tray_Plane_011)
[2025.09.25-19.16.50:037][471]LogSlate: FSceneViewport::OnFocusLost() reason 0
[2025.09.25-19.16.52:507][766]LogEditorViewport: Clicking on Actor (LMB): StaticMeshActor (wall01_2x32)
[2025.09.25-19.16.52:894][810]LogEditorViewport: Clicking on Actor (LMB): StaticMeshActor (Skim_Milk3)
[2025.09.25-19.16.53:596][891]LogEditorViewport: Clicking on Actor (LMB): StaticMeshActor (Tray_Plane_011)
[2025.09.25-19.17.02:357][937]Cmd: DELETE
[2025.09.25-19.17.02:357][937]Cmd: ACTOR DELETE
[2025.09.25-19.17.02:365][937]LogEditorActor: Deleted Actor: StaticMeshActor
[2025.09.25-19.17.02:385][937]LogUObjectHash: Compacting FUObjectHashTables data took   0.94ms
[2025.09.25-19.17.02:385][937]LogEditorActor: Deleted 1 Actors (0.028 secs)
[2025.09.25-19.17.03:808][108]LogEditorViewport: Clicking on Actor (LMB): StaticMeshActor (Skim_Milk3)
[2025.09.25-19.17.04:423][179]LogSlate: FSceneViewport::OnFocusLost() reason 0
[2025.09.25-19.17.04:556][192]LogActorFactory: Actor Factory created Skim_Milk
[2025.09.25-19.17.04:585][194]LogActorFactory: Actor Factory created Skim_Milk
[2025.09.25-19.17.04:585][194]LogSlate: FSceneViewport::OnFocusLost() reason 2
[2025.09.25-19.17.05:045][248]LogActorFactory: Actor Factory created Skim_Milk
[2025.09.25-19.17.07:552][544]LogSlate: FSceneViewport::OnFocusLost() reason 0
[2025.09.25-19.17.08:700][680]LogAssetEditorManager: Opening Asset editor for StaticMesh /Game/LevelAssets/Models/Props/Skim_Milk.Skim_Milk
[2025.09.25-19.17.16:058][537]Cmd: OBJ SAVEPACKAGE PACKAGE="/Game/LevelAssets/Models/Props/Skim_Milk" FILE="E:/GameDev/hggjam/GameJamHGGUnreal4.23.1/GameJamCrew/Content/LevelAssets/Models/Props/Skim_Milk.uasset" SILENT=true
[2025.09.25-19.17.16:067][537]LogSavePackage: Moving 'E:/GameDev/hggjam/GameJamHGGUnreal4.23.1/GameJamCrew/Saved/Skim_Milk405E4E52471E7029BD33AC9EFB3F2440.tmp' to 'E:/GameDev/hggjam/GameJamHGGUnreal4.23.1/GameJamCrew/Content/LevelAssets/Models/Props/Skim_Milk.uasset'
[2025.09.25-19.17.25:423][578]LogSlate: FSceneViewport::OnFocusLost() reason 0
[2025.09.25-19.17.25:510][587]Cmd: OBJ SAVEPACKAGE PACKAGE="/Game/LevelAssets/Models/Props/Skim_Milk" FILE="E:/GameDev/hggjam/GameJamHGGUnreal4.23.1/GameJamCrew/Content/LevelAssets/Models/Props/Skim_Milk.uasset" SILENT=true
[2025.09.25-19.17.25:515][587]LogSavePackage: Moving 'E:/GameDev/hggjam/GameJamHGGUnreal4.23.1/GameJamCrew/Saved/Skim_MilkBA9E85C84DE1E50E810D0E9B9FC512EE.tmp' to 'E:/GameDev/hggjam/GameJamHGGUnreal4.23.1/GameJamCrew/Content/LevelAssets/Models/Props/Skim_Milk.uasset'
[2025.09.25-19.17.26:385][686]LogSlate: Window 'Skim_Milk' being destroyed
[2025.09.25-19.17.26:392][686]LogSlate: Window 'Skim_Milk' being destroyed
[2025.09.25-19.17.26:396][686]LogWorld: UWorld::CleanupWorld for World_4, bSessionEnded=true, bCleanupResources=true
[2025.09.25-19.17.28:137][889]LogEditorViewport: Clicking on Actor (LMB): StaticMeshActor (Skim_Milk3)
[2025.09.25-19.17.29:104][  2]LogEditorViewport: Clicking on Actor (LMB): StaticMeshActor (Skim_Milk)
[2025.09.25-19.17.33:093][477]LogSlate: FSceneViewport::OnFocusLost() reason 0
[2025.09.25-19.17.35:368][749]LogEditorViewport: Clicking on Actor (LMB): StaticMeshActor (floor01_2x33)
[2025.09.25-19.17.36:553][888]LogEditorViewport: Clicking on Actor (LMB): StaticMeshActor (Skim_Milk)
[2025.09.25-19.17.43:459][710]LogEditorViewport: Clicking on Actor (LMB): StaticMeshActor (Skim_Milk3)
[2025.09.25-19.17.43:795][748]Cmd: DELETE
[2025.09.25-19.17.43:795][748]Cmd: ACTOR DELETE
[2025.09.25-19.17.43:800][748]LogEditorActor: Deleted Actor: StaticMeshActor
[2025.09.25-19.17.43:820][748]LogUObjectHash: Compacting FUObjectHashTables data took   0.81ms
[2025.09.25-19.17.43:820][748]LogEditorActor: Deleted 1 Actors (0.025 secs)
[2025.09.25-19.17.44:198][793]LogEditorViewport: Clicking on Actor (LMB): StaticMeshActor (Skim_Milk)
[2025.09.25-19.17.47:568][190]LogEditorViewport: Clicking on Actor (LMB): StaticMeshActor (Skim_Milk6)
[2025.09.25-19.17.48:024][242]Cmd: DELETE
[2025.09.25-19.17.48:024][242]Cmd: ACTOR DELETE
[2025.09.25-19.17.48:030][242]LogEditorActor: Deleted Actor: StaticMeshActor
[2025.09.25-19.17.48:050][242]LogUObjectHash: Compacting FUObjectHashTables data took   0.70ms
[2025.09.25-19.17.48:050][242]LogEditorActor: Deleted 1 Actors (0.025 secs)
[2025.09.25-19.17.48:833][336]LogEditorViewport: Clicking on Actor (LMB): StaticMeshActor (Skim_Milk2)
[2025.09.25-19.17.51:865][696]LogEditorViewport: Clicking on Actor (LMB): StaticMeshActor (floor01_2x28)
[2025.09.25-19.18.01:771][879]LogSlate: FSceneViewport::OnFocusLost() reason 0
[2025.09.25-19.18.04:269][174]LogUObjectHash: Compacting FUObjectHashTables data took   0.41ms
[2025.09.25-19.18.21:376][174]LogSlate: Window 'Replace References?' being destroyed
[2025.09.25-19.18.21:381][174]LogSlate: Window 'Delete Assets' being destroyed
[2025.09.25-19.18.22:417][174]LogUObjectHash: Compacting FUObjectHashTables data took   0.86ms
[2025.09.25-19.18.30:532][174]LogSlate: Window 'Save Content' being destroyed
[2025.09.25-19.18.32:824][436]LogEditorViewport: Clicking on Actor (LMB): StaticMeshActor (Skim_Milk4)
[2025.09.25-19.18.50:355][767]LogSlate: FSceneViewport::OnFocusLost() reason 0
[2025.09.25-19.18.51:108][830]LogUObjectHash: Compacting FUObjectHashTables data took   0.58ms
[2025.09.25-19.18.52:686][830]LogSlate: Window 'Delete Assets' being destroyed
[2025.09.25-19.18.52:755][830]LogUObjectHash: Compacting FUObjectHashTables data took   0.42ms
[2025.09.25-19.18.52:778][830]LogUObjectHash: Compacting FUObjectHashTables data took   0.42ms
[2025.09.25-19.18.52:800][830]LogUObjectHash: Compacting FUObjectHashTables data took   0.41ms
[2025.09.25-19.19.00:682][442]LogFactory: FactoryCreateFile: StaticMesh with FbxFactory (0 0 E:\GameDev\hggjam\KlixXsrc\models\props\yohurt_mix.fbx)
[2025.09.25-19.19.00:687][442]LogFbx: Loading FBX Scene from E:\GameDev\hggjam\KlixXsrc\models\props\yohurt_mix.fbx
[2025.09.25-19.19.00:691][442]LogFbx: FBX Scene Loaded Succesfully
[2025.09.25-19.19.01:977][442]LogSlate: Window 'FBX Import Options' being destroyed
[2025.09.25-19.19.01:990][442]LogFbx: Display: Triangulating static mesh YougurtMix
[2025.09.25-19.19.02:015][442]LogFbx: Warning: Triangulating mesh UCX_YougurtMix_001 for collision model
[2025.09.25-19.19.02:015][442]LogFbx: Warning: Triangulating mesh UCX_YougurtMix_002 for collision model
[2025.09.25-19.19.02:015][442]LogFbx: Warning: Triangulating mesh UCX_YougurtMix_003 for collision model
[2025.09.25-19.19.02:015][442]LogFbx: Warning: Triangulating mesh UCX_YougurtMix_004 for collision model
[2025.09.25-19.19.02:015][442]LogFbx: Warning: Triangulating mesh UCX_YougurtMix_005 for collision model
[2025.09.25-19.19.02:016][442]LogFbx: Warning: Triangulating mesh UCX_YougurtMix_006 for collision model
[2025.09.25-19.19.02:016][442]LogFbx: Warning: Triangulating mesh UCX_YougurtMix_007 for collision model
[2025.09.25-19.19.02:016][442]LogFbx: Warning: Triangulating mesh UCX_YougurtMix_008 for collision model
[2025.09.25-19.19.02:016][442]LogFbx: Warning: Triangulating mesh UCX_YougurtMix_009 for collision model
[2025.09.25-19.19.02:016][442]LogFbx: Warning: Triangulating mesh UCX_YougurtMix_010 for collision model
[2025.09.25-19.19.02:016][442]LogFbx: Warning: Triangulating mesh UCX_YougurtMix_011 for collision model
[2025.09.25-19.19.02:017][442]LogFbx: Warning: Triangulating mesh UCX_YougurtMix_012 for collision model
[2025.09.25-19.19.02:017][442]LogFbx: Warning: Triangulating mesh UCX_YougurtMix_013 for collision model
[2025.09.25-19.19.02:017][442]LogFbx: Warning: Triangulating mesh UCX_YougurtMix_014 for collision model
[2025.09.25-19.19.02:017][442]LogFbx: Warning: Triangulating mesh UCX_YougurtMix_015 for collision model
[2025.09.25-19.19.02:017][442]LogFbx: Warning: Triangulating mesh UCX_YougurtMix_016 for collision model
[2025.09.25-19.19.02:017][442]LogFbx: Warning: Triangulating mesh UCX_YougurtMix_017 for collision model
[2025.09.25-19.19.02:018][442]LogFbx: Warning: Triangulating mesh UCX_YougurtMix_018 for collision model
[2025.09.25-19.19.02:018][442]LogFbx: Warning: Triangulating mesh UCX_YougurtMix_019 for collision model
[2025.09.25-19.19.02:028][442]LogStaticMesh: Building static mesh yohurt_mix...
[2025.09.25-19.19.02:051][442]LogStaticMesh: Built static mesh [0.02s] /Game/LevelAssets/Models/Props/yohurt_mix.yohurt_mix
[2025.09.25-19.19.02:057][442]FBXImport: Warning: No smoothing group information was found in this FBX scene.  Please make sure to enable the 'Export Smoothing Groups' option in the FBX Exporter plug-in before exporting the file.  Even for tools that don't support smoothing groups, the FBX Exporter will generate appropriate smoothing data at export-time so that correct vertex normals can be inferred while importing. 
[2025.09.25-19.19.03:833][650]LogSlate: Window 'Message Log' being destroyed
[2025.09.25-19.19.03:838][650]LogSlate: Window 'Message Log' being destroyed
[2025.09.25-19.19.04:744][757]LogActorFactory: Actor Factory created yohurt_mix
[2025.09.25-19.19.04:795][762]LogActorFactory: Actor Factory created yohurt_mix
[2025.09.25-19.19.04:796][762]LogSlate: FSceneViewport::OnFocusLost() reason 2
[2025.09.25-19.19.05:172][806]LogActorFactory: Actor Factory created yohurt_mix
[2025.09.25-19.19.06:077][910]LogEditorViewport: Clicking on Actor (LMB): StaticMeshActor (Skim_Milk7)
[2025.09.25-19.19.08:482][190]Cmd: DELETE
[2025.09.25-19.19.08:482][190]Cmd: ACTOR DELETE
[2025.09.25-19.19.08:488][190]LogEditorActor: Deleted Actor: StaticMeshActor
[2025.09.25-19.19.08:488][190]LogEditorActor: Deleted Actor: StaticMeshActor
[2025.09.25-19.19.08:507][190]LogUObjectHash: Compacting FUObjectHashTables data took   0.84ms
[2025.09.25-19.19.08:508][190]LogEditorActor: Deleted 2 Actors (0.026 secs)
[2025.09.25-19.19.09:625][324]LogSlate: FSceneViewport::OnFocusLost() reason 0
[2025.09.25-19.19.15:785][ 57]Cmd: OBJ SAVEPACKAGE PACKAGE="/Game/LevelAssets/Models/Props/Skim_Tray" FILE="E:/GameDev/hggjam/GameJamHGGUnreal4.23.1/GameJamCrew/Content/LevelAssets/Models/Props/Skim_Tray.uasset" SILENT=true
[2025.09.25-19.19.15:795][ 57]LogSavePackage: Moving 'E:/GameDev/hggjam/GameJamHGGUnreal4.23.1/GameJamCrew/Saved/Skim_TrayE8CB00C940D1326F4D426F8062FBB605.tmp' to 'E:/GameDev/hggjam/GameJamHGGUnreal4.23.1/GameJamCrew/Content/LevelAssets/Models/Props/Skim_Tray.uasset'
[2025.09.25-19.19.15:797][ 57]Cmd: OBJ SAVEPACKAGE PACKAGE="/Game/LevelAssets/Models/Props/Skim_Milk" FILE="E:/GameDev/hggjam/GameJamHGGUnreal4.23.1/GameJamCrew/Content/LevelAssets/Models/Props/Skim_Milk.uasset" SILENT=true
[2025.09.25-19.19.15:798][ 57]LogSavePackage: Moving 'E:/GameDev/hggjam/GameJamHGGUnreal4.23.1/GameJamCrew/Saved/Skim_MilkBEA2045E4625421E518266B7D8D366B0.tmp' to 'E:/GameDev/hggjam/GameJamHGGUnreal4.23.1/GameJamCrew/Content/LevelAssets/Models/Props/Skim_Milk.uasset'
[2025.09.25-19.19.16:853][179]LogEditorViewport: Clicking on Actor (LMB): StaticMeshActor (yohurt_mix)
[2025.09.25-19.19.18:259][343]LogSlate: FSceneViewport::OnFocusLost() reason 0
[2025.09.25-19.19.46:751][744]LogEditorViewport: Clicking on Actor (LMB): StaticMeshActor (yohurt_mix)
[2025.09.25-19.19.52:020][364]LogSlate: FSceneViewport::OnFocusLost() reason 5
[2025.09.25-19.19.52:026][364]Cmd: OBJ SAVEPACKAGE PACKAGE="/Game/Levels/CheeseFactory_001" FILE="E:/GameDev/hggjam/GameJamHGGUnreal4.23.1/GameJamCrew/Content/Levels/CheeseFactory_001.umap" SILENT=true AUTOSAVING=false KEEPDIRTY=false
[2025.09.25-19.19.52:046][364]LogUObjectHash: Compacting FUObjectHashTables data took   0.70ms
[2025.09.25-19.19.52:213][364]LogSavePackage: Moving 'E:/GameDev/hggjam/GameJamHGGUnreal4.23.1/GameJamCrew/Saved/CheeseFactory_00181208ED148B254A3A9FA7CB87FE14A61.tmp' to 'E:/GameDev/hggjam/GameJamHGGUnreal4.23.1/GameJamCrew/Content/Levels/CheeseFactory_001.umap'
[2025.09.25-19.19.52:227][364]Cmd: OBJ SAVEPACKAGE PACKAGE="/Game/Levels/CheeseFactory_001_BuiltData" FILE="E:/GameDev/hggjam/GameJamHGGUnreal4.23.1/GameJamCrew/Content/Levels/CheeseFactory_001_BuiltData.uasset" SILENT=true
[2025.09.25-19.19.52:725][364]LogSavePackage: Moving 'E:/GameDev/hggjam/GameJamHGGUnreal4.23.1/GameJamCrew/Saved/CheeseFactory_001_BuiltDataCFBFE73B46F272A476A5E981DDCC264F.tmp' to 'E:/GameDev/hggjam/GameJamHGGUnreal4.23.1/GameJamCrew/Content/Levels/CheeseFactory_001_BuiltData.uasset'
[2025.09.25-19.19.53:684][476]LogSlate: FSceneViewport::OnFocusLost() reason 0
[2025.09.25-19.21.48:624][868]LogFactory: FactoryCreateFile: Texture with ReimportTextureFactory (0 0 E:\GameDev\hggjam\KlixXsrc\models\props\textures\copperbowl\Material_Normal_DirectX.tga)
[2025.09.25-19.21.48:634][868]LogTexture: Display: Building textures: Material_Normal_DirectX (BC5, 512X512)
[2025.09.25-19.21.48:670][868]LogFactory: FactoryCreateFile: Texture with ReimportTextureFactory (0 0 E:\GameDev\hggjam\KlixXsrc\models\props\textures\copperbowl\copperbowl_mixed.tga)
[2025.09.25-19.21.48:682][868]LogTexture: Display: Building textures: copperbowl_mixed (AutoDXT, 2048X2048)
[2025.09.25-19.21.48:979][868]LogFactory: FactoryCreateFile: Texture with ReimportTextureFactory (0 0 E:\GameDev\hggjam\KlixXsrc\models\props\textures\copperbowl\copperbowl_color.tga)
[2025.09.25-19.21.48:982][868]LogTexture: Display: Building textures: copperbowl_color (AutoDXT, 512X512)
[2025.09.25-19.21.57:821][802]LogAssetEditorManager: Opening Asset editor for Material /Game/LevelAssets/Materials/Models/Props/copperbowl/M_copperbowl.M_copperbowl
[2025.09.25-19.21.57:823][802]LogMaterial: Display: Missing cached shader map for material M_copperbowl, compiling. 
[2025.09.25-19.21.57:884][802]LogMaterial: Display: Missing cached shader map for material M_copperbowl, compiling. 
[2025.09.25-19.21.57:892][802]LogMaterial: Display: Missing cached shader map for material M_copperbowl, compiling. 
[2025.09.25-19.21.57:927][802]LogShaderCompilers: Display: Worker (1/13): shaders left to compile 21
[2025.09.25-19.21.57:927][802]LogShaderCompilers: Display: Worker (2/13): shaders left to compile 20
[2025.09.25-19.21.57:927][802]LogShaderCompilers: Display: Worker (3/13): shaders left to compile 19
[2025.09.25-19.21.57:927][802]LogShaderCompilers: Display: Worker (4/13): shaders left to compile 18
[2025.09.25-19.21.57:927][802]LogShaderCompilers: Display: Worker (5/13): shaders left to compile 17
[2025.09.25-19.21.57:927][802]LogShaderCompilers: Display: Worker (6/13): shaders left to compile 16
[2025.09.25-19.21.57:927][802]LogShaderCompilers: Display: Worker (7/13): shaders left to compile 15
[2025.09.25-19.21.57:927][802]LogShaderCompilers: Display: Worker (8/13): shaders left to compile 14
[2025.09.25-19.21.57:927][802]LogShaderCompilers: Display: Worker (9/13): shaders left to compile 13
[2025.09.25-19.21.57:927][802]LogShaderCompilers: Display: Worker (10/13): shaders left to compile 12
[2025.09.25-19.21.57:927][802]LogShaderCompilers: Display: Worker (11/13): shaders left to compile 11
[2025.09.25-19.21.57:927][802]LogShaderCompilers: Display: Worker (12/13): shaders left to compile 10
[2025.09.25-19.21.57:927][802]LogSlate: Took 0.003943 seconds to synchronously load lazily loaded font '../../../Engine/Content/Slate/Fonts/Roboto-BoldCondensed.ttf' (158K)
[2025.09.25-19.21.58:121][809]LogShaderCompilers: Display: Worker (8/13): shaders left to compile 9
[2025.09.25-19.21.58:186][813]LogShaderCompilers: Display: Worker (1/13): shaders left to compile 8
[2025.09.25-19.21.58:186][813]LogShaderCompilers: Display: Worker (3/13): shaders left to compile 7
[2025.09.25-19.21.58:186][813]LogShaderCompilers: Display: Worker (5/13): shaders left to compile 6
[2025.09.25-19.21.58:186][813]LogShaderCompilers: Display: Worker (6/13): shaders left to compile 5
[2025.09.25-19.21.58:186][813]LogShaderCompilers: Display: Worker (7/13): shaders left to compile 4
[2025.09.25-19.21.58:186][813]LogShaderCompilers: Display: Worker (9/13): shaders left to compile 3
[2025.09.25-19.21.58:201][814]LogShaderCompilers: Display: Worker (2/13): shaders left to compile 2
[2025.09.25-19.21.58:201][814]LogShaderCompilers: Display: Worker (4/13): shaders left to compile 1
[2025.09.25-19.21.58:441][832]MaterialEditorStats: Base pass shader: 117 instructions
[2025.09.25-19.21.58:441][832]MaterialEditorStats: Base pass shader with Volumetric Lightmap: 191 instructions
[2025.09.25-19.21.58:441][832]MaterialEditorStats: Base pass vertex shader: 40 instructions
[2025.09.25-19.21.58:441][832]MaterialEditorStats: Texture samplers: 3/16
[2025.09.25-19.22.02:600][270]LogMaterial: Display: Missing cached shader map for material M_copperbowl, compiling. 
[2025.09.25-19.22.02:607][270]LogMaterial: Display: Missing cached shader map for material FMatExpressionPreview MaterialExpressionTextureSample_0, compiling. 
[2025.09.25-19.22.02:616][270]LogShaderCompilers: Display: Worker (1/13): shaders left to compile 25
[2025.09.25-19.22.02:616][270]LogShaderCompilers: Display: Worker (2/13): shaders left to compile 24
[2025.09.25-19.22.02:616][270]LogShaderCompilers: Display: Worker (3/13): shaders left to compile 23
[2025.09.25-19.22.02:616][270]LogShaderCompilers: Display: Worker (4/13): shaders left to compile 22
[2025.09.25-19.22.02:616][270]LogShaderCompilers: Display: Worker (5/13): shaders left to compile 21
[2025.09.25-19.22.02:616][270]LogShaderCompilers: Display: Worker (6/13): shaders left to compile 20
[2025.09.25-19.22.02:616][270]LogShaderCompilers: Display: Worker (7/13): shaders left to compile 19
[2025.09.25-19.22.02:616][270]LogShaderCompilers: Display: Worker (8/13): shaders left to compile 18
[2025.09.25-19.22.02:616][270]LogShaderCompilers: Display: Worker (9/13): shaders left to compile 17
[2025.09.25-19.22.02:616][270]LogShaderCompilers: Display: Worker (10/13): shaders left to compile 16
[2025.09.25-19.22.02:616][270]LogShaderCompilers: Display: Worker (11/13): shaders left to compile 15
[2025.09.25-19.22.02:616][270]LogShaderCompilers: Display: Worker (12/13): shaders left to compile 14
[2025.09.25-19.22.02:617][270]LogMaterial: Display: Missing cached shader map for material FMatExpressionPreview MaterialExpressionTextureSample_0, compiling. 
[2025.09.25-19.22.02:625][270]LogMaterial: Display: Missing cached shader map for material M_copperbowl, compiling. 
[2025.09.25-19.22.02:635][270]LogMaterial: Display: Missing cached shader map for material FMatExpressionPreview MaterialExpressionTextureSample_1, compiling. 
[2025.09.25-19.22.02:649][270]LogMaterial: Display: Missing cached shader map for material FMatExpressionPreview MaterialExpressionTextureSample_0, compiling. 
[2025.09.25-19.22.02:653][270]LogMaterial: Display: Missing cached shader map for material FMatExpressionPreview MaterialExpressionTextureSample_1, compiling. 
[2025.09.25-19.22.02:664][270]LogMaterial: Display: Missing cached shader map for material M_copperbowl, compiling. 
[2025.09.25-19.22.02:677][270]LogMaterial: Display: Missing cached shader map for material FMatExpressionPreview MaterialExpressionTextureSample_2, compiling. 
[2025.09.25-19.22.02:690][270]LogShaderCompilers: Display: Worker (8/13): shaders left to compile 29
[2025.09.25-19.22.02:696][270]LogMaterial: Display: Missing cached shader map for material FMatExpressionPreview MaterialExpressionTextureSample_0, compiling. 
[2025.09.25-19.22.02:700][270]LogMaterial: Display: Missing cached shader map for material FMatExpressionPreview MaterialExpressionTextureSample_1, compiling. 
[2025.09.25-19.22.02:705][270]LogMaterial: Display: Missing cached shader map for material FMatExpressionPreview MaterialExpressionTextureSample_2, compiling. 
[2025.09.25-19.22.02:761][272]LogShaderCompilers: Display: Worker (2/13): shaders left to compile 33
[2025.09.25-19.22.02:761][272]LogShaderCompilers: Display: Worker (3/13): shaders left to compile 32
[2025.09.25-19.22.02:761][272]LogShaderCompilers: Display: Worker (7/13): shaders left to compile 31
[2025.09.25-19.22.02:761][272]LogShaderCompilers: Display: Worker (9/13): shaders left to compile 30
[2025.09.25-19.22.02:761][272]LogShaderCompilers: Display: Worker (1/13): shaders left to compile 29
[2025.09.25-19.22.02:761][272]LogShaderCompilers: Display: Worker (4/13): shaders left to compile 28
[2025.09.25-19.22.02:761][272]LogShaderCompilers: Display: Worker (6/13): shaders left to compile 27
[2025.09.25-19.22.02:761][272]LogShaderCompilers: Display: Worker (5/13): shaders left to compile 26
[2025.09.25-19.22.02:785][274]LogShaderCompilers: Display: Worker (12/13): shaders left to compile 25
[2025.09.25-19.22.02:841][278]LogShaderCompilers: Display: Worker (5/13): shaders left to compile 24
[2025.09.25-19.22.02:883][281]LogShaderCompilers: Display: Worker (10/13): shaders left to compile 23
[2025.09.25-19.22.02:883][281]LogShaderCompilers: Display: Worker (11/13): shaders left to compile 22
[2025.09.25-19.22.02:898][282]LogShaderCompilers: Display: Worker (8/13): shaders left to compile 21
[2025.09.25-19.22.02:898][282]LogShaderCompilers: Display: Worker (2/13): shaders left to compile 20
[2025.09.25-19.22.02:898][282]LogShaderCompilers: Display: Worker (3/13): shaders left to compile 19
[2025.09.25-19.22.02:911][283]LogShaderCompilers: Display: Worker (4/13): shaders left to compile 18
[2025.09.25-19.22.02:911][283]LogShaderCompilers: Display: Worker (1/13): shaders left to compile 17
[2025.09.25-19.22.02:911][283]LogShaderCompilers: Display: Worker (7/13): shaders left to compile 16
[2025.09.25-19.22.02:911][283]LogShaderCompilers: Display: Worker (9/13): shaders left to compile 15
[2025.09.25-19.22.02:925][284]LogShaderCompilers: Display: Worker (12/13): shaders left to compile 14
[2025.09.25-19.22.02:925][284]LogShaderCompilers: Display: Worker (6/13): shaders left to compile 13
[2025.09.25-19.22.03:073][292]LogShaderCompilers: Display: Worker (11/13): shaders left to compile 12
[2025.09.25-19.22.03:073][292]LogShaderCompilers: Display: Worker (3/13): shaders left to compile 11
[2025.09.25-19.22.03:102][294]LogShaderCompilers: Display: Worker (7/13): shaders left to compile 10
[2025.09.25-19.22.03:115][295]LogShaderCompilers: Display: Worker (6/13): shaders left to compile 9
[2025.09.25-19.22.03:115][295]LogShaderCompilers: Display: Worker (5/13): shaders left to compile 8
[2025.09.25-19.22.03:163][298]LogShaderCompilers: Display: Worker (9/13): shaders left to compile 7
[2025.09.25-19.22.03:188][299]LogShaderCompilers: Display: Worker (12/13): shaders left to compile 6
[2025.09.25-19.22.03:188][299]LogShaderCompilers: Display: Worker (10/13): shaders left to compile 5
[2025.09.25-19.22.03:188][299]LogShaderCompilers: Display: Worker (8/13): shaders left to compile 4
[2025.09.25-19.22.03:188][299]LogShaderCompilers: Display: Worker (4/13): shaders left to compile 3
[2025.09.25-19.22.03:207][300]LogShaderCompilers: Display: Worker (2/13): shaders left to compile 2
[2025.09.25-19.22.03:207][300]LogShaderCompilers: Display: Worker (1/13): shaders left to compile 1
[2025.09.25-19.22.03:238][301]MaterialEditorStats: Base pass shader: 117 instructions
[2025.09.25-19.22.03:238][301]MaterialEditorStats: Base pass shader with Volumetric Lightmap: 191 instructions
[2025.09.25-19.22.03:238][301]MaterialEditorStats: Base pass vertex shader: 40 instructions
[2025.09.25-19.22.03:238][301]MaterialEditorStats: Texture samplers: 3/16
[2025.09.25-19.22.14:602][636]LogMaterial: Display: Missing cached shader map for material M_copperbowl, compiling. 
[2025.09.25-19.22.14:613][636]LogShaderCompilers: Display: Worker (1/13): shaders left to compile 21
[2025.09.25-19.22.14:613][636]LogShaderCompilers: Display: Worker (2/13): shaders left to compile 20
[2025.09.25-19.22.14:613][636]LogShaderCompilers: Display: Worker (3/13): shaders left to compile 19
[2025.09.25-19.22.14:613][636]LogShaderCompilers: Display: Worker (4/13): shaders left to compile 18
[2025.09.25-19.22.14:613][636]LogShaderCompilers: Display: Worker (5/13): shaders left to compile 17
[2025.09.25-19.22.14:613][636]LogShaderCompilers: Display: Worker (6/13): shaders left to compile 16
[2025.09.25-19.22.14:613][636]LogShaderCompilers: Display: Worker (7/13): shaders left to compile 15
[2025.09.25-19.22.14:613][636]LogShaderCompilers: Display: Worker (8/13): shaders left to compile 14
[2025.09.25-19.22.14:613][636]LogShaderCompilers: Display: Worker (9/13): shaders left to compile 13
[2025.09.25-19.22.14:613][636]LogShaderCompilers: Display: Worker (10/13): shaders left to compile 12
[2025.09.25-19.22.14:613][636]LogShaderCompilers: Display: Worker (11/13): shaders left to compile 11
[2025.09.25-19.22.14:613][636]LogShaderCompilers: Display: Worker (12/13): shaders left to compile 10
[2025.09.25-19.22.14:617][636]LogMaterial: Display: Missing cached shader map for material FMatExpressionPreview MaterialExpressionTextureSample_2, compiling. 
[2025.09.25-19.22.14:725][641]LogShaderCompilers: Display: Worker (8/13): shaders left to compile 13
[2025.09.25-19.22.14:791][645]LogShaderCompilers: Display: Worker (1/13): shaders left to compile 12
[2025.09.25-19.22.14:791][645]LogShaderCompilers: Display: Worker (2/13): shaders left to compile 11
[2025.09.25-19.22.14:791][645]LogShaderCompilers: Display: Worker (3/13): shaders left to compile 10
[2025.09.25-19.22.14:791][645]LogShaderCompilers: Display: Worker (4/13): shaders left to compile 9
[2025.09.25-19.22.14:791][645]LogShaderCompilers: Display: Worker (5/13): shaders left to compile 8
[2025.09.25-19.22.14:791][645]LogShaderCompilers: Display: Worker (6/13): shaders left to compile 7
[2025.09.25-19.22.14:791][645]LogShaderCompilers: Display: Worker (7/13): shaders left to compile 6
[2025.09.25-19.22.14:791][645]LogShaderCompilers: Display: Worker (9/13): shaders left to compile 5
[2025.09.25-19.22.14:805][646]LogShaderCompilers: Display: Worker (12/13): shaders left to compile 4
[2025.09.25-19.22.14:902][652]LogShaderCompilers: Display: Worker (10/13): shaders left to compile 3
[2025.09.25-19.22.14:924][653]LogShaderCompilers: Display: Worker (11/13): shaders left to compile 2
[2025.09.25-19.22.14:987][656]LogShaderCompilers: Display: Worker (8/13): shaders left to compile 1
[2025.09.25-19.22.15:087][663]MaterialEditorStats: Base pass shader: 117 instructions
[2025.09.25-19.22.15:087][663]MaterialEditorStats: Base pass shader with Volumetric Lightmap: 195 instructions
[2025.09.25-19.22.15:087][663]MaterialEditorStats: Base pass vertex shader: 44 instructions
[2025.09.25-19.22.15:087][663]MaterialEditorStats: Texture samplers: 4/16
[2025.09.25-19.22.15:087][663]MaterialEditorStats: Texture Lookups (Est.): VS(0), PS(1)
[2025.09.25-19.22.15:087][663]MaterialEditorStats: User interpolators: 2/4 Scalars (1/4 Vectors) (TexCoords: 2, Custom: 0)
[2025.09.25-19.22.18:419][ 61]LogMaterial: Display: Missing cached shader map for material M_copperbowl, compiling. 
[2025.09.25-19.22.18:435][ 61]LogShaderCompilers: Display: Worker (1/13): shaders left to compile 21
[2025.09.25-19.22.18:435][ 61]LogShaderCompilers: Display: Worker (2/13): shaders left to compile 20
[2025.09.25-19.22.18:435][ 61]LogShaderCompilers: Display: Worker (3/13): shaders left to compile 19
[2025.09.25-19.22.18:435][ 61]LogShaderCompilers: Display: Worker (4/13): shaders left to compile 18
[2025.09.25-19.22.18:435][ 61]LogShaderCompilers: Display: Worker (5/13): shaders left to compile 17
[2025.09.25-19.22.18:435][ 61]LogShaderCompilers: Display: Worker (6/13): shaders left to compile 16
[2025.09.25-19.22.18:435][ 61]LogShaderCompilers: Display: Worker (7/13): shaders left to compile 15
[2025.09.25-19.22.18:435][ 61]LogShaderCompilers: Display: Worker (8/13): shaders left to compile 14
[2025.09.25-19.22.18:435][ 61]LogShaderCompilers: Display: Worker (9/13): shaders left to compile 13
[2025.09.25-19.22.18:435][ 61]LogShaderCompilers: Display: Worker (10/13): shaders left to compile 12
[2025.09.25-19.22.18:435][ 61]LogShaderCompilers: Display: Worker (11/13): shaders left to compile 11
[2025.09.25-19.22.18:435][ 61]LogShaderCompilers: Display: Worker (12/13): shaders left to compile 10
[2025.09.25-19.22.18:435][ 61]LogMaterial: Display: Missing cached shader map for material FMatExpressionPreview MaterialExpressionTextureSample_2, compiling. 
[2025.09.25-19.22.18:539][ 66]LogShaderCompilers: Display: Worker (8/13): shaders left to compile 13
[2025.09.25-19.22.18:589][ 69]LogShaderCompilers: Display: Worker (1/13): shaders left to compile 12
[2025.09.25-19.22.18:589][ 69]LogShaderCompilers: Display: Worker (3/13): shaders left to compile 11
[2025.09.25-19.22.18:590][ 69]LogShaderCompilers: Display: Worker (2/13): shaders left to compile 10
[2025.09.25-19.22.18:590][ 69]LogShaderCompilers: Display: Worker (9/13): shaders left to compile 9
[2025.09.25-19.22.18:605][ 70]LogShaderCompilers: Display: Worker (5/13): shaders left to compile 8
[2025.09.25-19.22.18:605][ 70]LogShaderCompilers: Display: Worker (6/13): shaders left to compile 7
[2025.09.25-19.22.18:605][ 70]LogShaderCompilers: Display: Worker (4/13): shaders left to compile 6
[2025.09.25-19.22.18:605][ 70]LogShaderCompilers: Display: Worker (7/13): shaders left to compile 5
[2025.09.25-19.22.18:635][ 72]LogShaderCompilers: Display: Worker (12/13): shaders left to compile 4
[2025.09.25-19.22.18:748][ 78]LogShaderCompilers: Display: Worker (10/13): shaders left to compile 3
[2025.09.25-19.22.18:748][ 78]LogShaderCompilers: Display: Worker (11/13): shaders left to compile 2
[2025.09.25-19.22.18:786][ 80]LogShaderCompilers: Display: Worker (3/13): shaders left to compile 1
[2025.09.25-19.22.18:880][ 86]MaterialEditorStats: Base pass shader: 119 instructions
[2025.09.25-19.22.18:880][ 86]MaterialEditorStats: Base pass shader with Volumetric Lightmap: 195 instructions
[2025.09.25-19.22.18:880][ 86]MaterialEditorStats: Base pass vertex shader: 44 instructions
[2025.09.25-19.22.18:880][ 86]MaterialEditorStats: Texture samplers: 4/16
[2025.09.25-19.22.18:880][ 86]MaterialEditorStats: Texture Lookups (Est.): VS(0), PS(1)
[2025.09.25-19.22.18:880][ 86]MaterialEditorStats: User interpolators: 2/4 Scalars (1/4 Vectors) (TexCoords: 2, Custom: 0)
[2025.09.25-19.22.20:239][248]LogMaterial: Display: Missing cached shader map for material M_copperbowl, compiling. 
[2025.09.25-19.22.20:250][248]LogMaterial: Display: Missing cached shader map for material FMatExpressionPreview MaterialExpressionTextureSample_2, compiling. 
[2025.09.25-19.22.20:266][249]LogShaderCompilers: Display: Worker (1/13): shaders left to compile 25
[2025.09.25-19.22.20:266][249]LogShaderCompilers: Display: Worker (2/13): shaders left to compile 24
[2025.09.25-19.22.20:266][249]LogShaderCompilers: Display: Worker (3/13): shaders left to compile 23
[2025.09.25-19.22.20:266][249]LogShaderCompilers: Display: Worker (4/13): shaders left to compile 22
[2025.09.25-19.22.20:266][249]LogShaderCompilers: Display: Worker (5/13): shaders left to compile 21
[2025.09.25-19.22.20:266][249]LogShaderCompilers: Display: Worker (6/13): shaders left to compile 20
[2025.09.25-19.22.20:266][249]LogShaderCompilers: Display: Worker (7/13): shaders left to compile 19
[2025.09.25-19.22.20:266][249]LogShaderCompilers: Display: Worker (8/13): shaders left to compile 18
[2025.09.25-19.22.20:266][249]LogShaderCompilers: Display: Worker (9/13): shaders left to compile 17
[2025.09.25-19.22.20:266][249]LogShaderCompilers: Display: Worker (10/13): shaders left to compile 16
[2025.09.25-19.22.20:266][249]LogShaderCompilers: Display: Worker (11/13): shaders left to compile 15
[2025.09.25-19.22.20:266][249]LogShaderCompilers: Display: Worker (12/13): shaders left to compile 14
[2025.09.25-19.22.20:339][254]LogShaderCompilers: Display: Worker (8/13): shaders left to compile 13
[2025.09.25-19.22.20:408][257]LogShaderCompilers: Display: Worker (1/13): shaders left to compile 12
[2025.09.25-19.22.20:408][257]LogShaderCompilers: Display: Worker (2/13): shaders left to compile 11
[2025.09.25-19.22.20:427][258]LogShaderCompilers: Display: Worker (9/13): shaders left to compile 10
[2025.09.25-19.22.20:427][258]LogShaderCompilers: Display: Worker (3/13): shaders left to compile 9
[2025.09.25-19.22.20:427][258]LogShaderCompilers: Display: Worker (5/13): shaders left to compile 8
[2025.09.25-19.22.20:427][258]LogShaderCompilers: Display: Worker (7/13): shaders left to compile 7
[2025.09.25-19.22.20:427][258]LogShaderCompilers: Display: Worker (4/13): shaders left to compile 6
[2025.09.25-19.22.20:427][258]LogShaderCompilers: Display: Worker (6/13): shaders left to compile 5
[2025.09.25-19.22.20:441][259]LogShaderCompilers: Display: Worker (12/13): shaders left to compile 4
[2025.09.25-19.22.20:543][265]LogShaderCompilers: Display: Worker (10/13): shaders left to compile 3
[2025.09.25-19.22.20:544][265]LogShaderCompilers: Display: Worker (11/13): shaders left to compile 2
[2025.09.25-19.22.20:611][268]LogShaderCompilers: Display: Worker (8/13): shaders left to compile 1
[2025.09.25-19.22.20:692][273]MaterialEditorStats: Base pass shader: 119 instructions
[2025.09.25-19.22.20:692][273]MaterialEditorStats: Base pass shader with Volumetric Lightmap: 197 instructions
[2025.09.25-19.22.20:692][273]MaterialEditorStats: Base pass vertex shader: 44 instructions
[2025.09.25-19.22.20:692][273]MaterialEditorStats: Texture samplers: 4/16
[2025.09.25-19.22.20:692][273]MaterialEditorStats: Texture Lookups (Est.): VS(0), PS(1)
[2025.09.25-19.22.20:692][273]MaterialEditorStats: User interpolators: 2/4 Scalars (1/4 Vectors) (TexCoords: 2, Custom: 0)
[2025.09.25-19.22.22:437][480]LogMaterial: Display: Missing cached shader map for material M_copperbowl, compiling. 
[2025.09.25-19.22.22:448][480]LogMaterial: Display: Missing cached shader map for material FMatExpressionPreview MaterialExpressionTextureSample_0, compiling. 
[2025.09.25-19.22.22:451][480]LogShaderCompilers: Display: Worker (1/13): shaders left to compile 21
[2025.09.25-19.22.22:451][480]LogShaderCompilers: Display: Worker (2/13): shaders left to compile 20
[2025.09.25-19.22.22:451][480]LogShaderCompilers: Display: Worker (3/13): shaders left to compile 19
[2025.09.25-19.22.22:451][480]LogShaderCompilers: Display: Worker (4/13): shaders left to compile 18
[2025.09.25-19.22.22:451][480]LogShaderCompilers: Display: Worker (5/13): shaders left to compile 17
[2025.09.25-19.22.22:451][480]LogShaderCompilers: Display: Worker (6/13): shaders left to compile 16
[2025.09.25-19.22.22:451][480]LogShaderCompilers: Display: Worker (7/13): shaders left to compile 15
[2025.09.25-19.22.22:451][480]LogShaderCompilers: Display: Worker (8/13): shaders left to compile 14
[2025.09.25-19.22.22:451][480]LogShaderCompilers: Display: Worker (9/13): shaders left to compile 13
[2025.09.25-19.22.22:451][480]LogShaderCompilers: Display: Worker (10/13): shaders left to compile 12
[2025.09.25-19.22.22:451][480]LogShaderCompilers: Display: Worker (11/13): shaders left to compile 11
[2025.09.25-19.22.22:451][480]LogShaderCompilers: Display: Worker (12/13): shaders left to compile 10
[2025.09.25-19.22.22:537][483]LogShaderCompilers: Display: Worker (8/13): shaders left to compile 13
[2025.09.25-19.22.22:597][486]LogShaderCompilers: Display: Worker (1/13): shaders left to compile 12
[2025.09.25-19.22.22:597][486]LogShaderCompilers: Display: Worker (3/13): shaders left to compile 11
[2025.09.25-19.22.22:611][487]LogShaderCompilers: Display: Worker (9/13): shaders left to compile 10
[2025.09.25-19.22.22:611][487]LogShaderCompilers: Display: Worker (2/13): shaders left to compile 9
[2025.09.25-19.22.22:611][487]LogShaderCompilers: Display: Worker (6/13): shaders left to compile 8
[2025.09.25-19.22.22:611][487]LogShaderCompilers: Display: Worker (7/13): shaders left to compile 7
[2025.09.25-19.22.22:624][488]LogShaderCompilers: Display: Worker (4/13): shaders left to compile 6
[2025.09.25-19.22.22:624][488]LogShaderCompilers: Display: Worker (5/13): shaders left to compile 5
[2025.09.25-19.22.22:640][489]LogShaderCompilers: Display: Worker (12/13): shaders left to compile 4
[2025.09.25-19.22.22:747][495]LogShaderCompilers: Display: Worker (10/13): shaders left to compile 3
[2025.09.25-19.22.22:747][495]LogShaderCompilers: Display: Worker (11/13): shaders left to compile 2
[2025.09.25-19.22.22:786][497]LogShaderCompilers: Display: Worker (6/13): shaders left to compile 1
[2025.09.25-19.22.22:893][504]MaterialEditorStats: Base pass shader: 125 instructions
[2025.09.25-19.22.22:893][504]MaterialEditorStats: Base pass shader with Volumetric Lightmap: 203 instructions
[2025.09.25-19.22.22:893][504]MaterialEditorStats: Base pass vertex shader: 44 instructions
[2025.09.25-19.22.22:893][504]MaterialEditorStats: Texture samplers: 5/16
[2025.09.25-19.22.22:893][504]MaterialEditorStats: Texture Lookups (Est.): VS(0), PS(2)
[2025.09.25-19.22.22:893][504]MaterialEditorStats: User interpolators: 2/4 Scalars (1/4 Vectors) (TexCoords: 2, Custom: 0)
[2025.09.25-19.22.24:258][666]LogMaterial: Display: Missing cached shader map for material M_copperbowl, compiling. 
[2025.09.25-19.22.24:267][666]LogMaterial: Display: Missing cached shader map for material FMatExpressionPreview MaterialExpressionTextureSample_1, compiling. 
[2025.09.25-19.22.24:271][666]LogShaderCompilers: Display: Worker (1/13): shaders left to compile 25
[2025.09.25-19.22.24:271][666]LogShaderCompilers: Display: Worker (2/13): shaders left to compile 24
[2025.09.25-19.22.24:271][666]LogShaderCompilers: Display: Worker (3/13): shaders left to compile 23
[2025.09.25-19.22.24:271][666]LogShaderCompilers: Display: Worker (4/13): shaders left to compile 22
[2025.09.25-19.22.24:271][666]LogShaderCompilers: Display: Worker (5/13): shaders left to compile 21
[2025.09.25-19.22.24:271][666]LogShaderCompilers: Display: Worker (6/13): shaders left to compile 20
[2025.09.25-19.22.24:271][666]LogShaderCompilers: Display: Worker (7/13): shaders left to compile 19
[2025.09.25-19.22.24:271][666]LogShaderCompilers: Display: Worker (8/13): shaders left to compile 18
[2025.09.25-19.22.24:271][666]LogShaderCompilers: Display: Worker (9/13): shaders left to compile 17
[2025.09.25-19.22.24:271][666]LogShaderCompilers: Display: Worker (10/13): shaders left to compile 16
[2025.09.25-19.22.24:271][666]LogShaderCompilers: Display: Worker (11/13): shaders left to compile 15
[2025.09.25-19.22.24:271][666]LogShaderCompilers: Display: Worker (12/13): shaders left to compile 14
[2025.09.25-19.22.24:367][673]LogShaderCompilers: Display: Worker (8/13): shaders left to compile 13
[2025.09.25-19.22.24:432][677]LogShaderCompilers: Display: Worker (2/13): shaders left to compile 12
[2025.09.25-19.22.24:432][677]LogShaderCompilers: Display: Worker (3/13): shaders left to compile 11
[2025.09.25-19.22.24:432][677]LogShaderCompilers: Display: Worker (4/13): shaders left to compile 10
[2025.09.25-19.22.24:432][677]LogShaderCompilers: Display: Worker (5/13): shaders left to compile 9
[2025.09.25-19.22.24:432][677]LogShaderCompilers: Display: Worker (7/13): shaders left to compile 8
[2025.09.25-19.22.24:432][677]LogShaderCompilers: Display: Worker (9/13): shaders left to compile 7
[2025.09.25-19.22.24:444][678]LogShaderCompilers: Display: Worker (1/13): shaders left to compile 6
[2025.09.25-19.22.24:444][678]LogShaderCompilers: Display: Worker (6/13): shaders left to compile 5
[2025.09.25-19.22.24:458][679]LogShaderCompilers: Display: Worker (12/13): shaders left to compile 4
[2025.09.25-19.22.24:551][685]LogShaderCompilers: Display: Worker (10/13): shaders left to compile 3
[2025.09.25-19.22.24:584][686]LogShaderCompilers: Display: Worker (11/13): shaders left to compile 2
[2025.09.25-19.22.24:627][688]LogShaderCompilers: Display: Worker (8/13): shaders left to compile 1
[2025.09.25-19.22.24:731][694]MaterialEditorStats: Base pass shader: 128 instructions
[2025.09.25-19.22.24:731][694]MaterialEditorStats: Base pass shader with Volumetric Lightmap: 206 instructions
[2025.09.25-19.22.24:731][694]MaterialEditorStats: Base pass vertex shader: 44 instructions
[2025.09.25-19.22.24:731][694]MaterialEditorStats: Texture samplers: 6/16
[2025.09.25-19.22.24:731][694]MaterialEditorStats: Texture Lookups (Est.): VS(0), PS(3)
[2025.09.25-19.22.24:731][694]MaterialEditorStats: User interpolators: 2/4 Scalars (1/4 Vectors) (TexCoords: 2, Custom: 0)
[2025.09.25-19.22.28:647][163]LogMaterialEditor: Saving and Compiling material M_copperbowl
[2025.09.25-19.22.28:808][163]LogMaterial: Display: Missing cached shader map for material M_copperbowl, compiling. 
[2025.09.25-19.22.28:827][163]LogShaderCompilers: Display: Worker (1/13): shaders left to compile 21
[2025.09.25-19.22.28:827][163]LogShaderCompilers: Display: Worker (2/13): shaders left to compile 20
[2025.09.25-19.22.28:827][163]LogShaderCompilers: Display: Worker (3/13): shaders left to compile 19
[2025.09.25-19.22.28:827][163]LogShaderCompilers: Display: Worker (4/13): shaders left to compile 18
[2025.09.25-19.22.28:827][163]LogShaderCompilers: Display: Worker (5/13): shaders left to compile 17
[2025.09.25-19.22.28:827][163]LogShaderCompilers: Display: Worker (6/13): shaders left to compile 16
[2025.09.25-19.22.28:827][163]LogShaderCompilers: Display: Worker (7/13): shaders left to compile 15
[2025.09.25-19.22.28:827][163]LogShaderCompilers: Display: Worker (8/13): shaders left to compile 14
[2025.09.25-19.22.28:827][163]LogShaderCompilers: Display: Worker (9/13): shaders left to compile 13
[2025.09.25-19.22.28:827][163]LogShaderCompilers: Display: Worker (10/13): shaders left to compile 12
[2025.09.25-19.22.28:827][163]LogShaderCompilers: Display: Worker (11/13): shaders left to compile 11
[2025.09.25-19.22.28:827][163]LogShaderCompilers: Display: Worker (12/13): shaders left to compile 10
[2025.09.25-19.22.28:844][163]LogMaterial: Display: Missing cached shader map for material M_copperbowl, compiling. 
[2025.09.25-19.22.28:860][163]LogMaterial: Display: Missing cached shader map for material M_copperbowl, compiling. 
[2025.09.25-19.22.28:892][163]LogUObjectHash: Compacting FUObjectHashTables data took   1.85ms
[2025.09.25-19.22.28:901][163]LogMaterial: Display: Missing cached shader map for material DebugViewMode MaterialTexCoordScale, compiling. 
[2025.09.25-19.22.29:211][163]LogShaderCompilers: Display: Worker (8/13): shaders left to compile 33
[2025.09.25-19.22.29:211][163]LogShaderCompilers: Display: Worker (1/13): shaders left to compile 32
[2025.09.25-19.22.29:211][163]LogShaderCompilers: Display: Worker (2/13): shaders left to compile 31
[2025.09.25-19.22.29:211][163]LogShaderCompilers: Display: Worker (9/13): shaders left to compile 30
[2025.09.25-19.22.29:211][163]LogShaderCompilers: Display: Worker (7/13): shaders left to compile 29
[2025.09.25-19.22.29:211][163]LogShaderCompilers: Display: Worker (3/13): shaders left to compile 28
[2025.09.25-19.22.29:211][163]LogShaderCompilers: Display: Worker (6/13): shaders left to compile 27
[2025.09.25-19.22.29:211][163]LogShaderCompilers: Display: Worker (4/13): shaders left to compile 26
[2025.09.25-19.22.29:211][163]LogShaderCompilers: Display: Worker (5/13): shaders left to compile 25
[2025.09.25-19.22.29:211][163]LogShaderCompilers: Display: Worker (12/13): shaders left to compile 24
[2025.09.25-19.22.29:211][163]LogShaderCompilers: Display: Worker (10/13): shaders left to compile 23
[2025.09.25-19.22.29:211][163]LogShaderCompilers: Display: Worker (11/13): shaders left to compile 22
[2025.09.25-19.22.29:211][163]LogShaderCompilers: Display: Worker (2/13): shaders left to compile 20
[2025.09.25-19.22.29:211][163]LogShaderCompilers: Display: Worker (12/13): shaders left to compile 18
[2025.09.25-19.22.29:211][163]LogShaderCompilers: Display: Worker (8/13): shaders left to compile 16
[2025.09.25-19.22.29:211][163]LogShaderCompilers: Display: Worker (3/13): shaders left to compile 14
[2025.09.25-19.22.29:211][163]LogShaderCompilers: Display: Worker (5/13): shaders left to compile 12
[2025.09.25-19.22.29:211][163]LogShaderCompilers: Display: Worker (10/13): shaders left to compile 10
[2025.09.25-19.22.29:211][163]LogShaderCompilers: Display: Worker (6/13): shaders left to compile 9
[2025.09.25-19.22.29:215][163]TextureStreamingBuild: Display: Compiling optional shaders took 0.323 seconds.
[2025.09.25-19.22.29:217][163]LogShaderCompilers: Display: Worker (4/13): shaders left to compile 8
[2025.09.25-19.22.29:256][163]LogUObjectHash: Compacting FUObjectHashTables data took   0.59ms
[2025.09.25-19.22.29:266][163]LogShaderCompilers: Display: Worker (9/13): shaders left to compile 7
[2025.09.25-19.22.29:266][163]LogShaderCompilers: Display: Worker (1/13): shaders left to compile 6
[2025.09.25-19.22.29:266][163]LogShaderCompilers: Display: Worker (7/13): shaders left to compile 5
[2025.09.25-19.22.29:532][163]LogShaderCompilers: Display: Worker (8/13): shaders left to compile 4
[2025.09.25-19.22.29:532][163]LogShaderCompilers: Display: Worker (11/13): shaders left to compile 3
[2025.09.25-19.22.29:532][163]LogShaderCompilers: Display: Worker (12/13): shaders left to compile 2
[2025.09.25-19.22.29:532][163]LogShaderCompilers: Display: Worker (2/13): shaders left to compile 1
[2025.09.25-19.22.29:549][163]LogSavePackage: Moving 'E:/GameDev/hggjam/GameJamHGGUnreal4.23.1/GameJamCrew/Saved/M_copperbowl6DC5B59B43F6194132D763A1E2DE7B61.tmp' to 'E:/GameDev/hggjam/GameJamHGGUnreal4.23.1/GameJamCrew/Content/LevelAssets/Materials/Models/Props/copperbowl/M_copperbowl.uasset'
[2025.09.25-19.22.30:354][258]LogSlate: Window 'M_copperbowl' being destroyed
[2025.09.25-19.22.30:359][258]LogSlate: Window 'M_copperbowl' being destroyed
[2025.09.25-19.22.30:369][258]LogWorld: UWorld::CleanupWorld for World_5, bSessionEnded=true, bCleanupResources=true
[2025.09.25-19.22.31:952][445]LogAssetEditorManager: Opening Asset editor for StaticMesh /Game/LevelAssets/Models/Props/yohurt_mix.yohurt_mix
[2025.09.25-19.22.36:937][954]Cmd: OBJ SAVEPACKAGE PACKAGE="/Game/LevelAssets/Models/Props/yohurt_mix" FILE="E:/GameDev/hggjam/GameJamHGGUnreal4.23.1/GameJamCrew/Content/LevelAssets/Models/Props/yohurt_mix.uasset" SILENT=true
[2025.09.25-19.22.36:948][954]LogSavePackage: Moving 'E:/GameDev/hggjam/GameJamHGGUnreal4.23.1/GameJamCrew/Saved/yohurt_mixDC3E2BA94CDB79318CD4C2968EE1473A.tmp' to 'E:/GameDev/hggjam/GameJamHGGUnreal4.23.1/GameJamCrew/Content/LevelAssets/Models/Props/yohurt_mix.uasset'
[2025.09.25-19.22.37:965][ 74]LogSlate: Window 'yohurt_mix' being destroyed
[2025.09.25-19.22.37:971][ 74]LogSlate: Window 'yohurt_mix' being destroyed
[2025.09.25-19.22.37:974][ 74]LogWorld: UWorld::CleanupWorld for World_6, bSessionEnded=true, bCleanupResources=true
[2025.09.25-19.22.46:806][128]LogEditorViewport: Clicking on Actor (LMB): StaticMeshActor (Stair)
[2025.09.25-19.22.50:234][535]LogEditorViewport: Clicking on Actor (LMB): StaticMeshActor (floor01_2x78)
[2025.09.25-19.22.50:433][556]LogEditorSessionSummary: EditorSessionSummary sent report. Type=Shutdown, SessionId={31003AC6-406F-9B57-FBED-66B3A549D7DC}
[2025.09.25-19.22.55:721][190]LogEditorViewport: Clicking on Actor (LMB): StaticMeshActor (cylinder2)
[2025.09.25-19.22.56:913][330]LogSlate: FSceneViewport::OnFocusLost() reason 0
[2025.09.25-19.24.54:417][568]LogAssetEditorManager: Opening Asset editor for Texture2D /Game/LevelAssets/Materials/Models/Props/copperbowl/copperbowl_mixed.copperbowl_mixed
[2025.09.25-19.24.54:422][568]LogContentBrowser: Native class hierarchy updated for 'TextureEditor' in 0.0002 seconds. Added 1 classes and 2 folders.
[2025.09.25-19.25.56:914][671]LogSlate: Window 'copperbowl_mixed' being destroyed
[2025.09.25-19.25.56:918][671]LogSlate: Window 'copperbowl_mixed' being destroyed
[2025.09.25-19.26.03:384][284]LogFactory: FactoryCreateFile: Texture with ReimportTextureFactory (0 0 E:\GameDev\hggjam\KlixXsrc\models\props\textures\cylinder\cylinder_color.tga)
[2025.09.25-19.26.03:392][284]LogTexture: Display: Building textures: cylinder_color (AutoDXT, 1024X1024)
[2025.09.25-19.26.53:702][764]LogFactory: FactoryCreateFile: Texture with ReimportTextureFactory (0 0 E:\GameDev\hggjam\KlixXsrc\models\props\textures\cylinder\cylinder_mixed.tga)
[2025.09.25-19.26.53:703][764]LogTexture: Display: Building textures: cylinder_mixed (AutoDXT, 512X512)
[2025.09.25-19.27.13:649][949]LogFactory: FactoryCreateFile: Texture with ReimportTextureFactory (0 0 E:\GameDev\hggjam\KlixXsrc\models\props\textures\cylinder\cylinder_normal.tga)
[2025.09.25-19.27.13:662][949]LogTexture: Display: Building textures: cylinder_normal (BC5, 1024X1024)
[2025.09.25-19.27.24:264][ 32]LogEditorFactories: Performing atomic reimport of [E:/GameDev/hggjam/KlixXsrc/models/props/textures/cylinder/cylinder_mixed.tga]
[2025.09.25-19.27.24:266][ 32]LogFactory: FactoryCreateFile: Texture2D with ReimportTextureFactory (0 0 E:/GameDev/hggjam/KlixXsrc/models/props/textures/cylinder/cylinder_mixed.tga)
[2025.09.25-19.27.24:267][ 32]LogTexture: Display: Building textures: cylinder_mixed (AutoDXT, 512X512)
[2025.09.25-19.27.24:297][ 32]LogEditorFactories: -- imported successfully
[2025.09.25-19.27.35:113][584]LogEditorFactories: Performing atomic reimport of [E:/GameDev/hggjam/KlixXsrc/models/props/textures/copperbowl/copperbowl_mixed.tga]
[2025.09.25-19.27.35:114][584]LogFactory: FactoryCreateFile: Texture2D with ReimportTextureFactory (0 0 E:/GameDev/hggjam/KlixXsrc/models/props/textures/copperbowl/copperbowl_mixed.tga)
[2025.09.25-19.27.35:116][584]LogTexture: Display: Building textures: copperbowl_mixed (AutoDXT, 512X512)
[2025.09.25-19.27.35:144][584]LogEditorFactories: -- imported successfully
[2025.09.25-19.27.49:037][975]LogAssetEditorManager: Opening Asset editor for Material /Game/LevelAssets/Materials/Models/Props/cylinder/M_cylinder.M_cylinder
[2025.09.25-19.27.49:039][975]LogMaterial: Display: Missing cached shader map for material M_cylinder, compiling. 
[2025.09.25-19.27.49:076][975]LogMaterial: Display: Missing cached shader map for material M_cylinder, compiling. 
[2025.09.25-19.27.49:084][975]LogShaderCompilers: Display: Worker (1/13): shaders left to compile 21
[2025.09.25-19.27.49:084][975]LogShaderCompilers: Display: Worker (2/13): shaders left to compile 20
[2025.09.25-19.27.49:084][975]LogShaderCompilers: Display: Worker (3/13): shaders left to compile 19
[2025.09.25-19.27.49:084][975]LogShaderCompilers: Display: Worker (4/13): shaders left to compile 18
[2025.09.25-19.27.49:084][975]LogShaderCompilers: Display: Worker (5/13): shaders left to compile 17
[2025.09.25-19.27.49:084][975]LogShaderCompilers: Display: Worker (6/13): shaders left to compile 16
[2025.09.25-19.27.49:084][975]LogShaderCompilers: Display: Worker (7/13): shaders left to compile 15
[2025.09.25-19.27.49:084][975]LogShaderCompilers: Display: Worker (8/13): shaders left to compile 14
[2025.09.25-19.27.49:084][975]LogShaderCompilers: Display: Worker (9/13): shaders left to compile 13
[2025.09.25-19.27.49:084][975]LogShaderCompilers: Display: Worker (10/13): shaders left to compile 12
[2025.09.25-19.27.49:084][975]LogShaderCompilers: Display: Worker (11/13): shaders left to compile 11
[2025.09.25-19.27.49:084][975]LogShaderCompilers: Display: Worker (12/13): shaders left to compile 10
[2025.09.25-19.27.49:084][975]LogMaterial: Display: Missing cached shader map for material M_cylinder, compiling. 
[2025.09.25-19.27.49:266][983]LogShaderCompilers: Display: Worker (8/13): shaders left to compile 21
[2025.09.25-19.27.49:312][986]LogShaderCompilers: Display: Worker (2/13): shaders left to compile 20
[2025.09.25-19.27.49:354][989]LogShaderCompilers: Display: Worker (3/13): shaders left to compile 19
[2025.09.25-19.27.49:354][989]LogShaderCompilers: Display: Worker (6/13): shaders left to compile 18
[2025.09.25-19.27.49:355][989]LogShaderCompilers: Display: Worker (7/13): shaders left to compile 17
[2025.09.25-19.27.49:355][989]LogShaderCompilers: Display: Worker (9/13): shaders left to compile 16
[2025.09.25-19.27.49:355][989]LogShaderCompilers: Display: Worker (1/13): shaders left to compile 15
[2025.09.25-19.27.49:355][989]LogShaderCompilers: Display: Worker (4/13): shaders left to compile 14
[2025.09.25-19.27.49:355][989]LogShaderCompilers: Display: Worker (5/13): shaders left to compile 13
[2025.09.25-19.27.49:367][990]LogShaderCompilers: Display: Worker (12/13): shaders left to compile 12
[2025.09.25-19.27.49:408][993]LogShaderCompilers: Display: Worker (8/13): shaders left to compile 11
[2025.09.25-19.27.49:423][994]LogShaderCompilers: Display: Worker (4/13): shaders left to compile 10
[2025.09.25-19.27.49:455][996]LogShaderCompilers: Display: Worker (2/13): shaders left to compile 9
[2025.09.25-19.27.49:482][998]LogShaderCompilers: Display: Worker (11/13): shaders left to compile 8
[2025.09.25-19.27.49:482][998]LogShaderCompilers: Display: Worker (10/13): shaders left to compile 7
[2025.09.25-19.27.49:498][999]LogShaderCompilers: Display: Worker (5/13): shaders left to compile 6
[2025.09.25-19.27.49:498][999]LogShaderCompilers: Display: Worker (3/13): shaders left to compile 5
[2025.09.25-19.27.49:498][999]LogShaderCompilers: Display: Worker (7/13): shaders left to compile 4
[2025.09.25-19.27.49:513][  0]LogShaderCompilers: Display: Worker (6/13): shaders left to compile 3
[2025.09.25-19.27.49:513][  0]LogShaderCompilers: Display: Worker (9/13): shaders left to compile 2
[2025.09.25-19.27.49:513][  0]LogShaderCompilers: Display: Worker (1/13): shaders left to compile 1
[2025.09.25-19.27.49:796][ 19]MaterialEditorStats: Base pass shader: 117 instructions
[2025.09.25-19.27.49:796][ 19]MaterialEditorStats: Base pass shader with Volumetric Lightmap: 191 instructions
[2025.09.25-19.27.49:796][ 19]MaterialEditorStats: Base pass vertex shader: 40 instructions
[2025.09.25-19.27.49:796][ 19]MaterialEditorStats: Texture samplers: 3/16
[2025.09.25-19.27.55:450][581]LogMaterial: Display: Missing cached shader map for material M_cylinder, compiling. 
[2025.09.25-19.27.55:457][581]LogMaterial: Display: Missing cached shader map for material FMatExpressionPreview MaterialExpressionTextureSample_0, compiling. 
[2025.09.25-19.27.55:468][581]LogShaderCompilers: Display: Worker (1/13): shaders left to compile 25
[2025.09.25-19.27.55:468][581]LogShaderCompilers: Display: Worker (2/13): shaders left to compile 24
[2025.09.25-19.27.55:468][581]LogShaderCompilers: Display: Worker (3/13): shaders left to compile 23
[2025.09.25-19.27.55:468][581]LogShaderCompilers: Display: Worker (4/13): shaders left to compile 22
[2025.09.25-19.27.55:468][581]LogShaderCompilers: Display: Worker (5/13): shaders left to compile 21
[2025.09.25-19.27.55:468][581]LogShaderCompilers: Display: Worker (6/13): shaders left to compile 20
[2025.09.25-19.27.55:468][581]LogShaderCompilers: Display: Worker (7/13): shaders left to compile 19
[2025.09.25-19.27.55:468][581]LogShaderCompilers: Display: Worker (8/13): shaders left to compile 18
[2025.09.25-19.27.55:468][581]LogShaderCompilers: Display: Worker (9/13): shaders left to compile 17
[2025.09.25-19.27.55:468][581]LogShaderCompilers: Display: Worker (10/13): shaders left to compile 16
[2025.09.25-19.27.55:468][581]LogShaderCompilers: Display: Worker (11/13): shaders left to compile 15
[2025.09.25-19.27.55:469][581]LogShaderCompilers: Display: Worker (12/13): shaders left to compile 14
[2025.09.25-19.27.55:472][581]LogMaterial: Display: Missing cached shader map for material FMatExpressionPreview MaterialExpressionTextureSample_0, compiling. 
[2025.09.25-19.27.55:483][581]LogMaterial: Display: Missing cached shader map for material M_cylinder, compiling. 
[2025.09.25-19.27.55:494][581]LogMaterial: Display: Missing cached shader map for material FMatExpressionPreview MaterialExpressionTextureSample_1, compiling. 
[2025.09.25-19.27.55:507][581]LogMaterial: Display: Missing cached shader map for material FMatExpressionPreview MaterialExpressionTextureSample_0, compiling. 
[2025.09.25-19.27.55:512][581]LogMaterial: Display: Missing cached shader map for material FMatExpressionPreview MaterialExpressionTextureSample_1, compiling. 
[2025.09.25-19.27.55:524][581]LogMaterial: Display: Missing cached shader map for material M_cylinder, compiling. 
[2025.09.25-19.27.55:534][581]LogShaderCompilers: Display: Worker (8/13): shaders left to compile 8
[2025.09.25-19.27.55:536][581]LogMaterial: Display: Missing cached shader map for material FMatExpressionPreview MaterialExpressionTextureSample_2, compiling. 
[2025.09.25-19.27.55:553][581]LogMaterial: Display: Missing cached shader map for material FMatExpressionPreview MaterialExpressionTextureSample_0, compiling. 
[2025.09.25-19.27.55:558][581]LogMaterial: Display: Missing cached shader map for material FMatExpressionPreview MaterialExpressionTextureSample_1, compiling. 
[2025.09.25-19.27.55:564][581]LogMaterial: Display: Missing cached shader map for material FMatExpressionPreview MaterialExpressionTextureSample_2, compiling. 
[2025.09.25-19.27.55:601][582]LogShaderCompilers: Display: Worker (9/13): shaders left to compile 33
[2025.09.25-19.27.55:602][582]LogShaderCompilers: Display: Worker (2/13): shaders left to compile 32
[2025.09.25-19.27.55:602][582]LogShaderCompilers: Display: Worker (3/13): shaders left to compile 31
[2025.09.25-19.27.55:602][582]LogShaderCompilers: Display: Worker (1/13): shaders left to compile 30
[2025.09.25-19.27.55:602][582]LogShaderCompilers: Display: Worker (5/13): shaders left to compile 29
[2025.09.25-19.27.55:602][582]LogShaderCompilers: Display: Worker (7/13): shaders left to compile 28
[2025.09.25-19.27.55:602][582]LogShaderCompilers: Display: Worker (4/13): shaders left to compile 27
[2025.09.25-19.27.55:622][583]LogShaderCompilers: Display: Worker (6/13): shaders left to compile 26
[2025.09.25-19.27.55:636][584]LogShaderCompilers: Display: Worker (12/13): shaders left to compile 25
[2025.09.25-19.27.55:678][587]LogShaderCompilers: Display: Worker (6/13): shaders left to compile 24
[2025.09.25-19.27.55:730][591]LogShaderCompilers: Display: Worker (9/13): shaders left to compile 23
[2025.09.25-19.27.55:730][591]LogShaderCompilers: Display: Worker (3/13): shaders left to compile 22
[2025.09.25-19.27.55:730][591]LogShaderCompilers: Display: Worker (8/13): shaders left to compile 21
[2025.09.25-19.27.55:730][591]LogShaderCompilers: Display: Worker (11/13): shaders left to compile 20
[2025.09.25-19.27.55:730][591]LogShaderCompilers: Display: Worker (10/13): shaders left to compile 19
[2025.09.25-19.27.55:730][591]LogShaderCompilers: Display: Worker (2/13): shaders left to compile 18
[2025.09.25-19.27.55:744][592]LogShaderCompilers: Display: Worker (1/13): shaders left to compile 17
[2025.09.25-19.27.55:744][592]LogShaderCompilers: Display: Worker (5/13): shaders left to compile 16
[2025.09.25-19.27.55:744][592]LogShaderCompilers: Display: Worker (7/13): shaders left to compile 15
[2025.09.25-19.27.55:744][592]LogShaderCompilers: Display: Worker (4/13): shaders left to compile 14
[2025.09.25-19.27.55:757][593]LogShaderCompilers: Display: Worker (12/13): shaders left to compile 13
[2025.09.25-19.27.55:906][602]LogShaderCompilers: Display: Worker (3/13): shaders left to compile 12
[2025.09.25-19.27.55:921][603]LogShaderCompilers: Display: Worker (10/13): shaders left to compile 11
[2025.09.25-19.27.55:937][604]LogShaderCompilers: Display: Worker (5/13): shaders left to compile 10
[2025.09.25-19.27.55:938][604]LogShaderCompilers: Display: Worker (12/13): shaders left to compile 9
[2025.09.25-19.27.55:982][606]LogShaderCompilers: Display: Worker (6/13): shaders left to compile 8
[2025.09.25-19.27.56:011][608]LogShaderCompilers: Display: Worker (7/13): shaders left to compile 7
[2025.09.25-19.27.56:011][608]LogShaderCompilers: Display: Worker (8/13): shaders left to compile 6
[2025.09.25-19.27.56:028][609]LogShaderCompilers: Display: Worker (2/13): shaders left to compile 5
[2025.09.25-19.27.56:028][609]LogShaderCompilers: Display: Worker (4/13): shaders left to compile 4
[2025.09.25-19.27.56:045][610]LogShaderCompilers: Display: Worker (11/13): shaders left to compile 3
[2025.09.25-19.27.56:045][610]LogShaderCompilers: Display: Worker (9/13): shaders left to compile 2
[2025.09.25-19.27.56:060][611]LogShaderCompilers: Display: Worker (1/13): shaders left to compile 1
[2025.09.25-19.27.56:083][612]MaterialEditorStats: Base pass shader: 117 instructions
[2025.09.25-19.27.56:084][612]MaterialEditorStats: Base pass shader with Volumetric Lightmap: 191 instructions
[2025.09.25-19.27.56:084][612]MaterialEditorStats: Base pass vertex shader: 40 instructions
[2025.09.25-19.27.56:084][612]MaterialEditorStats: Texture samplers: 3/16
[2025.09.25-19.28.02:331][332]LogMaterial: Display: Missing cached shader map for material M_cylinder, compiling. 
[2025.09.25-19.28.02:345][332]LogMaterial: Display: Missing cached shader map for material FMatExpressionPreview MaterialExpressionTextureSample_0, compiling. 
[2025.09.25-19.28.02:347][332]LogShaderCompilers: Display: Worker (1/13): shaders left to compile 21
[2025.09.25-19.28.02:348][332]LogShaderCompilers: Display: Worker (2/13): shaders left to compile 20
[2025.09.25-19.28.02:348][332]LogShaderCompilers: Display: Worker (3/13): shaders left to compile 19
[2025.09.25-19.28.02:348][332]LogShaderCompilers: Display: Worker (4/13): shaders left to compile 18
[2025.09.25-19.28.02:348][332]LogShaderCompilers: Display: Worker (5/13): shaders left to compile 17
[2025.09.25-19.28.02:348][332]LogShaderCompilers: Display: Worker (6/13): shaders left to compile 16
[2025.09.25-19.28.02:348][332]LogShaderCompilers: Display: Worker (7/13): shaders left to compile 15
[2025.09.25-19.28.02:348][332]LogShaderCompilers: Display: Worker (8/13): shaders left to compile 14
[2025.09.25-19.28.02:348][332]LogShaderCompilers: Display: Worker (9/13): shaders left to compile 13
[2025.09.25-19.28.02:348][332]LogShaderCompilers: Display: Worker (10/13): shaders left to compile 12
[2025.09.25-19.28.02:348][332]LogShaderCompilers: Display: Worker (11/13): shaders left to compile 11
[2025.09.25-19.28.02:348][332]LogShaderCompilers: Display: Worker (12/13): shaders left to compile 10
[2025.09.25-19.28.02:431][338]LogShaderCompilers: Display: Worker (8/13): shaders left to compile 13
[2025.09.25-19.28.02:521][341]LogShaderCompilers: Display: Worker (3/13): shaders left to compile 12
[2025.09.25-19.28.02:521][341]LogShaderCompilers: Display: Worker (1/13): shaders left to compile 11
[2025.09.25-19.28.02:521][341]LogShaderCompilers: Display: Worker (2/13): shaders left to compile 10
[2025.09.25-19.28.02:521][341]LogShaderCompilers: Display: Worker (5/13): shaders left to compile 9
[2025.09.25-19.28.02:521][341]LogShaderCompilers: Display: Worker (6/13): shaders left to compile 8
[2025.09.25-19.28.02:521][341]LogShaderCompilers: Display: Worker (9/13): shaders left to compile 7
[2025.09.25-19.28.02:521][341]LogShaderCompilers: Display: Worker (4/13): shaders left to compile 6
[2025.09.25-19.28.02:521][341]LogShaderCompilers: Display: Worker (7/13): shaders left to compile 5
[2025.09.25-19.28.02:521][341]LogShaderCompilers: Display: Worker (12/13): shaders left to compile 4
[2025.09.25-19.28.02:625][348]LogShaderCompilers: Display: Worker (10/13): shaders left to compile 3
[2025.09.25-19.28.02:625][348]LogShaderCompilers: Display: Worker (11/13): shaders left to compile 2
[2025.09.25-19.28.02:695][351]LogShaderCompilers: Display: Worker (8/13): shaders left to compile 1
[2025.09.25-19.28.02:806][358]MaterialEditorStats: Base pass shader: 120 instructions
[2025.09.25-19.28.02:806][358]MaterialEditorStats: Base pass shader with Volumetric Lightmap: 194 instructions
[2025.09.25-19.28.02:806][358]MaterialEditorStats: Base pass vertex shader: 44 instructions
[2025.09.25-19.28.02:806][358]MaterialEditorStats: Texture samplers: 4/16
[2025.09.25-19.28.02:806][358]MaterialEditorStats: Texture Lookups (Est.): VS(0), PS(1)
[2025.09.25-19.28.02:806][358]MaterialEditorStats: User interpolators: 2/4 Scalars (1/4 Vectors) (TexCoords: 2, Custom: 0)
[2025.09.25-19.28.05:314][657]LogMaterial: Display: Missing cached shader map for material M_cylinder, compiling. 
[2025.09.25-19.28.05:324][657]LogShaderCompilers: Display: Worker (1/13): shaders left to compile 21
[2025.09.25-19.28.05:324][657]LogShaderCompilers: Display: Worker (2/13): shaders left to compile 20
[2025.09.25-19.28.05:324][657]LogShaderCompilers: Display: Worker (3/13): shaders left to compile 19
[2025.09.25-19.28.05:324][657]LogShaderCompilers: Display: Worker (4/13): shaders left to compile 18
[2025.09.25-19.28.05:324][657]LogShaderCompilers: Display: Worker (5/13): shaders left to compile 17
[2025.09.25-19.28.05:324][657]LogShaderCompilers: Display: Worker (6/13): shaders left to compile 16
[2025.09.25-19.28.05:324][657]LogShaderCompilers: Display: Worker (7/13): shaders left to compile 15
[2025.09.25-19.28.05:324][657]LogShaderCompilers: Display: Worker (8/13): shaders left to compile 14
[2025.09.25-19.28.05:324][657]LogShaderCompilers: Display: Worker (9/13): shaders left to compile 13
[2025.09.25-19.28.05:324][657]LogShaderCompilers: Display: Worker (10/13): shaders left to compile 12
[2025.09.25-19.28.05:324][657]LogShaderCompilers: Display: Worker (11/13): shaders left to compile 11
[2025.09.25-19.28.05:324][657]LogShaderCompilers: Display: Worker (12/13): shaders left to compile 10
[2025.09.25-19.28.05:324][657]LogMaterial: Display: Missing cached shader map for material FMatExpressionPreview MaterialExpressionTextureSample_2, compiling. 
[2025.09.25-19.28.05:443][661]LogShaderCompilers: Display: Worker (8/13): shaders left to compile 13
[2025.09.25-19.28.05:491][664]LogShaderCompilers: Display: Worker (2/13): shaders left to compile 12
[2025.09.25-19.28.05:491][664]LogShaderCompilers: Display: Worker (3/13): shaders left to compile 11
[2025.09.25-19.28.05:491][664]LogShaderCompilers: Display: Worker (4/13): shaders left to compile 10
[2025.09.25-19.28.05:491][664]LogShaderCompilers: Display: Worker (6/13): shaders left to compile 9
[2025.09.25-19.28.05:491][664]LogShaderCompilers: Display: Worker (9/13): shaders left to compile 8
[2025.09.25-19.28.05:491][664]LogShaderCompilers: Display: Worker (1/13): shaders left to compile 7
[2025.09.25-19.28.05:491][664]LogShaderCompilers: Display: Worker (5/13): shaders left to compile 6
[2025.09.25-19.28.05:491][664]LogShaderCompilers: Display: Worker (7/13): shaders left to compile 5
[2025.09.25-19.28.05:506][665]LogShaderCompilers: Display: Worker (12/13): shaders left to compile 4
[2025.09.25-19.28.05:623][671]LogShaderCompilers: Display: Worker (10/13): shaders left to compile 3
[2025.09.25-19.28.05:623][671]LogShaderCompilers: Display: Worker (11/13): shaders left to compile 2
[2025.09.25-19.28.05:661][673]LogShaderCompilers: Display: Worker (8/13): shaders left to compile 1
[2025.09.25-19.28.05:774][681]MaterialEditorStats: Base pass shader: 122 instructions
[2025.09.25-19.28.05:774][681]MaterialEditorStats: Base pass shader with Volumetric Lightmap: 196 instructions
[2025.09.25-19.28.05:774][681]MaterialEditorStats: Base pass vertex shader: 44 instructions
[2025.09.25-19.28.05:774][681]MaterialEditorStats: Texture samplers: 5/16
[2025.09.25-19.28.05:774][681]MaterialEditorStats: Texture Lookups (Est.): VS(0), PS(2)
[2025.09.25-19.28.05:774][681]MaterialEditorStats: User interpolators: 2/4 Scalars (1/4 Vectors) (TexCoords: 2, Custom: 0)
[2025.09.25-19.28.11:980][423]LogMaterial: Display: Missing cached shader map for material M_cylinder, compiling. 
[2025.09.25-19.28.11:994][423]LogShaderCompilers: Display: Worker (1/13): shaders left to compile 21
[2025.09.25-19.28.11:994][423]LogShaderCompilers: Display: Worker (2/13): shaders left to compile 20
[2025.09.25-19.28.11:994][423]LogShaderCompilers: Display: Worker (3/13): shaders left to compile 19
[2025.09.25-19.28.11:994][423]LogShaderCompilers: Display: Worker (4/13): shaders left to compile 18
[2025.09.25-19.28.11:994][423]LogShaderCompilers: Display: Worker (5/13): shaders left to compile 17
[2025.09.25-19.28.11:994][423]LogShaderCompilers: Display: Worker (6/13): shaders left to compile 16
[2025.09.25-19.28.11:994][423]LogShaderCompilers: Display: Worker (7/13): shaders left to compile 15
[2025.09.25-19.28.11:994][423]LogShaderCompilers: Display: Worker (8/13): shaders left to compile 14
[2025.09.25-19.28.11:994][423]LogShaderCompilers: Display: Worker (9/13): shaders left to compile 13
[2025.09.25-19.28.11:994][423]LogShaderCompilers: Display: Worker (10/13): shaders left to compile 12
[2025.09.25-19.28.11:994][423]LogShaderCompilers: Display: Worker (11/13): shaders left to compile 11
[2025.09.25-19.28.11:994][423]LogShaderCompilers: Display: Worker (12/13): shaders left to compile 10
[2025.09.25-19.28.11:994][423]LogMaterial: Display: Missing cached shader map for material FMatExpressionPreview MaterialExpressionTextureSample_2, compiling. 
[2025.09.25-19.28.12:120][428]LogShaderCompilers: Display: Worker (8/13): shaders left to compile 13
[2025.09.25-19.28.12:138][429]LogShaderCompilers: Display: Worker (3/13): shaders left to compile 12
[2025.09.25-19.28.12:138][429]LogShaderCompilers: Display: Worker (9/13): shaders left to compile 11
[2025.09.25-19.28.12:138][429]LogShaderCompilers: Display: Worker (2/13): shaders left to compile 10
[2025.09.25-19.28.12:153][430]LogShaderCompilers: Display: Worker (1/13): shaders left to compile 9
[2025.09.25-19.28.12:153][430]LogShaderCompilers: Display: Worker (4/13): shaders left to compile 8
[2025.09.25-19.28.12:153][430]LogShaderCompilers: Display: Worker (5/13): shaders left to compile 7
[2025.09.25-19.28.12:170][431]LogShaderCompilers: Display: Worker (6/13): shaders left to compile 6
[2025.09.25-19.28.12:170][431]LogShaderCompilers: Display: Worker (7/13): shaders left to compile 5
[2025.09.25-19.28.12:170][431]LogShaderCompilers: Display: Worker (12/13): shaders left to compile 4
[2025.09.25-19.28.12:282][437]LogShaderCompilers: Display: Worker (10/13): shaders left to compile 3
[2025.09.25-19.28.12:302][438]LogShaderCompilers: Display: Worker (11/13): shaders left to compile 2
[2025.09.25-19.28.12:317][439]LogShaderCompilers: Display: Worker (9/13): shaders left to compile 1
[2025.09.25-19.28.12:444][447]MaterialEditorStats: Base pass shader: 122 instructions
[2025.09.25-19.28.12:444][447]MaterialEditorStats: Base pass shader with Volumetric Lightmap: 196 instructions
[2025.09.25-19.28.12:444][447]MaterialEditorStats: Base pass vertex shader: 44 instructions
[2025.09.25-19.28.12:444][447]MaterialEditorStats: Texture samplers: 5/16
[2025.09.25-19.28.12:444][447]MaterialEditorStats: Texture Lookups (Est.): VS(0), PS(2)
[2025.09.25-19.28.12:444][447]MaterialEditorStats: User interpolators: 2/4 Scalars (1/4 Vectors) (TexCoords: 2, Custom: 0)
[2025.09.25-19.28.15:721][839]LogMaterial: Display: Missing cached shader map for material M_cylinder, compiling. 
[2025.09.25-19.28.15:732][839]LogShaderCompilers: Display: Worker (1/13): shaders left to compile 21
[2025.09.25-19.28.15:732][839]LogShaderCompilers: Display: Worker (2/13): shaders left to compile 20
[2025.09.25-19.28.15:732][839]LogShaderCompilers: Display: Worker (3/13): shaders left to compile 19
[2025.09.25-19.28.15:732][839]LogShaderCompilers: Display: Worker (4/13): shaders left to compile 18
[2025.09.25-19.28.15:732][839]LogShaderCompilers: Display: Worker (5/13): shaders left to compile 17
[2025.09.25-19.28.15:732][839]LogShaderCompilers: Display: Worker (6/13): shaders left to compile 16
[2025.09.25-19.28.15:732][839]LogShaderCompilers: Display: Worker (7/13): shaders left to compile 15
[2025.09.25-19.28.15:732][839]LogShaderCompilers: Display: Worker (8/13): shaders left to compile 14
[2025.09.25-19.28.15:732][839]LogShaderCompilers: Display: Worker (9/13): shaders left to compile 13
[2025.09.25-19.28.15:732][839]LogShaderCompilers: Display: Worker (10/13): shaders left to compile 12
[2025.09.25-19.28.15:732][839]LogShaderCompilers: Display: Worker (11/13): shaders left to compile 11
[2025.09.25-19.28.15:732][839]LogShaderCompilers: Display: Worker (12/13): shaders left to compile 10
[2025.09.25-19.28.15:734][839]LogMaterial: Display: Missing cached shader map for material FMatExpressionPreview MaterialExpressionTextureSample_2, compiling. 
[2025.09.25-19.28.15:836][844]LogShaderCompilers: Display: Worker (8/13): shaders left to compile 13
[2025.09.25-19.28.15:887][847]LogShaderCompilers: Display: Worker (9/13): shaders left to compile 12
[2025.09.25-19.28.15:887][847]LogShaderCompilers: Display: Worker (1/13): shaders left to compile 11
[2025.09.25-19.28.15:887][847]LogShaderCompilers: Display: Worker (2/13): shaders left to compile 10
[2025.09.25-19.28.15:887][847]LogShaderCompilers: Display: Worker (3/13): shaders left to compile 9
[2025.09.25-19.28.15:904][848]LogShaderCompilers: Display: Worker (7/13): shaders left to compile 8
[2025.09.25-19.28.15:904][848]LogShaderCompilers: Display: Worker (4/13): shaders left to compile 7
[2025.09.25-19.28.15:904][848]LogShaderCompilers: Display: Worker (5/13): shaders left to compile 6
[2025.09.25-19.28.15:904][848]LogShaderCompilers: Display: Worker (6/13): shaders left to compile 5
[2025.09.25-19.28.15:926][849]LogShaderCompilers: Display: Worker (12/13): shaders left to compile 4
[2025.09.25-19.28.16:013][854]LogShaderCompilers: Display: Worker (11/13): shaders left to compile 3
[2025.09.25-19.28.16:033][855]LogShaderCompilers: Display: Worker (10/13): shaders left to compile 2
[2025.09.25-19.28.16:064][857]LogShaderCompilers: Display: Worker (8/13): shaders left to compile 1
[2025.09.25-19.28.16:178][864]MaterialEditorStats: Base pass shader: 122 instructions
[2025.09.25-19.28.16:178][864]MaterialEditorStats: Base pass shader with Volumetric Lightmap: 200 instructions
[2025.09.25-19.28.16:178][864]MaterialEditorStats: Base pass vertex shader: 44 instructions
[2025.09.25-19.28.16:178][864]MaterialEditorStats: Texture samplers: 5/16
[2025.09.25-19.28.16:178][864]MaterialEditorStats: Texture Lookups (Est.): VS(0), PS(2)
[2025.09.25-19.28.16:178][864]MaterialEditorStats: User interpolators: 2/4 Scalars (1/4 Vectors) (TexCoords: 2, Custom: 0)
[2025.09.25-19.28.17:392][  8]LogMaterial: Display: Missing cached shader map for material M_cylinder, compiling. 
[2025.09.25-19.28.17:402][  8]LogMaterial: Display: Missing cached shader map for material FMatExpressionPreview MaterialExpressionTextureSample_1, compiling. 
[2025.09.25-19.28.17:405][  8]LogShaderCompilers: Display: Worker (1/13): shaders left to compile 25
[2025.09.25-19.28.17:405][  8]LogShaderCompilers: Display: Worker (2/13): shaders left to compile 24
[2025.09.25-19.28.17:405][  8]LogShaderCompilers: Display: Worker (3/13): shaders left to compile 23
[2025.09.25-19.28.17:405][  8]LogShaderCompilers: Display: Worker (4/13): shaders left to compile 22
[2025.09.25-19.28.17:405][  8]LogShaderCompilers: Display: Worker (5/13): shaders left to compile 21
[2025.09.25-19.28.17:405][  8]LogShaderCompilers: Display: Worker (6/13): shaders left to compile 20
[2025.09.25-19.28.17:405][  8]LogShaderCompilers: Display: Worker (7/13): shaders left to compile 19
[2025.09.25-19.28.17:405][  8]LogShaderCompilers: Display: Worker (8/13): shaders left to compile 18
[2025.09.25-19.28.17:405][  8]LogShaderCompilers: Display: Worker (9/13): shaders left to compile 17
[2025.09.25-19.28.17:405][  8]LogShaderCompilers: Display: Worker (10/13): shaders left to compile 16
[2025.09.25-19.28.17:405][  8]LogShaderCompilers: Display: Worker (11/13): shaders left to compile 15
[2025.09.25-19.28.17:405][  8]LogShaderCompilers: Display: Worker (12/13): shaders left to compile 14
[2025.09.25-19.28.17:505][ 16]LogShaderCompilers: Display: Worker (8/13): shaders left to compile 13
[2025.09.25-19.28.17:547][ 18]LogShaderCompilers: Display: Worker (1/13): shaders left to compile 12
[2025.09.25-19.28.17:564][ 19]LogShaderCompilers: Display: Worker (9/13): shaders left to compile 11
[2025.09.25-19.28.17:580][ 20]LogShaderCompilers: Display: Worker (2/13): shaders left to compile 10
[2025.09.25-19.28.17:580][ 20]LogShaderCompilers: Display: Worker (3/13): shaders left to compile 9
[2025.09.25-19.28.17:580][ 20]LogShaderCompilers: Display: Worker (4/13): shaders left to compile 8
[2025.09.25-19.28.17:580][ 20]LogShaderCompilers: Display: Worker (5/13): shaders left to compile 7
[2025.09.25-19.28.17:580][ 20]LogShaderCompilers: Display: Worker (6/13): shaders left to compile 6
[2025.09.25-19.28.17:580][ 20]LogShaderCompilers: Display: Worker (7/13): shaders left to compile 5
[2025.09.25-19.28.17:609][ 22]LogShaderCompilers: Display: Worker (12/13): shaders left to compile 4
[2025.09.25-19.28.17:690][ 27]LogShaderCompilers: Display: Worker (10/13): shaders left to compile 3
[2025.09.25-19.28.17:690][ 27]LogShaderCompilers: Display: Worker (11/13): shaders left to compile 2
[2025.09.25-19.28.17:743][ 29]LogShaderCompilers: Display: Worker (9/13): shaders left to compile 1
[2025.09.25-19.28.17:856][ 36]MaterialEditorStats: Base pass shader: 128 instructions
[2025.09.25-19.28.17:856][ 36]MaterialEditorStats: Base pass shader with Volumetric Lightmap: 206 instructions
[2025.09.25-19.28.17:856][ 36]MaterialEditorStats: Base pass vertex shader: 44 instructions
[2025.09.25-19.28.17:856][ 36]MaterialEditorStats: Texture samplers: 6/16
[2025.09.25-19.28.17:856][ 36]MaterialEditorStats: Texture Lookups (Est.): VS(0), PS(3)
[2025.09.25-19.28.17:856][ 36]MaterialEditorStats: User interpolators: 2/4 Scalars (1/4 Vectors) (TexCoords: 2, Custom: 0)
[2025.09.25-19.28.19:546][236]LogMaterialEditor: Saving and Compiling material M_cylinder
[2025.09.25-19.28.19:710][236]LogMaterial: Display: Missing cached shader map for material M_cylinder, compiling. 
[2025.09.25-19.28.19:738][236]LogShaderCompilers: Display: Worker (1/13): shaders left to compile 21
[2025.09.25-19.28.19:738][236]LogShaderCompilers: Display: Worker (2/13): shaders left to compile 20
[2025.09.25-19.28.19:738][236]LogShaderCompilers: Display: Worker (3/13): shaders left to compile 19
[2025.09.25-19.28.19:738][236]LogShaderCompilers: Display: Worker (4/13): shaders left to compile 18
[2025.09.25-19.28.19:738][236]LogShaderCompilers: Display: Worker (5/13): shaders left to compile 17
[2025.09.25-19.28.19:738][236]LogShaderCompilers: Display: Worker (6/13): shaders left to compile 16
[2025.09.25-19.28.19:738][236]LogShaderCompilers: Display: Worker (7/13): shaders left to compile 15
[2025.09.25-19.28.19:738][236]LogShaderCompilers: Display: Worker (8/13): shaders left to compile 14
[2025.09.25-19.28.19:738][236]LogShaderCompilers: Display: Worker (9/13): shaders left to compile 13
[2025.09.25-19.28.19:738][236]LogShaderCompilers: Display: Worker (10/13): shaders left to compile 12
[2025.09.25-19.28.19:738][236]LogShaderCompilers: Display: Worker (11/13): shaders left to compile 11
[2025.09.25-19.28.19:738][236]LogShaderCompilers: Display: Worker (12/13): shaders left to compile 10
[2025.09.25-19.28.19:745][236]LogMaterial: Display: Missing cached shader map for material M_cylinder, compiling. 
[2025.09.25-19.28.19:761][236]LogMaterial: Display: Missing cached shader map for material M_cylinder, compiling. 
[2025.09.25-19.28.19:799][236]LogUObjectHash: Compacting FUObjectHashTables data took   1.41ms
[2025.09.25-19.28.19:805][236]LogMaterial: Display: Missing cached shader map for material DebugViewMode MaterialTexCoordScale, compiling. 
[2025.09.25-19.28.20:121][236]LogShaderCompilers: Display: Worker (8/13): shaders left to compile 33
[2025.09.25-19.28.20:121][236]LogShaderCompilers: Display: Worker (4/13): shaders left to compile 32
[2025.09.25-19.28.20:121][236]LogShaderCompilers: Display: Worker (3/13): shaders left to compile 31
[2025.09.25-19.28.20:121][236]LogShaderCompilers: Display: Worker (2/13): shaders left to compile 30
[2025.09.25-19.28.20:121][236]LogShaderCompilers: Display: Worker (6/13): shaders left to compile 29
[2025.09.25-19.28.20:121][236]LogShaderCompilers: Display: Worker (1/13): shaders left to compile 28
[2025.09.25-19.28.20:121][236]LogShaderCompilers: Display: Worker (5/13): shaders left to compile 27
[2025.09.25-19.28.20:121][236]LogShaderCompilers: Display: Worker (9/13): shaders left to compile 26
[2025.09.25-19.28.20:121][236]LogShaderCompilers: Display: Worker (7/13): shaders left to compile 25
[2025.09.25-19.28.20:121][236]LogShaderCompilers: Display: Worker (12/13): shaders left to compile 24
[2025.09.25-19.28.20:121][236]LogShaderCompilers: Display: Worker (10/13): shaders left to compile 23
[2025.09.25-19.28.20:121][236]LogShaderCompilers: Display: Worker (11/13): shaders left to compile 22
[2025.09.25-19.28.20:121][236]LogShaderCompilers: Display: Worker (8/13): shaders left to compile 20
[2025.09.25-19.28.20:121][236]LogShaderCompilers: Display: Worker (12/13): shaders left to compile 18
[2025.09.25-19.28.20:121][236]LogShaderCompilers: Display: Worker (3/13): shaders left to compile 16
[2025.09.25-19.28.20:121][236]LogShaderCompilers: Display: Worker (1/13): shaders left to compile 14
[2025.09.25-19.28.20:121][236]LogShaderCompilers: Display: Worker (7/13): shaders left to compile 12
[2025.09.25-19.28.20:121][236]LogShaderCompilers: Display: Worker (10/13): shaders left to compile 10
[2025.09.25-19.28.20:125][236]TextureStreamingBuild: Display: Compiling optional shaders took 0.326 seconds.
[2025.09.25-19.28.20:132][236]LogShaderCompilers: Display: Worker (5/13): shaders left to compile 9
[2025.09.25-19.28.20:159][236]LogShaderCompilers: Display: Worker (9/13): shaders left to compile 8
[2025.09.25-19.28.20:159][236]LogUObjectHash: Compacting FUObjectHashTables data took   0.68ms
[2025.09.25-19.28.20:170][236]LogShaderCompilers: Display: Worker (4/13): shaders left to compile 7
[2025.09.25-19.28.20:170][236]LogShaderCompilers: Display: Worker (2/13): shaders left to compile 6
[2025.09.25-19.28.20:185][236]LogShaderCompilers: Display: Worker (6/13): shaders left to compile 5
[2025.09.25-19.28.20:457][236]LogShaderCompilers: Display: Worker (3/13): shaders left to compile 4
[2025.09.25-19.28.20:457][236]LogShaderCompilers: Display: Worker (11/13): shaders left to compile 3
[2025.09.25-19.28.20:457][236]LogShaderCompilers: Display: Worker (9/13): shaders left to compile 2
[2025.09.25-19.28.20:458][236]LogShaderCompilers: Display: Worker (12/13): shaders left to compile 1
[2025.09.25-19.28.20:473][236]LogSavePackage: Moving 'E:/GameDev/hggjam/GameJamHGGUnreal4.23.1/GameJamCrew/Saved/M_cylinderF6750FA64B597E9F299D7FB8E8CFEF1B.tmp' to 'E:/GameDev/hggjam/GameJamHGGUnreal4.23.1/GameJamCrew/Content/LevelAssets/Materials/Models/Props/cylinder/M_cylinder.uasset'
[2025.09.25-19.28.21:883][401]LogSlate: Window 'M_cylinder' being destroyed
[2025.09.25-19.28.21:888][401]LogSlate: Window 'M_cylinder' being destroyed
[2025.09.25-19.28.21:898][401]LogWorld: UWorld::CleanupWorld for World_7, bSessionEnded=true, bCleanupResources=true
[2025.09.25-19.28.24:472][706]LogAssetEditorManager: Opening Asset editor for StaticMesh /Game/LevelAssets/Models/Props/cylinder.cylinder
[2025.09.25-19.28.27:600][ 15]LogMaterial: Display: Material /Game/LevelAssets/Materials/Models/Props/cylinder/M_cylinder.M_cylinder needed to have new flag set bUsedWithStaticLighting !
[2025.09.25-19.28.27:601][ 15]LogMaterial: Display: Missing cached shader map for material M_cylinder, compiling. 
[2025.09.25-19.28.27:636][ 15]LogShaderCompilers: Display: Worker (1/13): shaders left to compile 31
[2025.09.25-19.28.27:636][ 15]LogShaderCompilers: Display: Worker (2/13): shaders left to compile 28
[2025.09.25-19.28.27:636][ 15]LogShaderCompilers: Display: Worker (3/13): shaders left to compile 25
[2025.09.25-19.28.27:636][ 15]LogShaderCompilers: Display: Worker (4/13): shaders left to compile 22
[2025.09.25-19.28.27:636][ 15]LogShaderCompilers: Display: Worker (5/13): shaders left to compile 19
[2025.09.25-19.28.27:636][ 15]LogShaderCompilers: Display: Worker (6/13): shaders left to compile 16
[2025.09.25-19.28.27:636][ 15]LogShaderCompilers: Display: Worker (7/13): shaders left to compile 13
[2025.09.25-19.28.27:636][ 15]LogShaderCompilers: Display: Worker (8/13): shaders left to compile 10
[2025.09.25-19.28.27:636][ 15]LogShaderCompilers: Display: Worker (9/13): shaders left to compile 7
[2025.09.25-19.28.27:636][ 15]LogShaderCompilers: Display: Worker (10/13): shaders left to compile 4
[2025.09.25-19.28.27:636][ 15]LogShaderCompilers: Display: Worker (11/13): shaders left to compile 1
[2025.09.25-19.28.44:041][928]LogSlate: FSceneViewport::OnFocusLost() reason 0
[2025.09.25-19.28.44:170][941]Cmd: OBJ SAVEPACKAGE PACKAGE="/Game/LevelAssets/Models/Props/cylinder" FILE="E:/GameDev/hggjam/GameJamHGGUnreal4.23.1/GameJamCrew/Content/LevelAssets/Models/Props/cylinder.uasset" SILENT=true
[2025.09.25-19.28.44:184][941]LogSavePackage: Moving 'E:/GameDev/hggjam/GameJamHGGUnreal4.23.1/GameJamCrew/Saved/cylinder103D3F91416EF0B9B5343AB922CBC530.tmp' to 'E:/GameDev/hggjam/GameJamHGGUnreal4.23.1/GameJamCrew/Content/LevelAssets/Models/Props/cylinder.uasset'
[2025.09.25-19.28.58:383][637]LogSlate: FSceneViewport::OnFocusLost() reason 0
[2025.09.25-19.28.58:469][646]Cmd: OBJ SAVEPACKAGE PACKAGE="/Game/LevelAssets/Models/Props/cylinder" FILE="E:/GameDev/hggjam/GameJamHGGUnreal4.23.1/GameJamCrew/Content/LevelAssets/Models/Props/cylinder.uasset" SILENT=true
[2025.09.25-19.28.58:476][646]LogSavePackage: Moving 'E:/GameDev/hggjam/GameJamHGGUnreal4.23.1/GameJamCrew/Saved/cylinderDEAB18204289DA1F8F6F5A8913411DD7.tmp' to 'E:/GameDev/hggjam/GameJamHGGUnreal4.23.1/GameJamCrew/Content/LevelAssets/Models/Props/cylinder.uasset'
[2025.09.25-19.28.59:676][788]LogSlate: Window 'cylinder' being destroyed
[2025.09.25-19.28.59:682][788]LogSlate: Window 'cylinder' being destroyed
[2025.09.25-19.28.59:686][788]LogWorld: UWorld::CleanupWorld for World_8, bSessionEnded=true, bCleanupResources=true
[2025.09.25-19.29.02:150][ 79]LogSlate: FSceneViewport::OnFocusLost() reason 0
[2025.09.25-19.29.52:291][526]LogUObjectHash: Compacting FUObjectHashTables data took   1.10ms
[2025.09.25-19.29.52:291][526]LogFileHelpers: Editor autosave (incl. sublevels) for '/Game/Levels/CheeseFactory_001' took 0.022
[2025.09.25-19.29.52:292][526]OBJ SavePackage: Generating thumbnails for [0] asset(s) in package [/Game/LevelAssets/Models/Props/Tray_Plane_011] ([1] browsable assets)...
[2025.09.25-19.29.52:292][526]OBJ SavePackage: Finished generating thumbnails for package [/Game/LevelAssets/Models/Props/Tray_Plane_011]
[2025.09.25-19.29.52:293][526]LogSavePackage: Moving 'E:/GameDev/hggjam/GameJamHGGUnreal4.23.1/GameJamCrew/Saved/Tray_Plane_011_Auto1476B7F2D494B9EEBB802CE990B4ABF3D.tmp' to 'E:/GameDev/hggjam/GameJamHGGUnreal4.23.1/GameJamCrew/Saved/Autosaves/Game/LevelAssets/Models/Props/Tray_Plane_011_Auto1.uasset'
[2025.09.25-19.29.52:296][526]OBJ SavePackage: Generating thumbnails for [1] asset(s) in package [/Game/LevelAssets/Materials/Models/Props/copperbowl/Material_Normal_DirectX] ([1] browsable assets)...
[2025.09.25-19.29.52:298][526]OBJ SavePackage:     Rendered thumbnail for [Texture2D /Game/LevelAssets/Materials/Models/Props/copperbowl/Material_Normal_DirectX.Material_Normal_DirectX]
[2025.09.25-19.29.52:298][526]OBJ SavePackage: Finished generating thumbnails for package [/Game/LevelAssets/Materials/Models/Props/copperbowl/Material_Normal_DirectX]
[2025.09.25-19.29.52:304][526]LogSavePackage: Moving 'E:/GameDev/hggjam/GameJamHGGUnreal4.23.1/GameJamCrew/Saved/Material_Normal_DirectX_Auto12A40D02E462C64E978FB6F82CFF84B21.tmp' to 'E:/GameDev/hggjam/GameJamHGGUnreal4.23.1/GameJamCrew/Saved/Autosaves/Game/LevelAssets/Materials/Models/Props/copperbowl/Material_Normal_DirectX_Auto1.uasset'
[2025.09.25-19.29.52:305][526]OBJ SavePackage: Generating thumbnails for [1] asset(s) in package [/Game/LevelAssets/Materials/Models/Props/copperbowl/copperbowl_mixed] ([1] browsable assets)...
[2025.09.25-19.29.52:308][526]OBJ SavePackage:     Rendered thumbnail for [Texture2D /Game/LevelAssets/Materials/Models/Props/copperbowl/copperbowl_mixed.copperbowl_mixed]
[2025.09.25-19.29.52:308][526]OBJ SavePackage: Finished generating thumbnails for package [/Game/LevelAssets/Materials/Models/Props/copperbowl/copperbowl_mixed]
[2025.09.25-19.29.52:312][526]LogSavePackage: Moving 'E:/GameDev/hggjam/GameJamHGGUnreal4.23.1/GameJamCrew/Saved/copperbowl_mixed_Auto1A434ED2B47C4E20363ED6DA91AFAFFC6.tmp' to 'E:/GameDev/hggjam/GameJamHGGUnreal4.23.1/GameJamCrew/Saved/Autosaves/Game/LevelAssets/Materials/Models/Props/copperbowl/copperbowl_mixed_Auto1.uasset'
[2025.09.25-19.29.52:312][526]OBJ SavePackage: Generating thumbnails for [1] asset(s) in package [/Game/LevelAssets/Materials/Models/Props/copperbowl/copperbowl_color] ([1] browsable assets)...
[2025.09.25-19.29.52:314][526]OBJ SavePackage:     Rendered thumbnail for [Texture2D /Game/LevelAssets/Materials/Models/Props/copperbowl/copperbowl_color.copperbowl_color]
[2025.09.25-19.29.52:314][526]OBJ SavePackage: Finished generating thumbnails for package [/Game/LevelAssets/Materials/Models/Props/copperbowl/copperbowl_color]
[2025.09.25-19.29.52:318][526]LogSavePackage: Moving 'E:/GameDev/hggjam/GameJamHGGUnreal4.23.1/GameJamCrew/Saved/copperbowl_color_Auto1515527A34D86F53D3E83BFA7EF198C7B.tmp' to 'E:/GameDev/hggjam/GameJamHGGUnreal4.23.1/GameJamCrew/Saved/Autosaves/Game/LevelAssets/Materials/Models/Props/copperbowl/copperbowl_color_Auto1.uasset'
[2025.09.25-19.29.52:320][526]OBJ SavePackage: Generating thumbnails for [1] asset(s) in package [/Game/LevelAssets/Materials/Models/Props/cylinder/cylinder_color] ([1] browsable assets)...
[2025.09.25-19.29.52:322][526]OBJ SavePackage:     Rendered thumbnail for [Texture2D /Game/LevelAssets/Materials/Models/Props/cylinder/cylinder_color.cylinder_color]
[2025.09.25-19.29.52:322][526]OBJ SavePackage: Finished generating thumbnails for package [/Game/LevelAssets/Materials/Models/Props/cylinder/cylinder_color]
[2025.09.25-19.29.52:328][526]LogSavePackage: Moving 'E:/GameDev/hggjam/GameJamHGGUnreal4.23.1/GameJamCrew/Saved/cylinder_color_Auto1F52926FF403BB8773766BCB80952070C.tmp' to 'E:/GameDev/hggjam/GameJamHGGUnreal4.23.1/GameJamCrew/Saved/Autosaves/Game/LevelAssets/Materials/Models/Props/cylinder/cylinder_color_Auto1.uasset'
[2025.09.25-19.29.52:328][526]OBJ SavePackage: Generating thumbnails for [1] asset(s) in package [/Game/LevelAssets/Materials/Models/Props/cylinder/cylinder_mixed] ([1] browsable assets)...
[2025.09.25-19.29.52:330][526]OBJ SavePackage:     Rendered thumbnail for [Texture2D /Game/LevelAssets/Materials/Models/Props/cylinder/cylinder_mixed.cylinder_mixed]
[2025.09.25-19.29.52:330][526]OBJ SavePackage: Finished generating thumbnails for package [/Game/LevelAssets/Materials/Models/Props/cylinder/cylinder_mixed]
[2025.09.25-19.29.52:335][526]LogSavePackage: Moving 'E:/GameDev/hggjam/GameJamHGGUnreal4.23.1/GameJamCrew/Saved/cylinder_mixed_Auto17D605B814CA5486EE61D579D863B104D.tmp' to 'E:/GameDev/hggjam/GameJamHGGUnreal4.23.1/GameJamCrew/Saved/Autosaves/Game/LevelAssets/Materials/Models/Props/cylinder/cylinder_mixed_Auto1.uasset'
[2025.09.25-19.29.52:336][526]OBJ SavePackage: Generating thumbnails for [1] asset(s) in package [/Game/LevelAssets/Materials/Models/Props/cylinder/cylinder_normal] ([1] browsable assets)...
[2025.09.25-19.29.52:339][526]OBJ SavePackage:     Rendered thumbnail for [Texture2D /Game/LevelAssets/Materials/Models/Props/cylinder/cylinder_normal.cylinder_normal]
[2025.09.25-19.29.52:339][526]OBJ SavePackage: Finished generating thumbnails for package [/Game/LevelAssets/Materials/Models/Props/cylinder/cylinder_normal]
[2025.09.25-19.29.52:342][526]LogSavePackage: Moving 'E:/GameDev/hggjam/GameJamHGGUnreal4.23.1/GameJamCrew/Saved/cylinder_normal_Auto1FB87663543C3F54939C6D8ADCBF964EE.tmp' to 'E:/GameDev/hggjam/GameJamHGGUnreal4.23.1/GameJamCrew/Saved/Autosaves/Game/LevelAssets/Materials/Models/Props/cylinder/cylinder_normal_Auto1.uasset'
[2025.09.25-19.29.52:343][526]OBJ SavePackage: Generating thumbnails for [0] asset(s) in package [/Game/LevelAssets/Materials/Models/Props/cylinder/M_cylinder] ([1] browsable assets)...
[2025.09.25-19.29.52:343][526]OBJ SavePackage: Finished generating thumbnails for package [/Game/LevelAssets/Materials/Models/Props/cylinder/M_cylinder]
[2025.09.25-19.29.52:345][526]LogSavePackage: Moving 'E:/GameDev/hggjam/GameJamHGGUnreal4.23.1/GameJamCrew/Saved/M_cylinder_Auto1939BEA7149DD929087D750934DA67272.tmp' to 'E:/GameDev/hggjam/GameJamHGGUnreal4.23.1/GameJamCrew/Saved/Autosaves/Game/LevelAssets/Materials/Models/Props/cylinder/M_cylinder_Auto1.uasset'
[2025.09.25-19.29.52:346][526]LogFileHelpers: Auto-saving content packages took 0.054
[2025.09.25-19.31.33:707][306]LogEditorFactories: Performing atomic reimport of [E:/GameDev/hggjam/KlixXsrc/models/props/Cylinder.fbx]
[2025.09.25-19.31.33:727][306]LogFbx: Loading FBX Scene from E:/GameDev/hggjam/KlixXsrc/models/props/Cylinder.fbx
[2025.09.25-19.31.33:731][306]LogFbx: FBX Scene Loaded Succesfully
[2025.09.25-19.31.33:734][306]LogFbx: Display: Triangulating static mesh Cylinder
[2025.09.25-19.31.33:769][306]LogFbx: Warning: Triangulating mesh UCX_Cylinder_001 for collision model
[2025.09.25-19.31.33:770][306]LogFbx: Warning: Triangulating mesh UCX_Cylinder_002 for collision model
[2025.09.25-19.31.33:770][306]LogFbx: Warning: Triangulating mesh UCX_Cylinder_003 for collision model
[2025.09.25-19.31.33:770][306]LogFbx: Warning: Triangulating mesh UCX_Cylinder_004 for collision model
[2025.09.25-19.31.33:770][306]LogFbx: Warning: Triangulating mesh UCX_Cylinder_005 for collision model
[2025.09.25-19.31.33:771][306]LogFbx: Warning: Triangulating mesh UCX_Cylinder_006 for collision model
[2025.09.25-19.31.33:771][306]LogFbx: Warning: Triangulating mesh UCX_Cylinder_007 for collision model
[2025.09.25-19.31.33:771][306]LogFbx: Warning: Triangulating mesh UCX_Cylinder_008 for collision model
[2025.09.25-19.31.33:771][306]LogFbx: Warning: Triangulating mesh UCX_Cylinder_009 for collision model
[2025.09.25-19.31.33:771][306]LogFbx: Warning: Triangulating mesh UCX_Cylinder_010 for collision model
[2025.09.25-19.31.33:771][306]LogFbx: Warning: Triangulating mesh UCX_Cylinder_011 for collision model
[2025.09.25-19.31.33:771][306]LogFbx: Warning: Triangulating mesh UCX_Cylinder_012 for collision model
[2025.09.25-19.31.33:798][306]LogStaticMesh: Building static mesh cylinder...
[2025.09.25-19.31.33:847][306]LogStaticMesh: Built static mesh [0.05s] /Game/LevelAssets/Models/Props/cylinder.cylinder
[2025.09.25-19.31.33:854][306]LogStaticMesh: Warning: cylinder has degenerate tangent bases which will result in incorrect shading.  MikkTSpace relies on tangent bases and may result in mesh corruption, consider disabling this option.
[2025.09.25-19.31.33:854][306]LogStaticMesh: Warning: cylinder has some nearly zero bi-normals which can create some issues. (Tolerance of 1E-4)
[2025.09.25-19.31.33:859][306]LogEditorFactories: -- imported successfully
[2025.09.25-19.31.33:859][306]FBXImport: Warning: No smoothing group information was found in this FBX scene.  Please make sure to enable the 'Export Smoothing Groups' option in the FBX Exporter plug-in before exporting the file.  Even for tools that don't support smoothing groups, the FBX Exporter will generate appropriate smoothing data at export-time so that correct vertex normals can be inferred while importing. 
[2025.09.25-19.31.33:859][306]FBXImport: Warning: cylinder has degenerate tangent bases which will result in incorrect shading.  MikkTSpace relies on tangent bases and may result in mesh corruption, consider disabling this option. 
[2025.09.25-19.31.33:859][306]FBXImport: Warning: cylinder has some nearly zero bi-normals which can create some issues. (Tolerance of 1E-4) 
[2025.09.25-19.31.35:919][547]Cmd: OBJ SAVEPACKAGE PACKAGE="/Game/LevelAssets/Models/Props/cylinder" FILE="E:/GameDev/hggjam/GameJamHGGUnreal4.23.1/GameJamCrew/Content/LevelAssets/Models/Props/cylinder.uasset" SILENT=true
[2025.09.25-19.31.35:929][547]LogSavePackage: Moving 'E:/GameDev/hggjam/GameJamHGGUnreal4.23.1/GameJamCrew/Saved/cylinderC539434A453AC99835A68488A3DC24BF.tmp' to 'E:/GameDev/hggjam/GameJamHGGUnreal4.23.1/GameJamCrew/Content/LevelAssets/Models/Props/cylinder.uasset'
[2025.09.25-19.31.37:929][785]LogSlate: FSceneViewport::OnFocusLost() reason 0
[2025.09.25-19.31.46:993][863]Cmd: OBJ SAVEPACKAGE PACKAGE="/Game/LevelAssets/Models/Props/Copper_bowl" FILE="E:/GameDev/hggjam/GameJamHGGUnreal4.23.1/GameJamCrew/Content/LevelAssets/Models/Props/Copper_bowl.uasset" SILENT=true
[2025.09.25-19.31.47:003][863]LogSavePackage: Moving 'E:/GameDev/hggjam/GameJamHGGUnreal4.23.1/GameJamCrew/Saved/Copper_bowl9E5D40DF4575953F1BF491BA5D06E1F0.tmp' to 'E:/GameDev/hggjam/GameJamHGGUnreal4.23.1/GameJamCrew/Content/LevelAssets/Models/Props/Copper_bowl.uasset'
[2025.09.25-19.31.47:005][863]Cmd: OBJ SAVEPACKAGE PACKAGE="/Game/LevelAssets/Models/Props/yohurt_mix" FILE="E:/GameDev/hggjam/GameJamHGGUnreal4.23.1/GameJamCrew/Content/LevelAssets/Models/Props/yohurt_mix.uasset" SILENT=true
[2025.09.25-19.31.47:006][863]LogSavePackage: Moving 'E:/GameDev/hggjam/GameJamHGGUnreal4.23.1/GameJamCrew/Saved/yohurt_mixE2E5BBC9480E0343CBC9FFAA04661ADA.tmp' to 'E:/GameDev/hggjam/GameJamHGGUnreal4.23.1/GameJamCrew/Content/LevelAssets/Models/Props/yohurt_mix.uasset'
[2025.09.25-19.31.52:240][484]LogSlate: FSceneViewport::OnFocusLost() reason 0
[2025.09.25-19.31.52:376][499]LogAssetEditorManager: Opening Asset editor for StaticMesh /Game/LevelAssets/Models/Props/cylinder.cylinder
[2025.09.25-19.32.00:339][438]LogSlate: FSceneViewport::OnFocusLost() reason 0
[2025.09.25-19.32.00:433][448]Cmd: OBJ SAVEPACKAGE PACKAGE="/Game/LevelAssets/Models/Props/cylinder" FILE="E:/GameDev/hggjam/GameJamHGGUnreal4.23.1/GameJamCrew/Content/LevelAssets/Models/Props/cylinder.uasset" SILENT=true
[2025.09.25-19.32.00:441][448]LogSavePackage: Moving 'E:/GameDev/hggjam/GameJamHGGUnreal4.23.1/GameJamCrew/Saved/cylinder01D649F14C961306114422BDC63DC9DF.tmp' to 'E:/GameDev/hggjam/GameJamHGGUnreal4.23.1/GameJamCrew/Content/LevelAssets/Models/Props/cylinder.uasset'
[2025.09.25-19.32.01:362][554]LogSlate: Window 'cylinder' being destroyed
[2025.09.25-19.32.01:366][554]LogSlate: Window 'cylinder' being destroyed
[2025.09.25-19.32.01:371][554]LogWorld: UWorld::CleanupWorld for World_9, bSessionEnded=true, bCleanupResources=true
[2025.09.25-19.32.01:781][600]LogEditorViewport: Clicking on Actor (LMB): StaticMeshActor (wall01_2x138)
[2025.09.25-19.33.06:247][733]LogEditorViewport: Clicking on Actor (LMB): StaticMeshActor (Stair2)
[2025.09.25-19.33.07:524][883]LogSlate: FSceneViewport::OnFocusLost() reason 0
[2025.09.25-19.33.07:693][902]LogAssetEditorManager: Opening Asset editor for StaticMesh /Game/LevelAssets/Models/modular/Stair.Stair
[2025.09.25-19.33.10:442][218]LogSlate: Window 'Stair' being destroyed
[2025.09.25-19.33.10:447][218]LogSlate: Window 'Stair' being destroyed
[2025.09.25-19.33.10:451][218]LogWorld: UWorld::CleanupWorld for World_10, bSessionEnded=true, bCleanupResources=true
[2025.09.25-19.33.20:796][918]LogEditorFactories: Performing atomic reimport of [E:/GameDev/hggjam/KlixXsrc/models/modular/staircase.fbx]
[2025.09.25-19.33.20:816][918]LogFbx: Loading FBX Scene from E:/GameDev/hggjam/KlixXsrc/models/modular/staircase.fbx
[2025.09.25-19.33.20:819][918]LogFbx: FBX Scene Loaded Succesfully
[2025.09.25-19.33.20:820][918]LogFbx: Display: Triangulating static mesh staircase
[2025.09.25-19.33.20:825][918]LogFbx: Warning: Triangulating mesh UCX_staircase_001 for collision model
[2025.09.25-19.33.20:825][918]LogFbx: Warning: Triangulating mesh UCX_staircase_002 for collision model
[2025.09.25-19.33.20:825][918]LogFbx: Warning: Triangulating mesh UCX_staircase_003 for collision model
[2025.09.25-19.33.20:825][918]LogFbx: Warning: Triangulating mesh UCX_staircase_004 for collision model
[2025.09.25-19.33.20:826][918]LogFbx: Warning: Triangulating mesh UCX_staircase_005 for collision model
[2025.09.25-19.33.20:841][918]LogStaticMesh: Building static mesh Stair...
[2025.09.25-19.33.20:854][918]LogStaticMesh: Built static mesh [0.01s] /Game/LevelAssets/Models/modular/Stair.Stair
[2025.09.25-19.33.22:182][918]LogSlate: Window 'Reimport Material Conflicts Resolution' being destroyed
[2025.09.25-19.33.22:190][918]LogEditorFactories: -- imported successfully
[2025.09.25-19.33.22:191][918]FBXImport: Warning: No smoothing group information was found in this FBX scene.  Please make sure to enable the 'Export Smoothing Groups' option in the FBX Exporter plug-in before exporting the file.  Even for tools that don't support smoothing groups, the FBX Exporter will generate appropriate smoothing data at export-time so that correct vertex normals can be inferred while importing. 
[2025.09.25-19.33.31:285][  0]Cmd: TRANSACTION UNDO
[2025.09.25-19.33.31:285][  0]LogEditorTransaction: Undo Move Actors
[2025.09.25-19.33.31:631][ 34]Cmd: TRANSACTION UNDO
[2025.09.25-19.33.31:631][ 34]LogEditorTransaction: Undo Clicking on Actors
[2025.09.25-19.33.32:023][ 77]Cmd: TRANSACTION UNDO
[2025.09.25-19.33.32:023][ 77]LogEditorTransaction: Undo Clicking on Actors
[2025.09.25-19.33.32:386][119]Cmd: TRANSACTION UNDO
[2025.09.25-19.33.32:386][119]LogEditorTransaction: Undo Delete Collision
[2025.09.25-19.33.33:895][298]LogSlate: FSceneViewport::OnFocusLost() reason 0
[2025.09.25-19.33.34:047][315]LogAssetEditorManager: Opening Asset editor for StaticMesh /Game/LevelAssets/Models/modular/Stair.Stair
[2025.09.25-19.33.36:872][642]LogEditorTransaction: Undo Edit Collision Complexity
[2025.09.25-19.33.36:894][642]LogStaticMesh: Warning: cylinder has degenerate tangent bases which will result in incorrect shading.  MikkTSpace relies on tangent bases and may result in mesh corruption, consider disabling this option.
[2025.09.25-19.33.36:894][642]LogStaticMesh: Warning: cylinder has some nearly zero bi-normals which can create some issues. (Tolerance of 1E-4)
[2025.09.25-19.33.41:210][149]LogEditorTransaction: Redo Edit Collision Complexity
[2025.09.25-19.33.41:224][149]LogStaticMesh: Warning: cylinder has degenerate tangent bases which will result in incorrect shading.  MikkTSpace relies on tangent bases and may result in mesh corruption, consider disabling this option.
[2025.09.25-19.33.41:224][149]LogStaticMesh: Warning: cylinder has some nearly zero bi-normals which can create some issues. (Tolerance of 1E-4)
[2025.09.25-19.33.41:465][170]LogEditorTransaction: Redo Delete Collision
[2025.09.25-19.33.41:745][194]LogEditorTransaction: Redo Clicking on Actors
[2025.09.25-19.33.41:995][216]LogEditorTransaction: Redo Clicking on Actors
[2025.09.25-19.33.46:102][700]LogSlate: FSceneViewport::OnFocusLost() reason 0
[2025.09.25-19.33.46:185][710]LogSlate: Window 'Stair' being destroyed
[2025.09.25-19.33.46:191][710]LogSlate: Window 'Stair' being destroyed
[2025.09.25-19.33.46:195][710]LogWorld: UWorld::CleanupWorld for World_11, bSessionEnded=true, bCleanupResources=true
[2025.09.25-19.33.59:208][257]LogEditorViewport: Clicking on Actor (LMB): StaticMeshActor (Stair2)
[2025.09.25-19.34.10:877][651]LogSlate: FSceneViewport::OnFocusLost() reason 0
[2025.09.25-19.34.11:012][666]LogAssetEditorManager: Opening Asset editor for StaticMesh /Game/LevelAssets/Models/modular/Stair.Stair
[2025.09.25-19.34.21:991][954]LogSlate: FSceneViewport::OnFocusLost() reason 0
[2025.09.25-19.34.22:078][962]Cmd: OBJ SAVEPACKAGE PACKAGE="/Game/LevelAssets/Models/modular/Stair" FILE="E:/GameDev/hggjam/GameJamHGGUnreal4.23.1/GameJamCrew/Content/LevelAssets/Models/modular/Stair.uasset" SILENT=true
[2025.09.25-19.34.22:086][962]LogSavePackage: Moving 'E:/GameDev/hggjam/GameJamHGGUnreal4.23.1/GameJamCrew/Saved/Stair72EFECF94AAFF120762709AAC90DC733.tmp' to 'E:/GameDev/hggjam/GameJamHGGUnreal4.23.1/GameJamCrew/Content/LevelAssets/Models/modular/Stair.uasset'
[2025.09.25-19.34.24:936][297]LogSlate: FSceneViewport::OnFocusLost() reason 0
[2025.09.25-19.34.32:873][233]LogSlate: FSceneViewport::OnFocusLost() reason 0
[2025.09.25-19.34.33:001][246]Cmd: OBJ SAVEPACKAGE PACKAGE="/Game/LevelAssets/Models/modular/Stair" FILE="E:/GameDev/hggjam/GameJamHGGUnreal4.23.1/GameJamCrew/Content/LevelAssets/Models/modular/Stair.uasset" SILENT=true
[2025.09.25-19.34.33:008][246]LogSavePackage: Moving 'E:/GameDev/hggjam/GameJamHGGUnreal4.23.1/GameJamCrew/Saved/Stair708364EF47D49DB459FAA79EA95DC99E.tmp' to 'E:/GameDev/hggjam/GameJamHGGUnreal4.23.1/GameJamCrew/Content/LevelAssets/Models/modular/Stair.uasset'
[2025.09.25-19.34.33:935][354]LogSlate: Window 'Stair' being destroyed
[2025.09.25-19.34.33:939][354]LogSlate: Window 'Stair' being destroyed
[2025.09.25-19.34.33:943][354]LogWorld: UWorld::CleanupWorld for World_12, bSessionEnded=true, bCleanupResources=true
[2025.09.25-19.34.34:748][446]LogEditorViewport: Clicking on Actor (LMB): StaticMeshActor (wall01_2x83)
[2025.09.25-19.34.36:894][699]LogEditorViewport: Clicking on Actor (LMB): StaticMeshActor (Stair)
[2025.09.25-19.34.47:358][948]LogEditorViewport: Clicking on Actor (LMB): StaticMeshActor (wall01_2x49)
[2025.09.25-19.34.49:143][157]LogSlate: FSceneViewport::OnFocusLost() reason 5
[2025.09.25-19.34.49:148][157]Cmd: OBJ SAVEPACKAGE PACKAGE="/Game/Levels/CheeseFactory_001" FILE="E:/GameDev/hggjam/GameJamHGGUnreal4.23.1/GameJamCrew/Content/Levels/CheeseFactory_001.umap" SILENT=true AUTOSAVING=false KEEPDIRTY=false
[2025.09.25-19.34.49:169][157]LogUObjectHash: Compacting FUObjectHashTables data took   1.01ms
[2025.09.25-19.34.49:338][157]LogSavePackage: Moving 'E:/GameDev/hggjam/GameJamHGGUnreal4.23.1/GameJamCrew/Saved/CheeseFactory_00167F7D02A4F79DD9C09628D950C1CA1EF.tmp' to 'E:/GameDev/hggjam/GameJamHGGUnreal4.23.1/GameJamCrew/Content/Levels/CheeseFactory_001.umap'
[2025.09.25-19.34.49:350][157]Cmd: OBJ SAVEPACKAGE PACKAGE="/Game/Levels/CheeseFactory_001_BuiltData" FILE="E:/GameDev/hggjam/GameJamHGGUnreal4.23.1/GameJamCrew/Content/Levels/CheeseFactory_001_BuiltData.uasset" SILENT=true
[2025.09.25-19.34.49:860][157]LogSavePackage: Moving 'E:/GameDev/hggjam/GameJamHGGUnreal4.23.1/GameJamCrew/Saved/CheeseFactory_001_BuiltDataB1D474384E943EE3D1B3278564162422.tmp' to 'E:/GameDev/hggjam/GameJamHGGUnreal4.23.1/GameJamCrew/Content/Levels/CheeseFactory_001_BuiltData.uasset'
[2025.09.25-19.34.56:077][896]LogSlate: FSceneViewport::OnFocusLost() reason 0
[2025.09.25-19.34.58:951][232]LogUObjectHash: Compacting FUObjectHashTables data took   0.98ms
[2025.09.25-19.35.01:514][232]LogSlate: Window 'Delete Assets' being destroyed
[2025.09.25-19.35.03:806][232]LogUObjectGlobals: Force Deleting 6 Package(s):
	Asset Name: /Game/LevelAssets/Models/modular/Rails/Rail_Ext.Rail_Ext
	Asset Name: /Game/LevelAssets/Models/modular/Rails/Rail.Rail
	Asset Name: /Game/LevelAssets/Models/modular/Rails/Rail_1m_Ext.Rail_1m_Ext
	Asset Name: /Game/LevelAssets/Models/modular/Rails/Rail_1m_Side.Rail_1m_Side
	Asset Name: /Game/LevelAssets/Models/modular/Rails/Rail_2m_Ext.Rail_2m_Ext
	Asset Name: /Game/LevelAssets/Models/modular/Rails/Rail_2m_Side.Rail_2m_Side
[2025.09.25-19.35.04:181][232]LogUObjectHash: Compacting FUObjectHashTables data took   0.82ms
[2025.09.25-19.35.04:200][232]LogUObjectHash: Compacting FUObjectHashTables data took   0.41ms
[2025.09.25-19.35.04:219][232]LogUObjectHash: Compacting FUObjectHashTables data took   0.39ms
[2025.09.25-19.35.04:238][232]LogUObjectHash: Compacting FUObjectHashTables data took   0.40ms
[2025.09.25-19.35.04:256][232]LogUObjectHash: Compacting FUObjectHashTables data took   0.40ms
[2025.09.25-19.35.04:273][232]LogUObjectHash: Compacting FUObjectHashTables data took   0.39ms
[2025.09.25-19.35.04:293][232]LogUObjectHash: Compacting FUObjectHashTables data took   0.82ms
[2025.09.25-19.35.04:312][232]LogUObjectHash: Compacting FUObjectHashTables data took   0.38ms
[2025.09.25-19.35.06:422][481]LogEditorViewport: Clicking on Actor (LMB): StaticMeshActor (floor01_2x247)
[2025.09.25-19.35.06:740][515]LogSlate: FSceneViewport::OnFocusLost() reason 5
[2025.09.25-19.35.06:746][515]Cmd: OBJ SAVEPACKAGE PACKAGE="/Game/Levels/CheeseFactory_001" FILE="E:/GameDev/hggjam/GameJamHGGUnreal4.23.1/GameJamCrew/Content/Levels/CheeseFactory_001.umap" SILENT=true AUTOSAVING=false KEEPDIRTY=false
[2025.09.25-19.35.06:764][515]LogUObjectHash: Compacting FUObjectHashTables data took   0.40ms
[2025.09.25-19.35.06:929][515]LogSavePackage: Moving 'E:/GameDev/hggjam/GameJamHGGUnreal4.23.1/GameJamCrew/Saved/CheeseFactory_00137410572465C2273F5E3E49B4B7DBF41.tmp' to 'E:/GameDev/hggjam/GameJamHGGUnreal4.23.1/GameJamCrew/Content/Levels/CheeseFactory_001.umap'
[2025.09.25-19.35.06:943][515]Cmd: OBJ SAVEPACKAGE PACKAGE="/Game/Levels/CheeseFactory_001_BuiltData" FILE="E:/GameDev/hggjam/GameJamHGGUnreal4.23.1/GameJamCrew/Content/Levels/CheeseFactory_001_BuiltData.uasset" SILENT=true
[2025.09.25-19.35.07:423][515]LogSavePackage: Moving 'E:/GameDev/hggjam/GameJamHGGUnreal4.23.1/GameJamCrew/Saved/CheeseFactory_001_BuiltDataFF099C3F40B83D5C535FFF8E96C123DA.tmp' to 'E:/GameDev/hggjam/GameJamHGGUnreal4.23.1/GameJamCrew/Content/Levels/CheeseFactory_001_BuiltData.uasset'
[2025.09.25-19.35.20:479][935]LogFactory: FactoryCreateFile: StaticMesh with FbxFactory (0 0 E:\GameDev\hggjam\KlixXsrc\models\modular\rails\railing01_half.fbx)
[2025.09.25-19.35.20:483][935]LogFbx: Loading FBX Scene from E:\GameDev\hggjam\KlixXsrc\models\modular\rails\railing01_half.fbx
[2025.09.25-19.35.20:486][935]LogFbx: FBX Scene Loaded Succesfully
[2025.09.25-19.35.20:492][935]LogSlate: FSceneViewport::OnFocusLost() reason 5
[2025.09.25-19.35.23:050][935]LogSlate: Window 'FBX Import Options' being destroyed
[2025.09.25-19.35.23:064][935]LogFbx: Display: Triangulating static mesh railing01_half
[2025.09.25-19.35.23:064][935]LogFbx: Warning: Triangulating mesh UCX_railing01_half_001 for collision model
[2025.09.25-19.35.23:065][935]LogFbx: Warning: Triangulating mesh UCX_railing01_half_002 for collision model
[2025.09.25-19.35.23:065][935]LogFbx: Warning: Triangulating mesh UCX_railing01_half_003 for collision model
[2025.09.25-19.35.23:065][935]LogFbx: Warning: Triangulating mesh UCX_railing01_half_004 for collision model
[2025.09.25-19.35.23:070][935]LogStaticMesh: Building static mesh railing01_half...
[2025.09.25-19.35.23:073][935]LogStaticMesh: Built static mesh [0.00s] /Game/LevelAssets/Models/modular/Rails/railing01_half.railing01_half
[2025.09.25-19.35.23:074][935]FBXImport: Warning: No smoothing group information was found in this FBX scene.  Please make sure to enable the 'Export Smoothing Groups' option in the FBX Exporter plug-in before exporting the file.  Even for tools that don't support smoothing groups, the FBX Exporter will generate appropriate smoothing data at export-time so that correct vertex normals can be inferred while importing. 
[2025.09.25-19.35.23:091][935]LogFactory: FactoryCreateFile: StaticMesh with FbxFactory (0 0 E:\GameDev\hggjam\KlixXsrc\models\modular\rails\railing01_pillar.fbx)
[2025.09.25-19.35.23:098][935]LogFbx: Loading FBX Scene from E:\GameDev\hggjam\KlixXsrc\models\modular\rails\railing01_pillar.fbx
[2025.09.25-19.35.23:100][935]LogFbx: FBX Scene Loaded Succesfully
[2025.09.25-19.35.23:101][935]LogFbx: Display: Triangulating static mesh railing01_pillar
[2025.09.25-19.35.23:102][935]LogFbx: Warning: Triangulating mesh UCX_railing01_pillar for collision model
[2025.09.25-19.35.23:104][935]LogStaticMesh: Building static mesh railing01_pillar...
[2025.09.25-19.35.23:107][935]LogStaticMesh: Built static mesh [0.00s] /Game/LevelAssets/Models/modular/Rails/railing01_pillar.railing01_pillar
[2025.09.25-19.35.23:109][935]FBXImport: Warning: No smoothing group information was found in this FBX scene.  Please make sure to enable the 'Export Smoothing Groups' option in the FBX Exporter plug-in before exporting the file.  Even for tools that don't support smoothing groups, the FBX Exporter will generate appropriate smoothing data at export-time so that correct vertex normals can be inferred while importing. 
[2025.09.25-19.35.23:118][935]LogFactory: FactoryCreateFile: StaticMesh with FbxFactory (0 0 E:\GameDev\hggjam\KlixXsrc\models\modular\rails\railing01_full.fbx)
[2025.09.25-19.35.23:122][935]LogFbx: Loading FBX Scene from E:\GameDev\hggjam\KlixXsrc\models\modular\rails\railing01_full.fbx
[2025.09.25-19.35.23:125][935]LogFbx: FBX Scene Loaded Succesfully
[2025.09.25-19.35.23:126][935]LogFbx: Display: Triangulating static mesh railing01_full
[2025.09.25-19.35.23:127][935]LogFbx: Warning: Triangulating mesh UCX_railing01_full_001 for collision model
[2025.09.25-19.35.23:127][935]LogFbx: Warning: Triangulating mesh UCX_railing01_full_002 for collision model
[2025.09.25-19.35.23:127][935]LogFbx: Warning: Triangulating mesh UCX_railing01_full_003 for collision model
[2025.09.25-19.35.23:127][935]LogFbx: Warning: Triangulating mesh UCX_railing01_full_004 for collision model
[2025.09.25-19.35.23:127][935]LogFbx: Warning: Triangulating mesh UCX_railing01_full_005 for collision model
[2025.09.25-19.35.23:131][935]LogStaticMesh: Building static mesh railing01_full...
[2025.09.25-19.35.23:134][935]LogStaticMesh: Built static mesh [0.00s] /Game/LevelAssets/Models/modular/Rails/railing01_full.railing01_full
[2025.09.25-19.35.23:135][935]FBXImport: Warning: No smoothing group information was found in this FBX scene.  Please make sure to enable the 'Export Smoothing Groups' option in the FBX Exporter plug-in before exporting the file.  Even for tools that don't support smoothing groups, the FBX Exporter will generate appropriate smoothing data at export-time so that correct vertex normals can be inferred while importing. 
[2025.09.25-19.35.24:816][134]LogSlate: Window 'Message Log' being destroyed
[2025.09.25-19.35.24:820][134]LogSlate: Window 'Message Log' being destroyed
[2025.09.25-19.35.26:753][363]LogSlate: FSceneViewport::OnFocusLost() reason 0
[2025.09.25-19.35.26:870][376]LogActorFactory: Actor Factory created railing01_full
[2025.09.25-19.35.26:871][376]LogActorFactory: Actor Factory created railing01_half
[2025.09.25-19.35.26:872][376]LogActorFactory: Actor Factory created railing01_pillar
[2025.09.25-19.35.26:907][379]LogActorFactory: Actor Factory created railing01_full
[2025.09.25-19.35.26:907][379]LogActorFactory: Actor Factory created railing01_half
[2025.09.25-19.35.26:908][379]LogActorFactory: Actor Factory created railing01_pillar
[2025.09.25-19.35.26:908][379]LogSlate: FSceneViewport::OnFocusLost() reason 2
[2025.09.25-19.35.29:146][646]LogActorFactory: Actor Factory created railing01_full
[2025.09.25-19.35.29:153][646]LogActorFactory: Actor Factory created railing01_half
[2025.09.25-19.35.29:159][646]LogActorFactory: Actor Factory created railing01_pillar
[2025.09.25-19.35.29:862][726]Cmd: TRANSACTION UNDO
[2025.09.25-19.35.29:862][726]LogEditorTransaction: Undo Create Actors
[2025.09.25-19.35.30:499][795]LogSlate: FSceneViewport::OnFocusLost() reason 0
[2025.09.25-19.35.30:989][846]LogActorFactory: Actor Factory created railing01_pillar
[2025.09.25-19.35.31:030][849]LogActorFactory: Actor Factory created railing01_pillar
[2025.09.25-19.35.31:032][849]LogSlate: FSceneViewport::OnFocusLost() reason 2
[2025.09.25-19.35.32:379][  9]LogActorFactory: Actor Factory created railing01_pillar
[2025.09.25-19.35.41:725][119]LogSlate: FSceneViewport::OnFocusLost() reason 0
[2025.09.25-19.35.41:886][132]LogActorFactory: Actor Factory created railing01_full
[2025.09.25-19.35.41:957][139]LogActorFactory: Actor Factory created railing01_full
[2025.09.25-19.35.41:958][139]LogSlate: FSceneViewport::OnFocusLost() reason 2
[2025.09.25-19.35.42:361][186]LogActorFactory: Actor Factory created railing01_full
[2025.09.25-19.35.58:440][ 87]LogSlate: FSceneViewport::OnFocusLost() reason 0
[2025.09.25-19.35.58:691][116]LogActorFactory: Actor Factory created railing01_half
[2025.09.25-19.36.00:171][291]LogSlate: FSceneViewport::OnFocusLost() reason 0
[2025.09.25-19.36.02:339][547]LogEditorViewport: Clicking on Actor (LMB): StaticMeshActor (railing01_pillar)
[2025.09.25-19.36.07:847][187]LogEditorViewport: Clicking on Actor (LMB): StaticMeshActor (railing01_full)
[2025.09.25-19.36.26:218][344]LogSlate: FSceneViewport::OnFocusLost() reason 0
[2025.09.25-19.36.28:068][558]LogActorFactory: Actor Factory created railing01_half
[2025.09.25-19.36.31:318][943]LogSlate: FSceneViewport::OnFocusLost() reason 0
[2025.09.25-19.36.33:051][147]LogSlate: FSceneViewport::OnFocusLost() reason 0
[2025.09.25-19.36.33:194][158]LogActorFactory: Actor Factory created railing01_pillar
[2025.09.25-19.36.33:239][162]LogActorFactory: Actor Factory created railing01_pillar
[2025.09.25-19.36.33:240][162]LogSlate: FSceneViewport::OnFocusLost() reason 2
[2025.09.25-19.36.41:518][147]LogEditorViewport: Clicking on Actor (LMB): StaticMeshActor (floor01_2x257)
[2025.09.25-19.36.43:753][407]LogEditorViewport: Clicking on Actor (LMB): StaticMeshActor (railing01_full6)
[2025.09.25-19.36.44:950][546]LogSlate: FSceneViewport::OnFocusLost() reason 0
[2025.09.25-19.36.45:118][565]LogAssetEditorManager: Opening Asset editor for StaticMesh /Game/LevelAssets/Models/modular/Rails/railing01_full.railing01_full
[2025.09.25-19.36.50:411][173]LogSavePackage: Moving 'E:/GameDev/hggjam/GameJamHGGUnreal4.23.1/GameJamCrew/Saved/railing01_full3D3C4458470B9C5B70E4F58B45627423.tmp' to 'E:/GameDev/hggjam/GameJamHGGUnreal4.23.1/GameJamCrew/Content/LevelAssets/Models/modular/Rails/railing01_full.uasset'
[2025.09.25-19.36.51:373][285]LogSlate: Window 'railing01_full' being destroyed
[2025.09.25-19.36.51:378][285]LogSlate: Window 'railing01_full' being destroyed
[2025.09.25-19.36.51:381][285]LogWorld: UWorld::CleanupWorld for World_13, bSessionEnded=true, bCleanupResources=true
[2025.09.25-19.36.52:884][462]LogEditorViewport: Clicking on Actor (LMB): StaticMeshActor (railing01_pillar)
[2025.09.25-19.36.54:492][652]LogSlate: FSceneViewport::OnFocusLost() reason 0
[2025.09.25-19.36.54:636][668]LogAssetEditorManager: Opening Asset editor for Material /Engine/EngineMaterials/WorldGridMaterial.WorldGridMaterial
[2025.09.25-19.36.54:640][668]LogMaterial: Display: Missing cached shader map for material WorldGridMaterial, compiling. 
[2025.09.25-19.36.54:694][668]LogMaterial: Display: Missing cached shader map for material WorldGridMaterial, compiling. Is special engine material.
[2025.09.25-19.36.54:726][668]LogMaterial: Display: Missing cached shader map for material WorldGridMaterial, compiling. Is special engine material.
[2025.09.25-19.36.54:747][668]LogShaderCompilers: Display: Worker (1/13): shaders left to compile 97
[2025.09.25-19.36.54:747][668]LogShaderCompilers: Display: Worker (2/13): shaders left to compile 96
[2025.09.25-19.36.54:747][668]LogShaderCompilers: Display: Worker (3/13): shaders left to compile 95
[2025.09.25-19.36.54:747][668]LogShaderCompilers: Display: Worker (4/13): shaders left to compile 94
[2025.09.25-19.36.54:747][668]LogShaderCompilers: Display: Worker (5/13): shaders left to compile 93
[2025.09.25-19.36.54:747][668]LogShaderCompilers: Display: Worker (6/13): shaders left to compile 92
[2025.09.25-19.36.54:747][668]LogShaderCompilers: Display: Worker (7/13): shaders left to compile 91
[2025.09.25-19.36.54:747][668]LogShaderCompilers: Display: Worker (8/13): shaders left to compile 90
[2025.09.25-19.36.54:747][668]LogShaderCompilers: Display: Worker (9/13): shaders left to compile 89
[2025.09.25-19.36.54:747][668]LogShaderCompilers: Display: Worker (10/13): shaders left to compile 88
[2025.09.25-19.36.54:747][668]LogShaderCompilers: Display: Worker (11/13): shaders left to compile 87
[2025.09.25-19.36.54:747][668]LogShaderCompilers: Display: Worker (12/13): shaders left to compile 86
[2025.09.25-19.36.54:750][668]LogMaterial: Display: Missing cached shader map for material FMatExpressionPreview MaterialExpressionTextureSample_26, compiling. 
[2025.09.25-19.36.54:756][668]LogMaterial: Display: Missing cached shader map for material FMatExpressionPreview MaterialExpressionTextureSample_27, compiling. 
[2025.09.25-19.36.54:760][668]LogMaterial: Display: Missing cached shader map for material FMatExpressionPreview MaterialExpressionTextureSample_28, compiling. 
[2025.09.25-19.36.54:764][668]LogMaterial: Display: Missing cached shader map for material FMatExpressionPreview MaterialExpressionConstant3Vector_6, compiling. 
[2025.09.25-19.36.54:768][668]LogMaterial: Display: Missing cached shader map for material FMatExpressionPreview MaterialExpressionTextureSample_29, compiling. 
[2025.09.25-19.36.54:918][668]LogShaderCompilers: Display: Worker (1/13): shaders left to compile 105
[2025.09.25-19.36.54:918][668]LogShaderCompilers: Display: Worker (3/13): shaders left to compile 104
[2025.09.25-19.36.54:936][668]LogShaderCompilers: Display: Worker (2/13): shaders left to compile 103
[2025.09.25-19.36.54:936][668]LogShaderCompilers: Display: Worker (7/13): shaders left to compile 102
[2025.09.25-19.36.54:936][668]LogShaderCompilers: Display: Worker (5/13): shaders left to compile 101
[2025.09.25-19.36.54:953][668]LogShaderCompilers: Display: Worker (9/13): shaders left to compile 100
[2025.09.25-19.36.54:953][668]LogShaderCompilers: Display: Worker (8/13): shaders left to compile 99
[2025.09.25-19.36.54:953][668]LogShaderCompilers: Display: Worker (11/13): shaders left to compile 98
[2025.09.25-19.36.54:953][668]LogShaderCompilers: Display: Worker (10/13): shaders left to compile 97
[2025.09.25-19.36.54:987][668]LogShaderCompilers: Display: Worker (4/13): shaders left to compile 96
[2025.09.25-19.36.54:987][668]LogShaderCompilers: Display: Worker (6/13): shaders left to compile 95
[2025.09.25-19.36.55:005][668]LogShaderCompilers: Display: Worker (1/13): shaders left to compile 94
[2025.09.25-19.36.55:005][668]LogShaderCompilers: Display: Worker (2/13): shaders left to compile 93
[2025.09.25-19.36.55:005][668]LogShaderCompilers: Display: Worker (5/13): shaders left to compile 92
[2025.09.25-19.36.55:005][668]LogShaderCompilers: Display: Worker (12/13): shaders left to compile 91
[2025.09.25-19.36.55:073][668]LogShaderCompilers: Display: Worker (11/13): shaders left to compile 90
[2025.09.25-19.36.55:073][668]LogShaderCompilers: Display: Worker (8/13): shaders left to compile 89
[2025.09.25-19.36.55:073][668]LogShaderCompilers: Display: Worker (10/13): shaders left to compile 88
[2025.09.25-19.36.55:073][668]LogShaderCompilers: Display: Worker (3/13): shaders left to compile 87
[2025.09.25-19.36.55:073][668]LogShaderCompilers: Display: Worker (7/13): shaders left to compile 86
[2025.09.25-19.36.55:109][668]LogShaderCompilers: Display: Worker (4/13): shaders left to compile 85
[2025.09.25-19.36.55:109][668]LogShaderCompilers: Display: Worker (6/13): shaders left to compile 84
[2025.09.25-19.36.55:109][668]LogShaderCompilers: Display: Worker (9/13): shaders left to compile 83
[2025.09.25-19.36.55:127][668]LogShaderCompilers: Display: Worker (1/13): shaders left to compile 82
[2025.09.25-19.36.55:145][668]LogShaderCompilers: Display: Worker (2/13): shaders left to compile 81
[2025.09.25-19.36.55:145][668]LogShaderCompilers: Display: Worker (5/13): shaders left to compile 80
[2025.09.25-19.36.55:145][668]LogShaderCompilers: Display: Worker (12/13): shaders left to compile 79
[2025.09.25-19.36.55:181][668]LogShaderCompilers: Display: Worker (6/13): shaders left to compile 78
[2025.09.25-19.36.55:199][668]LogShaderCompilers: Display: Worker (8/13): shaders left to compile 77
[2025.09.25-19.36.55:199][668]LogShaderCompilers: Display: Worker (10/13): shaders left to compile 76
[2025.09.25-19.36.55:199][668]LogShaderCompilers: Display: Worker (11/13): shaders left to compile 75
[2025.09.25-19.36.55:217][668]LogShaderCompilers: Display: Worker (3/13): shaders left to compile 74
[2025.09.25-19.36.55:217][668]LogShaderCompilers: Display: Worker (1/13): shaders left to compile 73
[2025.09.25-19.36.55:217][668]LogShaderCompilers: Display: Worker (7/13): shaders left to compile 72
[2025.09.25-19.36.55:234][668]LogShaderCompilers: Display: Worker (9/13): shaders left to compile 71
[2025.09.25-19.36.55:234][668]LogShaderCompilers: Display: Worker (5/13): shaders left to compile 70
[2025.09.25-19.36.55:272][668]LogShaderCompilers: Display: Worker (4/13): shaders left to compile 69
[2025.09.25-19.36.55:272][668]LogShaderCompilers: Display: Worker (6/13): shaders left to compile 68
[2025.09.25-19.36.55:272][668]LogShaderCompilers: Display: Worker (12/13): shaders left to compile 67
[2025.09.25-19.36.55:291][668]LogShaderCompilers: Display: Worker (10/13): shaders left to compile 66
[2025.09.25-19.36.55:291][668]LogShaderCompilers: Display: Worker (2/13): shaders left to compile 65
[2025.09.25-19.36.55:291][668]LogShaderCompilers: Display: Worker (7/13): shaders left to compile 64
[2025.09.25-19.36.55:309][668]LogShaderCompilers: Display: Worker (1/13): shaders left to compile 63
[2025.09.25-19.36.55:327][668]LogShaderCompilers: Display: Worker (3/13): shaders left to compile 62
[2025.09.25-19.36.55:327][668]LogShaderCompilers: Display: Worker (11/13): shaders left to compile 61
[2025.09.25-19.36.55:327][668]LogShaderCompilers: Display: Worker (9/13): shaders left to compile 60
[2025.09.25-19.36.55:345][668]LogShaderCompilers: Display: Worker (8/13): shaders left to compile 59
[2025.09.25-19.36.55:454][668]LogShaderCompilers: Display: Worker (6/13): shaders left to compile 58
[2025.09.25-19.36.55:506][668]LogShaderCompilers: Display: Worker (2/13): shaders left to compile 57
[2025.09.25-19.36.55:524][668]LogShaderCompilers: Display: Worker (8/13): shaders left to compile 56
[2025.09.25-19.36.55:542][668]LogShaderCompilers: Display: Worker (5/13): shaders left to compile 55
[2025.09.25-19.36.55:542][668]LogShaderCompilers: Display: Worker (3/13): shaders left to compile 54
[2025.09.25-19.36.55:593][668]LogShaderCompilers: Display: Worker (12/13): shaders left to compile 53
[2025.09.25-19.36.55:627][668]LogShaderCompilers: Display: Worker (7/13): shaders left to compile 52
[2025.09.25-19.36.55:627][668]LogShaderCompilers: Display: Worker (1/13): shaders left to compile 51
[2025.09.25-19.36.55:627][668]LogShaderCompilers: Display: Worker (4/13): shaders left to compile 50
[2025.09.25-19.36.55:627][668]LogShaderCompilers: Display: Worker (10/13): shaders left to compile 49
[2025.09.25-19.36.55:627][668]LogShaderCompilers: Display: Worker (11/13): shaders left to compile 48
[2025.09.25-19.36.55:627][668]LogShaderCompilers: Display: Worker (9/13): shaders left to compile 47
[2025.09.25-19.36.55:694][668]LogShaderCompilers: Display: Worker (6/13): shaders left to compile 46
[2025.09.25-19.36.55:694][668]LogShaderCompilers: Display: Worker (8/13): shaders left to compile 45
[2025.09.25-19.36.55:730][668]LogShaderCompilers: Display: Worker (11/13): shaders left to compile 44
[2025.09.25-19.36.55:747][668]LogShaderCompilers: Display: Worker (12/13): shaders left to compile 43
[2025.09.25-19.36.55:765][668]LogShaderCompilers: Display: Worker (9/13): shaders left to compile 42
[2025.09.25-19.36.55:765][668]LogShaderCompilers: Display: Worker (2/13): shaders left to compile 41
[2025.09.25-19.36.55:783][668]LogShaderCompilers: Display: Worker (4/13): shaders left to compile 40
[2025.09.25-19.36.55:783][668]LogShaderCompilers: Display: Worker (5/13): shaders left to compile 39
[2025.09.25-19.36.55:783][668]LogShaderCompilers: Display: Worker (6/13): shaders left to compile 38
[2025.09.25-19.36.55:818][668]LogShaderCompilers: Display: Worker (3/13): shaders left to compile 37
[2025.09.25-19.36.55:818][668]LogShaderCompilers: Display: Worker (11/13): shaders left to compile 36
[2025.09.25-19.36.55:818][668]LogShaderCompilers: Display: Worker (8/13): shaders left to compile 35
[2025.09.25-19.36.55:855][668]LogShaderCompilers: Display: Worker (9/13): shaders left to compile 34
[2025.09.25-19.36.55:871][668]LogShaderCompilers: Display: Worker (6/13): shaders left to compile 33
[2025.09.25-19.36.55:889][668]LogShaderCompilers: Display: Worker (4/13): shaders left to compile 32
[2025.09.25-19.36.55:890][668]LogShaderCompilers: Display: Worker (7/13): shaders left to compile 31
[2025.09.25-19.36.55:890][668]LogShaderCompilers: Display: Worker (1/13): shaders left to compile 30
[2025.09.25-19.36.55:890][668]LogShaderCompilers: Display: Worker (5/13): shaders left to compile 29
[2025.09.25-19.36.55:923][668]LogShaderCompilers: Display: Worker (10/13): shaders left to compile 28
[2025.09.25-19.36.55:923][668]LogShaderCompilers: Display: Worker (11/13): shaders left to compile 27
[2025.09.25-19.36.55:923][668]LogShaderCompilers: Display: Worker (12/13): shaders left to compile 26
[2025.09.25-19.36.55:923][668]LogShaderCompilers: Display: Worker (3/13): shaders left to compile 25
[2025.09.25-19.36.55:923][668]LogShaderCompilers: Display: Worker (8/13): shaders left to compile 24
[2025.09.25-19.36.55:923][668]LogShaderCompilers: Display: Worker (9/13): shaders left to compile 23
[2025.09.25-19.36.55:941][668]LogShaderCompilers: Display: Worker (2/13): shaders left to compile 22
[2025.09.25-19.36.55:977][668]LogShaderCompilers: Display: Worker (4/13): shaders left to compile 21
[2025.09.25-19.36.55:977][668]LogShaderCompilers: Display: Worker (6/13): shaders left to compile 20
[2025.09.25-19.36.55:977][668]LogShaderCompilers: Display: Worker (1/13): shaders left to compile 19
[2025.09.25-19.36.55:977][668]LogShaderCompilers: Display: Worker (5/13): shaders left to compile 18
[2025.09.25-19.36.55:994][668]LogShaderCompilers: Display: Worker (7/13): shaders left to compile 17
[2025.09.25-19.36.55:994][668]LogShaderCompilers: Display: Worker (10/13): shaders left to compile 16
[2025.09.25-19.36.55:994][668]LogShaderCompilers: Display: Worker (12/13): shaders left to compile 15
[2025.09.25-19.36.56:012][668]LogShaderCompilers: Display: Worker (8/13): shaders left to compile 14
[2025.09.25-19.36.56:012][668]LogShaderCompilers: Display: Worker (2/13): shaders left to compile 13
[2025.09.25-19.36.56:029][668]LogShaderCompilers: Display: Worker (3/13): shaders left to compile 12
[2025.09.25-19.36.56:029][668]LogShaderCompilers: Display: Worker (11/13): shaders left to compile 11
[2025.09.25-19.36.56:029][668]LogShaderCompilers: Display: Worker (9/13): shaders left to compile 10
[2025.09.25-19.36.56:079][668]LogShaderCompilers: Display: Worker (4/13): shaders left to compile 9
[2025.09.25-19.36.56:130][668]LogShaderCompilers: Display: Worker (5/13): shaders left to compile 8
[2025.09.25-19.36.56:180][668]LogShaderCompilers: Display: Worker (7/13): shaders left to compile 7
[2025.09.25-19.36.56:180][668]LogShaderCompilers: Display: Worker (1/13): shaders left to compile 6
[2025.09.25-19.36.56:180][668]LogShaderCompilers: Display: Worker (2/13): shaders left to compile 5
[2025.09.25-19.36.56:180][668]LogShaderCompilers: Display: Worker (6/13): shaders left to compile 4
[2025.09.25-19.36.56:180][668]LogShaderCompilers: Display: Worker (8/13): shaders left to compile 3
[2025.09.25-19.36.56:199][668]LogShaderCompilers: Display: Worker (9/13): shaders left to compile 2
[2025.09.25-19.36.56:216][668]LogShaderCompilers: Display: Worker (12/13): shaders left to compile 1
[2025.09.25-19.36.56:233][668]LogSlate: Window 'Warning: Editing Default Material' being destroyed
[2025.09.25-19.36.56:349][669]MaterialEditorStats: Base pass shader: 152 instructions
[2025.09.25-19.36.56:349][669]MaterialEditorStats: Base pass shader with Volumetric Lightmap: 226 instructions
[2025.09.25-19.36.56:349][669]MaterialEditorStats: Base pass vertex shader: 45 instructions
[2025.09.25-19.36.56:349][669]MaterialEditorStats: Texture samplers: 5/16
[2025.09.25-19.36.56:349][669]MaterialEditorStats: Texture Lookups (Est.): VS(0), PS(4)
[2025.09.25-19.36.56:349][669]MaterialEditorStats: User interpolators: 2/4 Scalars (1/4 Vectors) (TexCoords: 2, Custom: 0)
[2025.09.25-19.36.57:597][812]LogSlate: Window 'WorldGridMaterial' being destroyed
[2025.09.25-19.36.57:603][812]LogSlate: Window 'WorldGridMaterial' being destroyed
[2025.09.25-19.36.57:615][812]LogWorld: UWorld::CleanupWorld for World_14, bSessionEnded=true, bCleanupResources=true
[2025.09.25-19.36.58:398][902]LogAssetEditorManager: Opening Asset editor for StaticMesh /Game/LevelAssets/Models/modular/Rails/railing01_pillar.railing01_pillar
[2025.09.25-19.37.02:992][430]LogSavePackage: Moving 'E:/GameDev/hggjam/GameJamHGGUnreal4.23.1/GameJamCrew/Saved/railing01_pillar7E305AB2455DB8A41360E2A5B204A1BF.tmp' to 'E:/GameDev/hggjam/GameJamHGGUnreal4.23.1/GameJamCrew/Content/LevelAssets/Models/modular/Rails/railing01_pillar.uasset'
[2025.09.25-19.37.03:720][511]LogSlate: Window 'railing01_pillar' being destroyed
[2025.09.25-19.37.03:725][511]LogSlate: Window 'railing01_pillar' being destroyed
[2025.09.25-19.37.03:729][511]LogWorld: UWorld::CleanupWorld for World_15, bSessionEnded=true, bCleanupResources=true
[2025.09.25-19.37.07:521][960]LogEditorViewport: Clicking on Actor (LMB): StaticMeshActor (railing01_full3)
[2025.09.25-19.37.08:862][116]LogSlate: FSceneViewport::OnFocusLost() reason 0
[2025.09.25-19.37.09:014][133]LogAssetEditorManager: Opening Asset editor for StaticMesh /Game/LevelAssets/Models/modular/Rails/railing01_half.railing01_half
[2025.09.25-19.37.14:655][785]LogSavePackage: Moving 'E:/GameDev/hggjam/GameJamHGGUnreal4.23.1/GameJamCrew/Saved/railing01_half97D597AE4C15AD9A69DB5EAEE24232D8.tmp' to 'E:/GameDev/hggjam/GameJamHGGUnreal4.23.1/GameJamCrew/Content/LevelAssets/Models/modular/Rails/railing01_half.uasset'
[2025.09.25-19.37.15:518][881]LogSlate: Window 'railing01_half' being destroyed
[2025.09.25-19.37.15:523][881]LogSlate: Window 'railing01_half' being destroyed
[2025.09.25-19.37.15:527][881]LogWorld: UWorld::CleanupWorld for World_16, bSessionEnded=true, bCleanupResources=true
[2025.09.25-19.37.16:113][947]LogEditorViewport: Clicking on Actor (LMB): StaticMeshActor (wall01_2x104)
[2025.09.25-19.37.19:146][306]LogEditorViewport: Clicking on Actor (LMB): StaticMeshActor (railing01_full10)
[2025.09.25-19.37.22:641][718]LogEditorViewport: Clicking on Actor (LMB): StaticMeshActor (wall01_2x91)
[2025.09.25-19.37.23:582][827]LogEditorViewport: Clicking on Actor (LMB): StaticMeshActor (railing01_full9)
[2025.09.25-19.37.37:594][477]LogEditorViewport: Clicking on Actor (LMB): StaticMeshActor (railing01_full6)
[2025.09.25-19.38.01:774][331]LogEditorViewport: Clicking on Actor (LMB): StaticMeshActor (railing01_full14)
[2025.09.25-19.38.10:296][317]LogEditorViewport: Clicking on Actor (LMB): StaticMeshActor (railing01_full14)
[2025.09.25-19.38.12:073][524]LogEditorViewport: Clicking on Actor (LMB): StaticMeshActor (railing01_full17)
[2025.09.25-19.38.25:812][145]LogSlate: FSceneViewport::OnFocusLost() reason 0
[2025.09.25-19.38.25:979][164]LogActorFactory: Actor Factory created railing01_half
[2025.09.25-19.38.25:985][164]LogActorFactory: Actor Factory created railing01_half
[2025.09.25-19.38.25:985][164]LogSlate: FSceneViewport::OnFocusLost() reason 2
[2025.09.25-19.38.26:194][188]LogActorFactory: Actor Factory created railing01_half
[2025.09.25-19.38.26:196][188]LogSlate: FSceneViewport::OnFocusLost() reason 2
[2025.09.25-19.38.28:805][498]LogSlate: FSceneViewport::OnFocusLost() reason 0
[2025.09.25-19.38.28:936][513]LogActorFactory: Actor Factory created railing01_pillar
[2025.09.25-19.38.28:988][518]LogActorFactory: Actor Factory created railing01_pillar
[2025.09.25-19.38.28:989][518]LogSlate: FSceneViewport::OnFocusLost() reason 2
[2025.09.25-19.38.29:739][607]LogActorFactory: Actor Factory created railing01_pillar
[2025.09.25-19.38.34:949][226]LogEditorViewport: Clicking on Actor (LMB): StaticMeshActor (railing01_full20)
[2025.09.25-19.38.36:156][366]LogEditorViewport: Clicking on Actor (LMB): StaticMeshActor (railing01_pillar3)
[2025.09.25-19.38.37:831][563]LogEditorViewport: Clicking on Actor (LMB): StaticMeshActor (railing01_pillar3)
[2025.09.25-19.38.54:192][512]LogEditorViewport: Clicking on Actor (LMB): StaticMeshActor (railing01_pillar3)
[2025.09.25-19.39.09:806][354]LogSlate: FSceneViewport::OnFocusLost() reason 0
[2025.09.25-19.39.09:934][357]LogActorFactory: Actor Factory created railing01_full
[2025.09.25-19.39.09:967][359]LogActorFactory: Actor Factory created railing01_full
[2025.09.25-19.39.09:968][359]LogSlate: FSceneViewport::OnFocusLost() reason 2
[2025.09.25-19.39.10:749][452]LogActorFactory: Actor Factory created railing01_full
[2025.09.25-19.39.17:918][301]LogSlate: FSceneViewport::OnFocusLost() reason 0
[2025.09.25-19.39.18:094][317]LogActorFactory: Actor Factory created railing01_half
[2025.09.25-19.39.18:120][320]LogActorFactory: Actor Factory created railing01_half
[2025.09.25-19.39.18:121][320]LogSlate: FSceneViewport::OnFocusLost() reason 2
[2025.09.25-19.39.18:229][332]LogActorFactory: Actor Factory created railing01_half
[2025.09.25-19.39.18:230][332]LogSlate: FSceneViewport::OnFocusLost() reason 2
[2025.09.25-19.39.39:860][880]LogEditorViewport: Clicking on Actor (LMB): StaticMeshActor (floor01_2x236)
[2025.09.25-19.39.41:246][ 38]LogSlate: FSceneViewport::OnFocusLost() reason 5
[2025.09.25-19.39.41:251][ 38]Cmd: OBJ SAVEPACKAGE PACKAGE="/Game/Levels/CheeseFactory_001" FILE="E:/GameDev/hggjam/GameJamHGGUnreal4.23.1/GameJamCrew/Content/Levels/CheeseFactory_001.umap" SILENT=true AUTOSAVING=false KEEPDIRTY=false
[2025.09.25-19.39.41:274][ 38]LogUObjectHash: Compacting FUObjectHashTables data took   1.06ms
[2025.09.25-19.39.41:446][ 38]LogSavePackage: Moving 'E:/GameDev/hggjam/GameJamHGGUnreal4.23.1/GameJamCrew/Saved/CheeseFactory_001BC15B764465ED26BE46C5593FC5DA975.tmp' to 'E:/GameDev/hggjam/GameJamHGGUnreal4.23.1/GameJamCrew/Content/Levels/CheeseFactory_001.umap'
[2025.09.25-19.39.41:459][ 38]Cmd: OBJ SAVEPACKAGE PACKAGE="/Game/Levels/CheeseFactory_001_BuiltData" FILE="E:/GameDev/hggjam/GameJamHGGUnreal4.23.1/GameJamCrew/Content/Levels/CheeseFactory_001_BuiltData.uasset" SILENT=true
[2025.09.25-19.39.41:935][ 38]LogSavePackage: Moving 'E:/GameDev/hggjam/GameJamHGGUnreal4.23.1/GameJamCrew/Saved/CheeseFactory_001_BuiltDataE1BB2A964F2DEBCDF308DF9333654628.tmp' to 'E:/GameDev/hggjam/GameJamHGGUnreal4.23.1/GameJamCrew/Content/Levels/CheeseFactory_001_BuiltData.uasset'
[2025.09.25-19.39.47:218][667]LogEditorViewport: Clicking on Actor (LMB): StaticMeshActor (Cheese_table9)
[2025.09.25-19.39.50:223][ 24]LogSlate: FSceneViewport::OnFocusLost() reason 0
[2025.09.25-19.40.03:173][846]LogEditorFactories: Performing atomic reimport of [E:/GameDev/hggjam/KlixXsrc/models/props/cheese_table.fbx]
[2025.09.25-19.40.03:191][846]LogFbx: Loading FBX Scene from E:/GameDev/hggjam/KlixXsrc/models/props/cheese_table.fbx
[2025.09.25-19.40.03:194][846]LogFbx: FBX Scene Loaded Succesfully
[2025.09.25-19.40.03:195][846]LogFbx: Display: Triangulating static mesh cheese_table
[2025.09.25-19.40.03:204][846]LogFbx: Warning: Triangulating mesh UCX_cheese_table_001 for collision model
[2025.09.25-19.40.03:204][846]LogFbx: Warning: Triangulating mesh UCX_cheese_table_002 for collision model
[2025.09.25-19.40.03:205][846]LogFbx: Warning: Triangulating mesh UCX_cheese_table_003 for collision model
[2025.09.25-19.40.03:205][846]LogFbx: Warning: Triangulating mesh UCX_cheese_table_004 for collision model
[2025.09.25-19.40.03:205][846]LogFbx: Warning: Triangulating mesh UCX_cheese_table_005 for collision model
[2025.09.25-19.40.03:205][846]LogFbx: Warning: Triangulating mesh UCX_cheese_table_006 for collision model
[2025.09.25-19.40.03:205][846]LogFbx: Warning: Triangulating mesh UCX_cheese_table_007 for collision model
[2025.09.25-19.40.03:205][846]LogFbx: Warning: Triangulating mesh UCX_cheese_table_008 for collision model
[2025.09.25-19.40.03:205][846]LogFbx: Warning: Triangulating mesh UCX_cheese_table_009 for collision model
[2025.09.25-19.40.03:206][846]LogFbx: Warning: Triangulating mesh UCX_cheese_table_010 for collision model
[2025.09.25-19.40.03:206][846]LogFbx: Warning: Triangulating mesh UCX_cheese_table_011 for collision model
[2025.09.25-19.40.03:206][846]LogFbx: Warning: Triangulating mesh UCX_cheese_table_012 for collision model
[2025.09.25-19.40.03:206][846]LogFbx: Warning: Triangulating mesh UCX_cheese_table_013 for collision model
[2025.09.25-19.40.03:223][846]LogStaticMesh: Building static mesh Cheese_table...
[2025.09.25-19.40.03:231][846]LogStaticMesh: Built static mesh [0.01s] /Game/LevelAssets/Models/Props/Cheese_table.Cheese_table
[2025.09.25-19.40.04:505][846]LogSlate: Window 'Reimport Material Conflicts Resolution' being destroyed
[2025.09.25-19.40.04:512][846]LogEditorFactories: -- imported successfully
[2025.09.25-19.40.04:512][846]FBXImport: Warning: No smoothing group information was found in this FBX scene.  Please make sure to enable the 'Export Smoothing Groups' option in the FBX Exporter plug-in before exporting the file.  Even for tools that don't support smoothing groups, the FBX Exporter will generate appropriate smoothing data at export-time so that correct vertex normals can be inferred while importing. 
[2025.09.25-19.40.06:725][105]LogAssetEditorManager: Opening Asset editor for StaticMesh /Game/LevelAssets/Models/Props/Cheese_table.Cheese_table
[2025.09.25-19.40.14:251][982]Cmd: OBJ SAVEPACKAGE PACKAGE="/Game/LevelAssets/Models/Props/Cheese_table" FILE="E:/GameDev/hggjam/GameJamHGGUnreal4.23.1/GameJamCrew/Content/LevelAssets/Models/Props/Cheese_table.uasset" SILENT=true
[2025.09.25-19.40.14:259][982]LogSavePackage: Moving 'E:/GameDev/hggjam/GameJamHGGUnreal4.23.1/GameJamCrew/Saved/Cheese_tableF24E9A794E4AA4C3168A40B0B886FAED.tmp' to 'E:/GameDev/hggjam/GameJamHGGUnreal4.23.1/GameJamCrew/Content/LevelAssets/Models/Props/Cheese_table.uasset'
[2025.09.25-19.40.15:034][ 71]LogSlate: Window 'Cheese_table' being destroyed
[2025.09.25-19.40.15:040][ 71]LogSlate: Window 'Cheese_table' being destroyed
[2025.09.25-19.40.15:044][ 71]LogWorld: UWorld::CleanupWorld for World_17, bSessionEnded=true, bCleanupResources=true
[2025.09.25-19.40.15:476][119]LogEditorViewport: Clicking on Actor (LMB): StaticMeshActor (floor01_2x87)
[2025.09.25-19.40.18:482][473]LogEditorViewport: Clicking on Actor (LMB): StaticMeshActor (Cheese_table)
[2025.09.25-19.40.27:412][530]LogEditorViewport: Clicking on Actor (LMB): StaticMeshActor (Cheese_table2)
[2025.09.25-19.40.37:812][768]LogEditorViewport: Clicking on Actor (LMB): StaticMeshActor (Cheese_table9)
[2025.09.25-19.40.49:202][119]LogSlate: FSceneViewport::OnFocusLost() reason 5
[2025.09.25-19.40.49:207][119]Cmd: OBJ SAVEPACKAGE PACKAGE="/Game/Levels/CheeseFactory_001" FILE="E:/GameDev/hggjam/GameJamHGGUnreal4.23.1/GameJamCrew/Content/Levels/CheeseFactory_001.umap" SILENT=true AUTOSAVING=false KEEPDIRTY=false
[2025.09.25-19.40.49:228][119]LogUObjectHash: Compacting FUObjectHashTables data took   1.06ms
[2025.09.25-19.40.49:399][119]LogSavePackage: Moving 'E:/GameDev/hggjam/GameJamHGGUnreal4.23.1/GameJamCrew/Saved/CheeseFactory_001B1B8F2684B29379207889EA4A7D32B99.tmp' to 'E:/GameDev/hggjam/GameJamHGGUnreal4.23.1/GameJamCrew/Content/Levels/CheeseFactory_001.umap'
[2025.09.25-19.40.49:413][119]Cmd: OBJ SAVEPACKAGE PACKAGE="/Game/Levels/CheeseFactory_001_BuiltData" FILE="E:/GameDev/hggjam/GameJamHGGUnreal4.23.1/GameJamCrew/Content/Levels/CheeseFactory_001_BuiltData.uasset" SILENT=true
[2025.09.25-19.40.49:919][119]LogSavePackage: Moving 'E:/GameDev/hggjam/GameJamHGGUnreal4.23.1/GameJamCrew/Saved/CheeseFactory_001_BuiltDataE783269A47852F6F84C3718E4C106682.tmp' to 'E:/GameDev/hggjam/GameJamHGGUnreal4.23.1/GameJamCrew/Content/Levels/CheeseFactory_001_BuiltData.uasset'
[2025.09.25-19.40.53:529][546]LogEditorViewport: Clicking on Actor (LMB): StaticMeshActor (Cheese_table8)
[2025.09.25-19.40.55:751][808]LogSlate: FSceneViewport::OnFocusLost() reason 0
[2025.09.25-19.40.57:410][  2]LogEditorFactories: Performing atomic reimport of [E:/GameDev/hggjam/KlixXsrc/models/Cheese box with Cheese.fbx]
[2025.09.25-19.40.57:443][  2]LogFbx: Loading FBX Scene from E:/GameDev/hggjam/KlixXsrc/models/Cheese box with Cheese.fbx
[2025.09.25-19.40.57:445][  2]LogFbx: FBX Scene Loaded Succesfully
[2025.09.25-19.40.57:447][  2]LogFbx: Display: Triangulating static mesh Cylinder.023
[2025.09.25-19.40.57:468][  2]LogStaticMesh: Building static mesh Cheese_box_with_Cheese...
[2025.09.25-19.40.57:476][  2]LogStaticMesh: Built static mesh [0.01s] /Game/LevelAssets/Models/Props/Cheese_box_with_Cheese.Cheese_box_with_Cheese
[2025.09.25-19.40.57:486][  2]LogEditorFactories: -- imported successfully
[2025.09.25-19.40.57:487][  2]FBXImport: Warning: No smoothing group information was found in this FBX scene.  Please make sure to enable the 'Export Smoothing Groups' option in the FBX Exporter plug-in before exporting the file.  Even for tools that don't support smoothing groups, the FBX Exporter will generate appropriate smoothing data at export-time so that correct vertex normals can be inferred while importing. 
[2025.09.25-19.41.09:195][559]LogEditorFactories: Performing atomic reimport of [E:/GameDev/hggjam/KlixXsrc/models/props/cheesebox_cheese.fbx]
[2025.09.25-19.41.09:219][559]LogFbx: Loading FBX Scene from E:/GameDev/hggjam/KlixXsrc/models/props/cheesebox_cheese.fbx
[2025.09.25-19.41.09:221][559]LogFbx: FBX Scene Loaded Succesfully
[2025.09.25-19.41.09:222][559]LogFbx: Display: Triangulating static mesh cheesebox_cheese
[2025.09.25-19.41.09:239][559]LogStaticMesh: Building static mesh Cheese_box_with_Cheese...
[2025.09.25-19.41.09:245][559]LogStaticMesh: Built static mesh [0.01s] /Game/LevelAssets/Models/Props/Cheese_box_with_Cheese.Cheese_box_with_Cheese
[2025.09.25-19.41.09:254][559]LogEditorFactories: -- imported successfully
[2025.09.25-19.41.09:256][559]FBXImport: Warning: No smoothing group information was found in this FBX scene.  Please make sure to enable the 'Export Smoothing Groups' option in the FBX Exporter plug-in before exporting the file.  Even for tools that don't support smoothing groups, the FBX Exporter will generate appropriate smoothing data at export-time so that correct vertex normals can be inferred while importing. 
[2025.09.25-19.41.10:169][666]LogEditorViewport: Clicking on Actor (LMB): StaticMeshActor (Cheese_table5)
[2025.09.25-19.41.21:956][ 57]LogEditorViewport: Clicking on Actor (LMB): StaticMeshActor (Cheese_table7)
[2025.09.25-19.41.24:773][392]LogSlate: FSceneViewport::OnFocusLost() reason 0
[2025.09.25-19.41.27:067][662]LogEditorFactories: Performing atomic reimport of [E:/GameDev/hggjam/KlixXsrc/models/Cheese box without Cheese.fbx]
[2025.09.25-19.41.27:096][662]LogFbx: Loading FBX Scene from E:/GameDev/hggjam/KlixXsrc/models/Cheese box without Cheese.fbx
[2025.09.25-19.41.27:098][662]LogFbx: FBX Scene Loaded Succesfully
[2025.09.25-19.41.27:100][662]LogFbx: Display: Triangulating static mesh Cylinder.026
[2025.09.25-19.41.27:121][662]LogStaticMesh: Building static mesh Cheese_box_without_Cheese...
[2025.09.25-19.41.27:126][662]LogStaticMesh: Built static mesh [0.01s] /Game/LevelAssets/Models/Props/Cheese_box_without_Cheese.Cheese_box_without_Cheese
[2025.09.25-19.41.27:135][662]LogEditorFactories: -- imported successfully
[2025.09.25-19.41.27:136][662]FBXImport: Warning: No smoothing group information was found in this FBX scene.  Please make sure to enable the 'Export Smoothing Groups' option in the FBX Exporter plug-in before exporting the file.  Even for tools that don't support smoothing groups, the FBX Exporter will generate appropriate smoothing data at export-time so that correct vertex normals can be inferred while importing. 
[2025.09.25-19.41.34:853][137]LogEditorFactories: Performing atomic reimport of [E:/GameDev/hggjam/KlixXsrc/models/props/cheesebox_nocheese.fbx]
[2025.09.25-19.41.34:877][137]LogFbx: Loading FBX Scene from E:/GameDev/hggjam/KlixXsrc/models/props/cheesebox_nocheese.fbx
[2025.09.25-19.41.34:879][137]LogFbx: FBX Scene Loaded Succesfully
[2025.09.25-19.41.34:880][137]LogFbx: Display: Triangulating static mesh cheesebox_nocheese
[2025.09.25-19.41.34:898][137]LogStaticMesh: Building static mesh Cheese_box_without_Cheese...
[2025.09.25-19.41.34:903][137]LogStaticMesh: Built static mesh [0.01s] /Game/LevelAssets/Models/Props/Cheese_box_without_Cheese.Cheese_box_without_Cheese
[2025.09.25-19.41.34:913][137]LogEditorFactories: -- imported successfully
[2025.09.25-19.41.34:914][137]FBXImport: Warning: No smoothing group information was found in this FBX scene.  Please make sure to enable the 'Export Smoothing Groups' option in the FBX Exporter plug-in before exporting the file.  Even for tools that don't support smoothing groups, the FBX Exporter will generate appropriate smoothing data at export-time so that correct vertex normals can be inferred while importing. 
[2025.09.25-19.41.36:445][315]Cmd: TRANSACTION UNDO
[2025.09.25-19.41.36:445][315]LogEditorTransaction: Undo Clicking on Actors
[2025.09.25-19.41.37:185][399]LogEditorViewport: Clicking on Actor (LMB): StaticMeshActor (Cheese_table6)
[2025.09.25-19.41.49:590][865]LogSlate: FSceneViewport::OnFocusLost() reason 5
[2025.09.25-19.41.49:596][865]Cmd: OBJ SAVEPACKAGE PACKAGE="/Game/Levels/CheeseFactory_001" FILE="E:/GameDev/hggjam/GameJamHGGUnreal4.23.1/GameJamCrew/Content/Levels/CheeseFactory_001.umap" SILENT=true AUTOSAVING=false KEEPDIRTY=false
[2025.09.25-19.41.49:616][865]LogUObjectHash: Compacting FUObjectHashTables data took   0.95ms
[2025.09.25-19.41.49:788][865]LogSavePackage: Moving 'E:/GameDev/hggjam/GameJamHGGUnreal4.23.1/GameJamCrew/Saved/CheeseFactory_00189AC57494CA384B13E0A16829F99DF99.tmp' to 'E:/GameDev/hggjam/GameJamHGGUnreal4.23.1/GameJamCrew/Content/Levels/CheeseFactory_001.umap'
[2025.09.25-19.41.49:801][865]Cmd: OBJ SAVEPACKAGE PACKAGE="/Game/Levels/CheeseFactory_001_BuiltData" FILE="E:/GameDev/hggjam/GameJamHGGUnreal4.23.1/GameJamCrew/Content/Levels/CheeseFactory_001_BuiltData.uasset" SILENT=true
[2025.09.25-19.41.50:283][865]LogSavePackage: Moving 'E:/GameDev/hggjam/GameJamHGGUnreal4.23.1/GameJamCrew/Saved/CheeseFactory_001_BuiltDataA6B115E74379EF7B71F01D8628E08D7A.tmp' to 'E:/GameDev/hggjam/GameJamHGGUnreal4.23.1/GameJamCrew/Content/Levels/CheeseFactory_001_BuiltData.uasset'
[2025.09.25-19.41.50:989][943]LogEditorViewport: Clicking on Actor (LMB): StaticMeshActor (floor01_2x251)
[2025.09.25-19.41.52:026][ 63]LogEditorViewport: Clicking on Actor (LMB): StaticMeshActor (floor01_2x253)
[2025.09.25-19.41.53:414][226]LogSlate: FSceneViewport::OnFocusLost() reason 0
[2025.09.25-19.42.09:019][ 79]LogSlate: FSceneViewport::OnFocusLost() reason 0
[2025.09.25-19.42.10:099][201]LogSlate: FSceneViewport::OnFocusLost() reason 0
[2025.09.25-19.42.12:624][493]LogEditorViewport: Clicking on Actor (LMB): StaticMeshActor (floor01_2x251)
[2025.09.25-19.42.13:278][567]LogSlate: FSceneViewport::OnFocusLost() reason 0
[2025.09.25-19.42.14:724][730]LogEditorViewport: Clicking on Actor (LMB): StaticMeshActor (floor01_2x254)
[2025.09.25-19.42.19:012][205]LogSlate: FSceneViewport::OnFocusLost() reason 0
[2025.09.25-19.42.21:722][509]LogEditorViewport: Clicking on Actor (LMB): StaticMeshActor (floor01_2x224)
[2025.09.25-19.42.35:016][ 18]LogSlate: FSceneViewport::OnFocusLost() reason 0
[2025.09.25-19.42.36:989][246]LogEditorViewport: Clicking on Actor (LMB): StaticMeshActor (floor01_2x230)
[2025.09.25-19.42.43:054][958]LogEditorViewport: Clicking on Actor (LMB): StaticMeshActor (Stair)
[2025.09.25-19.42.55:586][448]LogEditorViewport: Clicking on Actor (LMB): StaticMeshActor (railing01_pillar3)
[2025.09.25-19.42.56:267][527]LogEditorViewport: Clicking on Actor (LMB): StaticMeshActor (railing01_full20)
[2025.09.25-19.42.57:719][694]LogEditorViewport: Clicking on Actor (LMB): StaticMeshActor (railing01_pillar3)
[2025.09.25-19.42.59:692][924]LogEditorViewport: Clicking on Actor (LMB): StaticMeshActor (floor01_2x232)
[2025.09.25-19.43.00:419][  5]LogEditorViewport: Clicking on Actor (LMB): StaticMeshActor (railing01_pillar3)
[2025.09.25-19.43.04:011][430]LogEditorViewport: Clicking on Actor (LMB): StaticMeshActor (railing01_full20)
[2025.09.25-19.43.10:226][167]LogEditorViewport: Clicking on Actor (LMB): StaticMeshActor (railing01_pillar9)
[2025.09.25-19.43.13:871][595]LogEditorViewport: Clicking on Actor (LMB): StaticMeshActor (railing01_pillar3)
[2025.09.25-19.43.15:404][776]LogEditorViewport: Clicking on Actor (LMB): StaticMeshActor (railing01_pillar9)
[2025.09.25-19.43.16:085][855]Cmd: DELETE
[2025.09.25-19.43.16:085][855]Cmd: ACTOR DELETE
[2025.09.25-19.43.16:091][855]LogEditorActor: Deleted Actor: StaticMeshActor
[2025.09.25-19.43.16:110][855]LogUObjectHash: Compacting FUObjectHashTables data took   0.98ms
[2025.09.25-19.43.16:111][855]LogEditorActor: Deleted 1 Actors (0.025 secs)
[2025.09.25-19.43.16:344][883]LogEditorViewport: Clicking on Actor (LMB): StaticMeshActor (railing01_pillar3)
[2025.09.25-19.43.19:029][202]Cmd: TRANSACTION UNDO
[2025.09.25-19.43.19:029][202]LogEditorTransaction: Undo Move Actors
[2025.09.25-19.43.20:644][388]LogEditorViewport: Clicking on Actor (LMB): StaticMeshActor (railing01_full25)
[2025.09.25-19.43.24:689][864]LogEditorViewport: Clicking on Actor (LMB): StaticMeshActor (floor01_2x232)
[2025.09.25-19.43.26:594][ 88]Cmd: TRANSACTION UNDO
[2025.09.25-19.43.26:594][ 88]LogEditorTransaction: Undo Clicking on Actors
[2025.09.25-19.43.26:833][112]Cmd: TRANSACTION UNDO
[2025.09.25-19.43.26:833][112]LogEditorTransaction: Undo Rotate Actors
[2025.09.25-19.43.27:042][135]Cmd: TRANSACTION UNDO
[2025.09.25-19.43.27:042][135]LogEditorTransaction: Undo Move Actors
[2025.09.25-19.43.27:475][186]Cmd: TRANSACTION UNDO
[2025.09.25-19.43.27:475][186]LogEditorTransaction: Undo Clicking on Actors
[2025.09.25-19.43.27:820][224]Cmd: TRANSACTION UNDO
[2025.09.25-19.43.27:820][224]LogEditorTransaction: Undo Clicking on Actors
[2025.09.25-19.43.28:144][263]Cmd: TRANSACTION UNDO
[2025.09.25-19.43.28:144][263]LogEditorTransaction: Undo Delete Actors
[2025.09.25-19.43.30:875][578]LogSlate: FSceneViewport::OnFocusLost() reason 5
[2025.09.25-19.43.30:882][578]Cmd: OBJ SAVEPACKAGE PACKAGE="/Game/Levels/CheeseFactory_001" FILE="E:/GameDev/hggjam/GameJamHGGUnreal4.23.1/GameJamCrew/Content/Levels/CheeseFactory_001.umap" SILENT=true AUTOSAVING=false KEEPDIRTY=false
[2025.09.25-19.43.30:900][578]LogUObjectHash: Compacting FUObjectHashTables data took   0.43ms
[2025.09.25-19.43.31:072][578]LogSavePackage: Moving 'E:/GameDev/hggjam/GameJamHGGUnreal4.23.1/GameJamCrew/Saved/CheeseFactory_001B1AF53D444C20D83CE0FDC9A6BB5FC77.tmp' to 'E:/GameDev/hggjam/GameJamHGGUnreal4.23.1/GameJamCrew/Content/Levels/CheeseFactory_001.umap'
[2025.09.25-19.43.31:086][578]Cmd: OBJ SAVEPACKAGE PACKAGE="/Game/Levels/CheeseFactory_001_BuiltData" FILE="E:/GameDev/hggjam/GameJamHGGUnreal4.23.1/GameJamCrew/Content/Levels/CheeseFactory_001_BuiltData.uasset" SILENT=true
[2025.09.25-19.43.31:566][578]LogSavePackage: Moving 'E:/GameDev/hggjam/GameJamHGGUnreal4.23.1/GameJamCrew/Saved/CheeseFactory_001_BuiltDataAD91982E4D25B0A2B1A1C6B40B70B786.tmp' to 'E:/GameDev/hggjam/GameJamHGGUnreal4.23.1/GameJamCrew/Content/Levels/CheeseFactory_001_BuiltData.uasset'
[2025.09.25-19.43.34:240][891]LogEditorViewport: Clicking on Actor (LMB): StaticMeshActor (cylinder2)
[2025.09.25-19.43.45:706][247]LogSlate: FSceneViewport::OnFocusLost() reason 2
[2025.09.25-19.43.46:898][390]MapCheck: New page: Map Check
[2025.09.25-19.43.46:908][390]LogSlate: FSceneViewport::OnFocusLost() reason 5
[2025.09.25-19.43.46:911][390]LightingResults: New page: Lighting Build - Sep 26, 2025, 1:43:46 AM
[2025.09.25-19.43.46:948][390]LogSwarmInterface: [OpenConnection] Registering TCP channel ...
[2025.09.25-19.43.46:971][390]LogSwarmInterface: [OpenConnection] Connecting to agent ...
[2025.09.25-19.43.46:980][390]LogSwarmInterface: [TryOpenConnection] Testing the Agent
[2025.09.25-19.43.47:497][390]LogSwarmInterface: [TryOpenConnection] Opening Connection to Agent
[2025.09.25-19.43.47:497][390]LogSwarmInterface: [TryOpenConnection] Local Process ID is 27996
[2025.09.25-19.43.54:723][390]LogStaticLightingSystem: Running Lightmass w/ ImmediateImport mode ENABLED
[2025.09.25-19.43.54:723][390]LogStaticLightingSystem: Running Lightmass w/ ImmediateProcess mode ENABLED
[2025.09.25-19.43.54:723][390]LogStaticLightingSystem: Running Lightmass w/ Sorting mode ENABLED
[2025.09.25-19.43.54:723][390]LogStaticLightingSystem: Running Lightmass w/ Mapping paddings ENABLED
[2025.09.25-19.43.54:723][390]LogStaticLightingSystem: Running Lightmass w/ Mapping debug paddings DISABLED
[2025.09.25-19.43.54:870][390]LogEditorBuildUtils: Build time 0:07
[2025.09.25-19.43.54:922][391]LogMaterial: Display: Missing cached shader map for material FLightmassMaterialRenderer M_cylinder, compiling. 
[2025.09.25-19.43.54:925][391]LogMaterial: Display: Missing cached shader map for material FLightmassMaterialRenderer M_cylinder, compiling. 
[2025.09.25-19.43.54:929][391]LogMaterial: Display: Missing cached shader map for material FLightmassMaterialRenderer M_copperbowl, compiling. 
[2025.09.25-19.43.54:931][391]LogShaderCompilers: Display: Worker (1/13): shaders left to compile 6
[2025.09.25-19.43.54:931][391]LogShaderCompilers: Display: Worker (2/13): shaders left to compile 5
[2025.09.25-19.43.54:931][391]LogShaderCompilers: Display: Worker (3/13): shaders left to compile 4
[2025.09.25-19.43.54:931][391]LogShaderCompilers: Display: Worker (4/13): shaders left to compile 3
[2025.09.25-19.43.54:931][391]LogShaderCompilers: Display: Worker (5/13): shaders left to compile 2
[2025.09.25-19.43.54:931][391]LogShaderCompilers: Display: Worker (6/13): shaders left to compile 1
[2025.09.25-19.43.54:931][391]LogMaterial: Display: Missing cached shader map for material FLightmassMaterialRenderer M_copperbowl, compiling. 
[2025.09.25-19.43.55:164][392]LogShaderCompilers: Display: Worker (7/13): shaders left to compile 2
[2025.09.25-19.43.55:164][392]LogShaderCompilers: Display: Worker (8/13): shaders left to compile 1
[2025.09.25-19.43.55:584][396]LogUObjectHash: Compacting FUObjectHashTables data took   0.96ms
[2025.09.25-19.44.24:505][482]LightingResults: Warning: cylinder Object has overlapping UVs.
[2025.09.25-19.44.24:505][482]LightingResults: cylinder Lightmap UV are overlapping by 8.7%. Please adjust content - Enable Error Coloring to visualize.
[2025.09.25-19.44.58:732][584]Job is a success!
[2025.09.25-19.44.59:128][585]LogVolumetricLightmapImport: Imported Volumetric Lightmap in 0.004s
[2025.09.25-19.44.59:128][585]LogVolumetricLightmapImport:      Indirection Texture 16x16x16 = 0.0Mb
[2025.09.25-19.44.59:128][585]LogVolumetricLightmapImport:      BrickData 85x5x5 = 0.1Mb
[2025.09.25-19.44.59:128][585]LogVolumetricLightmapImport:      Bricks at Level
[2025.09.25-19.44.59:128][585]LogVolumetricLightmapImport:          0: 5.9% covering 100.0% of volume
[2025.09.25-19.44.59:128][585]LogVolumetricLightmapImport:          1: 5.9% covering 1.6% of volume
[2025.09.25-19.44.59:128][585]LogVolumetricLightmapImport:          2: 88.2% covering 0.4% of volume
[2025.09.25-19.45.00:957][585]LogTexture: Display: Building textures: HQ_Lightmap0_1 (AutoDXT, 1024X1024)
[2025.09.25-19.45.00:957][585]LogTexture: Display: Building textures: LQ_Lightmap_0_1 (DXT1, 1024X1024)
[2025.09.25-19.45.00:957][585]LogTexture: Display: Building textures: HQ_Lightmap0_2 (AutoDXT, 1024X1024)
[2025.09.25-19.45.00:957][585]LogTexture: Display: Building textures: LQ_Lightmap_0_2 (DXT1, 1024X1024)
[2025.09.25-19.45.00:957][585]LogTexture: Display: Building textures: HQ_Lightmap0_3 (AutoDXT, 1024X1024)
[2025.09.25-19.45.00:957][585]LogTexture: Display: Building textures: LQ_Lightmap_0_3 (DXT1, 1024X1024)
[2025.09.25-19.45.00:957][585]LogTexture: Display: Building textures: HQ_Lightmap0_4 (AutoDXT, 1024X1024)
[2025.09.25-19.45.00:957][585]LogTexture: Display: Building textures: LQ_Lightmap_0_4 (DXT1, 1024X1024)
[2025.09.25-19.45.00:957][585]LogTexture: Display: Building textures: LQ_Lightmap_0_5 (DXT1, 1024X1024)
[2025.09.25-19.45.00:957][585]LogTexture: Display: Building textures: HQ_Lightmap0_5 (AutoDXT, 1024X1024)
[2025.09.25-19.45.00:957][585]LogTexture: Display: Building textures: HQ_Lightmap0_6 (AutoDXT, 1024X1024)
[2025.09.25-19.45.00:957][585]LogTexture: Display: Building textures: LQ_Lightmap_0_6 (DXT1, 1024X1024)
[2025.09.25-19.45.00:957][585]LogTexture: Display: Building textures: HQ_Lightmap0_7 (AutoDXT, 1024X1024)
[2025.09.25-19.45.00:957][585]LogTexture: Display: Building textures: LQ_Lightmap_0_7 (DXT1, 1024X1024)
[2025.09.25-19.45.00:957][585]LogTexture: Display: Building textures: HQ_Lightmap0_8 (AutoDXT, 1024X1024)
[2025.09.25-19.45.00:957][585]LogTexture: Display: Building textures: LQ_Lightmap_0_8 (DXT1, 1024X1024)
[2025.09.25-19.45.00:957][585]LogTexture: Display: Building textures: HQ_Lightmap0_9 (AutoDXT, 1024X1024)
[2025.09.25-19.45.00:957][585]LogTexture: Display: Building textures: LQ_Lightmap_0_9 (DXT1, 1024X1024)
[2025.09.25-19.45.00:957][585]LogTexture: Display: Building textures: HQ_Lightmap0_10 (AutoDXT, 1024X1024)
[2025.09.25-19.45.00:957][585]LogTexture: Display: Building textures: LQ_Lightmap_0_10 (DXT1, 1024X1024)
[2025.09.25-19.45.00:957][585]LogTexture: Display: Building textures: HQ_Lightmap0_11 (AutoDXT, 1024X1024)
[2025.09.25-19.45.00:957][585]LogTexture: Display: Building textures: LQ_Lightmap_0_11 (DXT1, 1024X1024)
[2025.09.25-19.45.00:957][585]LogTexture: Display: Building textures: HQ_Lightmap0_12 (AutoDXT, 1024X1024)
[2025.09.25-19.45.00:957][585]LogTexture: Display: Building textures: LQ_Lightmap_0_12 (DXT1, 1024X1024)
[2025.09.25-19.45.00:957][585]LogTexture: Display: Building textures: HQ_Lightmap0_13 (AutoDXT, 1024X1024)
[2025.09.25-19.45.00:957][585]LogTexture: Display: Building textures: LQ_Lightmap_0_13 (DXT1, 1024X1024)
[2025.09.25-19.45.00:957][585]LogTexture: Display: Building textures: HQ_Lightmap0_14 (AutoDXT, 1024X1024)
[2025.09.25-19.45.00:957][585]LogTexture: Display: Building textures: LQ_Lightmap_0_14 (DXT1, 1024X1024)
[2025.09.25-19.45.00:957][585]LogTexture: Display: Building textures: HQ_Lightmap0_15 (AutoDXT, 1024X1024)
[2025.09.25-19.45.00:957][585]LogTexture: Display: Building textures: LQ_Lightmap_0_15 (DXT1, 1024X1024)
[2025.09.25-19.45.00:957][585]LogTexture: Display: Building textures: HQ_Lightmap0_16 (AutoDXT, 1024X1024)
[2025.09.25-19.45.00:957][585]LogTexture: Display: Building textures: LQ_Lightmap_0_16 (DXT1, 1024X1024)
[2025.09.25-19.45.00:957][585]LogTexture: Display: Building textures: HQ_Lightmap0_17 (AutoDXT, 64X64)
[2025.09.25-19.45.00:957][585]LogTexture: Display: Building textures: LQ_Lightmap_0_17 (DXT1, 64X64)
[2025.09.25-19.45.01:091][585]LogTexture: Display: Building textures: ShadowMapTexture2D_11 (G8, 32X32)
[2025.09.25-19.45.01:091][585]LogTexture: Display: Building textures: ShadowMapTexture2D_8 (G8, 1024X1024)
[2025.09.25-19.45.01:091][585]LogTexture: Display: Building textures: ShadowMapTexture2D_6 (G8, 1024X1024)
[2025.09.25-19.45.01:091][585]LogTexture: Display: Building textures: ShadowMapTexture2D_7 (G8, 1024X1024)
[2025.09.25-19.45.01:091][585]LogTexture: Display: Building textures: ShadowMapTexture2D_10 (G8, 1024X1024)
[2025.09.25-19.45.01:091][585]LogTexture: Display: Building textures: ShadowMapTexture2D_9 (G8, 1024X1024)
[2025.09.25-19.45.01:122][585]Lightmass on CECOMAIN: 1:05 min total, 322 ms importing, 38 ms setup, 3.33 sec photons, 1:01 min processing, 0 ms extra exporting [825/825 mappings]. Threads: 15:22 min total, 10:55 min processing.
[2025.09.25-19.45.01:129][585]LogStaticLightingSystem: CheeseFactory_001_BuiltData storing lightmap data for 825 meshes in 38 LightmapResourceClusters (21.7 Meshes per cluster).
[2025.09.25-19.45.01:132][585]LogMaterial: Display: Material /Game/LevelAssets/Materials/Models/Props/copperbowl/M_copperbowl.M_copperbowl needed to have new flag set bUsedWithStaticLighting !
[2025.09.25-19.45.01:140][585]LogMaterial: Display: Missing cached shader map for material M_copperbowl, compiling. 
[2025.09.25-19.45.01:173][585]LogShaderCompilers: Display: Worker (1/13): shaders left to compile 31
[2025.09.25-19.45.01:174][585]LogShaderCompilers: Display: Worker (2/13): shaders left to compile 28
[2025.09.25-19.45.01:174][585]LogShaderCompilers: Display: Worker (3/13): shaders left to compile 25
[2025.09.25-19.45.01:174][585]LogShaderCompilers: Display: Worker (4/13): shaders left to compile 22
[2025.09.25-19.45.01:174][585]LogShaderCompilers: Display: Worker (5/13): shaders left to compile 19
[2025.09.25-19.45.01:174][585]LogShaderCompilers: Display: Worker (6/13): shaders left to compile 16
[2025.09.25-19.45.01:174][585]LogShaderCompilers: Display: Worker (7/13): shaders left to compile 13
[2025.09.25-19.45.01:174][585]LogShaderCompilers: Display: Worker (8/13): shaders left to compile 10
[2025.09.25-19.45.01:174][585]LogShaderCompilers: Display: Worker (9/13): shaders left to compile 7
[2025.09.25-19.45.01:174][585]LogShaderCompilers: Display: Worker (10/13): shaders left to compile 4
[2025.09.25-19.45.01:174][585]LogShaderCompilers: Display: Worker (11/13): shaders left to compile 1
[2025.09.25-19.45.01:175][585]LogUObjectHash: Compacting FUObjectHashTables data took   1.06ms
[2025.09.25-19.45.01:180][585]LogStaticLightingSystem: Illumination: 1:13 min (1.44 sec encoding lightmaps, 130 ms encoding shadowmaps)
[2025.09.25-19.45.01:180][585]LogStaticLightingSystem: Lightmap texture memory:  32.0 MB (32.0 MB streaming, 0.0 MB non-streaming), 34 textures
[2025.09.25-19.45.01:180][585]LogStaticLightingSystem: Shadowmap texture memory: 6.7 MB (6.7 MB streaming, 0.0 MB non-streaming), 6 textures
[2025.09.25-19.45.01:776][585]DumpUnbuiltLightIteractions
[2025.09.25-19.45.01:776][585]Lights with unbuilt interactions: 0
[2025.09.25-19.45.01:776][585]
[2025.09.25-19.45.01:776][585]Primitives with unbuilt interactions: 0
[2025.09.25-19.45.01:986][586]Cmd: MAP CHECK NOTIFYRESULTS
[2025.09.25-19.45.01:986][586]MapCheck: New page: CheeseFactory_001 - Sep 26, 2025, 1:45:01 AM
[2025.09.25-19.45.01:990][586]MapCheck: Warning: Rail_2m_Side_76 Static mesh actor has NULL StaticMesh property 
[2025.09.25-19.45.01:990][586]MapCheck: Warning: Rail_2m_Side2 Static mesh actor has NULL StaticMesh property 
[2025.09.25-19.45.01:990][586]MapCheck: Warning: Rail_2m_Side3 Static mesh actor has NULL StaticMesh property 
[2025.09.25-19.45.01:990][586]MapCheck: Warning: Rail_2m_Side4 Static mesh actor has NULL StaticMesh property 
[2025.09.25-19.45.01:990][586]MapCheck: Warning: Rail_2m_Side5 Static mesh actor has NULL StaticMesh property 
[2025.09.25-19.45.01:990][586]MapCheck: Warning: Rail_2m_Side6 Static mesh actor has NULL StaticMesh property 
[2025.09.25-19.45.01:990][586]MapCheck: Warning: Rail_2m_Side7 Static mesh actor has NULL StaticMesh property 
[2025.09.25-19.45.01:990][586]MapCheck: Warning: Rail_2m_Side8_98 Static mesh actor has NULL StaticMesh property 
[2025.09.25-19.45.01:990][586]MapCheck: Warning: Rail_2m_Side9 Static mesh actor has NULL StaticMesh property 
[2025.09.25-19.45.01:990][586]MapCheck: Warning: Rail_2m_Side10 Static mesh actor has NULL StaticMesh property 
[2025.09.25-19.45.01:990][586]MapCheck: Warning: Rail_2m_Side11 Static mesh actor has NULL StaticMesh property 
[2025.09.25-19.45.01:990][586]MapCheck: Warning: Rail_2m_Side12 Static mesh actor has NULL StaticMesh property 
[2025.09.25-19.45.01:990][586]MapCheck: Warning: Rail_2m_Side13 Static mesh actor has NULL StaticMesh property 
[2025.09.25-19.45.01:990][586]MapCheck: Warning: Rail_2m_Side14 Static mesh actor has NULL StaticMesh property 
[2025.09.25-19.45.01:990][586]MapCheck: Warning: Rail_2m_Side15 Static mesh actor has NULL StaticMesh property 
[2025.09.25-19.45.01:990][586]MapCheck: Warning: Rail_2m_Side17 Static mesh actor has NULL StaticMesh property 
[2025.09.25-19.45.01:990][586]MapCheck: Warning: Rail_2m_Side18 Static mesh actor has NULL StaticMesh property 
[2025.09.25-19.45.01:990][586]MapCheck: Warning: Rail_2m_Side16 Static mesh actor has NULL StaticMesh property 
[2025.09.25-19.45.01:990][586]MapCheck: Warning: Rail_2m_Side19 Static mesh actor has NULL StaticMesh property 
[2025.09.25-19.45.01:990][586]MapCheck: Warning: Rail_2m_Side20 Static mesh actor has NULL StaticMesh property 
[2025.09.25-19.45.01:990][586]MapCheck: Warning: Rail_2m_Side21 Static mesh actor has NULL StaticMesh property 
[2025.09.25-19.45.01:990][586]MapCheck: Warning: Rail_2m_Side22 Static mesh actor has NULL StaticMesh property 
[2025.09.25-19.45.01:990][586]MapCheck: Warning: Rail_2m_Side24_203 Static mesh actor has NULL StaticMesh property 
[2025.09.25-19.45.01:990][586]MapCheck: Warning: Rail_2m_Side25 Static mesh actor has NULL StaticMesh property 
[2025.09.25-19.45.01:991][586]MapCheck: Map check complete: 0 Error(s), 24 Warning(s), took 4.724ms to complete.
[2025.09.25-19.45.06:689][600]LogSlate: Window 'Message Log' being destroyed
[2025.09.25-19.45.06:699][600]LogSlate: Window 'Message Log' being destroyed
[2025.09.25-19.45.08:844][853]LogEditorViewport: Clicking on Actor (LMB): StaticMeshActor (floor01_2x75)
[2025.09.25-19.45.30:647][463]LogEditorViewport: Clicking on Actor (LMB): StaticMeshActor (wall01_2x11)
[2025.09.25-19.45.45:775][274]LogEditorViewport: Clicking on Actor (LMB): StaticMeshActor (Channel115)
[2025.09.25-19.46.04:256][481]LogEditorViewport: Clicking on Actor (LMB): StaticMeshActor (Channel30)
[2025.09.25-19.46.51:774][615]LogSlate: FSceneViewport::OnFocusLost() reason 0
[2025.09.25-19.47.16:255][226]LogEditorFactories: Performing atomic reimport of [E:/GameDev/hggjam/KlixXsrc/models/modular/beams/C_beam_full.fbx]
[2025.09.25-19.47.16:277][226]LogFbx: Loading FBX Scene from E:/GameDev/hggjam/KlixXsrc/models/modular/beams/C_beam_full.fbx
[2025.09.25-19.47.16:279][226]LogFbx: FBX Scene Loaded Succesfully
[2025.09.25-19.47.16:280][226]LogFbx: Display: Triangulating static mesh C_beam_full
[2025.09.25-19.47.16:295][226]LogStaticMesh: Building static mesh Channel...
[2025.09.25-19.47.16:297][226]LogStaticMesh: Built static mesh [0.00s] /Game/LevelAssets/Models/Props/Beams/Channel.Channel
[2025.09.25-19.47.17:762][226]LogSlate: Window 'Reimport Material Conflicts Resolution' being destroyed
[2025.09.25-19.47.17:769][226]LogEditorFactories: -- imported successfully
[2025.09.25-19.47.17:770][226]FBXImport: Warning: No smoothing group information was found in this FBX scene.  Please make sure to enable the 'Export Smoothing Groups' option in the FBX Exporter plug-in before exporting the file.  Even for tools that don't support smoothing groups, the FBX Exporter will generate appropriate smoothing data at export-time so that correct vertex normals can be inferred while importing. 
[2025.09.25-19.47.21:489][661]LogSlate: FSceneViewport::OnFocusLost() reason 0
[2025.09.25-19.47.21:634][677]LogAssetEditorManager: Opening Asset editor for StaticMesh /Game/LevelAssets/Models/Props/Beams/Channel.Channel
[2025.09.25-19.47.29:842][633]Cmd: OBJ SAVEPACKAGE PACKAGE="/Game/LevelAssets/Models/Props/Beams/Channel" FILE="E:/GameDev/hggjam/GameJamHGGUnreal4.23.1/GameJamCrew/Content/LevelAssets/Models/Props/Beams/Channel.uasset" SILENT=true
[2025.09.25-19.47.29:849][633]LogSavePackage: Moving 'E:/GameDev/hggjam/GameJamHGGUnreal4.23.1/GameJamCrew/Saved/Channel83C94DAD460D2C9B9FD929B4D86C10DA.tmp' to 'E:/GameDev/hggjam/GameJamHGGUnreal4.23.1/GameJamCrew/Content/LevelAssets/Models/Props/Beams/Channel.uasset'
[2025.09.25-19.47.30:655][724]LogSlate: Window 'Channel' being destroyed
[2025.09.25-19.47.30:660][724]LogSlate: Window 'Channel' being destroyed
[2025.09.25-19.47.30:665][724]LogWorld: UWorld::CleanupWorld for World_18, bSessionEnded=true, bCleanupResources=true
[2025.09.25-19.47.31:629][835]LogEditorViewport: Clicking on Actor (LMB): StaticMeshActor (Channel31)
[2025.09.25-19.47.38:635][668]LogEditorViewport: Clicking on Actor (LMB): StaticMeshActor (pillar01_half40)
[2025.09.25-19.47.39:045][713]LogEditorViewport: Clicking on Actor (LMB): StaticMeshActor (Channel30)
[2025.09.25-19.47.54:107][754]LogFactory: FactoryCreateFile: StaticMesh with FbxFactory (0 0 E:\GameDev\hggjam\KlixXsrc\models\modular\beams\C_beam_half.fbx)
[2025.09.25-19.47.54:111][754]LogFbx: Loading FBX Scene from E:\GameDev\hggjam\KlixXsrc\models\modular\beams\C_beam_half.fbx
[2025.09.25-19.47.54:113][754]LogFbx: FBX Scene Loaded Succesfully
[2025.09.25-19.47.54:120][754]LogSlate: FSceneViewport::OnFocusLost() reason 5
[2025.09.25-19.47.55:371][754]LogSlate: Window 'FBX Import Options' being destroyed
[2025.09.25-19.47.55:390][754]LogFbx: Display: Triangulating static mesh C_beam_half
[2025.09.25-19.47.55:394][754]LogStaticMesh: Building static mesh C_beam_half...
[2025.09.25-19.47.55:397][754]LogStaticMesh: Built static mesh [0.00s] /Game/LevelAssets/Models/Props/Beams/C_beam_half.C_beam_half
[2025.09.25-19.47.55:402][754]FBXImport: Warning: No smoothing group information was found in this FBX scene.  Please make sure to enable the 'Export Smoothing Groups' option in the FBX Exporter plug-in before exporting the file.  Even for tools that don't support smoothing groups, the FBX Exporter will generate appropriate smoothing data at export-time so that correct vertex normals can be inferred while importing. 
[2025.09.25-19.47.57:105][953]LogSlate: Window 'Message Log' being destroyed
[2025.09.25-19.47.57:110][953]LogSlate: Window 'Message Log' being destroyed
[2025.09.25-19.48.00:340][334]LogAssetEditorManager: Opening Asset editor for StaticMesh /Game/LevelAssets/Models/Props/Beams/Channel.Channel
[2025.09.25-19.48.04:745][839]LogSlate: Window 'Channel' being destroyed
[2025.09.25-19.48.04:750][839]LogSlate: Window 'Channel' being destroyed
[2025.09.25-19.48.04:754][839]LogWorld: UWorld::CleanupWorld for World_19, bSessionEnded=true, bCleanupResources=true
[2025.09.25-19.48.06:459][ 36]LogAssetEditorManager: Opening Asset editor for StaticMesh /Game/LevelAssets/Models/Props/Beams/C_beam_half.C_beam_half
[2025.09.25-19.48.10:749][523]LogSavePackage: Moving 'E:/GameDev/hggjam/GameJamHGGUnreal4.23.1/GameJamCrew/Saved/C_beam_half28AD81204E2AAE884B3ED882179F33C4.tmp' to 'E:/GameDev/hggjam/GameJamHGGUnreal4.23.1/GameJamCrew/Content/LevelAssets/Models/Props/Beams/C_beam_half.uasset'
[2025.09.25-19.48.11:608][618]LogSlate: Window 'C_beam_half' being destroyed
[2025.09.25-19.48.11:613][618]LogSlate: Window 'C_beam_half' being destroyed
[2025.09.25-19.48.11:618][618]LogWorld: UWorld::CleanupWorld for World_20, bSessionEnded=true, bCleanupResources=true
[2025.09.25-19.48.12:915][767]LogEditorViewport: Clicking on Actor (LMB): StaticMeshActor (Channel34)
[2025.09.25-19.48.26:416][371]LogEditorViewport: Clicking on Actor (LMB): StaticMeshActor (Channel84)
[2025.09.25-19.48.27:284][471]LogEditorViewport: Clicking on Actor (LMB): StaticMeshActor (Channel85)
[2025.09.25-19.48.30:701][878]LogEditorViewport: Clicking on Actor (LMB): StaticMeshActor (Channel84)
[2025.09.25-19.48.31:806][  8]LogEditorViewport: Clicking on Actor (LMB): StaticMeshActor (Channel85)
[2025.09.25-19.48.32:127][ 44]Cmd: DELETE
[2025.09.25-19.48.32:127][ 44]Cmd: ACTOR DELETE
[2025.09.25-19.48.32:133][ 44]LogEditorActor: Deleted Actor: StaticMeshActor
[2025.09.25-19.48.32:154][ 44]LogUObjectHash: Compacting FUObjectHashTables data took   0.82ms
[2025.09.25-19.48.32:154][ 44]LogEditorActor: Deleted 1 Actors (0.028 secs)
[2025.09.25-19.48.32:423][ 76]LogEditorViewport: Clicking on Actor (LMB): StaticMeshActor (Channel84)
[2025.09.25-19.48.47:894][919]LogSlate: FSceneViewport::OnFocusLost() reason 0
[2025.09.25-19.48.48:089][940]LogActorFactory: Actor Factory created C_beam_half
[2025.09.25-19.48.49:515][109]LogSlate: FSceneViewport::OnFocusLost() reason 0
[2025.09.25-19.48.49:600][119]LogEditorViewport: Clicking on Actor (LMB): StaticMeshActor (Channel84)
[2025.09.25-19.48.50:673][245]LogEditorViewport: Clicking on Actor (LMB): StaticMeshActor (Channel85)
[2025.09.25-19.48.57:744][ 86]LogEditorViewport: Clicking on Actor (LMB): StaticMeshActor (Channel85)
[2025.09.25-19.48.58:716][199]LogEditorViewport: Clicking on Actor (LMB): StaticMeshActor (Channel84)
[2025.09.25-19.48.59:862][333]LogEditorViewport: Clicking on Actor (LMB): StaticMeshActor (Channel85)
[2025.09.25-19.49.01:025][470]LogEditorViewport: Clicking on Actor (LMB): StaticMeshActor (Channel84)
[2025.09.25-19.49.01:913][574]LogEditorViewport: Clicking on Actor (LMB): StaticMeshActor (wall01_2x127)
[2025.09.25-19.49.02:753][672]LogEditorViewport: Clicking on Actor (LMB): StaticMeshActor (Channel85)
[2025.09.25-19.49.02:926][690]Cmd: DELETE
[2025.09.25-19.49.02:926][690]Cmd: ACTOR DELETE
[2025.09.25-19.49.02:932][690]LogEditorActor: Deleted Actor: StaticMeshActor
[2025.09.25-19.49.02:952][690]LogUObjectHash: Compacting FUObjectHashTables data took   0.72ms
[2025.09.25-19.49.02:952][690]LogEditorActor: Deleted 1 Actors (0.026 secs)
[2025.09.25-19.49.03:398][743]LogEditorViewport: Clicking on Actor (LMB): StaticMeshActor (Channel84)
[2025.09.25-19.49.06:495][109]LogEditorViewport: Clicking on Actor (LMB): StaticMeshActor (Channel84)
[2025.09.25-19.49.15:089][130]LogEditorViewport: Clicking on Actor (LMB): StaticMeshActor (wall01_2x66)
[2025.09.25-19.49.18:103][487]LogEditorViewport: Clicking on Actor (LMB): StaticMeshActor (Channel84)
[2025.09.25-19.49.18:988][590]LogEditorViewport: Clicking on Actor (LMB): StaticMeshActor (pillar01_half45)
[2025.09.25-19.49.47:329][937]LogEditorViewport: Clicking on Actor (LMB): StaticMeshActor (pillar01_half56)
[2025.09.25-19.49.47:785][989]LogEditorViewport: Clicking on Actor (LMB): StaticMeshActor (pillar01_half57)
[2025.09.25-19.49.48:725][ 98]LogSlate: FSceneViewport::OnFocusLost() reason 2
[2025.09.25-19.49.57:693][162]LogEditorViewport: Clicking on Actor (LMB): StaticMeshActor (floor01_2x181)
[2025.09.25-19.49.59:680][395]LogSlate: FSceneViewport::OnFocusLost() reason 0
[2025.09.25-19.50.01:847][655]LogEditorViewport: Clicking on Actor (LMB): StaticMeshActor (pillar01_half56)
[2025.09.25-19.50.03:153][808]LogSlate: FSceneViewport::OnFocusLost() reason 2
[2025.09.25-19.50.09:823][600]LogEditorViewport: Clicking on Actor (LMB): StaticMeshActor (pillar01_half57)
[2025.09.25-19.50.11:893][843]LogSlate: FSceneViewport::OnFocusLost() reason 2
[2025.09.25-19.50.19:432][743]LogEditorViewport: Clicking on Actor (LMB): StaticMeshActor (Channel84)
[2025.09.25-19.50.44:844][739]LogEditorViewport: Clicking on Actor (LMB): StaticMeshActor (Channel87)
[2025.09.25-19.50.45:972][865]LogEditorViewport: Clicking on Actor (LMB): StaticMeshActor (pillar01_half58)
[2025.09.25-19.50.46:124][879]Cmd: ACTOR HIDE SELECTED
[2025.09.25-19.50.46:550][930]LogEditorViewport: Clicking on Actor (LMB): StaticMeshActor (pillar01_half59)
[2025.09.25-19.50.46:668][941]Cmd: ACTOR HIDE SELECTED
[2025.09.25-19.50.47:034][985]LogEditorViewport: Clicking on Actor (LMB): StaticMeshActor (Channel87)
[2025.09.25-19.50.48:970][211]Cmd: DELETE
[2025.09.25-19.50.48:971][211]Cmd: ACTOR DELETE
[2025.09.25-19.50.48:977][211]LogEditorActor: Deleted Actor: StaticMeshActor
[2025.09.25-19.50.48:977][211]LogEditorActor: Deleted Actor: StaticMeshActor
[2025.09.25-19.50.48:997][211]LogUObjectHash: Compacting FUObjectHashTables data took   0.74ms
[2025.09.25-19.50.48:998][211]LogEditorActor: Deleted 2 Actors (0.027 secs)
[2025.09.25-19.50.52:582][641]Cmd: TRANSACTION UNDO
[2025.09.25-19.50.52:582][641]LogEditorTransaction: Undo Delete Actors
[2025.09.25-19.50.55:416][975]LogSlate: FSceneViewport::OnFocusLost() reason 5
[2025.09.25-19.50.59:007][395]Cmd: TRANSACTION UNDO
[2025.09.25-19.50.59:007][395]LogEditorTransaction: Undo Clicking on Actors
[2025.09.25-19.50.59:279][419]Cmd: TRANSACTION UNDO
[2025.09.25-19.50.59:279][419]LogEditorTransaction: Undo Clicking on Actors
[2025.09.25-19.50.59:521][447]Cmd: TRANSACTION UNDO
[2025.09.25-19.50.59:521][447]LogEditorTransaction: Undo Hide Selected
[2025.09.25-19.50.59:881][487]Cmd: TRANSACTION UNDO
[2025.09.25-19.50.59:881][487]LogEditorTransaction: Undo Clicking on Actors
[2025.09.25-19.51.00:203][525]Cmd: TRANSACTION UNDO
[2025.09.25-19.51.00:203][525]LogEditorTransaction: Undo Hide Selected
[2025.09.25-19.51.05:300][116]LogEditorViewport: Clicking on Actor (LMB): StaticMeshActor (Channel87)
[2025.09.25-19.51.06:833][294]Cmd: DELETE
[2025.09.25-19.51.06:833][294]Cmd: ACTOR DELETE
[2025.09.25-19.51.06:838][294]LogEditorActor: Deleted Actor: StaticMeshActor
[2025.09.25-19.51.06:838][294]LogEditorActor: Deleted Actor: StaticMeshActor
[2025.09.25-19.51.06:857][294]LogUObjectHash: Compacting FUObjectHashTables data took   0.42ms
[2025.09.25-19.51.06:857][294]LogEditorActor: Deleted 2 Actors (0.025 secs)
[2025.09.25-19.51.07:691][394]LogEditorViewport: Clicking on Actor (LMB): StaticMeshActor (pillar01_half58)
[2025.09.25-19.51.11:823][867]LogEditorViewport: Clicking on Actor (LMB): StaticMeshActor (Channel89)
[2025.09.25-19.51.12:605][957]Cmd: DELETE
[2025.09.25-19.51.12:606][957]Cmd: ACTOR DELETE
[2025.09.25-19.51.12:612][957]LogEditorActor: Deleted Actor: StaticMeshActor
[2025.09.25-19.51.12:632][957]LogUObjectHash: Compacting FUObjectHashTables data took   0.54ms
[2025.09.25-19.51.12:632][957]LogEditorActor: Deleted 1 Actors (0.026 secs)
[2025.09.25-19.51.14:901][229]LogEditorViewport: Clicking on Actor (LMB): StaticMeshActor (pillar01_half58)
[2025.09.25-19.51.30:342][ 38]LogEditorViewport: Clicking on Actor (LMB): StaticMeshActor (Channel88)
[2025.09.25-19.51.30:588][ 64]Cmd: DELETE
[2025.09.25-19.51.30:588][ 64]Cmd: ACTOR DELETE
[2025.09.25-19.51.30:595][ 64]LogEditorActor: Deleted Actor: StaticMeshActor
[2025.09.25-19.51.30:615][ 64]LogUObjectHash: Compacting FUObjectHashTables data took   0.75ms
[2025.09.25-19.51.30:615][ 64]LogEditorActor: Deleted 1 Actors (0.027 secs)
[2025.09.25-19.51.31:036][114]LogEditorViewport: Clicking on Actor (LMB): StaticMeshActor (pillar01_half60)
[2025.09.25-19.51.38:928][ 43]LogEditorViewport: Clicking on Actor (LMB): StaticMeshActor (Channel97)
[2025.09.25-19.51.47:323][ 34]LogEditorViewport: Clicking on Actor (LMB): StaticMeshActor (Channel99)
[2025.09.25-19.52.12:651][  6]LogEditorViewport: Clicking on Actor (LMB): StaticMeshActor (Channel90)
[2025.09.25-19.52.16:510][448]Cmd: DELETE
[2025.09.25-19.52.16:510][448]Cmd: ACTOR DELETE
[2025.09.25-19.52.16:516][448]LogEditorActor: Deleted Actor: StaticMeshActor
[2025.09.25-19.52.16:516][448]LogEditorActor: Deleted Actor: StaticMeshActor
[2025.09.25-19.52.16:516][448]LogEditorActor: Deleted Actor: StaticMeshActor
[2025.09.25-19.52.16:535][448]LogUObjectHash: Compacting FUObjectHashTables data took   0.41ms
[2025.09.25-19.52.16:536][448]LogEditorActor: Deleted 3 Actors (0.025 secs)
[2025.09.25-19.52.18:037][628]LogEditorViewport: Clicking on Actor (LMB): StaticMeshActor (Channel57)
[2025.09.25-19.52.24:806][411]LogEditorViewport: Clicking on Actor (LMB): StaticMeshActor (Channel60)
[2025.09.25-19.52.26:044][551]LogEditorViewport: Clicking on Actor (LMB): StaticMeshActor (Channel59)
[2025.09.25-19.52.28:274][813]LogEditorViewport: Clicking on Actor (LMB): StaticMeshActor (Channel60)
[2025.09.25-19.52.34:211][509]LogEditorViewport: Clicking on Actor (LMB): StaticMeshActor (Channel104)
[2025.09.25-19.52.35:508][657]LogEditorViewport: Clicking on Actor (LMB): StaticMeshActor (Channel103)
[2025.09.25-19.52.41:083][306]LogEditorViewport: Clicking on Actor (LMB): StaticMeshActor (Channel106)
[2025.09.25-19.52.55:571][ 18]LogEditorViewport: Clicking on Actor (LMB): StaticMeshActor (Channel131)
[2025.09.25-19.53.02:161][775]Cmd: TRANSACTION UNDO
[2025.09.25-19.53.02:161][775]LogEditorTransaction: Undo Move Actors
[2025.09.25-19.53.06:433][280]LogEditorViewport: Clicking on Actor (LMB): StaticMeshActor (Channel91)
[2025.09.25-19.53.08:825][562]Cmd: DELETE
[2025.09.25-19.53.08:825][562]Cmd: ACTOR DELETE
[2025.09.25-19.53.08:831][562]LogEditorActor: Deleted Actor: StaticMeshActor
[2025.09.25-19.53.08:851][562]LogUObjectHash: Compacting FUObjectHashTables data took   0.42ms
[2025.09.25-19.53.08:852][562]LogEditorActor: Deleted 1 Actors (0.026 secs)
[2025.09.25-19.53.12:602][ 12]LogEditorViewport: Clicking on Actor (LMB): StaticMeshActor (Channel132)
[2025.09.25-19.53.23:843][328]LogEditorViewport: Clicking on Actor (LMB): StaticMeshActor (Channel95)
[2025.09.25-19.53.25:388][509]Cmd: DELETE
[2025.09.25-19.53.25:388][509]Cmd: ACTOR DELETE
[2025.09.25-19.53.25:394][509]LogEditorActor: Deleted Actor: StaticMeshActor
[2025.09.25-19.53.25:413][509]LogUObjectHash: Compacting FUObjectHashTables data took   0.71ms
[2025.09.25-19.53.25:414][509]LogEditorActor: Deleted 1 Actors (0.026 secs)
[2025.09.25-19.53.28:399][866]LogEditorViewport: Clicking on Actor (LMB): StaticMeshActor (Channel60)
[2025.09.25-19.53.31:757][258]LogEditorViewport: Clicking on Actor (LMB): StaticMeshActor (Channel93)
[2025.09.25-19.53.32:595][355]Cmd: DELETE
[2025.09.25-19.53.32:595][355]Cmd: ACTOR DELETE
[2025.09.25-19.53.32:601][355]LogEditorActor: Deleted Actor: StaticMeshActor
[2025.09.25-19.53.32:620][355]LogUObjectHash: Compacting FUObjectHashTables data took   0.45ms
[2025.09.25-19.53.32:620][355]LogEditorActor: Deleted 1 Actors (0.025 secs)
[2025.09.25-19.53.34:294][555]LogEditorViewport: Clicking on Actor (LMB): StaticMeshActor (Channel53)
[2025.09.25-19.53.37:129][888]LogEditorViewport: Clicking on Actor (LMB): StaticMeshActor (Channel54)
[2025.09.25-19.53.40:487][286]LogEditorViewport: Clicking on Actor (LMB): StaticMeshActor (Channel55)
[2025.09.25-19.53.48:470][217]Cmd: DELETE
[2025.09.25-19.53.48:470][217]Cmd: ACTOR DELETE
[2025.09.25-19.53.48:477][217]LogEditorActor: Deleted Actor: StaticMeshActor
[2025.09.25-19.53.48:478][217]LogEditorActor: Deleted Actor: StaticMeshActor
[2025.09.25-19.53.48:478][217]LogEditorActor: Deleted Actor: StaticMeshActor
[2025.09.25-19.53.48:478][217]LogEditorActor: Deleted Actor: StaticMeshActor
[2025.09.25-19.53.48:478][217]LogEditorActor: Deleted Actor: StaticMeshActor
[2025.09.25-19.53.48:478][217]LogEditorActor: Deleted Actor: StaticMeshActor
[2025.09.25-19.53.48:498][217]LogUObjectHash: Compacting FUObjectHashTables data took   0.41ms
[2025.09.25-19.53.48:498][217]LogEditorActor: Deleted 6 Actors (0.027 secs)
[2025.09.25-19.53.48:673][238]LogEditorViewport: Clicking on Actor (LMB): StaticMeshActor (Channel49)
[2025.09.25-19.54.22:561][228]LogEditorViewport: Clicking on Actor (LMB): StaticMeshActor (Channel43)
[2025.09.25-19.54.29:049][948]Cmd: DELETE
[2025.09.25-19.54.29:049][948]Cmd: ACTOR DELETE
[2025.09.25-19.54.29:055][948]LogEditorActor: Deleted Actor: StaticMeshActor
[2025.09.25-19.54.29:056][948]LogEditorActor: Deleted Actor: StaticMeshActor
[2025.09.25-19.54.29:056][948]LogEditorActor: Deleted Actor: StaticMeshActor
[2025.09.25-19.54.29:056][948]LogEditorActor: Deleted Actor: StaticMeshActor
[2025.09.25-19.54.29:056][948]LogEditorActor: Deleted Actor: StaticMeshActor
[2025.09.25-19.54.29:056][948]LogEditorActor: Deleted Actor: StaticMeshActor
[2025.09.25-19.54.29:076][948]LogUObjectHash: Compacting FUObjectHashTables data took   0.74ms
[2025.09.25-19.54.29:076][948]LogEditorActor: Deleted 6 Actors (0.027 secs)
[2025.09.25-19.54.30:554][125]LogEditorViewport: Clicking on Actor (LMB): StaticMeshActor (Channel53)
[2025.09.25-19.54.34:391][579]LogEditorViewport: Clicking on Actor (LMB): StaticMeshActor (Channel50)
[2025.09.25-19.54.47:207][ 64]LogEditorViewport: Clicking on Actor (LMB): StaticMeshActor (Channel73)
[2025.09.25-19.54.52:600][699]LogEditorViewport: Clicking on Actor (LMB): StaticMeshActor (Channel71)
[2025.09.25-19.55.05:523][128]Cmd: DELETE
[2025.09.25-19.55.05:523][128]Cmd: ACTOR DELETE
[2025.09.25-19.55.05:530][128]LogEditorActor: Deleted Actor: StaticMeshActor
[2025.09.25-19.55.05:530][128]LogEditorActor: Deleted Actor: StaticMeshActor
[2025.09.25-19.55.05:530][128]LogEditorActor: Deleted Actor: StaticMeshActor
[2025.09.25-19.55.05:530][128]LogEditorActor: Deleted Actor: StaticMeshActor
[2025.09.25-19.55.05:530][128]LogEditorActor: Deleted Actor: StaticMeshActor
[2025.09.25-19.55.05:530][128]LogEditorActor: Deleted Actor: StaticMeshActor
[2025.09.25-19.55.05:530][128]LogEditorActor: Deleted Actor: StaticMeshActor
[2025.09.25-19.55.05:530][128]LogEditorActor: Deleted Actor: StaticMeshActor
[2025.09.25-19.55.05:530][128]LogEditorActor: Deleted Actor: StaticMeshActor
[2025.09.25-19.55.05:531][128]LogEditorActor: Deleted Actor: StaticMeshActor
[2025.09.25-19.55.05:531][128]LogEditorActor: Deleted Actor: StaticMeshActor
[2025.09.25-19.55.05:531][128]LogEditorActor: Deleted Actor: StaticMeshActor
[2025.09.25-19.55.05:531][128]LogEditorActor: Deleted Actor: StaticMeshActor
[2025.09.25-19.55.05:531][128]LogEditorActor: Deleted Actor: StaticMeshActor
[2025.09.25-19.55.05:550][128]LogUObjectHash: Compacting FUObjectHashTables data took   0.74ms
[2025.09.25-19.55.05:552][128]LogEditorActor: Deleted 14 Actors (0.028 secs)
[2025.09.25-19.55.11:287][812]LogSlate: FSceneViewport::OnFocusLost() reason 5
[2025.09.25-19.55.11:293][812]Cmd: OBJ SAVEPACKAGE PACKAGE="/Game/Levels/CheeseFactory_001" FILE="E:/GameDev/hggjam/GameJamHGGUnreal4.23.1/GameJamCrew/Content/Levels/CheeseFactory_001.umap" SILENT=true AUTOSAVING=false KEEPDIRTY=false
[2025.09.25-19.55.11:313][812]LogUObjectHash: Compacting FUObjectHashTables data took   0.44ms
[2025.09.25-19.55.11:498][812]LogSavePackage: Moving 'E:/GameDev/hggjam/GameJamHGGUnreal4.23.1/GameJamCrew/Saved/CheeseFactory_001DCA88D214E2F8423FF3CF2A13340BC1A.tmp' to 'E:/GameDev/hggjam/GameJamHGGUnreal4.23.1/GameJamCrew/Content/Levels/CheeseFactory_001.umap'
[2025.09.25-19.55.11:511][812]Cmd: OBJ SAVEPACKAGE PACKAGE="/Game/Levels/CheeseFactory_001_BuiltData" FILE="E:/GameDev/hggjam/GameJamHGGUnreal4.23.1/GameJamCrew/Content/Levels/CheeseFactory_001_BuiltData.uasset" SILENT=true
[2025.09.25-19.55.12:030][812]LogSavePackage: Moving 'E:/GameDev/hggjam/GameJamHGGUnreal4.23.1/GameJamCrew/Saved/CheeseFactory_001_BuiltDataB8F8B0EB42D95FCAF64397A11B4BA836.tmp' to 'E:/GameDev/hggjam/GameJamHGGUnreal4.23.1/GameJamCrew/Content/Levels/CheeseFactory_001_BuiltData.uasset'
[2025.09.25-19.55.20:949][874]LogEditorViewport: Clicking on Actor (LMB): StaticMeshActor (Channel119)
[2025.09.25-19.55.39:465][  3]Cmd: DELETE
[2025.09.25-19.55.39:465][  3]Cmd: ACTOR DELETE
[2025.09.25-19.55.39:472][  3]LogEditorActor: Deleted Actor: StaticMeshActor
[2025.09.25-19.55.39:472][  3]LogEditorActor: Deleted Actor: StaticMeshActor
[2025.09.25-19.55.39:472][  3]LogEditorActor: Deleted Actor: StaticMeshActor
[2025.09.25-19.55.39:472][  3]LogEditorActor: Deleted Actor: StaticMeshActor
[2025.09.25-19.55.39:472][  3]LogEditorActor: Deleted Actor: StaticMeshActor
[2025.09.25-19.55.39:473][  3]LogEditorActor: Deleted Actor: StaticMeshActor
[2025.09.25-19.55.39:473][  3]LogEditorActor: Deleted Actor: StaticMeshActor
[2025.09.25-19.55.39:473][  3]LogEditorActor: Deleted Actor: StaticMeshActor
[2025.09.25-19.55.39:473][  3]LogEditorActor: Deleted Actor: StaticMeshActor
[2025.09.25-19.55.39:473][  3]LogEditorActor: Deleted Actor: StaticMeshActor
[2025.09.25-19.55.39:473][  3]LogEditorActor: Deleted Actor: StaticMeshActor
[2025.09.25-19.55.39:473][  3]LogEditorActor: Deleted Actor: StaticMeshActor
[2025.09.25-19.55.39:473][  3]LogEditorActor: Deleted Actor: StaticMeshActor
[2025.09.25-19.55.39:474][  3]LogEditorActor: Deleted Actor: StaticMeshActor
[2025.09.25-19.55.39:474][  3]LogEditorActor: Deleted Actor: StaticMeshActor
[2025.09.25-19.55.39:474][  3]LogEditorActor: Deleted Actor: StaticMeshActor
[2025.09.25-19.55.39:474][  3]LogEditorActor: Deleted Actor: StaticMeshActor
[2025.09.25-19.55.39:474][  3]LogEditorActor: Deleted Actor: StaticMeshActor
[2025.09.25-19.55.39:474][  3]LogEditorActor: Deleted Actor: StaticMeshActor
[2025.09.25-19.55.39:474][  3]LogEditorActor: Deleted Actor: StaticMeshActor
[2025.09.25-19.55.39:474][  3]LogEditorActor: Deleted Actor: StaticMeshActor
[2025.09.25-19.55.39:494][  3]LogUObjectHash: Compacting FUObjectHashTables data took   0.99ms
[2025.09.25-19.55.39:494][  3]LogEditorActor: Deleted 21 Actors (0.029 secs)
[2025.09.25-19.55.43:055][429]LogEditorViewport: Clicking on Actor (LMB): StaticMeshActor (Channel130)
[2025.09.25-19.55.44:001][539]LogEditorViewport: Clicking on Actor (LMB): StaticMeshActor (pillar01_half58)
[2025.09.25-19.55.47:606][966]LogEditorViewport: Clicking on Actor (LMB): StaticMeshActor (pillar01_half56)
[2025.09.25-19.55.49:671][207]LogEditorViewport: Clicking on Actor (LMB): StaticMeshActor (pillar01_half56)
[2025.09.25-19.55.52:742][570]LogEditorViewport: Clicking on Actor (LMB): StaticMeshActor (pillar01_half56)
[2025.09.25-19.56.04:622][975]LogEditorViewport: Clicking on Actor (LMB): StaticMeshActor (Channel85)
[2025.09.25-19.56.09:548][554]LogEditorViewport: Clicking on Actor (LMB): StaticMeshActor (pillar01_half64)
[2025.09.25-19.56.10:409][653]LogEditorViewport: Clicking on Actor (LMB): StaticMeshActor (Channel86)
[2025.09.25-19.56.53:338][682]LogEditorViewport: Clicking on Actor (LMB): StaticMeshActor (Channel55)
[2025.09.25-19.57.17:980][534]LogEditorViewport: Clicking on Actor (LMB): StaticMeshActor (wall01_2x95)
[2025.09.25-19.57.33:493][383]LogEditorViewport: Clicking on Actor (LMB): StaticMeshActor (door2)
[2025.09.25-19.57.34:501][500]LogSlate: FSceneViewport::OnFocusLost() reason 0
[2025.09.25-19.57.43:615][585]LogEditorViewport: Clicking on Actor (LMB): StaticMeshActor (door7)
[2025.09.25-19.57.44:559][693]LogSlate: FSceneViewport::OnFocusLost() reason 0
[2025.09.25-19.57.47:726][ 69]LogSlate: FSceneViewport::OnFocusLost() reason 5
[2025.09.25-19.57.47:732][ 69]Cmd: OBJ SAVEPACKAGE PACKAGE="/Game/Levels/CheeseFactory_001" FILE="E:/GameDev/hggjam/GameJamHGGUnreal4.23.1/GameJamCrew/Content/Levels/CheeseFactory_001.umap" SILENT=true AUTOSAVING=false KEEPDIRTY=false
[2025.09.25-19.57.47:752][ 69]LogUObjectHash: Compacting FUObjectHashTables data took   0.88ms
[2025.09.25-19.57.47:935][ 69]LogSavePackage: Moving 'E:/GameDev/hggjam/GameJamHGGUnreal4.23.1/GameJamCrew/Saved/CheeseFactory_001513D993841B07A44477C3D910A9586A1.tmp' to 'E:/GameDev/hggjam/GameJamHGGUnreal4.23.1/GameJamCrew/Content/Levels/CheeseFactory_001.umap'
[2025.09.25-19.57.47:948][ 69]Cmd: OBJ SAVEPACKAGE PACKAGE="/Game/Levels/CheeseFactory_001_BuiltData" FILE="E:/GameDev/hggjam/GameJamHGGUnreal4.23.1/GameJamCrew/Content/Levels/CheeseFactory_001_BuiltData.uasset" SILENT=true
[2025.09.25-19.57.48:438][ 69]LogSavePackage: Moving 'E:/GameDev/hggjam/GameJamHGGUnreal4.23.1/GameJamCrew/Saved/CheeseFactory_001_BuiltData2E7513CA4ACEB0920ECD1A87268872F2.tmp' to 'E:/GameDev/hggjam/GameJamHGGUnreal4.23.1/GameJamCrew/Content/Levels/CheeseFactory_001_BuiltData.uasset'
[2025.09.25-19.57.51:525][420]LogEditorViewport: Clicking on Actor (LMB): StaticMeshActor (railing01_full)
[2025.09.25-19.57.53:454][638]Cmd: EDIT COPY
[2025.09.25-19.58.21:131][913]LogEditorViewport: Clicking on Actor (LMB): StaticMeshActor (railing01_full26)
[2025.09.25-19.58.29:634][919]LogEditorViewport: Clicking on Actor (LMB): StaticMeshActor (railing01_pillar11)
[2025.09.25-19.58.32:759][286]LogEditorViewport: Clicking on Actor (LMB): StaticMeshActor (box3)
[2025.09.25-19.58.33:540][377]LogEditorViewport: Clicking on Actor (LMB): StaticMeshActor (railing01_full26)
[2025.09.25-19.58.45:694][809]LogEditorViewport: Clicking on Actor (LMB): StaticMeshActor (railing01_pillar11)
[2025.09.25-19.58.54:088][805]LogSlate: FSceneViewport::OnFocusLost() reason 5
[2025.09.25-19.58.54:094][805]Cmd: OBJ SAVEPACKAGE PACKAGE="/Game/Levels/CheeseFactory_001" FILE="E:/GameDev/hggjam/GameJamHGGUnreal4.23.1/GameJamCrew/Content/Levels/CheeseFactory_001.umap" SILENT=true AUTOSAVING=false KEEPDIRTY=false
[2025.09.25-19.58.54:114][805]LogUObjectHash: Compacting FUObjectHashTables data took   1.00ms
[2025.09.25-19.58.54:298][805]LogSavePackage: Moving 'E:/GameDev/hggjam/GameJamHGGUnreal4.23.1/GameJamCrew/Saved/CheeseFactory_001FDDC10564555FB476C2918A74CFCDA7A.tmp' to 'E:/GameDev/hggjam/GameJamHGGUnreal4.23.1/GameJamCrew/Content/Levels/CheeseFactory_001.umap'
[2025.09.25-19.58.54:310][805]Cmd: OBJ SAVEPACKAGE PACKAGE="/Game/Levels/CheeseFactory_001_BuiltData" FILE="E:/GameDev/hggjam/GameJamHGGUnreal4.23.1/GameJamCrew/Content/Levels/CheeseFactory_001_BuiltData.uasset" SILENT=true
[2025.09.25-19.58.54:796][805]LogSavePackage: Moving 'E:/GameDev/hggjam/GameJamHGGUnreal4.23.1/GameJamCrew/Saved/CheeseFactory_001_BuiltData78FFBEE846DEC082A194D3A86C4A07B7.tmp' to 'E:/GameDev/hggjam/GameJamHGGUnreal4.23.1/GameJamCrew/Content/Levels/CheeseFactory_001_BuiltData.uasset'
[2025.09.25-19.59.02:773][734]LogEditorViewport: Clicking on Actor (LMB): StaticMeshActor (floor01_2x149)
[2025.09.25-19.59.06:943][229]LogEditorViewport: Clicking on Actor (LMB): StaticMeshActor (pillar01_half67)
[2025.09.25-19.59.25:240][378]LogEditorViewport: Clicking on Actor (LMB): StaticMeshActor (pillar01_half73)
[2025.09.25-19.59.30:761][ 32]LogEditorViewport: Clicking on Actor (LMB): StaticMeshActor (pillar01_half72)
[2025.09.25-19.59.32:629][252]LogEditorViewport: Clicking on Actor (LMB): StaticMeshActor (pillar01_half74)
[2025.09.25-19.59.34:884][519]LogSlate: FSceneViewport::OnFocusLost() reason 0
[2025.09.25-19.59.53:579][758]LogActorFactory: Actor Factory created pillar01_half_05x1
[2025.09.25-19.59.53:632][763]LogActorFactory: Actor Factory created pillar01_half_05x1
[2025.09.25-19.59.53:633][763]LogSlate: FSceneViewport::OnFocusLost() reason 2
[2025.09.25-19.59.57:893][271]Cmd: TRANSACTION UNDO
[2025.09.25-19.59.57:893][271]LogEditorTransaction: Undo Move Actors
[2025.09.25-19.59.58:258][304]Cmd: TRANSACTION UNDO
[2025.09.25-19.59.58:258][304]LogEditorTransaction: Undo Edit Static Mesh
[2025.09.25-19.59.59:012][389]LogEditorViewport: Clicking on Actor (LMB): StaticMeshActor (pillar01_half74)
[2025.09.25-20.00.03:637][939]LogEditorViewport: Clicking on Actor (LMB): StaticMeshActor (Channel119)
[2025.09.25-20.00.07:111][346]LogEditorViewport: Clicking on Actor (LMB): StaticMeshActor (pillar01_half74)
[2025.09.25-20.00.12:770][  9]Cmd: TRANSACTION UNDO
[2025.09.25-20.00.12:770][  9]LogEditorTransaction: Undo Move Actors
[2025.09.25-20.00.17:743][588]LogEditorViewport: Clicking on Actor (LMB): StaticMeshActor (pillar01_half72)
[2025.09.25-20.00.22:216][119]LogSlate: FSceneViewport::OnFocusLost() reason 0
[2025.09.25-20.00.22:400][140]LogActorFactory: Actor Factory created pillar01_half_05x1
[2025.09.25-20.00.23:833][309]LogSlate: FSceneViewport::OnFocusLost() reason 0
[2025.09.25-20.00.25:783][540]LogEditorViewport: Clicking on Actor (LMB): StaticMeshActor (pillar01_half72)
[2025.09.25-20.00.26:479][621]LogEditorViewport: Clicking on Actor (LMB): StaticMeshActor (pillar01_half73)
[2025.09.25-20.00.31:461][207]LogEditorViewport: Clicking on Actor (LMB): StaticMeshActor (pillar01_half72)
[2025.09.25-20.00.31:989][266]LogEditorViewport: Clicking on Actor (LMB): StaticMeshActor (pillar01_half75)
[2025.09.25-20.00.32:568][333]LogEditorViewport: Clicking on Actor (LMB): StaticMeshActor (pillar01_half73)
[2025.09.25-20.00.34:605][572]LogEditorViewport: Clicking on Actor (LMB): StaticMeshActor (pillar01_half74)
[2025.09.25-20.01.04:390][ 17]LogEditorViewport: Clicking on Actor (LMB): StaticMeshActor (wall01_2x96)
[2025.09.25-20.01.05:111][ 96]Cmd: TRANSACTION UNDO
[2025.09.25-20.01.05:111][ 96]LogEditorTransaction: Undo Clicking on Actors
[2025.09.25-20.01.07:138][330]LogEditorViewport: Clicking on Actor (LMB): StaticMeshActor (wall01_2x95)
[2025.09.25-20.01.08:666][500]Cmd: TRANSACTION UNDO
[2025.09.25-20.01.08:666][500]LogEditorTransaction: Undo Clicking on Actors
[2025.09.25-20.01.10:599][710]LogEditorViewport: Clicking on Actor (LMB): StaticMeshActor (wall01_2x95)
[2025.09.25-20.01.12:098][873]LogEditorViewport: Clicking on Actor (LMB): StaticMeshActor (wall01_2x96)
[2025.09.25-20.01.13:535][ 24]LogEditorViewport: Clicking on Actor (LMB): StaticMeshActor (Channel125)
[2025.09.25-20.01.22:767][ 57]LogEditorViewport: Clicking on Actor (LMB): StaticMeshActor (wall01_2x96)
[2025.09.25-20.01.24:778][279]Cmd: TRANSACTION UNDO
[2025.09.25-20.01.24:778][279]LogEditorTransaction: Undo Clicking on Actors
[2025.09.25-20.01.26:395][466]LogEditorViewport: Clicking on Actor (LMB): StaticMeshActor (wall01_2x96)
[2025.09.25-20.01.28:080][663]Cmd: TRANSACTION UNDO
[2025.09.25-20.01.28:080][663]LogEditorTransaction: Undo Clicking on Actors
[2025.09.25-20.01.28:809][731]Cmd: TRANSACTION UNDO
[2025.09.25-20.01.28:809][731]LogEditorTransaction: Undo Move Actors
[2025.09.25-20.01.30:687][955]LogEditorViewport: Clicking on Actor (LMB): StaticMeshActor (wall01_2x96)
[2025.09.25-20.01.31:658][ 67]LogSlate: FSceneViewport::OnFocusLost() reason 5
[2025.09.25-20.01.31:665][ 67]Cmd: OBJ SAVEPACKAGE PACKAGE="/Game/Levels/CheeseFactory_001" FILE="E:/GameDev/hggjam/GameJamHGGUnreal4.23.1/GameJamCrew/Content/Levels/CheeseFactory_001.umap" SILENT=true AUTOSAVING=false KEEPDIRTY=false
[2025.09.25-20.01.31:685][ 67]LogUObjectHash: Compacting FUObjectHashTables data took   1.32ms
[2025.09.25-20.01.31:870][ 67]LogSavePackage: Moving 'E:/GameDev/hggjam/GameJamHGGUnreal4.23.1/GameJamCrew/Saved/CheeseFactory_001828FD5AF4AAC2B874E26B69F589ED575.tmp' to 'E:/GameDev/hggjam/GameJamHGGUnreal4.23.1/GameJamCrew/Content/Levels/CheeseFactory_001.umap'
[2025.09.25-20.01.31:883][ 67]Cmd: OBJ SAVEPACKAGE PACKAGE="/Game/Levels/CheeseFactory_001_BuiltData" FILE="E:/GameDev/hggjam/GameJamHGGUnreal4.23.1/GameJamCrew/Content/Levels/CheeseFactory_001_BuiltData.uasset" SILENT=true
[2025.09.25-20.01.32:397][ 67]LogSavePackage: Moving 'E:/GameDev/hggjam/GameJamHGGUnreal4.23.1/GameJamCrew/Saved/CheeseFactory_001_BuiltDataC751D480419124A8F42AD992BB36AA83.tmp' to 'E:/GameDev/hggjam/GameJamHGGUnreal4.23.1/GameJamCrew/Content/Levels/CheeseFactory_001_BuiltData.uasset'
[2025.09.25-20.01.35:902][465]LogEditorViewport: Clicking on Actor (LMB): StaticMeshActor (Channel116)
[2025.09.25-20.01.50:421][133]LogEditorViewport: Clicking on Actor (LMB): StaticMeshActor (Channel142)
[2025.09.25-20.01.51:476][245]LogEditorViewport: Clicking on Actor (LMB): StaticMeshActor (floor01_2x135)
[2025.09.25-20.01.51:848][282]LogEditorViewport: Clicking on Actor (LMB): StaticMeshActor (Channel142)
[2025.09.25-20.01.59:175][141]LogSlate: FSceneViewport::OnFocusLost() reason 2
[2025.09.25-20.02.09:572][380]LogActorFactory: Actor Factory created C_beam_half
[2025.09.25-20.02.09:672][389]LogActorFactory: Actor Factory created C_beam_half
[2025.09.25-20.02.09:673][389]LogSlate: FSceneViewport::OnFocusLost() reason 2
[2025.09.25-20.02.26:287][247]LogSlate: FSceneViewport::OnFocusLost() reason 5
[2025.09.25-20.02.26:294][247]Cmd: OBJ SAVEPACKAGE PACKAGE="/Game/Levels/CheeseFactory_001" FILE="E:/GameDev/hggjam/GameJamHGGUnreal4.23.1/GameJamCrew/Content/Levels/CheeseFactory_001.umap" SILENT=true AUTOSAVING=false KEEPDIRTY=false
[2025.09.25-20.02.26:314][247]LogUObjectHash: Compacting FUObjectHashTables data took   1.04ms
[2025.09.25-20.02.26:497][247]LogSavePackage: Moving 'E:/GameDev/hggjam/GameJamHGGUnreal4.23.1/GameJamCrew/Saved/CheeseFactory_0016CD9AD2146E11513597514AEAFC60315.tmp' to 'E:/GameDev/hggjam/GameJamHGGUnreal4.23.1/GameJamCrew/Content/Levels/CheeseFactory_001.umap'
[2025.09.25-20.02.26:508][247]Cmd: OBJ SAVEPACKAGE PACKAGE="/Game/Levels/CheeseFactory_001_BuiltData" FILE="E:/GameDev/hggjam/GameJamHGGUnreal4.23.1/GameJamCrew/Content/Levels/CheeseFactory_001_BuiltData.uasset" SILENT=true
[2025.09.25-20.02.26:993][247]LogSavePackage: Moving 'E:/GameDev/hggjam/GameJamHGGUnreal4.23.1/GameJamCrew/Saved/CheeseFactory_001_BuiltData6B01305545E38A5A9426189E7E78E6E7.tmp' to 'E:/GameDev/hggjam/GameJamHGGUnreal4.23.1/GameJamCrew/Content/Levels/CheeseFactory_001_BuiltData.uasset'
[2025.09.25-20.02.29:049][487]LogSlate: FSceneViewport::OnFocusLost() reason 0
[2025.09.25-20.02.36:851][419]LogEditorViewport: Clicking on Actor (LMB): StaticMeshActor (floor01_2x168)
[2025.09.25-20.02.49:898][872]LogSlate: FSceneViewport::OnFocusLost() reason 0
[2025.09.25-20.02.52:467][167]LogEditorViewport: Clicking on Actor (LMB): StaticMeshActor (floor01_2x163)
[2025.09.25-20.03.07:551][853]LogSlate: FSceneViewport::OnFocusLost() reason 0
[2025.09.25-20.03.12:922][480]LogEditorViewport: Clicking on Actor (LMB): StaticMeshActor (shelf4)
[2025.09.25-20.03.13:781][571]LogSlate: FSceneViewport::OnFocusLost() reason 5
[2025.09.25-20.03.13:789][571]Cmd: OBJ SAVEPACKAGE PACKAGE="/Game/Levels/CheeseFactory_001" FILE="E:/GameDev/hggjam/GameJamHGGUnreal4.23.1/GameJamCrew/Content/Levels/CheeseFactory_001.umap" SILENT=true AUTOSAVING=false KEEPDIRTY=false
[2025.09.25-20.03.13:810][571]LogUObjectHash: Compacting FUObjectHashTables data took   1.04ms
[2025.09.25-20.03.13:996][571]LogSavePackage: Moving 'E:/GameDev/hggjam/GameJamHGGUnreal4.23.1/GameJamCrew/Saved/CheeseFactory_0017C173791433E26906BF9F19239A4D87A.tmp' to 'E:/GameDev/hggjam/GameJamHGGUnreal4.23.1/GameJamCrew/Content/Levels/CheeseFactory_001.umap'
[2025.09.25-20.03.14:007][571]Cmd: OBJ SAVEPACKAGE PACKAGE="/Game/Levels/CheeseFactory_001_BuiltData" FILE="E:/GameDev/hggjam/GameJamHGGUnreal4.23.1/GameJamCrew/Content/Levels/CheeseFactory_001_BuiltData.uasset" SILENT=true
[2025.09.25-20.03.14:496][571]LogSavePackage: Moving 'E:/GameDev/hggjam/GameJamHGGUnreal4.23.1/GameJamCrew/Saved/CheeseFactory_001_BuiltData33F4AF0348B944E1C90AE783BE3612EE.tmp' to 'E:/GameDev/hggjam/GameJamHGGUnreal4.23.1/GameJamCrew/Content/Levels/CheeseFactory_001_BuiltData.uasset'
[2025.09.25-20.03.20:225][250]LogSlate: FSceneViewport::OnFocusLost() reason 2
[2025.09.25-20.03.20:941][336]MapCheck: New page: Map Check
[2025.09.25-20.03.20:951][336]LogSlate: FSceneViewport::OnFocusLost() reason 5
[2025.09.25-20.03.20:954][336]LightingResults: New page: Lighting Build - Sep 26, 2025, 2:03:20 AM
[2025.09.25-20.03.20:958][336]LogSwarmInterface: [OpenConnection] Registering TCP channel ...
[2025.09.25-20.03.20:963][336]LogSwarmInterface: [OpenConnection] Connecting to agent ...
[2025.09.25-20.03.20:963][336]LogSwarmInterface: [TryOpenConnection] Testing the Agent
[2025.09.25-20.03.20:964][336]LogSwarmInterface: [TryOpenConnection] Opening Connection to Agent
[2025.09.25-20.03.20:964][336]LogSwarmInterface: [TryOpenConnection] Local Process ID is 27996
[2025.09.25-20.03.25:556][336]LogStaticLightingSystem: Running Lightmass w/ ImmediateImport mode ENABLED
[2025.09.25-20.03.25:556][336]LogStaticLightingSystem: Running Lightmass w/ ImmediateProcess mode ENABLED
[2025.09.25-20.03.25:556][336]LogStaticLightingSystem: Running Lightmass w/ Sorting mode ENABLED
[2025.09.25-20.03.25:556][336]LogStaticLightingSystem: Running Lightmass w/ Mapping paddings ENABLED
[2025.09.25-20.03.25:556][336]LogStaticLightingSystem: Running Lightmass w/ Mapping debug paddings DISABLED
[2025.09.25-20.03.25:632][336]LogEditorBuildUtils: Build time 0:04
[2025.09.25-20.03.25:638][336]LogMaterial: Display: Missing cached shader map for material FLightmassMaterialRenderer M_copperbowl, compiling. 
[2025.09.25-20.03.25:642][336]LogMaterial: Display: Missing cached shader map for material FLightmassMaterialRenderer M_copperbowl, compiling. 
[2025.09.25-20.03.25:811][336]LogShaderCompilers: Display: Worker (1/13): shaders left to compile 4
[2025.09.25-20.03.25:811][336]LogShaderCompilers: Display: Worker (2/13): shaders left to compile 3
[2025.09.25-20.03.25:811][336]LogShaderCompilers: Display: Worker (3/13): shaders left to compile 2
[2025.09.25-20.03.25:811][336]LogShaderCompilers: Display: Worker (4/13): shaders left to compile 1
[2025.09.25-20.03.25:857][338]LogUObjectHash: Compacting FUObjectHashTables data took   0.95ms
[2025.09.25-20.03.41:756][822]LightingResults: Warning: cylinder Object has overlapping UVs.
[2025.09.25-20.03.41:756][822]LightingResults: cylinder Lightmap UV are overlapping by 8.7%. Please adjust content - Enable Error Coloring to visualize.
[2025.09.25-20.04.38:707][182]Job is a success!
[2025.09.25-20.04.38:737][184]LogSlate: FSceneViewport::OnFocusLost() reason 5
[2025.09.25-20.04.38:781][184]LogVolumetricLightmapImport: Imported Volumetric Lightmap in 0.003s
[2025.09.25-20.04.38:781][184]LogVolumetricLightmapImport:      Indirection Texture 16x16x16 = 0.0Mb
[2025.09.25-20.04.38:781][184]LogVolumetricLightmapImport:      BrickData 85x5x5 = 0.1Mb
[2025.09.25-20.04.38:781][184]LogVolumetricLightmapImport:      Bricks at Level
[2025.09.25-20.04.38:781][184]LogVolumetricLightmapImport:          0: 5.9% covering 100.0% of volume
[2025.09.25-20.04.38:781][184]LogVolumetricLightmapImport:          1: 5.9% covering 1.6% of volume
[2025.09.25-20.04.38:781][184]LogVolumetricLightmapImport:          2: 88.2% covering 0.4% of volume
[2025.09.25-20.04.40:635][184]LogTexture: Display: Building textures: HQ_Lightmap1_1 (AutoDXT, 1024X1024)
[2025.09.25-20.04.40:635][184]LogTexture: Display: Building textures: LQ_Lightmap_1_1 (DXT1, 1024X1024)
[2025.09.25-20.04.40:635][184]LogTexture: Display: Building textures: HQ_Lightmap1_2 (AutoDXT, 1024X1024)
[2025.09.25-20.04.40:635][184]LogTexture: Display: Building textures: LQ_Lightmap_1_2 (DXT1, 1024X1024)
[2025.09.25-20.04.40:635][184]LogTexture: Display: Building textures: HQ_Lightmap1_3 (AutoDXT, 1024X1024)
[2025.09.25-20.04.40:635][184]LogTexture: Display: Building textures: LQ_Lightmap_1_3 (DXT1, 1024X1024)
[2025.09.25-20.04.40:635][184]LogTexture: Display: Building textures: HQ_Lightmap1_4 (AutoDXT, 1024X1024)
[2025.09.25-20.04.40:635][184]LogTexture: Display: Building textures: LQ_Lightmap_1_4 (DXT1, 1024X1024)
[2025.09.25-20.04.40:635][184]LogTexture: Display: Building textures: HQ_Lightmap1_5 (AutoDXT, 1024X1024)
[2025.09.25-20.04.40:635][184]LogTexture: Display: Building textures: LQ_Lightmap_1_5 (DXT1, 1024X1024)
[2025.09.25-20.04.40:635][184]LogTexture: Display: Building textures: HQ_Lightmap1_6 (AutoDXT, 1024X1024)
[2025.09.25-20.04.40:635][184]LogTexture: Display: Building textures: LQ_Lightmap_1_6 (DXT1, 1024X1024)
[2025.09.25-20.04.40:635][184]LogTexture: Display: Building textures: HQ_Lightmap1_7 (AutoDXT, 1024X1024)
[2025.09.25-20.04.40:635][184]LogTexture: Display: Building textures: LQ_Lightmap_1_7 (DXT1, 1024X1024)
[2025.09.25-20.04.40:635][184]LogTexture: Display: Building textures: HQ_Lightmap1_8 (AutoDXT, 1024X1024)
[2025.09.25-20.04.40:635][184]LogTexture: Display: Building textures: LQ_Lightmap_1_8 (DXT1, 1024X1024)
[2025.09.25-20.04.40:635][184]LogTexture: Display: Building textures: HQ_Lightmap1_9 (AutoDXT, 1024X1024)
[2025.09.25-20.04.40:635][184]LogTexture: Display: Building textures: LQ_Lightmap_1_9 (DXT1, 1024X1024)
[2025.09.25-20.04.40:635][184]LogTexture: Display: Building textures: HQ_Lightmap1_10 (AutoDXT, 1024X1024)
[2025.09.25-20.04.40:635][184]LogTexture: Display: Building textures: LQ_Lightmap_1_10 (DXT1, 1024X1024)
[2025.09.25-20.04.40:635][184]LogTexture: Display: Building textures: HQ_Lightmap1_11 (AutoDXT, 1024X1024)
[2025.09.25-20.04.40:635][184]LogTexture: Display: Building textures: LQ_Lightmap_1_11 (DXT1, 1024X1024)
[2025.09.25-20.04.40:635][184]LogTexture: Display: Building textures: HQ_Lightmap1_12 (AutoDXT, 1024X1024)
[2025.09.25-20.04.40:635][184]LogTexture: Display: Building textures: LQ_Lightmap_1_12 (DXT1, 1024X1024)
[2025.09.25-20.04.40:635][184]LogTexture: Display: Building textures: HQ_Lightmap1_13 (AutoDXT, 1024X1024)
[2025.09.25-20.04.40:635][184]LogTexture: Display: Building textures: LQ_Lightmap_1_13 (DXT1, 1024X1024)
[2025.09.25-20.04.40:635][184]LogTexture: Display: Building textures: HQ_Lightmap1_14 (AutoDXT, 1024X1024)
[2025.09.25-20.04.40:635][184]LogTexture: Display: Building textures: LQ_Lightmap_1_14 (DXT1, 1024X1024)
[2025.09.25-20.04.40:635][184]LogTexture: Display: Building textures: HQ_Lightmap1_15 (AutoDXT, 1024X1024)
[2025.09.25-20.04.40:635][184]LogTexture: Display: Building textures: LQ_Lightmap_1_15 (DXT1, 1024X1024)
[2025.09.25-20.04.40:635][184]LogTexture: Display: Building textures: HQ_Lightmap1_16 (AutoDXT, 1024X1024)
[2025.09.25-20.04.40:635][184]LogTexture: Display: Building textures: LQ_Lightmap_1_16 (DXT1, 1024X1024)
[2025.09.25-20.04.40:635][184]LogTexture: Display: Building textures: HQ_Lightmap1_17 (AutoDXT, 512X512)
[2025.09.25-20.04.40:635][184]LogTexture: Display: Building textures: LQ_Lightmap_1_17 (DXT1, 512X512)
[2025.09.25-20.04.40:635][184]LogTexture: Display: Building textures: HQ_Lightmap0_18 (AutoDXT, 64X64)
[2025.09.25-20.04.40:635][184]LogTexture: Display: Building textures: LQ_Lightmap_0_18 (DXT1, 64X64)
[2025.09.25-20.04.40:761][184]LogTexture: Display: Building textures: ShadowMapTexture2D_17 (G8, 32X32)
[2025.09.25-20.04.40:761][184]LogTexture: Display: Building textures: ShadowMapTexture2D_15 (G8, 1024X1024)
[2025.09.25-20.04.40:761][184]LogTexture: Display: Building textures: ShadowMapTexture2D_13 (G8, 1024X1024)
[2025.09.25-20.04.40:761][184]LogTexture: Display: Building textures: ShadowMapTexture2D_14 (G8, 1024X1024)
[2025.09.25-20.04.40:761][184]LogTexture: Display: Building textures: ShadowMapTexture2D_12 (G8, 1024X1024)
[2025.09.25-20.04.40:761][184]LogTexture: Display: Building textures: ShadowMapTexture2D_16 (G8, 1024X1024)
[2025.09.25-20.04.40:779][184]Lightmass on CECOMAIN: 1:14 min total, 89 ms importing, 38 ms setup, 3.76 sec photons, 1:10 min processing, 0 ms extra exporting [872/872 mappings]. Threads: 17:41 min total, 12:52 min processing.
[2025.09.25-20.04.40:788][184]LogStaticLightingSystem: CheeseFactory_001_BuiltData storing lightmap data for 872 meshes in 39 LightmapResourceClusters (22.4 Meshes per cluster).
[2025.09.25-20.04.40:811][184]LogUObjectHash: Compacting FUObjectHashTables data took   0.92ms
[2025.09.25-20.04.40:815][184]LogStaticLightingSystem: Illumination: 1:19 min (1.46 sec encoding lightmaps, 117 ms encoding shadowmaps)
[2025.09.25-20.04.40:816][184]LogStaticLightingSystem: Lightmap texture memory:  32.5 MB (32.5 MB streaming, 0.0 MB non-streaming), 36 textures
[2025.09.25-20.04.40:816][184]LogStaticLightingSystem: Shadowmap texture memory: 6.7 MB (6.7 MB streaming, 0.0 MB non-streaming), 6 textures
[2025.09.25-20.04.41:614][184]DumpUnbuiltLightIteractions
[2025.09.25-20.04.41:614][184]Lights with unbuilt interactions: 0
[2025.09.25-20.04.41:614][184]
[2025.09.25-20.04.41:614][184]Primitives with unbuilt interactions: 0
[2025.09.25-20.04.41:748][185]Cmd: MAP CHECK NOTIFYRESULTS
[2025.09.25-20.04.41:748][185]MapCheck: New page: CheeseFactory_001 - Sep 26, 2025, 2:04:41 AM
[2025.09.25-20.04.41:750][185]MapCheck: Warning: Rail_2m_Side_76 Static mesh actor has NULL StaticMesh property 
[2025.09.25-20.04.41:750][185]MapCheck: Warning: Rail_2m_Side2 Static mesh actor has NULL StaticMesh property 
[2025.09.25-20.04.41:750][185]MapCheck: Warning: Rail_2m_Side3 Static mesh actor has NULL StaticMesh property 
[2025.09.25-20.04.41:750][185]MapCheck: Warning: Rail_2m_Side4 Static mesh actor has NULL StaticMesh property 
[2025.09.25-20.04.41:750][185]MapCheck: Warning: Rail_2m_Side5 Static mesh actor has NULL StaticMesh property 
[2025.09.25-20.04.41:750][185]MapCheck: Warning: Rail_2m_Side6 Static mesh actor has NULL StaticMesh property 
[2025.09.25-20.04.41:750][185]MapCheck: Warning: Rail_2m_Side7 Static mesh actor has NULL StaticMesh property 
[2025.09.25-20.04.41:750][185]MapCheck: Warning: Rail_2m_Side8_98 Static mesh actor has NULL StaticMesh property 
[2025.09.25-20.04.41:750][185]MapCheck: Warning: Rail_2m_Side9 Static mesh actor has NULL StaticMesh property 
[2025.09.25-20.04.41:750][185]MapCheck: Warning: Rail_2m_Side10 Static mesh actor has NULL StaticMesh property 
[2025.09.25-20.04.41:750][185]MapCheck: Warning: Rail_2m_Side11 Static mesh actor has NULL StaticMesh property 
[2025.09.25-20.04.41:750][185]MapCheck: Warning: Rail_2m_Side12 Static mesh actor has NULL StaticMesh property 
[2025.09.25-20.04.41:750][185]MapCheck: Warning: Rail_2m_Side13 Static mesh actor has NULL StaticMesh property 
[2025.09.25-20.04.41:750][185]MapCheck: Warning: Rail_2m_Side14 Static mesh actor has NULL StaticMesh property 
[2025.09.25-20.04.41:750][185]MapCheck: Warning: Rail_2m_Side15 Static mesh actor has NULL StaticMesh property 
[2025.09.25-20.04.41:750][185]MapCheck: Warning: Rail_2m_Side17 Static mesh actor has NULL StaticMesh property 
[2025.09.25-20.04.41:750][185]MapCheck: Warning: Rail_2m_Side18 Static mesh actor has NULL StaticMesh property 
[2025.09.25-20.04.41:750][185]MapCheck: Warning: Rail_2m_Side16 Static mesh actor has NULL StaticMesh property 
[2025.09.25-20.04.41:750][185]MapCheck: Warning: Rail_2m_Side19 Static mesh actor has NULL StaticMesh property 
[2025.09.25-20.04.41:750][185]MapCheck: Warning: Rail_2m_Side20 Static mesh actor has NULL StaticMesh property 
[2025.09.25-20.04.41:750][185]MapCheck: Warning: Rail_2m_Side21 Static mesh actor has NULL StaticMesh property 
[2025.09.25-20.04.41:750][185]MapCheck: Warning: Rail_2m_Side22 Static mesh actor has NULL StaticMesh property 
[2025.09.25-20.04.41:751][185]MapCheck: Warning: Rail_2m_Side24_203 Static mesh actor has NULL StaticMesh property 
[2025.09.25-20.04.41:751][185]MapCheck: Warning: Rail_2m_Side25 Static mesh actor has NULL StaticMesh property 
[2025.09.25-20.04.41:751][185]MapCheck: Map check complete: 0 Error(s), 24 Warning(s), took 2.981ms to complete.
[2025.09.25-20.04.43:693][416]LogSlate: FSceneViewport::OnFocusLost() reason 0
[2025.09.25-20.04.43:765][425]LogSlate: Window 'Message Log' being destroyed
[2025.09.25-20.04.43:771][425]LogSlate: Window 'Message Log' being destroyed
[2025.09.25-20.04.47:675][893]LogEditorViewport: Clicking on Actor (LMB): StaticMeshActor (door2)
[2025.09.25-20.04.59:217][274]LogEditorViewport: Clicking on Actor (LMB): SpotLight (SpotLight16)
[2025.09.25-20.05.01:245][512]Cmd: DELETE
[2025.09.25-20.05.01:245][512]Cmd: ACTOR DELETE
[2025.09.25-20.05.01:251][512]LogEditorActor: Deleted Actor: SpotLight
[2025.09.25-20.05.01:271][512]LogUObjectHash: Compacting FUObjectHashTables data took   0.83ms
[2025.09.25-20.05.01:271][512]LogEditorActor: Deleted 1 Actors (0.027 secs)
[2025.09.25-20.05.01:511][541]LogEditorViewport: Clicking on Actor (LMB): StaticMeshActor (vent01_80x101)
[2025.09.25-20.05.02:595][667]LogSlate: FSceneViewport::OnFocusLost() reason 2
[2025.09.25-20.05.07:179][198]LogEditorViewport: Clicking on Actor (LMB): StaticMeshActor (vent01_80x98)
[2025.09.25-20.05.09:723][499]LogEditorViewport: Clicking on Actor (LMB): StaticMeshActor (vent01_80x88)
[2025.09.25-20.05.10:320][568]LogEditorViewport: Clicking on Actor (LMB): SpotLight (SpotLight14)
[2025.09.25-20.05.10:884][633]Cmd: DELETE
[2025.09.25-20.05.10:884][633]Cmd: ACTOR DELETE
[2025.09.25-20.05.10:890][633]LogEditorActor: Deleted Actor: SpotLight
[2025.09.25-20.05.10:908][633]LogUObjectHash: Compacting FUObjectHashTables data took   0.40ms
[2025.09.25-20.05.10:908][633]LogEditorActor: Deleted 1 Actors (0.026 secs)
[2025.09.25-20.05.11:292][679]LogEditorViewport: Clicking on Actor (LMB): StaticMeshActor (vent01_80x88)
[2025.09.25-20.05.12:680][841]LogSlate: FSceneViewport::OnFocusLost() reason 2
[2025.09.25-20.05.16:660][309]LogEditorViewport: Clicking on Actor (LMB): StaticMeshActor (box7)
[2025.09.25-20.05.23:019][ 66]LogSlate: FSceneViewport::OnFocusLost() reason 5
[2025.09.25-20.05.23:024][ 66]Cmd: OBJ SAVEPACKAGE PACKAGE="/Game/Levels/CheeseFactory_001" FILE="E:/GameDev/hggjam/GameJamHGGUnreal4.23.1/GameJamCrew/Content/Levels/CheeseFactory_001.umap" SILENT=true AUTOSAVING=false KEEPDIRTY=false
[2025.09.25-20.05.23:044][ 66]LogUObjectHash: Compacting FUObjectHashTables data took   0.47ms
[2025.09.25-20.05.23:230][ 66]LogSavePackage: Moving 'E:/GameDev/hggjam/GameJamHGGUnreal4.23.1/GameJamCrew/Saved/CheeseFactory_0011A277A6A43E772A0637367895DDFADCA.tmp' to 'E:/GameDev/hggjam/GameJamHGGUnreal4.23.1/GameJamCrew/Content/Levels/CheeseFactory_001.umap'
[2025.09.25-20.05.23:241][ 66]Cmd: OBJ SAVEPACKAGE PACKAGE="/Game/Levels/CheeseFactory_001_BuiltData" FILE="E:/GameDev/hggjam/GameJamHGGUnreal4.23.1/GameJamCrew/Content/Levels/CheeseFactory_001_BuiltData.uasset" SILENT=true
[2025.09.25-20.05.23:756][ 66]LogSavePackage: Moving 'E:/GameDev/hggjam/GameJamHGGUnreal4.23.1/GameJamCrew/Saved/CheeseFactory_001_BuiltData4A003A804BAE410F69943DBBD81B6E6B.tmp' to 'E:/GameDev/hggjam/GameJamHGGUnreal4.23.1/GameJamCrew/Content/Levels/CheeseFactory_001_BuiltData.uasset'
[2025.09.25-20.05.31:583][998]LogEditorViewport: Clicking on Actor (LMB): StaticMeshActor (Channel42)
[2025.09.25-20.05.37:135][659]LogSlate: FSceneViewport::OnFocusLost() reason 0
[2025.09.25-20.05.42:180][250]LogActorFactory: Actor Factory created C_beam_half
[2025.09.25-20.05.42:233][255]LogActorFactory: Actor Factory created C_beam_half
[2025.09.25-20.05.42:234][255]LogSlate: FSceneViewport::OnFocusLost() reason 2
[2025.09.25-20.05.44:751][555]LogEditorViewport: Clicking on Actor (LMB): StaticMeshActor (Channel50)
[2025.09.25-20.05.49:579][131]LogEditorViewport: Clicking on Actor (LMB): StaticMeshActor (Channel76)
[2025.09.25-20.05.50:868][282]LogEditorViewport: Clicking on Actor (LMB): StaticMeshActor (Channel42)
[2025.09.25-20.05.51:875][400]Cmd: DELETE
[2025.09.25-20.05.51:875][400]Cmd: ACTOR DELETE
[2025.09.25-20.05.51:882][400]LogEditorActor: Deleted Actor: StaticMeshActor
[2025.09.25-20.05.51:902][400]LogUObjectHash: Compacting FUObjectHashTables data took   0.98ms
[2025.09.25-20.05.51:903][400]LogEditorActor: Deleted 1 Actors (0.027 secs)
[2025.09.25-20.05.53:861][634]LogSlate: FSceneViewport::OnFocusLost() reason 5
[2025.09.25-20.05.53:866][634]Cmd: OBJ SAVEPACKAGE PACKAGE="/Game/Levels/CheeseFactory_001" FILE="E:/GameDev/hggjam/GameJamHGGUnreal4.23.1/GameJamCrew/Content/Levels/CheeseFactory_001.umap" SILENT=true AUTOSAVING=false KEEPDIRTY=false
[2025.09.25-20.05.53:886][634]LogUObjectHash: Compacting FUObjectHashTables data took   0.42ms
[2025.09.25-20.05.54:070][634]LogSavePackage: Moving 'E:/GameDev/hggjam/GameJamHGGUnreal4.23.1/GameJamCrew/Saved/CheeseFactory_0012545E877484BE8F61D3F78A0C66F7A6C.tmp' to 'E:/GameDev/hggjam/GameJamHGGUnreal4.23.1/GameJamCrew/Content/Levels/CheeseFactory_001.umap'
[2025.09.25-20.05.54:081][634]Cmd: OBJ SAVEPACKAGE PACKAGE="/Game/Levels/CheeseFactory_001_BuiltData" FILE="E:/GameDev/hggjam/GameJamHGGUnreal4.23.1/GameJamCrew/Content/Levels/CheeseFactory_001_BuiltData.uasset" SILENT=true
[2025.09.25-20.05.54:587][634]LogSavePackage: Moving 'E:/GameDev/hggjam/GameJamHGGUnreal4.23.1/GameJamCrew/Saved/CheeseFactory_001_BuiltData51873E6142582F8C4F33C581CA0CA186.tmp' to 'E:/GameDev/hggjam/GameJamHGGUnreal4.23.1/GameJamCrew/Content/Levels/CheeseFactory_001_BuiltData.uasset'
[2025.09.25-20.06.04:245][789]LogSlate: FSceneViewport::OnFocusLost() reason 0
[2025.09.25-20.06.04:320][798]LogTemp: Repeating last play command: Selected Viewport
[2025.09.25-20.06.04:324][798]LogBlueprintUserMessages: Early PlayInEditor Detection: Level '/Game/Levels/CheeseFactory_001.CheeseFactory_001:PersistentLevel' has LevelScriptBlueprint '/Game/Levels/CheeseFactory_001.CheeseFactory_001:PersistentLevel.CheeseFactory_001' with GeneratedClass '/Game/Levels/CheeseFactory_001.CheeseFactory_001_C' with ClassGeneratedBy '/Game/Levels/CheeseFactory_001.CheeseFactory_001:PersistentLevel.CheeseFactory_001'
[2025.09.25-20.06.04:324][798]LogPlayLevel: PlayLevel: No blueprints needed recompiling
[2025.09.25-20.06.04:324][798]PIE: New page: PIE session: CheeseFactory_001 (Sep 26, 2025, 2:06:04 AM)
[2025.09.25-20.06.04:325][798]LogOnline: OSS: Creating online subsystem instance for: NULL
[2025.09.25-20.06.04:325][798]LogPlayLevel: Creating play world package: /Game/Levels/UEDPIE_0_CheeseFactory_001
[2025.09.25-20.06.04:346][798]LogPlayLevel: PIE: StaticDuplicateObject took: (0.019281s)
[2025.09.25-20.06.04:346][798]LogAIModule: Creating AISystem for world CheeseFactory_001
[2025.09.25-20.06.04:347][798]LogPlayLevel: PIE: World Init took: (0.000631s)
[2025.09.25-20.06.04:347][798]LogPlayLevel: PIE: Created PIE world by copying editor world from /Game/Levels/CheeseFactory_001.CheeseFactory_001 to /Game/Levels/UEDPIE_0_CheeseFactory_001.CheeseFactory_001 (0.020125s)
[2025.09.25-20.06.04:366][798]LogUObjectHash: Compacting FUObjectHashTables data took   1.01ms
[2025.09.25-20.06.04:372][798]LogInit: XAudio2 using 'Speakers (PRO)' : 2 channels at 48 kHz using 16 bits per sample (channel mask 0x3)
[2025.09.25-20.06.04:383][798]LogInit: FAudioDevice initialized.
[2025.09.25-20.06.04:394][798]LogLoad: Game class is 'ThirdPersonGameMode_C'
[2025.09.25-20.06.04:400][798]LogWorld: Bringing World /Game/Levels/UEDPIE_0_CheeseFactory_001.CheeseFactory_001 up for play (max tick rate 0) at 2025.09.25-23.06.04
[2025.09.25-20.06.04:401][798]LogWorld: Bringing up level for play took: 0.006713
[2025.09.25-20.06.04:401][798]LogOnline: OSS: Creating online subsystem instance for: :Context_22
[2025.09.25-20.06.04:405][798]LogContentBrowser: Native class hierarchy updated for 'MovieSceneCapture' in 0.0002 seconds. Added 20 classes and 0 folders.
[2025.09.25-20.06.04:405][798]PIE: Play in editor start time for /Game/Levels/UEDPIE_0_CheeseFactory_001 -0.771
[2025.09.25-20.06.04:405][798]LogBlueprintUserMessages: Late PlayInEditor Detection: Level '/Game/Levels/CheeseFactory_001.CheeseFactory_001:PersistentLevel' has LevelScriptBlueprint '/Game/Levels/CheeseFactory_001.CheeseFactory_001:PersistentLevel.CheeseFactory_001' with GeneratedClass '/Game/Levels/CheeseFactory_001.CheeseFactory_001_C' with ClassGeneratedBy '/Game/Levels/CheeseFactory_001.CheeseFactory_001:PersistentLevel.CheeseFactory_001'
[2025.09.25-20.06.23:909][137]LogBlueprintUserMessages: Early EndPlayMap Detection: Level '/Game/Levels/CheeseFactory_001.CheeseFactory_001:PersistentLevel' has LevelScriptBlueprint '/Game/Levels/CheeseFactory_001.CheeseFactory_001:PersistentLevel.CheeseFactory_001' with GeneratedClass '/Game/Levels/CheeseFactory_001.CheeseFactory_001_C' with ClassGeneratedBy '/Game/Levels/CheeseFactory_001.CheeseFactory_001:PersistentLevel.CheeseFactory_001'
[2025.09.25-20.06.23:909][137]LogSlate: Updating window title bar state: overlay mode, drag disabled, window buttons hidden, title bar hidden
[2025.09.25-20.06.23:909][137]LogWorld: BeginTearingDown for /Game/Levels/UEDPIE_0_CheeseFactory_001
[2025.09.25-20.06.23:909][137]LogWorld: UWorld::CleanupWorld for CheeseFactory_001, bSessionEnded=true, bCleanupResources=true
[2025.09.25-20.06.23:916][137]LogPlayLevel: Display: Shutting down PIE online subsystems
[2025.09.25-20.06.23:916][137]LogBlueprintUserMessages: Late EndPlayMap Detection: Level '/Game/Levels/CheeseFactory_001.CheeseFactory_001:PersistentLevel' has LevelScriptBlueprint '/Game/Levels/CheeseFactory_001.CheeseFactory_001:PersistentLevel.CheeseFactory_001' with GeneratedClass '/Game/Levels/CheeseFactory_001.CheeseFactory_001_C' with ClassGeneratedBy '/Game/Levels/CheeseFactory_001.CheeseFactory_001:PersistentLevel.CheeseFactory_001'
[2025.09.25-20.06.23:940][137]LogSlate: Updating window title bar state: overlay mode, drag disabled, window buttons hidden, title bar hidden
[2025.09.25-20.06.23:943][137]LogUObjectHash: Compacting FUObjectHashTables data took   0.96ms
[2025.09.25-20.06.24:011][144]LogPlayLevel: Display: Destroying online subsystem :Context_22
[2025.09.25-20.06.25:003][263]LogEditorViewport: Clicking on Actor (LMB): StaticMeshActor (door7)
[2025.09.25-20.06.27:447][548]LogSlate: FSceneViewport::OnFocusLost() reason 5
[2025.09.25-20.06.27:453][548]Cmd: OBJ SAVEPACKAGE PACKAGE="/Game/Levels/CheeseFactory_001" FILE="E:/GameDev/hggjam/GameJamHGGUnreal4.23.1/GameJamCrew/Content/Levels/CheeseFactory_001.umap" SILENT=true AUTOSAVING=false KEEPDIRTY=false
[2025.09.25-20.06.27:473][548]LogUObjectHash: Compacting FUObjectHashTables data took   0.41ms
[2025.09.25-20.06.27:659][548]LogSavePackage: Moving 'E:/GameDev/hggjam/GameJamHGGUnreal4.23.1/GameJamCrew/Saved/CheeseFactory_0013A07189645868110F3A184942A6634DB.tmp' to 'E:/GameDev/hggjam/GameJamHGGUnreal4.23.1/GameJamCrew/Content/Levels/CheeseFactory_001.umap'
[2025.09.25-20.06.27:671][548]Cmd: OBJ SAVEPACKAGE PACKAGE="/Game/Levels/CheeseFactory_001_BuiltData" FILE="E:/GameDev/hggjam/GameJamHGGUnreal4.23.1/GameJamCrew/Content/Levels/CheeseFactory_001_BuiltData.uasset" SILENT=true
[2025.09.25-20.06.28:179][548]LogSavePackage: Moving 'E:/GameDev/hggjam/GameJamHGGUnreal4.23.1/GameJamCrew/Saved/CheeseFactory_001_BuiltData1FB85F9A453FAD1CD3DB40BA4DB7B410.tmp' to 'E:/GameDev/hggjam/GameJamHGGUnreal4.23.1/GameJamCrew/Content/Levels/CheeseFactory_001_BuiltData.uasset'
[2025.09.25-20.06.39:973][957]LogEditorViewport: Clicking on Actor (LMB): StaticMeshActor (Channel23)
[2025.09.25-20.06.41:554][142]LogEditorViewport: Clicking on Actor (LMB): StaticMeshActor (Channel22)
[2025.09.25-20.06.44:509][492]LogSlate: FSceneViewport::OnFocusLost() reason 0
[2025.09.25-20.06.44:693][508]LogActorFactory: Actor Factory created C_beam_half
[2025.09.25-20.06.44:718][510]LogActorFactory: Actor Factory created C_beam_half
[2025.09.25-20.06.44:719][510]LogSlate: FSceneViewport::OnFocusLost() reason 2
[2025.09.25-20.06.44:785][517]LogActorFactory: Actor Factory created C_beam_half
[2025.09.25-20.06.44:786][517]LogSlate: FSceneViewport::OnFocusLost() reason 2
[2025.09.25-20.06.47:671][861]LogEditorViewport: Clicking on Actor (LMB): StaticMeshActor (Channel23)
[2025.09.25-20.06.48:041][903]LogEditorViewport: Clicking on Actor (LMB): StaticMeshActor (Channel22)
[2025.09.25-20.06.53:035][496]LogEditorViewport: Clicking on Actor (LMB): StaticMeshActor (Channel20)
[2025.09.25-20.06.56:623][906]LogSlate: FSceneViewport::OnFocusLost() reason 0
[2025.09.25-20.06.56:823][929]LogActorFactory: Actor Factory created C_beam_half
[2025.09.25-20.06.56:840][930]LogActorFactory: Actor Factory created C_beam_half
[2025.09.25-20.06.56:841][930]LogSlate: FSceneViewport::OnFocusLost() reason 2
[2025.09.25-20.06.56:882][934]LogActorFactory: Actor Factory created C_beam_half
[2025.09.25-20.06.56:883][934]LogSlate: FSceneViewport::OnFocusLost() reason 2
[2025.09.25-20.06.59:045][191]LogEditorViewport: Clicking on Actor (LMB): StaticMeshActor (Channel17)
[2025.09.25-20.07.00:396][349]LogEditorViewport: Clicking on Actor (LMB): StaticMeshActor (Channel16)
[2025.09.25-20.07.02:125][552]LogEditorViewport: Clicking on Actor (LMB): StaticMeshActor (Channel17)
[2025.09.25-20.07.06:105][ 25]LogSlate: FSceneViewport::OnFocusLost() reason 5
[2025.09.25-20.07.06:112][ 25]Cmd: OBJ SAVEPACKAGE PACKAGE="/Game/Levels/CheeseFactory_001" FILE="E:/GameDev/hggjam/GameJamHGGUnreal4.23.1/GameJamCrew/Content/Levels/CheeseFactory_001.umap" SILENT=true AUTOSAVING=false KEEPDIRTY=false
[2025.09.25-20.07.06:133][ 25]LogUObjectHash: Compacting FUObjectHashTables data took   1.10ms
[2025.09.25-20.07.06:318][ 25]LogSavePackage: Moving 'E:/GameDev/hggjam/GameJamHGGUnreal4.23.1/GameJamCrew/Saved/CheeseFactory_001C9FB839443F9F09A095B1B9BBAF6F7D0.tmp' to 'E:/GameDev/hggjam/GameJamHGGUnreal4.23.1/GameJamCrew/Content/Levels/CheeseFactory_001.umap'
[2025.09.25-20.07.06:330][ 25]Cmd: OBJ SAVEPACKAGE PACKAGE="/Game/Levels/CheeseFactory_001_BuiltData" FILE="E:/GameDev/hggjam/GameJamHGGUnreal4.23.1/GameJamCrew/Content/Levels/CheeseFactory_001_BuiltData.uasset" SILENT=true
[2025.09.25-20.07.06:863][ 25]LogSavePackage: Moving 'E:/GameDev/hggjam/GameJamHGGUnreal4.23.1/GameJamCrew/Saved/CheeseFactory_001_BuiltDataB3A7ADAE4935AA98DF424EA4951137C8.tmp' to 'E:/GameDev/hggjam/GameJamHGGUnreal4.23.1/GameJamCrew/Content/Levels/CheeseFactory_001_BuiltData.uasset'
[2025.09.25-20.07.07:506][ 96]LogSlate: FSceneViewport::OnFocusLost() reason 2
[2025.09.25-20.07.08:109][168]MapCheck: New page: Map Check
[2025.09.25-20.07.08:119][168]LogSlate: FSceneViewport::OnFocusLost() reason 5
[2025.09.25-20.07.08:122][168]LightingResults: New page: Lighting Build - Sep 26, 2025, 2:07:08 AM
[2025.09.25-20.07.08:127][168]LogSwarmInterface: [OpenConnection] Registering TCP channel ...
[2025.09.25-20.07.08:131][168]LogSwarmInterface: [OpenConnection] Connecting to agent ...
[2025.09.25-20.07.08:131][168]LogSwarmInterface: [TryOpenConnection] Testing the Agent
[2025.09.25-20.07.08:132][168]LogSwarmInterface: [TryOpenConnection] Opening Connection to Agent
[2025.09.25-20.07.08:132][168]LogSwarmInterface: [TryOpenConnection] Local Process ID is 27996
[2025.09.25-20.07.12:664][168]LogStaticLightingSystem: Running Lightmass w/ ImmediateImport mode ENABLED
[2025.09.25-20.07.12:664][168]LogStaticLightingSystem: Running Lightmass w/ ImmediateProcess mode ENABLED
[2025.09.25-20.07.12:664][168]LogStaticLightingSystem: Running Lightmass w/ Sorting mode ENABLED
[2025.09.25-20.07.12:664][168]LogStaticLightingSystem: Running Lightmass w/ Mapping paddings ENABLED
[2025.09.25-20.07.12:664][168]LogStaticLightingSystem: Running Lightmass w/ Mapping debug paddings DISABLED
[2025.09.25-20.07.12:741][168]LogEditorBuildUtils: Build time 0:04
[2025.09.25-20.07.12:784][169]LogUObjectHash: Compacting FUObjectHashTables data took   1.16ms
[2025.09.25-20.07.45:847][922]LightingResults: Warning: cylinder Object has overlapping UVs.
[2025.09.25-20.07.45:847][922]LightingResults: cylinder Lightmap UV are overlapping by 8.7%. Please adjust content - Enable Error Coloring to visualize.
[2025.09.25-20.08.23:625][469]Job is a success!
[2025.09.25-20.08.23:655][471]LogSlate: FSceneViewport::OnFocusLost() reason 5
[2025.09.25-20.08.23:698][471]LogVolumetricLightmapImport: Imported Volumetric Lightmap in 0.003s
[2025.09.25-20.08.23:698][471]LogVolumetricLightmapImport:      Indirection Texture 16x16x16 = 0.0Mb
[2025.09.25-20.08.23:698][471]LogVolumetricLightmapImport:      BrickData 85x5x5 = 0.1Mb
[2025.09.25-20.08.23:698][471]LogVolumetricLightmapImport:      Bricks at Level
[2025.09.25-20.08.23:698][471]LogVolumetricLightmapImport:          0: 5.9% covering 100.0% of volume
[2025.09.25-20.08.23:699][471]LogVolumetricLightmapImport:          1: 5.9% covering 1.6% of volume
[2025.09.25-20.08.23:699][471]LogVolumetricLightmapImport:          2: 88.2% covering 0.4% of volume
[2025.09.25-20.08.25:579][471]LogTexture: Display: Building textures: HQ_Lightmap0_1 (AutoDXT, 1024X1024)
[2025.09.25-20.08.25:579][471]LogTexture: Display: Building textures: LQ_Lightmap_0_1 (DXT1, 1024X1024)
[2025.09.25-20.08.25:579][471]LogTexture: Display: Building textures: HQ_Lightmap0_2 (AutoDXT, 1024X1024)
[2025.09.25-20.08.25:579][471]LogTexture: Display: Building textures: LQ_Lightmap_0_2 (DXT1, 1024X1024)
[2025.09.25-20.08.25:579][471]LogTexture: Display: Building textures: HQ_Lightmap0_3 (AutoDXT, 1024X1024)
[2025.09.25-20.08.25:579][471]LogTexture: Display: Building textures: LQ_Lightmap_0_3 (DXT1, 1024X1024)
[2025.09.25-20.08.25:579][471]LogTexture: Display: Building textures: HQ_Lightmap0_4 (AutoDXT, 1024X1024)
[2025.09.25-20.08.25:579][471]LogTexture: Display: Building textures: LQ_Lightmap_0_4 (DXT1, 1024X1024)
[2025.09.25-20.08.25:579][471]LogTexture: Display: Building textures: HQ_Lightmap0_5 (AutoDXT, 1024X1024)
[2025.09.25-20.08.25:579][471]LogTexture: Display: Building textures: LQ_Lightmap_0_5 (DXT1, 1024X1024)
[2025.09.25-20.08.25:579][471]LogTexture: Display: Building textures: HQ_Lightmap0_6 (AutoDXT, 1024X1024)
[2025.09.25-20.08.25:579][471]LogTexture: Display: Building textures: LQ_Lightmap_0_6 (DXT1, 1024X1024)
[2025.09.25-20.08.25:579][471]LogTexture: Display: Building textures: HQ_Lightmap0_7 (AutoDXT, 1024X1024)
[2025.09.25-20.08.25:579][471]LogTexture: Display: Building textures: LQ_Lightmap_0_7 (DXT1, 1024X1024)
[2025.09.25-20.08.25:579][471]LogTexture: Display: Building textures: HQ_Lightmap0_8 (AutoDXT, 1024X1024)
[2025.09.25-20.08.25:579][471]LogTexture: Display: Building textures: LQ_Lightmap_0_8 (DXT1, 1024X1024)
[2025.09.25-20.08.25:579][471]LogTexture: Display: Building textures: HQ_Lightmap0_9 (AutoDXT, 1024X1024)
[2025.09.25-20.08.25:579][471]LogTexture: Display: Building textures: LQ_Lightmap_0_9 (DXT1, 1024X1024)
[2025.09.25-20.08.25:579][471]LogTexture: Display: Building textures: HQ_Lightmap0_10 (AutoDXT, 1024X1024)
[2025.09.25-20.08.25:579][471]LogTexture: Display: Building textures: LQ_Lightmap_0_10 (DXT1, 1024X1024)
[2025.09.25-20.08.25:579][471]LogTexture: Display: Building textures: HQ_Lightmap0_11 (AutoDXT, 1024X1024)
[2025.09.25-20.08.25:579][471]LogTexture: Display: Building textures: LQ_Lightmap_0_11 (DXT1, 1024X1024)
[2025.09.25-20.08.25:579][471]LogTexture: Display: Building textures: HQ_Lightmap0_12 (AutoDXT, 1024X1024)
[2025.09.25-20.08.25:579][471]LogTexture: Display: Building textures: LQ_Lightmap_0_12 (DXT1, 1024X1024)
[2025.09.25-20.08.25:579][471]LogTexture: Display: Building textures: HQ_Lightmap0_13 (AutoDXT, 1024X1024)
[2025.09.25-20.08.25:579][471]LogTexture: Display: Building textures: LQ_Lightmap_0_13 (DXT1, 1024X1024)
[2025.09.25-20.08.25:579][471]LogTexture: Display: Building textures: HQ_Lightmap0_14 (AutoDXT, 1024X1024)
[2025.09.25-20.08.25:579][471]LogTexture: Display: Building textures: LQ_Lightmap_0_14 (DXT1, 1024X1024)
[2025.09.25-20.08.25:579][471]LogTexture: Display: Building textures: HQ_Lightmap0_15 (AutoDXT, 1024X1024)
[2025.09.25-20.08.25:579][471]LogTexture: Display: Building textures: LQ_Lightmap_0_15 (DXT1, 1024X1024)
[2025.09.25-20.08.25:579][471]LogTexture: Display: Building textures: HQ_Lightmap0_16 (AutoDXT, 1024X1024)
[2025.09.25-20.08.25:579][471]LogTexture: Display: Building textures: LQ_Lightmap_0_16 (DXT1, 1024X1024)
[2025.09.25-20.08.25:579][471]LogTexture: Display: Building textures: HQ_Lightmap0_17 (AutoDXT, 512X512)
[2025.09.25-20.08.25:579][471]LogTexture: Display: Building textures: LQ_Lightmap_0_17 (DXT1, 512X512)
[2025.09.25-20.08.25:579][471]LogTexture: Display: Building textures: HQ_Lightmap1_18 (AutoDXT, 64X64)
[2025.09.25-20.08.25:579][471]LogTexture: Display: Building textures: LQ_Lightmap_1_18 (DXT1, 64X64)
[2025.09.25-20.08.25:721][471]LogTexture: Display: Building textures: ShadowMapTexture2D_23 (G8, 32X32)
[2025.09.25-20.08.25:721][471]LogTexture: Display: Building textures: ShadowMapTexture2D_20 (G8, 1024X1024)
[2025.09.25-20.08.25:721][471]LogTexture: Display: Building textures: ShadowMapTexture2D_21 (G8, 1024X1024)
[2025.09.25-20.08.25:721][471]LogTexture: Display: Building textures: ShadowMapTexture2D_22 (G8, 1024X1024)
[2025.09.25-20.08.25:721][471]LogTexture: Display: Building textures: ShadowMapTexture2D_18 (G8, 1024X1024)
[2025.09.25-20.08.25:721][471]LogTexture: Display: Building textures: ShadowMapTexture2D_19 (G8, 1024X1024)
[2025.09.25-20.08.25:735][471]Lightmass on CECOMAIN: 1:12 min total, 90 ms importing, 37 ms setup, 3.79 sec photons, 1:08 min processing, 0 ms extra exporting [871/871 mappings]. Threads: 17:11 min total, 12:33 min processing.
[2025.09.25-20.08.25:743][471]LogStaticLightingSystem: CheeseFactory_001_BuiltData storing lightmap data for 871 meshes in 39 LightmapResourceClusters (22.3 Meshes per cluster).
[2025.09.25-20.08.25:767][471]LogUObjectHash: Compacting FUObjectHashTables data took   0.85ms
[2025.09.25-20.08.25:772][471]LogStaticLightingSystem: Illumination: 1:17 min (1.48 sec encoding lightmaps, 135 ms encoding shadowmaps)
[2025.09.25-20.08.25:772][471]LogStaticLightingSystem: Lightmap texture memory:  32.5 MB (32.5 MB streaming, 0.0 MB non-streaming), 36 textures
[2025.09.25-20.08.25:772][471]LogStaticLightingSystem: Shadowmap texture memory: 6.7 MB (6.7 MB streaming, 0.0 MB non-streaming), 6 textures
[2025.09.25-20.08.26:723][471]DumpUnbuiltLightIteractions
[2025.09.25-20.08.26:723][471]Lights with unbuilt interactions: 0
[2025.09.25-20.08.26:723][471]
[2025.09.25-20.08.26:723][471]Primitives with unbuilt interactions: 0
[2025.09.25-20.08.26:852][472]Cmd: MAP CHECK NOTIFYRESULTS
[2025.09.25-20.08.26:852][472]MapCheck: New page: CheeseFactory_001 - Sep 26, 2025, 2:08:26 AM
[2025.09.25-20.08.26:855][472]MapCheck: Warning: Rail_2m_Side_76 Static mesh actor has NULL StaticMesh property 
[2025.09.25-20.08.26:855][472]MapCheck: Warning: Rail_2m_Side2 Static mesh actor has NULL StaticMesh property 
[2025.09.25-20.08.26:855][472]MapCheck: Warning: Rail_2m_Side3 Static mesh actor has NULL StaticMesh property 
[2025.09.25-20.08.26:855][472]MapCheck: Warning: Rail_2m_Side4 Static mesh actor has NULL StaticMesh property 
[2025.09.25-20.08.26:855][472]MapCheck: Warning: Rail_2m_Side5 Static mesh actor has NULL StaticMesh property 
[2025.09.25-20.08.26:855][472]MapCheck: Warning: Rail_2m_Side6 Static mesh actor has NULL StaticMesh property 
[2025.09.25-20.08.26:855][472]MapCheck: Warning: Rail_2m_Side7 Static mesh actor has NULL StaticMesh property 
[2025.09.25-20.08.26:855][472]MapCheck: Warning: Rail_2m_Side8_98 Static mesh actor has NULL StaticMesh property 
[2025.09.25-20.08.26:855][472]MapCheck: Warning: Rail_2m_Side9 Static mesh actor has NULL StaticMesh property 
[2025.09.25-20.08.26:855][472]MapCheck: Warning: Rail_2m_Side10 Static mesh actor has NULL StaticMesh property 
[2025.09.25-20.08.26:855][472]MapCheck: Warning: Rail_2m_Side11 Static mesh actor has NULL StaticMesh property 
[2025.09.25-20.08.26:855][472]MapCheck: Warning: Rail_2m_Side12 Static mesh actor has NULL StaticMesh property 
[2025.09.25-20.08.26:855][472]MapCheck: Warning: Rail_2m_Side13 Static mesh actor has NULL StaticMesh property 
[2025.09.25-20.08.26:855][472]MapCheck: Warning: Rail_2m_Side14 Static mesh actor has NULL StaticMesh property 
[2025.09.25-20.08.26:855][472]MapCheck: Warning: Rail_2m_Side15 Static mesh actor has NULL StaticMesh property 
[2025.09.25-20.08.26:855][472]MapCheck: Warning: Rail_2m_Side17 Static mesh actor has NULL StaticMesh property 
[2025.09.25-20.08.26:855][472]MapCheck: Warning: Rail_2m_Side18 Static mesh actor has NULL StaticMesh property 
[2025.09.25-20.08.26:856][472]MapCheck: Warning: Rail_2m_Side16 Static mesh actor has NULL StaticMesh property 
[2025.09.25-20.08.26:856][472]MapCheck: Warning: Rail_2m_Side19 Static mesh actor has NULL StaticMesh property 
[2025.09.25-20.08.26:856][472]MapCheck: Warning: Rail_2m_Side20 Static mesh actor has NULL StaticMesh property 
[2025.09.25-20.08.26:856][472]MapCheck: Warning: Rail_2m_Side21 Static mesh actor has NULL StaticMesh property 
[2025.09.25-20.08.26:856][472]MapCheck: Warning: Rail_2m_Side22 Static mesh actor has NULL StaticMesh property 
[2025.09.25-20.08.26:856][472]MapCheck: Warning: Rail_2m_Side24_203 Static mesh actor has NULL StaticMesh property 
[2025.09.25-20.08.26:856][472]MapCheck: Warning: Rail_2m_Side25 Static mesh actor has NULL StaticMesh property 
[2025.09.25-20.08.26:856][472]MapCheck: Map check complete: 0 Error(s), 24 Warning(s), took 3.703ms to complete.
[2025.09.25-20.08.29:062][735]LogSlate: Window 'Message Log' being destroyed
[2025.09.25-20.08.29:067][735]LogSlate: Window 'Message Log' being destroyed
[2025.09.25-20.08.46:369][806]LogEditorViewport: Clicking on Actor (LMB): StaticMeshActor (Cheese_table9)
[2025.09.25-20.08.48:899][101]LogSlate: FSceneViewport::OnFocusLost() reason 5
[2025.09.25-20.08.48:905][101]Cmd: OBJ SAVEPACKAGE PACKAGE="/Game/Levels/CheeseFactory_001" FILE="E:/GameDev/hggjam/GameJamHGGUnreal4.23.1/GameJamCrew/Content/Levels/CheeseFactory_001.umap" SILENT=true AUTOSAVING=false KEEPDIRTY=false
[2025.09.25-20.08.48:926][101]LogUObjectHash: Compacting FUObjectHashTables data took   0.44ms
[2025.09.25-20.08.49:117][101]LogSavePackage: Moving 'E:/GameDev/hggjam/GameJamHGGUnreal4.23.1/GameJamCrew/Saved/CheeseFactory_001C3CE4C914BCA5177E11B758D6462DCDD.tmp' to 'E:/GameDev/hggjam/GameJamHGGUnreal4.23.1/GameJamCrew/Content/Levels/CheeseFactory_001.umap'
[2025.09.25-20.08.49:128][101]Cmd: OBJ SAVEPACKAGE PACKAGE="/Game/Levels/CheeseFactory_001_BuiltData" FILE="E:/GameDev/hggjam/GameJamHGGUnreal4.23.1/GameJamCrew/Content/Levels/CheeseFactory_001_BuiltData.uasset" SILENT=true
[2025.09.25-20.08.49:640][101]LogSavePackage: Moving 'E:/GameDev/hggjam/GameJamHGGUnreal4.23.1/GameJamCrew/Saved/CheeseFactory_001_BuiltData51C4228B45B13F217DF37D995F095A6A.tmp' to 'E:/GameDev/hggjam/GameJamHGGUnreal4.23.1/GameJamCrew/Content/Levels/CheeseFactory_001_BuiltData.uasset'
[2025.09.25-20.08.58:541][165]LogEditorViewport: Clicking on Actor (LMB): StaticMeshActor (box2)
[2025.09.25-20.09.01:103][467]Cmd: DELETE
[2025.09.25-20.09.01:103][467]Cmd: ACTOR DELETE
[2025.09.25-20.09.01:110][467]LogEditorActor: Deleted Actor: StaticMeshActor
[2025.09.25-20.09.01:129][467]LogUObjectHash: Compacting FUObjectHashTables data took   0.94ms
[2025.09.25-20.09.01:130][467]LogEditorActor: Deleted 1 Actors (0.026 secs)
[2025.09.25-20.09.03:490][750]LogEditorViewport: Clicking on Actor (LMB): StaticMeshActor (box5)
[2025.09.25-20.09.12:990][881]Cmd: DELETE
[2025.09.25-20.09.12:990][881]Cmd: ACTOR DELETE
[2025.09.25-20.09.12:997][881]LogEditorActor: Deleted Actor: StaticMeshActor
[2025.09.25-20.09.13:016][881]LogUObjectHash: Compacting FUObjectHashTables data took   0.84ms
[2025.09.25-20.09.13:016][881]LogEditorActor: Deleted 1 Actors (0.026 secs)
[2025.09.25-20.09.13:621][953]LogSlate: FSceneViewport::OnFocusLost() reason 5
[2025.09.25-20.09.13:627][953]Cmd: OBJ SAVEPACKAGE PACKAGE="/Game/Levels/CheeseFactory_001" FILE="E:/GameDev/hggjam/GameJamHGGUnreal4.23.1/GameJamCrew/Content/Levels/CheeseFactory_001.umap" SILENT=true AUTOSAVING=false KEEPDIRTY=false
[2025.09.25-20.09.13:646][953]LogUObjectHash: Compacting FUObjectHashTables data took   0.40ms
[2025.09.25-20.09.13:826][953]LogSavePackage: Moving 'E:/GameDev/hggjam/GameJamHGGUnreal4.23.1/GameJamCrew/Saved/CheeseFactory_001B211977C436F099C6CC189BE22288613.tmp' to 'E:/GameDev/hggjam/GameJamHGGUnreal4.23.1/GameJamCrew/Content/Levels/CheeseFactory_001.umap'
[2025.09.25-20.09.13:839][953]Cmd: OBJ SAVEPACKAGE PACKAGE="/Game/Levels/CheeseFactory_001_BuiltData" FILE="E:/GameDev/hggjam/GameJamHGGUnreal4.23.1/GameJamCrew/Content/Levels/CheeseFactory_001_BuiltData.uasset" SILENT=true
[2025.09.25-20.09.14:339][953]LogSavePackage: Moving 'E:/GameDev/hggjam/GameJamHGGUnreal4.23.1/GameJamCrew/Saved/CheeseFactory_001_BuiltDataB2DDC84F45E2D500AE96F09CA792EA4F.tmp' to 'E:/GameDev/hggjam/GameJamHGGUnreal4.23.1/GameJamCrew/Content/Levels/CheeseFactory_001_BuiltData.uasset'
[2025.09.25-20.09.19:305][547]LogEditorViewport: Clicking on Actor (LMB): StaticMeshActor (vent01_80x101)
[2025.09.25-20.09.21:201][771]LogEditorViewport: Clicking on Actor (LMB): StaticMeshActor (wall01_2x150)
[2025.09.25-20.09.22:584][933]LogEditorViewport: Clicking on Actor (LMB): StaticMeshActor (wall01_2x47)
[2025.09.25-20.09.23:583][ 50]LogEditorViewport: Clicking on Actor (LMB): StaticMeshActor (Cheese_table2)
[2025.09.25-20.09.28:260][606]LogSlate: FSceneViewport::OnFocusLost() reason 5
[2025.09.25-20.09.28:266][606]Cmd: OBJ SAVEPACKAGE PACKAGE="/Game/Levels/CheeseFactory_001" FILE="E:/GameDev/hggjam/GameJamHGGUnreal4.23.1/GameJamCrew/Content/Levels/CheeseFactory_001.umap" SILENT=true AUTOSAVING=false KEEPDIRTY=false
[2025.09.25-20.09.28:287][606]LogUObjectHash: Compacting FUObjectHashTables data took   0.96ms
[2025.09.25-20.09.28:470][606]LogSavePackage: Moving 'E:/GameDev/hggjam/GameJamHGGUnreal4.23.1/GameJamCrew/Saved/CheeseFactory_00161045DDF48754E297A6FD98A15F8F007.tmp' to 'E:/GameDev/hggjam/GameJamHGGUnreal4.23.1/GameJamCrew/Content/Levels/CheeseFactory_001.umap'
[2025.09.25-20.09.28:481][606]Cmd: OBJ SAVEPACKAGE PACKAGE="/Game/Levels/CheeseFactory_001_BuiltData" FILE="E:/GameDev/hggjam/GameJamHGGUnreal4.23.1/GameJamCrew/Content/Levels/CheeseFactory_001_BuiltData.uasset" SILENT=true
[2025.09.25-20.09.28:984][606]LogSavePackage: Moving 'E:/GameDev/hggjam/GameJamHGGUnreal4.23.1/GameJamCrew/Saved/CheeseFactory_001_BuiltData19E11D3C4E8A0ADD460628BB2B5B6E02.tmp' to 'E:/GameDev/hggjam/GameJamHGGUnreal4.23.1/GameJamCrew/Content/Levels/CheeseFactory_001_BuiltData.uasset'
[2025.09.25-20.09.29:813][703]LogSlate: FSceneViewport::OnFocusLost() reason 0
[2025.09.25-20.09.29:899][711]LogUObjectHash: Compacting FUObjectHashTables data took   0.96ms
[2025.09.25-20.09.32:204][711]LogSlate: Window 'Save Content' being destroyed
[2025.09.25-20.09.32:221][711]LogSlate: FSceneViewport::OnFocusLost() reason 5
[2025.09.25-20.09.32:245][711]LogSavePackage: Moving 'E:/GameDev/hggjam/GameJamHGGUnreal4.23.1/GameJamCrew/Saved/copperbowl_color33A2E47B48FD11E0B3F0B2A3A950C8B8.tmp' to 'E:/GameDev/hggjam/GameJamHGGUnreal4.23.1/GameJamCrew/Content/LevelAssets/Materials/Models/Props/copperbowl/copperbowl_color.uasset'
[2025.09.25-20.09.32:261][711]LogSavePackage: Moving 'E:/GameDev/hggjam/GameJamHGGUnreal4.23.1/GameJamCrew/Saved/copperbowl_mixedFDFD653F4CDD3BA2B6F3DEA144673725.tmp' to 'E:/GameDev/hggjam/GameJamHGGUnreal4.23.1/GameJamCrew/Content/LevelAssets/Materials/Models/Props/copperbowl/copperbowl_mixed.uasset'
[2025.09.25-20.09.32:267][711]LogSavePackage: Moving 'E:/GameDev/hggjam/GameJamHGGUnreal4.23.1/GameJamCrew/Saved/M_copperbowl5769A41846895DBEF58EAA850C8D547F.tmp' to 'E:/GameDev/hggjam/GameJamHGGUnreal4.23.1/GameJamCrew/Content/LevelAssets/Materials/Models/Props/copperbowl/M_copperbowl.uasset'
[2025.09.25-20.09.32:280][711]LogSavePackage: Moving 'E:/GameDev/hggjam/GameJamHGGUnreal4.23.1/GameJamCrew/Saved/Material_Normal_DirectXE0D88BEB4DFE8683A1820E9EC8078A34.tmp' to 'E:/GameDev/hggjam/GameJamHGGUnreal4.23.1/GameJamCrew/Content/LevelAssets/Materials/Models/Props/copperbowl/Material_Normal_DirectX.uasset'
[2025.09.25-20.09.32:343][711]LogSavePackage: Moving 'E:/GameDev/hggjam/GameJamHGGUnreal4.23.1/GameJamCrew/Saved/cylinder_color68F8A63B458A6609F0DA6B8282E7001C.tmp' to 'E:/GameDev/hggjam/GameJamHGGUnreal4.23.1/GameJamCrew/Content/LevelAssets/Materials/Models/Props/cylinder/cylinder_color.uasset'
[2025.09.25-20.09.32:365][711]LogSavePackage: Moving 'E:/GameDev/hggjam/GameJamHGGUnreal4.23.1/GameJamCrew/Saved/cylinder_mixedA0E4387B42D5DA3BE221588AF900ADE7.tmp' to 'E:/GameDev/hggjam/GameJamHGGUnreal4.23.1/GameJamCrew/Content/LevelAssets/Materials/Models/Props/cylinder/cylinder_mixed.uasset'
[2025.09.25-20.09.32:389][711]LogSavePackage: Moving 'E:/GameDev/hggjam/GameJamHGGUnreal4.23.1/GameJamCrew/Saved/cylinder_normal972A2A4F4EDA3FB8AD8747889B5D475E.tmp' to 'E:/GameDev/hggjam/GameJamHGGUnreal4.23.1/GameJamCrew/Content/LevelAssets/Materials/Models/Props/cylinder/cylinder_normal.uasset'
[2025.09.25-20.09.32:392][711]LogSavePackage: Moving 'E:/GameDev/hggjam/GameJamHGGUnreal4.23.1/GameJamCrew/Saved/M_cylinderDC4E551F4787614BE959A3A5A8BA142F.tmp' to 'E:/GameDev/hggjam/GameJamHGGUnreal4.23.1/GameJamCrew/Content/LevelAssets/Materials/Models/Props/cylinder/M_cylinder.uasset'
[2025.09.25-20.09.32:412][711]LogSavePackage: Moving 'E:/GameDev/hggjam/GameJamHGGUnreal4.23.1/GameJamCrew/Saved/Cheese_box_with_Cheese871CF54546D7ABEB5F46088EB9DD6919.tmp' to 'E:/GameDev/hggjam/GameJamHGGUnreal4.23.1/GameJamCrew/Content/LevelAssets/Models/Props/Cheese_box_with_Cheese.uasset'
[2025.09.25-20.09.32:425][711]LogSavePackage: Moving 'E:/GameDev/hggjam/GameJamHGGUnreal4.23.1/GameJamCrew/Saved/Cheese_box_without_CheeseAE143E01443BDC566C36A8890AAE2665.tmp' to 'E:/GameDev/hggjam/GameJamHGGUnreal4.23.1/GameJamCrew/Content/LevelAssets/Models/Props/Cheese_box_without_Cheese.uasset'
[2025.09.25-20.09.32:432][711]Cmd: OBJ SAVEPACKAGE PACKAGE="/Game/LevelAssets/Models/Props/cylinder" FILE="E:/GameDev/hggjam/GameJamHGGUnreal4.23.1/GameJamCrew/Content/LevelAssets/Models/Props/cylinder.uasset" SILENT=true
[2025.09.25-20.09.32:442][711]LogSavePackage: Moving 'E:/GameDev/hggjam/GameJamHGGUnreal4.23.1/GameJamCrew/Saved/cylinder0B4723824228DCB1FC3270A593933F62.tmp' to 'E:/GameDev/hggjam/GameJamHGGUnreal4.23.1/GameJamCrew/Content/LevelAssets/Models/Props/cylinder.uasset'
[2025.09.25-20.09.32:446][711]Cmd: OBJ SAVEPACKAGE PACKAGE="/Game/LevelAssets/Models/Props/Tray_Plane_011" FILE="E:/GameDev/hggjam/GameJamHGGUnreal4.23.1/GameJamCrew/Content/LevelAssets/Models/Props/Tray_Plane_011.uasset" SILENT=true
[2025.09.25-20.09.32:447][711]LogSavePackage: Moving 'E:/GameDev/hggjam/GameJamHGGUnreal4.23.1/GameJamCrew/Saved/Tray_Plane_0119C01E9D24976FE73E2593DAC0D77204E.tmp' to 'E:/GameDev/hggjam/GameJamHGGUnreal4.23.1/GameJamCrew/Content/LevelAssets/Models/Props/Tray_Plane_011.uasset'
[2025.09.25-20.09.32:514][711]LogSlate: Window 'GameJamCrew - Unreal Editor' being destroyed
[2025.09.25-20.09.32:676][712]Cmd: QUIT_EDITOR
[2025.09.25-20.09.33:179][712]LogWindowsTextInputMethodSystem: Display: IME system now deactivated.
[2025.09.25-20.09.33:188][712]LogExit: Preparing to exit.
[2025.09.25-20.09.34:091][712]LogWorld: UWorld::CleanupWorld for World_1, bSessionEnded=true, bCleanupResources=true
[2025.09.25-20.09.34:092][712]LogWorld: UWorld::CleanupWorld for World_0, bSessionEnded=true, bCleanupResources=true
[2025.09.25-20.09.34:098][712]LogDemo: Cleaned up 0 splitscreen connections with owner deletion
[2025.09.25-20.09.34:103][712]LogWorld: UWorld::CleanupWorld for None, bSessionEnded=true, bCleanupResources=true
[2025.09.25-20.09.34:103][712]LogExit: Editor shut down
[2025.09.25-20.09.34:103][712]LogExit: Transaction tracking system shut down
[2025.09.25-20.09.34:277][712]LogExit: Object subsystem successfully closed.
[2025.09.25-20.09.34:305][712]LogShaderCompilers: Display: Shaders left to compile 0
[2025.09.25-20.09.34:317][712]LogModuleManager: Shutting down and abandoning module MovieSceneCapture (680)
[2025.09.25-20.09.34:317][712]LogModuleManager: Shutting down and abandoning module Voice (678)
[2025.09.25-20.09.34:317][712]LogModuleManager: Shutting down and abandoning module TextureEditor (676)
[2025.09.25-20.09.34:317][712]LogModuleManager: Shutting down and abandoning module HierarchicalLODUtilities (674)
[2025.09.25-20.09.34:317][712]LogModuleManager: Shutting down and abandoning module StaticMeshEditor (672)
[2025.09.25-20.09.34:317][712]LogModuleManager: Shutting down and abandoning module MeshBuilder (670)
[2025.09.25-20.09.34:317][712]LogModuleManager: Shutting down and abandoning module HierarchicalLODOutliner (668)
[2025.09.25-20.09.34:317][712]LogModuleManager: Shutting down and abandoning module SceneOutliner (666)
[2025.09.25-20.09.34:317][712]LogModuleManager: Shutting down and abandoning module AddContentDialog (664)
[2025.09.25-20.09.34:318][712]LogModuleManager: Shutting down and abandoning module WidgetCarousel (663)
[2025.09.25-20.09.34:318][712]LogModuleManager: Shutting down and abandoning module EditorWidgets (660)
[2025.09.25-20.09.34:318][712]LogModuleManager: Shutting down and abandoning module CollectionManager (658)
[2025.09.25-20.09.34:318][712]LogModuleManager: Shutting down and abandoning module StatsViewer (656)
[2025.09.25-20.09.34:318][712]LogModuleManager: Shutting down and abandoning module VirtualTexturingEditor (654)
[2025.09.25-20.09.34:318][712]LogModuleManager: Shutting down and abandoning module FoliageEdit (652)
[2025.09.25-20.09.34:318][712]LogModuleManager: Shutting down and abandoning module LandscapeEditor (650)
[2025.09.25-20.09.34:318][712]LogModuleManager: Shutting down and abandoning module MeshPaintMode (648)
[2025.09.25-20.09.34:318][712]LogModuleManager: Shutting down and abandoning module SceneDepthPickerMode (646)
[2025.09.25-20.09.34:318][712]LogModuleManager: Shutting down and abandoning module ActorPickerMode (644)
[2025.09.25-20.09.34:318][712]LogModuleManager: Shutting down and abandoning module GeometryMode (642)
[2025.09.25-20.09.34:318][712]LogModuleManager: Shutting down and abandoning module TextureAlignMode (640)
[2025.09.25-20.09.34:318][712]LogModuleManager: Shutting down and abandoning module BspMode (638)
[2025.09.25-20.09.34:318][712]LogModuleManager: Shutting down and abandoning module PIEPreviewDeviceProfileSelector (636)
[2025.09.25-20.09.34:318][712]LogModuleManager: Shutting down and abandoning module SequenceRecorderSections (634)
[2025.09.25-20.09.34:318][712]LogModuleManager: Shutting down and abandoning module AutomationWorker (632)
[2025.09.25-20.09.34:318][712]LogModuleManager: Shutting down and abandoning module OculusMR (630)
[2025.09.25-20.09.34:318][712]LogModuleManager: Shutting down and abandoning module AudioCaptureEditor (628)
[2025.09.25-20.09.34:318][712]LogModuleManager: Shutting down and abandoning module MatineeToLevelSequence (626)
[2025.09.25-20.09.34:318][712]LogModuleManager: Shutting down and abandoning module LevelSequenceEditor (624)
[2025.09.25-20.09.34:318][712]LogModuleManager: Shutting down and abandoning module PlacementMode (623)
[2025.09.25-20.09.34:318][712]LogModuleManager: Shutting down and abandoning module MaterialEditor (622)
[2025.09.25-20.09.34:318][712]LogModuleManager: Shutting down and abandoning module ActorSequenceEditor (618)
[2025.09.25-20.09.34:318][712]LogModuleManager: Shutting down and abandoning module WmfMediaFactory (616)
[2025.09.25-20.09.34:318][712]LogModuleManager: Shutting down and abandoning module WmfMediaEditor (614)
[2025.09.25-20.09.34:318][712]LogModuleManager: Shutting down and abandoning module WebMMediaFactory (612)
[2025.09.25-20.09.34:318][712]LogModuleManager: Shutting down and abandoning module WebMMediaEditor (610)
[2025.09.25-20.09.34:318][712]LogModuleManager: Shutting down and abandoning module WebMMedia (608)
[2025.09.25-20.09.34:318][712]LogModuleManager: Shutting down and abandoning module MediaPlayerEditor (606)
[2025.09.25-20.09.34:318][712]LogModuleManager: Shutting down and abandoning module MediaCompositingEditor (604)
[2025.09.25-20.09.34:318][712]LogModuleManager: Shutting down and abandoning module SequenceRecorder (603)
[2025.09.25-20.09.34:318][712]LogModuleManager: Shutting down and abandoning module OpenExrWrapper (600)
[2025.09.25-20.09.34:318][712]LogModuleManager: Shutting down and abandoning module ImgMediaFactory (598)
[2025.09.25-20.09.34:318][712]LogModuleManager: Shutting down and abandoning module ImgMediaEditor (596)
[2025.09.25-20.09.34:318][712]LogModuleManager: Shutting down and abandoning module AvfMediaFactory (594)
[2025.09.25-20.09.34:318][712]LogModuleManager: Shutting down and abandoning module AvfMediaEditor (592)
[2025.09.25-20.09.34:318][712]LogModuleManager: Shutting down and abandoning module AndroidMediaFactory (590)
[2025.09.25-20.09.34:318][712]LogModuleManager: Shutting down and abandoning module AndroidMediaEditor (588)
[2025.09.25-20.09.34:318][712]LogModuleManager: Shutting down and abandoning module MagicLeapCameraPreviewFactory (586)
[2025.09.25-20.09.34:318][712]LogModuleManager: Shutting down and abandoning module MagicLeapMediaCodecFactory (584)
[2025.09.25-20.09.34:318][712]LogModuleManager: Shutting down and abandoning module MagicLeapMediaFactory (582)
[2025.09.25-20.09.34:318][712]LogModuleManager: Shutting down and abandoning module MagicLeapMediaEditor (580)
[2025.09.25-20.09.34:318][712]LogModuleManager: Shutting down and abandoning module CharacterAI (578)
[2025.09.25-20.09.34:318][712]LogModuleManager: Shutting down and abandoning module SmartSnapping (576)
[2025.09.25-20.09.34:318][712]LogModuleManager: Shutting down and abandoning module SessionServices (574)
[2025.09.25-20.09.34:318][712]LogModuleManager: Shutting down and abandoning module MeshPaint (572)
[2025.09.25-20.09.34:318][712]LogModuleManager: Shutting down and abandoning module ViewportSnapping (570)
[2025.09.25-20.09.34:318][712]LogModuleManager: Shutting down and abandoning module ViewportInteraction (568)
[2025.09.25-20.09.34:319][712]LogModuleManager: Shutting down and abandoning module ClothPainter (566)
[2025.09.25-20.09.34:319][712]LogModuleManager: Shutting down and abandoning module SkeletalMeshEditor (565)
[2025.09.25-20.09.34:319][712]LogModuleManager: Shutting down and abandoning module LogVisualizer (562)
[2025.09.25-20.09.34:319][712]LogModuleManager: Shutting down and abandoning module IntroTutorials (560)
[2025.09.25-20.09.34:319][712]LogModuleManager: Shutting down and abandoning module GameProjectGeneration (559)
[2025.09.25-20.09.34:319][712]LogModuleManager: Shutting down and abandoning module LuminPlatformEditor (556)
[2025.09.25-20.09.34:319][712]LogModuleManager: Shutting down and abandoning module IOSPlatformEditor (554)
[2025.09.25-20.09.34:319][712]LogModuleManager: Shutting down and abandoning module HTML5PlatformEditor (552)
[2025.09.25-20.09.34:319][712]LogModuleManager: Shutting down and abandoning module AndroidPlatformEditor (550)
[2025.09.25-20.09.34:319][712]LogModuleManager: Shutting down and abandoning module AndroidDeviceDetection (549)
[2025.09.25-20.09.35:807][712]LogModuleManager: Shutting down and abandoning module WindowsPlatformEditor (546)
[2025.09.25-20.09.35:807][712]LogModuleManager: Shutting down and abandoning module LuminRuntimeSettings (544)
[2025.09.25-20.09.35:807][712]LogModuleManager: Shutting down and abandoning module IOSRuntimeSettings (542)
[2025.09.25-20.09.35:807][712]LogModuleManager: Shutting down and abandoning module AndroidRuntimeSettings (540)
[2025.09.25-20.09.35:807][712]LogModuleManager: Shutting down and abandoning module TimeManagementEditor (538)
[2025.09.25-20.09.35:807][712]LogModuleManager: Shutting down and abandoning module InputBindingEditor (536)
[2025.09.25-20.09.35:807][712]LogModuleManager: Shutting down and abandoning module MergeActors (534)
[2025.09.25-20.09.35:807][712]LogModuleManager: Shutting down and abandoning module LocalizationDashboard (532)
[2025.09.25-20.09.35:807][712]LogModuleManager: Shutting down and abandoning module LocalizationService (531)
[2025.09.25-20.09.35:807][712]LogModuleManager: Shutting down and abandoning module HardwareTargeting (528)
[2025.09.25-20.09.35:807][712]LogModuleManager: Shutting down and abandoning module DeviceProfileEditor (526)
[2025.09.25-20.09.35:807][712]LogModuleManager: Shutting down and abandoning module UndoHistory (524)
[2025.09.25-20.09.35:807][712]LogModuleManager: Shutting down and abandoning module XmlParser (522)
[2025.09.25-20.09.35:807][712]LogModuleManager: Shutting down and abandoning module Blutility (520)
[2025.09.25-20.09.35:807][712]LogModuleManager: Shutting down and abandoning module ProjectSettingsViewer (518)
[2025.09.25-20.09.35:808][712]LogModuleManager: Shutting down and abandoning module ProjectTargetPlatformEditor (517)
[2025.09.25-20.09.35:808][712]LogModuleManager: Shutting down and abandoning module EditorSettingsViewer (514)
[2025.09.25-20.09.35:808][712]LogModuleManager: Shutting down and abandoning module SettingsEditor (512)
[2025.09.25-20.09.35:808][712]LogModuleManager: Shutting down and abandoning module ProjectLauncher (510)
[2025.09.25-20.09.35:808][712]LogModuleManager: Shutting down and abandoning module SessionFrontend (508)
[2025.09.25-20.09.35:808][712]LogModuleManager: Shutting down and abandoning module ProfilerClient (506)
[2025.09.25-20.09.35:808][712]LogModuleManager: Shutting down and abandoning module DeviceManager (504)
[2025.09.25-20.09.35:808][712]LogModuleManager: Shutting down and abandoning module TargetDeviceServices (503)
[2025.09.25-20.09.35:850][712]LogModuleManager: Shutting down and abandoning module AutomationController (500)
[2025.09.25-20.09.35:850][712]LogModuleManager: Shutting down and abandoning module AutomationWindow (498)
[2025.09.25-20.09.35:850][712]LogModuleManager: Shutting down and abandoning module Layers (496)
[2025.09.25-20.09.35:850][712]LogModuleManager: Shutting down and abandoning module ComponentVisualizers (494)
[2025.09.25-20.09.35:850][712]LogModuleManager: Shutting down and abandoning module DetailCustomizations (492)
[2025.09.25-20.09.35:850][712]LogModuleManager: Shutting down and abandoning module PackagesDialog (490)
[2025.09.25-20.09.35:850][712]LogModuleManager: Shutting down and abandoning module AnimationBlueprintEditor (488)
[2025.09.25-20.09.35:850][712]LogModuleManager: Shutting down and abandoning module Persona (486)
[2025.09.25-20.09.35:850][712]LogModuleManager: Shutting down and abandoning module AdvancedPreviewScene (485)
[2025.09.25-20.09.35:850][712]LogModuleManager: Shutting down and abandoning module AnimGraph (483)
[2025.09.25-20.09.35:850][712]LogModuleManager: Shutting down and abandoning module Kismet (480)
[2025.09.25-20.09.35:850][712]LogModuleManager: Shutting down and abandoning module KismetWidgets (479)
[2025.09.25-20.09.35:850][712]LogModuleManager: Shutting down and abandoning module GraphEditor (476)
[2025.09.25-20.09.35:850][712]LogModuleManager: Shutting down and abandoning module StructViewer (474)
[2025.09.25-20.09.35:850][712]LogModuleManager: Shutting down and abandoning module ClassViewer (472)
[2025.09.25-20.09.35:850][712]LogModuleManager: Shutting down and abandoning module Toolbox (470)
[2025.09.25-20.09.35:850][712]LogModuleManager: Shutting down and abandoning module ModuleUI (468)
[2025.09.25-20.09.35:850][712]LogModuleManager: Shutting down and abandoning module MovieSceneTools (466)
[2025.09.25-20.09.35:850][712]LogModuleManager: Shutting down and abandoning module OutputLog (464)
[2025.09.25-20.09.35:851][712]LogModuleManager: Shutting down and abandoning module GammaUI (462)
[2025.09.25-20.09.35:851][712]LogModuleManager: Shutting down and abandoning module Documentation (460)
[2025.09.25-20.09.35:852][712]LogModuleManager: Shutting down and abandoning module LiveCoding (458)
[2025.09.25-20.09.35:852][712]LogModuleManager: Shutting down and abandoning module LevelSequence (456)
[2025.09.25-20.09.35:852][712]LogModuleManager: Shutting down and abandoning module MovieSceneTracks (454)
[2025.09.25-20.09.35:852][712]LogModuleManager: Shutting down and abandoning module MovieScene (452)
[2025.09.25-20.09.35:852][712]LogModuleManager: Shutting down and abandoning module StreamingPauseRendering (450)
[2025.09.25-20.09.35:852][712]LogModuleManager: Shutting down and abandoning module LauncherPlatform (448)
[2025.09.25-20.09.35:852][712]LogModuleManager: Shutting down and abandoning module AnalyticsET (446)
[2025.09.25-20.09.35:852][712]LogModuleManager: Shutting down and abandoning module PortalServices (444)
[2025.09.25-20.09.35:852][712]LogModuleManager: Shutting down and abandoning module PortalRpc (442)
[2025.09.25-20.09.35:852][712]LogModuleManager: Shutting down and abandoning module MessagingRpc (440)
[2025.09.25-20.09.35:852][712]LogModuleManager: Shutting down and abandoning module AIModule (438)
[2025.09.25-20.09.35:852][712]LogModuleManager: Shutting down and abandoning module GameplayDebugger (437)
[2025.09.25-20.09.35:852][712]LogModuleManager: Shutting down and abandoning module AITestSuite (435)
[2025.09.25-20.09.35:852][712]LogModuleManager: Shutting down and abandoning module NavigationSystem (433)
[2025.09.25-20.09.35:852][712]LogModuleManager: Shutting down and abandoning module DesktopPlatform (430)
[2025.09.25-20.09.35:852][712]LogModuleManager: Shutting down and abandoning module ImageWriteQueue (428)
[2025.09.25-20.09.35:854][712]LogModuleManager: Shutting down and abandoning module ProfilerService (426)
[2025.09.25-20.09.36:088][712]LogModuleManager: Shutting down and abandoning module TaskGraph (424)
[2025.09.25-20.09.36:088][712]LogModuleManager: Shutting down and abandoning module ScreenshotTools (422)
[2025.09.25-20.09.36:088][712]LogModuleManager: Shutting down and abandoning module SteamVRController (420)
[2025.09.25-20.09.36:088][712]LogModuleManager: Shutting down and abandoning module ProceduralMeshComponentEditor (418)
[2025.09.25-20.09.36:088][712]LogModuleManager: Shutting down and abandoning module ProceduralMeshComponent (416)
[2025.09.25-20.09.36:088][712]LogModuleManager: Shutting down and abandoning module OculusEditor (414)
[2025.09.25-20.09.36:089][712]LogModuleManager: Shutting down and abandoning module OculusInput (412)
[2025.09.25-20.09.36:089][712]LogModuleManager: Shutting down and abandoning module MobilePatchingUtils (410)
[2025.09.25-20.09.36:089][712]LogModuleManager: Shutting down and abandoning module EditableMesh (408)
[2025.09.25-20.09.36:089][712]LogModuleManager: Shutting down and abandoning module CustomMeshComponent (406)
[2025.09.25-20.09.36:089][712]LogModuleManager: Shutting down and abandoning module CableComponent (404)
[2025.09.25-20.09.36:089][712]LogModuleManager: Shutting down and abandoning module AudioCapture (402)
[2025.09.25-20.09.36:089][712]LogModuleManager: Shutting down and abandoning module ArchVisCharacter (400)
[2025.09.25-20.09.36:089][712]LogModuleManager: Shutting down and abandoning module AppleImageUtilsBlueprintSupport (398)
[2025.09.25-20.09.36:089][712]LogModuleManager: Shutting down and abandoning module AppleImageUtils (396)
[2025.09.25-20.09.36:089][712]LogModuleManager: Shutting down and abandoning module AndroidPermission (394)
[2025.09.25-20.09.36:089][712]LogModuleManager: Shutting down and abandoning module NUTUnrealEngine4 (392)
[2025.09.25-20.09.36:089][712]LogModuleManager: Shutting down and abandoning module NetcodeUnitTest (390)
[2025.09.25-20.09.36:089][712]LogModuleManager: Shutting down and abandoning module MediaCompositing (388)
[2025.09.25-20.09.36:089][712]LogModuleManager: Shutting down and abandoning module ImgMedia (386)
[2025.09.25-20.09.36:089][712]LogModuleManager: Shutting down and abandoning module MagicLeapHelperVulkan (384)
[2025.09.25-20.09.36:089][712]LogModuleManager: Shutting down and abandoning module MagicLeapHelperOpenGL (382)
[2025.09.25-20.09.36:089][712]LogModuleManager: Shutting down and abandoning module MagicLeapAudio (380)
[2025.09.25-20.09.36:089][712]LogModuleManager: Shutting down and abandoning module HTML5Networking (378)
[2025.09.25-20.09.36:089][712]LogModuleManager: Shutting down and abandoning module GeometryCacheTracks (376)
[2025.09.25-20.09.36:089][712]LogModuleManager: Shutting down and abandoning module GeometryCacheSequencer (374)
[2025.09.25-20.09.36:089][712]LogModuleManager: Shutting down and abandoning module BackChannel (372)
[2025.09.25-20.09.36:089][712]LogModuleManager: Shutting down and abandoning module AutomationUtilsEditor (370)
[2025.09.25-20.09.36:089][712]LogModuleManager: Shutting down and abandoning module AutomationUtils (368)
[2025.09.25-20.09.36:089][712]LogModuleManager: Shutting down and abandoning module AlembicImporter (366)
[2025.09.25-20.09.36:089][712]LogModuleManager: Shutting down and abandoning module AlembicLibrary (365)
[2025.09.25-20.09.36:089][712]LogModuleManager: Shutting down and abandoning module GeometryCache (364)
[2025.09.25-20.09.36:089][712]LogModuleManager: Shutting down and abandoning module GeometryCacheEd (363)
[2025.09.25-20.09.36:089][712]LogModuleManager: Shutting down and abandoning module VariantManagerContent (358)
[2025.09.25-20.09.36:089][712]LogModuleManager: Shutting down and abandoning module DatasmithContentEditor (356)
[2025.09.25-20.09.36:089][712]LogModuleManager: Shutting down and abandoning module SpeedTreeImporter (354)
[2025.09.25-20.09.36:089][712]LogModuleManager: Shutting down and abandoning module PluginBrowser (352)
[2025.09.25-20.09.36:089][712]LogModuleManager: Shutting down and abandoning module MobileLauncherProfileWizard (350)
[2025.09.25-20.09.36:089][712]LogModuleManager: Shutting down and abandoning module MaterialAnalyzer (348)
[2025.09.25-20.09.36:089][712]LogModuleManager: Shutting down and abandoning module CurveEditorTools (346)
[2025.09.25-20.09.36:089][712]LogModuleManager: Shutting down and abandoning module CurveEditor (345)
[2025.09.25-20.09.36:089][712]LogModuleManager: Shutting down and abandoning module CryptoKeysOpenSSL (342)
[2025.09.25-20.09.36:089][712]LogModuleManager: Shutting down and abandoning module CryptoKeys (340)
[2025.09.25-20.09.36:089][712]LogModuleManager: Shutting down and abandoning module VisualStudioSourceCodeAccess (338)
[2025.09.25-20.09.36:089][712]LogModuleManager: Shutting down and abandoning module VisualStudioCodeSourceCodeAccess (336)
[2025.09.25-20.09.36:089][712]LogModuleManager: Shutting down and abandoning module UObjectPlugin (334)
[2025.09.25-20.09.36:089][712]LogModuleManager: Shutting down and abandoning module SubversionSourceControl (332)
[2025.09.25-20.09.36:089][712]LogModuleManager: Shutting down and abandoning module PerforceSourceControl (330)
[2025.09.25-20.09.36:089][712]LogModuleManager: Shutting down and abandoning module GitSourceControl (328)
[2025.09.25-20.09.36:089][712]LogModuleManager: Shutting down and abandoning module SourceControl (327)
[2025.09.25-20.09.36:089][712]LogModuleManager: Shutting down and abandoning module CLionSourceCodeAccess (324)
[2025.09.25-20.09.36:089][712]LogModuleManager: Shutting down and abandoning module AnimationSharingEd (322)
[2025.09.25-20.09.36:089][712]LogModuleManager: Shutting down and abandoning module ActorLayerUtilitiesEditor (320)
[2025.09.25-20.09.36:089][712]LogModuleManager: Shutting down and abandoning module ActorLayerUtilities (318)
[2025.09.25-20.09.36:089][712]LogModuleManager: Shutting down and abandoning module LightPropagationVolumeEditor (316)
[2025.09.25-20.09.36:089][712]LogModuleManager: Shutting down and abandoning module PaperTiledImporter (314)
[2025.09.25-20.09.36:089][712]LogModuleManager: Shutting down and abandoning module PaperSpriteSheetImporter (312)
[2025.09.25-20.09.36:089][712]LogModuleManager: Shutting down and abandoning module Paper2DEditor (310)
[2025.09.25-20.09.36:089][712]LogModuleManager: Shutting down and abandoning module SignificanceManager (308)
[2025.09.25-20.09.36:089][712]LogModuleManager: Shutting down and abandoning module RuntimePhysXCooking (306)
[2025.09.25-20.09.36:089][712]LogModuleManager: Shutting down and abandoning module PhysXVehiclesEditor (304)
[2025.09.25-20.09.36:089][712]LogModuleManager: Shutting down and abandoning module LocationServicesBPLibrary (300)
[2025.09.25-20.09.36:089][712]LogModuleManager: Shutting down and abandoning module ActorSequence (298)
[2025.09.25-20.09.36:089][712]LogModuleManager: Shutting down and abandoning module UdpMessaging (296)
[2025.09.25-20.09.36:189][712]LogModuleManager: Shutting down and abandoning module TcpMessaging (294)
[2025.09.25-20.09.36:290][712]LogModuleManager: Shutting down and abandoning module MagicLeapIdentity (292)
[2025.09.25-20.09.36:290][712]LogModuleManager: Shutting down and abandoning module MagicLeapSecureStorage (290)
[2025.09.25-20.09.36:290][712]LogModuleManager: Shutting down and abandoning module MagicLeapHandTracking (288)
[2025.09.25-20.09.36:290][712]LogModuleManager: Shutting down and abandoning module MagicLeapEyeTracker (286)
[2025.09.25-20.09.36:290][712]LogModuleManager: Shutting down and abandoning module MagicLeapController (284)
[2025.09.25-20.09.36:290][712]LogSlate: Slate User Destroyed.  User Index 0, Is Virtual User: 0
[2025.09.25-20.09.36:290][712]LogModuleManager: Shutting down and abandoning module MagicLeapAR (282)
[2025.09.25-20.09.36:290][712]LogModuleManager: Shutting down and abandoning module AugmentedReality (281)
[2025.09.25-20.09.36:290][712]LogModuleManager: Shutting down and abandoning module GameplayTagsEditor (278)
[2025.09.25-20.09.36:290][712]LogModuleManager: Shutting down and abandoning module FacialAnimationEditor (276)
[2025.09.25-20.09.36:290][712]LogModuleManager: Shutting down and abandoning module FacialAnimation (274)
[2025.09.25-20.09.36:290][712]LogModuleManager: Shutting down and abandoning module DataValidation (272)
[2025.09.25-20.09.36:290][712]LogModuleManager: Shutting down and abandoning module AssetManagerEditor (270)
[2025.09.25-20.09.36:290][712]LogModuleManager: Shutting down and abandoning module LevelEditor (269)
[2025.09.25-20.09.36:290][712]LogModuleManager: Shutting down and abandoning module PixelInspectorModule (268)
[2025.09.25-20.09.36:291][712]LogModuleManager: Shutting down and abandoning module CommonMenuExtensions (266)
[2025.09.25-20.09.36:291][712]LogModuleManager: Shutting down and abandoning module MainFrame (264)
[2025.09.25-20.09.36:291][712]LogModuleManager: Shutting down and abandoning module HotReload (263)
[2025.09.25-20.09.36:291][712]LogModuleManager: Shutting down and abandoning module ContentBrowser (259)
[2025.09.25-20.09.36:291][712]LogModuleManager: Shutting down and abandoning module TreeMap (257)
[2025.09.25-20.09.36:291][712]LogModuleManager: Shutting down and abandoning module AnimationSharing (254)
[2025.09.25-20.09.36:291][712]LogModuleManager: Shutting down and abandoning module LightPropagationVolumeRuntime (252)
[2025.09.25-20.09.36:291][712]LogModuleManager: Shutting down and abandoning module Paper2D (250)
[2025.09.25-20.09.36:291][712]LogModuleManager: Shutting down and abandoning module WindowsMoviePlayer (248)
[2025.09.25-20.09.36:292][712]LogModuleManager: Shutting down and abandoning module WebMMoviePlayer (246)
[2025.09.25-20.09.36:292][712]LogModuleManager: Shutting down and abandoning module NetworkReplayStreaming (244)
[2025.09.25-20.09.36:292][712]LogModuleManager: Shutting down and abandoning module PacketHandler (242)
[2025.09.25-20.09.36:292][712]LogModuleManager: Shutting down and abandoning module ClothingSystemEditor (240)
[2025.09.25-20.09.36:292][712]LogModuleManager: Shutting down and abandoning module ClothingSystemRuntime (238)
[2025.09.25-20.09.36:292][712]LogModuleManager: Shutting down and abandoning module MediaAssets (236)
[2025.09.25-20.09.36:292][712]LogModuleManager: Shutting down and abandoning module Overlay (234)
[2025.09.25-20.09.36:292][712]LogModuleManager: Shutting down and abandoning module OverlayEditor (233)
[2025.09.25-20.09.36:292][712]LogModuleManager: Shutting down and abandoning module VREditor (230)
[2025.09.25-20.09.36:292][712]LogModuleManager: Shutting down and abandoning module StringTableEditor (228)
[2025.09.25-20.09.36:292][712]LogModuleManager: Shutting down and abandoning module GameplayTasksEditor (226)
[2025.09.25-20.09.36:292][712]LogModuleManager: Shutting down and abandoning module BehaviorTreeEditor (224)
[2025.09.25-20.09.36:292][712]LogModuleManager: Shutting down and abandoning module FunctionalTesting (222)
[2025.09.25-20.09.36:292][712]LogModuleManager: Shutting down and abandoning module CollisionAnalyzer (220)
[2025.09.25-20.09.36:292][712]LogModuleManager: Shutting down and abandoning module WorkspaceMenuStructure (219)
[2025.09.25-20.09.36:292][712]LogModuleManager: Shutting down and abandoning module UMG (216)
[2025.09.25-20.09.36:292][712]LogModuleManager: Shutting down and abandoning module UMGEditor (215)
[2025.09.25-20.09.36:292][712]LogModuleManager: Shutting down and abandoning module Sequencer (214)
[2025.09.25-20.09.36:292][712]LogModuleManager: Shutting down and abandoning module MessageLog (211)
[2025.09.25-20.09.36:292][712]LogModuleManager: Shutting down and abandoning module SlateReflector (206)
[2025.09.25-20.09.36:292][712]LogModuleManager: Shutting down and abandoning module Slate (204)
[2025.09.25-20.09.36:292][712]LogModuleManager: Shutting down and abandoning module LandscapeEditorUtilities (202)
[2025.09.25-20.09.36:292][712]LogModuleManager: Shutting down and abandoning module EditorStyle (200)
[2025.09.25-20.09.36:294][712]LogModuleManager: Shutting down and abandoning module UnrealEd (198)
[2025.09.25-20.09.36:294][712]LogModuleManager: Shutting down and abandoning module MRMesh (196)
[2025.09.25-20.09.36:294][712]LogModuleManager: Shutting down and abandoning module SourceCodeAccess (194)
[2025.09.25-20.09.36:294][712]LogModuleManager: Shutting down and abandoning module HeadMountedDisplay (192)
[2025.09.25-20.09.36:294][712]LogModuleManager: Shutting down and abandoning module XAudio2 (190)
[2025.09.25-20.09.36:294][712]LogModuleManager: Shutting down and abandoning module Networking (188)
[2025.09.25-20.09.36:294][712]LogModuleManager: Shutting down and abandoning module Core (186)
[2025.09.25-20.09.36:294][712]LogModuleManager: Shutting down and abandoning module KismetCompiler (184)
[2025.09.25-20.09.36:294][712]LogModuleManager: Shutting down and abandoning module MeshUtilities (182)
[2025.09.25-20.09.36:294][712]LogModuleManager: Shutting down and abandoning module MeshMergeUtilities (181)
[2025.09.25-20.09.36:294][712]LogModuleManager: Shutting down and abandoning module MeshReductionInterface (180)
[2025.09.25-20.09.36:294][712]LogModuleManager: Shutting down and abandoning module SkeletalMeshReduction (179)
[2025.09.25-20.09.36:294][712]LogModuleManager: Shutting down and abandoning module ProxyLODMeshReduction (177)
[2025.09.25-20.09.36:294][712]LogModuleManager: Shutting down and abandoning module QuadricMeshReduction (175)
[2025.09.25-20.09.36:294][712]LogModuleManager: Shutting down and abandoning module MaterialBaking (171)
[2025.09.25-20.09.36:294][712]LogModuleManager: Shutting down and abandoning module NullInstallBundleManager (166)
[2025.09.25-20.09.36:294][712]LogModuleManager: Shutting down and abandoning module DerivedDataCache (164)
[2025.09.25-20.09.36:300][712]LogDerivedDataCache: Shutdown
[2025.09.25-20.09.36:300][712]LogModuleManager: Shutting down and abandoning module XGEController (162)
[2025.09.25-20.09.36:300][712]LogModuleManager: Shutting down and abandoning module TargetPlatform (160)
[2025.09.25-20.09.36:301][712]LogModuleManager: Shutting down and abandoning module VulkanShaderFormat (159)
[2025.09.25-20.09.36:301][712]LogModuleManager: Shutting down and abandoning module ShaderFormatVectorVM (157)
[2025.09.25-20.09.36:301][712]LogModuleManager: Shutting down and abandoning module ShaderFormatOpenGL (155)
[2025.09.25-20.09.36:301][712]LogModuleManager: Shutting down and abandoning module ShaderFormatD3D (153)
[2025.09.25-20.09.36:301][712]LogModuleManager: Shutting down and abandoning module MetalShaderFormat (151)
[2025.09.25-20.09.36:301][712]LogModuleManager: Shutting down and abandoning module TextureFormatUncompressed (149)
[2025.09.25-20.09.36:301][712]LogModuleManager: Shutting down and abandoning module TextureFormatPVR (147)
[2025.09.25-20.09.36:301][712]LogModuleManager: Shutting down and abandoning module TextureFormatDXT (145)
[2025.09.25-20.09.36:301][712]LogModuleManager: Shutting down and abandoning module TextureFormatIntelISPCTexComp (143)
[2025.09.25-20.09.36:301][712]LogModuleManager: Shutting down and abandoning module TextureFormatASTC (141)
[2025.09.25-20.09.36:301][712]LogModuleManager: Shutting down and abandoning module ImageWrapper (140)
[2025.09.25-20.09.36:301][712]LogModuleManager: Shutting down and abandoning module TextureFormatAndroid (137)
[2025.09.25-20.09.36:301][712]LogModuleManager: Shutting down and abandoning module AudioFormatOpus (135)
[2025.09.25-20.09.36:301][712]LogModuleManager: Shutting down and abandoning module AudioFormatOgg (133)
[2025.09.25-20.09.36:301][712]LogModuleManager: Shutting down and abandoning module AudioFormatADPCM (131)
[2025.09.25-20.09.36:301][712]LogModuleManager: Shutting down and abandoning module LuminTargetPlatform (129)
[2025.09.25-20.09.36:301][712]LogModuleManager: Shutting down and abandoning module LinuxTargetPlatform (127)
[2025.09.25-20.09.36:301][712]LogModuleManager: Shutting down and abandoning module LinuxServerTargetPlatform (125)
[2025.09.25-20.09.36:301][712]LogModuleManager: Shutting down and abandoning module LinuxNoEditorTargetPlatform (123)
[2025.09.25-20.09.36:301][712]LogModuleManager: Shutting down and abandoning module LinuxClientTargetPlatform (121)
[2025.09.25-20.09.36:301][712]LogModuleManager: Shutting down and abandoning module TVOSTargetPlatform (119)
[2025.09.25-20.09.36:302][712]LogModuleManager: Shutting down and abandoning module Messaging (117)
[2025.09.25-20.09.36:302][712]LogModuleManager: Shutting down and abandoning module IOSTargetPlatform (115)
[2025.09.25-20.09.36:304][712]LogModuleManager: Shutting down and abandoning module HTML5TargetPlatform (113)
[2025.09.25-20.09.36:304][712]LogModuleManager: Shutting down and abandoning module AndroidTargetPlatform (111)
[2025.09.25-20.09.36:307][712]LogModuleManager: Shutting down and abandoning module WindowsTargetPlatform (109)
[2025.09.25-20.09.36:307][712]LogModuleManager: Shutting down and abandoning module WindowsServerTargetPlatform (107)
[2025.09.25-20.09.36:307][712]LogModuleManager: Shutting down and abandoning module WindowsNoEditorTargetPlatform (105)
[2025.09.25-20.09.36:307][712]LogModuleManager: Shutting down and abandoning module WindowsClientTargetPlatform (103)
[2025.09.25-20.09.36:307][712]LogModuleManager: Shutting down and abandoning module MacTargetPlatform (101)
[2025.09.25-20.09.36:307][712]LogModuleManager: Shutting down and abandoning module MacServerTargetPlatform (99)
[2025.09.25-20.09.36:307][712]LogModuleManager: Shutting down and abandoning module MacNoEditorTargetPlatform (97)
[2025.09.25-20.09.36:307][712]LogModuleManager: Shutting down and abandoning module MacClientTargetPlatform (95)
[2025.09.25-20.09.36:307][712]LogModuleManager: Shutting down and abandoning module AllDesktopTargetPlatform (93)
[2025.09.25-20.09.36:307][712]LogModuleManager: Shutting down and abandoning module InputCore (90)
[2025.09.25-20.09.36:307][712]LogModuleManager: Shutting down and abandoning module Settings (88)
[2025.09.25-20.09.36:307][712]LogModuleManager: Shutting down and abandoning module DirectoryWatcher (86)
[2025.09.25-20.09.36:307][712]LogModuleManager: Shutting down and abandoning module PhysXCooking (84)
[2025.09.25-20.09.36:307][712]LogModuleManager: Shutting down and abandoning module WindowsPlatformFeatures (82)
[2025.09.25-20.09.36:307][712]LogModuleManager: Shutting down and abandoning module GameplayMediaEncoder (81)
[2025.09.25-20.09.36:307][712]LogModuleManager: Shutting down and abandoning module SteamVR (78)
[2025.09.25-20.09.36:307][712]LogHMD: Freeing OpenVRDLLHandle.
[2025.09.25-20.09.36:307][712]LogModuleManager: Shutting down and abandoning module OculusHMD (76)
[2025.09.25-20.09.36:307][712]LogModuleManager: Shutting down and abandoning module ExampleDeviceProfileSelector (74)
[2025.09.25-20.09.36:307][712]LogModuleManager: Shutting down and abandoning module LauncherChunkInstaller (72)
[2025.09.25-20.09.36:307][712]LogModuleManager: Shutting down and abandoning module OnlineBlueprintSupport (70)
[2025.09.25-20.09.36:307][712]LogModuleManager: Shutting down and abandoning module OnlineSubsystem (66)
[2025.09.25-20.09.36:308][712]LogModuleManager: Shutting down and abandoning module XMPP (61)
[2025.09.25-20.09.36:308][712]LogModuleManager: Shutting down and abandoning module WebSockets (60)
[2025.09.25-20.09.36:325][712]LogModuleManager: Shutting down and abandoning module HTTP (57)
[2025.09.25-20.09.36:325][712]LogHttp: Display: Http module shutting down, but needs to wait on 1 outstanding Http requests:
[2025.09.25-20.09.36:325][712]LogHttp: Display: 	verb=[POST] url=[https://datarouter.ol.epicgames.com/datarouter/api/v1/public/data?SessionID=%7B41714F90-46A6-4ABF-BAC5-A6BCEB55FEFC%7D&AppID=UEEditor.Rocket.Release&AppVersion=4.23.1-9631420%2B%2B%2BUE4%2BRelease-4.23&UserID=fcf63f4f4aa3b52c2cf4428b646ed4b7%7C817ac0c8b8ec4586b1a7d191863bddae%7C716e1537-9eef-4754-8647-18858cea8326&AppEnvironment=datacollector-binary&UploadType=eteventstream] status=Processing
[2025.09.25-20.09.36:337][712]LogModuleManager: Shutting down and abandoning module SSL (56)
[2025.09.25-20.09.36:338][712]LogModuleManager: Shutting down and abandoning module WmfMedia (52)
[2025.09.25-20.09.36:338][712]LogModuleManager: Shutting down and abandoning module Media (51)
[2025.09.25-20.09.36:340][712]LogModuleManager: Shutting down and abandoning module MagicLeap (48)
[2025.09.25-20.09.36:340][712]LogModuleManager: Shutting down and abandoning module DatasmithContent (46)
[2025.09.25-20.09.36:340][712]LogModuleManager: Shutting down and abandoning module AISupportModule (44)
[2025.09.25-20.09.36:340][712]LogModuleManager: Shutting down and abandoning module PlatformCryptoOpenSSL (42)
[2025.09.25-20.09.36:340][712]LogModuleManager: Shutting down and abandoning module PlatformCrypto (40)
[2025.09.25-20.09.36:340][712]LogModuleManager: Shutting down and abandoning module AnimationModifiers (38)
[2025.09.25-20.09.36:340][712]LogModuleManager: Shutting down and abandoning module PropertyEditor (37)
[2025.09.25-20.09.36:340][712]LogModuleManager: Shutting down and abandoning module AudioEditor (34)
[2025.09.25-20.09.36:340][712]LogModuleManager: Shutting down and abandoning module TextureCompressor (32)
[2025.09.25-20.09.36:340][712]LogModuleManager: Shutting down and abandoning module RenderCore (30)
[2025.09.25-20.09.36:340][712]LogModuleManager: Shutting down and abandoning module Landscape (28)
[2025.09.25-20.09.36:340][712]LogModuleManager: Shutting down and abandoning module SlateRHIRenderer (26)
[2025.09.25-20.09.36:341][712]LogModuleManager: Shutting down and abandoning module OpenGLDrv (24)
[2025.09.25-20.09.36:341][712]LogModuleManager: Shutting down and abandoning module D3D11RHI (22)
[2025.09.25-20.09.36:341][712]LogModuleManager: Shutting down and abandoning module AnimGraphRuntime (20)
[2025.09.25-20.09.36:341][712]LogModuleManager: Shutting down and abandoning module Renderer (18)
[2025.09.25-20.09.36:341][712]LogModuleManager: Shutting down and abandoning module Engine (16)
[2025.09.25-20.09.36:341][712]LogModuleManager: Shutting down and abandoning module CoreUObject (14)
[2025.09.25-20.09.36:341][712]LogModuleManager: Shutting down and abandoning module NetworkFile (12)
[2025.09.25-20.09.36:341][712]LogModuleManager: Shutting down and abandoning module CookedIterativeFile (10)
[2025.09.25-20.09.36:341][712]LogModuleManager: Shutting down and abandoning module StreamingFile (8)
[2025.09.25-20.09.36:341][712]LogModuleManager: Shutting down and abandoning module SandboxFile (6)
[2025.09.25-20.09.36:341][712]LogModuleManager: Shutting down and abandoning module PakFile (4)
[2025.09.25-20.09.36:341][712]LogModuleManager: Shutting down and abandoning module RSA (3)
[2025.09.25-20.09.36:345][712]LogD3D11RHI: Shutdown
[2025.09.25-20.09.36:345][712]LogD3D11RHI: CleanupD3DDevice
[2025.09.25-20.09.36:348][712]LogRendererCore: FGlobalDynamicReadBuffer::Cleanup()
[2025.09.25-20.09.36:348][712]LogRendererCore: FGlobalDynamicReadBuffer::Cleanup()
[2025.09.25-20.09.36:348][712]LogRendererCore: FGlobalDynamicReadBuffer::Cleanup()
[2025.09.25-20.09.36:350][712]LogD3D11RHI: ~FD3D11DynamicRHI
[2025.09.25-20.09.36:359][712]LogExit: Exiting.
[2025.09.25-20.09.36:371][712]Log file closed, 09/25/25 23:09:36
