Log file open, 09/29/25 16:18:01
LogWindows: Failed to load 'aqProf.dll' (GetLastError=126)
LogWindows: File 'aqProf.dll' does not exist
LogWindows: Failed to load 'VtuneApi.dll' (GetLastError=126)
LogWindows: File 'VtuneApi.dll' does not exist
LogWindows: Failed to load 'VtuneApi32e.dll' (GetLastError=126)
LogWindows: File 'VtuneApi32e.dll' does not exist
LogConsoleResponse: Display: Failed to find resolution value strings in scalability ini. Falling back to default.
LogInit: Display: Running engine for game: GameJamCrew
LogPlatformFile: Not using cached read wrapper
LogTaskGraph: Started task graph with 5 named threads and 35 total threads with 3 sets of task threads.
LogStats: Stats thread started at 0.047772
LogD3D11RHI: Loaded GFSDK_Aftermath_Lib.x64.dll
LogICUInternationalization: ICU TimeZone Detection - Raw Offset: +1:00, Platform Override: ''
LogPluginManager: Mounting plugin Paper2D
LogPluginManager: Mounting plugin AISupport
LogPluginManager: Mounting plugin LightPropagationVolume
LogPluginManager: Mounting plugin ActorLayerUtilities
LogPluginManager: Mounting plugin AnimationSharing
LogPluginManager: Mounting plugin CLionSourceCodeAccess
LogPluginManager: Mounting plugin CodeLiteSourceCodeAccess
LogPluginManager: Mounting plugin GitSourceControl
LogPluginManager: Mounting plugin KDevelopSourceCodeAccess
LogPluginManager: Mounting plugin NullSourceCodeAccess
LogPluginManager: Mounting plugin PerforceSourceControl
LogPluginManager: Mounting plugin SubversionSourceControl
LogPluginManager: Mounting plugin UObjectPlugin
LogPluginManager: Mounting plugin VisualStudioCodeSourceCodeAccess
LogPluginManager: Mounting plugin VisualStudioSourceCodeAccess
LogPluginManager: Mounting plugin XCodeSourceCodeAccess
LogPluginManager: Mounting plugin AssetManagerEditor
LogPluginManager: Mounting plugin CryptoKeys
LogPluginManager: Mounting plugin CurveEditorTools
LogPluginManager: Mounting plugin DataValidation
LogPluginManager: Mounting plugin FacialAnimation
LogPluginManager: Mounting plugin GameplayTagsEditor
LogPluginManager: Mounting plugin MacGraphicsSwitching
LogPluginManager: Mounting plugin MaterialAnalyzer
LogPluginManager: Mounting plugin MobileLauncherProfileWizard
LogPluginManager: Mounting plugin PluginBrowser
LogPluginManager: Mounting plugin SpeedTreeImporter
LogPluginManager: Mounting plugin DatasmithContent
LogPluginManager: Mounting plugin VariantManagerContent
LogPluginManager: Mounting plugin AlembicImporter
LogPluginManager: Mounting plugin AutomationUtils
LogPluginManager: Mounting plugin BackChannel
LogPluginManager: Mounting plugin CharacterAI
LogPluginManager: Mounting plugin GeometryCache
LogPluginManager: Mounting plugin HTML5Networking
LogPluginManager: Mounting plugin PlatformCrypto
LogPluginManager: Mounting plugin ProxyLODPlugin
LogPluginManager: Mounting plugin SkeletalReduction
LogPluginManager: Mounting plugin MagicLeap
LogPluginManager: Mounting plugin MagicLeapMedia
LogPluginManager: Mounting plugin AndroidMedia
LogPluginManager: Mounting plugin AvfMedia
LogPluginManager: Mounting plugin ImgMedia
LogPluginManager: Mounting plugin MediaCompositing
LogPluginManager: Mounting plugin MediaPlayerEditor
LogPluginManager: Mounting plugin WebMMedia
LogPluginManager: Mounting plugin WmfMedia
LogPluginManager: Mounting plugin TcpMessaging
LogPluginManager: Mounting plugin UdpMessaging
LogPluginManager: Mounting plugin ActorSequence
LogPluginManager: Mounting plugin LevelSequenceEditor
LogPluginManager: Mounting plugin MatineeToLevelSequence
LogPluginManager: Mounting plugin NetcodeUnitTest
LogPluginManager: Mounting plugin NUTUnrealEngine4
LogPluginManager: Mounting plugin OnlineSubsystemGooglePlay
LogPluginManager: Mounting plugin OnlineSubsystemIOS
LogPluginManager: Mounting plugin OnlineSubsystem
LogPluginManager: Mounting plugin OnlineSubsystemNull
LogPluginManager: Mounting plugin OnlineSubsystemUtils
LogPluginManager: Mounting plugin LauncherChunkInstaller
LogPluginManager: Mounting plugin AndroidDeviceProfileSelector
LogPluginManager: Mounting plugin AndroidMoviePlayer
LogPluginManager: Mounting plugin AndroidPermission
LogPluginManager: Mounting plugin AppleImageUtils
LogPluginManager: Mounting plugin AppleMoviePlayer
LogPluginManager: Mounting plugin ArchVisCharacter
LogPluginManager: Mounting plugin AudioCapture
LogPluginManager: Mounting plugin CableComponent
LogPluginManager: Mounting plugin CustomMeshComponent
LogPluginManager: Mounting plugin EditableMesh
LogPluginManager: Mounting plugin ExampleDeviceProfileSelector
LogPluginManager: Mounting plugin GoogleCloudMessaging
LogPluginManager: Mounting plugin IOSDeviceProfileSelector
LogPluginManager: Mounting plugin LinuxDeviceProfileSelector
LogPluginManager: Mounting plugin LocationServicesBPLibrary
LogPluginManager: Mounting plugin MobilePatchingUtils
LogPluginManager: Mounting plugin OculusVR
LogPluginManager: Mounting plugin PhysXVehicles
LogPluginManager: Mounting plugin ProceduralMeshComponent
LogPluginManager: Mounting plugin RuntimePhysXCooking
LogPluginManager: Mounting plugin SignificanceManager
LogPluginManager: Mounting plugin SteamVR
LogPluginManager: Mounting plugin WebMMoviePlayer
LogPluginManager: Mounting plugin WindowsMoviePlayer
LogPluginManager: Mounting plugin ScreenshotTools
LogInit: Using libcurl 7.55.1-DEV
LogInit:  - built for x86_64-pc-win32
LogInit:  - supports SSL with OpenSSL/1.1.1
LogInit:  - supports HTTP deflate (compression) using libz 1.2.8
LogInit:  - other features:
LogInit:      CURL_VERSION_SSL
LogInit:      CURL_VERSION_LIBZ
LogInit:      CURL_VERSION_IPV6
LogInit:      CURL_VERSION_ASYNCHDNS
LogInit:      CURL_VERSION_LARGEFILE
LogInit:      CURL_VERSION_IDN
LogInit:  CurlRequestOptions (configurable via config and command line):
LogInit:  - bVerifyPeer = true  - Libcurl will verify peer certificate
LogInit:  - bUseHttpProxy = false  - Libcurl will NOT use HTTP proxy
LogInit:  - bDontReuseConnections = false  - Libcurl will reuse connections
LogInit:  - MaxHostConnections = 16  - Libcurl will limit the number of connections to a host
LogInit:  - LocalHostAddr = Default
LogInit:  - BufferSize = 65536
LogOnline: OSS: Creating online subsystem instance for: NULL
LogInit: WinSock: version 1.1 (2.2), MaxSocks=32767, MaxUdp=65467
LogInit: Build: ++UE4+Release-4.23-CL-9631420
LogInit: Engine Version: 4.23.1-9631420+++UE4+Release-4.23
LogInit: Compatible Engine Version: 4.23.0-8386587+++UE4+Release-4.23
LogInit: Net CL: 8386587
LogInit: OS: Windows 10 (Release 2009) (), CPU: AMD Ryzen 5 7600X 6-Core Processor             , GPU: NVIDIA GeForce RTX 3070 Ti
LogInit: Compiled (64-bit): Oct 18 2019 02:07:44
LogInit: Compiled with Visual C++: 19.16.27030.01
LogInit: Build Configuration: Development
LogInit: Branch Name: ++UE4+Release-4.23
LogInit: Command Line: 
LogInit: Base Directory: D:/UE_4.23/Engine/Binaries/Win64/
LogInit: Installed Engine Build: 1
LogDevObjectVersion: Number of dev versions registered: 23
LogDevObjectVersion:   Dev-Blueprints (B0D832E4-1F89-4F0D-ACCF-7EB736FD4AA2): 10
LogDevObjectVersion:   Dev-Build (E1C64328-A22C-4D53-A36C-8E866417BD8C): 0
LogDevObjectVersion:   Dev-Core (375EC13C-06E4-48FB-B500-84F0262A717E): 3
LogDevObjectVersion:   Dev-Editor (E4B068ED-F494-42E9-A231-DA0B2E46BB41): 34
LogDevObjectVersion:   Dev-Framework (CFFC743F-43B0-4480-9391-14DF171D2073): 35
LogDevObjectVersion:   Dev-Mobile (B02B49B5-BB20-44E9-A304-32B752E40360): 2
LogDevObjectVersion:   Dev-Networking (A4E4105C-59A1-49B5-A7C5-40C4547EDFEE): 0
LogDevObjectVersion:   Dev-Online (39C831C9-5AE6-47DC-9A44-9C173E1C8E7C): 0
LogDevObjectVersion:   Dev-Physics (78F01B33-EBEA-4F98-B9B4-84EACCB95AA2): 0
LogDevObjectVersion:   Dev-Platform (6631380F-2D4D-43E0-8009-CF276956A95A): 0
LogDevObjectVersion:   Dev-Rendering (12F88B9F-8875-4AFC-A67C-D90C383ABD29): 31
LogDevObjectVersion:   Dev-Sequencer (7B5AE74C-D270-4C10-A958-57980B212A5A): 11
LogDevObjectVersion:   Dev-VR (D7296918-1DD6-4BDD-9DE2-64A83CC13884): 2
LogDevObjectVersion:   Dev-LoadTimes (C2A15278-BFE7-4AFE-6C17-90FF531DF755): 1
LogDevObjectVersion:   Private-Geometry (6EACA3D4-40EC-4CC1-B786-8BED09428FC5): 3
LogDevObjectVersion:   Dev-AnimPhys (29E575DD-E0A3-4627-9D10-D276232CDCEA): 17
LogDevObjectVersion:   Dev-Anim (AF43A65D-7FD3-4947-9873-3E8ED9C1BB05): 2
LogDevObjectVersion:   Dev-ReflectionCapture (6B266CEC-1EC7-4B8F-A30B-E4D90942FC07): 1
LogDevObjectVersion:   Dev-Automation (0DF73D61-A23F-47EA-B727-89E90C41499A): 1
LogDevObjectVersion:   FortniteMain (601D1886-AC64-4F84-AA16-D3DE0DEAC7D6): 27
LogDevObjectVersion:   Dev-Enterprise (9DFFBCD6-494F-0158-E221-12823C92A888): 6
LogDevObjectVersion:   Dev-Niagara (F2AED0AC-9AFE-416F-8664-AA7FFA26D6FC): 1
LogDevObjectVersion:   Dev-Destruction (174F1F0B-B4C6-45A5-B13F-2EE8D0FB917D): 9
LogInit: Presizing for max 16777216 objects, including 0 objects not considered by GC, pre-allocating 0 bytes for permanent pool.
LogInit: Object subsystem initialized
LogConfig: Setting CVar [[con.DebugEarlyDefault:1]]
LogConfig: Setting CVar [[r.setres:1280x720]]
[2025.09.29-14.18.01:134][  0]LogConfig: Setting CVar [[r.VSync:0]]
[2025.09.29-14.18.01:134][  0]LogConfig: Setting CVar [[r.RHICmdBypass:0]]
[2025.09.29-14.18.01:134][  0]LogConfig: Applying CVar settings from Section [/Script/Engine.RendererSettings] File [E:/GameJamHGGUnreal4.23.1/GameJamCrew/Saved/Config/Windows/Engine.ini]
[2025.09.29-14.18.01:134][  0]LogConfig: Setting CVar [[r.GPUCrashDebugging:0]]
[2025.09.29-14.18.01:134][  0]LogConfig: Applying CVar settings from Section [/Script/Engine.RendererOverrideSettings] File [E:/GameJamHGGUnreal4.23.1/GameJamCrew/Saved/Config/Windows/Engine.ini]
[2025.09.29-14.18.01:134][  0]LogConfig: Applying CVar settings from Section [/Script/Engine.StreamingSettings] File [E:/GameJamHGGUnreal4.23.1/GameJamCrew/Saved/Config/Windows/Engine.ini]
[2025.09.29-14.18.01:134][  0]LogConfig: Setting CVar [[s.MinBulkDataSizeForAsyncLoading:131072]]
[2025.09.29-14.18.01:134][  0]LogConfig: Setting CVar [[s.AsyncLoadingThreadEnabled:0]]
[2025.09.29-14.18.01:134][  0]LogConfig: Setting CVar [[s.EventDrivenLoaderEnabled:1]]
[2025.09.29-14.18.01:134][  0]LogConfig: Setting CVar [[s.WarnIfTimeLimitExceeded:0]]
[2025.09.29-14.18.01:134][  0]LogConfig: Setting CVar [[s.TimeLimitExceededMultiplier:1.5]]
[2025.09.29-14.18.01:134][  0]LogConfig: Setting CVar [[s.TimeLimitExceededMinTime:0.005]]
[2025.09.29-14.18.01:134][  0]LogConfig: Setting CVar [[s.UseBackgroundLevelStreaming:1]]
[2025.09.29-14.18.01:134][  0]LogConfig: Setting CVar [[s.PriorityAsyncLoadingExtraTime:15.0]]
[2025.09.29-14.18.01:134][  0]LogConfig: Setting CVar [[s.LevelStreamingActorsUpdateTimeLimit:5.0]]
[2025.09.29-14.18.01:134][  0]LogConfig: Setting CVar [[s.PriorityLevelStreamingActorsUpdateExtraTime:5.0]]
[2025.09.29-14.18.01:134][  0]LogConfig: Setting CVar [[s.LevelStreamingComponentsRegistrationGranularity:10]]
[2025.09.29-14.18.01:134][  0]LogConfig: Setting CVar [[s.UnregisterComponentsTimeLimit:1.0]]
[2025.09.29-14.18.01:134][  0]LogConfig: Setting CVar [[s.LevelStreamingComponentsUnregistrationGranularity:5]]
[2025.09.29-14.18.01:134][  0]LogConfig: Applying CVar settings from Section [/Script/Engine.GarbageCollectionSettings] File [E:/GameJamHGGUnreal4.23.1/GameJamCrew/Saved/Config/Windows/Engine.ini]
[2025.09.29-14.18.01:134][  0]LogConfig: Setting CVar [[gc.MaxObjectsNotConsideredByGC:1]]
[2025.09.29-14.18.01:134][  0]LogConfig: Setting CVar [[gc.SizeOfPermanentObjectPool:0]]
[2025.09.29-14.18.01:134][  0]LogConfig: Setting CVar [[gc.FlushStreamingOnGC:0]]
[2025.09.29-14.18.01:134][  0]LogConfig: Setting CVar [[gc.NumRetriesBeforeForcingGC:10]]
[2025.09.29-14.18.01:134][  0]LogConfig: Setting CVar [[gc.AllowParallelGC:1]]
[2025.09.29-14.18.01:134][  0]LogConfig: Setting CVar [[gc.TimeBetweenPurgingPendingKillObjects:61.1]]
[2025.09.29-14.18.01:134][  0]LogConfig: Setting CVar [[gc.MaxObjectsInEditor:16777216]]
[2025.09.29-14.18.01:134][  0]LogConfig: Setting CVar [[gc.IncrementalBeginDestroyEnabled:1]]
[2025.09.29-14.18.01:134][  0]LogConfig: Setting CVar [[gc.CreateGCClusters:1]]
[2025.09.29-14.18.01:134][  0]LogConfig: Setting CVar [[gc.MinGCClusterSize:5]]
[2025.09.29-14.18.01:134][  0]LogConfig: Setting CVar [[gc.ActorClusteringEnabled:0]]
[2025.09.29-14.18.01:134][  0]LogConfig: Setting CVar [[gc.BlueprintClusteringEnabled:0]]
[2025.09.29-14.18.01:134][  0]LogConfig: Setting CVar [[gc.UseDisregardForGCOnDedicatedServers:0]]
[2025.09.29-14.18.01:134][  0]LogConfig: Applying CVar settings from Section [/Script/Engine.NetworkSettings] File [E:/GameJamHGGUnreal4.23.1/GameJamCrew/Saved/Config/Windows/Engine.ini]
[2025.09.29-14.18.01:134][  0]LogConfig: Applying CVar settings from Section [/Script/UnrealEd.CookerSettings] File [E:/GameJamHGGUnreal4.23.1/GameJamCrew/Saved/Config/Windows/Engine.ini]
[2025.09.29-14.18.01:137][  0]LogConfig: Applying CVar settings from Section [ViewDistanceQuality@3] File [E:/GameJamHGGUnreal4.23.1/GameJamCrew/Saved/Config/Windows/Scalability.ini]
[2025.09.29-14.18.01:137][  0]LogConfig: Setting CVar [[r.SkeletalMeshLODBias:0]]
[2025.09.29-14.18.01:137][  0]LogConfig: Setting CVar [[r.ViewDistanceScale:1.0]]
[2025.09.29-14.18.01:137][  0]LogConfig: Applying CVar settings from Section [AntiAliasingQuality@3] File [E:/GameJamHGGUnreal4.23.1/GameJamCrew/Saved/Config/Windows/Scalability.ini]
[2025.09.29-14.18.01:137][  0]LogConfig: Setting CVar [[r.PostProcessAAQuality:4]]
[2025.09.29-14.18.01:137][  0]LogConfig: Applying CVar settings from Section [ShadowQuality@3] File [E:/GameJamHGGUnreal4.23.1/GameJamCrew/Saved/Config/Windows/Scalability.ini]
[2025.09.29-14.18.01:137][  0]LogConfig: Setting CVar [[r.LightFunctionQuality:1]]
[2025.09.29-14.18.01:137][  0]LogConfig: Setting CVar [[r.ShadowQuality:5]]
[2025.09.29-14.18.01:137][  0]LogConfig: Setting CVar [[r.Shadow.CSM.MaxCascades:10]]
[2025.09.29-14.18.01:137][  0]LogConfig: Setting CVar [[r.Shadow.MaxResolution:2048]]
[2025.09.29-14.18.01:137][  0]LogConfig: Setting CVar [[r.Shadow.MaxCSMResolution:2048]]
[2025.09.29-14.18.01:137][  0]LogConfig: Setting CVar [[r.Shadow.RadiusThreshold:0.01]]
[2025.09.29-14.18.01:137][  0]LogConfig: Setting CVar [[r.Shadow.DistanceScale:1.0]]
[2025.09.29-14.18.01:137][  0]LogConfig: Setting CVar [[r.Shadow.CSM.TransitionScale:1.0]]
[2025.09.29-14.18.01:137][  0]LogConfig: Setting CVar [[r.Shadow.PreShadowResolutionFactor:1.0]]
[2025.09.29-14.18.01:137][  0]LogConfig: Setting CVar [[r.DistanceFieldShadowing:1]]
[2025.09.29-14.18.01:137][  0]LogConfig: Setting CVar [[r.DistanceFieldAO:1]]
[2025.09.29-14.18.01:137][  0]LogConfig: Setting CVar [[r.AOQuality:2]]
[2025.09.29-14.18.01:137][  0]LogConfig: Setting CVar [[r.VolumetricFog:1]]
[2025.09.29-14.18.01:137][  0]LogConfig: Setting CVar [[r.VolumetricFog.GridPixelSize:8]]
[2025.09.29-14.18.01:137][  0]LogConfig: Setting CVar [[r.VolumetricFog.GridSizeZ:128]]
[2025.09.29-14.18.01:137][  0]LogConfig: Setting CVar [[r.VolumetricFog.HistoryMissSupersampleCount:4]]
[2025.09.29-14.18.01:137][  0]LogConfig: Setting CVar [[r.LightMaxDrawDistanceScale:1]]
[2025.09.29-14.18.01:137][  0]LogConfig: Setting CVar [[r.CapsuleShadows:1]]
[2025.09.29-14.18.01:137][  0]LogConfig: Applying CVar settings from Section [PostProcessQuality@3] File [E:/GameJamHGGUnreal4.23.1/GameJamCrew/Saved/Config/Windows/Scalability.ini]
[2025.09.29-14.18.01:137][  0]LogConfig: Setting CVar [[r.MotionBlurQuality:4]]
[2025.09.29-14.18.01:137][  0]LogConfig: Setting CVar [[r.AmbientOcclusionMipLevelFactor:0.4]]
[2025.09.29-14.18.01:137][  0]LogConfig: Setting CVar [[r.AmbientOcclusionMaxQuality:100]]
[2025.09.29-14.18.01:137][  0]LogConfig: Setting CVar [[r.AmbientOcclusionLevels:-1]]
[2025.09.29-14.18.01:137][  0]LogConfig: Setting CVar [[r.AmbientOcclusionRadiusScale:1.0]]
[2025.09.29-14.18.01:137][  0]LogConfig: Setting CVar [[r.DepthOfFieldQuality:2]]
[2025.09.29-14.18.01:137][  0]LogConfig: Setting CVar [[r.RenderTargetPoolMin:400]]
[2025.09.29-14.18.01:137][  0]LogConfig: Setting CVar [[r.LensFlareQuality:2]]
[2025.09.29-14.18.01:137][  0]LogConfig: Setting CVar [[r.SceneColorFringeQuality:1]]
[2025.09.29-14.18.01:137][  0]LogConfig: Setting CVar [[r.EyeAdaptationQuality:2]]
[2025.09.29-14.18.01:137][  0]LogConfig: Setting CVar [[r.BloomQuality:5]]
[2025.09.29-14.18.01:137][  0]LogConfig: Setting CVar [[r.FastBlurThreshold:100]]
[2025.09.29-14.18.01:137][  0]LogConfig: Setting CVar [[r.Upscale.Quality:3]]
[2025.09.29-14.18.01:137][  0]LogConfig: Setting CVar [[r.Tonemapper.GrainQuantization:1]]
[2025.09.29-14.18.01:137][  0]LogConfig: Setting CVar [[r.LightShaftQuality:1]]
[2025.09.29-14.18.01:137][  0]LogConfig: Setting CVar [[r.Filter.SizeScale:1]]
[2025.09.29-14.18.01:137][  0]LogConfig: Setting CVar [[r.Tonemapper.Quality:5]]
[2025.09.29-14.18.01:137][  0]LogConfig: Setting CVar [[r.DOF.Gather.AccumulatorQuality:1        ; higher gathering accumulator quality]]
[2025.09.29-14.18.01:137][  0]LogConfig: Setting CVar [[r.DOF.Gather.PostfilterMethod:1          ; Median3x3 postfilering method]]
[2025.09.29-14.18.01:137][  0]LogConfig: Setting CVar [[r.DOF.Gather.EnableBokehSettings:0       ; no bokeh simulation when gathering]]
[2025.09.29-14.18.01:137][  0]LogConfig: Setting CVar [[r.DOF.Gather.RingCount:4                 ; medium number of samples when gathering]]
[2025.09.29-14.18.01:137][  0]LogConfig: Setting CVar [[r.DOF.Scatter.ForegroundCompositing:1    ; additive foreground scattering]]
[2025.09.29-14.18.01:137][  0]LogConfig: Setting CVar [[r.DOF.Scatter.BackgroundCompositing:2    ; additive background scattering]]
[2025.09.29-14.18.01:137][  0]LogConfig: Setting CVar [[r.DOF.Scatter.EnableBokehSettings:1      ; bokeh simulation when scattering]]
[2025.09.29-14.18.01:137][  0]LogConfig: Setting CVar [[r.DOF.Scatter.MaxSpriteRatio:0.1         ; only a maximum of 10% of scattered bokeh]]
[2025.09.29-14.18.01:137][  0]LogConfig: Setting CVar [[r.DOF.Recombine.Quality:1                ; cheap slight out of focus]]
[2025.09.29-14.18.01:137][  0]LogConfig: Setting CVar [[r.DOF.Recombine.EnableBokehSettings:0    ; no bokeh simulation on slight out of focus]]
[2025.09.29-14.18.01:137][  0]LogConfig: Setting CVar [[r.DOF.TemporalAAQuality:1                ; more stable temporal accumulation]]
[2025.09.29-14.18.01:137][  0]LogConfig: Setting CVar [[r.DOF.Kernel.MaxForegroundRadius:0.025]]
[2025.09.29-14.18.01:138][  0]LogConfig: Setting CVar [[r.DOF.Kernel.MaxBackgroundRadius:0.025]]
[2025.09.29-14.18.01:138][  0]LogConfig: Applying CVar settings from Section [TextureQuality@3] File [E:/GameJamHGGUnreal4.23.1/GameJamCrew/Saved/Config/Windows/Scalability.ini]
[2025.09.29-14.18.01:138][  0]LogConfig: Setting CVar [[r.Streaming.MipBias:0]]
[2025.09.29-14.18.01:138][  0]LogConfig: Setting CVar [[r.Streaming.AmortizeCPUToGPUCopy:0]]
[2025.09.29-14.18.01:138][  0]LogConfig: Setting CVar [[r.Streaming.MaxNumTexturesToStreamPerFrame:0]]
[2025.09.29-14.18.01:138][  0]LogConfig: Setting CVar [[r.Streaming.Boost:1]]
[2025.09.29-14.18.01:138][  0]LogConfig: Setting CVar [[r.MaxAnisotropy:8]]
[2025.09.29-14.18.01:138][  0]LogConfig: Setting CVar [[r.Streaming.LimitPoolSizeToVRAM:0]]
[2025.09.29-14.18.01:138][  0]LogConfig: Setting CVar [[r.Streaming.PoolSize:1000]]
[2025.09.29-14.18.01:138][  0]LogConfig: Setting CVar [[r.Streaming.MaxEffectiveScreenSize:0]]
[2025.09.29-14.18.01:138][  0]LogConfig: Applying CVar settings from Section [EffectsQuality@3] File [E:/GameJamHGGUnreal4.23.1/GameJamCrew/Saved/Config/Windows/Scalability.ini]
[2025.09.29-14.18.01:138][  0]LogConfig: Setting CVar [[r.TranslucencyLightingVolumeDim:64]]
[2025.09.29-14.18.01:138][  0]LogConfig: Setting CVar [[r.RefractionQuality:2]]
[2025.09.29-14.18.01:138][  0]LogConfig: Setting CVar [[r.SSR.Quality:3]]
[2025.09.29-14.18.01:138][  0]LogConfig: Setting CVar [[r.SceneColorFormat:4]]
[2025.09.29-14.18.01:138][  0]LogConfig: Setting CVar [[r.DetailMode:2]]
[2025.09.29-14.18.01:138][  0]LogConfig: Setting CVar [[r.TranslucencyVolumeBlur:1]]
[2025.09.29-14.18.01:138][  0]LogConfig: Setting CVar [[r.MaterialQualityLevel:1 ; High quality]]
[2025.09.29-14.18.01:138][  0]LogConfig: Setting CVar [[r.SSS.Scale:1]]
[2025.09.29-14.18.01:138][  0]LogConfig: Setting CVar [[r.SSS.SampleSet:2]]
[2025.09.29-14.18.01:138][  0]LogConfig: Setting CVar [[r.SSS.Quality:1]]
[2025.09.29-14.18.01:138][  0]LogConfig: Setting CVar [[r.SSS.HalfRes:1]]
[2025.09.29-14.18.01:138][  0]LogConfig: Setting CVar [[r.EmitterSpawnRateScale:1.0]]
[2025.09.29-14.18.01:138][  0]LogConfig: Setting CVar [[r.ParticleLightQuality:2]]
[2025.09.29-14.18.01:138][  0]LogConfig: Applying CVar settings from Section [FoliageQuality@3] File [E:/GameJamHGGUnreal4.23.1/GameJamCrew/Saved/Config/Windows/Scalability.ini]
[2025.09.29-14.18.01:138][  0]LogConfig: Setting CVar [[foliage.DensityScale:1.0]]
[2025.09.29-14.18.01:138][  0]LogConfig: Setting CVar [[grass.DensityScale:1.0]]
[2025.09.29-14.18.01:138][  0]LogInit: Selected Device Profile: [Windows]
[2025.09.29-14.18.01:138][  0]LogInit: Applying CVar settings loaded from the selected device profile: [Windows]
[2025.09.29-14.18.01:139][  0]LogHAL: Display: Platform has ~ 32 GB [33444225024 / 34359738368 / 32], which maps to Largest [LargestMinGB=32, LargerMinGB=12, DefaultMinGB=8, SmallerMinGB=6, SmallestMinGB=0)
[2025.09.29-14.18.01:139][  0]LogInit: Going up to parent DeviceProfile []
[2025.09.29-14.18.01:139][  0]LogConfig: Applying CVar settings from Section [ViewDistanceQuality@3] File [E:/GameJamHGGUnreal4.23.1/GameJamCrew/Saved/Config/Windows/Scalability.ini]
[2025.09.29-14.18.01:139][  0]LogConfig: Setting CVar [[r.SkeletalMeshLODBias:0]]
[2025.09.29-14.18.01:139][  0]LogConfig: Setting CVar [[r.ViewDistanceScale:1.0]]
[2025.09.29-14.18.01:139][  0]LogConfig: Applying CVar settings from Section [AntiAliasingQuality@3] File [E:/GameJamHGGUnreal4.23.1/GameJamCrew/Saved/Config/Windows/Scalability.ini]
[2025.09.29-14.18.01:139][  0]LogConfig: Setting CVar [[r.PostProcessAAQuality:4]]
[2025.09.29-14.18.01:139][  0]LogConfig: Applying CVar settings from Section [ShadowQuality@3] File [E:/GameJamHGGUnreal4.23.1/GameJamCrew/Saved/Config/Windows/Scalability.ini]
[2025.09.29-14.18.01:139][  0]LogConfig: Setting CVar [[r.LightFunctionQuality:1]]
[2025.09.29-14.18.01:139][  0]LogConfig: Setting CVar [[r.ShadowQuality:5]]
[2025.09.29-14.18.01:139][  0]LogConfig: Setting CVar [[r.Shadow.CSM.MaxCascades:10]]
[2025.09.29-14.18.01:139][  0]LogConfig: Setting CVar [[r.Shadow.MaxResolution:2048]]
[2025.09.29-14.18.01:139][  0]LogConfig: Setting CVar [[r.Shadow.MaxCSMResolution:2048]]
[2025.09.29-14.18.01:139][  0]LogConfig: Setting CVar [[r.Shadow.RadiusThreshold:0.01]]
[2025.09.29-14.18.01:139][  0]LogConfig: Setting CVar [[r.Shadow.DistanceScale:1.0]]
[2025.09.29-14.18.01:139][  0]LogConfig: Setting CVar [[r.Shadow.CSM.TransitionScale:1.0]]
[2025.09.29-14.18.01:139][  0]LogConfig: Setting CVar [[r.Shadow.PreShadowResolutionFactor:1.0]]
[2025.09.29-14.18.01:139][  0]LogConfig: Setting CVar [[r.DistanceFieldShadowing:1]]
[2025.09.29-14.18.01:139][  0]LogConfig: Setting CVar [[r.DistanceFieldAO:1]]
[2025.09.29-14.18.01:139][  0]LogConfig: Setting CVar [[r.AOQuality:2]]
[2025.09.29-14.18.01:139][  0]LogConfig: Setting CVar [[r.VolumetricFog:1]]
[2025.09.29-14.18.01:139][  0]LogConfig: Setting CVar [[r.VolumetricFog.GridPixelSize:8]]
[2025.09.29-14.18.01:139][  0]LogConfig: Setting CVar [[r.VolumetricFog.GridSizeZ:128]]
[2025.09.29-14.18.01:139][  0]LogConfig: Setting CVar [[r.VolumetricFog.HistoryMissSupersampleCount:4]]
[2025.09.29-14.18.01:139][  0]LogConfig: Setting CVar [[r.LightMaxDrawDistanceScale:1]]
[2025.09.29-14.18.01:139][  0]LogConfig: Setting CVar [[r.CapsuleShadows:1]]
[2025.09.29-14.18.01:139][  0]LogConfig: Applying CVar settings from Section [PostProcessQuality@3] File [E:/GameJamHGGUnreal4.23.1/GameJamCrew/Saved/Config/Windows/Scalability.ini]
[2025.09.29-14.18.01:139][  0]LogConfig: Setting CVar [[r.MotionBlurQuality:4]]
[2025.09.29-14.18.01:139][  0]LogConfig: Setting CVar [[r.AmbientOcclusionMipLevelFactor:0.4]]
[2025.09.29-14.18.01:139][  0]LogConfig: Setting CVar [[r.AmbientOcclusionMaxQuality:100]]
[2025.09.29-14.18.01:139][  0]LogConfig: Setting CVar [[r.AmbientOcclusionLevels:-1]]
[2025.09.29-14.18.01:139][  0]LogConfig: Setting CVar [[r.AmbientOcclusionRadiusScale:1.0]]
[2025.09.29-14.18.01:139][  0]LogConfig: Setting CVar [[r.DepthOfFieldQuality:2]]
[2025.09.29-14.18.01:139][  0]LogConfig: Setting CVar [[r.RenderTargetPoolMin:400]]
[2025.09.29-14.18.01:139][  0]LogConfig: Setting CVar [[r.LensFlareQuality:2]]
[2025.09.29-14.18.01:139][  0]LogConfig: Setting CVar [[r.SceneColorFringeQuality:1]]
[2025.09.29-14.18.01:139][  0]LogConfig: Setting CVar [[r.EyeAdaptationQuality:2]]
[2025.09.29-14.18.01:139][  0]LogConfig: Setting CVar [[r.BloomQuality:5]]
[2025.09.29-14.18.01:139][  0]LogConfig: Setting CVar [[r.FastBlurThreshold:100]]
[2025.09.29-14.18.01:139][  0]LogConfig: Setting CVar [[r.Upscale.Quality:3]]
[2025.09.29-14.18.01:139][  0]LogConfig: Setting CVar [[r.Tonemapper.GrainQuantization:1]]
[2025.09.29-14.18.01:139][  0]LogConfig: Setting CVar [[r.LightShaftQuality:1]]
[2025.09.29-14.18.01:139][  0]LogConfig: Setting CVar [[r.Filter.SizeScale:1]]
[2025.09.29-14.18.01:139][  0]LogConfig: Setting CVar [[r.Tonemapper.Quality:5]]
[2025.09.29-14.18.01:139][  0]LogConfig: Setting CVar [[r.DOF.Gather.AccumulatorQuality:1        ; higher gathering accumulator quality]]
[2025.09.29-14.18.01:139][  0]LogConfig: Setting CVar [[r.DOF.Gather.PostfilterMethod:1          ; Median3x3 postfilering method]]
[2025.09.29-14.18.01:139][  0]LogConfig: Setting CVar [[r.DOF.Gather.EnableBokehSettings:0       ; no bokeh simulation when gathering]]
[2025.09.29-14.18.01:139][  0]LogConfig: Setting CVar [[r.DOF.Gather.RingCount:4                 ; medium number of samples when gathering]]
[2025.09.29-14.18.01:139][  0]LogConfig: Setting CVar [[r.DOF.Scatter.ForegroundCompositing:1    ; additive foreground scattering]]
[2025.09.29-14.18.01:139][  0]LogConfig: Setting CVar [[r.DOF.Scatter.BackgroundCompositing:2    ; additive background scattering]]
[2025.09.29-14.18.01:139][  0]LogConfig: Setting CVar [[r.DOF.Scatter.EnableBokehSettings:1      ; bokeh simulation when scattering]]
[2025.09.29-14.18.01:139][  0]LogConfig: Setting CVar [[r.DOF.Scatter.MaxSpriteRatio:0.1         ; only a maximum of 10% of scattered bokeh]]
[2025.09.29-14.18.01:139][  0]LogConfig: Setting CVar [[r.DOF.Recombine.Quality:1                ; cheap slight out of focus]]
[2025.09.29-14.18.01:139][  0]LogConfig: Setting CVar [[r.DOF.Recombine.EnableBokehSettings:0    ; no bokeh simulation on slight out of focus]]
[2025.09.29-14.18.01:139][  0]LogConfig: Setting CVar [[r.DOF.TemporalAAQuality:1                ; more stable temporal accumulation]]
[2025.09.29-14.18.01:139][  0]LogConfig: Setting CVar [[r.DOF.Kernel.MaxForegroundRadius:0.025]]
[2025.09.29-14.18.01:139][  0]LogConfig: Setting CVar [[r.DOF.Kernel.MaxBackgroundRadius:0.025]]
[2025.09.29-14.18.01:139][  0]LogConfig: Applying CVar settings from Section [TextureQuality@3] File [E:/GameJamHGGUnreal4.23.1/GameJamCrew/Saved/Config/Windows/Scalability.ini]
[2025.09.29-14.18.01:139][  0]LogConfig: Setting CVar [[r.Streaming.MipBias:0]]
[2025.09.29-14.18.01:139][  0]LogConfig: Setting CVar [[r.Streaming.AmortizeCPUToGPUCopy:0]]
[2025.09.29-14.18.01:139][  0]LogConfig: Setting CVar [[r.Streaming.MaxNumTexturesToStreamPerFrame:0]]
[2025.09.29-14.18.01:139][  0]LogConfig: Setting CVar [[r.Streaming.Boost:1]]
[2025.09.29-14.18.01:139][  0]LogConfig: Setting CVar [[r.MaxAnisotropy:8]]
[2025.09.29-14.18.01:139][  0]LogConfig: Setting CVar [[r.Streaming.LimitPoolSizeToVRAM:0]]
[2025.09.29-14.18.01:139][  0]LogConfig: Setting CVar [[r.Streaming.PoolSize:1000]]
[2025.09.29-14.18.01:139][  0]LogConfig: Setting CVar [[r.Streaming.MaxEffectiveScreenSize:0]]
[2025.09.29-14.18.01:139][  0]LogConfig: Applying CVar settings from Section [EffectsQuality@3] File [E:/GameJamHGGUnreal4.23.1/GameJamCrew/Saved/Config/Windows/Scalability.ini]
[2025.09.29-14.18.01:139][  0]LogConfig: Setting CVar [[r.TranslucencyLightingVolumeDim:64]]
[2025.09.29-14.18.01:139][  0]LogConfig: Setting CVar [[r.RefractionQuality:2]]
[2025.09.29-14.18.01:139][  0]LogConfig: Setting CVar [[r.SSR.Quality:3]]
[2025.09.29-14.18.01:140][  0]LogConfig: Setting CVar [[r.SceneColorFormat:4]]
[2025.09.29-14.18.01:140][  0]LogConfig: Setting CVar [[r.DetailMode:2]]
[2025.09.29-14.18.01:140][  0]LogConfig: Setting CVar [[r.TranslucencyVolumeBlur:1]]
[2025.09.29-14.18.01:140][  0]LogConfig: Setting CVar [[r.MaterialQualityLevel:1 ; High quality]]
[2025.09.29-14.18.01:140][  0]LogConfig: Setting CVar [[r.SSS.Scale:1]]
[2025.09.29-14.18.01:140][  0]LogConfig: Setting CVar [[r.SSS.SampleSet:2]]
[2025.09.29-14.18.01:140][  0]LogConfig: Setting CVar [[r.SSS.Quality:1]]
[2025.09.29-14.18.01:140][  0]LogConfig: Setting CVar [[r.SSS.HalfRes:1]]
[2025.09.29-14.18.01:140][  0]LogConfig: Setting CVar [[r.EmitterSpawnRateScale:1.0]]
[2025.09.29-14.18.01:140][  0]LogConfig: Setting CVar [[r.ParticleLightQuality:2]]
[2025.09.29-14.18.01:140][  0]LogConfig: Applying CVar settings from Section [FoliageQuality@3] File [E:/GameJamHGGUnreal4.23.1/GameJamCrew/Saved/Config/Windows/Scalability.ini]
[2025.09.29-14.18.01:140][  0]LogConfig: Setting CVar [[foliage.DensityScale:1.0]]
[2025.09.29-14.18.01:140][  0]LogConfig: Setting CVar [[grass.DensityScale:1.0]]
[2025.09.29-14.18.01:140][  0]LogConfig: Applying CVar settings from Section [Startup] File [../../../Engine/Config/ConsoleVariables.ini]
[2025.09.29-14.18.01:140][  0]LogConfig: Setting CVar [[net.UseAdaptiveNetUpdateFrequency:0]]
[2025.09.29-14.18.01:140][  0]LogConfig: Setting CVar [[p.chaos.AllowCreatePhysxBodies:1]]
[2025.09.29-14.18.01:140][  0]LogConfig: Applying CVar settings from Section [ConsoleVariables] File [E:/GameJamHGGUnreal4.23.1/GameJamCrew/Saved/Config/Windows/Engine.ini]
[2025.09.29-14.18.01:140][  0]LogInit: Computer: DESKTOP-BGKSG1U
[2025.09.29-14.18.01:140][  0]LogInit: User: filip
[2025.09.29-14.18.01:140][  0]LogInit: CPU Page size=4096, Cores=6
[2025.09.29-14.18.01:140][  0]LogInit: High frequency timer resolution =10.000000 MHz
[2025.09.29-14.18.01:140][  0]LogMemory: Memory total: Physical=31.1GB (32GB approx)
[2025.09.29-14.18.01:140][  0]LogMemory: Platform Memory Stats for Windows
[2025.09.29-14.18.01:140][  0]LogMemory: Process Physical Memory: 106.79 MB used, 106.79 MB peak
[2025.09.29-14.18.01:140][  0]LogMemory: Process Virtual Memory: 102.03 MB used, 102.03 MB peak
[2025.09.29-14.18.01:140][  0]LogMemory: Physical Memory: 17078.59 MB used,  14816.31 MB free, 31894.90 MB total
[2025.09.29-14.18.01:140][  0]LogMemory: Virtual Memory: 4698.27 MB used,  134213032.00 MB free, 134217728.00 MB total
[2025.09.29-14.18.01:142][  0]LogWindows: WindowsPlatformFeatures enabled
[2025.09.29-14.18.01:166][  0]LogInit: Using OS detected language (en-GB).
[2025.09.29-14.18.01:166][  0]LogInit: Using OS detected locale (en-AU).
[2025.09.29-14.18.01:167][  0]LogTextLocalizationManager: No specific localization for 'en-GB' exists, so the 'en' localization will be used.
[2025.09.29-14.18.01:261][  0]LogInit: Setting process to per monitor DPI aware
[2025.09.29-14.18.01:305][  0]LogSlate: New Slate User Created.  User Index 0, Is Virtual User: 0
[2025.09.29-14.18.01:305][  0]LogSlate: Slate User Registered.  User Index 0, Is Virtual User: 0
[2025.09.29-14.18.01:471][  0]LogHMD: Failed to initialize OpenVR with code 110
[2025.09.29-14.18.01:471][  0]LogD3D11RHI: D3D11 adapters:
[2025.09.29-14.18.01:598][  0]LogD3D11RHI:    0. 'NVIDIA GeForce RTX 3070 Ti' (Feature Level 11_0)
[2025.09.29-14.18.01:598][  0]LogD3D11RHI:       8018/0/15947 MB DedicatedVideo/DedicatedSystem/SharedSystem, Outputs:3, VendorId:0x10de
[2025.09.29-14.18.01:647][  0]LogD3D11RHI:    1. 'AMD Radeon(TM) Graphics' (Feature Level 11_0)
[2025.09.29-14.18.01:647][  0]LogD3D11RHI:       485/0/15947 MB DedicatedVideo/DedicatedSystem/SharedSystem, Outputs:0, VendorId:0x1002
[2025.09.29-14.18.01:752][  0]LogD3D11RHI:    2. 'NVIDIA GeForce RTX 3070 Ti' (Feature Level 11_0)
[2025.09.29-14.18.01:752][  0]LogD3D11RHI:       8018/0/15947 MB DedicatedVideo/DedicatedSystem/SharedSystem, Outputs:0, VendorId:0x10de
[2025.09.29-14.18.01:754][  0]LogD3D11RHI:    3. 'Microsoft Basic Render Driver' (Feature Level 11_0)
[2025.09.29-14.18.01:754][  0]LogD3D11RHI:       0/0/15947 MB DedicatedVideo/DedicatedSystem/SharedSystem, Outputs:0, VendorId:0x1414
[2025.09.29-14.18.01:754][  0]LogD3D11RHI: Chosen D3D11 Adapter: 0
[2025.09.29-14.18.01:763][  0]LogD3D11RHI: Creating new Direct3DDevice
[2025.09.29-14.18.01:763][  0]LogD3D11RHI:     GPU DeviceId: 0x2482 (for the marketing name, search the web for "GPU Device Id")
[2025.09.29-14.18.01:763][  0]LogWindows: EnumDisplayDevices:
[2025.09.29-14.18.01:763][  0]LogWindows:    0. 'NVIDIA GeForce RTX 3070 Ti' (P:1 D:1)
[2025.09.29-14.18.01:763][  0]LogWindows:    1. 'NVIDIA GeForce RTX 3070 Ti' (P:0 D:1)
[2025.09.29-14.18.01:763][  0]LogWindows:    2. 'NVIDIA GeForce RTX 3070 Ti' (P:0 D:1)
[2025.09.29-14.18.01:763][  0]LogWindows:    3. 'NVIDIA GeForce RTX 3070 Ti' (P:0 D:0)
[2025.09.29-14.18.01:764][  0]LogWindows:    4. 'AMD Radeon(TM) Graphics' (P:0 D:0)
[2025.09.29-14.18.01:764][  0]LogWindows:    5. 'AMD Radeon(TM) Graphics' (P:0 D:0)
[2025.09.29-14.18.01:765][  0]LogWindows:    6. 'AMD Radeon(TM) Graphics' (P:0 D:0)
[2025.09.29-14.18.01:765][  0]LogWindows:    7. 'AMD Radeon(TM) Graphics' (P:0 D:0)
[2025.09.29-14.18.01:765][  0]LogWindows:    8. 'AMD Radeon(TM) Graphics' (P:0 D:0)
[2025.09.29-14.18.01:765][  0]LogWindows:    9. 'Parsec Virtual Display Adapter' (P:0 D:0)
[2025.09.29-14.18.01:765][  0]LogWindows:    10. 'Parsec Virtual Display Adapter' (P:0 D:0)
[2025.09.29-14.18.01:765][  0]LogWindows:    11. 'Parsec Virtual Display Adapter' (P:0 D:0)
[2025.09.29-14.18.01:765][  0]LogWindows:    12. 'Parsec Virtual Display Adapter' (P:0 D:0)
[2025.09.29-14.18.01:766][  0]LogWindows:    13. 'Parsec Virtual Display Adapter' (P:0 D:0)
[2025.09.29-14.18.01:766][  0]LogWindows:    14. 'Parsec Virtual Display Adapter' (P:0 D:0)
[2025.09.29-14.18.01:766][  0]LogWindows:    15. 'Parsec Virtual Display Adapter' (P:0 D:0)
[2025.09.29-14.18.01:766][  0]LogWindows:    16. 'Parsec Virtual Display Adapter' (P:0 D:0)
[2025.09.29-14.18.01:766][  0]LogWindows:    17. 'Parsec Virtual Display Adapter' (P:0 D:0)
[2025.09.29-14.18.01:766][  0]LogWindows:    18. 'Parsec Virtual Display Adapter' (P:0 D:0)
[2025.09.29-14.18.01:766][  0]LogWindows:    19. 'Parsec Virtual Display Adapter' (P:0 D:0)
[2025.09.29-14.18.01:766][  0]LogWindows:    20. 'Parsec Virtual Display Adapter' (P:0 D:0)
[2025.09.29-14.18.01:766][  0]LogWindows:    21. 'Parsec Virtual Display Adapter' (P:0 D:0)
[2025.09.29-14.18.01:766][  0]LogWindows:    22. 'Parsec Virtual Display Adapter' (P:0 D:0)
[2025.09.29-14.18.01:767][  0]LogWindows:    23. 'Parsec Virtual Display Adapter' (P:0 D:0)
[2025.09.29-14.18.01:767][  0]LogWindows:    24. 'Parsec Virtual Display Adapter' (P:0 D:0)
[2025.09.29-14.18.01:767][  0]LogWindows: DebugString: PrimaryIsNotTheChoosenAdapter PrimaryIsNotTheChoosenAdapter PrimaryIsNotTheChoosenAdapter PrimaryIsNotTheChoosenAdapter PrimaryIsNotTheChoosenAdapter GetVideoDriverDetailsInvalid PrimaryIsNotTheChoosenAdapter GetVideoDriverDetailsInvalid PrimaryIsNotTheChoosenAdapter GetVideoDriverDetailsInvalid PrimaryIsNotTheChoosenAdapter GetVideoDriverDetailsInvalid PrimaryIsNotTheChoosenAdapter GetVideoDriverDetailsInvalid PrimaryIsNotTheChoosenAdapter GetVideoDriverDetailsInvalid PrimaryIsNotTheChoosenAdapter GetVideoDriverDetailsInvalid PrimaryIsNotTheChoosenAdapter GetVideoDriverDetailsInvalid PrimaryIsNotTheChoosenAdapter GetVideoDriverDetailsInvalid PrimaryIsNotTheChoosenAdapter GetVideoDriverDetailsInvalid PrimaryIsNotTheChoosenAdapter GetVideoDriverDetailsInvalid PrimaryIsNotTheChoosenAdapter GetVideoDriverDetailsInvalid PrimaryIsNotTheChoosenAdapter GetVideoDriverDetailsInvalid PrimaryIsNotTheChoosenAdapter GetVideoDriverDetailsInvalid PrimaryIsNotTheChoosenAdapter GetVideoDriverDetailsInvalid PrimaryIsNotTheChoosenAdapter GetVideoDriverDetailsInvalid PrimaryIsNotTheChoosenAdapter FoundDriverCount:4 
[2025.09.29-14.18.01:767][  0]LogD3D11RHI:     Adapter Name: NVIDIA GeForce RTX 3070 Ti
[2025.09.29-14.18.01:767][  0]LogD3D11RHI:   Driver Version: 572.83 (internal:32.0.15.7283, unified:572.83)
[2025.09.29-14.18.01:767][  0]LogD3D11RHI:      Driver Date: 3-14-2025
[2025.09.29-14.18.01:767][  0]LogRHI: Texture pool is 5612 MB (70% of 8018 MB)
[2025.09.29-14.18.01:860][  0]LogD3D11RHI: Async texture creation enabled
[2025.09.29-14.18.01:877][  0]LogD3D11RHI: GPU Timing Frequency: 1000.000000 (Debug: 2 2)
[2025.09.29-14.18.01:880][  0]LogD3D11RHI: HDR output is supported on display 1 (NvId: 0x80061086).
[2025.09.29-14.18.02:079][  0]LogTemp: Display: Module 'AllDesktopTargetPlatform' loaded TargetPlatform 'AllDesktop'
[2025.09.29-14.18.02:087][  0]LogTemp: Display: Module 'MacClientTargetPlatform' loaded TargetPlatform 'MacClient'
[2025.09.29-14.18.02:093][  0]LogTemp: Display: Module 'MacNoEditorTargetPlatform' loaded TargetPlatform 'MacNoEditor'
[2025.09.29-14.18.02:100][  0]LogTemp: Display: Module 'MacServerTargetPlatform' loaded TargetPlatform 'MacServer'
[2025.09.29-14.18.02:105][  0]LogTemp: Display: Module 'MacTargetPlatform' loaded TargetPlatform 'Mac'
[2025.09.29-14.18.02:112][  0]LogTemp: Display: Module 'WindowsClientTargetPlatform' loaded TargetPlatform 'WindowsClient'
[2025.09.29-14.18.02:118][  0]LogTemp: Display: Module 'WindowsNoEditorTargetPlatform' loaded TargetPlatform 'WindowsNoEditor'
[2025.09.29-14.18.02:123][  0]LogTemp: Display: Module 'WindowsServerTargetPlatform' loaded TargetPlatform 'WindowsServer'
[2025.09.29-14.18.02:127][  0]LogTemp: Display: Module 'WindowsTargetPlatform' loaded TargetPlatform 'Windows'
[2025.09.29-14.18.02:150][  0]LogTemp: Display: Module 'AndroidTargetPlatform' loaded TargetPlatform 'Android'
[2025.09.29-14.18.02:150][  0]LogTemp: Display: Module 'AndroidTargetPlatform' loaded TargetPlatform 'Android_ASTC'
[2025.09.29-14.18.02:150][  0]LogTemp: Display: Module 'AndroidTargetPlatform' loaded TargetPlatform 'Android_ATC'
[2025.09.29-14.18.02:150][  0]LogTemp: Display: Module 'AndroidTargetPlatform' loaded TargetPlatform 'Android_DXT'
[2025.09.29-14.18.02:150][  0]LogTemp: Display: Module 'AndroidTargetPlatform' loaded TargetPlatform 'Android_ETC1'
[2025.09.29-14.18.02:150][  0]LogTemp: Display: Module 'AndroidTargetPlatform' loaded TargetPlatform 'Android_ETC1a'
[2025.09.29-14.18.02:150][  0]LogTemp: Display: Module 'AndroidTargetPlatform' loaded TargetPlatform 'Android_ETC2'
[2025.09.29-14.18.02:150][  0]LogTemp: Display: Module 'AndroidTargetPlatform' loaded TargetPlatform 'Android_PVRTC'
[2025.09.29-14.18.02:150][  0]LogTemp: Display: Module 'AndroidTargetPlatform' loaded TargetPlatform 'AndroidClient'
[2025.09.29-14.18.02:150][  0]LogTemp: Display: Module 'AndroidTargetPlatform' loaded TargetPlatform 'Android_ASTCClient'
[2025.09.29-14.18.02:150][  0]LogTemp: Display: Module 'AndroidTargetPlatform' loaded TargetPlatform 'Android_ATCClient'
[2025.09.29-14.18.02:150][  0]LogTemp: Display: Module 'AndroidTargetPlatform' loaded TargetPlatform 'Android_DXTClient'
[2025.09.29-14.18.02:150][  0]LogTemp: Display: Module 'AndroidTargetPlatform' loaded TargetPlatform 'Android_ETC1Client'
[2025.09.29-14.18.02:150][  0]LogTemp: Display: Module 'AndroidTargetPlatform' loaded TargetPlatform 'Android_ETC1aClient'
[2025.09.29-14.18.02:150][  0]LogTemp: Display: Module 'AndroidTargetPlatform' loaded TargetPlatform 'Android_ETC2Client'
[2025.09.29-14.18.02:150][  0]LogTemp: Display: Module 'AndroidTargetPlatform' loaded TargetPlatform 'Android_PVRTCClient'
[2025.09.29-14.18.02:150][  0]LogTemp: Display: Module 'AndroidTargetPlatform' loaded TargetPlatform 'Android_Multi'
[2025.09.29-14.18.02:150][  0]LogTemp: Display: Module 'AndroidTargetPlatform' loaded TargetPlatform 'Android_MultiClient'
[2025.09.29-14.18.02:151][  0]LogTemp: Display: Module 'HTML5TargetPlatform' loaded TargetPlatform 'HTML5'
[2025.09.29-14.18.02:161][  0]LogTemp: Display: Module 'IOSTargetPlatform' loaded TargetPlatform 'IOSClient'
[2025.09.29-14.18.02:162][  0]LogTemp: Display: Module 'IOSTargetPlatform' loaded TargetPlatform 'IOS'
[2025.09.29-14.18.02:169][  0]LogTemp: Display: Module 'TVOSTargetPlatform' loaded TargetPlatform 'TVOSClient'
[2025.09.29-14.18.02:169][  0]LogTemp: Display: Module 'TVOSTargetPlatform' loaded TargetPlatform 'TVOS'
[2025.09.29-14.18.02:173][  0]LogTemp: Display: Module 'LinuxClientTargetPlatform' loaded TargetPlatform 'LinuxClient'
[2025.09.29-14.18.02:177][  0]LogTemp: Display: Module 'LinuxNoEditorTargetPlatform' loaded TargetPlatform 'LinuxNoEditor'
[2025.09.29-14.18.02:181][  0]LogTemp: Display: Module 'LinuxServerTargetPlatform' loaded TargetPlatform 'LinuxServer'
[2025.09.29-14.18.02:186][  0]LogTemp: Display: Module 'LinuxTargetPlatform' loaded TargetPlatform 'Linux'
[2025.09.29-14.18.02:200][  0]LogTemp: Display: Module 'LuminTargetPlatform' loaded TargetPlatform 'Lumin'
[2025.09.29-14.18.02:200][  0]LogTemp: Display: Module 'LuminTargetPlatform' loaded TargetPlatform 'LuminClient'
[2025.09.29-14.18.02:200][  0]LogTargetPlatformManager: Display: Building Assets For Windows
[2025.09.29-14.18.02:204][  0]LogAudioDebug: Display: Lib vorbis DLL was dynamically loaded.
[2025.09.29-14.18.02:226][  0]LogShaderCompilers: Guid format shader working directory is 8 characters bigger than the processId version (E:/GameJamHGGUnreal4.23.1/GameJamCrew/Intermediate/Shaders/WorkingDirectory/13428/).
[2025.09.29-14.18.02:226][  0]LogShaderCompilers: Cleaned the shader compiler working directory 'C:/Users/filip/AppData/Local/Temp/UnrealShaderWorkingDir/6DCEEB0A4118FDC4DE9F918E16E03DC7/'.
[2025.09.29-14.18.02:226][  0]LogXGEController: Cleaning working directory: C:/Users/filip/AppData/Local/Temp/UnrealXGEWorkingDir/
[2025.09.29-14.18.02:226][  0]LogXGEController: Cannot use XGE Controller as Incredibuild is not installed on this machine.
[2025.09.29-14.18.02:226][  0]LogShaderCompilers: Cannot use XGE Shader Compiler as Incredibuild is not installed on this machine.
[2025.09.29-14.18.02:226][  0]LogShaderCompilers: Display: Using Local Shader Compiler.
[2025.09.29-14.18.02:602][  0]LogDerivedDataCache: Display: Max Cache Size: 512 MB
[2025.09.29-14.18.02:626][  0]LogDerivedDataCache: Loaded boot cache 0.02s 73MB C:/Users/filip/AppData/Local/UnrealEngine/4.23/DerivedDataCache/Boot.ddc.
[2025.09.29-14.18.02:626][  0]LogDerivedDataCache: Display: Loaded Boot cache: C:/Users/filip/AppData/Local/UnrealEngine/4.23/DerivedDataCache/Boot.ddc
[2025.09.29-14.18.02:626][  0]LogDerivedDataCache: FDerivedDataBackendGraph:  Pak pak cache file E:/GameJamHGGUnreal4.23.1/GameJamCrew/DerivedDataCache/DDC.ddp not found, will not use a pak cache.
[2025.09.29-14.18.02:626][  0]LogDerivedDataCache: Unable to find inner node Pak for hierarchical cache Hierarchy.
[2025.09.29-14.18.02:626][  0]LogDerivedDataCache: FDerivedDataBackendGraph:  CompressedPak pak cache file E:/GameJamHGGUnreal4.23.1/GameJamCrew/DerivedDataCache/Compressed.ddp not found, will not use a pak cache.
[2025.09.29-14.18.02:626][  0]LogDerivedDataCache: Unable to find inner node CompressedPak for hierarchical cache Hierarchy.
[2025.09.29-14.18.02:636][  0]LogDerivedDataCache: Display: Pak cache opened for reading ../../../Engine/DerivedDataCache/Compressed.ddp.
[2025.09.29-14.18.02:636][  0]LogDerivedDataCache: FDerivedDataBackendGraph:  EnterprisePak pak cache file ../../../Enterprise/DerivedDataCache/Compressed.ddp not found, will not use a pak cache.
[2025.09.29-14.18.02:636][  0]LogDerivedDataCache: Unable to find inner node EnterprisePak for hierarchical cache Hierarchy.
[2025.09.29-14.18.02:637][  0]LogDerivedDataCache: Using Local data cache path C:/Users/filip/AppData/Local/UnrealEngine/Common/DerivedDataCache: Writable
[2025.09.29-14.18.02:637][  0]LogDerivedDataCache: Shared data cache path not found in *engine.ini, will not use an Shared cache.
[2025.09.29-14.18.02:637][  0]LogDerivedDataCache: Unable to find inner node Shared for hierarchical cache Hierarchy.
[2025.09.29-14.18.02:648][  0]LogMaterial: Verifying Global Shaders for PCD3D_SM5
[2025.09.29-14.18.02:650][  0]LogSlate: Using FreeType 2.6.0
[2025.09.29-14.18.02:650][  0]LogSlate: SlateFontServices - WITH_FREETYPE: 1, WITH_HARFBUZZ: 1
[2025.09.29-14.18.02:687][  0]LogAssetRegistry: FAssetRegistry took 0.0015 seconds to start up
[2025.09.29-14.18.02:850][  0]LogInit: Selected Device Profile: [Windows]
[2025.09.29-14.18.02:931][  0]LogMeshReduction: Using QuadricMeshReduction for automatic static mesh reduction
[2025.09.29-14.18.02:931][  0]LogMeshReduction: Using SimplygonMeshReduction for automatic skeletal mesh reduction
[2025.09.29-14.18.02:931][  0]LogMeshReduction: Using ProxyLODMeshReduction for automatic mesh merging
[2025.09.29-14.18.02:931][  0]LogMeshReduction: No distributed automatic mesh merging module available
[2025.09.29-14.18.02:932][  0]LogMeshMerging: No distributed automatic mesh merging module available
[2025.09.29-14.18.02:938][  0]LogNetVersion: GameJamCrew 1.0.0, NetCL: 8386587, EngineNetVer: 11, GameNetVer: 0 (Checksum: 118800057)
[2025.09.29-14.18.03:175][  0]LogPackageLocalizationCache: Processed 12 localized package path(s) for 1 prioritized culture(s) in 0.034060 seconds
[2025.09.29-14.18.03:182][  0]LogUObjectArray: 43444 objects as part of root set at end of initial load.
[2025.09.29-14.18.03:182][  0]LogUObjectAllocator: 7548648 out of 0 bytes used by permanent object pool.
[2025.09.29-14.18.03:182][  0]LogUObjectArray: CloseDisregardForGC: 0/0 objects in disregard for GC pool
[2025.09.29-14.18.03:793][  0]LogTcpMessaging: Initializing TcpMessaging bridge
[2025.09.29-14.18.03:796][  0]LogUdpMessaging: Initializing bridge on interface 0.0.0.0:0 to multicast group 230.0.0.1:6666.
[2025.09.29-14.18.03:830][  0]SourceControl: Source control is disabled
[2025.09.29-14.18.03:830][  0]SourceControl: Source control is disabled
[2025.09.29-14.18.03:831][  0]SourceControl: Source control is disabled
[2025.09.29-14.18.03:831][  0]SourceControl: Source control is disabled
[2025.09.29-14.18.03:888][  0]LogAndroidPermission: UAndroidPermissionCallbackProxy::GetInstance
[2025.09.29-14.18.04:008][  0]LogOcInput: OculusInput pre-init called
[2025.09.29-14.18.04:013][  0]LogWindows: Failed to load 'OVRPlugin.dll' (GetLastError=126)
[2025.09.29-14.18.04:013][  0]LogWindows: File 'OVRPlugin.dll' does not exist
[2025.09.29-14.18.04:052][  0]LogEngine: Initializing Engine...
[2025.09.29-14.18.04:054][  0]LogHMD: Failed to initialize OpenVR with code 110
[2025.09.29-14.18.04:055][  0]LogStats: UGameplayTagsManager::InitializeManager -  0.000 s
[2025.09.29-14.18.04:184][  0]LogInit: Initializing FReadOnlyCVARCache
[2025.09.29-14.18.04:191][  0]LogAIModule: Creating AISystem for world Untitled
[2025.09.29-14.18.04:214][  0]LogInit: XAudio2 using 'Högtalare (Yeti Classic)' : 6 channels at 44.1 kHz using 16 bits per sample (channel mask 0x3f)
[2025.09.29-14.18.04:227][  0]LogInit: FAudioDevice initialized.
[2025.09.29-14.18.04:228][  0]LogNetVersion: Set ProjectVersion to 1.0.0.0. Version Checksum will be recalculated on next use.
[2025.09.29-14.18.04:290][  0]LogDerivedDataCache: Saved boot cache 0.06s 73MB C:/Users/filip/AppData/Local/UnrealEngine/4.23/DerivedDataCache/Boot.ddc.
[2025.09.29-14.18.04:294][  0]LogInit: Texture streaming: Enabled
[2025.09.29-14.18.04:305][  0]LogEngineSessionManager: EngineSessionManager initialized
[2025.09.29-14.18.04:305][  0]LogEditorSessionSummary: Verbose: Initializing EditorSessionSummaryWriter for editor session tracking
[2025.09.29-14.18.04:306][  0]LogEditorSessionSummary: EditorSessionSummaryWriter initialized
[2025.09.29-14.18.04:331][  0]LogInit: Transaction tracking system initialized
[2025.09.29-14.18.04:344][  0]BlueprintLog: New page: Editor Load
[2025.09.29-14.18.04:377][  0]LocalizationService: Localization service is disabled
[2025.09.29-14.18.04:494][  0]LogCook: Display: Max memory allowance for cook 16384mb min free memory 0mb
[2025.09.29-14.18.04:494][  0]LogCook: Display: Mobile HDR setting 1
[2025.09.29-14.18.04:602][  0]LogFileCache: Scanning file cache for directory 'E:/GameJamHGGUnreal4.23.1/GameJamCrew/Content/' took 0.01s
[2025.09.29-14.18.04:602][  0]SourceControl: Source control is disabled
[2025.09.29-14.18.04:602][  0]Cmd: MAP LOAD FILE="E:/GameJamHGGUnreal4.23.1/GameJamCrew/Content/ThirdPersonBP/Maps/ThirdPersonExampleMap.umap" TEMPLATE=0 SHOWPROGRESS=1 FEATURELEVEL=3
[2025.09.29-14.18.04:607][  0]LightingResults: New page: Lighting Build
[2025.09.29-14.18.04:608][  0]LogWorld: UWorld::CleanupWorld for Untitled, bSessionEnded=true, bCleanupResources=true
[2025.09.29-14.18.04:608][  0]MapCheck: New page: Map Check
[2025.09.29-14.18.04:608][  0]LightingResults: New page: Lighting Build
[2025.09.29-14.18.04:625][  0]LogUObjectHash: Compacting FUObjectHashTables data took   1.03ms
[2025.09.29-14.18.04:729][  0]LogLinker: Warning: While loading 'E:/GameJamHGGUnreal4.23.1/GameJamCrew/Content/ThirdPersonBP/Maps/ThirdPersonExampleMap.umap' failed to load '/Game/ThirdPersonBP/Maps/ThirdPersonExampleMap_BuiltData': Can't find file.
[2025.09.29-14.18.04:729][  0]LogLinker: Warning: While loading 'E:/GameJamHGGUnreal4.23.1/GameJamCrew/Content/ThirdPersonBP/Maps/ThirdPersonExampleMap.umap' failed to load '/Game/ThirdPersonBP/Maps/ThirdPersonExampleMap_BuiltData': Can't find file.
[2025.09.29-14.18.04:735][  0]LogLinker: Warning: While loading 'E:/GameJamHGGUnreal4.23.1/GameJamCrew/Content/ThirdPersonBP/Maps/ThirdPersonExampleMap.umap' failed to load '/Game/ThirdPersonBP/Maps/ThirdPersonExampleMap_BuiltData': Can't find file.
[2025.09.29-14.18.04:735][  0]LogLinker: Warning: While loading 'E:/GameJamHGGUnreal4.23.1/GameJamCrew/Content/ThirdPersonBP/Maps/ThirdPersonExampleMap.umap' failed to load '/Game/ThirdPersonBP/Maps/ThirdPersonExampleMap_BuiltData': Can't find file.
[2025.09.29-14.18.04:735][  0]LogLinker: Warning: Failed to load '/Game/ThirdPersonBP/Maps/ThirdPersonExampleMap_BuiltData': Can't find file.
[2025.09.29-14.18.04:736][  0]LogLinker: Warning: Failed to load '/Game/ThirdPersonBP/Maps/ThirdPersonExampleMap_BuiltData': Can't find file.
[2025.09.29-14.18.04:736][  0]LogLinker: Warning: Failed to load '/Game/ThirdPersonBP/Maps/ThirdPersonExampleMap_BuiltData': Can't find file.
[2025.09.29-14.18.04:736][  0]LogLinker: Warning: Failed to load '/Game/ThirdPersonBP/Maps/ThirdPersonExampleMap_BuiltData': Can't find file.
[2025.09.29-14.18.04:741][  0]LogLinker: Warning: While loading 'E:/GameJamHGGUnreal4.23.1/GameJamCrew/Content/ThirdPersonBP/Maps/ThirdPersonExampleMap.umap' failed to load '/Game/ThirdPersonBP/Maps/ThirdPersonExampleMap_BuiltData': Can't find file.
[2025.09.29-14.18.04:741][  0]LoadErrors: Failed to load /Game/ThirdPersonBP/Maps/ThirdPersonExampleMap_BuiltData.ThirdPersonExampleMap_BuiltData Referenced by PersistentLevel
[2025.09.29-14.18.04:741][  0]LogLinker: Warning: While loading 'E:/GameJamHGGUnreal4.23.1/GameJamCrew/Content/ThirdPersonBP/Maps/ThirdPersonExampleMap.umap' failed to load '/Game/ThirdPersonBP/Maps/ThirdPersonExampleMap_BuiltData': Can't find file.
[2025.09.29-14.18.04:741][  0]LoadErrors: Failed to load /Game/ThirdPersonBP/Maps/ThirdPersonExampleMap_BuiltData.ThirdPersonExampleMap_BuiltData Referenced by PersistentLevel
[2025.09.29-14.18.04:775][  0]LogAIModule: Creating AISystem for world ThirdPersonExampleMap
[2025.09.29-14.18.04:783][  0]LogEditorServer: Finished looking for orphan Actors (0.000 secs)
[2025.09.29-14.18.04:801][  0]LogUObjectHash: Compacting FUObjectHashTables data took   1.71ms
[2025.09.29-14.18.04:801][  0]Cmd: MAP CHECKDEP NOCLEARLOG
[2025.09.29-14.18.04:801][  0]MapCheck: Map check complete: 0 Error(s), 0 Warning(s), took 0.09ms to complete.
[2025.09.29-14.18.04:801][  0]LogFileHelpers: Loading map 'ThirdPersonExampleMap' took 0.199
[2025.09.29-14.18.04:879][  0]LogSlate: Updating window title bar state: overlay mode, drag disabled, window buttons hidden, title bar hidden
[2025.09.29-14.18.04:883][  0]LogSlate: Updating window title bar state: overlay mode, drag disabled, window buttons hidden, title bar hidden
[2025.09.29-14.18.04:886][  0]LogSlate: Updating window title bar state: overlay mode, drag disabled, window buttons hidden, title bar hidden
[2025.09.29-14.18.04:889][  0]LogSlate: Updating window title bar state: overlay mode, drag disabled, window buttons hidden, title bar hidden
[2025.09.29-14.18.04:892][  0]LogCollectionManager: Loaded 0 collections in 0.000620 seconds
[2025.09.29-14.18.04:897][  0]LogFileCache: Scanning file cache for directory 'E:/GameJamHGGUnreal4.23.1/GameJamCrew/Saved/Collections/' took 0.00s
[2025.09.29-14.18.04:897][  0]LogFileCache: Scanning file cache for directory 'E:/GameJamHGGUnreal4.23.1/GameJamCrew/Content/Developers/filip/Collections/' took 0.00s
[2025.09.29-14.18.04:897][  0]LogFileCache: Scanning file cache for directory 'E:/GameJamHGGUnreal4.23.1/GameJamCrew/Content/Collections/' took 0.00s
[2025.09.29-14.18.04:897][  0]LogCollectionManager: Rebuilt the GUID cache for 0 collections in 0.000001 seconds
[2025.09.29-14.18.04:903][  0]LogContentBrowser: Native class hierarchy populated in 0.0053 seconds. Added 2863 classes and 680 folders.
[2025.09.29-14.18.04:906][  0]LogContentBrowser: Native class hierarchy updated for 'WidgetCarousel' in 0.0002 seconds. Added 0 classes and 0 folders.
[2025.09.29-14.18.04:940][  0]LogContentBrowser: Native class hierarchy updated for 'AddContentDialog' in 0.0002 seconds. Added 0 classes and 0 folders.
[2025.09.29-14.18.04:943][  0]LogContentBrowser: Native class hierarchy updated for 'SceneOutliner' in 0.0002 seconds. Added 1 classes and 2 folders.
[2025.09.29-14.18.04:955][  0]LogSlate: Took 0.000164 seconds to synchronously load lazily loaded font '../../../Engine/Content/Slate/Fonts/Roboto-Regular.ttf' (155K)
[2025.09.29-14.18.04:956][  0]LogSlate: Took 0.000152 seconds to synchronously load lazily loaded font '../../../Engine/Content/Slate/Fonts/Roboto-Bold.ttf' (160K)
[2025.09.29-14.18.04:959][  0]LogSlate: Took 0.000227 seconds to synchronously load lazily loaded font '../../../Engine/Content/Editor/Slate/Fonts/FontAwesome.ttf' (139K)
[2025.09.29-14.18.04:994][  0]LogRenderer: Reallocating scene render targets to support 1208x568 Format 10 NumSamples 1 (Frame:1).
[2025.09.29-14.18.05:046][  0]LogContentBrowser: Native class hierarchy updated for 'HierarchicalLODOutliner' in 0.0002 seconds. Added 0 classes and 0 folders.
[2025.09.29-14.18.05:046][  0]LogLoad: (Engine Initialization) Total time: 4.57 seconds
[2025.09.29-14.18.05:046][  0]LogLoad: (Engine Initialization) Total Blueprint compile time: 0.00 seconds
[2025.09.29-14.18.05:073][  0]LogContentStreaming: Texture pool size now 1000 MB
[2025.09.29-14.18.05:075][  0]LogSlate: FSceneViewport::OnFocusLost() reason 5
[2025.09.29-14.18.09:100][441]LogSlate: Took 0.000140 seconds to synchronously load lazily loaded font '../../../Engine/Content/Slate/Fonts/Roboto-Light.ttf' (167K)
[2025.09.29-14.18.10:108][552]LogFileCache: Retrieving MD5 hashes for directory 'E:/GameJamHGGUnreal4.23.1/GameJamCrew/Content/' took 5.04s
[2025.09.29-14.18.13:888][973]LogAssetRegistry: Asset discovery search completed in 11.2020 seconds
[2025.09.29-14.18.13:890][973]LogCollectionManager: Rebuilt the object cache for 0 collections in 0.000002 seconds (found 0 objects)
[2025.09.29-14.18.13:890][973]LogCollectionManager: Fixed up redirectors for 0 collections in 0.000017 seconds (updated 0 objects)
[2025.09.29-14.18.26:032][ 18]LogSlate: Window 'Message Log' being destroyed
[2025.09.29-14.18.26:038][ 18]LogSlate: Window 'Message Log' being destroyed
[2025.09.29-14.18.28:302][289]LogSlate: FSceneViewport::OnFocusLost() reason 0
[2025.09.29-14.18.34:643][ 47]LogAnimationCompression: Building Anim DDC data for AnimSequence /Game/Mannequin/Animations/ThirdPerson_Jump.ThirdPerson_Jump
[2025.09.29-14.18.34:643][ 47]LogAnimationCompression: Recompressing (AnimSequence /Game/Mannequin/Animations/ThirdPerson_Jump.ThirdPerson_Jump) using current/default (AnimCompress_RemoveLinearKeys_0) bFirstRecompressUsingCurrentOrDefault(1) bTryAlternateCompressor(0) IsCompressedDataValid(0)
[2025.09.29-14.18.34:664][ 47]LogAnimationCompression: Building Anim DDC data for AnimSequence /Game/Mannequin/Animations/ThirdPersonJump_Loop.ThirdPersonJump_Loop
[2025.09.29-14.18.34:664][ 47]LogAnimationCompression: Recompressing (AnimSequence /Game/Mannequin/Animations/ThirdPersonJump_Loop.ThirdPersonJump_Loop) using current/default (AnimCompress_RemoveLinearKeys_2) bFirstRecompressUsingCurrentOrDefault(1) bTryAlternateCompressor(0) IsCompressedDataValid(0)
[2025.09.29-14.18.34:664][ 47]LogAnimationCompression: Building Anim DDC data for AnimSequence /Game/Mannequin/Animations/ThirdPersonJump_Start.ThirdPersonJump_Start
[2025.09.29-14.18.34:664][ 47]LogAnimationCompression: Recompressing (AnimSequence /Game/Mannequin/Animations/ThirdPersonJump_Start.ThirdPersonJump_Start) using current/default (AnimCompress_RemoveLinearKeys_3) bFirstRecompressUsingCurrentOrDefault(1) bTryAlternateCompressor(0) IsCompressedDataValid(0)
[2025.09.29-14.18.34:669][ 47]LogSlate: Took 0.000158 seconds to synchronously load lazily loaded font '../../../Engine/Content/Slate/Fonts/Roboto-Light.ttf' (167K)
[2025.09.29-14.18.34:676][ 47]LogAssetEditorManager: Opening Asset editor for AnimBlueprint /Game/Mannequin/Animations/ThirdPerson_AnimBP.ThirdPerson_AnimBP
[2025.09.29-14.18.34:732][ 47]LogContentBrowser: Native class hierarchy updated for 'SkeletonEditor' in 0.0003 seconds. Added 1 classes and 2 folders.
[2025.09.29-14.18.34:838][ 47]LogActorComponent: RegisterComponentWithWorld: (/Engine/Transient.World_1:PersistentLevel.AnimationEditorPreviewActor_0.DebugSkelMeshComponent_0) Already registered. Aborting.
[2025.09.29-14.18.34:842][ 47]LogContentBrowser: Native class hierarchy updated for 'PinnedCommandList' in 0.0002 seconds. Added 1 classes and 0 folders.
[2025.09.29-14.18.34:955][ 47]LogContentBrowser: Native class hierarchy updated for 'BlueprintGraph' in 0.0004 seconds. Added 121 classes and 0 folders.
[2025.09.29-14.18.35:342][ 47]LogSkeletalMesh: USkeletalMeshComponent::InitArticulated : Bodies already created (/Engine/Transient.World_1:PersistentLevel.AnimationEditorPreviewActor_0.DebugSkelMeshComponent_0) - call TermArticulated first.
[2025.09.29-14.18.35:492][ 47]LogSlate: Took 0.000206 seconds to synchronously load lazily loaded font '../../../Engine/Content/Slate/Fonts/Roboto-BoldCondensed.ttf' (158K)
[2025.09.29-14.18.42:392][853]LogSlate: Window 'ThirdPerson_AnimBP' being destroyed
[2025.09.29-14.18.44:103][ 55]LogAssetEditorManager: Opening Asset editor for BlendSpace1D /Game/Mannequin/Animations/ThirdPerson_IdleRun_2D.ThirdPerson_IdleRun_2D
[2025.09.29-14.18.44:108][ 55]LogActorComponent: RegisterComponentWithWorld: (/Engine/Transient.World_8:PersistentLevel.AnimationEditorPreviewActor_0.DebugSkelMeshComponent_0) Already registered. Aborting.
[2025.09.29-14.18.44:116][ 55]LogSkeletalMesh: USkeletalMeshComponent::InitArticulated : Bodies already created (/Engine/Transient.World_8:PersistentLevel.AnimationEditorPreviewActor_0.DebugSkelMeshComponent_0) - call TermArticulated first.
[2025.09.29-14.18.44:396][ 55]LogContentBrowser: Verbose: The majority of assets in the view are of type: AnimSequence
[2025.09.29-14.18.48:336][526]LogWorld: UWorld::CleanupWorld for World_1, bSessionEnded=true, bCleanupResources=true
[2025.09.29-14.18.48:339][526]LogWorld: UWorld::CleanupWorld for World_0, bSessionEnded=true, bCleanupResources=true
[2025.09.29-14.18.48:387][526]LogWorld: UWorld::CleanupWorld for World_2, bSessionEnded=true, bCleanupResources=true
[2025.09.29-14.18.52:826][ 53]LogLinker: Warning: While loading 'E:/GameJamHGGUnreal4.23.1/GameJamCrew/Content/Levels/CheeseFactory_001.umap' failed to load '/Game/Levels/CheeseFactory_001_BuiltData': Can't find file.
[2025.09.29-14.18.52:826][ 53]LogLinker: Warning: While loading 'E:/GameJamHGGUnreal4.23.1/GameJamCrew/Content/Levels/CheeseFactory_001.umap' failed to load '/Game/Levels/CheeseFactory_001_BuiltData': Can't find file.
[2025.09.29-14.18.52:869][ 53]LogLinker: Warning: While loading 'E:/GameJamHGGUnreal4.23.1/GameJamCrew/Content/Levels/CheeseFactory_001.umap' failed to load '/Game/Levels/CheeseFactory_001_BuiltData': Can't find file.
[2025.09.29-14.18.52:869][ 53]LogLinker: Warning: While loading 'E:/GameJamHGGUnreal4.23.1/GameJamCrew/Content/Levels/CheeseFactory_001.umap' failed to load '/Game/Levels/CheeseFactory_001_BuiltData': Can't find file.
[2025.09.29-14.18.52:874][ 53]LogLinker: Warning: Failed to load '/Game/Levels/CheeseFactory_001_BuiltData': Can't find file.
[2025.09.29-14.18.52:874][ 53]LogLinker: Warning: Failed to load '/Game/Levels/CheeseFactory_001_BuiltData': Can't find file.
[2025.09.29-14.18.52:874][ 53]LogLinker: Warning: Failed to load '/Game/Levels/CheeseFactory_001_BuiltData': Can't find file.
[2025.09.29-14.18.52:874][ 53]LogLinker: Warning: Failed to load '/Game/Levels/CheeseFactory_001_BuiltData': Can't find file.
[2025.09.29-14.18.52:889][ 53]LogLinker: Warning: While loading 'E:/GameJamHGGUnreal4.23.1/GameJamCrew/Content/Levels/CheeseFactory_001.umap' failed to load '/Game/Levels/CheeseFactory_001_BuiltData': Can't find file.
[2025.09.29-14.18.52:889][ 53]LoadErrors: Failed to load /Game/Levels/CheeseFactory_001_BuiltData.CheeseFactory_001_BuiltData Referenced by PersistentLevel
[2025.09.29-14.18.52:889][ 53]LogLinker: Warning: While loading 'E:/GameJamHGGUnreal4.23.1/GameJamCrew/Content/Levels/CheeseFactory_001.umap' failed to load '/Game/Levels/CheeseFactory_001_BuiltData': Can't find file.
[2025.09.29-14.18.52:921][ 53]LogTexture: Display: Building textures: metal_catwalk_color (AutoDXT, 256X256)
[2025.09.29-14.18.52:921][ 53]LogTexture: Display: Building textures: Material_Normal_DirectX (BC5, 512X512)
[2025.09.29-14.18.52:921][ 53]LogTexture: Display: Building textures: cheese_mixed (AutoDXT, 512X512)
[2025.09.29-14.18.52:921][ 53]LogTexture: Display: Building textures: metal_catwalk_mixed (AutoDXT, 256X256)
[2025.09.29-14.18.52:921][ 53]LogTexture: Display: Building textures: copperbowl_mixed (AutoDXT, 512X512)
[2025.09.29-14.18.52:921][ 53]LogTexture: Display: Building textures: copperbowl_color (AutoDXT, 512X512)
[2025.09.29-14.18.52:921][ 53]LogTexture: Display: Building textures: cheese_color (AutoDXT, 512X512)
[2025.09.29-14.18.52:921][ 53]LogTexture: Display: Building textures: metal_catwalk_normal (BC5, 512X512)
[2025.09.29-14.18.52:921][ 53]LogTexture: Display: Building textures: wood_trimsheet02_color (AutoDXT, 512X256)
[2025.09.29-14.18.52:921][ 53]LogStaticMesh: Building static mesh Cheese_table...
[2025.09.29-14.18.52:939][ 53]LogTexture: Display: Building textures: cylinder_color (AutoDXT, 1024X1024)
[2025.09.29-14.18.52:939][ 53]LogStaticMesh: Built static mesh [0.02s] /Game/LevelAssets/Models/Props/Cheese_table.Cheese_table
[2025.09.29-14.18.52:944][ 53]LogStaticMesh: Building static mesh Cheese_box_with_Cheese...
[2025.09.29-14.18.52:954][ 53]LogTexture: Display: Building textures: wood_trimsheet02_mixed (AutoDXT, 256X128)
[2025.09.29-14.18.52:954][ 53]LogStaticMesh: Built static mesh [0.01s] /Game/LevelAssets/Models/Props/Cheese_box_with_Cheese.Cheese_box_with_Cheese
[2025.09.29-14.18.52:955][ 53]LogStaticMesh: Building static mesh Cheese_box_without_Cheese...
[2025.09.29-14.18.52:964][ 53]LogStaticMesh: Built static mesh [0.01s] /Game/LevelAssets/Models/Props/Cheese_box_without_Cheese.Cheese_box_without_Cheese
[2025.09.29-14.18.53:152][ 53]LogTexture: Display: Building textures: asphalt_color (AutoDXT, 512X512)
[2025.09.29-14.18.53:152][ 53]LogTexture: Display: Building textures: asphalt_normal (BC5, 512X512)
[2025.09.29-14.18.53:152][ 53]LogTexture: Display: Building textures: windows_mixed (AutoDXT, 256X256)
[2025.09.29-14.18.53:152][ 53]LogTexture: Display: Building textures: cylinder_mixed (AutoDXT, 512X512)
[2025.09.29-14.18.53:152][ 53]LogTexture: Display: Building textures: windows_color (AutoDXT, 256X256)
[2025.09.29-14.18.53:152][ 53]LogTexture: Display: Building textures: cylinder_normal (BC5, 1024X1024)
[2025.09.29-14.18.53:152][ 53]LogTexture: Display: Building textures: asphalt_mixed (AutoDXT, 2048X2048)
[2025.09.29-14.18.53:152][ 53]LogMaterial: Display: Missing cached shader map for material M_copperbowl, compiling. 
[2025.09.29-14.18.53:198][ 53]LogStaticMesh: Building static mesh Copper_bowl...
[2025.09.29-14.18.53:241][ 53]LogShaderCompilers: Display: Worker (1/9): shaders left to compile 31
[2025.09.29-14.18.53:241][ 53]LogShaderCompilers: Display: Worker (2/9): shaders left to compile 27
[2025.09.29-14.18.53:241][ 53]LogShaderCompilers: Display: Worker (3/9): shaders left to compile 23
[2025.09.29-14.18.53:241][ 53]LogShaderCompilers: Display: Worker (4/9): shaders left to compile 19
[2025.09.29-14.18.53:241][ 53]LogShaderCompilers: Display: Worker (5/9): shaders left to compile 15
[2025.09.29-14.18.53:241][ 53]LogShaderCompilers: Display: Worker (6/9): shaders left to compile 11
[2025.09.29-14.18.53:241][ 53]LogShaderCompilers: Display: Worker (7/9): shaders left to compile 7
[2025.09.29-14.18.53:241][ 53]LogShaderCompilers: Display: Worker (8/9): shaders left to compile 3
[2025.09.29-14.18.53:241][ 53]LogStaticMesh: Built static mesh [0.04s] /Game/LevelAssets/Models/Props/Copper_bowl.Copper_bowl
[2025.09.29-14.18.53:246][ 53]LogStaticMesh: Building static mesh catwalk_trim...
[2025.09.29-14.18.53:249][ 53]LogStaticMesh: Built static mesh [0.00s] /Game/LevelAssets/Models/modular/floors/catwalk_trim.catwalk_trim
[2025.09.29-14.18.53:249][ 53]LogStaticMesh: Building static mesh catwalk_support...
[2025.09.29-14.18.53:251][ 53]LogStaticMesh: Built static mesh [0.00s] /Game/LevelAssets/Models/modular/floors/catwalk_support.catwalk_support
[2025.09.29-14.18.53:256][ 53]LogStaticMesh: Building static mesh catwalk_2x1...
[2025.09.29-14.18.53:262][ 53]LogStaticMesh: Built static mesh [0.01s] /Game/LevelAssets/Models/modular/floors/catwalk_2x1.catwalk_2x1
[2025.09.29-14.18.53:262][ 53]LogStaticMesh: Building static mesh catwalk_1x1...
[2025.09.29-14.18.53:263][ 53]LogStaticMesh: Built static mesh [0.00s] /Game/LevelAssets/Models/modular/floors/catwalk_1x1.catwalk_1x1
[2025.09.29-14.18.53:263][ 53]LogStaticMesh: Building static mesh Channel...
[2025.09.29-14.18.53:266][ 53]LogStaticMesh: Built static mesh [0.00s] /Game/LevelAssets/Models/Props/Beams/Channel.Channel
[2025.09.29-14.18.53:266][ 53]LogStaticMesh: Building static mesh C_beam_half...
[2025.09.29-14.18.53:269][ 53]LogStaticMesh: Built static mesh [0.00s] /Game/LevelAssets/Models/Props/Beams/C_beam_half.C_beam_half
[2025.09.29-14.18.53:270][ 53]LogStaticMesh: Building static mesh cylinder...
[2025.09.29-14.18.53:362][ 53]LogStaticMesh: Built static mesh [0.09s] /Game/LevelAssets/Models/Props/cylinder.cylinder
[2025.09.29-14.18.53:374][ 53]LogStaticMesh: Building static mesh railing01_pillar...
[2025.09.29-14.18.53:377][ 53]LogStaticMesh: Built static mesh [0.00s] /Game/LevelAssets/Models/modular/Rails/railing01_pillar.railing01_pillar
[2025.09.29-14.18.53:378][ 53]LogStaticMesh: Building static mesh railing01_half...
[2025.09.29-14.18.53:382][ 53]LogStaticMesh: Built static mesh [0.00s] /Game/LevelAssets/Models/modular/Rails/railing01_half.railing01_half
[2025.09.29-14.18.53:382][ 53]LogStaticMesh: Building static mesh railing01_full...
[2025.09.29-14.18.53:388][ 53]LogStaticMesh: Built static mesh [0.01s] /Game/LevelAssets/Models/modular/Rails/railing01_full.railing01_full
[2025.09.29-14.18.53:390][ 53]LogStaticMesh: Building static mesh shelved_cheese_full...
[2025.09.29-14.18.53:407][ 53]LogStaticMesh: Built static mesh [0.02s] /Game/LevelAssets/Models/modular/Cheese_shelves/shelved_cheese_full.shelved_cheese_full
[2025.09.29-14.18.53:410][ 53]LogStaticMesh: Building static mesh shelved_cheese_half...
[2025.09.29-14.18.53:418][ 53]LogStaticMesh: Built static mesh [0.01s] /Game/LevelAssets/Models/modular/Cheese_shelves/shelved_cheese_half.shelved_cheese_half
[2025.09.29-14.18.53:420][ 53]LogStaticMesh: Building static mesh shelved_cheese_singlerow...
[2025.09.29-14.18.53:425][ 53]LogStaticMesh: Built static mesh [0.01s] /Game/LevelAssets/Models/modular/Cheese_shelves/shelved_cheese_singlerow.shelved_cheese_singlerow
[2025.09.29-14.18.53:426][ 53]LogStaticMesh: Building static mesh shelf01...
[2025.09.29-14.18.53:436][ 53]LogStaticMesh: Built static mesh [0.01s] /Game/LevelAssets/Models/Props/shelf01.shelf01
[2025.09.29-14.18.53:437][ 53]LogStaticMesh: Building static mesh Skim_Tray...
[2025.09.29-14.18.53:462][ 53]LogStaticMesh: Built static mesh [0.03s] /Game/LevelAssets/Models/Props/Skim_Tray.Skim_Tray
[2025.09.29-14.18.53:466][ 53]LogStaticMesh: Building static mesh Stair...
[2025.09.29-14.18.53:486][ 53]LogStaticMesh: Built static mesh [0.02s] /Game/LevelAssets/Models/modular/Stair.Stair
[2025.09.29-14.18.53:488][ 53]LogStaticMesh: Building static mesh switch02...
[2025.09.29-14.18.53:516][ 53]LogStaticMesh: Built static mesh [0.03s] /Game/LevelAssets/Models/Props/switch02.switch02
[2025.09.29-14.18.53:528][ 53]LogStaticMesh: Building static mesh window01...
[2025.09.29-14.18.53:542][ 53]LogStaticMesh: Built static mesh [0.01s] /Game/LevelAssets/Models/modular/windows/window01/window01.window01
[2025.09.29-14.18.53:544][ 53]LogStaticMesh: Building static mesh window01_open...
[2025.09.29-14.18.53:553][ 53]LogStaticMesh: Built static mesh [0.01s] /Game/LevelAssets/Models/modular/windows/window01/window01_open.window01_open
[2025.09.29-14.18.53:554][ 53]LogStaticMesh: Building static mesh window01_open_glass...
[2025.09.29-14.18.53:557][ 53]LogStaticMesh: Built static mesh [0.00s] /Game/LevelAssets/Models/modular/windows/window01/window01_open_glass.window01_open_glass
[2025.09.29-14.18.53:558][ 53]LogStaticMesh: Building static mesh window01_glass...
[2025.09.29-14.18.53:564][ 53]LogStaticMesh: Built static mesh [0.01s] /Game/LevelAssets/Models/modular/windows/window01/window01_glass.window01_glass
[2025.09.29-14.18.53:586][ 53]LogMaterial: Display: Missing cached shader map for material M_cylinder, compiling. 
[2025.09.29-14.18.53:613][ 53]LogMaterial: Display: Missing cached shader map for material M_metal_catwalk, compiling. 
[2025.09.29-14.18.53:656][ 53]LogMaterial: Display: Missing cached shader map for material M_cheese, compiling. 
[2025.09.29-14.18.53:842][ 53]LogMaterial: Display: Missing cached shader map for material M_asphalt, compiling. 
[2025.09.29-14.18.53:888][ 53]LogMaterial: Display: Missing cached shader map for material M_windows, compiling. 
[2025.09.29-14.18.53:942][ 53]LogAIModule: Creating AISystem for world CheeseFactory_001
[2025.09.29-14.18.53:993][ 53]LogAssetEditorManager: Opening Asset editor for World /Game/Levels/CheeseFactory_001.CheeseFactory_001
[2025.09.29-14.18.54:084][ 53]LogUObjectHash: Compacting FUObjectHashTables data took   3.77ms
[2025.09.29-14.18.54:086][ 53]Cmd: MAP LOAD FILE="E:/GameJamHGGUnreal4.23.1/GameJamCrew/Content/Levels/CheeseFactory_001.umap" TEMPLATE=0 SHOWPROGRESS=1 FEATURELEVEL=3
[2025.09.29-14.18.54:086][ 53]LightingResults: New page: Lighting Build
[2025.09.29-14.18.54:086][ 53]LoadErrors: New page: Loading map: CheeseFactory_001.umap
[2025.09.29-14.18.54:086][ 53]LogWorld: UWorld::CleanupWorld for ThirdPersonExampleMap, bSessionEnded=true, bCleanupResources=true
[2025.09.29-14.18.54:086][ 53]MapCheck: New page: Map Check
[2025.09.29-14.18.54:086][ 53]LightingResults: New page: Lighting Build
[2025.09.29-14.18.54:136][ 53]LogUObjectHash: Compacting FUObjectHashTables data took   2.78ms
[2025.09.29-14.18.54:163][ 53]LogEditorServer: Finished looking for orphan Actors (0.000 secs)
[2025.09.29-14.18.54:218][ 53]LogUObjectHash: Compacting FUObjectHashTables data took   2.42ms
[2025.09.29-14.18.54:237][ 53]Cmd: MAP CHECKDEP NOCLEARLOG
[2025.09.29-14.18.54:238][ 53]MapCheck: Map check complete: 0 Error(s), 0 Warning(s), took 0.23ms to complete.
[2025.09.29-14.18.54:238][ 53]LogFileHelpers: Loading map 'CheeseFactory_001' took 0.153
[2025.09.29-14.18.54:576][ 54]LogShaderCompilers: Display: Worker (8/9): shaders left to compile 203
[2025.09.29-14.18.54:577][ 54]LogShaderCompilers: Display: Worker (1/9): shaders left to compile 193
[2025.09.29-14.18.54:577][ 54]LogShaderCompilers: Display: Worker (2/9): shaders left to compile 183
[2025.09.29-14.18.54:867][ 81]LogShaderCompilers: Display: Worker (6/9): shaders left to compile 173
[2025.09.29-14.18.54:922][ 87]LogTemp: Repeating last play command: Selected Viewport
[2025.09.29-14.18.54:928][ 87]LogBlueprintUserMessages: Early PlayInEditor Detection: Level '/Game/Levels/CheeseFactory_001.CheeseFactory_001:PersistentLevel' has LevelScriptBlueprint '/Game/Levels/CheeseFactory_001.CheeseFactory_001:PersistentLevel.CheeseFactory_001' with GeneratedClass '/Game/Levels/CheeseFactory_001.CheeseFactory_001_C' with ClassGeneratedBy '/Game/Levels/CheeseFactory_001.CheeseFactory_001:PersistentLevel.CheeseFactory_001'
[2025.09.29-14.18.54:929][ 87]LogPlayLevel: PlayLevel: No blueprints needed recompiling
[2025.09.29-14.18.54:929][ 87]PIE: New page: PIE session: CheeseFactory_001 (29 Sep 2025 6:18:54 pm)
[2025.09.29-14.18.54:930][ 87]LogOnline: OSS: Creating online subsystem instance for: NULL
[2025.09.29-14.18.54:931][ 87]LogPlayLevel: Creating play world package: /Game/Levels/UEDPIE_0_CheeseFactory_001
[2025.09.29-14.18.54:970][ 87]LogShaderCompilers: Display: Worker (3/9): shaders left to compile 163
[2025.09.29-14.18.54:976][ 87]LogPlayLevel: PIE: StaticDuplicateObject took: (0.045492s)
[2025.09.29-14.18.54:977][ 87]LogAIModule: Creating AISystem for world CheeseFactory_001
[2025.09.29-14.18.54:977][ 87]LogPlayLevel: PIE: World Init took: (0.001005s)
[2025.09.29-14.18.54:977][ 87]LogPlayLevel: PIE: Created PIE world by copying editor world from /Game/Levels/CheeseFactory_001.CheeseFactory_001 to /Game/Levels/UEDPIE_0_CheeseFactory_001.CheeseFactory_001 (0.046868s)
[2025.09.29-14.18.55:046][ 87]LogShaderCompilers: Display: Worker (4/9): shaders left to compile 153
[2025.09.29-14.18.55:046][ 87]LogUObjectHash: Compacting FUObjectHashTables data took   2.70ms
[2025.09.29-14.18.55:067][ 87]LogShaderCompilers: Display: Worker (7/9): shaders left to compile 143
[2025.09.29-14.18.55:068][ 87]LogInit: XAudio2 using 'Högtalare (Yeti Classic)' : 6 channels at 44.1 kHz using 16 bits per sample (channel mask 0x3f)
[2025.09.29-14.18.55:084][ 87]LogInit: FAudioDevice initialized.
[2025.09.29-14.18.55:094][ 87]LogLoad: Game class is 'ThirdPersonGameMode_C'
[2025.09.29-14.18.55:109][ 87]LogWorld: Bringing World /Game/Levels/UEDPIE_0_CheeseFactory_001.CheeseFactory_001 up for play (max tick rate 0) at 2025.09.29-16.18.55
[2025.09.29-14.18.55:111][ 87]LogWorld: Bringing up level for play took: 0.016140
[2025.09.29-14.18.55:111][ 87]LogOnline: OSS: Creating online subsystem instance for: :Context_11
[2025.09.29-14.18.55:116][ 87]LogShaderCompilers: Display: Worker (5/9): shaders left to compile 133
[2025.09.29-14.18.55:116][ 87]LogContentBrowser: Native class hierarchy updated for 'MovieSceneCapture' in 0.0004 seconds. Added 20 classes and 0 folders.
[2025.09.29-14.18.55:127][ 87]PIE: Play in editor start time for /Game/Levels/UEDPIE_0_CheeseFactory_001 -0.162
[2025.09.29-14.18.55:128][ 87]LogBlueprintUserMessages: Late PlayInEditor Detection: Level '/Game/Levels/CheeseFactory_001.CheeseFactory_001:PersistentLevel' has LevelScriptBlueprint '/Game/Levels/CheeseFactory_001.CheeseFactory_001:PersistentLevel.CheeseFactory_001' with GeneratedClass '/Game/Levels/CheeseFactory_001.CheeseFactory_001_C' with ClassGeneratedBy '/Game/Levels/CheeseFactory_001.CheeseFactory_001:PersistentLevel.CheeseFactory_001'
[2025.09.29-14.18.55:818][119]LogShaderCompilers: Display: Worker (8/9): shaders left to compile 123
[2025.09.29-14.18.56:140][149]LogShaderCompilers: Display: Worker (6/9): shaders left to compile 113
[2025.09.29-14.18.56:354][173]LogShaderCompilers: Display: Worker (4/9): shaders left to compile 103
[2025.09.29-14.18.56:754][214]LogShaderCompilers: Display: Worker (3/9): shaders left to compile 93
[2025.09.29-14.18.57:248][268]LogShaderCompilers: Display: Worker (2/9): shaders left to compile 83
[2025.09.29-14.18.57:391][284]LogShaderCompilers: Display: Worker (7/9): shaders left to compile 73
[2025.09.29-14.18.57:394][284]LogShaderCompilers: Display: Worker (1/9): shaders left to compile 63
[2025.09.29-14.18.57:944][342]LogShaderCompilers: Display: Worker (6/9): shaders left to compile 55
[2025.09.29-14.18.58:072][357]LogShaderCompilers: Display: Worker (5/9): shaders left to compile 48
[2025.09.29-14.18.58:093][359]LogShaderCompilers: Display: Worker (8/9): shaders left to compile 41
[2025.09.29-14.18.58:933][443]LogShaderCompilers: Display: Worker (5/9): shaders left to compile 35
[2025.09.29-14.18.58:933][443]LogShaderCompilers: Display: Worker (2/9): shaders left to compile 30
[2025.09.29-14.18.59:105][460]LogShaderCompilers: Display: Worker (4/9): shaders left to compile 26
[2025.09.29-14.18.59:106][460]LogShaderCompilers: Display: Worker (6/9): shaders left to compile 22
[2025.09.29-14.18.59:239][471]LogShaderCompilers: Display: Worker (3/9): shaders left to compile 18
[2025.09.29-14.18.59:627][512]LogShaderCompilers: Display: Worker (1/9): shaders left to compile 15
[2025.09.29-14.19.00:189][578]LogShaderCompilers: Display: Worker (8/9): shaders left to compile 13
[2025.09.29-14.19.00:342][596]LogShaderCompilers: Display: Worker (3/9): shaders left to compile 11
[2025.09.29-14.19.00:410][604]LogShaderCompilers: Display: Worker (6/9): shaders left to compile 9
[2025.09.29-14.19.00:410][604]LogShaderCompilers: Display: Worker (7/9): shaders left to compile 7
[2025.09.29-14.19.00:424][605]LogShaderCompilers: Display: Worker (1/9): shaders left to compile 5
[2025.09.29-14.19.00:424][605]LogShaderCompilers: Display: Worker (2/9): shaders left to compile 4
[2025.09.29-14.19.00:533][615]LogShaderCompilers: Display: Worker (4/9): shaders left to compile 3
[2025.09.29-14.19.00:694][633]LogShaderCompilers: Display: Worker (1/9): shaders left to compile 2
[2025.09.29-14.19.00:754][640]LogShaderCompilers: Display: Worker (5/9): shaders left to compile 1
[2025.09.29-14.19.07:374][385]LogBlueprintUserMessages: Early EndPlayMap Detection: Level '/Game/Levels/CheeseFactory_001.CheeseFactory_001:PersistentLevel' has LevelScriptBlueprint '/Game/Levels/CheeseFactory_001.CheeseFactory_001:PersistentLevel.CheeseFactory_001' with GeneratedClass '/Game/Levels/CheeseFactory_001.CheeseFactory_001_C' with ClassGeneratedBy '/Game/Levels/CheeseFactory_001.CheeseFactory_001:PersistentLevel.CheeseFactory_001'
[2025.09.29-14.19.07:375][385]LogSlate: Updating window title bar state: overlay mode, drag disabled, window buttons hidden, title bar hidden
[2025.09.29-14.19.07:375][385]LogWorld: BeginTearingDown for /Game/Levels/UEDPIE_0_CheeseFactory_001
[2025.09.29-14.19.07:375][385]LogWorld: UWorld::CleanupWorld for CheeseFactory_001, bSessionEnded=true, bCleanupResources=true
[2025.09.29-14.19.07:389][385]LogPlayLevel: Display: Shutting down PIE online subsystems
[2025.09.29-14.19.07:389][385]LogBlueprintUserMessages: Late EndPlayMap Detection: Level '/Game/Levels/CheeseFactory_001.CheeseFactory_001:PersistentLevel' has LevelScriptBlueprint '/Game/Levels/CheeseFactory_001.CheeseFactory_001:PersistentLevel.CheeseFactory_001' with GeneratedClass '/Game/Levels/CheeseFactory_001.CheeseFactory_001_C' with ClassGeneratedBy '/Game/Levels/CheeseFactory_001.CheeseFactory_001:PersistentLevel.CheeseFactory_001'
[2025.09.29-14.19.07:408][385]LogSlate: Updating window title bar state: overlay mode, drag disabled, window buttons hidden, title bar hidden
[2025.09.29-14.19.07:452][385]LogUObjectHash: Compacting FUObjectHashTables data took   2.24ms
[2025.09.29-14.19.07:483][387]LogPlayLevel: Display: Destroying online subsystem :Context_11
[2025.09.29-14.19.07:740][417]LogSlate: FSceneViewport::OnFocusLost() reason 5
[2025.09.29-14.19.07:747][417]Cmd: OBJ SAVEPACKAGE PACKAGE="/Game/Levels/CheeseFactory_001" FILE="E:/GameJamHGGUnreal4.23.1/GameJamCrew/Content/Levels/CheeseFactory_001.umap" SILENT=true AUTOSAVING=false KEEPDIRTY=false
[2025.09.29-14.19.07:763][417]LogUObjectHash: Compacting FUObjectHashTables data took   1.28ms
[2025.09.29-14.19.08:036][417]LogSavePackage: Moving 'E:/GameJamHGGUnreal4.23.1/GameJamCrew/Saved/CheeseFactory_0017DFF2B5A4E3575E81745E9AD5F7BCC3F.tmp' to 'E:/GameJamHGGUnreal4.23.1/GameJamCrew/Content/Levels/CheeseFactory_001.umap'
[2025.09.29-14.19.09:825][629]LogSlate: FSceneViewport::OnFocusLost() reason 0
[2025.09.29-14.19.16:757][460]LogWorld: UWorld::CleanupWorld for World_8, bSessionEnded=true, bCleanupResources=true
[2025.09.29-14.19.16:808][460]LogWorld: UWorld::CleanupWorld for World_9, bSessionEnded=true, bCleanupResources=true
[2025.09.29-14.19.22:087][ 87]LogAssetEditorManager: Opening Asset editor for AnimBlueprint /Game/Mannequin/Animations/ThirdPerson_AnimBP.ThirdPerson_AnimBP
[2025.09.29-14.19.22:093][ 87]LogActorComponent: RegisterComponentWithWorld: (/Engine/Transient.World_11:PersistentLevel.AnimationEditorPreviewActor_0.DebugSkelMeshComponent_0) Already registered. Aborting.
[2025.09.29-14.19.22:252][ 87]LogSkeletalMesh: USkeletalMeshComponent::InitArticulated : Bodies already created (/Engine/Transient.World_11:PersistentLevel.AnimationEditorPreviewActor_0.DebugSkelMeshComponent_0) - call TermArticulated first.
[2025.09.29-14.19.56:121][792]LogActorComponent: RegisterComponentWithWorld: (/Engine/Transient.World_11:PersistentLevel.AnimationEditorPreviewActor_0.DebugSkelMeshComponent_0) Already registered. Aborting.
[2025.09.29-14.20.08:505][190]Cmd: OBJ SAVEPACKAGE PACKAGE="/Game/Levels/CheeseFactory_001" FILE="E:/GameJamHGGUnreal4.23.1/GameJamCrew/Content/Levels/CheeseFactory_001.umap" SILENT=true AUTOSAVING=false KEEPDIRTY=false
[2025.09.29-14.20.08:525][190]LogUObjectHash: Compacting FUObjectHashTables data took   1.80ms
[2025.09.29-14.20.08:803][190]LogSavePackage: Moving 'E:/GameJamHGGUnreal4.23.1/GameJamCrew/Saved/CheeseFactory_001A82C5B7D47029F8BB36F6EBC0928DBBC.tmp' to 'E:/GameJamHGGUnreal4.23.1/GameJamCrew/Content/Levels/CheeseFactory_001.umap'
[2025.09.29-14.20.13:045][498]LogFactory: FactoryCreateFile: StaticMesh with FbxFactory (0 0 C:\Users\filip\Desktop\CatIdle.fbx)
[2025.09.29-14.20.13:052][498]LogFbx: Loading FBX Scene from C:\Users\filip\Desktop\CatIdle.fbx
[2025.09.29-14.20.13:074][498]LogFbx: FBX Scene Loaded Succesfully
[2025.09.29-14.20.13:910][498]LogSlate: Window 'FBX Import Options' being destroyed
[2025.09.29-14.20.13:960][498]LogFbx: Valid bind pose for Pose (SkeletonAndPose:skinCluster1) - SkeletonAndPose:CatBodyLowPoly
[2025.09.29-14.20.14:039][498]LogMaterial: Display: Material /Game/Mannequin/Cat/Default_Material.Default_Material needed to have new flag set bUsedWithSkeletalMesh !
[2025.09.29-14.20.14:040][498]LogMaterial: Display: Missing cached shader map for material Default_Material, compiling. 
[2025.09.29-14.20.14:060][498]LogMaterial: Display: Missing cached shader map for material Default_Material, compiling. 
[2025.09.29-14.20.14:083][498]LogFbx: Triangulating skeletal mesh SkeletonAndPose:CatBodyLowPoly
[2025.09.29-14.20.14:112][498]LogShaderCompilers: Display: Worker (1/9): shaders left to compile 60
[2025.09.29-14.20.14:112][498]LogShaderCompilers: Display: Worker (2/9): shaders left to compile 52
[2025.09.29-14.20.14:112][498]LogShaderCompilers: Display: Worker (3/9): shaders left to compile 44
[2025.09.29-14.20.14:112][498]LogShaderCompilers: Display: Worker (4/9): shaders left to compile 36
[2025.09.29-14.20.14:112][498]LogShaderCompilers: Display: Worker (5/9): shaders left to compile 28
[2025.09.29-14.20.14:112][498]LogShaderCompilers: Display: Worker (6/9): shaders left to compile 20
[2025.09.29-14.20.14:112][498]LogShaderCompilers: Display: Worker (7/9): shaders left to compile 12
[2025.09.29-14.20.14:112][498]LogShaderCompilers: Display: Worker (8/9): shaders left to compile 4
[2025.09.29-14.20.14:112][498]LogFbx: Warning: Bones digested - 68  Depth of hierarchy - 17
[2025.09.29-14.20.14:194][498]LogSkeletalMesh: Section 0: 2795 vertices, 44 active bones
[2025.09.29-14.20.14:194][498]LogSkeletalMesh: Section 0: Material=0, 4510 triangles
[2025.09.29-14.20.14:196][498]LogSkeletalMesh: Building Skeletal Mesh CatIdle...
[2025.09.29-14.20.14:199][498]LogSkeletalMesh: Built Skeletal Mesh [0.00s] /Game/Mannequin/Cat/CatIdle.CatIdle
[2025.09.29-14.20.14:200][498]LogLinker: Failed to load '/Game/Mannequin/Cat/CatIdle_Skeleton': Can't find file.
[2025.09.29-14.20.14:200][498]LogLinker: Failed to load '/Game/Mannequin/Cat/CatIdle_Skeleton': Can't find file.
[2025.09.29-14.20.14:201][498]LogLinker: Failed to load '/Game/Mannequin/Cat/CatIdle_PhysicsAsset': Can't find file.
[2025.09.29-14.20.14:201][498]LogLinker: Failed to load '/Game/Mannequin/Cat/CatIdle_PhysicsAsset': Can't find file.
[2025.09.29-14.20.14:208][498]LogWorld: UWorld::CleanupWorld for World_13, bSessionEnded=true, bCleanupResources=true
[2025.09.29-14.20.14:216][498]LogSkeletalMesh: Building Skeletal Mesh CatIdle...
[2025.09.29-14.20.14:219][498]LogSkeletalMesh: Built Skeletal Mesh [0.00s] /Game/Mannequin/Cat/CatIdle.CatIdle
[2025.09.29-14.20.14:228][498]FBXImport: Warning: Mesh [Geometry have no name] in the fbx file is not reference by any hierarchy node. 
[2025.09.29-14.20.14:228][498]FBXImport: Warning: Mesh [Geometry have no name] in the fbx file is not reference by any hierarchy node. 
[2025.09.29-14.20.14:228][498]FBXImport: Warning: Mesh [Geometry have no name] in the fbx file is not reference by any hierarchy node. 
[2025.09.29-14.20.14:228][498]FBXImport: Warning: Mesh [Geometry have no name] in the fbx file is not reference by any hierarchy node. 
[2025.09.29-14.20.14:228][498]FBXImport: Warning: Mesh [Geometry have no name] in the fbx file is not reference by any hierarchy node. 
[2025.09.29-14.20.14:228][498]FBXImport: Warning: Mesh [Geometry have no name] in the fbx file is not reference by any hierarchy node. 
[2025.09.29-14.20.14:228][498]FBXImport: Warning: Mesh [Geometry have no name] in the fbx file is not reference by any hierarchy node. 
[2025.09.29-14.20.14:228][498]FBXImport: Warning: Mesh [Geometry have no name] in the fbx file is not reference by any hierarchy node. 
[2025.09.29-14.20.14:228][498]FBXImport: Warning: Mesh [Geometry have no name] in the fbx file is not reference by any hierarchy node. 
[2025.09.29-14.20.14:228][498]FBXImport: Warning: Mesh [Geometry have no name] in the fbx file is not reference by any hierarchy node. 
[2025.09.29-14.20.14:228][498]FBXImport: Warning: Mesh [Geometry have no name] in the fbx file is not reference by any hierarchy node. 
[2025.09.29-14.20.14:228][498]FBXImport: Warning: Mesh [Geometry have no name] in the fbx file is not reference by any hierarchy node. 
[2025.09.29-14.20.14:228][498]FBXImport: Warning: Mesh [Geometry have no name] in the fbx file is not reference by any hierarchy node. 
[2025.09.29-14.20.14:228][498]FBXImport: Warning: Mesh [Geometry have no name] in the fbx file is not reference by any hierarchy node. 
[2025.09.29-14.20.14:228][498]FBXImport: Warning: Mesh [Geometry have no name] in the fbx file is not reference by any hierarchy node. 
[2025.09.29-14.20.14:228][498]FBXImport: Warning: Mesh [Geometry have no name] in the fbx file is not reference by any hierarchy node. 
[2025.09.29-14.20.14:228][498]FBXImport: Warning: Mesh [Geometry have no name] in the fbx file is not reference by any hierarchy node. 
[2025.09.29-14.20.14:228][498]FBXImport: Warning: Mesh [Geometry have no name] in the fbx file is not reference by any hierarchy node. 
[2025.09.29-14.20.14:228][498]FBXImport: Warning: Mesh [Geometry have no name] in the fbx file is not reference by any hierarchy node. 
[2025.09.29-14.20.14:228][498]FBXImport: Warning: Mesh [Geometry have no name] in the fbx file is not reference by any hierarchy node. 
[2025.09.29-14.20.14:228][498]FBXImport: Warning: The following bones are missing from the bind pose:
SkeletonAndPose:Rigg  
SkeletonAndPose:Back_Legs  
SkeletonAndPose:Right  
SkeletonAndPose:ikHandle3  
SkeletonAndPose:IK  
SkeletonAndPose:group21254212252  
SkeletonAndPose:Left  
SkeletonAndPose:ikHandle4  
SkeletonAndPose:IK1  
SkeletonAndPose:group2  
SkeletonAndPose:Front_Legs  
SkeletonAndPose:Rightf  
SkeletonAndPose:ikHandle2f  
SkeletonAndPose:IK_FRONT1  
SkeletonAndPose:Leftf  
SkeletonAndPose:ikHandle1f  
SkeletonAndPose:IK_FRONT  
SkeletonAndPose:Scapula_Right  
SkeletonAndPose:Scapula_Left  
SkeletonAndPose:Controllers  
SkeletonAndPose:Neck_1_GRP  

This can happen for bones that are not vert weighted. If they are not in the correct orientation after importing,
please set the "Use T0 as ref pose" option or add them to the bind pose and reimport the skeletal mesh. 
[2025.09.29-14.20.14:242][498]LogSkeletalMesh: Building Skeletal Mesh CatIdle...
[2025.09.29-14.20.14:244][498]LogSkeletalMesh: Built Skeletal Mesh [0.00s] /Game/Mannequin/Cat/CatIdle.CatIdle
[2025.09.29-14.20.14:253][498]LogFactory: FactoryCreateFile: SkeletalMesh with FbxFactory (0 0 C:\Users\filip\Desktop\Jump.fbx)
[2025.09.29-14.20.14:269][498]LogFbx: Loading FBX Scene from C:\Users\filip\Desktop\Jump.fbx
[2025.09.29-14.20.14:310][498]LogFbx: FBX Scene Loaded Succesfully
[2025.09.29-14.20.15:162][498]LogSlate: Window 'FBX Import Options' being destroyed
[2025.09.29-14.20.15:204][498]LogFbx: Valid bind pose for Pose (SkeletonAndPose:skinCluster1) - SkeletonAndPose:CatBodyLowPoly
[2025.09.29-14.20.15:211][498]LogFbx: Triangulating skeletal mesh SkeletonAndPose:CatBodyLowPoly
[2025.09.29-14.20.15:238][498]LogFbx: Warning: Bones digested - 68  Depth of hierarchy - 17
[2025.09.29-14.20.15:310][498]LogSkeletalMesh: Section 0: 2795 vertices, 44 active bones
[2025.09.29-14.20.15:310][498]LogSkeletalMesh: Section 0: Material=0, 4510 triangles
[2025.09.29-14.20.15:313][498]LogSkeletalMesh: Building Skeletal Mesh Jump...
[2025.09.29-14.20.15:315][498]LogSkeletalMesh: Built Skeletal Mesh [0.00s] /Game/Mannequin/Cat/Jump.Jump
[2025.09.29-14.20.15:316][498]LogLinker: Failed to load '/Game/Mannequin/Cat/Jump_PhysicsAsset': Can't find file.
[2025.09.29-14.20.15:316][498]LogLinker: Failed to load '/Game/Mannequin/Cat/Jump_PhysicsAsset': Can't find file.
[2025.09.29-14.20.15:320][498]LogWorld: UWorld::CleanupWorld for World_14, bSessionEnded=true, bCleanupResources=true
[2025.09.29-14.20.15:325][498]LogSkeletalMesh: Building Skeletal Mesh Jump...
[2025.09.29-14.20.15:328][498]LogSkeletalMesh: Built Skeletal Mesh [0.00s] /Game/Mannequin/Cat/Jump.Jump
[2025.09.29-14.20.15:337][498]FBXImport: Warning: Mesh [Geometry have no name] in the fbx file is not reference by any hierarchy node. 
[2025.09.29-14.20.15:337][498]FBXImport: Warning: Mesh [Geometry have no name] in the fbx file is not reference by any hierarchy node. 
[2025.09.29-14.20.15:337][498]FBXImport: Warning: Mesh [Geometry have no name] in the fbx file is not reference by any hierarchy node. 
[2025.09.29-14.20.15:337][498]FBXImport: Warning: Mesh [Geometry have no name] in the fbx file is not reference by any hierarchy node. 
[2025.09.29-14.20.15:337][498]FBXImport: Warning: Mesh [Geometry have no name] in the fbx file is not reference by any hierarchy node. 
[2025.09.29-14.20.15:337][498]FBXImport: Warning: Mesh [Geometry have no name] in the fbx file is not reference by any hierarchy node. 
[2025.09.29-14.20.15:337][498]FBXImport: Warning: Mesh [Geometry have no name] in the fbx file is not reference by any hierarchy node. 
[2025.09.29-14.20.15:337][498]FBXImport: Warning: Mesh [Geometry have no name] in the fbx file is not reference by any hierarchy node. 
[2025.09.29-14.20.15:337][498]FBXImport: Warning: Mesh [Geometry have no name] in the fbx file is not reference by any hierarchy node. 
[2025.09.29-14.20.15:337][498]FBXImport: Warning: Mesh [Geometry have no name] in the fbx file is not reference by any hierarchy node. 
[2025.09.29-14.20.15:337][498]FBXImport: Warning: Mesh [Geometry have no name] in the fbx file is not reference by any hierarchy node. 
[2025.09.29-14.20.15:337][498]FBXImport: Warning: Mesh [Geometry have no name] in the fbx file is not reference by any hierarchy node. 
[2025.09.29-14.20.15:337][498]FBXImport: Warning: Mesh [Geometry have no name] in the fbx file is not reference by any hierarchy node. 
[2025.09.29-14.20.15:337][498]FBXImport: Warning: Mesh [Geometry have no name] in the fbx file is not reference by any hierarchy node. 
[2025.09.29-14.20.15:337][498]FBXImport: Warning: Mesh [Geometry have no name] in the fbx file is not reference by any hierarchy node. 
[2025.09.29-14.20.15:337][498]FBXImport: Warning: Mesh [Geometry have no name] in the fbx file is not reference by any hierarchy node. 
[2025.09.29-14.20.15:337][498]FBXImport: Warning: Mesh [Geometry have no name] in the fbx file is not reference by any hierarchy node. 
[2025.09.29-14.20.15:337][498]FBXImport: Warning: Mesh [Geometry have no name] in the fbx file is not reference by any hierarchy node. 
[2025.09.29-14.20.15:337][498]FBXImport: Warning: Mesh [Geometry have no name] in the fbx file is not reference by any hierarchy node. 
[2025.09.29-14.20.15:337][498]FBXImport: Warning: Mesh [Geometry have no name] in the fbx file is not reference by any hierarchy node. 
[2025.09.29-14.20.15:337][498]FBXImport: Warning: The following bones are missing from the bind pose:
SkeletonAndPose:Rigg  
SkeletonAndPose:Back_Legs  
SkeletonAndPose:Right  
SkeletonAndPose:ikHandle3  
SkeletonAndPose:IK  
SkeletonAndPose:group21254212252  
SkeletonAndPose:Left  
SkeletonAndPose:ikHandle4  
SkeletonAndPose:IK1  
SkeletonAndPose:group2  
SkeletonAndPose:Front_Legs  
SkeletonAndPose:Rightf  
SkeletonAndPose:ikHandle2f  
SkeletonAndPose:IK_FRONT1  
SkeletonAndPose:Leftf  
SkeletonAndPose:ikHandle1f  
SkeletonAndPose:IK_FRONT  
SkeletonAndPose:Scapula_Right  
SkeletonAndPose:Scapula_Left  
SkeletonAndPose:Controllers  
SkeletonAndPose:Neck_1_GRP  

This can happen for bones that are not vert weighted. If they are not in the correct orientation after importing,
please set the "Use T0 as ref pose" option or add them to the bind pose and reimport the skeletal mesh. 
[2025.09.29-14.20.15:338][498]LogSkeletalMesh: Building Skeletal Mesh Jump...
[2025.09.29-14.20.15:340][498]LogSkeletalMesh: Built Skeletal Mesh [0.00s] /Game/Mannequin/Cat/Jump.Jump
[2025.09.29-14.20.15:345][498]LogFactory: FactoryCreateFile: SkeletalMesh with FbxFactory (0 0 C:\Users\filip\Desktop\Walk.fbx)
[2025.09.29-14.20.15:352][498]LogFbx: Loading FBX Scene from C:\Users\filip\Desktop\Walk.fbx
[2025.09.29-14.20.15:376][498]LogFbx: FBX Scene Loaded Succesfully
[2025.09.29-14.20.15:382][498]LogFbx: Valid bind pose for Pose (SkeletonAndPose:skinCluster1) - SkeletonAndPose:CatBodyLowPoly
[2025.09.29-14.20.15:386][498]LogFbx: Triangulating skeletal mesh SkeletonAndPose:CatBodyLowPoly
[2025.09.29-14.20.15:407][498]LogFbx: Warning: Bones digested - 68  Depth of hierarchy - 17
[2025.09.29-14.20.15:459][498]LogSkeletalMesh: Section 0: 2795 vertices, 44 active bones
[2025.09.29-14.20.15:459][498]LogSkeletalMesh: Section 0: Material=0, 4510 triangles
[2025.09.29-14.20.15:461][498]LogSkeletalMesh: Building Skeletal Mesh Walk...
[2025.09.29-14.20.15:463][498]LogSkeletalMesh: Built Skeletal Mesh [0.00s] /Game/Mannequin/Cat/Walk.Walk
[2025.09.29-14.20.15:465][498]LogLinker: Failed to load '/Game/Mannequin/Cat/Walk_PhysicsAsset': Can't find file.
[2025.09.29-14.20.15:465][498]LogLinker: Failed to load '/Game/Mannequin/Cat/Walk_PhysicsAsset': Can't find file.
[2025.09.29-14.20.15:469][498]LogWorld: UWorld::CleanupWorld for World_15, bSessionEnded=true, bCleanupResources=true
[2025.09.29-14.20.15:474][498]LogSkeletalMesh: Building Skeletal Mesh Walk...
[2025.09.29-14.20.15:476][498]LogSkeletalMesh: Built Skeletal Mesh [0.00s] /Game/Mannequin/Cat/Walk.Walk
[2025.09.29-14.20.15:482][498]FBXImport: Warning: Mesh [Geometry have no name] in the fbx file is not reference by any hierarchy node. 
[2025.09.29-14.20.15:482][498]FBXImport: Warning: Mesh [Geometry have no name] in the fbx file is not reference by any hierarchy node. 
[2025.09.29-14.20.15:482][498]FBXImport: Warning: Mesh [Geometry have no name] in the fbx file is not reference by any hierarchy node. 
[2025.09.29-14.20.15:482][498]FBXImport: Warning: Mesh [Geometry have no name] in the fbx file is not reference by any hierarchy node. 
[2025.09.29-14.20.15:482][498]FBXImport: Warning: Mesh [Geometry have no name] in the fbx file is not reference by any hierarchy node. 
[2025.09.29-14.20.15:482][498]FBXImport: Warning: Mesh [Geometry have no name] in the fbx file is not reference by any hierarchy node. 
[2025.09.29-14.20.15:482][498]FBXImport: Warning: Mesh [Geometry have no name] in the fbx file is not reference by any hierarchy node. 
[2025.09.29-14.20.15:482][498]FBXImport: Warning: Mesh [Geometry have no name] in the fbx file is not reference by any hierarchy node. 
[2025.09.29-14.20.15:482][498]FBXImport: Warning: Mesh [Geometry have no name] in the fbx file is not reference by any hierarchy node. 
[2025.09.29-14.20.15:482][498]FBXImport: Warning: Mesh [Geometry have no name] in the fbx file is not reference by any hierarchy node. 
[2025.09.29-14.20.15:482][498]FBXImport: Warning: Mesh [Geometry have no name] in the fbx file is not reference by any hierarchy node. 
[2025.09.29-14.20.15:482][498]FBXImport: Warning: Mesh [Geometry have no name] in the fbx file is not reference by any hierarchy node. 
[2025.09.29-14.20.15:482][498]FBXImport: Warning: Mesh [Geometry have no name] in the fbx file is not reference by any hierarchy node. 
[2025.09.29-14.20.15:482][498]FBXImport: Warning: Mesh [Geometry have no name] in the fbx file is not reference by any hierarchy node. 
[2025.09.29-14.20.15:483][498]FBXImport: Warning: Mesh [Geometry have no name] in the fbx file is not reference by any hierarchy node. 
[2025.09.29-14.20.15:483][498]FBXImport: Warning: Mesh [Geometry have no name] in the fbx file is not reference by any hierarchy node. 
[2025.09.29-14.20.15:483][498]FBXImport: Warning: Mesh [Geometry have no name] in the fbx file is not reference by any hierarchy node. 
[2025.09.29-14.20.15:483][498]FBXImport: Warning: Mesh [Geometry have no name] in the fbx file is not reference by any hierarchy node. 
[2025.09.29-14.20.15:483][498]FBXImport: Warning: Mesh [Geometry have no name] in the fbx file is not reference by any hierarchy node. 
[2025.09.29-14.20.15:483][498]FBXImport: Warning: Mesh [Geometry have no name] in the fbx file is not reference by any hierarchy node. 
[2025.09.29-14.20.15:483][498]FBXImport: Warning: The following bones are missing from the bind pose:
SkeletonAndPose:Rigg  
SkeletonAndPose:Back_Legs  
SkeletonAndPose:Right  
SkeletonAndPose:ikHandle3  
SkeletonAndPose:IK  
SkeletonAndPose:group21254212252  
SkeletonAndPose:Left  
SkeletonAndPose:ikHandle4  
SkeletonAndPose:IK1  
SkeletonAndPose:group2  
SkeletonAndPose:Front_Legs  
SkeletonAndPose:Rightf  
SkeletonAndPose:ikHandle2f  
SkeletonAndPose:IK_FRONT1  
SkeletonAndPose:Leftf  
SkeletonAndPose:ikHandle1f  
SkeletonAndPose:IK_FRONT  
SkeletonAndPose:Scapula_Right  
SkeletonAndPose:Scapula_Left  
SkeletonAndPose:Controllers  
SkeletonAndPose:Neck_1_GRP  

This can happen for bones that are not vert weighted. If they are not in the correct orientation after importing,
please set the "Use T0 as ref pose" option or add them to the bind pose and reimport the skeletal mesh. 
[2025.09.29-14.20.15:483][498]LogSkeletalMesh: Building Skeletal Mesh Walk...
[2025.09.29-14.20.15:485][498]LogSkeletalMesh: Built Skeletal Mesh [0.00s] /Game/Mannequin/Cat/Walk.Walk
[2025.09.29-14.20.17:038][674]LogSlate: Window 'Message Log' being destroyed
[2025.09.29-14.20.17:043][674]LogSlate: Window 'Message Log' being destroyed
[2025.09.29-14.20.19:430][958]LogUObjectHash: Compacting FUObjectHashTables data took   1.68ms
[2025.09.29-14.20.21:187][958]LogSlate: Window 'Delete Assets' being destroyed
[2025.09.29-14.20.22:353][958]LogUObjectGlobals: Force Deleting 8 Package(s):
	Asset Name: /Game/Mannequin/Cat/Walk_PhysicsAsset.Walk_PhysicsAsset
	Asset Name: /Game/Mannequin/Cat/CatIdle.CatIdle
	Asset Name: /Game/Mannequin/Cat/CatIdle_PhysicsAsset.CatIdle_PhysicsAsset
	Asset Name: /Game/Mannequin/Cat/CatIdle_Skeleton.CatIdle_Skeleton
	Asset Name: /Game/Mannequin/Cat/Default_Material.Default_Material
	Asset Name: /Game/Mannequin/Cat/Jump.Jump
	Asset Name: /Game/Mannequin/Cat/Jump_PhysicsAsset.Jump_PhysicsAsset
	Asset Name: /Game/Mannequin/Cat/Walk.Walk
[2025.09.29-14.20.23:010][958]LogSkeletalMesh: Building Skeletal Mesh Walk...
[2025.09.29-14.20.23:012][958]LogSkeletalMesh: Built Skeletal Mesh [0.00s] /Game/Mannequin/Cat/Walk.Walk
[2025.09.29-14.20.23:017][958]LogSkeletalMesh: Building Skeletal Mesh Walk...
[2025.09.29-14.20.23:019][958]LogSkeletalMesh: Built Skeletal Mesh [0.00s] /Game/Mannequin/Cat/Walk.Walk
[2025.09.29-14.20.23:020][958]LogSkeletalMesh: Building Skeletal Mesh Walk...
[2025.09.29-14.20.23:022][958]LogSkeletalMesh: Built Skeletal Mesh [0.00s] /Game/Mannequin/Cat/Walk.Walk
[2025.09.29-14.20.23:023][958]LogSkeletalMesh: Building Skeletal Mesh Jump...
[2025.09.29-14.20.23:025][958]LogSkeletalMesh: Built Skeletal Mesh [0.00s] /Game/Mannequin/Cat/Jump.Jump
[2025.09.29-14.20.23:026][958]LogSkeletalMesh: Building Skeletal Mesh Jump...
[2025.09.29-14.20.23:029][958]LogSkeletalMesh: Built Skeletal Mesh [0.00s] /Game/Mannequin/Cat/Jump.Jump
[2025.09.29-14.20.23:030][958]LogSkeletalMesh: Building Skeletal Mesh Jump...
[2025.09.29-14.20.23:032][958]LogSkeletalMesh: Built Skeletal Mesh [0.00s] /Game/Mannequin/Cat/Jump.Jump
[2025.09.29-14.20.23:036][958]LogSkeletalMesh: Building Skeletal Mesh CatIdle...
[2025.09.29-14.20.23:038][958]LogSkeletalMesh: Built Skeletal Mesh [0.00s] /Game/Mannequin/Cat/CatIdle.CatIdle
[2025.09.29-14.20.23:042][958]LogSkeletalMesh: Building Skeletal Mesh CatIdle...
[2025.09.29-14.20.23:045][958]LogSkeletalMesh: Built Skeletal Mesh [0.00s] /Game/Mannequin/Cat/CatIdle.CatIdle
[2025.09.29-14.20.23:045][958]LogSkeletalMesh: Building Skeletal Mesh CatIdle...
[2025.09.29-14.20.23:047][958]LogSkeletalMesh: Built Skeletal Mesh [0.00s] /Game/Mannequin/Cat/CatIdle.CatIdle
[2025.09.29-14.20.24:029][958]LogUObjectHash: Compacting FUObjectHashTables data took   1.35ms
[2025.09.29-14.20.25:148][972]LogFactory: FactoryCreateFile: StaticMesh with FbxFactory (0 0 C:\Users\filip\Desktop\Walk.fbx)
[2025.09.29-14.20.25:155][972]LogFbx: Loading FBX Scene from C:\Users\filip\Desktop\Walk.fbx
[2025.09.29-14.20.25:174][972]LogFbx: FBX Scene Loaded Succesfully
[2025.09.29-14.20.26:099][972]LogSlate: Window 'FBX Import Options' being destroyed
[2025.09.29-14.20.26:116][972]LogFbx: Valid bind pose for Pose (SkeletonAndPose:skinCluster1) - SkeletonAndPose:CatBodyLowPoly
[2025.09.29-14.20.26:118][972]LogMaterial: Display: Material /Game/Mannequin/Cat/Default_Material.Default_Material needed to have new flag set bUsedWithSkeletalMesh !
[2025.09.29-14.20.26:120][972]LogMaterial: Display: Missing cached shader map for material Default_Material, compiling. 
[2025.09.29-14.20.26:141][972]LogMaterial: Display: Missing cached shader map for material Default_Material, compiling. 
[2025.09.29-14.20.26:164][972]LogFbx: Triangulating skeletal mesh SkeletonAndPose:CatBodyLowPoly
[2025.09.29-14.20.26:193][972]LogShaderCompilers: Display: Worker (1/9): shaders left to compile 60
[2025.09.29-14.20.26:193][972]LogShaderCompilers: Display: Worker (2/9): shaders left to compile 52
[2025.09.29-14.20.26:193][972]LogShaderCompilers: Display: Worker (3/9): shaders left to compile 44
[2025.09.29-14.20.26:193][972]LogShaderCompilers: Display: Worker (4/9): shaders left to compile 36
[2025.09.29-14.20.26:193][972]LogShaderCompilers: Display: Worker (5/9): shaders left to compile 28
[2025.09.29-14.20.26:193][972]LogShaderCompilers: Display: Worker (6/9): shaders left to compile 20
[2025.09.29-14.20.26:193][972]LogShaderCompilers: Display: Worker (7/9): shaders left to compile 12
[2025.09.29-14.20.26:193][972]LogShaderCompilers: Display: Worker (8/9): shaders left to compile 4
[2025.09.29-14.20.26:193][972]LogFbx: Warning: Bones digested - 68  Depth of hierarchy - 17
[2025.09.29-14.20.26:282][972]LogSkeletalMesh: Section 0: 2795 vertices, 44 active bones
[2025.09.29-14.20.26:282][972]LogSkeletalMesh: Section 0: Material=0, 4510 triangles
[2025.09.29-14.20.26:286][972]LogSkeletalMesh: Building Skeletal Mesh Walk...
[2025.09.29-14.20.26:290][972]LogSkeletalMesh: Built Skeletal Mesh [0.00s] /Game/Mannequin/Cat/Walk.Walk
[2025.09.29-14.20.26:291][972]LogLinker: Failed to load '/Game/Mannequin/Cat/Walk_Skeleton': Can't find file.
[2025.09.29-14.20.26:291][972]LogLinker: Failed to load '/Game/Mannequin/Cat/Walk_Skeleton': Can't find file.
[2025.09.29-14.20.26:297][972]LogWorld: UWorld::CleanupWorld for World_17, bSessionEnded=true, bCleanupResources=true
[2025.09.29-14.20.26:306][972]LogSkeletalMesh: Building Skeletal Mesh Walk...
[2025.09.29-14.20.26:310][972]LogSkeletalMesh: Built Skeletal Mesh [0.00s] /Game/Mannequin/Cat/Walk.Walk
[2025.09.29-14.20.26:319][972]FBXImport: Warning: Mesh [Geometry have no name] in the fbx file is not reference by any hierarchy node. 
[2025.09.29-14.20.26:319][972]FBXImport: Warning: Mesh [Geometry have no name] in the fbx file is not reference by any hierarchy node. 
[2025.09.29-14.20.26:319][972]FBXImport: Warning: Mesh [Geometry have no name] in the fbx file is not reference by any hierarchy node. 
[2025.09.29-14.20.26:319][972]FBXImport: Warning: Mesh [Geometry have no name] in the fbx file is not reference by any hierarchy node. 
[2025.09.29-14.20.26:319][972]FBXImport: Warning: Mesh [Geometry have no name] in the fbx file is not reference by any hierarchy node. 
[2025.09.29-14.20.26:319][972]FBXImport: Warning: Mesh [Geometry have no name] in the fbx file is not reference by any hierarchy node. 
[2025.09.29-14.20.26:319][972]FBXImport: Warning: Mesh [Geometry have no name] in the fbx file is not reference by any hierarchy node. 
[2025.09.29-14.20.26:319][972]FBXImport: Warning: Mesh [Geometry have no name] in the fbx file is not reference by any hierarchy node. 
[2025.09.29-14.20.26:319][972]FBXImport: Warning: Mesh [Geometry have no name] in the fbx file is not reference by any hierarchy node. 
[2025.09.29-14.20.26:319][972]FBXImport: Warning: Mesh [Geometry have no name] in the fbx file is not reference by any hierarchy node. 
[2025.09.29-14.20.26:319][972]FBXImport: Warning: Mesh [Geometry have no name] in the fbx file is not reference by any hierarchy node. 
[2025.09.29-14.20.26:320][972]FBXImport: Warning: Mesh [Geometry have no name] in the fbx file is not reference by any hierarchy node. 
[2025.09.29-14.20.26:320][972]FBXImport: Warning: Mesh [Geometry have no name] in the fbx file is not reference by any hierarchy node. 
[2025.09.29-14.20.26:320][972]FBXImport: Warning: Mesh [Geometry have no name] in the fbx file is not reference by any hierarchy node. 
[2025.09.29-14.20.26:320][972]FBXImport: Warning: Mesh [Geometry have no name] in the fbx file is not reference by any hierarchy node. 
[2025.09.29-14.20.26:320][972]FBXImport: Warning: Mesh [Geometry have no name] in the fbx file is not reference by any hierarchy node. 
[2025.09.29-14.20.26:320][972]FBXImport: Warning: Mesh [Geometry have no name] in the fbx file is not reference by any hierarchy node. 
[2025.09.29-14.20.26:320][972]FBXImport: Warning: Mesh [Geometry have no name] in the fbx file is not reference by any hierarchy node. 
[2025.09.29-14.20.26:320][972]FBXImport: Warning: Mesh [Geometry have no name] in the fbx file is not reference by any hierarchy node. 
[2025.09.29-14.20.26:320][972]FBXImport: Warning: Mesh [Geometry have no name] in the fbx file is not reference by any hierarchy node. 
[2025.09.29-14.20.26:320][972]FBXImport: Warning: The following bones are missing from the bind pose:
SkeletonAndPose:Rigg  
SkeletonAndPose:Back_Legs  
SkeletonAndPose:Right  
SkeletonAndPose:ikHandle3  
SkeletonAndPose:IK  
SkeletonAndPose:group21254212252  
SkeletonAndPose:Left  
SkeletonAndPose:ikHandle4  
SkeletonAndPose:IK1  
SkeletonAndPose:group2  
SkeletonAndPose:Front_Legs  
SkeletonAndPose:Rightf  
SkeletonAndPose:ikHandle2f  
SkeletonAndPose:IK_FRONT1  
SkeletonAndPose:Leftf  
SkeletonAndPose:ikHandle1f  
SkeletonAndPose:IK_FRONT  
SkeletonAndPose:Scapula_Right  
SkeletonAndPose:Scapula_Left  
SkeletonAndPose:Controllers  
SkeletonAndPose:Neck_1_GRP  

This can happen for bones that are not vert weighted. If they are not in the correct orientation after importing,
please set the "Use T0 as ref pose" option or add them to the bind pose and reimport the skeletal mesh. 
[2025.09.29-14.20.26:333][972]LogSkeletalMesh: Building Skeletal Mesh Walk...
[2025.09.29-14.20.26:335][972]LogSkeletalMesh: Built Skeletal Mesh [0.00s] /Game/Mannequin/Cat/Walk.Walk
[2025.09.29-14.20.27:633][ 96]LogSlate: Window 'Message Log' being destroyed
[2025.09.29-14.20.27:639][ 96]LogSlate: Window 'Message Log' being destroyed
[2025.09.29-14.20.29:521][239]LogFactory: FactoryCreateFile: StaticMesh with FbxFactory (0 0 C:\Users\filip\Desktop\Jump.fbx)
[2025.09.29-14.20.29:527][239]LogFbx: Loading FBX Scene from C:\Users\filip\Desktop\Jump.fbx
[2025.09.29-14.20.29:550][239]LogFbx: FBX Scene Loaded Succesfully
[2025.09.29-14.20.32:961][239]LogSlate: Window 'FBX Import Options' being destroyed
[2025.09.29-14.20.32:994][239]LogFbx: SortedLinks :(0) Version
[2025.09.29-14.20.32:994][239]LogFbx: SortedLinks :(1) CatBodyLowPoly
[2025.09.29-14.20.32:994][239]LogFbx: SortedLinks :(2) LatestVR
[2025.09.29-14.20.32:994][239]LogFbx: SortedLinks :(3) Root
[2025.09.29-14.20.32:994][239]LogFbx: SortedLinks :(4) Neck
[2025.09.29-14.20.32:994][239]LogFbx: SortedLinks :(5) L_Scapula
[2025.09.29-14.20.32:994][239]LogFbx: SortedLinks :(6) L_Shoulder
[2025.09.29-14.20.32:994][239]LogFbx: SortedLinks :(7) LF_Leg1
[2025.09.29-14.20.32:994][239]LogFbx: SortedLinks :(8) LF_Leg2
[2025.09.29-14.20.32:994][239]LogFbx: SortedLinks :(9) LF_Leg3
[2025.09.29-14.20.32:994][239]LogFbx: SortedLinks :(10) LF_Leg4
[2025.09.29-14.20.32:994][239]LogFbx: SortedLinks :(11) Spine1
[2025.09.29-14.20.32:994][239]LogFbx: SortedLinks :(12) Spine2
[2025.09.29-14.20.32:994][239]LogFbx: SortedLinks :(13) Spine3
[2025.09.29-14.20.32:994][239]LogFbx: SortedLinks :(14) Spine4
[2025.09.29-14.20.32:994][239]LogFbx: SortedLinks :(15) Spine5
[2025.09.29-14.20.32:994][239]LogFbx: SortedLinks :(16) TailBone
[2025.09.29-14.20.32:994][239]LogFbx: SortedLinks :(17) R_Hip
[2025.09.29-14.20.32:994][239]LogFbx: SortedLinks :(18) RB_Leg1
[2025.09.29-14.20.32:994][239]LogFbx: SortedLinks :(19) RB_Leg2
[2025.09.29-14.20.32:994][239]LogFbx: SortedLinks :(20) RB_Leg3
[2025.09.29-14.20.32:994][239]LogFbx: SortedLinks :(21) RB_Leg4
[2025.09.29-14.20.32:994][239]LogFbx: SortedLinks :(22) RB_Leg5
[2025.09.29-14.20.32:994][239]LogFbx: SortedLinks :(23) RB_Leg6
[2025.09.29-14.20.32:994][239]LogFbx: SortedLinks :(24) Tail1
[2025.09.29-14.20.32:994][239]LogFbx: SortedLinks :(25) Tail2
[2025.09.29-14.20.32:994][239]LogFbx: SortedLinks :(26) Tail3
[2025.09.29-14.20.32:994][239]LogFbx: SortedLinks :(27) Tail4
[2025.09.29-14.20.32:994][239]LogFbx: SortedLinks :(28) Tail5
[2025.09.29-14.20.32:994][239]LogFbx: SortedLinks :(29) Tail6
[2025.09.29-14.20.32:994][239]LogFbx: SortedLinks :(30) L_Hip2
[2025.09.29-14.20.32:994][239]LogFbx: SortedLinks :(31) LB_Leg1
[2025.09.29-14.20.32:994][239]LogFbx: SortedLinks :(32) LB_Leg2
[2025.09.29-14.20.32:994][239]LogFbx: SortedLinks :(33) LB_Leg3
[2025.09.29-14.20.32:994][239]LogFbx: SortedLinks :(34) LB_Leg4
[2025.09.29-14.20.32:994][239]LogFbx: SortedLinks :(35) LB_Leg5
[2025.09.29-14.20.32:994][239]LogFbx: SortedLinks :(36) LB_Leg6
[2025.09.29-14.20.32:994][239]LogFbx: SortedLinks :(37) Head1
[2025.09.29-14.20.32:994][239]LogFbx: SortedLinks :(38) Head2
[2025.09.29-14.20.32:994][239]LogFbx: SortedLinks :(39) Head3
[2025.09.29-14.20.32:994][239]LogFbx: SortedLinks :(40) Head4
[2025.09.29-14.20.32:994][239]LogFbx: SortedLinks :(41) R_Scapula
[2025.09.29-14.20.32:994][239]LogFbx: SortedLinks :(42) R_Shoulder4
[2025.09.29-14.20.32:994][239]LogFbx: SortedLinks :(43) RF_Leg1
[2025.09.29-14.20.32:994][239]LogFbx: SortedLinks :(44) RF_Leg2
[2025.09.29-14.20.32:994][239]LogFbx: SortedLinks :(45) RF_Leg3
[2025.09.29-14.20.32:994][239]LogFbx: SortedLinks :(46) RF_Leg4
[2025.09.29-14.20.32:994][239]LogFbx: SortedLinks :(47) Rigg
[2025.09.29-14.20.32:994][239]LogFbx: SortedLinks :(48) Back_Legs
[2025.09.29-14.20.32:994][239]LogFbx: SortedLinks :(49) Right
[2025.09.29-14.20.32:994][239]LogFbx: SortedLinks :(50) ikHandle3
[2025.09.29-14.20.32:994][239]LogFbx: SortedLinks :(51) IK
[2025.09.29-14.20.32:994][239]LogFbx: SortedLinks :(52) group21254212252
[2025.09.29-14.20.32:994][239]LogFbx: SortedLinks :(53) Left
[2025.09.29-14.20.32:994][239]LogFbx: SortedLinks :(54) ikHandle4
[2025.09.29-14.20.32:994][239]LogFbx: SortedLinks :(55) IK1
[2025.09.29-14.20.32:994][239]LogFbx: SortedLinks :(56) group2
[2025.09.29-14.20.32:994][239]LogFbx: SortedLinks :(57) Front_Legs
[2025.09.29-14.20.32:994][239]LogFbx: SortedLinks :(58) Rightf
[2025.09.29-14.20.32:994][239]LogFbx: SortedLinks :(59) ikHandle2f
[2025.09.29-14.20.32:994][239]LogFbx: SortedLinks :(60) IK_FRONT1
[2025.09.29-14.20.32:994][239]LogFbx: SortedLinks :(61) Leftf
[2025.09.29-14.20.32:994][239]LogFbx: SortedLinks :(62) ikHandle1f
[2025.09.29-14.20.32:994][239]LogFbx: SortedLinks :(63) IK_FRONT
[2025.09.29-14.20.32:994][239]LogFbx: SortedLinks :(64) Scapula_Right
[2025.09.29-14.20.32:994][239]LogFbx: SortedLinks :(65) Scapula_Left
[2025.09.29-14.20.32:994][239]LogFbx: SortedLinks :(66) Controllers
[2025.09.29-14.20.32:994][239]LogFbx: SortedLinks :(67) Neck_1_GRP
[2025.09.29-14.20.32:995][239]LogFbx: Parsing AnimStack Take 001
[2025.09.29-14.20.32:997][239]LogLinker: Failed to load '/Game/Mannequin/Cat/Jump': Can't find file.
[2025.09.29-14.20.32:997][239]LogLinker: Failed to load '/Game/Mannequin/Cat/Jump': Can't find file.
[2025.09.29-14.20.33:214][239]LogAnimationCompression: Building Anim DDC data for AnimSequence /Game/Mannequin/Cat/Jump.Jump
[2025.09.29-14.20.33:214][239]LogAnimationCompression: Recompressing (AnimSequence /Game/Mannequin/Cat/Jump.Jump) using current/default (AnimCompress_BitwiseCompressOnly_0) bFirstRecompressUsingCurrentOrDefault(1) bTryAlternateCompressor(0) IsCompressedDataValid(0)
[2025.09.29-14.20.33:220][239]FBXImport: Warning: Mesh [Geometry have no name] in the fbx file is not reference by any hierarchy node. 
[2025.09.29-14.20.33:220][239]FBXImport: Warning: Mesh [Geometry have no name] in the fbx file is not reference by any hierarchy node. 
[2025.09.29-14.20.33:220][239]FBXImport: Warning: Mesh [Geometry have no name] in the fbx file is not reference by any hierarchy node. 
[2025.09.29-14.20.33:220][239]FBXImport: Warning: Mesh [Geometry have no name] in the fbx file is not reference by any hierarchy node. 
[2025.09.29-14.20.33:220][239]FBXImport: Warning: Mesh [Geometry have no name] in the fbx file is not reference by any hierarchy node. 
[2025.09.29-14.20.33:220][239]FBXImport: Warning: Mesh [Geometry have no name] in the fbx file is not reference by any hierarchy node. 
[2025.09.29-14.20.33:220][239]FBXImport: Warning: Mesh [Geometry have no name] in the fbx file is not reference by any hierarchy node. 
[2025.09.29-14.20.33:220][239]FBXImport: Warning: Mesh [Geometry have no name] in the fbx file is not reference by any hierarchy node. 
[2025.09.29-14.20.33:220][239]FBXImport: Warning: Mesh [Geometry have no name] in the fbx file is not reference by any hierarchy node. 
[2025.09.29-14.20.33:220][239]FBXImport: Warning: Mesh [Geometry have no name] in the fbx file is not reference by any hierarchy node. 
[2025.09.29-14.20.33:220][239]FBXImport: Warning: Mesh [Geometry have no name] in the fbx file is not reference by any hierarchy node. 
[2025.09.29-14.20.33:220][239]FBXImport: Warning: Mesh [Geometry have no name] in the fbx file is not reference by any hierarchy node. 
[2025.09.29-14.20.33:220][239]FBXImport: Warning: Mesh [Geometry have no name] in the fbx file is not reference by any hierarchy node. 
[2025.09.29-14.20.33:220][239]FBXImport: Warning: Mesh [Geometry have no name] in the fbx file is not reference by any hierarchy node. 
[2025.09.29-14.20.33:220][239]FBXImport: Warning: Mesh [Geometry have no name] in the fbx file is not reference by any hierarchy node. 
[2025.09.29-14.20.33:220][239]FBXImport: Warning: Mesh [Geometry have no name] in the fbx file is not reference by any hierarchy node. 
[2025.09.29-14.20.33:220][239]FBXImport: Warning: Mesh [Geometry have no name] in the fbx file is not reference by any hierarchy node. 
[2025.09.29-14.20.33:220][239]FBXImport: Warning: Mesh [Geometry have no name] in the fbx file is not reference by any hierarchy node. 
[2025.09.29-14.20.33:220][239]FBXImport: Warning: Mesh [Geometry have no name] in the fbx file is not reference by any hierarchy node. 
[2025.09.29-14.20.33:220][239]FBXImport: Warning: Mesh [Geometry have no name] in the fbx file is not reference by any hierarchy node. 
[2025.09.29-14.20.34:583][399]LogSlate: Window 'Message Log' being destroyed
[2025.09.29-14.20.34:588][399]LogSlate: Window 'Message Log' being destroyed
[2025.09.29-14.20.37:446][703]LogEditorFactories: Performing atomic reimport of [C:/Users/filip/Desktop/Walk.fbx]
[2025.09.29-14.20.37:464][703]LogFbx: Loading FBX Scene from C:/Users/filip/Desktop/Walk.fbx
[2025.09.29-14.20.37:485][703]LogFbx: FBX Scene Loaded Succesfully
[2025.09.29-14.20.37:490][703]LogFbx: Valid bind pose for Pose (SkeletonAndPose:skinCluster1) - SkeletonAndPose:CatBodyLowPoly
[2025.09.29-14.20.37:493][703]LogFbx: Triangulating skeletal mesh SkeletonAndPose:CatBodyLowPoly
[2025.09.29-14.20.37:512][703]LogFbx: Warning: Bones digested - 68  Depth of hierarchy - 17
[2025.09.29-14.20.37:592][703]LogSkeletalMesh: Section 0: 2795 vertices, 44 active bones
[2025.09.29-14.20.37:595][703]LogSkeletalMesh: Section 0: Material=0, 4510 triangles
[2025.09.29-14.20.37:597][703]LogSkeletalMesh: Building Skeletal Mesh Walk...
[2025.09.29-14.20.37:599][703]LogSkeletalMesh: Built Skeletal Mesh [0.00s] /Game/Mannequin/Cat/Walk.Walk
[2025.09.29-14.20.37:602][703]LogEditorFactories: -- imported successfully
[2025.09.29-14.20.37:606][703]FBXImport: Warning: Mesh [Geometry have no name] in the fbx file is not reference by any hierarchy node. 
[2025.09.29-14.20.37:606][703]FBXImport: Warning: Mesh [Geometry have no name] in the fbx file is not reference by any hierarchy node. 
[2025.09.29-14.20.37:606][703]FBXImport: Warning: Mesh [Geometry have no name] in the fbx file is not reference by any hierarchy node. 
[2025.09.29-14.20.37:606][703]FBXImport: Warning: Mesh [Geometry have no name] in the fbx file is not reference by any hierarchy node. 
[2025.09.29-14.20.37:606][703]FBXImport: Warning: Mesh [Geometry have no name] in the fbx file is not reference by any hierarchy node. 
[2025.09.29-14.20.37:606][703]FBXImport: Warning: Mesh [Geometry have no name] in the fbx file is not reference by any hierarchy node. 
[2025.09.29-14.20.37:606][703]FBXImport: Warning: Mesh [Geometry have no name] in the fbx file is not reference by any hierarchy node. 
[2025.09.29-14.20.37:606][703]FBXImport: Warning: Mesh [Geometry have no name] in the fbx file is not reference by any hierarchy node. 
[2025.09.29-14.20.37:606][703]FBXImport: Warning: Mesh [Geometry have no name] in the fbx file is not reference by any hierarchy node. 
[2025.09.29-14.20.37:606][703]FBXImport: Warning: Mesh [Geometry have no name] in the fbx file is not reference by any hierarchy node. 
[2025.09.29-14.20.37:606][703]FBXImport: Warning: Mesh [Geometry have no name] in the fbx file is not reference by any hierarchy node. 
[2025.09.29-14.20.37:607][703]FBXImport: Warning: Mesh [Geometry have no name] in the fbx file is not reference by any hierarchy node. 
[2025.09.29-14.20.37:607][703]FBXImport: Warning: Mesh [Geometry have no name] in the fbx file is not reference by any hierarchy node. 
[2025.09.29-14.20.37:607][703]FBXImport: Warning: Mesh [Geometry have no name] in the fbx file is not reference by any hierarchy node. 
[2025.09.29-14.20.37:607][703]FBXImport: Warning: Mesh [Geometry have no name] in the fbx file is not reference by any hierarchy node. 
[2025.09.29-14.20.37:607][703]FBXImport: Warning: Mesh [Geometry have no name] in the fbx file is not reference by any hierarchy node. 
[2025.09.29-14.20.37:607][703]FBXImport: Warning: Mesh [Geometry have no name] in the fbx file is not reference by any hierarchy node. 
[2025.09.29-14.20.37:607][703]FBXImport: Warning: Mesh [Geometry have no name] in the fbx file is not reference by any hierarchy node. 
[2025.09.29-14.20.37:607][703]FBXImport: Warning: Mesh [Geometry have no name] in the fbx file is not reference by any hierarchy node. 
[2025.09.29-14.20.37:607][703]FBXImport: Warning: Mesh [Geometry have no name] in the fbx file is not reference by any hierarchy node. 
[2025.09.29-14.20.37:607][703]FBXImport: Warning: The following bones are missing from the bind pose:
SkeletonAndPose:Rigg  
SkeletonAndPose:Back_Legs  
SkeletonAndPose:Right  
SkeletonAndPose:ikHandle3  
SkeletonAndPose:IK  
SkeletonAndPose:group21254212252  
SkeletonAndPose:Left  
SkeletonAndPose:ikHandle4  
SkeletonAndPose:IK1  
SkeletonAndPose:group2  
SkeletonAndPose:Front_Legs  
SkeletonAndPose:Rightf  
SkeletonAndPose:ikHandle2f  
SkeletonAndPose:IK_FRONT1  
SkeletonAndPose:Leftf  
SkeletonAndPose:ikHandle1f  
SkeletonAndPose:IK_FRONT  
SkeletonAndPose:Scapula_Right  
SkeletonAndPose:Scapula_Left  
SkeletonAndPose:Controllers  
SkeletonAndPose:Neck_1_GRP  

This can happen for bones that are not vert weighted. If they are not in the correct orientation after importing,
please set the "Use T0 as ref pose" option or add them to the bind pose and reimport the skeletal mesh. 
[2025.09.29-14.20.37:607][703]LogSkeletalMesh: Building Skeletal Mesh Walk...
[2025.09.29-14.20.37:609][703]LogSkeletalMesh: Built Skeletal Mesh [0.00s] /Game/Mannequin/Cat/Walk.Walk
[2025.09.29-14.20.39:476][918]Cmd: OBJ SAVEPACKAGE PACKAGE="/Game/Mannequin/Cat/Default_Material" FILE="E:/GameJamHGGUnreal4.23.1/GameJamCrew/Content/Mannequin/Cat/Default_Material.uasset" SILENT=true
[2025.09.29-14.20.39:481][918]LogSavePackage: Moving 'E:/GameJamHGGUnreal4.23.1/GameJamCrew/Saved/Default_Material7D34C0D348F2AF63C438F38D19AC7A08.tmp' to 'E:/GameJamHGGUnreal4.23.1/GameJamCrew/Content/Mannequin/Cat/Default_Material.uasset'
[2025.09.29-14.20.39:489][918]Cmd: OBJ SAVEPACKAGE PACKAGE="/Game/Mannequin/Cat/Jump" FILE="E:/GameJamHGGUnreal4.23.1/GameJamCrew/Content/Mannequin/Cat/Jump.uasset" SILENT=true
[2025.09.29-14.20.39:495][918]LogSavePackage: Moving 'E:/GameJamHGGUnreal4.23.1/GameJamCrew/Saved/JumpE60BB85F497A7ACDB971C48BDBA48AE9.tmp' to 'E:/GameJamHGGUnreal4.23.1/GameJamCrew/Content/Mannequin/Cat/Jump.uasset'
[2025.09.29-14.20.39:503][918]Cmd: OBJ SAVEPACKAGE PACKAGE="/Game/Mannequin/Cat/Walk" FILE="E:/GameJamHGGUnreal4.23.1/GameJamCrew/Content/Mannequin/Cat/Walk.uasset" SILENT=true
[2025.09.29-14.20.39:511][918]LogSavePackage: Moving 'E:/GameJamHGGUnreal4.23.1/GameJamCrew/Saved/WalkADFB8C214F21B3B22AA0A7B484D47E89.tmp' to 'E:/GameJamHGGUnreal4.23.1/GameJamCrew/Content/Mannequin/Cat/Walk.uasset'
[2025.09.29-14.20.39:519][918]Cmd: OBJ SAVEPACKAGE PACKAGE="/Game/Mannequin/Cat/Walk_PhysicsAsset" FILE="E:/GameJamHGGUnreal4.23.1/GameJamCrew/Content/Mannequin/Cat/Walk_PhysicsAsset.uasset" SILENT=true
[2025.09.29-14.20.39:525][918]LogSavePackage: Moving 'E:/GameJamHGGUnreal4.23.1/GameJamCrew/Saved/Walk_PhysicsAssetD5AB05C048D1D87CB4F1B5B1B491AFD2.tmp' to 'E:/GameJamHGGUnreal4.23.1/GameJamCrew/Content/Mannequin/Cat/Walk_PhysicsAsset.uasset'
[2025.09.29-14.20.39:528][918]Cmd: OBJ SAVEPACKAGE PACKAGE="/Game/Mannequin/Cat/Walk_Skeleton" FILE="E:/GameJamHGGUnreal4.23.1/GameJamCrew/Content/Mannequin/Cat/Walk_Skeleton.uasset" SILENT=true
[2025.09.29-14.20.39:530][918]LogSavePackage: Moving 'E:/GameJamHGGUnreal4.23.1/GameJamCrew/Saved/Walk_Skeleton52997E414747A64FE3935ABE01D649D0.tmp' to 'E:/GameJamHGGUnreal4.23.1/GameJamCrew/Content/Mannequin/Cat/Walk_Skeleton.uasset'
[2025.09.29-14.20.40:995][ 50]LogEditorFactories: Performing atomic reimport of [C:/Users/filip/Desktop/Walk.fbx]
[2025.09.29-14.20.41:014][ 50]LogFbx: Loading FBX Scene from C:/Users/filip/Desktop/Walk.fbx
[2025.09.29-14.20.41:034][ 50]LogFbx: FBX Scene Loaded Succesfully
[2025.09.29-14.20.41:040][ 50]LogFbx: Valid bind pose for Pose (SkeletonAndPose:skinCluster1) - SkeletonAndPose:CatBodyLowPoly
[2025.09.29-14.20.41:042][ 50]LogFbx: Triangulating skeletal mesh SkeletonAndPose:CatBodyLowPoly
[2025.09.29-14.20.41:059][ 50]LogFbx: Warning: Bones digested - 68  Depth of hierarchy - 17
[2025.09.29-14.20.41:140][ 50]LogSkeletalMesh: Section 0: 2795 vertices, 44 active bones
[2025.09.29-14.20.41:144][ 50]LogSkeletalMesh: Section 0: Material=0, 4510 triangles
[2025.09.29-14.20.41:146][ 50]LogSkeletalMesh: Building Skeletal Mesh Walk...
[2025.09.29-14.20.41:149][ 50]LogSkeletalMesh: Built Skeletal Mesh [0.00s] /Game/Mannequin/Cat/Walk.Walk
[2025.09.29-14.20.41:151][ 50]LogEditorFactories: -- imported successfully
[2025.09.29-14.20.41:155][ 50]FBXImport: Warning: Mesh [Geometry have no name] in the fbx file is not reference by any hierarchy node. 
[2025.09.29-14.20.41:155][ 50]FBXImport: Warning: Mesh [Geometry have no name] in the fbx file is not reference by any hierarchy node. 
[2025.09.29-14.20.41:155][ 50]FBXImport: Warning: Mesh [Geometry have no name] in the fbx file is not reference by any hierarchy node. 
[2025.09.29-14.20.41:155][ 50]FBXImport: Warning: Mesh [Geometry have no name] in the fbx file is not reference by any hierarchy node. 
[2025.09.29-14.20.41:155][ 50]FBXImport: Warning: Mesh [Geometry have no name] in the fbx file is not reference by any hierarchy node. 
[2025.09.29-14.20.41:155][ 50]FBXImport: Warning: Mesh [Geometry have no name] in the fbx file is not reference by any hierarchy node. 
[2025.09.29-14.20.41:155][ 50]FBXImport: Warning: Mesh [Geometry have no name] in the fbx file is not reference by any hierarchy node. 
[2025.09.29-14.20.41:155][ 50]FBXImport: Warning: Mesh [Geometry have no name] in the fbx file is not reference by any hierarchy node. 
[2025.09.29-14.20.41:155][ 50]FBXImport: Warning: Mesh [Geometry have no name] in the fbx file is not reference by any hierarchy node. 
[2025.09.29-14.20.41:155][ 50]FBXImport: Warning: Mesh [Geometry have no name] in the fbx file is not reference by any hierarchy node. 
[2025.09.29-14.20.41:155][ 50]FBXImport: Warning: Mesh [Geometry have no name] in the fbx file is not reference by any hierarchy node. 
[2025.09.29-14.20.41:155][ 50]FBXImport: Warning: Mesh [Geometry have no name] in the fbx file is not reference by any hierarchy node. 
[2025.09.29-14.20.41:155][ 50]FBXImport: Warning: Mesh [Geometry have no name] in the fbx file is not reference by any hierarchy node. 
[2025.09.29-14.20.41:155][ 50]FBXImport: Warning: Mesh [Geometry have no name] in the fbx file is not reference by any hierarchy node. 
[2025.09.29-14.20.41:155][ 50]FBXImport: Warning: Mesh [Geometry have no name] in the fbx file is not reference by any hierarchy node. 
[2025.09.29-14.20.41:155][ 50]FBXImport: Warning: Mesh [Geometry have no name] in the fbx file is not reference by any hierarchy node. 
[2025.09.29-14.20.41:155][ 50]FBXImport: Warning: Mesh [Geometry have no name] in the fbx file is not reference by any hierarchy node. 
[2025.09.29-14.20.41:155][ 50]FBXImport: Warning: Mesh [Geometry have no name] in the fbx file is not reference by any hierarchy node. 
[2025.09.29-14.20.41:155][ 50]FBXImport: Warning: Mesh [Geometry have no name] in the fbx file is not reference by any hierarchy node. 
[2025.09.29-14.20.41:155][ 50]FBXImport: Warning: Mesh [Geometry have no name] in the fbx file is not reference by any hierarchy node. 
[2025.09.29-14.20.41:155][ 50]FBXImport: Warning: The following bones are missing from the bind pose:
SkeletonAndPose:Rigg  
SkeletonAndPose:Back_Legs  
SkeletonAndPose:Right  
SkeletonAndPose:ikHandle3  
SkeletonAndPose:IK  
SkeletonAndPose:group21254212252  
SkeletonAndPose:Left  
SkeletonAndPose:ikHandle4  
SkeletonAndPose:IK1  
SkeletonAndPose:group2  
SkeletonAndPose:Front_Legs  
SkeletonAndPose:Rightf  
SkeletonAndPose:ikHandle2f  
SkeletonAndPose:IK_FRONT1  
SkeletonAndPose:Leftf  
SkeletonAndPose:ikHandle1f  
SkeletonAndPose:IK_FRONT  
SkeletonAndPose:Scapula_Right  
SkeletonAndPose:Scapula_Left  
SkeletonAndPose:Controllers  
SkeletonAndPose:Neck_1_GRP  

This can happen for bones that are not vert weighted. If they are not in the correct orientation after importing,
please set the "Use T0 as ref pose" option or add them to the bind pose and reimport the skeletal mesh. 
[2025.09.29-14.20.41:156][ 50]LogSkeletalMesh: Building Skeletal Mesh Walk...
[2025.09.29-14.20.41:158][ 50]LogSkeletalMesh: Built Skeletal Mesh [0.00s] /Game/Mannequin/Cat/Walk.Walk
[2025.09.29-14.20.43:677][338]LogUObjectHash: Compacting FUObjectHashTables data took   1.53ms
[2025.09.29-14.20.44:816][338]LogSlate: Window 'Delete Assets' being destroyed
[2025.09.29-14.20.45:884][338]LogUObjectGlobals: Force Deleting 5 Package(s):
	Asset Name: /Game/Mannequin/Cat/Walk_Skeleton.Walk_Skeleton
	Asset Name: /Game/Mannequin/Cat/Jump.Jump
	Asset Name: /Game/Mannequin/Cat/Walk.Walk
	Asset Name: /Game/Mannequin/Cat/Walk_PhysicsAsset.Walk_PhysicsAsset
	Asset Name: /Game/Mannequin/Cat/Default_Material.Default_Material
[2025.09.29-14.20.46:014][338]LogSkeletalMesh: Building Skeletal Mesh Walk...
[2025.09.29-14.20.46:016][338]LogSkeletalMesh: Built Skeletal Mesh [0.00s] /Game/Mannequin/Cat/Walk.Walk
[2025.09.29-14.20.46:017][338]LogSkeletalMesh: Building Skeletal Mesh Walk...
[2025.09.29-14.20.46:019][338]LogSkeletalMesh: Built Skeletal Mesh [0.00s] /Game/Mannequin/Cat/Walk.Walk
[2025.09.29-14.20.46:023][338]LogSkeletalMesh: Building Skeletal Mesh Walk...
[2025.09.29-14.20.46:025][338]LogSkeletalMesh: Built Skeletal Mesh [0.00s] /Game/Mannequin/Cat/Walk.Walk
[2025.09.29-14.20.46:647][338]LogUObjectHash: Compacting FUObjectHashTables data took   1.40ms
[2025.09.29-14.20.46:664][338]LogUObjectHash: Compacting FUObjectHashTables data took   0.58ms
[2025.09.29-14.20.46:681][338]LogUObjectHash: Compacting FUObjectHashTables data took   0.57ms
[2025.09.29-14.20.46:698][338]LogUObjectHash: Compacting FUObjectHashTables data took   0.63ms
[2025.09.29-14.20.46:716][338]LogUObjectHash: Compacting FUObjectHashTables data took   0.56ms
[2025.09.29-14.20.46:734][338]LogUObjectHash: Compacting FUObjectHashTables data took   0.98ms
[2025.09.29-14.20.46:752][338]LogUObjectHash: Compacting FUObjectHashTables data took   0.58ms
[2025.09.29-14.20.47:675][367]LogFactory: FactoryCreateFile: StaticMesh with FbxFactory (0 0 C:\Users\filip\Desktop\Walk.fbx)
[2025.09.29-14.20.47:681][367]LogFbx: Loading FBX Scene from C:\Users\filip\Desktop\Walk.fbx
[2025.09.29-14.20.47:702][367]LogFbx: FBX Scene Loaded Succesfully
[2025.09.29-14.20.50:812][367]LogSlate: Window 'FBX Import Options' being destroyed
[2025.09.29-14.20.50:828][367]LogFbx: Valid bind pose for Pose (SkeletonAndPose:skinCluster1) - SkeletonAndPose:CatBodyLowPoly
[2025.09.29-14.20.50:830][367]LogMaterial: Display: Material /Game/Mannequin/Cat/Default_Material.Default_Material needed to have new flag set bUsedWithSkeletalMesh !
[2025.09.29-14.20.50:832][367]LogMaterial: Display: Missing cached shader map for material Default_Material, compiling. 
[2025.09.29-14.20.50:850][367]LogMaterial: Display: Missing cached shader map for material Default_Material, compiling. 
[2025.09.29-14.20.50:873][367]LogFbx: Triangulating skeletal mesh SkeletonAndPose:CatBodyLowPoly
[2025.09.29-14.20.50:902][367]LogShaderCompilers: Display: Worker (1/9): shaders left to compile 60
[2025.09.29-14.20.50:902][367]LogShaderCompilers: Display: Worker (2/9): shaders left to compile 52
[2025.09.29-14.20.50:902][367]LogShaderCompilers: Display: Worker (3/9): shaders left to compile 44
[2025.09.29-14.20.50:902][367]LogShaderCompilers: Display: Worker (4/9): shaders left to compile 36
[2025.09.29-14.20.50:902][367]LogShaderCompilers: Display: Worker (5/9): shaders left to compile 28
[2025.09.29-14.20.50:902][367]LogShaderCompilers: Display: Worker (6/9): shaders left to compile 20
[2025.09.29-14.20.50:902][367]LogShaderCompilers: Display: Worker (7/9): shaders left to compile 12
[2025.09.29-14.20.50:902][367]LogShaderCompilers: Display: Worker (8/9): shaders left to compile 4
[2025.09.29-14.20.50:902][367]LogFbx: Warning: Bones digested - 68  Depth of hierarchy - 17
[2025.09.29-14.20.50:981][367]LogSkeletalMesh: Section 0: 2795 vertices, 44 active bones
[2025.09.29-14.20.50:981][367]LogSkeletalMesh: Section 0: Material=0, 4510 triangles
[2025.09.29-14.20.50:983][367]LogSkeletalMesh: Building Skeletal Mesh Walk...
[2025.09.29-14.20.50:987][367]LogSkeletalMesh: Built Skeletal Mesh [0.00s] /Game/Mannequin/Cat/Walk.Walk
[2025.09.29-14.20.50:993][367]LogWorld: UWorld::CleanupWorld for World_18, bSessionEnded=true, bCleanupResources=true
[2025.09.29-14.20.51:000][367]LogFbx: SortedLinks :(0) Version
[2025.09.29-14.20.51:000][367]LogFbx: SortedLinks :(1) CatBodyLowPoly
[2025.09.29-14.20.51:000][367]LogFbx: SortedLinks :(2) LatestVR
[2025.09.29-14.20.51:000][367]LogFbx: SortedLinks :(3) Root
[2025.09.29-14.20.51:000][367]LogFbx: SortedLinks :(4) Neck
[2025.09.29-14.20.51:000][367]LogFbx: SortedLinks :(5) L_Scapula
[2025.09.29-14.20.51:000][367]LogFbx: SortedLinks :(6) L_Shoulder
[2025.09.29-14.20.51:000][367]LogFbx: SortedLinks :(7) LF_Leg1
[2025.09.29-14.20.51:000][367]LogFbx: SortedLinks :(8) LF_Leg2
[2025.09.29-14.20.51:000][367]LogFbx: SortedLinks :(9) LF_Leg3
[2025.09.29-14.20.51:000][367]LogFbx: SortedLinks :(10) LF_Leg4
[2025.09.29-14.20.51:000][367]LogFbx: SortedLinks :(11) Spine1
[2025.09.29-14.20.51:000][367]LogFbx: SortedLinks :(12) Spine2
[2025.09.29-14.20.51:000][367]LogFbx: SortedLinks :(13) Spine3
[2025.09.29-14.20.51:000][367]LogFbx: SortedLinks :(14) Spine4
[2025.09.29-14.20.51:000][367]LogFbx: SortedLinks :(15) Spine5
[2025.09.29-14.20.51:000][367]LogFbx: SortedLinks :(16) TailBone
[2025.09.29-14.20.51:000][367]LogFbx: SortedLinks :(17) R_Hip
[2025.09.29-14.20.51:000][367]LogFbx: SortedLinks :(18) RB_Leg1
[2025.09.29-14.20.51:000][367]LogFbx: SortedLinks :(19) RB_Leg2
[2025.09.29-14.20.51:000][367]LogFbx: SortedLinks :(20) RB_Leg3
[2025.09.29-14.20.51:000][367]LogFbx: SortedLinks :(21) RB_Leg4
[2025.09.29-14.20.51:000][367]LogFbx: SortedLinks :(22) RB_Leg5
[2025.09.29-14.20.51:000][367]LogFbx: SortedLinks :(23) RB_Leg6
[2025.09.29-14.20.51:000][367]LogFbx: SortedLinks :(24) Tail1
[2025.09.29-14.20.51:000][367]LogFbx: SortedLinks :(25) Tail2
[2025.09.29-14.20.51:000][367]LogFbx: SortedLinks :(26) Tail3
[2025.09.29-14.20.51:001][367]LogFbx: SortedLinks :(27) Tail4
[2025.09.29-14.20.51:001][367]LogFbx: SortedLinks :(28) Tail5
[2025.09.29-14.20.51:001][367]LogFbx: SortedLinks :(29) Tail6
[2025.09.29-14.20.51:001][367]LogFbx: SortedLinks :(30) L_Hip2
[2025.09.29-14.20.51:001][367]LogFbx: SortedLinks :(31) LB_Leg1
[2025.09.29-14.20.51:001][367]LogFbx: SortedLinks :(32) LB_Leg2
[2025.09.29-14.20.51:001][367]LogFbx: SortedLinks :(33) LB_Leg3
[2025.09.29-14.20.51:001][367]LogFbx: SortedLinks :(34) LB_Leg4
[2025.09.29-14.20.51:001][367]LogFbx: SortedLinks :(35) LB_Leg5
[2025.09.29-14.20.51:001][367]LogFbx: SortedLinks :(36) LB_Leg6
[2025.09.29-14.20.51:001][367]LogFbx: SortedLinks :(37) Head1
[2025.09.29-14.20.51:001][367]LogFbx: SortedLinks :(38) Head2
[2025.09.29-14.20.51:001][367]LogFbx: SortedLinks :(39) Head3
[2025.09.29-14.20.51:001][367]LogFbx: SortedLinks :(40) Head4
[2025.09.29-14.20.51:001][367]LogFbx: SortedLinks :(41) R_Scapula
[2025.09.29-14.20.51:001][367]LogFbx: SortedLinks :(42) R_Shoulder4
[2025.09.29-14.20.51:001][367]LogFbx: SortedLinks :(43) RF_Leg1
[2025.09.29-14.20.51:001][367]LogFbx: SortedLinks :(44) RF_Leg2
[2025.09.29-14.20.51:001][367]LogFbx: SortedLinks :(45) RF_Leg3
[2025.09.29-14.20.51:001][367]LogFbx: SortedLinks :(46) RF_Leg4
[2025.09.29-14.20.51:001][367]LogFbx: SortedLinks :(47) Rigg
[2025.09.29-14.20.51:001][367]LogFbx: SortedLinks :(48) Back_Legs
[2025.09.29-14.20.51:001][367]LogFbx: SortedLinks :(49) Right
[2025.09.29-14.20.51:001][367]LogFbx: SortedLinks :(50) ikHandle3
[2025.09.29-14.20.51:001][367]LogFbx: SortedLinks :(51) IK
[2025.09.29-14.20.51:001][367]LogFbx: SortedLinks :(52) group21254212252
[2025.09.29-14.20.51:001][367]LogFbx: SortedLinks :(53) Left
[2025.09.29-14.20.51:001][367]LogFbx: SortedLinks :(54) ikHandle4
[2025.09.29-14.20.51:001][367]LogFbx: SortedLinks :(55) IK1
[2025.09.29-14.20.51:001][367]LogFbx: SortedLinks :(56) group2
[2025.09.29-14.20.51:001][367]LogFbx: SortedLinks :(57) Front_Legs
[2025.09.29-14.20.51:001][367]LogFbx: SortedLinks :(58) Rightf
[2025.09.29-14.20.51:001][367]LogFbx: SortedLinks :(59) ikHandle2f
[2025.09.29-14.20.51:001][367]LogFbx: SortedLinks :(60) IK_FRONT1
[2025.09.29-14.20.51:001][367]LogFbx: SortedLinks :(61) Leftf
[2025.09.29-14.20.51:001][367]LogFbx: SortedLinks :(62) ikHandle1f
[2025.09.29-14.20.51:001][367]LogFbx: SortedLinks :(63) IK_FRONT
[2025.09.29-14.20.51:001][367]LogFbx: SortedLinks :(64) Scapula_Right
[2025.09.29-14.20.51:001][367]LogFbx: SortedLinks :(65) Scapula_Left
[2025.09.29-14.20.51:001][367]LogFbx: SortedLinks :(66) Controllers
[2025.09.29-14.20.51:001][367]LogFbx: SortedLinks :(67) Neck_1_GRP
[2025.09.29-14.20.51:003][367]LogFbx: Parsing AnimStack Take 001
[2025.09.29-14.20.51:003][367]LogLinker: Failed to load '/Game/Mannequin/Cat/Walk_Anim': Can't find file.
[2025.09.29-14.20.51:003][367]LogLinker: Failed to load '/Game/Mannequin/Cat/Walk_Anim': Can't find file.
[2025.09.29-14.20.51:004][367]LogFbx: CurveName : blendParent1
[2025.09.29-14.20.51:004][367]LogFbx: CurveName(blendParent1) is skipped because it only contains invalid values.
[2025.09.29-14.20.51:380][367]LogAnimationCompression: Building Anim DDC data for AnimSequence /Game/Mannequin/Cat/Walk_Anim.Walk_Anim
[2025.09.29-14.20.51:380][367]LogAnimationCompression: Recompressing (AnimSequence /Game/Mannequin/Cat/Walk_Anim.Walk_Anim) using current/default (AnimCompress_BitwiseCompressOnly_0) bFirstRecompressUsingCurrentOrDefault(1) bTryAlternateCompressor(0) IsCompressedDataValid(0)
[2025.09.29-14.20.51:384][367]LogSkeletalMesh: Building Skeletal Mesh Walk...
[2025.09.29-14.20.51:387][367]LogSkeletalMesh: Built Skeletal Mesh [0.00s] /Game/Mannequin/Cat/Walk.Walk
[2025.09.29-14.20.51:396][367]FBXImport: Warning: Mesh [Geometry have no name] in the fbx file is not reference by any hierarchy node. 
[2025.09.29-14.20.51:396][367]FBXImport: Warning: Mesh [Geometry have no name] in the fbx file is not reference by any hierarchy node. 
[2025.09.29-14.20.51:396][367]FBXImport: Warning: Mesh [Geometry have no name] in the fbx file is not reference by any hierarchy node. 
[2025.09.29-14.20.51:396][367]FBXImport: Warning: Mesh [Geometry have no name] in the fbx file is not reference by any hierarchy node. 
[2025.09.29-14.20.51:397][367]FBXImport: Warning: Mesh [Geometry have no name] in the fbx file is not reference by any hierarchy node. 
[2025.09.29-14.20.51:397][367]FBXImport: Warning: Mesh [Geometry have no name] in the fbx file is not reference by any hierarchy node. 
[2025.09.29-14.20.51:397][367]FBXImport: Warning: Mesh [Geometry have no name] in the fbx file is not reference by any hierarchy node. 
[2025.09.29-14.20.51:397][367]FBXImport: Warning: Mesh [Geometry have no name] in the fbx file is not reference by any hierarchy node. 
[2025.09.29-14.20.51:397][367]FBXImport: Warning: Mesh [Geometry have no name] in the fbx file is not reference by any hierarchy node. 
[2025.09.29-14.20.51:397][367]FBXImport: Warning: Mesh [Geometry have no name] in the fbx file is not reference by any hierarchy node. 
[2025.09.29-14.20.51:397][367]FBXImport: Warning: Mesh [Geometry have no name] in the fbx file is not reference by any hierarchy node. 
[2025.09.29-14.20.51:397][367]FBXImport: Warning: Mesh [Geometry have no name] in the fbx file is not reference by any hierarchy node. 
[2025.09.29-14.20.51:397][367]FBXImport: Warning: Mesh [Geometry have no name] in the fbx file is not reference by any hierarchy node. 
[2025.09.29-14.20.51:397][367]FBXImport: Warning: Mesh [Geometry have no name] in the fbx file is not reference by any hierarchy node. 
[2025.09.29-14.20.51:397][367]FBXImport: Warning: Mesh [Geometry have no name] in the fbx file is not reference by any hierarchy node. 
[2025.09.29-14.20.51:397][367]FBXImport: Warning: Mesh [Geometry have no name] in the fbx file is not reference by any hierarchy node. 
[2025.09.29-14.20.51:397][367]FBXImport: Warning: Mesh [Geometry have no name] in the fbx file is not reference by any hierarchy node. 
[2025.09.29-14.20.51:397][367]FBXImport: Warning: Mesh [Geometry have no name] in the fbx file is not reference by any hierarchy node. 
[2025.09.29-14.20.51:397][367]FBXImport: Warning: Mesh [Geometry have no name] in the fbx file is not reference by any hierarchy node. 
[2025.09.29-14.20.51:397][367]FBXImport: Warning: Mesh [Geometry have no name] in the fbx file is not reference by any hierarchy node. 
[2025.09.29-14.20.51:397][367]FBXImport: Warning: The following bones are missing from the bind pose:
SkeletonAndPose:Rigg  
SkeletonAndPose:Back_Legs  
SkeletonAndPose:Right  
SkeletonAndPose:ikHandle3  
SkeletonAndPose:IK  
SkeletonAndPose:group21254212252  
SkeletonAndPose:Left  
SkeletonAndPose:ikHandle4  
SkeletonAndPose:IK1  
SkeletonAndPose:group2  
SkeletonAndPose:Front_Legs  
SkeletonAndPose:Rightf  
SkeletonAndPose:ikHandle2f  
SkeletonAndPose:IK_FRONT1  
SkeletonAndPose:Leftf  
SkeletonAndPose:ikHandle1f  
SkeletonAndPose:IK_FRONT  
SkeletonAndPose:Scapula_Right  
SkeletonAndPose:Scapula_Left  
SkeletonAndPose:Controllers  
SkeletonAndPose:Neck_1_GRP  

This can happen for bones that are not vert weighted. If they are not in the correct orientation after importing,
please set the "Use T0 as ref pose" option or add them to the bind pose and reimport the skeletal mesh. 
[2025.09.29-14.20.51:409][367]LogSkeletalMesh: Building Skeletal Mesh Walk...
[2025.09.29-14.20.51:412][367]LogSkeletalMesh: Built Skeletal Mesh [0.00s] /Game/Mannequin/Cat/Walk.Walk
[2025.09.29-14.20.52:933][516]LogSlate: Window 'Message Log' being destroyed
[2025.09.29-14.20.52:937][516]LogSlate: Window 'Message Log' being destroyed
[2025.09.29-14.20.54:334][602]LogFactory: FactoryCreateFile: StaticMesh with FbxFactory (0 0 C:\Users\filip\Desktop\Jump.fbx)
[2025.09.29-14.20.54:341][602]LogFbx: Loading FBX Scene from C:\Users\filip\Desktop\Jump.fbx
[2025.09.29-14.20.54:360][602]LogFbx: FBX Scene Loaded Succesfully
[2025.09.29-14.20.57:015][602]LogSlate: Window 'FBX Import Options' being destroyed
[2025.09.29-14.20.57:036][602]LogFbx: Display: Triangulating static mesh SkeletonAndPose:CatBodyLowPoly
[2025.09.29-14.20.57:071][602]LogStaticMesh: Building static mesh Jump...
[2025.09.29-14.20.57:097][602]LogStaticMesh: Built static mesh [0.03s] /Game/Mannequin/Cat/Jump.Jump
[2025.09.29-14.20.57:118][602]FBXImport: Warning: Mesh [Geometry have no name] in the fbx file is not reference by any hierarchy node. 
[2025.09.29-14.20.57:119][602]FBXImport: Warning: Mesh [Geometry have no name] in the fbx file is not reference by any hierarchy node. 
[2025.09.29-14.20.57:119][602]FBXImport: Warning: Mesh [Geometry have no name] in the fbx file is not reference by any hierarchy node. 
[2025.09.29-14.20.57:119][602]FBXImport: Warning: Mesh [Geometry have no name] in the fbx file is not reference by any hierarchy node. 
[2025.09.29-14.20.57:119][602]FBXImport: Warning: Mesh [Geometry have no name] in the fbx file is not reference by any hierarchy node. 
[2025.09.29-14.20.57:119][602]FBXImport: Warning: Mesh [Geometry have no name] in the fbx file is not reference by any hierarchy node. 
[2025.09.29-14.20.57:119][602]FBXImport: Warning: Mesh [Geometry have no name] in the fbx file is not reference by any hierarchy node. 
[2025.09.29-14.20.57:119][602]FBXImport: Warning: Mesh [Geometry have no name] in the fbx file is not reference by any hierarchy node. 
[2025.09.29-14.20.57:119][602]FBXImport: Warning: Mesh [Geometry have no name] in the fbx file is not reference by any hierarchy node. 
[2025.09.29-14.20.57:119][602]FBXImport: Warning: Mesh [Geometry have no name] in the fbx file is not reference by any hierarchy node. 
[2025.09.29-14.20.57:119][602]FBXImport: Warning: Mesh [Geometry have no name] in the fbx file is not reference by any hierarchy node. 
[2025.09.29-14.20.57:119][602]FBXImport: Warning: Mesh [Geometry have no name] in the fbx file is not reference by any hierarchy node. 
[2025.09.29-14.20.57:119][602]FBXImport: Warning: Mesh [Geometry have no name] in the fbx file is not reference by any hierarchy node. 
[2025.09.29-14.20.57:119][602]FBXImport: Warning: Mesh [Geometry have no name] in the fbx file is not reference by any hierarchy node. 
[2025.09.29-14.20.57:119][602]FBXImport: Warning: Mesh [Geometry have no name] in the fbx file is not reference by any hierarchy node. 
[2025.09.29-14.20.57:119][602]FBXImport: Warning: Mesh [Geometry have no name] in the fbx file is not reference by any hierarchy node. 
[2025.09.29-14.20.57:119][602]FBXImport: Warning: Mesh [Geometry have no name] in the fbx file is not reference by any hierarchy node. 
[2025.09.29-14.20.57:119][602]FBXImport: Warning: Mesh [Geometry have no name] in the fbx file is not reference by any hierarchy node. 
[2025.09.29-14.20.57:119][602]FBXImport: Warning: Mesh [Geometry have no name] in the fbx file is not reference by any hierarchy node. 
[2025.09.29-14.20.57:119][602]FBXImport: Warning: Mesh [Geometry have no name] in the fbx file is not reference by any hierarchy node. 
[2025.09.29-14.20.58:444][755]LogSlate: Window 'Message Log' being destroyed
[2025.09.29-14.20.58:449][755]LogSlate: Window 'Message Log' being destroyed
[2025.09.29-14.21.00:240][963]LogUObjectHash: Compacting FUObjectHashTables data took   1.50ms
[2025.09.29-14.21.01:124][963]LogSlate: Window 'Delete Assets' being destroyed
[2025.09.29-14.21.01:190][963]LogUObjectHash: Compacting FUObjectHashTables data took   1.43ms
[2025.09.29-14.21.02:215][ 46]LogFactory: FactoryCreateFile: StaticMesh with FbxFactory (0 0 C:\Users\filip\Desktop\Jump.fbx)
[2025.09.29-14.21.02:221][ 46]LogFbx: Loading FBX Scene from C:\Users\filip\Desktop\Jump.fbx
[2025.09.29-14.21.02:241][ 46]LogFbx: FBX Scene Loaded Succesfully
[2025.09.29-14.21.06:185][ 46]LogSlate: Window 'FBX Import Options' being destroyed
[2025.09.29-14.21.06:201][ 46]LogFbx: SortedLinks :(0) Version
[2025.09.29-14.21.06:201][ 46]LogFbx: SortedLinks :(1) CatBodyLowPoly
[2025.09.29-14.21.06:201][ 46]LogFbx: SortedLinks :(2) LatestVR
[2025.09.29-14.21.06:201][ 46]LogFbx: SortedLinks :(3) Root
[2025.09.29-14.21.06:201][ 46]LogFbx: SortedLinks :(4) Neck
[2025.09.29-14.21.06:201][ 46]LogFbx: SortedLinks :(5) L_Scapula
[2025.09.29-14.21.06:201][ 46]LogFbx: SortedLinks :(6) L_Shoulder
[2025.09.29-14.21.06:201][ 46]LogFbx: SortedLinks :(7) LF_Leg1
[2025.09.29-14.21.06:201][ 46]LogFbx: SortedLinks :(8) LF_Leg2
[2025.09.29-14.21.06:201][ 46]LogFbx: SortedLinks :(9) LF_Leg3
[2025.09.29-14.21.06:201][ 46]LogFbx: SortedLinks :(10) LF_Leg4
[2025.09.29-14.21.06:201][ 46]LogFbx: SortedLinks :(11) Spine1
[2025.09.29-14.21.06:201][ 46]LogFbx: SortedLinks :(12) Spine2
[2025.09.29-14.21.06:201][ 46]LogFbx: SortedLinks :(13) Spine3
[2025.09.29-14.21.06:201][ 46]LogFbx: SortedLinks :(14) Spine4
[2025.09.29-14.21.06:201][ 46]LogFbx: SortedLinks :(15) Spine5
[2025.09.29-14.21.06:201][ 46]LogFbx: SortedLinks :(16) TailBone
[2025.09.29-14.21.06:201][ 46]LogFbx: SortedLinks :(17) R_Hip
[2025.09.29-14.21.06:201][ 46]LogFbx: SortedLinks :(18) RB_Leg1
[2025.09.29-14.21.06:201][ 46]LogFbx: SortedLinks :(19) RB_Leg2
[2025.09.29-14.21.06:201][ 46]LogFbx: SortedLinks :(20) RB_Leg3
[2025.09.29-14.21.06:201][ 46]LogFbx: SortedLinks :(21) RB_Leg4
[2025.09.29-14.21.06:201][ 46]LogFbx: SortedLinks :(22) RB_Leg5
[2025.09.29-14.21.06:201][ 46]LogFbx: SortedLinks :(23) RB_Leg6
[2025.09.29-14.21.06:201][ 46]LogFbx: SortedLinks :(24) Tail1
[2025.09.29-14.21.06:201][ 46]LogFbx: SortedLinks :(25) Tail2
[2025.09.29-14.21.06:201][ 46]LogFbx: SortedLinks :(26) Tail3
[2025.09.29-14.21.06:201][ 46]LogFbx: SortedLinks :(27) Tail4
[2025.09.29-14.21.06:201][ 46]LogFbx: SortedLinks :(28) Tail5
[2025.09.29-14.21.06:201][ 46]LogFbx: SortedLinks :(29) Tail6
[2025.09.29-14.21.06:201][ 46]LogFbx: SortedLinks :(30) L_Hip2
[2025.09.29-14.21.06:201][ 46]LogFbx: SortedLinks :(31) LB_Leg1
[2025.09.29-14.21.06:201][ 46]LogFbx: SortedLinks :(32) LB_Leg2
[2025.09.29-14.21.06:201][ 46]LogFbx: SortedLinks :(33) LB_Leg3
[2025.09.29-14.21.06:201][ 46]LogFbx: SortedLinks :(34) LB_Leg4
[2025.09.29-14.21.06:201][ 46]LogFbx: SortedLinks :(35) LB_Leg5
[2025.09.29-14.21.06:201][ 46]LogFbx: SortedLinks :(36) LB_Leg6
[2025.09.29-14.21.06:201][ 46]LogFbx: SortedLinks :(37) Head1
[2025.09.29-14.21.06:201][ 46]LogFbx: SortedLinks :(38) Head2
[2025.09.29-14.21.06:201][ 46]LogFbx: SortedLinks :(39) Head3
[2025.09.29-14.21.06:201][ 46]LogFbx: SortedLinks :(40) Head4
[2025.09.29-14.21.06:201][ 46]LogFbx: SortedLinks :(41) R_Scapula
[2025.09.29-14.21.06:201][ 46]LogFbx: SortedLinks :(42) R_Shoulder4
[2025.09.29-14.21.06:201][ 46]LogFbx: SortedLinks :(43) RF_Leg1
[2025.09.29-14.21.06:201][ 46]LogFbx: SortedLinks :(44) RF_Leg2
[2025.09.29-14.21.06:201][ 46]LogFbx: SortedLinks :(45) RF_Leg3
[2025.09.29-14.21.06:201][ 46]LogFbx: SortedLinks :(46) RF_Leg4
[2025.09.29-14.21.06:201][ 46]LogFbx: SortedLinks :(47) Rigg
[2025.09.29-14.21.06:201][ 46]LogFbx: SortedLinks :(48) Back_Legs
[2025.09.29-14.21.06:201][ 46]LogFbx: SortedLinks :(49) Right
[2025.09.29-14.21.06:201][ 46]LogFbx: SortedLinks :(50) ikHandle3
[2025.09.29-14.21.06:201][ 46]LogFbx: SortedLinks :(51) IK
[2025.09.29-14.21.06:201][ 46]LogFbx: SortedLinks :(52) group21254212252
[2025.09.29-14.21.06:201][ 46]LogFbx: SortedLinks :(53) Left
[2025.09.29-14.21.06:201][ 46]LogFbx: SortedLinks :(54) ikHandle4
[2025.09.29-14.21.06:201][ 46]LogFbx: SortedLinks :(55) IK1
[2025.09.29-14.21.06:201][ 46]LogFbx: SortedLinks :(56) group2
[2025.09.29-14.21.06:201][ 46]LogFbx: SortedLinks :(57) Front_Legs
[2025.09.29-14.21.06:201][ 46]LogFbx: SortedLinks :(58) Rightf
[2025.09.29-14.21.06:201][ 46]LogFbx: SortedLinks :(59) ikHandle2f
[2025.09.29-14.21.06:201][ 46]LogFbx: SortedLinks :(60) IK_FRONT1
[2025.09.29-14.21.06:201][ 46]LogFbx: SortedLinks :(61) Leftf
[2025.09.29-14.21.06:201][ 46]LogFbx: SortedLinks :(62) ikHandle1f
[2025.09.29-14.21.06:201][ 46]LogFbx: SortedLinks :(63) IK_FRONT
[2025.09.29-14.21.06:201][ 46]LogFbx: SortedLinks :(64) Scapula_Right
[2025.09.29-14.21.06:201][ 46]LogFbx: SortedLinks :(65) Scapula_Left
[2025.09.29-14.21.06:201][ 46]LogFbx: SortedLinks :(66) Controllers
[2025.09.29-14.21.06:201][ 46]LogFbx: SortedLinks :(67) Neck_1_GRP
[2025.09.29-14.21.06:202][ 46]LogFbx: Parsing AnimStack Take 001
[2025.09.29-14.21.06:438][ 46]LogAnimationCompression: Building Anim DDC data for AnimSequence /Game/Mannequin/Cat/Jump.Jump
[2025.09.29-14.21.06:438][ 46]LogAnimationCompression: Recompressing (AnimSequence /Game/Mannequin/Cat/Jump.Jump) using current/default (AnimCompress_BitwiseCompressOnly_0) bFirstRecompressUsingCurrentOrDefault(1) bTryAlternateCompressor(0) IsCompressedDataValid(0)
[2025.09.29-14.21.06:444][ 46]FBXImport: Warning: Mesh [Geometry have no name] in the fbx file is not reference by any hierarchy node. 
[2025.09.29-14.21.06:444][ 46]FBXImport: Warning: Mesh [Geometry have no name] in the fbx file is not reference by any hierarchy node. 
[2025.09.29-14.21.06:444][ 46]FBXImport: Warning: Mesh [Geometry have no name] in the fbx file is not reference by any hierarchy node. 
[2025.09.29-14.21.06:444][ 46]FBXImport: Warning: Mesh [Geometry have no name] in the fbx file is not reference by any hierarchy node. 
[2025.09.29-14.21.06:445][ 46]FBXImport: Warning: Mesh [Geometry have no name] in the fbx file is not reference by any hierarchy node. 
[2025.09.29-14.21.06:445][ 46]FBXImport: Warning: Mesh [Geometry have no name] in the fbx file is not reference by any hierarchy node. 
[2025.09.29-14.21.06:445][ 46]FBXImport: Warning: Mesh [Geometry have no name] in the fbx file is not reference by any hierarchy node. 
[2025.09.29-14.21.06:445][ 46]FBXImport: Warning: Mesh [Geometry have no name] in the fbx file is not reference by any hierarchy node. 
[2025.09.29-14.21.06:445][ 46]FBXImport: Warning: Mesh [Geometry have no name] in the fbx file is not reference by any hierarchy node. 
[2025.09.29-14.21.06:445][ 46]FBXImport: Warning: Mesh [Geometry have no name] in the fbx file is not reference by any hierarchy node. 
[2025.09.29-14.21.06:445][ 46]FBXImport: Warning: Mesh [Geometry have no name] in the fbx file is not reference by any hierarchy node. 
[2025.09.29-14.21.06:445][ 46]FBXImport: Warning: Mesh [Geometry have no name] in the fbx file is not reference by any hierarchy node. 
[2025.09.29-14.21.06:445][ 46]FBXImport: Warning: Mesh [Geometry have no name] in the fbx file is not reference by any hierarchy node. 
[2025.09.29-14.21.06:445][ 46]FBXImport: Warning: Mesh [Geometry have no name] in the fbx file is not reference by any hierarchy node. 
[2025.09.29-14.21.06:445][ 46]FBXImport: Warning: Mesh [Geometry have no name] in the fbx file is not reference by any hierarchy node. 
[2025.09.29-14.21.06:445][ 46]FBXImport: Warning: Mesh [Geometry have no name] in the fbx file is not reference by any hierarchy node. 
[2025.09.29-14.21.06:445][ 46]FBXImport: Warning: Mesh [Geometry have no name] in the fbx file is not reference by any hierarchy node. 
[2025.09.29-14.21.06:445][ 46]FBXImport: Warning: Mesh [Geometry have no name] in the fbx file is not reference by any hierarchy node. 
[2025.09.29-14.21.06:445][ 46]FBXImport: Warning: Mesh [Geometry have no name] in the fbx file is not reference by any hierarchy node. 
[2025.09.29-14.21.06:445][ 46]FBXImport: Warning: Mesh [Geometry have no name] in the fbx file is not reference by any hierarchy node. 
[2025.09.29-14.21.07:548][172]LogSlate: Window 'Message Log' being destroyed
[2025.09.29-14.21.07:553][172]LogSlate: Window 'Message Log' being destroyed
[2025.09.29-14.21.09:031][309]LogFactory: FactoryCreateFile: StaticMesh with FbxFactory (0 0 C:\Users\filip\Desktop\CatIdle.fbx)
[2025.09.29-14.21.09:037][309]LogFbx: Loading FBX Scene from C:\Users\filip\Desktop\CatIdle.fbx
[2025.09.29-14.21.09:057][309]LogFbx: FBX Scene Loaded Succesfully
[2025.09.29-14.21.16:143][309]LogSlate: Window 'FBX Import Options' being destroyed
[2025.09.29-14.21.16:173][309]LogFbx: SortedLinks :(0) Version
[2025.09.29-14.21.16:173][309]LogFbx: SortedLinks :(1) CatBodyLowPoly
[2025.09.29-14.21.16:173][309]LogFbx: SortedLinks :(2) LatestVR
[2025.09.29-14.21.16:173][309]LogFbx: SortedLinks :(3) Root
[2025.09.29-14.21.16:173][309]LogFbx: SortedLinks :(4) Neck
[2025.09.29-14.21.16:173][309]LogFbx: SortedLinks :(5) L_Scapula
[2025.09.29-14.21.16:173][309]LogFbx: SortedLinks :(6) L_Shoulder
[2025.09.29-14.21.16:173][309]LogFbx: SortedLinks :(7) LF_Leg1
[2025.09.29-14.21.16:173][309]LogFbx: SortedLinks :(8) LF_Leg2
[2025.09.29-14.21.16:173][309]LogFbx: SortedLinks :(9) LF_Leg3
[2025.09.29-14.21.16:173][309]LogFbx: SortedLinks :(10) LF_Leg4
[2025.09.29-14.21.16:173][309]LogFbx: SortedLinks :(11) Spine1
[2025.09.29-14.21.16:173][309]LogFbx: SortedLinks :(12) Spine2
[2025.09.29-14.21.16:173][309]LogFbx: SortedLinks :(13) Spine3
[2025.09.29-14.21.16:173][309]LogFbx: SortedLinks :(14) Spine4
[2025.09.29-14.21.16:173][309]LogFbx: SortedLinks :(15) Spine5
[2025.09.29-14.21.16:173][309]LogFbx: SortedLinks :(16) TailBone
[2025.09.29-14.21.16:173][309]LogFbx: SortedLinks :(17) R_Hip
[2025.09.29-14.21.16:173][309]LogFbx: SortedLinks :(18) RB_Leg1
[2025.09.29-14.21.16:173][309]LogFbx: SortedLinks :(19) RB_Leg2
[2025.09.29-14.21.16:173][309]LogFbx: SortedLinks :(20) RB_Leg3
[2025.09.29-14.21.16:173][309]LogFbx: SortedLinks :(21) RB_Leg4
[2025.09.29-14.21.16:173][309]LogFbx: SortedLinks :(22) RB_Leg5
[2025.09.29-14.21.16:173][309]LogFbx: SortedLinks :(23) RB_Leg6
[2025.09.29-14.21.16:173][309]LogFbx: SortedLinks :(24) Tail1
[2025.09.29-14.21.16:173][309]LogFbx: SortedLinks :(25) Tail2
[2025.09.29-14.21.16:173][309]LogFbx: SortedLinks :(26) Tail3
[2025.09.29-14.21.16:173][309]LogFbx: SortedLinks :(27) Tail4
[2025.09.29-14.21.16:173][309]LogFbx: SortedLinks :(28) Tail5
[2025.09.29-14.21.16:173][309]LogFbx: SortedLinks :(29) Tail6
[2025.09.29-14.21.16:173][309]LogFbx: SortedLinks :(30) L_Hip2
[2025.09.29-14.21.16:173][309]LogFbx: SortedLinks :(31) LB_Leg1
[2025.09.29-14.21.16:173][309]LogFbx: SortedLinks :(32) LB_Leg2
[2025.09.29-14.21.16:173][309]LogFbx: SortedLinks :(33) LB_Leg3
[2025.09.29-14.21.16:173][309]LogFbx: SortedLinks :(34) LB_Leg4
[2025.09.29-14.21.16:173][309]LogFbx: SortedLinks :(35) LB_Leg5
[2025.09.29-14.21.16:173][309]LogFbx: SortedLinks :(36) LB_Leg6
[2025.09.29-14.21.16:173][309]LogFbx: SortedLinks :(37) Head1
[2025.09.29-14.21.16:173][309]LogFbx: SortedLinks :(38) Head2
[2025.09.29-14.21.16:173][309]LogFbx: SortedLinks :(39) Head3
[2025.09.29-14.21.16:173][309]LogFbx: SortedLinks :(40) Head4
[2025.09.29-14.21.16:173][309]LogFbx: SortedLinks :(41) R_Scapula
[2025.09.29-14.21.16:173][309]LogFbx: SortedLinks :(42) R_Shoulder4
[2025.09.29-14.21.16:173][309]LogFbx: SortedLinks :(43) RF_Leg1
[2025.09.29-14.21.16:173][309]LogFbx: SortedLinks :(44) RF_Leg2
[2025.09.29-14.21.16:173][309]LogFbx: SortedLinks :(45) RF_Leg3
[2025.09.29-14.21.16:173][309]LogFbx: SortedLinks :(46) RF_Leg4
[2025.09.29-14.21.16:173][309]LogFbx: SortedLinks :(47) Rigg
[2025.09.29-14.21.16:173][309]LogFbx: SortedLinks :(48) Back_Legs
[2025.09.29-14.21.16:173][309]LogFbx: SortedLinks :(49) Right
[2025.09.29-14.21.16:173][309]LogFbx: SortedLinks :(50) ikHandle3
[2025.09.29-14.21.16:173][309]LogFbx: SortedLinks :(51) IK
[2025.09.29-14.21.16:173][309]LogFbx: SortedLinks :(52) group21254212252
[2025.09.29-14.21.16:173][309]LogFbx: SortedLinks :(53) Left
[2025.09.29-14.21.16:173][309]LogFbx: SortedLinks :(54) ikHandle4
[2025.09.29-14.21.16:173][309]LogFbx: SortedLinks :(55) IK1
[2025.09.29-14.21.16:173][309]LogFbx: SortedLinks :(56) group2
[2025.09.29-14.21.16:173][309]LogFbx: SortedLinks :(57) Front_Legs
[2025.09.29-14.21.16:173][309]LogFbx: SortedLinks :(58) Rightf
[2025.09.29-14.21.16:173][309]LogFbx: SortedLinks :(59) ikHandle2f
[2025.09.29-14.21.16:173][309]LogFbx: SortedLinks :(60) IK_FRONT1
[2025.09.29-14.21.16:173][309]LogFbx: SortedLinks :(61) Leftf
[2025.09.29-14.21.16:173][309]LogFbx: SortedLinks :(62) ikHandle1f
[2025.09.29-14.21.16:173][309]LogFbx: SortedLinks :(63) IK_FRONT
[2025.09.29-14.21.16:173][309]LogFbx: SortedLinks :(64) Scapula_Right
[2025.09.29-14.21.16:173][309]LogFbx: SortedLinks :(65) Scapula_Left
[2025.09.29-14.21.16:173][309]LogFbx: SortedLinks :(66) Controllers
[2025.09.29-14.21.16:173][309]LogFbx: SortedLinks :(67) Neck_1_GRP
[2025.09.29-14.21.16:174][309]LogFbx: Parsing AnimStack Take 001
[2025.09.29-14.21.16:178][309]LogLinker: Failed to load '/Game/Mannequin/Cat/CatIdle': Can't find file.
[2025.09.29-14.21.16:178][309]LogLinker: Failed to load '/Game/Mannequin/Cat/CatIdle': Can't find file.
[2025.09.29-14.21.16:179][309]LogFbx: CurveName : blendOrient1
[2025.09.29-14.21.16:179][309]LogFbx: CurveName(blendOrient1) is skipped because it only contains invalid values.
[2025.09.29-14.21.16:430][309]LogAnimationCompression: Building Anim DDC data for AnimSequence /Game/Mannequin/Cat/CatIdle.CatIdle
[2025.09.29-14.21.16:430][309]LogAnimationCompression: Recompressing (AnimSequence /Game/Mannequin/Cat/CatIdle.CatIdle) using current/default (AnimCompress_BitwiseCompressOnly_0) bFirstRecompressUsingCurrentOrDefault(1) bTryAlternateCompressor(0) IsCompressedDataValid(0)
[2025.09.29-14.21.16:437][309]FBXImport: Warning: Mesh [Geometry have no name] in the fbx file is not reference by any hierarchy node. 
[2025.09.29-14.21.16:437][309]FBXImport: Warning: Mesh [Geometry have no name] in the fbx file is not reference by any hierarchy node. 
[2025.09.29-14.21.16:437][309]FBXImport: Warning: Mesh [Geometry have no name] in the fbx file is not reference by any hierarchy node. 
[2025.09.29-14.21.16:437][309]FBXImport: Warning: Mesh [Geometry have no name] in the fbx file is not reference by any hierarchy node. 
[2025.09.29-14.21.16:437][309]FBXImport: Warning: Mesh [Geometry have no name] in the fbx file is not reference by any hierarchy node. 
[2025.09.29-14.21.16:437][309]FBXImport: Warning: Mesh [Geometry have no name] in the fbx file is not reference by any hierarchy node. 
[2025.09.29-14.21.16:437][309]FBXImport: Warning: Mesh [Geometry have no name] in the fbx file is not reference by any hierarchy node. 
[2025.09.29-14.21.16:437][309]FBXImport: Warning: Mesh [Geometry have no name] in the fbx file is not reference by any hierarchy node. 
[2025.09.29-14.21.16:437][309]FBXImport: Warning: Mesh [Geometry have no name] in the fbx file is not reference by any hierarchy node. 
[2025.09.29-14.21.16:437][309]FBXImport: Warning: Mesh [Geometry have no name] in the fbx file is not reference by any hierarchy node. 
[2025.09.29-14.21.16:437][309]FBXImport: Warning: Mesh [Geometry have no name] in the fbx file is not reference by any hierarchy node. 
[2025.09.29-14.21.16:437][309]FBXImport: Warning: Mesh [Geometry have no name] in the fbx file is not reference by any hierarchy node. 
[2025.09.29-14.21.16:437][309]FBXImport: Warning: Mesh [Geometry have no name] in the fbx file is not reference by any hierarchy node. 
[2025.09.29-14.21.16:437][309]FBXImport: Warning: Mesh [Geometry have no name] in the fbx file is not reference by any hierarchy node. 
[2025.09.29-14.21.16:437][309]FBXImport: Warning: Mesh [Geometry have no name] in the fbx file is not reference by any hierarchy node. 
[2025.09.29-14.21.16:437][309]FBXImport: Warning: Mesh [Geometry have no name] in the fbx file is not reference by any hierarchy node. 
[2025.09.29-14.21.16:437][309]FBXImport: Warning: Mesh [Geometry have no name] in the fbx file is not reference by any hierarchy node. 
[2025.09.29-14.21.16:437][309]FBXImport: Warning: Mesh [Geometry have no name] in the fbx file is not reference by any hierarchy node. 
[2025.09.29-14.21.16:438][309]FBXImport: Warning: Mesh [Geometry have no name] in the fbx file is not reference by any hierarchy node. 
[2025.09.29-14.21.16:438][309]FBXImport: Warning: Mesh [Geometry have no name] in the fbx file is not reference by any hierarchy node. 
[2025.09.29-14.21.18:908][581]LogSlate: Window 'Message Log' being destroyed
[2025.09.29-14.21.18:913][581]LogSlate: Window 'Message Log' being destroyed
[2025.09.29-14.21.19:779][682]Cmd: OBJ SAVEPACKAGE PACKAGE="/Game/Mannequin/Cat/CatIdle" FILE="E:/GameJamHGGUnreal4.23.1/GameJamCrew/Content/Mannequin/Cat/CatIdle.uasset" SILENT=true
[2025.09.29-14.21.19:786][682]LogSavePackage: Moving 'E:/GameJamHGGUnreal4.23.1/GameJamCrew/Saved/CatIdle922265674BC00578ECFCE39525BA349E.tmp' to 'E:/GameJamHGGUnreal4.23.1/GameJamCrew/Content/Mannequin/Cat/CatIdle.uasset'
[2025.09.29-14.21.19:793][682]Cmd: OBJ SAVEPACKAGE PACKAGE="/Game/Mannequin/Cat/Default_Material" FILE="E:/GameJamHGGUnreal4.23.1/GameJamCrew/Content/Mannequin/Cat/Default_Material.uasset" SILENT=true
[2025.09.29-14.21.19:798][682]LogSavePackage: Moving 'E:/GameJamHGGUnreal4.23.1/GameJamCrew/Saved/Default_MaterialBF684A3F4FF6C403A11E6B9864FC67B2.tmp' to 'E:/GameJamHGGUnreal4.23.1/GameJamCrew/Content/Mannequin/Cat/Default_Material.uasset'
[2025.09.29-14.21.19:805][682]Cmd: OBJ SAVEPACKAGE PACKAGE="/Game/Mannequin/Cat/Jump" FILE="E:/GameJamHGGUnreal4.23.1/GameJamCrew/Content/Mannequin/Cat/Jump.uasset" SILENT=true
[2025.09.29-14.21.19:811][682]LogSavePackage: Moving 'E:/GameJamHGGUnreal4.23.1/GameJamCrew/Saved/JumpB72CC3A04EB898F5CB5D0BAD7842F628.tmp' to 'E:/GameJamHGGUnreal4.23.1/GameJamCrew/Content/Mannequin/Cat/Jump.uasset'
[2025.09.29-14.21.19:818][682]Cmd: OBJ SAVEPACKAGE PACKAGE="/Game/Mannequin/Cat/Walk" FILE="E:/GameJamHGGUnreal4.23.1/GameJamCrew/Content/Mannequin/Cat/Walk.uasset" SILENT=true
[2025.09.29-14.21.19:826][682]LogSavePackage: Moving 'E:/GameJamHGGUnreal4.23.1/GameJamCrew/Saved/WalkB8C022CB4E408C3950BB3F86DD58C063.tmp' to 'E:/GameJamHGGUnreal4.23.1/GameJamCrew/Content/Mannequin/Cat/Walk.uasset'
[2025.09.29-14.21.19:838][682]Cmd: OBJ SAVEPACKAGE PACKAGE="/Game/Mannequin/Cat/Walk_Anim" FILE="E:/GameJamHGGUnreal4.23.1/GameJamCrew/Content/Mannequin/Cat/Walk_Anim.uasset" SILENT=true
[2025.09.29-14.21.19:843][682]LogSavePackage: Moving 'E:/GameJamHGGUnreal4.23.1/GameJamCrew/Saved/Walk_Anim3937C9354E5F5876682366988FF63AA3.tmp' to 'E:/GameJamHGGUnreal4.23.1/GameJamCrew/Content/Mannequin/Cat/Walk_Anim.uasset'
[2025.09.29-14.21.19:851][682]Cmd: OBJ SAVEPACKAGE PACKAGE="/Game/Mannequin/Cat/Walk_PhysicsAsset" FILE="E:/GameJamHGGUnreal4.23.1/GameJamCrew/Content/Mannequin/Cat/Walk_PhysicsAsset.uasset" SILENT=true
[2025.09.29-14.21.19:858][682]LogSavePackage: Moving 'E:/GameJamHGGUnreal4.23.1/GameJamCrew/Saved/Walk_PhysicsAsset45A807394443E77FB288E3980EC1085C.tmp' to 'E:/GameJamHGGUnreal4.23.1/GameJamCrew/Content/Mannequin/Cat/Walk_PhysicsAsset.uasset'
[2025.09.29-14.21.19:861][682]Cmd: OBJ SAVEPACKAGE PACKAGE="/Game/Mannequin/Cat/Walk_Skeleton" FILE="E:/GameJamHGGUnreal4.23.1/GameJamCrew/Content/Mannequin/Cat/Walk_Skeleton.uasset" SILENT=true
[2025.09.29-14.21.19:863][682]LogSavePackage: Moving 'E:/GameJamHGGUnreal4.23.1/GameJamCrew/Saved/Walk_SkeletonD3DAEE8446077BC66EE7898B350899C8.tmp' to 'E:/GameJamHGGUnreal4.23.1/GameJamCrew/Content/Mannequin/Cat/Walk_Skeleton.uasset'
[2025.09.29-14.21.23:124][ 16]LogMaterial: Display: Missing cached shader map for material Default_Material_2, compiling. 
[2025.09.29-14.21.23:219][ 17]LogShaderCompilers: Display: Worker (1/9): shaders left to compile 60
[2025.09.29-14.21.23:219][ 17]LogShaderCompilers: Display: Worker (2/9): shaders left to compile 52
[2025.09.29-14.21.23:219][ 17]LogShaderCompilers: Display: Worker (3/9): shaders left to compile 44
[2025.09.29-14.21.23:219][ 17]LogShaderCompilers: Display: Worker (4/9): shaders left to compile 36
[2025.09.29-14.21.23:219][ 17]LogShaderCompilers: Display: Worker (5/9): shaders left to compile 28
[2025.09.29-14.21.23:219][ 17]LogShaderCompilers: Display: Worker (6/9): shaders left to compile 20
[2025.09.29-14.21.23:219][ 17]LogShaderCompilers: Display: Worker (7/9): shaders left to compile 12
[2025.09.29-14.21.23:219][ 17]LogShaderCompilers: Display: Worker (8/9): shaders left to compile 4
[2025.09.29-14.21.24:042][109]Cmd: TRANSACTION UNDO
[2025.09.29-14.21.24:042][109]LogEditorTransaction: Undo Edit Import Mesh
[2025.09.29-14.21.24:101][109]LogActorComponent: RegisterComponentWithWorld: (/Engine/Transient.World_11:PersistentLevel.AnimationEditorPreviewActor_0.DebugSkelMeshComponent_0) Already registered. Aborting.
[2025.09.29-14.21.25:561][259]LogUObjectHash: Compacting FUObjectHashTables data took   1.54ms
[2025.09.29-14.21.27:189][259]LogSlate: Window 'Delete Assets' being destroyed
[2025.09.29-14.21.27:769][259]LogUObjectGlobals: Force Deleting 7 Package(s):
	Asset Name: /Game/Mannequin/Cat/CatIdle_2.CatIdle_2
	Asset Name: /Game/Mannequin/Cat/Default_Material_2.Default_Material_2
	Asset Name: /Game/Mannequin/Cat/Jump_2.Jump_2
	Asset Name: /Game/Mannequin/Cat/Walk_2.Walk_2
	Asset Name: /Game/Mannequin/Cat/Walk_Anim_2.Walk_Anim_2
	Asset Name: /Game/Mannequin/Cat/Walk_PhysicsAsset_2.Walk_PhysicsAsset_2
	Asset Name: /Game/Mannequin/Cat/Walk_Skeleton_2.Walk_Skeleton_2
[2025.09.29-14.21.28:757][259]LogUObjectHash: Compacting FUObjectHashTables data took   1.33ms
[2025.09.29-14.21.32:602][697]LogMetaData: Removing '/Game/Mannequin/Cat/sk.sk' ref from Metadata '/Game/Mannequin/Cat/Walk_Skeleton.PackageMetaData'
[2025.09.29-14.21.32:618][697]Cmd: OBJ SAVEPACKAGE PACKAGE="/Game/Mannequin/Cat/sk" FILE="E:/GameJamHGGUnreal4.23.1/GameJamCrew/Content/Mannequin/Cat/sk.uasset" SILENT=true
[2025.09.29-14.21.32:620][697]LogSavePackage: Moving 'E:/GameJamHGGUnreal4.23.1/GameJamCrew/Saved/skD4CC562C4BCAA826D441799D60E1E072.tmp' to 'E:/GameJamHGGUnreal4.23.1/GameJamCrew/Content/Mannequin/Cat/sk.uasset'
[2025.09.29-14.21.32:720][697]LogUObjectHash: Compacting FUObjectHashTables data took   0.57ms
[2025.09.29-14.21.32:742][697]LogUObjectHash: Compacting FUObjectHashTables data took   1.39ms
[2025.09.29-14.21.32:760][697]LogUObjectHash: Compacting FUObjectHashTables data took   0.58ms
[2025.09.29-14.21.32:770][697]Cmd: OBJ SAVEPACKAGE PACKAGE="/Game/Mannequin/Cat/CatIdle" FILE="E:/GameJamHGGUnreal4.23.1/GameJamCrew/Content/Mannequin/Cat/CatIdle.uasset" SILENT=true
[2025.09.29-14.21.32:774][697]LogSavePackage: Moving 'E:/GameJamHGGUnreal4.23.1/GameJamCrew/Saved/CatIdle641A490C413141217154E99FC1186B4D.tmp' to 'E:/GameJamHGGUnreal4.23.1/GameJamCrew/Content/Mannequin/Cat/CatIdle.uasset'
[2025.09.29-14.21.32:776][697]Cmd: OBJ SAVEPACKAGE PACKAGE="/Game/Mannequin/Cat/Jump" FILE="E:/GameJamHGGUnreal4.23.1/GameJamCrew/Content/Mannequin/Cat/Jump.uasset" SILENT=true
[2025.09.29-14.21.32:779][697]LogSavePackage: Moving 'E:/GameJamHGGUnreal4.23.1/GameJamCrew/Saved/Jump7A168BA54DD48EAFB8C131A3519CC73C.tmp' to 'E:/GameJamHGGUnreal4.23.1/GameJamCrew/Content/Mannequin/Cat/Jump.uasset'
[2025.09.29-14.21.32:781][697]Cmd: OBJ SAVEPACKAGE PACKAGE="/Game/Mannequin/Cat/Walk" FILE="E:/GameJamHGGUnreal4.23.1/GameJamCrew/Content/Mannequin/Cat/Walk.uasset" SILENT=true
[2025.09.29-14.21.32:788][697]LogSavePackage: Moving 'E:/GameJamHGGUnreal4.23.1/GameJamCrew/Saved/Walk4905FF7049F9BEC6876C1E92DE6C7F2C.tmp' to 'E:/GameJamHGGUnreal4.23.1/GameJamCrew/Content/Mannequin/Cat/Walk.uasset'
[2025.09.29-14.21.32:790][697]Cmd: OBJ SAVEPACKAGE PACKAGE="/Game/Mannequin/Cat/Walk_Anim" FILE="E:/GameJamHGGUnreal4.23.1/GameJamCrew/Content/Mannequin/Cat/Walk_Anim.uasset" SILENT=true
[2025.09.29-14.21.32:792][697]LogSavePackage: Moving 'E:/GameJamHGGUnreal4.23.1/GameJamCrew/Saved/Walk_Anim42AB6E2D45DF9C8B83538EACAC1BAE0A.tmp' to 'E:/GameJamHGGUnreal4.23.1/GameJamCrew/Content/Mannequin/Cat/Walk_Anim.uasset'
[2025.09.29-14.21.35:882][ 42]Cmd: OBJ SAVEPACKAGE PACKAGE="/Game/Mannequin/Cat/pa" FILE="E:/GameJamHGGUnreal4.23.1/GameJamCrew/Content/Mannequin/Cat/pa.uasset" SILENT=true
[2025.09.29-14.21.35:888][ 42]LogSavePackage: Moving 'E:/GameJamHGGUnreal4.23.1/GameJamCrew/Saved/paFBA9527243C7AC6092A752A485E4CD84.tmp' to 'E:/GameJamHGGUnreal4.23.1/GameJamCrew/Content/Mannequin/Cat/pa.uasset'
[2025.09.29-14.21.35:992][ 42]LogUObjectHash: Compacting FUObjectHashTables data took   0.58ms
[2025.09.29-14.21.36:012][ 42]LogUObjectHash: Compacting FUObjectHashTables data took   1.36ms
[2025.09.29-14.21.36:028][ 42]LogUObjectHash: Compacting FUObjectHashTables data took   0.56ms
[2025.09.29-14.21.36:039][ 42]Cmd: OBJ SAVEPACKAGE PACKAGE="/Game/Mannequin/Cat/Walk" FILE="E:/GameJamHGGUnreal4.23.1/GameJamCrew/Content/Mannequin/Cat/Walk.uasset" SILENT=true
[2025.09.29-14.21.36:044][ 42]LogSavePackage: Moving 'E:/GameJamHGGUnreal4.23.1/GameJamCrew/Saved/WalkA4C0C21D46487F27AE52E3AD6A47362A.tmp' to 'E:/GameJamHGGUnreal4.23.1/GameJamCrew/Content/Mannequin/Cat/Walk.uasset'
[2025.09.29-14.21.43:176][881]LogMetaData: Removing '/Game/Mannequin/Cat/ska.ska' ref from Metadata '/Game/Mannequin/Cat/Walk.PackageMetaData'
[2025.09.29-14.21.43:198][881]Cmd: OBJ SAVEPACKAGE PACKAGE="/Game/Mannequin/Cat/ska" FILE="E:/GameJamHGGUnreal4.23.1/GameJamCrew/Content/Mannequin/Cat/ska.uasset" SILENT=true
[2025.09.29-14.21.43:207][881]LogSavePackage: Moving 'E:/GameJamHGGUnreal4.23.1/GameJamCrew/Saved/skaACA3C6384E5234DCC1809E868546CC9F.tmp' to 'E:/GameJamHGGUnreal4.23.1/GameJamCrew/Content/Mannequin/Cat/ska.uasset'
[2025.09.29-14.21.43:309][881]LogUObjectHash: Compacting FUObjectHashTables data took   0.57ms
[2025.09.29-14.21.43:329][881]LogUObjectHash: Compacting FUObjectHashTables data took   1.59ms
[2025.09.29-14.21.43:346][881]LogUObjectHash: Compacting FUObjectHashTables data took   0.56ms
[2025.09.29-14.21.43:357][881]Cmd: OBJ SAVEPACKAGE PACKAGE="/Game/Mannequin/Cat/pa" FILE="E:/GameJamHGGUnreal4.23.1/GameJamCrew/Content/Mannequin/Cat/pa.uasset" SILENT=true
[2025.09.29-14.21.43:360][881]LogSavePackage: Moving 'E:/GameJamHGGUnreal4.23.1/GameJamCrew/Saved/paCCDF6B4F4FC5FB6BEA41C5B3753E1083.tmp' to 'E:/GameJamHGGUnreal4.23.1/GameJamCrew/Content/Mannequin/Cat/pa.uasset'
[2025.09.29-14.21.43:862][931]Cmd: OBJ SAVEPACKAGE PACKAGE="/Game/Mannequin/Cat/ska" FILE="E:/GameJamHGGUnreal4.23.1/GameJamCrew/Content/Mannequin/Cat/ska.uasset" SILENT=true
[2025.09.29-14.21.43:870][931]LogSavePackage: Moving 'E:/GameJamHGGUnreal4.23.1/GameJamCrew/Saved/ska2C939318471E07A294BD81B3809C9128.tmp' to 'E:/GameJamHGGUnreal4.23.1/GameJamCrew/Content/Mannequin/Cat/ska.uasset'
[2025.09.29-14.21.48:522][476]Cmd: OBJ SAVEPACKAGE PACKAGE="/Game/Mannequin/Cat/Walk" FILE="E:/GameJamHGGUnreal4.23.1/GameJamCrew/Content/Mannequin/Cat/Walk.uasset" SILENT=true
[2025.09.29-14.21.48:529][476]LogSavePackage: Moving 'E:/GameJamHGGUnreal4.23.1/GameJamCrew/Saved/Walk464589354C12950C91790E887048EEA5.tmp' to 'E:/GameJamHGGUnreal4.23.1/GameJamCrew/Content/Mannequin/Cat/Walk.uasset'
[2025.09.29-14.21.48:631][476]LogUObjectHash: Compacting FUObjectHashTables data took   0.88ms
[2025.09.29-14.21.48:651][476]LogUObjectHash: Compacting FUObjectHashTables data took   1.44ms
[2025.09.29-14.21.48:667][476]LogUObjectHash: Compacting FUObjectHashTables data took   0.57ms
[2025.09.29-14.21.54:327][135]Cmd: OBJ SAVEPACKAGE PACKAGE="/Game/Mannequin/Cat/Idle" FILE="E:/GameJamHGGUnreal4.23.1/GameJamCrew/Content/Mannequin/Cat/Idle.uasset" SILENT=true
[2025.09.29-14.21.54:332][135]LogSavePackage: Moving 'E:/GameJamHGGUnreal4.23.1/GameJamCrew/Saved/Idle19CE22FD4C65DDC4C0567B9BE478429D.tmp' to 'E:/GameJamHGGUnreal4.23.1/GameJamCrew/Content/Mannequin/Cat/Idle.uasset'
[2025.09.29-14.21.54:432][135]LogUObjectHash: Compacting FUObjectHashTables data took   1.69ms
[2025.09.29-14.21.54:455][135]LogUObjectHash: Compacting FUObjectHashTables data took   1.36ms
[2025.09.29-14.21.54:472][135]LogUObjectHash: Compacting FUObjectHashTables data took   0.58ms
[2025.09.29-14.21.54:798][165]Cmd: OBJ SAVEPACKAGE PACKAGE="/Game/Mannequin/Cat/Idle" FILE="E:/GameJamHGGUnreal4.23.1/GameJamCrew/Content/Mannequin/Cat/Idle.uasset" SILENT=true
[2025.09.29-14.21.54:800][165]LogSavePackage: Moving 'E:/GameJamHGGUnreal4.23.1/GameJamCrew/Saved/Idle914CF3224B983D39011C9F9CB52E0203.tmp' to 'E:/GameJamHGGUnreal4.23.1/GameJamCrew/Content/Mannequin/Cat/Idle.uasset'
[2025.09.29-14.21.59:954][386]LogFactory: FactoryCreateFile: Texture with ReimportTextureFactory (0 0 C:\Users\filip\Desktop\cat_textures\cat_ao.tga)
[2025.09.29-14.21.59:954][386]LogTexture: Display: Building textures: cat_ao (BGRA8, 512X512)
[2025.09.29-14.21.59:964][386]LogFactory: FactoryCreateFile: Texture with ReimportTextureFactory (0 0 C:\Users\filip\Desktop\cat_textures\cat_color.tga)
[2025.09.29-14.21.59:967][386]LogTexture: Display: Building textures: cat_color (AutoDXT, 512X512)
[2025.09.29-14.21.59:996][386]LogFactory: FactoryCreateFile: Texture with ReimportTextureFactory (0 0 C:\Users\filip\Desktop\cat_textures\cat_mixed.tga)
[2025.09.29-14.21.59:997][386]LogTexture: Display: Building textures: cat_mixed (AutoDXT, 512X512)
[2025.09.29-14.22.00:043][386]LogFactory: FactoryCreateFile: Texture with ReimportTextureFactory (0 0 C:\Users\filip\Desktop\cat_textures\cat_normal.tga)
[2025.09.29-14.22.00:050][386]LogTexture: Display: Building textures: cat_normal (BC5, 512X512)
[2025.09.29-14.22.00:061][386]LogFactory: FactoryCreateFile: Texture with ReimportTextureFactory (0 0 C:\Users\filip\Desktop\cat_textures\cat_rough.tga)
[2025.09.29-14.22.00:062][386]LogTexture: Display: Building textures: cat_rough (BGRA8, 512X512)
[2025.09.29-14.22.30:275][709]Cmd: OBJ SAVEPACKAGE PACKAGE="/Game/Mannequin/Cat/cat_rough" FILE="E:/GameJamHGGUnreal4.23.1/GameJamCrew/Content/Mannequin/Cat/cat_rough.uasset" SILENT=true
[2025.09.29-14.22.30:286][709]LogSavePackage: Moving 'E:/GameJamHGGUnreal4.23.1/GameJamCrew/Saved/cat_roughC5FAF2FC494C5FC6FDD465884C9C8EB0.tmp' to 'E:/GameJamHGGUnreal4.23.1/GameJamCrew/Content/Mannequin/Cat/cat_rough.uasset'
[2025.09.29-14.22.30:292][709]Cmd: OBJ SAVEPACKAGE PACKAGE="/Game/Mannequin/Cat/cat_ao" FILE="E:/GameJamHGGUnreal4.23.1/GameJamCrew/Content/Mannequin/Cat/cat_ao.uasset" SILENT=true
[2025.09.29-14.22.30:302][709]LogSavePackage: Moving 'E:/GameJamHGGUnreal4.23.1/GameJamCrew/Saved/cat_ao56A3208A4B606DC97B2E1BB758FA440E.tmp' to 'E:/GameJamHGGUnreal4.23.1/GameJamCrew/Content/Mannequin/Cat/cat_ao.uasset'
[2025.09.29-14.22.30:310][709]Cmd: OBJ SAVEPACKAGE PACKAGE="/Game/Mannequin/Cat/cat_color" FILE="E:/GameJamHGGUnreal4.23.1/GameJamCrew/Content/Mannequin/Cat/cat_color.uasset" SILENT=true
[2025.09.29-14.22.30:330][709]LogSavePackage: Moving 'E:/GameJamHGGUnreal4.23.1/GameJamCrew/Saved/cat_color3F2542BD4B373FA5E7CCE7A9782CD22D.tmp' to 'E:/GameJamHGGUnreal4.23.1/GameJamCrew/Content/Mannequin/Cat/cat_color.uasset'
[2025.09.29-14.22.30:337][709]Cmd: OBJ SAVEPACKAGE PACKAGE="/Game/Mannequin/Cat/cat_mixed" FILE="E:/GameJamHGGUnreal4.23.1/GameJamCrew/Content/Mannequin/Cat/cat_mixed.uasset" SILENT=true
[2025.09.29-14.22.30:357][709]LogSavePackage: Moving 'E:/GameJamHGGUnreal4.23.1/GameJamCrew/Saved/cat_mixed8F96FD734BE83FEE8A9A2B85209B0C77.tmp' to 'E:/GameJamHGGUnreal4.23.1/GameJamCrew/Content/Mannequin/Cat/cat_mixed.uasset'
[2025.09.29-14.22.30:363][709]Cmd: OBJ SAVEPACKAGE PACKAGE="/Game/Mannequin/Cat/cat_normal" FILE="E:/GameJamHGGUnreal4.23.1/GameJamCrew/Content/Mannequin/Cat/cat_normal.uasset" SILENT=true
[2025.09.29-14.22.30:370][709]LogSavePackage: Moving 'E:/GameJamHGGUnreal4.23.1/GameJamCrew/Saved/cat_normalF8356FC34E0E31C6F19CF79BEBBCC5FF.tmp' to 'E:/GameJamHGGUnreal4.23.1/GameJamCrew/Content/Mannequin/Cat/cat_normal.uasset'
[2025.09.29-14.22.31:075][786]LogAssetEditorManager: Opening Asset editor for Material /Game/Mannequin/Cat/Default_Material.Default_Material
[2025.09.29-14.22.31:077][786]LogMaterial: Display: Missing cached shader map for material Default_Material, compiling. 
[2025.09.29-14.22.31:134][786]LogMaterial: Display: Missing cached shader map for material Default_Material, compiling. 
[2025.09.29-14.22.31:159][786]LogShaderCompilers: Display: Worker (1/9): shaders left to compile 59
[2025.09.29-14.22.31:159][786]LogShaderCompilers: Display: Worker (2/9): shaders left to compile 58
[2025.09.29-14.22.31:159][786]LogShaderCompilers: Display: Worker (3/9): shaders left to compile 57
[2025.09.29-14.22.31:159][786]LogShaderCompilers: Display: Worker (4/9): shaders left to compile 56
[2025.09.29-14.22.31:159][786]LogShaderCompilers: Display: Worker (5/9): shaders left to compile 55
[2025.09.29-14.22.31:159][786]LogShaderCompilers: Display: Worker (6/9): shaders left to compile 54
[2025.09.29-14.22.31:160][786]LogShaderCompilers: Display: Worker (7/9): shaders left to compile 53
[2025.09.29-14.22.31:160][786]LogShaderCompilers: Display: Worker (8/9): shaders left to compile 52
[2025.09.29-14.22.31:161][786]LogMaterial: Display: Missing cached shader map for material FMatExpressionPreview MaterialExpressionVectorParameter_0, compiling. 
[2025.09.29-14.22.31:228][787]LogSlate: Took 0.000162 seconds to synchronously load lazily loaded font '../../../Engine/Content/Slate/Fonts/Roboto-Italic.ttf' (157K)
[2025.09.29-14.22.31:450][804]LogShaderCompilers: Display: Worker (8/9): shaders left to compile 55
[2025.09.29-14.22.31:482][806]LogShaderCompilers: Display: Worker (2/9): shaders left to compile 54
[2025.09.29-14.22.31:505][808]LogShaderCompilers: Display: Worker (5/9): shaders left to compile 53
[2025.09.29-14.22.31:505][808]LogShaderCompilers: Display: Worker (7/9): shaders left to compile 52
[2025.09.29-14.22.31:520][809]LogShaderCompilers: Display: Worker (1/9): shaders left to compile 51
[2025.09.29-14.22.31:520][809]LogShaderCompilers: Display: Worker (6/9): shaders left to compile 50
[2025.09.29-14.22.31:545][811]LogShaderCompilers: Display: Worker (3/9): shaders left to compile 49
[2025.09.29-14.22.31:545][811]LogShaderCompilers: Display: Worker (4/9): shaders left to compile 48
[2025.09.29-14.22.31:604][815]LogShaderCompilers: Display: Worker (8/9): shaders left to compile 47
[2025.09.29-14.22.31:772][826]LogShaderCompilers: Display: Worker (7/9): shaders left to compile 46
[2025.09.29-14.22.31:821][829]LogShaderCompilers: Display: Worker (2/9): shaders left to compile 45
[2025.09.29-14.22.31:850][831]LogShaderCompilers: Display: Worker (3/9): shaders left to compile 44
[2025.09.29-14.22.31:931][837]LogShaderCompilers: Display: Worker (5/9): shaders left to compile 43
[2025.09.29-14.22.31:943][838]LogShaderCompilers: Display: Worker (1/9): shaders left to compile 42
[2025.09.29-14.22.31:943][838]LogShaderCompilers: Display: Worker (6/9): shaders left to compile 41
[2025.09.29-14.22.32:001][842]LogShaderCompilers: Display: Worker (4/9): shaders left to compile 40
[2025.09.29-14.22.32:001][842]LogShaderCompilers: Display: Worker (7/9): shaders left to compile 39
[2025.09.29-14.22.32:060][846]LogShaderCompilers: Display: Worker (8/9): shaders left to compile 38
[2025.09.29-14.22.32:127][851]LogShaderCompilers: Display: Worker (1/9): shaders left to compile 37
[2025.09.29-14.22.32:127][851]LogShaderCompilers: Display: Worker (2/9): shaders left to compile 36
[2025.09.29-14.22.32:127][851]LogShaderCompilers: Display: Worker (6/9): shaders left to compile 35
[2025.09.29-14.22.32:177][854]LogShaderCompilers: Display: Worker (7/9): shaders left to compile 34
[2025.09.29-14.22.32:214][855]LogShaderCompilers: Display: Worker (4/9): shaders left to compile 33
[2025.09.29-14.22.32:225][856]LogShaderCompilers: Display: Worker (3/9): shaders left to compile 32
[2025.09.29-14.22.32:225][856]LogShaderCompilers: Display: Worker (8/9): shaders left to compile 31
[2025.09.29-14.22.32:244][857]LogShaderCompilers: Display: Worker (5/9): shaders left to compile 30
[2025.09.29-14.22.32:316][862]LogShaderCompilers: Display: Worker (1/9): shaders left to compile 29
[2025.09.29-14.22.32:324][862]LogShaderCompilers: Display: Worker (2/9): shaders left to compile 28
[2025.09.29-14.22.32:392][866]LogShaderCompilers: Display: Worker (4/9): shaders left to compile 27
[2025.09.29-14.22.32:417][867]LogShaderCompilers: Display: Worker (5/9): shaders left to compile 26
[2025.09.29-14.22.32:465][870]LogShaderCompilers: Display: Worker (6/9): shaders left to compile 25
[2025.09.29-14.22.32:482][871]LogShaderCompilers: Display: Worker (8/9): shaders left to compile 24
[2025.09.29-14.22.32:507][872]LogShaderCompilers: Display: Worker (7/9): shaders left to compile 23
[2025.09.29-14.22.32:540][872]LogShaderCompilers: Display: Worker (3/9): shaders left to compile 22
[2025.09.29-14.22.32:573][873]LogShaderCompilers: Display: Worker (4/9): shaders left to compile 21
[2025.09.29-14.22.32:610][875]LogShaderCompilers: Display: Worker (1/9): shaders left to compile 20
[2025.09.29-14.22.32:651][877]LogShaderCompilers: Display: Worker (2/9): shaders left to compile 19
[2025.09.29-14.22.32:651][877]LogShaderCompilers: Display: Worker (8/9): shaders left to compile 18
[2025.09.29-14.22.32:662][878]LogShaderCompilers: Display: Worker (5/9): shaders left to compile 17
[2025.09.29-14.22.32:675][879]LogShaderCompilers: Display: Worker (3/9): shaders left to compile 16
[2025.09.29-14.22.32:675][879]LogShaderCompilers: Display: Worker (7/9): shaders left to compile 15
[2025.09.29-14.22.32:721][883]LogShaderCompilers: Display: Worker (6/9): shaders left to compile 14
[2025.09.29-14.22.32:730][884]LogShaderCompilers: Display: Worker (4/9): shaders left to compile 13
[2025.09.29-14.22.32:742][885]LogShaderCompilers: Display: Worker (1/9): shaders left to compile 12
[2025.09.29-14.22.32:769][887]LogShaderCompilers: Display: Worker (2/9): shaders left to compile 11
[2025.09.29-14.22.32:794][889]LogShaderCompilers: Display: Worker (5/9): shaders left to compile 10
[2025.09.29-14.22.32:794][889]LogShaderCompilers: Display: Worker (8/9): shaders left to compile 9
[2025.09.29-14.22.32:870][893]LogMaterial: Display: Missing cached shader map for material Default_Material, compiling. 
[2025.09.29-14.22.32:897][893]LogShaderCompilers: Display: Worker (6/9): shaders left to compile 4
[2025.09.29-14.22.32:897][893]LogShaderCompilers: Display: Worker (2/9): shaders left to compile 3
[2025.09.29-14.22.32:899][893]LogMaterial: Display: Missing cached shader map for material FMatExpressionPreview MaterialExpressionTextureSample_0, compiling. 
[2025.09.29-14.22.32:911][893]LogShaderCompilers: Display: Worker (3/9): shaders left to compile 65
[2025.09.29-14.22.32:915][893]LogMaterial: Display: Missing cached shader map for material FMatExpressionPreview MaterialExpressionVectorParameter_0, compiling. 
[2025.09.29-14.22.32:921][893]LogMaterial: Display: Missing cached shader map for material FMatExpressionPreview MaterialExpressionTextureSample_0, compiling. 
[2025.09.29-14.22.32:925][893]LogShaderCompilers: Display: Worker (7/9): shaders left to compile 63
[2025.09.29-14.22.32:969][895]LogShaderCompilers: Display: Worker (4/9): shaders left to compile 66
[2025.09.29-14.22.33:004][897]LogShaderCompilers: Display: Worker (1/9): shaders left to compile 65
[2025.09.29-14.22.33:049][900]LogShaderCompilers: Display: Worker (5/9): shaders left to compile 64
[2025.09.29-14.22.33:063][901]LogShaderCompilers: Display: Worker (8/9): shaders left to compile 63
[2025.09.29-14.22.33:128][905]LogShaderCompilers: Display: Worker (7/9): shaders left to compile 62
[2025.09.29-14.22.33:128][905]LogShaderCompilers: Display: Worker (3/9): shaders left to compile 61
[2025.09.29-14.22.33:128][905]LogShaderCompilers: Display: Worker (4/9): shaders left to compile 60
[2025.09.29-14.22.33:158][907]LogShaderCompilers: Display: Worker (6/9): shaders left to compile 59
[2025.09.29-14.22.33:172][908]LogShaderCompilers: Display: Worker (2/9): shaders left to compile 58
[2025.09.29-14.22.33:172][908]LogShaderCompilers: Display: Worker (1/9): shaders left to compile 57
[2025.09.29-14.22.33:211][911]LogShaderCompilers: Display: Worker (4/9): shaders left to compile 56
[2025.09.29-14.22.33:211][911]LogShaderCompilers: Display: Worker (5/9): shaders left to compile 55
[2025.09.29-14.22.33:223][912]LogShaderCompilers: Display: Worker (8/9): shaders left to compile 54
[2025.09.29-14.22.33:303][917]LogShaderCompilers: Display: Worker (7/9): shaders left to compile 53
[2025.09.29-14.22.33:320][918]LogShaderCompilers: Display: Worker (6/9): shaders left to compile 52
[2025.09.29-14.22.33:322][918]LogShaderCompilers: Display: Worker (3/9): shaders left to compile 51
[2025.09.29-14.22.33:503][929]LogShaderCompilers: Display: Worker (2/9): shaders left to compile 50
[2025.09.29-14.22.33:503][929]LogShaderCompilers: Display: Worker (4/9): shaders left to compile 49
[2025.09.29-14.22.33:503][929]LogShaderCompilers: Display: Worker (7/9): shaders left to compile 48
[2025.09.29-14.22.33:562][933]LogShaderCompilers: Display: Worker (1/9): shaders left to compile 47
[2025.09.29-14.22.33:585][935]LogShaderCompilers: Display: Worker (8/9): shaders left to compile 46
[2025.09.29-14.22.33:585][935]LogShaderCompilers: Display: Worker (5/9): shaders left to compile 45
[2025.09.29-14.22.33:670][940]LogShaderCompilers: Display: Worker (6/9): shaders left to compile 44
[2025.09.29-14.22.33:714][943]LogShaderCompilers: Display: Worker (2/9): shaders left to compile 43
[2025.09.29-14.22.33:738][945]LogShaderCompilers: Display: Worker (8/9): shaders left to compile 42
[2025.09.29-14.22.33:739][945]LogShaderCompilers: Display: Worker (3/9): shaders left to compile 41
[2025.09.29-14.22.33:761][947]LogShaderCompilers: Display: Worker (5/9): shaders left to compile 40
[2025.09.29-14.22.33:790][949]LogShaderCompilers: Display: Worker (1/9): shaders left to compile 39
[2025.09.29-14.22.33:804][950]LogShaderCompilers: Display: Worker (4/9): shaders left to compile 38
[2025.09.29-14.22.33:805][950]LogShaderCompilers: Display: Worker (7/9): shaders left to compile 37
[2025.09.29-14.22.33:837][951]LogShaderCompilers: Display: Worker (6/9): shaders left to compile 36
[2025.09.29-14.22.33:878][954]LogShaderCompilers: Display: Worker (2/9): shaders left to compile 35
[2025.09.29-14.22.33:879][954]LogShaderCompilers: Display: Worker (8/9): shaders left to compile 34
[2025.09.29-14.22.33:888][955]LogShaderCompilers: Display: Worker (3/9): shaders left to compile 33
[2025.09.29-14.22.33:902][956]LogShaderCompilers: Display: Worker (5/9): shaders left to compile 32
[2025.09.29-14.22.33:980][960]LogShaderCompilers: Display: Worker (7/9): shaders left to compile 31
[2025.09.29-14.22.34:035][962]LogShaderCompilers: Display: Worker (1/9): shaders left to compile 30
[2025.09.29-14.22.34:081][966]LogShaderCompilers: Display: Worker (4/9): shaders left to compile 29
[2025.09.29-14.22.34:084][966]LogShaderCompilers: Display: Worker (8/9): shaders left to compile 28
[2025.09.29-14.22.34:112][968]LogShaderCompilers: Display: Worker (7/9): shaders left to compile 27
[2025.09.29-14.22.34:126][969]LogShaderCompilers: Display: Worker (6/9): shaders left to compile 26
[2025.09.29-14.22.34:126][969]LogShaderCompilers: Display: Worker (2/9): shaders left to compile 25
[2025.09.29-14.22.34:152][971]LogShaderCompilers: Display: Worker (3/9): shaders left to compile 24
[2025.09.29-14.22.34:252][977]LogShaderCompilers: Display: Worker (5/9): shaders left to compile 23
[2025.09.29-14.22.34:264][978]LogShaderCompilers: Display: Worker (8/9): shaders left to compile 22
[2025.09.29-14.22.34:296][980]LogShaderCompilers: Display: Worker (6/9): shaders left to compile 21
[2025.09.29-14.22.34:300][980]LogShaderCompilers: Display: Worker (3/9): shaders left to compile 20
[2025.09.29-14.22.34:314][981]LogShaderCompilers: Display: Worker (7/9): shaders left to compile 19
[2025.09.29-14.22.34:326][982]LogShaderCompilers: Display: Worker (2/9): shaders left to compile 18
[2025.09.29-14.22.34:326][982]LogShaderCompilers: Display: Worker (1/9): shaders left to compile 17
[2025.09.29-14.22.34:326][982]LogShaderCompilers: Display: Worker (4/9): shaders left to compile 16
[2025.09.29-14.22.34:414][986]LogShaderCompilers: Display: Worker (5/9): shaders left to compile 15
[2025.09.29-14.22.34:414][986]LogShaderCompilers: Display: Worker (8/9): shaders left to compile 14
[2025.09.29-14.22.34:478][988]LogShaderCompilers: Display: Worker (6/9): shaders left to compile 13
[2025.09.29-14.22.34:556][994]LogShaderCompilers: Display: Worker (2/9): shaders left to compile 12
[2025.09.29-14.22.34:575][994]LogShaderCompilers: Display: Worker (4/9): shaders left to compile 11
[2025.09.29-14.22.34:575][994]LogShaderCompilers: Display: Worker (7/9): shaders left to compile 10
[2025.09.29-14.22.34:584][994]LogShaderCompilers: Display: Worker (1/9): shaders left to compile 9
[2025.09.29-14.22.34:608][996]LogShaderCompilers: Display: Worker (3/9): shaders left to compile 8
[2025.09.29-14.22.34:618][997]LogShaderCompilers: Display: Worker (5/9): shaders left to compile 7
[2025.09.29-14.22.34:700][  3]LogShaderCompilers: Display: Worker (2/9): shaders left to compile 6
[2025.09.29-14.22.34:731][  5]LogShaderCompilers: Display: Worker (8/9): shaders left to compile 5
[2025.09.29-14.22.34:778][  8]LogShaderCompilers: Display: Worker (1/9): shaders left to compile 4
[2025.09.29-14.22.34:811][  9]LogShaderCompilers: Display: Worker (4/9): shaders left to compile 3
[2025.09.29-14.22.34:841][ 11]LogShaderCompilers: Display: Worker (6/9): shaders left to compile 2
[2025.09.29-14.22.34:870][ 13]LogShaderCompilers: Display: Worker (7/9): shaders left to compile 1
[2025.09.29-14.22.34:870][ 13]MaterialEditorStats: Base pass shader: 119 instructions
[2025.09.29-14.22.34:870][ 13]MaterialEditorStats: Base pass shader with Volumetric Lightmap: 193 instructions
[2025.09.29-14.22.34:870][ 13]MaterialEditorStats: Base pass vertex shader: 40 instructions
[2025.09.29-14.22.34:870][ 13]MaterialEditorStats: Base pass vertex shader: 86 instructions
[2025.09.29-14.22.34:870][ 13]MaterialEditorStats: Texture samplers: 3/16
[2025.09.29-14.22.35:016][ 24]LogMaterial: Display: Missing cached shader map for material Default_Material, compiling. 
[2025.09.29-14.22.35:036][ 24]LogShaderCompilers: Display: Worker (1/9): shaders left to compile 59
[2025.09.29-14.22.35:036][ 24]LogShaderCompilers: Display: Worker (2/9): shaders left to compile 58
[2025.09.29-14.22.35:036][ 24]LogShaderCompilers: Display: Worker (3/9): shaders left to compile 57
[2025.09.29-14.22.35:036][ 24]LogShaderCompilers: Display: Worker (4/9): shaders left to compile 56
[2025.09.29-14.22.35:036][ 24]LogShaderCompilers: Display: Worker (5/9): shaders left to compile 55
[2025.09.29-14.22.35:036][ 24]LogShaderCompilers: Display: Worker (6/9): shaders left to compile 54
[2025.09.29-14.22.35:036][ 24]LogShaderCompilers: Display: Worker (7/9): shaders left to compile 53
[2025.09.29-14.22.35:036][ 24]LogShaderCompilers: Display: Worker (8/9): shaders left to compile 52
[2025.09.29-14.22.35:038][ 24]LogMaterial: Display: Missing cached shader map for material FMatExpressionPreview MaterialExpressionTextureSample_0, compiling. 
[2025.09.29-14.22.35:144][ 32]LogShaderCompilers: Display: Worker (8/9): shaders left to compile 55
[2025.09.29-14.22.35:251][ 40]LogShaderCompilers: Display: Worker (3/9): shaders left to compile 54
[2025.09.29-14.22.35:251][ 40]LogShaderCompilers: Display: Worker (6/9): shaders left to compile 53
[2025.09.29-14.22.35:251][ 40]LogShaderCompilers: Display: Worker (7/9): shaders left to compile 52
[2025.09.29-14.22.35:265][ 41]LogShaderCompilers: Display: Worker (1/9): shaders left to compile 51
[2025.09.29-14.22.35:265][ 41]LogShaderCompilers: Display: Worker (2/9): shaders left to compile 50
[2025.09.29-14.22.35:265][ 41]LogShaderCompilers: Display: Worker (4/9): shaders left to compile 49
[2025.09.29-14.22.35:265][ 41]LogShaderCompilers: Display: Worker (5/9): shaders left to compile 48
[2025.09.29-14.22.35:344][ 47]LogShaderCompilers: Display: Worker (8/9): shaders left to compile 47
[2025.09.29-14.22.35:524][ 59]LogShaderCompilers: Display: Worker (7/9): shaders left to compile 46
[2025.09.29-14.22.35:536][ 60]LogShaderCompilers: Display: Worker (4/9): shaders left to compile 45
[2025.09.29-14.22.35:644][ 67]LogShaderCompilers: Display: Worker (1/9): shaders left to compile 44
[2025.09.29-14.22.35:645][ 67]LogShaderCompilers: Display: Worker (3/9): shaders left to compile 43
[2025.09.29-14.22.35:645][ 67]LogShaderCompilers: Display: Worker (5/9): shaders left to compile 42
[2025.09.29-14.22.35:646][ 67]LogShaderCompilers: Display: Worker (6/9): shaders left to compile 41
[2025.09.29-14.22.35:712][ 72]LogShaderCompilers: Display: Worker (2/9): shaders left to compile 40
[2025.09.29-14.22.35:749][ 75]LogShaderCompilers: Display: Worker (8/9): shaders left to compile 39
[2025.09.29-14.22.35:775][ 77]LogShaderCompilers: Display: Worker (7/9): shaders left to compile 38
[2025.09.29-14.22.35:800][ 79]LogShaderCompilers: Display: Worker (5/9): shaders left to compile 37
[2025.09.29-14.22.35:816][ 80]LogShaderCompilers: Display: Worker (6/9): shaders left to compile 36
[2025.09.29-14.22.35:842][ 82]LogShaderCompilers: Display: Worker (4/9): shaders left to compile 35
[2025.09.29-14.22.35:865][ 84]LogShaderCompilers: Display: Worker (3/9): shaders left to compile 34
[2025.09.29-14.22.35:898][ 86]LogShaderCompilers: Display: Worker (2/9): shaders left to compile 33
[2025.09.29-14.22.35:898][ 86]LogShaderCompilers: Display: Worker (8/9): shaders left to compile 32
[2025.09.29-14.22.35:932][ 89]LogShaderCompilers: Display: Worker (7/9): shaders left to compile 31
[2025.09.29-14.22.35:968][ 90]LogShaderCompilers: Display: Worker (5/9): shaders left to compile 30
[2025.09.29-14.22.35:968][ 90]LogShaderCompilers: Display: Worker (1/9): shaders left to compile 29
[2025.09.29-14.22.35:991][ 91]LogShaderCompilers: Display: Worker (6/9): shaders left to compile 28
[2025.09.29-14.22.36:080][ 95]LogShaderCompilers: Display: Worker (2/9): shaders left to compile 27
[2025.09.29-14.22.36:122][ 97]LogShaderCompilers: Display: Worker (4/9): shaders left to compile 26
[2025.09.29-14.22.36:156][ 99]LogShaderCompilers: Display: Worker (5/9): shaders left to compile 25
[2025.09.29-14.22.36:174][101]LogShaderCompilers: Display: Worker (3/9): shaders left to compile 24
[2025.09.29-14.22.36:206][104]LogShaderCompilers: Display: Worker (7/9): shaders left to compile 23
[2025.09.29-14.22.36:219][105]LogShaderCompilers: Display: Worker (8/9): shaders left to compile 22
[2025.09.29-14.22.36:260][108]LogShaderCompilers: Display: Worker (1/9): shaders left to compile 21
[2025.09.29-14.22.36:260][108]LogShaderCompilers: Display: Worker (6/9): shaders left to compile 20
[2025.09.29-14.22.36:307][111]LogShaderCompilers: Display: Worker (2/9): shaders left to compile 19
[2025.09.29-14.22.36:340][114]LogShaderCompilers: Display: Worker (3/9): shaders left to compile 18
[2025.09.29-14.22.36:364][116]LogShaderCompilers: Display: Worker (4/9): shaders left to compile 17
[2025.09.29-14.22.36:384][118]LogShaderCompilers: Display: Worker (7/9): shaders left to compile 16
[2025.09.29-14.22.36:384][118]LogShaderCompilers: Display: Worker (8/9): shaders left to compile 15
[2025.09.29-14.22.36:392][119]LogShaderCompilers: Display: Worker (5/9): shaders left to compile 14
[2025.09.29-14.22.36:409][121]LogShaderCompilers: Display: Worker (6/9): shaders left to compile 13
[2025.09.29-14.22.36:409][121]LogShaderCompilers: Display: Worker (1/9): shaders left to compile 12
[2025.09.29-14.22.36:412][121]LogSlate: Window 'Default_Material' being destroyed
[2025.09.29-14.22.36:444][125]LogShaderCompilers: Display: Worker (2/9): shaders left to compile 11
[2025.09.29-14.22.36:499][131]LogShaderCompilers: Display: Worker (3/9): shaders left to compile 10
[2025.09.29-14.22.36:558][138]LogShaderCompilers: Display: Worker (5/9): shaders left to compile 9
[2025.09.29-14.22.36:558][138]LogShaderCompilers: Display: Worker (4/9): shaders left to compile 8
[2025.09.29-14.22.36:626][146]LogShaderCompilers: Display: Worker (2/9): shaders left to compile 7
[2025.09.29-14.22.36:642][148]LogShaderCompilers: Display: Worker (7/9): shaders left to compile 6
[2025.09.29-14.22.36:642][148]LogShaderCompilers: Display: Worker (8/9): shaders left to compile 5
[2025.09.29-14.22.36:668][151]LogShaderCompilers: Display: Worker (6/9): shaders left to compile 4
[2025.09.29-14.22.36:737][159]LogShaderCompilers: Display: Worker (4/9): shaders left to compile 3
[2025.09.29-14.22.36:753][161]LogShaderCompilers: Display: Worker (1/9): shaders left to compile 2
[2025.09.29-14.22.36:780][164]LogShaderCompilers: Display: Worker (3/9): shaders left to compile 1
[2025.09.29-14.22.36:906][178]MaterialEditorStats: Base pass shader: 119 instructions
[2025.09.29-14.22.36:906][178]MaterialEditorStats: Base pass shader with Volumetric Lightmap: 197 instructions
[2025.09.29-14.22.36:906][178]MaterialEditorStats: Base pass vertex shader: 44 instructions
[2025.09.29-14.22.36:906][178]MaterialEditorStats: Base pass vertex shader: 87 instructions
[2025.09.29-14.22.36:906][178]MaterialEditorStats: Texture samplers: 4/16
[2025.09.29-14.22.36:906][178]MaterialEditorStats: Texture Lookups (Est.): VS(0), PS(1)
[2025.09.29-14.22.36:906][178]MaterialEditorStats: User interpolators: 2/4 Scalars (1/4 Vectors) (TexCoords: 2, Custom: 0)
[2025.09.29-14.22.37:145][206]LogMaterialEditor: Saving and Compiling material Default_Material
[2025.09.29-14.22.37:392][206]LogMaterial: Display: Missing cached shader map for material Default_Material, compiling. 
[2025.09.29-14.22.37:422][206]LogShaderCompilers: Display: Worker (1/9): shaders left to compile 59
[2025.09.29-14.22.37:422][206]LogShaderCompilers: Display: Worker (2/9): shaders left to compile 58
[2025.09.29-14.22.37:422][206]LogShaderCompilers: Display: Worker (3/9): shaders left to compile 57
[2025.09.29-14.22.37:422][206]LogShaderCompilers: Display: Worker (4/9): shaders left to compile 56
[2025.09.29-14.22.37:422][206]LogShaderCompilers: Display: Worker (5/9): shaders left to compile 55
[2025.09.29-14.22.37:422][206]LogShaderCompilers: Display: Worker (6/9): shaders left to compile 54
[2025.09.29-14.22.37:422][206]LogShaderCompilers: Display: Worker (7/9): shaders left to compile 53
[2025.09.29-14.22.37:422][206]LogShaderCompilers: Display: Worker (8/9): shaders left to compile 52
[2025.09.29-14.22.37:437][206]LogMaterial: Display: Missing cached shader map for material Default_Material, compiling. 
[2025.09.29-14.22.37:471][206]LogMaterial: Display: Missing cached shader map for material Default_Material, compiling. 
[2025.09.29-14.22.37:533][206]LogShaderCompilers: Display: Worker (8/9): shaders left to compile 111
[2025.09.29-14.22.37:533][206]LogUObjectHash: Compacting FUObjectHashTables data took   2.89ms
[2025.09.29-14.22.37:540][206]LogMaterial: Display: Missing cached shader map for material DebugViewMode MaterialTexCoordScale, compiling. 
[2025.09.29-14.22.38:790][206]LogShaderCompilers: Display: Worker (2/9): shaders left to compile 112
[2025.09.29-14.22.38:790][206]LogShaderCompilers: Display: Worker (3/9): shaders left to compile 111
[2025.09.29-14.22.38:790][206]LogShaderCompilers: Display: Worker (7/9): shaders left to compile 110
[2025.09.29-14.22.38:790][206]LogShaderCompilers: Display: Worker (4/9): shaders left to compile 109
[2025.09.29-14.22.38:790][206]LogShaderCompilers: Display: Worker (5/9): shaders left to compile 108
[2025.09.29-14.22.38:790][206]LogShaderCompilers: Display: Worker (1/9): shaders left to compile 107
[2025.09.29-14.22.38:790][206]LogShaderCompilers: Display: Worker (6/9): shaders left to compile 106
[2025.09.29-14.22.38:790][206]LogShaderCompilers: Display: Worker (8/9): shaders left to compile 105
[2025.09.29-14.22.38:790][206]LogShaderCompilers: Display: Worker (7/9): shaders left to compile 104
[2025.09.29-14.22.38:790][206]LogShaderCompilers: Display: Worker (1/9): shaders left to compile 103
[2025.09.29-14.22.38:791][206]LogShaderCompilers: Display: Worker (2/9): shaders left to compile 102
[2025.09.29-14.22.38:791][206]LogShaderCompilers: Display: Worker (4/9): shaders left to compile 101
[2025.09.29-14.22.38:791][206]LogShaderCompilers: Display: Worker (3/9): shaders left to compile 100
[2025.09.29-14.22.38:791][206]LogShaderCompilers: Display: Worker (6/9): shaders left to compile 99
[2025.09.29-14.22.38:791][206]LogShaderCompilers: Display: Worker (5/9): shaders left to compile 98
[2025.09.29-14.22.38:791][206]LogShaderCompilers: Display: Worker (8/9): shaders left to compile 97
[2025.09.29-14.22.38:791][206]LogShaderCompilers: Display: Worker (7/9): shaders left to compile 96
[2025.09.29-14.22.38:791][206]LogShaderCompilers: Display: Worker (3/9): shaders left to compile 95
[2025.09.29-14.22.38:791][206]LogShaderCompilers: Display: Worker (1/9): shaders left to compile 94
[2025.09.29-14.22.38:791][206]LogShaderCompilers: Display: Worker (6/9): shaders left to compile 93
[2025.09.29-14.22.38:791][206]LogShaderCompilers: Display: Worker (5/9): shaders left to compile 92
[2025.09.29-14.22.38:791][206]LogShaderCompilers: Display: Worker (4/9): shaders left to compile 91
[2025.09.29-14.22.38:791][206]LogShaderCompilers: Display: Worker (7/9): shaders left to compile 90
[2025.09.29-14.22.38:791][206]LogShaderCompilers: Display: Worker (8/9): shaders left to compile 89
[2025.09.29-14.22.38:791][206]LogShaderCompilers: Display: Worker (2/9): shaders left to compile 88
[2025.09.29-14.22.38:791][206]LogShaderCompilers: Display: Worker (3/9): shaders left to compile 87
[2025.09.29-14.22.38:791][206]LogShaderCompilers: Display: Worker (1/9): shaders left to compile 86
[2025.09.29-14.22.38:791][206]LogShaderCompilers: Display: Worker (4/9): shaders left to compile 85
[2025.09.29-14.22.38:791][206]LogShaderCompilers: Display: Worker (6/9): shaders left to compile 84
[2025.09.29-14.22.38:791][206]LogShaderCompilers: Display: Worker (5/9): shaders left to compile 83
[2025.09.29-14.22.38:791][206]LogShaderCompilers: Display: Worker (2/9): shaders left to compile 82
[2025.09.29-14.22.38:791][206]LogShaderCompilers: Display: Worker (7/9): shaders left to compile 81
[2025.09.29-14.22.38:791][206]LogShaderCompilers: Display: Worker (8/9): shaders left to compile 80
[2025.09.29-14.22.38:791][206]LogShaderCompilers: Display: Worker (4/9): shaders left to compile 79
[2025.09.29-14.22.38:791][206]LogShaderCompilers: Display: Worker (3/9): shaders left to compile 78
[2025.09.29-14.22.38:791][206]LogShaderCompilers: Display: Worker (1/9): shaders left to compile 77
[2025.09.29-14.22.38:791][206]LogShaderCompilers: Display: Worker (2/9): shaders left to compile 76
[2025.09.29-14.22.38:791][206]LogShaderCompilers: Display: Worker (7/9): shaders left to compile 75
[2025.09.29-14.22.38:791][206]LogShaderCompilers: Display: Worker (8/9): shaders left to compile 74
[2025.09.29-14.22.38:791][206]LogShaderCompilers: Display: Worker (6/9): shaders left to compile 73
[2025.09.29-14.22.38:791][206]LogShaderCompilers: Display: Worker (5/9): shaders left to compile 72
[2025.09.29-14.22.38:791][206]LogShaderCompilers: Display: Worker (4/9): shaders left to compile 71
[2025.09.29-14.22.38:791][206]LogShaderCompilers: Display: Worker (3/9): shaders left to compile 70
[2025.09.29-14.22.38:791][206]LogShaderCompilers: Display: Worker (1/9): shaders left to compile 69
[2025.09.29-14.22.38:791][206]LogShaderCompilers: Display: Worker (2/9): shaders left to compile 68
[2025.09.29-14.22.38:791][206]LogShaderCompilers: Display: Worker (7/9): shaders left to compile 67
[2025.09.29-14.22.38:791][206]LogShaderCompilers: Display: Worker (5/9): shaders left to compile 66
[2025.09.29-14.22.38:791][206]LogShaderCompilers: Display: Worker (1/9): shaders left to compile 65
[2025.09.29-14.22.38:791][206]LogShaderCompilers: Display: Worker (8/9): shaders left to compile 64
[2025.09.29-14.22.38:791][206]LogShaderCompilers: Display: Worker (6/9): shaders left to compile 63
[2025.09.29-14.22.38:791][206]LogShaderCompilers: Display: Worker (4/9): shaders left to compile 62
[2025.09.29-14.22.38:791][206]LogShaderCompilers: Display: Worker (3/9): shaders left to compile 61
[2025.09.29-14.22.38:791][206]LogShaderCompilers: Display: Worker (5/9): shaders left to compile 60
[2025.09.29-14.22.38:791][206]LogShaderCompilers: Display: Worker (2/9): shaders left to compile 52
[2025.09.29-14.22.38:791][206]LogShaderCompilers: Display: Worker (7/9): shaders left to compile 45
[2025.09.29-14.22.38:791][206]LogShaderCompilers: Display: Worker (4/9): shaders left to compile 39
[2025.09.29-14.22.38:791][206]LogShaderCompilers: Display: Worker (6/9): shaders left to compile 34
[2025.09.29-14.22.38:791][206]LogShaderCompilers: Display: Worker (1/9): shaders left to compile 29
[2025.09.29-14.22.38:791][206]LogShaderCompilers: Display: Worker (3/9): shaders left to compile 25
[2025.09.29-14.22.38:791][206]LogShaderCompilers: Display: Worker (8/9): shaders left to compile 21
[2025.09.29-14.22.38:798][206]TextureStreamingBuild: Display: Compiling optional shaders took 1.265 seconds.
[2025.09.29-14.22.38:829][206]LogUObjectHash: Compacting FUObjectHashTables data took   0.90ms
[2025.09.29-14.22.39:984][206]LogShaderCompilers: Display: Worker (8/9): shaders left to compile 18
[2025.09.29-14.22.39:984][206]LogShaderCompilers: Display: Worker (4/9): shaders left to compile 15
[2025.09.29-14.22.39:984][206]LogShaderCompilers: Display: Worker (6/9): shaders left to compile 13
[2025.09.29-14.22.39:984][206]LogShaderCompilers: Display: Worker (3/9): shaders left to compile 11
[2025.09.29-14.22.39:984][206]LogShaderCompilers: Display: Worker (8/9): shaders left to compile 9
[2025.09.29-14.22.39:984][206]LogShaderCompilers: Display: Worker (1/9): shaders left to compile 7
[2025.09.29-14.22.39:984][206]LogShaderCompilers: Display: Worker (4/9): shaders left to compile 6
[2025.09.29-14.22.39:984][206]LogShaderCompilers: Display: Worker (5/9): shaders left to compile 5
[2025.09.29-14.22.39:984][206]LogShaderCompilers: Display: Worker (1/9): shaders left to compile 4
[2025.09.29-14.22.39:984][206]LogShaderCompilers: Display: Worker (4/9): shaders left to compile 3
[2025.09.29-14.22.39:984][206]LogShaderCompilers: Display: Worker (5/9): shaders left to compile 2
[2025.09.29-14.22.39:984][206]LogShaderCompilers: Display: Worker (3/9): shaders left to compile 1
[2025.09.29-14.22.39:997][206]Cmd: OBJ SAVEPACKAGE PACKAGE="/Game/Mannequin/Cat/Default_Material" FILE="E:/GameJamHGGUnreal4.23.1/GameJamCrew/Content/Mannequin/Cat/Default_Material.uasset" SILENT=true
[2025.09.29-14.22.40:004][206]LogSavePackage: Moving 'E:/GameJamHGGUnreal4.23.1/GameJamCrew/Saved/Default_Material5CD180924F7843FEDD6F7DB73AE02F54.tmp' to 'E:/GameJamHGGUnreal4.23.1/GameJamCrew/Content/Mannequin/Cat/Default_Material.uasset'
[2025.09.29-14.22.45:774][876]LogSlate: Window 'Default_Material' being destroyed
[2025.09.29-14.22.46:523][961]LogWorld: UWorld::CleanupWorld for World_11, bSessionEnded=true, bCleanupResources=true
[2025.09.29-14.22.46:524][961]LogWorld: UWorld::CleanupWorld for World_10, bSessionEnded=true, bCleanupResources=true
[2025.09.29-14.22.46:577][961]LogWorld: UWorld::CleanupWorld for World_12, bSessionEnded=true, bCleanupResources=true
[2025.09.29-14.22.49:608][310]LogMaterial: Display: Missing cached shader map for material Default_Material, compiling. 
[2025.09.29-14.22.49:628][310]LogMaterial: Display: Missing cached shader map for material FMatExpressionPreview MaterialExpressionTextureSample_1, compiling. 
[2025.09.29-14.22.49:635][310]LogShaderCompilers: Display: Worker (1/9): shaders left to compile 59
[2025.09.29-14.22.49:635][310]LogShaderCompilers: Display: Worker (2/9): shaders left to compile 58
[2025.09.29-14.22.49:635][310]LogShaderCompilers: Display: Worker (3/9): shaders left to compile 57
[2025.09.29-14.22.49:635][310]LogShaderCompilers: Display: Worker (4/9): shaders left to compile 56
[2025.09.29-14.22.49:635][310]LogShaderCompilers: Display: Worker (5/9): shaders left to compile 55
[2025.09.29-14.22.49:635][310]LogShaderCompilers: Display: Worker (6/9): shaders left to compile 54
[2025.09.29-14.22.49:635][310]LogShaderCompilers: Display: Worker (7/9): shaders left to compile 53
[2025.09.29-14.22.49:635][310]LogShaderCompilers: Display: Worker (8/9): shaders left to compile 52
[2025.09.29-14.22.49:639][310]LogMaterial: Display: Missing cached shader map for material FMatExpressionPreview MaterialExpressionVectorParameter_0, compiling. 
[2025.09.29-14.22.49:644][310]LogMaterial: Display: Missing cached shader map for material FMatExpressionPreview MaterialExpressionTextureSample_0, compiling. 
[2025.09.29-14.22.49:650][310]LogMaterial: Display: Missing cached shader map for material FMatExpressionPreview MaterialExpressionTextureSample_1, compiling. 
[2025.09.29-14.22.49:737][316]LogShaderCompilers: Display: Worker (8/9): shaders left to compile 63
[2025.09.29-14.22.49:804][321]LogShaderCompilers: Display: Worker (1/9): shaders left to compile 62
[2025.09.29-14.22.49:804][321]LogShaderCompilers: Display: Worker (2/9): shaders left to compile 61
[2025.09.29-14.22.49:826][323]LogShaderCompilers: Display: Worker (6/9): shaders left to compile 60
[2025.09.29-14.22.49:826][323]LogShaderCompilers: Display: Worker (3/9): shaders left to compile 59
[2025.09.29-14.22.49:826][323]LogShaderCompilers: Display: Worker (4/9): shaders left to compile 58
[2025.09.29-14.22.49:829][323]LogShaderCompilers: Display: Worker (5/9): shaders left to compile 57
[2025.09.29-14.22.49:851][325]LogShaderCompilers: Display: Worker (7/9): shaders left to compile 56
[2025.09.29-14.22.49:960][331]LogShaderCompilers: Display: Worker (8/9): shaders left to compile 55
[2025.09.29-14.22.50:088][338]LogShaderCompilers: Display: Worker (6/9): shaders left to compile 54
[2025.09.29-14.22.50:092][338]LogShaderCompilers: Display: Worker (5/9): shaders left to compile 53
[2025.09.29-14.22.50:225][348]LogShaderCompilers: Display: Worker (2/9): shaders left to compile 52
[2025.09.29-14.22.50:240][349]LogShaderCompilers: Display: Worker (1/9): shaders left to compile 51
[2025.09.29-14.22.50:240][349]LogShaderCompilers: Display: Worker (3/9): shaders left to compile 50
[2025.09.29-14.22.50:277][352]LogShaderCompilers: Display: Worker (7/9): shaders left to compile 49
[2025.09.29-14.22.50:291][353]LogShaderCompilers: Display: Worker (4/9): shaders left to compile 48
[2025.09.29-14.22.50:305][354]LogShaderCompilers: Display: Worker (6/9): shaders left to compile 47
[2025.09.29-14.22.50:380][359]LogShaderCompilers: Display: Worker (8/9): shaders left to compile 46
[2025.09.29-14.22.50:381][359]LogShaderCompilers: Display: Worker (5/9): shaders left to compile 45
[2025.09.29-14.22.50:391][360]LogShaderCompilers: Display: Worker (3/9): shaders left to compile 44
[2025.09.29-14.22.50:416][362]LogShaderCompilers: Display: Worker (7/9): shaders left to compile 43
[2025.09.29-14.22.50:428][363]LogShaderCompilers: Display: Worker (4/9): shaders left to compile 42
[2025.09.29-14.22.50:450][365]LogShaderCompilers: Display: Worker (6/9): shaders left to compile 41
[2025.09.29-14.22.50:452][365]LogShaderCompilers: Display: Worker (1/9): shaders left to compile 40
[2025.09.29-14.22.50:528][371]LogShaderCompilers: Display: Worker (5/9): shaders left to compile 39
[2025.09.29-14.22.50:540][372]LogShaderCompilers: Display: Worker (3/9): shaders left to compile 38
[2025.09.29-14.22.50:540][372]LogShaderCompilers: Display: Worker (8/9): shaders left to compile 37
[2025.09.29-14.22.50:540][372]LogShaderCompilers: Display: Worker (2/9): shaders left to compile 36
[2025.09.29-14.22.50:622][376]LogShaderCompilers: Display: Worker (6/9): shaders left to compile 35
[2025.09.29-14.22.50:690][380]LogShaderCompilers: Display: Worker (7/9): shaders left to compile 34
[2025.09.29-14.22.50:699][380]LogShaderCompilers: Display: Worker (1/9): shaders left to compile 33
[2025.09.29-14.22.50:702][380]LogShaderCompilers: Display: Worker (3/9): shaders left to compile 32
[2025.09.29-14.22.50:702][380]LogShaderCompilers: Display: Worker (4/9): shaders left to compile 31
[2025.09.29-14.22.50:807][389]LogShaderCompilers: Display: Worker (6/9): shaders left to compile 30
[2025.09.29-14.22.50:824][390]LogShaderCompilers: Display: Worker (2/9): shaders left to compile 29
[2025.09.29-14.22.50:824][390]LogShaderCompilers: Display: Worker (8/9): shaders left to compile 28
[2025.09.29-14.22.50:827][390]LogShaderCompilers: Display: Worker (5/9): shaders left to compile 27
[2025.09.29-14.22.50:897][394]LogShaderCompilers: Display: Worker (4/9): shaders left to compile 26
[2025.09.29-14.22.50:899][394]LogShaderCompilers: Display: Worker (3/9): shaders left to compile 25
[2025.09.29-14.22.50:915][395]LogShaderCompilers: Display: Worker (7/9): shaders left to compile 24
[2025.09.29-14.22.50:964][400]LogShaderCompilers: Display: Worker (6/9): shaders left to compile 23
[2025.09.29-14.22.50:967][400]LogShaderCompilers: Display: Worker (8/9): shaders left to compile 22
[2025.09.29-14.22.50:978][401]LogShaderCompilers: Display: Worker (5/9): shaders left to compile 21
[2025.09.29-14.22.50:980][401]LogShaderCompilers: Display: Worker (2/9): shaders left to compile 20
[2025.09.29-14.22.51:002][402]LogShaderCompilers: Display: Worker (1/9): shaders left to compile 19
[2025.09.29-14.22.51:008][402]LogShaderCompilers: Display: Worker (4/9): shaders left to compile 18
[2025.09.29-14.22.51:052][405]LogShaderCompilers: Display: Worker (3/9): shaders left to compile 17
[2025.09.29-14.22.51:101][409]LogShaderCompilers: Display: Worker (8/9): shaders left to compile 16
[2025.09.29-14.22.51:155][413]LogShaderCompilers: Display: Worker (1/9): shaders left to compile 15
[2025.09.29-14.22.51:172][414]LogShaderCompilers: Display: Worker (7/9): shaders left to compile 14
[2025.09.29-14.22.51:218][418]LogShaderCompilers: Display: Worker (6/9): shaders left to compile 13
[2025.09.29-14.22.51:220][418]LogShaderCompilers: Display: Worker (5/9): shaders left to compile 12
[2025.09.29-14.22.51:245][420]LogShaderCompilers: Display: Worker (8/9): shaders left to compile 11
[2025.09.29-14.22.51:269][422]LogShaderCompilers: Display: Worker (2/9): shaders left to compile 10
[2025.09.29-14.22.51:300][424]LogShaderCompilers: Display: Worker (4/9): shaders left to compile 9
[2025.09.29-14.22.51:314][424]LogMaterial: Display: Missing cached shader map for material Default_Material, compiling. 
[2025.09.29-14.22.51:340][424]LogShaderCompilers: Display: Worker (3/9): shaders left to compile 8
[2025.09.29-14.22.51:349][424]LogMaterial: Display: Missing cached shader map for material FMatExpressionPreview MaterialExpressionTextureSample_1, compiling. 
[2025.09.29-14.22.51:387][426]LogShaderCompilers: Display: Worker (6/9): shaders left to compile 66
[2025.09.29-14.22.51:399][427]LogShaderCompilers: Display: Worker (1/9): shaders left to compile 65
[2025.09.29-14.22.51:412][428]LogShaderCompilers: Display: Worker (7/9): shaders left to compile 64
[2025.09.29-14.22.51:452][431]LogShaderCompilers: Display: Worker (5/9): shaders left to compile 63
[2025.09.29-14.22.51:466][432]LogShaderCompilers: Display: Worker (2/9): shaders left to compile 62
[2025.09.29-14.22.51:487][433]LogShaderCompilers: Display: Worker (8/9): shaders left to compile 61
[2025.09.29-14.22.51:504][434]LogShaderCompilers: Display: Worker (4/9): shaders left to compile 60
[2025.09.29-14.22.51:573][438]LogShaderCompilers: Display: Worker (3/9): shaders left to compile 59
[2025.09.29-14.22.51:597][440]LogShaderCompilers: Display: Worker (1/9): shaders left to compile 58
[2025.09.29-14.22.51:641][443]LogShaderCompilers: Display: Worker (7/9): shaders left to compile 57
[2025.09.29-14.22.51:683][446]LogShaderCompilers: Display: Worker (5/9): shaders left to compile 56
[2025.09.29-14.22.51:683][446]LogShaderCompilers: Display: Worker (8/9): shaders left to compile 55
[2025.09.29-14.22.51:684][446]LogShaderCompilers: Display: Worker (2/9): shaders left to compile 54
[2025.09.29-14.22.51:684][446]LogShaderCompilers: Display: Worker (4/9): shaders left to compile 53
[2025.09.29-14.22.51:697][447]LogShaderCompilers: Display: Worker (6/9): shaders left to compile 52
[2025.09.29-14.22.51:733][450]LogShaderCompilers: Display: Worker (3/9): shaders left to compile 51
[2025.09.29-14.22.51:807][455]LogShaderCompilers: Display: Worker (1/9): shaders left to compile 50
[2025.09.29-14.22.51:807][455]LogShaderCompilers: Display: Worker (5/9): shaders left to compile 49
[2025.09.29-14.22.51:819][456]LogShaderCompilers: Display: Worker (7/9): shaders left to compile 48
[2025.09.29-14.22.51:874][459]LogShaderCompilers: Display: Worker (8/9): shaders left to compile 47
[2025.09.29-14.22.51:945][464]LogShaderCompilers: Display: Worker (6/9): shaders left to compile 46
[2025.09.29-14.22.52:007][468]LogShaderCompilers: Display: Worker (2/9): shaders left to compile 45
[2025.09.29-14.22.52:027][469]LogShaderCompilers: Display: Worker (5/9): shaders left to compile 44
[2025.09.29-14.22.52:050][471]LogShaderCompilers: Display: Worker (4/9): shaders left to compile 43
[2025.09.29-14.22.52:077][473]LogShaderCompilers: Display: Worker (3/9): shaders left to compile 42
[2025.09.29-14.22.52:157][478]LogShaderCompilers: Display: Worker (7/9): shaders left to compile 41
[2025.09.29-14.22.52:170][479]LogShaderCompilers: Display: Worker (1/9): shaders left to compile 40
[2025.09.29-14.22.52:170][479]LogShaderCompilers: Display: Worker (6/9): shaders left to compile 39
[2025.09.29-14.22.52:245][484]LogShaderCompilers: Display: Worker (8/9): shaders left to compile 38
[2025.09.29-14.22.52:258][485]LogShaderCompilers: Display: Worker (3/9): shaders left to compile 37
[2025.09.29-14.22.52:258][485]LogShaderCompilers: Display: Worker (4/9): shaders left to compile 36
[2025.09.29-14.22.52:320][490]LogShaderCompilers: Display: Worker (1/9): shaders left to compile 35
[2025.09.29-14.22.52:320][490]LogShaderCompilers: Display: Worker (6/9): shaders left to compile 34
[2025.09.29-14.22.52:332][491]LogShaderCompilers: Display: Worker (2/9): shaders left to compile 33
[2025.09.29-14.22.52:344][492]LogShaderCompilers: Display: Worker (5/9): shaders left to compile 32
[2025.09.29-14.22.52:344][492]LogShaderCompilers: Display: Worker (7/9): shaders left to compile 31
[2025.09.29-14.22.52:398][496]LogShaderCompilers: Display: Worker (8/9): shaders left to compile 30
[2025.09.29-14.22.52:422][498]LogShaderCompilers: Display: Worker (3/9): shaders left to compile 29
[2025.09.29-14.22.52:422][498]LogShaderCompilers: Display: Worker (4/9): shaders left to compile 28
[2025.09.29-14.22.52:498][502]LogShaderCompilers: Display: Worker (2/9): shaders left to compile 27
[2025.09.29-14.22.52:578][508]LogShaderCompilers: Display: Worker (8/9): shaders left to compile 26
[2025.09.29-14.22.52:596][509]LogShaderCompilers: Display: Worker (1/9): shaders left to compile 25
[2025.09.29-14.22.52:596][509]LogShaderCompilers: Display: Worker (5/9): shaders left to compile 24
[2025.09.29-14.22.52:631][512]LogShaderCompilers: Display: Worker (6/9): shaders left to compile 23
[2025.09.29-14.22.52:631][512]LogShaderCompilers: Display: Worker (7/9): shaders left to compile 22
[2025.09.29-14.22.52:670][515]LogShaderCompilers: Display: Worker (2/9): shaders left to compile 21
[2025.09.29-14.22.52:709][517]LogShaderCompilers: Display: Worker (4/9): shaders left to compile 20
[2025.09.29-14.22.52:712][517]LogShaderCompilers: Display: Worker (3/9): shaders left to compile 19
[2025.09.29-14.22.52:777][522]LogShaderCompilers: Display: Worker (7/9): shaders left to compile 18
[2025.09.29-14.22.52:777][522]LogShaderCompilers: Display: Worker (5/9): shaders left to compile 17
[2025.09.29-14.22.52:798][523]LogShaderCompilers: Display: Worker (2/9): shaders left to compile 16
[2025.09.29-14.22.52:798][523]LogShaderCompilers: Display: Worker (6/9): shaders left to compile 15
[2025.09.29-14.22.52:828][525]LogShaderCompilers: Display: Worker (8/9): shaders left to compile 14
[2025.09.29-14.22.52:838][526]LogShaderCompilers: Display: Worker (1/9): shaders left to compile 13
[2025.09.29-14.22.52:864][528]LogShaderCompilers: Display: Worker (4/9): shaders left to compile 12
[2025.09.29-14.22.52:866][528]LogShaderCompilers: Display: Worker (3/9): shaders left to compile 11
[2025.09.29-14.22.52:919][531]LogShaderCompilers: Display: Worker (7/9): shaders left to compile 10
[2025.09.29-14.22.52:920][531]LogShaderCompilers: Display: Worker (5/9): shaders left to compile 9
[2025.09.29-14.22.52:930][531]LogMaterial: Display: Missing cached shader map for material Default_Material, compiling. 
[2025.09.29-14.22.52:978][532]LogShaderCompilers: Display: Worker (8/9): shaders left to compile 63
[2025.09.29-14.22.53:036][537]LogShaderCompilers: Display: Worker (3/9): shaders left to compile 62
[2025.09.29-14.22.53:047][538]LogShaderCompilers: Display: Worker (2/9): shaders left to compile 61
[2025.09.29-14.22.53:047][538]LogShaderCompilers: Display: Worker (6/9): shaders left to compile 60
[2025.09.29-14.22.53:089][541]LogShaderCompilers: Display: Worker (1/9): shaders left to compile 59
[2025.09.29-14.22.53:089][541]LogShaderCompilers: Display: Worker (4/9): shaders left to compile 58
[2025.09.29-14.22.53:165][546]LogShaderCompilers: Display: Worker (7/9): shaders left to compile 57
[2025.09.29-14.22.53:226][550]LogShaderCompilers: Display: Worker (5/9): shaders left to compile 56
[2025.09.29-14.22.53:248][551]LogShaderCompilers: Display: Worker (8/9): shaders left to compile 55
[2025.09.29-14.22.53:248][551]LogShaderCompilers: Display: Worker (2/9): shaders left to compile 54
[2025.09.29-14.22.53:272][553]LogShaderCompilers: Display: Worker (1/9): shaders left to compile 53
[2025.09.29-14.22.53:275][553]LogShaderCompilers: Display: Worker (6/9): shaders left to compile 52
[2025.09.29-14.22.53:284][554]LogShaderCompilers: Display: Worker (4/9): shaders left to compile 51
[2025.09.29-14.22.53:344][558]LogShaderCompilers: Display: Worker (3/9): shaders left to compile 50
[2025.09.29-14.22.53:344][558]LogShaderCompilers: Display: Worker (7/9): shaders left to compile 49
[2025.09.29-14.22.53:403][562]LogShaderCompilers: Display: Worker (6/9): shaders left to compile 48
[2025.09.29-14.22.53:403][562]LogShaderCompilers: Display: Worker (5/9): shaders left to compile 47
[2025.09.29-14.22.53:430][564]LogShaderCompilers: Display: Worker (2/9): shaders left to compile 46
[2025.09.29-14.22.53:458][566]LogShaderCompilers: Display: Worker (8/9): shaders left to compile 45
[2025.09.29-14.22.53:461][566]LogShaderCompilers: Display: Worker (1/9): shaders left to compile 44
[2025.09.29-14.22.53:461][566]LogShaderCompilers: Display: Worker (4/9): shaders left to compile 43
[2025.09.29-14.22.53:624][576]LogShaderCompilers: Display: Worker (6/9): shaders left to compile 42
[2025.09.29-14.22.53:668][579]LogShaderCompilers: Display: Worker (8/9): shaders left to compile 41
[2025.09.29-14.22.53:703][582]LogShaderCompilers: Display: Worker (3/9): shaders left to compile 40
[2025.09.29-14.22.53:733][584]LogShaderCompilers: Display: Worker (7/9): shaders left to compile 39
[2025.09.29-14.22.53:765][586]LogShaderCompilers: Display: Worker (5/9): shaders left to compile 38
[2025.09.29-14.22.53:765][586]LogShaderCompilers: Display: Worker (2/9): shaders left to compile 37
[2025.09.29-14.22.53:804][589]LogShaderCompilers: Display: Worker (1/9): shaders left to compile 36
[2025.09.29-14.22.53:834][591]LogShaderCompilers: Display: Worker (6/9): shaders left to compile 35
[2025.09.29-14.22.53:859][592]LogMaterialEditor: Saving and Compiling material Default_Material
[2025.09.29-14.22.54:211][592]LogShaderCompilers: Display: Worker (4/9): shaders left to compile 34
[2025.09.29-14.22.54:211][592]LogShaderCompilers: Display: Worker (2/9): shaders left to compile 33
[2025.09.29-14.22.54:212][592]LogShaderCompilers: Display: Worker (5/9): shaders left to compile 32
[2025.09.29-14.22.54:212][592]LogShaderCompilers: Display: Worker (7/9): shaders left to compile 31
[2025.09.29-14.22.54:212][592]LogShaderCompilers: Display: Worker (1/9): shaders left to compile 30
[2025.09.29-14.22.54:212][592]LogShaderCompilers: Display: Worker (6/9): shaders left to compile 29
[2025.09.29-14.22.54:212][592]LogShaderCompilers: Display: Worker (8/9): shaders left to compile 28
[2025.09.29-14.22.54:212][592]LogShaderCompilers: Display: Worker (3/9): shaders left to compile 27
[2025.09.29-14.22.54:212][592]LogShaderCompilers: Display: Worker (4/9): shaders left to compile 26
[2025.09.29-14.22.54:212][592]LogShaderCompilers: Display: Worker (2/9): shaders left to compile 25
[2025.09.29-14.22.54:212][592]LogShaderCompilers: Display: Worker (5/9): shaders left to compile 24
[2025.09.29-14.22.54:212][592]LogShaderCompilers: Display: Worker (6/9): shaders left to compile 23
[2025.09.29-14.22.54:212][592]LogShaderCompilers: Display: Worker (4/9): shaders left to compile 22
[2025.09.29-14.22.54:212][592]LogShaderCompilers: Display: Worker (7/9): shaders left to compile 21
[2025.09.29-14.22.54:212][592]LogShaderCompilers: Display: Worker (8/9): shaders left to compile 20
[2025.09.29-14.22.54:212][592]LogShaderCompilers: Display: Worker (1/9): shaders left to compile 19
[2025.09.29-14.22.54:212][592]LogShaderCompilers: Display: Worker (3/9): shaders left to compile 18
[2025.09.29-14.22.54:226][592]LogMaterial: Display: Missing cached shader map for material Default_Material, compiling. 
[2025.09.29-14.22.54:289][592]LogShaderCompilers: Display: Worker (2/9): shaders left to compile 59
[2025.09.29-14.22.54:289][592]LogShaderCompilers: Display: Worker (6/9): shaders left to compile 58
[2025.09.29-14.22.54:289][592]LogShaderCompilers: Display: Worker (5/9): shaders left to compile 57
[2025.09.29-14.22.54:303][592]LogMaterial: Display: Missing cached shader map for material Default_Material, compiling. 
[2025.09.29-14.22.54:329][592]LogShaderCompilers: Display: Worker (1/9): shaders left to compile 56
[2025.09.29-14.22.54:330][592]LogShaderCompilers: Display: Worker (8/9): shaders left to compile 115
[2025.09.29-14.22.54:337][592]LogShaderCompilers: Display: Worker (3/9): shaders left to compile 54
[2025.09.29-14.22.54:337][592]LogMaterial: Display: Missing cached shader map for material Default_Material, compiling. 
[2025.09.29-14.22.54:363][592]LogShaderCompilers: Display: Worker (4/9): shaders left to compile 53
[2025.09.29-14.22.54:389][592]LogShaderCompilers: Display: Worker (7/9): shaders left to compile 112
[2025.09.29-14.22.54:399][592]LogUObjectHash: Compacting FUObjectHashTables data took   1.96ms
[2025.09.29-14.22.54:406][592]LogMaterial: Display: Missing cached shader map for material DebugViewMode MaterialTexCoordScale, compiling. 
[2025.09.29-14.22.55:640][592]LogShaderCompilers: Display: Worker (6/9): shaders left to compile 113
[2025.09.29-14.22.55:640][592]LogShaderCompilers: Display: Worker (5/9): shaders left to compile 112
[2025.09.29-14.22.55:640][592]LogShaderCompilers: Display: Worker (2/9): shaders left to compile 111
[2025.09.29-14.22.55:640][592]LogShaderCompilers: Display: Worker (7/9): shaders left to compile 110
[2025.09.29-14.22.55:640][592]LogShaderCompilers: Display: Worker (1/9): shaders left to compile 109
[2025.09.29-14.22.55:640][592]LogShaderCompilers: Display: Worker (8/9): shaders left to compile 108
[2025.09.29-14.22.55:640][592]LogShaderCompilers: Display: Worker (3/9): shaders left to compile 107
[2025.09.29-14.22.55:640][592]LogShaderCompilers: Display: Worker (4/9): shaders left to compile 106
[2025.09.29-14.22.55:640][592]LogShaderCompilers: Display: Worker (6/9): shaders left to compile 105
[2025.09.29-14.22.55:640][592]LogShaderCompilers: Display: Worker (7/9): shaders left to compile 104
[2025.09.29-14.22.55:640][592]LogShaderCompilers: Display: Worker (3/9): shaders left to compile 103
[2025.09.29-14.22.55:640][592]LogShaderCompilers: Display: Worker (5/9): shaders left to compile 102
[2025.09.29-14.22.55:640][592]LogShaderCompilers: Display: Worker (2/9): shaders left to compile 101
[2025.09.29-14.22.55:640][592]LogShaderCompilers: Display: Worker (1/9): shaders left to compile 100
[2025.09.29-14.22.55:640][592]LogShaderCompilers: Display: Worker (8/9): shaders left to compile 99
[2025.09.29-14.22.55:640][592]LogShaderCompilers: Display: Worker (7/9): shaders left to compile 98
[2025.09.29-14.22.55:640][592]LogShaderCompilers: Display: Worker (4/9): shaders left to compile 97
[2025.09.29-14.22.55:640][592]LogShaderCompilers: Display: Worker (6/9): shaders left to compile 96
[2025.09.29-14.22.55:640][592]LogShaderCompilers: Display: Worker (1/9): shaders left to compile 95
[2025.09.29-14.22.55:640][592]LogShaderCompilers: Display: Worker (8/9): shaders left to compile 94
[2025.09.29-14.22.55:640][592]LogShaderCompilers: Display: Worker (7/9): shaders left to compile 93
[2025.09.29-14.22.55:640][592]LogShaderCompilers: Display: Worker (2/9): shaders left to compile 92
[2025.09.29-14.22.55:640][592]LogShaderCompilers: Display: Worker (3/9): shaders left to compile 91
[2025.09.29-14.22.55:640][592]LogShaderCompilers: Display: Worker (4/9): shaders left to compile 90
[2025.09.29-14.22.55:640][592]LogShaderCompilers: Display: Worker (5/9): shaders left to compile 89
[2025.09.29-14.22.55:640][592]LogShaderCompilers: Display: Worker (6/9): shaders left to compile 88
[2025.09.29-14.22.55:640][592]LogShaderCompilers: Display: Worker (1/9): shaders left to compile 87
[2025.09.29-14.22.55:640][592]LogShaderCompilers: Display: Worker (8/9): shaders left to compile 86
[2025.09.29-14.22.55:640][592]LogShaderCompilers: Display: Worker (3/9): shaders left to compile 85
[2025.09.29-14.22.55:640][592]LogShaderCompilers: Display: Worker (7/9): shaders left to compile 84
[2025.09.29-14.22.55:640][592]LogShaderCompilers: Display: Worker (6/9): shaders left to compile 83
[2025.09.29-14.22.55:640][592]LogShaderCompilers: Display: Worker (2/9): shaders left to compile 82
[2025.09.29-14.22.55:640][592]LogShaderCompilers: Display: Worker (4/9): shaders left to compile 81
[2025.09.29-14.22.55:640][592]LogShaderCompilers: Display: Worker (5/9): shaders left to compile 80
[2025.09.29-14.22.55:640][592]LogShaderCompilers: Display: Worker (3/9): shaders left to compile 79
[2025.09.29-14.22.55:640][592]LogShaderCompilers: Display: Worker (1/9): shaders left to compile 78
[2025.09.29-14.22.55:640][592]LogShaderCompilers: Display: Worker (8/9): shaders left to compile 77
[2025.09.29-14.22.55:640][592]LogShaderCompilers: Display: Worker (4/9): shaders left to compile 76
[2025.09.29-14.22.55:640][592]LogShaderCompilers: Display: Worker (2/9): shaders left to compile 75
[2025.09.29-14.22.55:640][592]LogShaderCompilers: Display: Worker (7/9): shaders left to compile 74
[2025.09.29-14.22.55:640][592]LogShaderCompilers: Display: Worker (6/9): shaders left to compile 73
[2025.09.29-14.22.55:640][592]LogShaderCompilers: Display: Worker (3/9): shaders left to compile 72
[2025.09.29-14.22.55:640][592]LogShaderCompilers: Display: Worker (5/9): shaders left to compile 71
[2025.09.29-14.22.55:640][592]LogShaderCompilers: Display: Worker (1/9): shaders left to compile 70
[2025.09.29-14.22.55:640][592]LogShaderCompilers: Display: Worker (4/9): shaders left to compile 69
[2025.09.29-14.22.55:640][592]LogShaderCompilers: Display: Worker (8/9): shaders left to compile 68
[2025.09.29-14.22.55:640][592]LogShaderCompilers: Display: Worker (2/9): shaders left to compile 67
[2025.09.29-14.22.55:640][592]LogShaderCompilers: Display: Worker (3/9): shaders left to compile 66
[2025.09.29-14.22.55:640][592]LogShaderCompilers: Display: Worker (4/9): shaders left to compile 65
[2025.09.29-14.22.55:640][592]LogShaderCompilers: Display: Worker (7/9): shaders left to compile 64
[2025.09.29-14.22.55:640][592]LogShaderCompilers: Display: Worker (5/9): shaders left to compile 63
[2025.09.29-14.22.55:640][592]LogShaderCompilers: Display: Worker (6/9): shaders left to compile 62
[2025.09.29-14.22.55:640][592]LogShaderCompilers: Display: Worker (1/9): shaders left to compile 61
[2025.09.29-14.22.55:640][592]LogShaderCompilers: Display: Worker (3/9): shaders left to compile 60
[2025.09.29-14.22.55:640][592]LogShaderCompilers: Display: Worker (8/9): shaders left to compile 52
[2025.09.29-14.22.55:640][592]LogShaderCompilers: Display: Worker (2/9): shaders left to compile 45
[2025.09.29-14.22.55:640][592]LogShaderCompilers: Display: Worker (5/9): shaders left to compile 39
[2025.09.29-14.22.55:640][592]LogShaderCompilers: Display: Worker (6/9): shaders left to compile 34
[2025.09.29-14.22.55:640][592]LogShaderCompilers: Display: Worker (1/9): shaders left to compile 29
[2025.09.29-14.22.55:640][592]LogShaderCompilers: Display: Worker (4/9): shaders left to compile 25
[2025.09.29-14.22.55:640][592]LogShaderCompilers: Display: Worker (7/9): shaders left to compile 21
[2025.09.29-14.22.55:642][592]TextureStreamingBuild: Display: Compiling optional shaders took 1.244 seconds.
[2025.09.29-14.22.55:670][592]LogUObjectHash: Compacting FUObjectHashTables data took   0.84ms
[2025.09.29-14.22.56:753][592]LogShaderCompilers: Display: Worker (7/9): shaders left to compile 17
[2025.09.29-14.22.56:753][592]LogShaderCompilers: Display: Worker (5/9): shaders left to compile 14
[2025.09.29-14.22.56:753][592]LogShaderCompilers: Display: Worker (4/9): shaders left to compile 12
[2025.09.29-14.22.56:753][592]LogShaderCompilers: Display: Worker (6/9): shaders left to compile 10
[2025.09.29-14.22.56:753][592]LogShaderCompilers: Display: Worker (1/9): shaders left to compile 8
[2025.09.29-14.22.56:753][592]LogShaderCompilers: Display: Worker (7/9): shaders left to compile 6
[2025.09.29-14.22.56:753][592]LogShaderCompilers: Display: Worker (3/9): shaders left to compile 5
[2025.09.29-14.22.56:753][592]LogShaderCompilers: Display: Worker (5/9): shaders left to compile 4
[2025.09.29-14.22.56:753][592]LogShaderCompilers: Display: Worker (3/9): shaders left to compile 3
[2025.09.29-14.22.56:753][592]LogShaderCompilers: Display: Worker (7/9): shaders left to compile 2
[2025.09.29-14.22.56:753][592]LogShaderCompilers: Display: Worker (4/9): shaders left to compile 1
[2025.09.29-14.22.56:767][592]Cmd: OBJ SAVEPACKAGE PACKAGE="/Game/Mannequin/Cat/Default_Material" FILE="E:/GameJamHGGUnreal4.23.1/GameJamCrew/Content/Mannequin/Cat/Default_Material.uasset" SILENT=true
[2025.09.29-14.22.56:774][592]LogSavePackage: Moving 'E:/GameJamHGGUnreal4.23.1/GameJamCrew/Saved/Default_Material945A5F52434606D17406E0B781779247.tmp' to 'E:/GameJamHGGUnreal4.23.1/GameJamCrew/Content/Mannequin/Cat/Default_Material.uasset'
[2025.09.29-14.22.56:791][592]MaterialEditorStats: Base pass shader: 120 instructions
[2025.09.29-14.22.56:791][592]MaterialEditorStats: Base pass shader with Volumetric Lightmap: 198 instructions
[2025.09.29-14.22.56:791][592]MaterialEditorStats: Base pass vertex shader: 44 instructions
[2025.09.29-14.22.56:791][592]MaterialEditorStats: Base pass vertex shader: 87 instructions
[2025.09.29-14.22.56:791][592]MaterialEditorStats: Texture samplers: 5/16
[2025.09.29-14.22.56:791][592]MaterialEditorStats: Texture Lookups (Est.): VS(0), PS(2)
[2025.09.29-14.22.56:791][592]MaterialEditorStats: User interpolators: 2/4 Scalars (1/4 Vectors) (TexCoords: 2, Custom: 0)
[2025.09.29-14.22.57:742][695]LogAssetEditorManager: Opening Asset editor for Texture2D /Game/Mannequin/Cat/cat_normal.cat_normal
[2025.09.29-14.22.57:746][695]LogContentBrowser: Native class hierarchy updated for 'TextureEditor' in 0.0002 seconds. Added 1 classes and 2 folders.
[2025.09.29-14.23.00:612][  3]LogMaterial: Display: Missing cached shader map for material Default_Material, compiling. 
[2025.09.29-14.23.00:630][  3]LogShaderCompilers: Display: Worker (1/9): shaders left to compile 59
[2025.09.29-14.23.00:630][  3]LogShaderCompilers: Display: Worker (2/9): shaders left to compile 58
[2025.09.29-14.23.00:630][  3]LogShaderCompilers: Display: Worker (3/9): shaders left to compile 57
[2025.09.29-14.23.00:630][  3]LogShaderCompilers: Display: Worker (4/9): shaders left to compile 56
[2025.09.29-14.23.00:630][  3]LogShaderCompilers: Display: Worker (5/9): shaders left to compile 55
[2025.09.29-14.23.00:630][  3]LogShaderCompilers: Display: Worker (6/9): shaders left to compile 54
[2025.09.29-14.23.00:630][  3]LogShaderCompilers: Display: Worker (7/9): shaders left to compile 53
[2025.09.29-14.23.00:630][  3]LogShaderCompilers: Display: Worker (8/9): shaders left to compile 52
[2025.09.29-14.23.00:630][  3]LogMaterial: Display: Missing cached shader map for material FMatExpressionPreview MaterialExpressionTextureSample_2, compiling. 
[2025.09.29-14.23.00:640][  3]LogMaterial: Display: Missing cached shader map for material FMatExpressionPreview MaterialExpressionTextureSample_0, compiling. 
[2025.09.29-14.23.00:646][  3]LogMaterial: Display: Missing cached shader map for material FMatExpressionPreview MaterialExpressionTextureSample_1, compiling. 
[2025.09.29-14.23.00:652][  3]LogMaterial: Display: Missing cached shader map for material FMatExpressionPreview MaterialExpressionTextureSample_2, compiling. 
[2025.09.29-14.23.00:768][  9]LogShaderCompilers: Display: Worker (8/9): shaders left to compile 63
[2025.09.29-14.23.00:792][ 11]LogShaderCompilers: Display: Worker (3/9): shaders left to compile 62
[2025.09.29-14.23.00:812][ 13]LogShaderCompilers: Display: Worker (1/9): shaders left to compile 61
[2025.09.29-14.23.00:824][ 14]LogShaderCompilers: Display: Worker (6/9): shaders left to compile 60
[2025.09.29-14.23.00:837][ 15]LogShaderCompilers: Display: Worker (2/9): shaders left to compile 59
[2025.09.29-14.23.00:837][ 15]LogShaderCompilers: Display: Worker (5/9): shaders left to compile 58
[2025.09.29-14.23.00:837][ 15]LogShaderCompilers: Display: Worker (7/9): shaders left to compile 57
[2025.09.29-14.23.00:837][ 15]LogShaderCompilers: Display: Worker (4/9): shaders left to compile 56
[2025.09.29-14.23.00:936][ 22]LogShaderCompilers: Display: Worker (8/9): shaders left to compile 55
[2025.09.29-14.23.01:065][ 30]LogShaderCompilers: Display: Worker (6/9): shaders left to compile 54
[2025.09.29-14.23.01:068][ 30]LogShaderCompilers: Display: Worker (7/9): shaders left to compile 53
[2025.09.29-14.23.01:154][ 36]LogShaderCompilers: Display: Worker (3/9): shaders left to compile 52
[2025.09.29-14.23.01:182][ 38]LogShaderCompilers: Display: Worker (1/9): shaders left to compile 51
[2025.09.29-14.23.01:182][ 38]LogShaderCompilers: Display: Worker (2/9): shaders left to compile 50
[2025.09.29-14.23.01:212][ 40]LogShaderCompilers: Display: Worker (4/9): shaders left to compile 49
[2025.09.29-14.23.01:212][ 40]LogShaderCompilers: Display: Worker (5/9): shaders left to compile 48
[2025.09.29-14.23.01:276][ 44]LogShaderCompilers: Display: Worker (6/9): shaders left to compile 47
[2025.09.29-14.23.01:311][ 46]LogShaderCompilers: Display: Worker (8/9): shaders left to compile 46
[2025.09.29-14.23.01:336][ 48]LogShaderCompilers: Display: Worker (2/9): shaders left to compile 45
[2025.09.29-14.23.01:363][ 50]LogShaderCompilers: Display: Worker (7/9): shaders left to compile 44
[2025.09.29-14.23.01:375][ 51]LogShaderCompilers: Display: Worker (4/9): shaders left to compile 43
[2025.09.29-14.23.01:375][ 51]LogShaderCompilers: Display: Worker (5/9): shaders left to compile 42
[2025.09.29-14.23.01:389][ 52]LogShaderCompilers: Display: Worker (1/9): shaders left to compile 41
[2025.09.29-14.23.01:431][ 55]LogShaderCompilers: Display: Worker (6/9): shaders left to compile 40
[2025.09.29-14.23.01:464][ 57]LogShaderCompilers: Display: Worker (8/9): shaders left to compile 39
[2025.09.29-14.23.01:484][ 58]LogShaderCompilers: Display: Worker (3/9): shaders left to compile 38
[2025.09.29-14.23.01:501][ 59]LogShaderCompilers: Display: Worker (2/9): shaders left to compile 37
[2025.09.29-14.23.01:517][ 60]LogShaderCompilers: Display: Worker (7/9): shaders left to compile 36
[2025.09.29-14.23.01:572][ 64]LogShaderCompilers: Display: Worker (1/9): shaders left to compile 35
[2025.09.29-14.23.01:630][ 68]LogShaderCompilers: Display: Worker (4/9): shaders left to compile 34
[2025.09.29-14.23.01:632][ 68]LogShaderCompilers: Display: Worker (5/9): shaders left to compile 33
[2025.09.29-14.23.01:661][ 70]LogShaderCompilers: Display: Worker (3/9): shaders left to compile 32
[2025.09.29-14.23.01:700][ 72]LogShaderCompilers: Display: Worker (6/9): shaders left to compile 31
[2025.09.29-14.23.01:715][ 73]LogShaderCompilers: Display: Worker (8/9): shaders left to compile 30
[2025.09.29-14.23.01:746][ 75]LogShaderCompilers: Display: Worker (1/9): shaders left to compile 29
[2025.09.29-14.23.01:778][ 77]LogShaderCompilers: Display: Worker (2/9): shaders left to compile 28
[2025.09.29-14.23.01:836][ 81]LogShaderCompilers: Display: Worker (7/9): shaders left to compile 27
[2025.09.29-14.23.01:840][ 81]LogShaderCompilers: Display: Worker (3/9): shaders left to compile 26
[2025.09.29-14.23.01:852][ 82]LogShaderCompilers: Display: Worker (6/9): shaders left to compile 25
[2025.09.29-14.23.01:865][ 83]LogShaderCompilers: Display: Worker (4/9): shaders left to compile 24
[2025.09.29-14.23.01:877][ 84]LogShaderCompilers: Display: Worker (8/9): shaders left to compile 23
[2025.09.29-14.23.01:880][ 84]LogShaderCompilers: Display: Worker (5/9): shaders left to compile 22
[2025.09.29-14.23.01:908][ 86]LogShaderCompilers: Display: Worker (1/9): shaders left to compile 21
[2025.09.29-14.23.01:939][ 88]LogShaderCompilers: Display: Worker (2/9): shaders left to compile 20
[2025.09.29-14.23.01:969][ 90]LogShaderCompilers: Display: Worker (3/9): shaders left to compile 19
[2025.09.29-14.23.01:989][ 91]LogShaderCompilers: Display: Worker (7/9): shaders left to compile 18
[2025.09.29-14.23.02:022][ 93]LogShaderCompilers: Display: Worker (6/9): shaders left to compile 17
[2025.09.29-14.23.02:035][ 94]LogShaderCompilers: Display: Worker (5/9): shaders left to compile 16
[2025.09.29-14.23.02:124][100]LogShaderCompilers: Display: Worker (4/9): shaders left to compile 15
[2025.09.29-14.23.02:139][101]LogShaderCompilers: Display: Worker (8/9): shaders left to compile 14
[2025.09.29-14.23.02:139][101]LogShaderCompilers: Display: Worker (3/9): shaders left to compile 13
[2025.09.29-14.23.02:172][103]LogShaderCompilers: Display: Worker (1/9): shaders left to compile 12
[2025.09.29-14.23.02:181][104]LogShaderCompilers: Display: Worker (5/9): shaders left to compile 11
[2025.09.29-14.23.02:198][105]LogShaderCompilers: Display: Worker (2/9): shaders left to compile 10
[2025.09.29-14.23.02:262][109]LogShaderCompilers: Display: Worker (7/9): shaders left to compile 9
[2025.09.29-14.23.02:321][113]LogShaderCompilers: Display: Worker (6/9): shaders left to compile 8
[2025.09.29-14.23.02:321][113]LogShaderCompilers: Display: Worker (3/9): shaders left to compile 7
[2025.09.29-14.23.02:354][115]LogShaderCompilers: Display: Worker (4/9): shaders left to compile 6
[2025.09.29-14.23.02:370][116]LogShaderCompilers: Display: Worker (8/9): shaders left to compile 5
[2025.09.29-14.23.02:389][117]MaterialEditorStats: Base pass shader: 120 instructions
[2025.09.29-14.23.02:389][117]MaterialEditorStats: Base pass shader with Volumetric Lightmap: 198 instructions
[2025.09.29-14.23.02:389][117]MaterialEditorStats: Base pass vertex shader: 44 instructions
[2025.09.29-14.23.02:389][117]MaterialEditorStats: Base pass vertex shader: 87 instructions
[2025.09.29-14.23.02:389][117]MaterialEditorStats: Texture samplers: 5/16
[2025.09.29-14.23.02:389][117]MaterialEditorStats: Texture Lookups (Est.): VS(0), PS(2)
[2025.09.29-14.23.02:389][117]MaterialEditorStats: User interpolators: 2/4 Scalars (1/4 Vectors) (TexCoords: 2, Custom: 0)
[2025.09.29-14.23.02:424][120]LogShaderCompilers: Display: Worker (2/9): shaders left to compile 4
[2025.09.29-14.23.02:439][121]LogShaderCompilers: Display: Worker (1/9): shaders left to compile 3
[2025.09.29-14.23.02:471][123]LogShaderCompilers: Display: Worker (7/9): shaders left to compile 2
[2025.09.29-14.23.02:472][123]LogShaderCompilers: Display: Worker (5/9): shaders left to compile 1
[2025.09.29-14.23.07:743][736]LogMaterial: Display: Missing cached shader map for material Default_Material, compiling. 
[2025.09.29-14.23.07:768][736]LogShaderCompilers: Display: Worker (1/9): shaders left to compile 59
[2025.09.29-14.23.07:768][736]LogShaderCompilers: Display: Worker (2/9): shaders left to compile 58
[2025.09.29-14.23.07:768][736]LogShaderCompilers: Display: Worker (3/9): shaders left to compile 57
[2025.09.29-14.23.07:768][736]LogShaderCompilers: Display: Worker (4/9): shaders left to compile 56
[2025.09.29-14.23.07:768][736]LogShaderCompilers: Display: Worker (5/9): shaders left to compile 55
[2025.09.29-14.23.07:768][736]LogShaderCompilers: Display: Worker (6/9): shaders left to compile 54
[2025.09.29-14.23.07:768][736]LogShaderCompilers: Display: Worker (7/9): shaders left to compile 53
[2025.09.29-14.23.07:768][736]LogShaderCompilers: Display: Worker (8/9): shaders left to compile 52
[2025.09.29-14.23.07:771][736]LogMaterial: Display: Missing cached shader map for material FMatExpressionPreview MaterialExpressionTextureSample_2, compiling. 
[2025.09.29-14.23.07:883][745]LogShaderCompilers: Display: Worker (8/9): shaders left to compile 55
[2025.09.29-14.23.07:980][753]LogShaderCompilers: Display: Worker (2/9): shaders left to compile 54
[2025.09.29-14.23.07:980][753]LogShaderCompilers: Display: Worker (1/9): shaders left to compile 53
[2025.09.29-14.23.07:980][753]LogShaderCompilers: Display: Worker (3/9): shaders left to compile 52
[2025.09.29-14.23.07:980][753]LogShaderCompilers: Display: Worker (5/9): shaders left to compile 51
[2025.09.29-14.23.07:980][753]LogShaderCompilers: Display: Worker (6/9): shaders left to compile 50
[2025.09.29-14.23.07:980][753]LogShaderCompilers: Display: Worker (7/9): shaders left to compile 49
[2025.09.29-14.23.07:982][753]LogShaderCompilers: Display: Worker (4/9): shaders left to compile 48
[2025.09.29-14.23.08:045][759]LogShaderCompilers: Display: Worker (8/9): shaders left to compile 47
[2025.09.29-14.23.08:227][772]LogShaderCompilers: Display: Worker (3/9): shaders left to compile 46
[2025.09.29-14.23.08:227][772]LogShaderCompilers: Display: Worker (7/9): shaders left to compile 45
[2025.09.29-14.23.08:312][779]LogShaderCompilers: Display: Worker (5/9): shaders left to compile 44
[2025.09.29-14.23.08:334][781]LogShaderCompilers: Display: Worker (2/9): shaders left to compile 43
[2025.09.29-14.23.08:334][781]LogShaderCompilers: Display: Worker (6/9): shaders left to compile 42
[2025.09.29-14.23.08:348][782]LogShaderCompilers: Display: Worker (4/9): shaders left to compile 41
[2025.09.29-14.23.08:363][783]LogShaderCompilers: Display: Worker (1/9): shaders left to compile 40
[2025.09.29-14.23.08:426][788]LogShaderCompilers: Display: Worker (8/9): shaders left to compile 39
[2025.09.29-14.23.08:436][789]LogShaderCompilers: Display: Worker (3/9): shaders left to compile 38
[2025.09.29-14.23.08:500][794]LogShaderCompilers: Display: Worker (6/9): shaders left to compile 37
[2025.09.29-14.23.08:501][794]LogShaderCompilers: Display: Worker (4/9): shaders left to compile 36
[2025.09.29-14.23.08:533][797]LogShaderCompilers: Display: Worker (1/9): shaders left to compile 35
[2025.09.29-14.23.08:533][797]LogShaderCompilers: Display: Worker (7/9): shaders left to compile 34
[2025.09.29-14.23.08:537][797]LogShaderCompilers: Display: Worker (2/9): shaders left to compile 33
[2025.09.29-14.23.08:580][801]LogShaderCompilers: Display: Worker (8/9): shaders left to compile 32
[2025.09.29-14.23.08:581][801]LogShaderCompilers: Display: Worker (3/9): shaders left to compile 31
[2025.09.29-14.23.08:633][805]LogShaderCompilers: Display: Worker (5/9): shaders left to compile 30
[2025.09.29-14.23.08:683][809]LogShaderCompilers: Display: Worker (6/9): shaders left to compile 29
[2025.09.29-14.23.08:683][809]LogShaderCompilers: Display: Worker (4/9): shaders left to compile 28
[2025.09.29-14.23.08:711][811]LogShaderCompilers: Display: Worker (2/9): shaders left to compile 27
[2025.09.29-14.23.08:818][817]LogShaderCompilers: Display: Worker (1/9): shaders left to compile 26
[2025.09.29-14.23.08:818][817]LogShaderCompilers: Display: Worker (5/9): shaders left to compile 25
[2025.09.29-14.23.08:818][817]LogShaderCompilers: Display: Worker (7/9): shaders left to compile 24
[2025.09.29-14.23.08:836][818]LogMaterialEditor: Saving and Compiling material Default_Material
[2025.09.29-14.23.09:179][818]LogShaderCompilers: Display: Worker (8/9): shaders left to compile 23
[2025.09.29-14.23.09:179][818]LogShaderCompilers: Display: Worker (3/9): shaders left to compile 22
[2025.09.29-14.23.09:179][818]LogShaderCompilers: Display: Worker (2/9): shaders left to compile 21
[2025.09.29-14.23.09:179][818]LogShaderCompilers: Display: Worker (6/9): shaders left to compile 20
[2025.09.29-14.23.09:179][818]LogShaderCompilers: Display: Worker (4/9): shaders left to compile 19
[2025.09.29-14.23.09:179][818]LogShaderCompilers: Display: Worker (7/9): shaders left to compile 18
[2025.09.29-14.23.09:179][818]LogShaderCompilers: Display: Worker (8/9): shaders left to compile 17
[2025.09.29-14.23.09:179][818]LogShaderCompilers: Display: Worker (3/9): shaders left to compile 16
[2025.09.29-14.23.09:179][818]LogShaderCompilers: Display: Worker (1/9): shaders left to compile 15
[2025.09.29-14.23.09:179][818]LogShaderCompilers: Display: Worker (2/9): shaders left to compile 14
[2025.09.29-14.23.09:179][818]LogShaderCompilers: Display: Worker (5/9): shaders left to compile 13
[2025.09.29-14.23.09:179][818]LogShaderCompilers: Display: Worker (6/9): shaders left to compile 12
[2025.09.29-14.23.09:179][818]LogShaderCompilers: Display: Worker (4/9): shaders left to compile 11
[2025.09.29-14.23.09:179][818]LogShaderCompilers: Display: Worker (7/9): shaders left to compile 10
[2025.09.29-14.23.09:179][818]LogShaderCompilers: Display: Worker (8/9): shaders left to compile 9
[2025.09.29-14.23.09:179][818]LogShaderCompilers: Display: Worker (2/9): shaders left to compile 8
[2025.09.29-14.23.09:194][818]LogShaderCompilers: Display: Worker (4/9): shaders left to compile 4
[2025.09.29-14.23.09:194][818]LogMaterial: Display: Missing cached shader map for material Default_Material, compiling. 
[2025.09.29-14.23.09:243][818]LogShaderCompilers: Display: Worker (3/9): shaders left to compile 3
[2025.09.29-14.23.09:243][818]LogShaderCompilers: Display: Worker (5/9): shaders left to compile 2
[2025.09.29-14.23.09:255][818]LogShaderCompilers: Display: Worker (1/9): shaders left to compile 60
[2025.09.29-14.23.09:264][818]LogMaterial: Display: Missing cached shader map for material Default_Material, compiling. 
[2025.09.29-14.23.09:291][818]LogShaderCompilers: Display: Worker (6/9): shaders left to compile 59
[2025.09.29-14.23.09:300][818]LogMaterial: Display: Missing cached shader map for material Default_Material, compiling. 
[2025.09.29-14.23.09:327][818]LogShaderCompilers: Display: Worker (2/9): shaders left to compile 58
[2025.09.29-14.23.09:328][818]LogShaderCompilers: Display: Worker (7/9): shaders left to compile 57
[2025.09.29-14.23.09:369][818]LogShaderCompilers: Display: Worker (8/9): shaders left to compile 116
[2025.09.29-14.23.09:411][818]LogShaderCompilers: Display: Worker (4/9): shaders left to compile 115
[2025.09.29-14.23.09:411][818]LogUObjectHash: Compacting FUObjectHashTables data took   2.96ms
[2025.09.29-14.23.09:417][818]LogMaterial: Display: Missing cached shader map for material DebugViewMode MaterialTexCoordScale, compiling. 
[2025.09.29-14.23.10:747][818]LogShaderCompilers: Display: Worker (6/9): shaders left to compile 116
[2025.09.29-14.23.10:747][818]LogShaderCompilers: Display: Worker (3/9): shaders left to compile 115
[2025.09.29-14.23.10:747][818]LogShaderCompilers: Display: Worker (5/9): shaders left to compile 114
[2025.09.29-14.23.10:747][818]LogShaderCompilers: Display: Worker (1/9): shaders left to compile 113
[2025.09.29-14.23.10:747][818]LogShaderCompilers: Display: Worker (7/9): shaders left to compile 112
[2025.09.29-14.23.10:747][818]LogShaderCompilers: Display: Worker (2/9): shaders left to compile 111
[2025.09.29-14.23.10:747][818]LogShaderCompilers: Display: Worker (8/9): shaders left to compile 110
[2025.09.29-14.23.10:748][818]LogShaderCompilers: Display: Worker (5/9): shaders left to compile 109
[2025.09.29-14.23.10:748][818]LogShaderCompilers: Display: Worker (4/9): shaders left to compile 108
[2025.09.29-14.23.10:748][818]LogShaderCompilers: Display: Worker (1/9): shaders left to compile 107
[2025.09.29-14.23.10:748][818]LogShaderCompilers: Display: Worker (3/9): shaders left to compile 106
[2025.09.29-14.23.10:748][818]LogShaderCompilers: Display: Worker (6/9): shaders left to compile 105
[2025.09.29-14.23.10:748][818]LogShaderCompilers: Display: Worker (8/9): shaders left to compile 104
[2025.09.29-14.23.10:748][818]LogShaderCompilers: Display: Worker (7/9): shaders left to compile 103
[2025.09.29-14.23.10:748][818]LogShaderCompilers: Display: Worker (2/9): shaders left to compile 102
[2025.09.29-14.23.10:748][818]LogShaderCompilers: Display: Worker (1/9): shaders left to compile 101
[2025.09.29-14.23.10:748][818]LogShaderCompilers: Display: Worker (5/9): shaders left to compile 100
[2025.09.29-14.23.10:748][818]LogShaderCompilers: Display: Worker (8/9): shaders left to compile 99
[2025.09.29-14.23.10:748][818]LogShaderCompilers: Display: Worker (4/9): shaders left to compile 98
[2025.09.29-14.23.10:748][818]LogShaderCompilers: Display: Worker (3/9): shaders left to compile 97
[2025.09.29-14.23.10:748][818]LogShaderCompilers: Display: Worker (6/9): shaders left to compile 96
[2025.09.29-14.23.10:748][818]LogShaderCompilers: Display: Worker (5/9): shaders left to compile 95
[2025.09.29-14.23.10:748][818]LogShaderCompilers: Display: Worker (1/9): shaders left to compile 94
[2025.09.29-14.23.10:748][818]LogShaderCompilers: Display: Worker (8/9): shaders left to compile 93
[2025.09.29-14.23.10:748][818]LogShaderCompilers: Display: Worker (4/9): shaders left to compile 92
[2025.09.29-14.23.10:748][818]LogShaderCompilers: Display: Worker (7/9): shaders left to compile 91
[2025.09.29-14.23.10:748][818]LogShaderCompilers: Display: Worker (3/9): shaders left to compile 90
[2025.09.29-14.23.10:748][818]LogShaderCompilers: Display: Worker (2/9): shaders left to compile 89
[2025.09.29-14.23.10:748][818]LogShaderCompilers: Display: Worker (6/9): shaders left to compile 88
[2025.09.29-14.23.10:748][818]LogShaderCompilers: Display: Worker (5/9): shaders left to compile 87
[2025.09.29-14.23.10:748][818]LogShaderCompilers: Display: Worker (1/9): shaders left to compile 86
[2025.09.29-14.23.10:748][818]LogShaderCompilers: Display: Worker (7/9): shaders left to compile 85
[2025.09.29-14.23.10:748][818]LogShaderCompilers: Display: Worker (6/9): shaders left to compile 84
[2025.09.29-14.23.10:748][818]LogShaderCompilers: Display: Worker (8/9): shaders left to compile 83
[2025.09.29-14.23.10:748][818]LogShaderCompilers: Display: Worker (4/9): shaders left to compile 82
[2025.09.29-14.23.10:748][818]LogShaderCompilers: Display: Worker (3/9): shaders left to compile 81
[2025.09.29-14.23.10:748][818]LogShaderCompilers: Display: Worker (2/9): shaders left to compile 80
[2025.09.29-14.23.10:748][818]LogShaderCompilers: Display: Worker (7/9): shaders left to compile 79
[2025.09.29-14.23.10:748][818]LogShaderCompilers: Display: Worker (5/9): shaders left to compile 78
[2025.09.29-14.23.10:748][818]LogShaderCompilers: Display: Worker (1/9): shaders left to compile 77
[2025.09.29-14.23.10:748][818]LogShaderCompilers: Display: Worker (3/9): shaders left to compile 76
[2025.09.29-14.23.10:748][818]LogShaderCompilers: Display: Worker (4/9): shaders left to compile 75
[2025.09.29-14.23.10:748][818]LogShaderCompilers: Display: Worker (6/9): shaders left to compile 74
[2025.09.29-14.23.10:748][818]LogShaderCompilers: Display: Worker (8/9): shaders left to compile 73
[2025.09.29-14.23.10:748][818]LogShaderCompilers: Display: Worker (2/9): shaders left to compile 72
[2025.09.29-14.23.10:748][818]LogShaderCompilers: Display: Worker (7/9): shaders left to compile 71
[2025.09.29-14.23.10:748][818]LogShaderCompilers: Display: Worker (5/9): shaders left to compile 70
[2025.09.29-14.23.10:748][818]LogShaderCompilers: Display: Worker (1/9): shaders left to compile 69
[2025.09.29-14.23.10:748][818]LogShaderCompilers: Display: Worker (3/9): shaders left to compile 68
[2025.09.29-14.23.10:748][818]LogShaderCompilers: Display: Worker (4/9): shaders left to compile 67
[2025.09.29-14.23.10:748][818]LogShaderCompilers: Display: Worker (2/9): shaders left to compile 66
[2025.09.29-14.23.10:748][818]LogShaderCompilers: Display: Worker (1/9): shaders left to compile 65
[2025.09.29-14.23.10:748][818]LogShaderCompilers: Display: Worker (6/9): shaders left to compile 64
[2025.09.29-14.23.10:748][818]LogShaderCompilers: Display: Worker (8/9): shaders left to compile 63
[2025.09.29-14.23.10:748][818]LogShaderCompilers: Display: Worker (7/9): shaders left to compile 62
[2025.09.29-14.23.10:748][818]LogShaderCompilers: Display: Worker (5/9): shaders left to compile 61
[2025.09.29-14.23.10:748][818]LogShaderCompilers: Display: Worker (2/9): shaders left to compile 60
[2025.09.29-14.23.10:748][818]LogShaderCompilers: Display: Worker (3/9): shaders left to compile 52
[2025.09.29-14.23.10:748][818]LogShaderCompilers: Display: Worker (4/9): shaders left to compile 45
[2025.09.29-14.23.10:748][818]LogShaderCompilers: Display: Worker (8/9): shaders left to compile 39
[2025.09.29-14.23.10:748][818]LogShaderCompilers: Display: Worker (1/9): shaders left to compile 34
[2025.09.29-14.23.10:748][818]LogShaderCompilers: Display: Worker (7/9): shaders left to compile 29
[2025.09.29-14.23.10:748][818]LogShaderCompilers: Display: Worker (5/9): shaders left to compile 25
[2025.09.29-14.23.10:750][818]TextureStreamingBuild: Display: Compiling optional shaders took 1.339 seconds.
[2025.09.29-14.23.10:807][818]LogShaderCompilers: Display: Worker (6/9): shaders left to compile 21
[2025.09.29-14.23.10:807][818]LogUObjectHash: Compacting FUObjectHashTables data took   2.18ms
[2025.09.29-14.23.11:982][818]LogShaderCompilers: Display: Worker (6/9): shaders left to compile 18
[2025.09.29-14.23.11:982][818]LogShaderCompilers: Display: Worker (8/9): shaders left to compile 15
[2025.09.29-14.23.11:982][818]LogShaderCompilers: Display: Worker (5/9): shaders left to compile 13
[2025.09.29-14.23.11:982][818]LogShaderCompilers: Display: Worker (1/9): shaders left to compile 11
[2025.09.29-14.23.11:982][818]LogShaderCompilers: Display: Worker (7/9): shaders left to compile 9
[2025.09.29-14.23.11:982][818]LogShaderCompilers: Display: Worker (6/9): shaders left to compile 7
[2025.09.29-14.23.11:982][818]LogShaderCompilers: Display: Worker (8/9): shaders left to compile 6
[2025.09.29-14.23.11:982][818]LogShaderCompilers: Display: Worker (2/9): shaders left to compile 5
[2025.09.29-14.23.11:982][818]LogShaderCompilers: Display: Worker (6/9): shaders left to compile 4
[2025.09.29-14.23.11:982][818]LogShaderCompilers: Display: Worker (8/9): shaders left to compile 3
[2025.09.29-14.23.11:982][818]LogShaderCompilers: Display: Worker (2/9): shaders left to compile 2
[2025.09.29-14.23.11:982][818]LogShaderCompilers: Display: Worker (1/9): shaders left to compile 1
[2025.09.29-14.23.12:001][818]Cmd: OBJ SAVEPACKAGE PACKAGE="/Game/Mannequin/Cat/Default_Material" FILE="E:/GameJamHGGUnreal4.23.1/GameJamCrew/Content/Mannequin/Cat/Default_Material.uasset" SILENT=true
[2025.09.29-14.23.12:008][818]LogSavePackage: Moving 'E:/GameJamHGGUnreal4.23.1/GameJamCrew/Saved/Default_Material48ADC32C4625B4A7F719D0BE9F730467.tmp' to 'E:/GameJamHGGUnreal4.23.1/GameJamCrew/Content/Mannequin/Cat/Default_Material.uasset'
[2025.09.29-14.23.12:024][818]MaterialEditorStats: Base pass shader: 126 instructions
[2025.09.29-14.23.12:024][818]MaterialEditorStats: Base pass shader with Volumetric Lightmap: 204 instructions
[2025.09.29-14.23.12:024][818]MaterialEditorStats: Base pass vertex shader: 44 instructions
[2025.09.29-14.23.12:024][818]MaterialEditorStats: Base pass vertex shader: 87 instructions
[2025.09.29-14.23.12:024][818]MaterialEditorStats: Texture samplers: 6/16
[2025.09.29-14.23.12:024][818]MaterialEditorStats: Texture Lookups (Est.): VS(0), PS(3)
[2025.09.29-14.23.12:024][818]MaterialEditorStats: User interpolators: 2/4 Scalars (1/4 Vectors) (TexCoords: 2, Custom: 0)
[2025.09.29-14.23.12:890][909]LogMaterial: Display: Missing cached shader map for material Default_Material, compiling. 
[2025.09.29-14.23.12:909][909]LogMaterial: Display: Missing cached shader map for material FMatExpressionPreview MaterialExpressionTextureSample_3, compiling. 
[2025.09.29-14.23.12:917][909]LogShaderCompilers: Display: Worker (1/9): shaders left to compile 59
[2025.09.29-14.23.12:918][909]LogShaderCompilers: Display: Worker (2/9): shaders left to compile 58
[2025.09.29-14.23.12:918][909]LogShaderCompilers: Display: Worker (3/9): shaders left to compile 57
[2025.09.29-14.23.12:918][909]LogShaderCompilers: Display: Worker (4/9): shaders left to compile 56
[2025.09.29-14.23.12:918][909]LogShaderCompilers: Display: Worker (5/9): shaders left to compile 55
[2025.09.29-14.23.12:918][909]LogShaderCompilers: Display: Worker (6/9): shaders left to compile 54
[2025.09.29-14.23.12:918][909]LogShaderCompilers: Display: Worker (7/9): shaders left to compile 53
[2025.09.29-14.23.12:918][909]LogShaderCompilers: Display: Worker (8/9): shaders left to compile 52
[2025.09.29-14.23.12:918][909]LogMaterial: Display: Missing cached shader map for material FMatExpressionPreview MaterialExpressionTextureSample_0, compiling. 
[2025.09.29-14.23.12:921][909]LogMaterial: Display: Missing cached shader map for material FMatExpressionPreview MaterialExpressionTextureSample_1, compiling. 
[2025.09.29-14.23.12:927][909]LogMaterial: Display: Missing cached shader map for material FMatExpressionPreview MaterialExpressionTextureSample_2, compiling. 
[2025.09.29-14.23.12:932][909]LogMaterial: Display: Missing cached shader map for material FMatExpressionPreview MaterialExpressionTextureSample_3, compiling. 
[2025.09.29-14.23.13:012][914]LogShaderCompilers: Display: Worker (8/9): shaders left to compile 67
[2025.09.29-14.23.13:099][920]LogShaderCompilers: Display: Worker (1/9): shaders left to compile 66
[2025.09.29-14.23.13:103][920]LogShaderCompilers: Display: Worker (3/9): shaders left to compile 65
[2025.09.29-14.23.13:127][922]LogShaderCompilers: Display: Worker (6/9): shaders left to compile 64
[2025.09.29-14.23.13:127][922]LogShaderCompilers: Display: Worker (2/9): shaders left to compile 63
[2025.09.29-14.23.13:127][922]LogShaderCompilers: Display: Worker (4/9): shaders left to compile 62
[2025.09.29-14.23.13:127][922]LogShaderCompilers: Display: Worker (5/9): shaders left to compile 61
[2025.09.29-14.23.13:127][922]LogShaderCompilers: Display: Worker (7/9): shaders left to compile 60
[2025.09.29-14.23.13:187][927]LogShaderCompilers: Display: Worker (8/9): shaders left to compile 59
[2025.09.29-14.23.13:362][937]LogShaderCompilers: Display: Worker (6/9): shaders left to compile 58
[2025.09.29-14.23.13:362][937]LogShaderCompilers: Display: Worker (5/9): shaders left to compile 57
[2025.09.29-14.23.13:452][944]LogShaderCompilers: Display: Worker (7/9): shaders left to compile 56
[2025.09.29-14.23.13:491][947]LogShaderCompilers: Display: Worker (1/9): shaders left to compile 55
[2025.09.29-14.23.13:491][947]LogShaderCompilers: Display: Worker (2/9): shaders left to compile 54
[2025.09.29-14.23.13:538][950]LogShaderCompilers: Display: Worker (4/9): shaders left to compile 53
[2025.09.29-14.23.13:564][952]LogShaderCompilers: Display: Worker (8/9): shaders left to compile 52
[2025.09.29-14.23.13:564][952]LogShaderCompilers: Display: Worker (3/9): shaders left to compile 51
[2025.09.29-14.23.13:593][954]LogShaderCompilers: Display: Worker (6/9): shaders left to compile 50
[2025.09.29-14.23.13:629][957]LogShaderCompilers: Display: Worker (2/9): shaders left to compile 49
[2025.09.29-14.23.13:666][960]LogShaderCompilers: Display: Worker (5/9): shaders left to compile 48
[2025.09.29-14.23.13:691][962]LogShaderCompilers: Display: Worker (4/9): shaders left to compile 47
[2025.09.29-14.23.13:715][964]LogShaderCompilers: Display: Worker (3/9): shaders left to compile 46
[2025.09.29-14.23.13:727][965]LogShaderCompilers: Display: Worker (8/9): shaders left to compile 45
[2025.09.29-14.23.13:742][966]LogShaderCompilers: Display: Worker (7/9): shaders left to compile 44
[2025.09.29-14.23.13:744][966]LogShaderCompilers: Display: Worker (1/9): shaders left to compile 43
[2025.09.29-14.23.13:757][967]LogShaderCompilers: Display: Worker (6/9): shaders left to compile 42
[2025.09.29-14.23.13:793][970]LogShaderCompilers: Display: Worker (5/9): shaders left to compile 41
[2025.09.29-14.23.13:815][972]LogShaderCompilers: Display: Worker (2/9): shaders left to compile 40
[2025.09.29-14.23.13:891][977]LogShaderCompilers: Display: Worker (8/9): shaders left to compile 39
[2025.09.29-14.23.13:935][980]LogShaderCompilers: Display: Worker (6/9): shaders left to compile 38
[2025.09.29-14.23.13:975][983]LogShaderCompilers: Display: Worker (7/9): shaders left to compile 37
[2025.09.29-14.23.13:979][983]LogShaderCompilers: Display: Worker (4/9): shaders left to compile 36
[2025.09.29-14.23.14:012][986]LogShaderCompilers: Display: Worker (3/9): shaders left to compile 35
[2025.09.29-14.23.14:024][987]LogShaderCompilers: Display: Worker (1/9): shaders left to compile 34
[2025.09.29-14.23.14:060][990]LogShaderCompilers: Display: Worker (5/9): shaders left to compile 33
[2025.09.29-14.23.14:064][990]LogShaderCompilers: Display: Worker (8/9): shaders left to compile 32
[2025.09.29-14.23.14:123][994]LogShaderCompilers: Display: Worker (2/9): shaders left to compile 31
[2025.09.29-14.23.14:148][996]LogShaderCompilers: Display: Worker (4/9): shaders left to compile 30
[2025.09.29-14.23.14:172][998]LogShaderCompilers: Display: Worker (1/9): shaders left to compile 29
[2025.09.29-14.23.14:172][998]LogShaderCompilers: Display: Worker (3/9): shaders left to compile 28
[2025.09.29-14.23.14:207][  1]LogShaderCompilers: Display: Worker (8/9): shaders left to compile 27
[2025.09.29-14.23.14:211][  1]LogShaderCompilers: Display: Worker (5/9): shaders left to compile 26
[2025.09.29-14.23.14:221][  2]LogShaderCompilers: Display: Worker (6/9): shaders left to compile 25
[2025.09.29-14.23.14:238][  3]LogShaderCompilers: Display: Worker (7/9): shaders left to compile 24
[2025.09.29-14.23.14:282][  7]LogShaderCompilers: Display: Worker (2/9): shaders left to compile 23
[2025.09.29-14.23.14:297][  8]LogShaderCompilers: Display: Worker (4/9): shaders left to compile 22
[2025.09.29-14.23.14:298][  8]LogShaderCompilers: Display: Worker (1/9): shaders left to compile 21
[2025.09.29-14.23.14:381][ 13]LogShaderCompilers: Display: Worker (5/9): shaders left to compile 20
[2025.09.29-14.23.14:426][ 16]LogShaderCompilers: Display: Worker (3/9): shaders left to compile 19
[2025.09.29-14.23.14:459][ 18]LogShaderCompilers: Display: Worker (2/9): shaders left to compile 18
[2025.09.29-14.23.14:459][ 18]LogShaderCompilers: Display: Worker (6/9): shaders left to compile 17
[2025.09.29-14.23.14:476][ 19]LogShaderCompilers: Display: Worker (8/9): shaders left to compile 16
[2025.09.29-14.23.14:489][ 20]LogShaderCompilers: Display: Worker (7/9): shaders left to compile 15
[2025.09.29-14.23.14:553][ 25]LogShaderCompilers: Display: Worker (5/9): shaders left to compile 14
[2025.09.29-14.23.14:596][ 28]LogShaderCompilers: Display: Worker (1/9): shaders left to compile 13
[2025.09.29-14.23.14:611][ 29]LogShaderCompilers: Display: Worker (4/9): shaders left to compile 12
[2025.09.29-14.23.14:629][ 30]LogShaderCompilers: Display: Worker (6/9): shaders left to compile 11
[2025.09.29-14.23.14:665][ 32]LogShaderCompilers: Display: Worker (3/9): shaders left to compile 10
[2025.09.29-14.23.14:705][ 34]LogShaderCompilers: Display: Worker (2/9): shaders left to compile 9
[2025.09.29-14.23.14:734][ 35]MaterialEditorStats: Base pass shader: 126 instructions
[2025.09.29-14.23.14:734][ 35]MaterialEditorStats: Base pass shader with Volumetric Lightmap: 204 instructions
[2025.09.29-14.23.14:734][ 35]MaterialEditorStats: Base pass vertex shader: 44 instructions
[2025.09.29-14.23.14:734][ 35]MaterialEditorStats: Base pass vertex shader: 87 instructions
[2025.09.29-14.23.14:734][ 35]MaterialEditorStats: Texture samplers: 6/16
[2025.09.29-14.23.14:734][ 35]MaterialEditorStats: Texture Lookups (Est.): VS(0), PS(3)
[2025.09.29-14.23.14:734][ 35]MaterialEditorStats: User interpolators: 2/4 Scalars (1/4 Vectors) (TexCoords: 2, Custom: 0)
[2025.09.29-14.23.14:744][ 36]LogShaderCompilers: Display: Worker (8/9): shaders left to compile 8
[2025.09.29-14.23.14:776][ 38]LogShaderCompilers: Display: Worker (7/9): shaders left to compile 7
[2025.09.29-14.23.14:820][ 41]LogShaderCompilers: Display: Worker (1/9): shaders left to compile 6
[2025.09.29-14.23.14:856][ 43]LogShaderCompilers: Display: Worker (3/9): shaders left to compile 5
[2025.09.29-14.23.14:873][ 44]LogShaderCompilers: Display: Worker (5/9): shaders left to compile 4
[2025.09.29-14.23.14:886][ 45]LogShaderCompilers: Display: Worker (4/9): shaders left to compile 3
[2025.09.29-14.23.14:986][ 51]LogShaderCompilers: Display: Worker (6/9): shaders left to compile 2
[2025.09.29-14.23.15:002][ 52]LogShaderCompilers: Display: Worker (2/9): shaders left to compile 1
[2025.09.29-14.23.20:257][670]LogMaterial: Display: Missing cached shader map for material Default_Material, compiling. 
[2025.09.29-14.23.20:278][670]LogShaderCompilers: Display: Worker (1/9): shaders left to compile 59
[2025.09.29-14.23.20:278][670]LogShaderCompilers: Display: Worker (2/9): shaders left to compile 58
[2025.09.29-14.23.20:278][670]LogShaderCompilers: Display: Worker (3/9): shaders left to compile 57
[2025.09.29-14.23.20:278][670]LogShaderCompilers: Display: Worker (4/9): shaders left to compile 56
[2025.09.29-14.23.20:278][670]LogShaderCompilers: Display: Worker (5/9): shaders left to compile 55
[2025.09.29-14.23.20:278][670]LogShaderCompilers: Display: Worker (6/9): shaders left to compile 54
[2025.09.29-14.23.20:278][670]LogShaderCompilers: Display: Worker (7/9): shaders left to compile 53
[2025.09.29-14.23.20:278][670]LogShaderCompilers: Display: Worker (8/9): shaders left to compile 52
[2025.09.29-14.23.20:280][670]LogMaterial: Display: Missing cached shader map for material FMatExpressionPreview MaterialExpressionTextureSample_3, compiling. 
[2025.09.29-14.23.20:396][677]LogShaderCompilers: Display: Worker (8/9): shaders left to compile 55
[2025.09.29-14.23.20:448][682]LogShaderCompilers: Display: Worker (3/9): shaders left to compile 54
[2025.09.29-14.23.20:459][683]LogShaderCompilers: Display: Worker (2/9): shaders left to compile 53
[2025.09.29-14.23.20:471][684]LogShaderCompilers: Display: Worker (6/9): shaders left to compile 52
[2025.09.29-14.23.20:487][685]LogShaderCompilers: Display: Worker (4/9): shaders left to compile 51
[2025.09.29-14.23.20:487][685]LogShaderCompilers: Display: Worker (5/9): shaders left to compile 50
[2025.09.29-14.23.20:487][685]LogShaderCompilers: Display: Worker (7/9): shaders left to compile 49
[2025.09.29-14.23.20:496][686]LogShaderCompilers: Display: Worker (1/9): shaders left to compile 48
[2025.09.29-14.23.20:559][691]LogShaderCompilers: Display: Worker (8/9): shaders left to compile 47
[2025.09.29-14.23.20:704][700]LogShaderCompilers: Display: Worker (6/9): shaders left to compile 46
[2025.09.29-14.23.20:712][700]LogShaderCompilers: Display: Worker (7/9): shaders left to compile 45
[2025.09.29-14.23.20:786][706]LogShaderCompilers: Display: Worker (3/9): shaders left to compile 44
[2025.09.29-14.23.20:826][709]LogShaderCompilers: Display: Worker (2/9): shaders left to compile 43
[2025.09.29-14.23.20:826][709]LogShaderCompilers: Display: Worker (5/9): shaders left to compile 42
[2025.09.29-14.23.20:839][710]LogShaderCompilers: Display: Worker (1/9): shaders left to compile 41
[2025.09.29-14.23.20:839][710]LogShaderCompilers: Display: Worker (4/9): shaders left to compile 40
[2025.09.29-14.23.20:887][714]LogShaderCompilers: Display: Worker (8/9): shaders left to compile 39
[2025.09.29-14.23.20:931][717]LogShaderCompilers: Display: Worker (6/9): shaders left to compile 38
[2025.09.29-14.23.20:974][720]LogShaderCompilers: Display: Worker (7/9): shaders left to compile 37
[2025.09.29-14.23.20:998][722]LogShaderCompilers: Display: Worker (5/9): shaders left to compile 36
[2025.09.29-14.23.20:998][722]LogShaderCompilers: Display: Worker (1/9): shaders left to compile 35
[2025.09.29-14.23.21:010][723]LogShaderCompilers: Display: Worker (4/9): shaders left to compile 34
[2025.09.29-14.23.21:012][723]LogShaderCompilers: Display: Worker (2/9): shaders left to compile 33
[2025.09.29-14.23.21:047][726]LogShaderCompilers: Display: Worker (8/9): shaders left to compile 32
[2025.09.29-14.23.21:077][728]LogShaderCompilers: Display: Worker (6/9): shaders left to compile 31
[2025.09.29-14.23.21:085][729]LogShaderCompilers: Display: Worker (3/9): shaders left to compile 30
[2025.09.29-14.23.21:130][732]LogShaderCompilers: Display: Worker (7/9): shaders left to compile 29
[2025.09.29-14.23.21:144][733]LogShaderCompilers: Display: Worker (5/9): shaders left to compile 28
[2025.09.29-14.23.21:205][737]LogShaderCompilers: Display: Worker (2/9): shaders left to compile 27
[2025.09.29-14.23.21:237][739]LogShaderCompilers: Display: Worker (1/9): shaders left to compile 26
[2025.09.29-14.23.21:279][742]LogShaderCompilers: Display: Worker (3/9): shaders left to compile 25
[2025.09.29-14.23.21:305][744]LogShaderCompilers: Display: Worker (4/9): shaders left to compile 24
[2025.09.29-14.23.21:324][745]LogMaterialEditor: Saving and Compiling material Default_Material
[2025.09.29-14.23.21:678][745]LogShaderCompilers: Display: Worker (8/9): shaders left to compile 23
[2025.09.29-14.23.21:678][745]LogShaderCompilers: Display: Worker (2/9): shaders left to compile 22
[2025.09.29-14.23.21:678][745]LogShaderCompilers: Display: Worker (6/9): shaders left to compile 21
[2025.09.29-14.23.21:678][745]LogShaderCompilers: Display: Worker (7/9): shaders left to compile 20
[2025.09.29-14.23.21:678][745]LogShaderCompilers: Display: Worker (5/9): shaders left to compile 19
[2025.09.29-14.23.21:678][745]LogShaderCompilers: Display: Worker (8/9): shaders left to compile 18
[2025.09.29-14.23.21:678][745]LogShaderCompilers: Display: Worker (4/9): shaders left to compile 17
[2025.09.29-14.23.21:678][745]LogShaderCompilers: Display: Worker (1/9): shaders left to compile 16
[2025.09.29-14.23.21:678][745]LogShaderCompilers: Display: Worker (2/9): shaders left to compile 15
[2025.09.29-14.23.21:678][745]LogShaderCompilers: Display: Worker (6/9): shaders left to compile 14
[2025.09.29-14.23.21:678][745]LogShaderCompilers: Display: Worker (3/9): shaders left to compile 13
[2025.09.29-14.23.21:678][745]LogShaderCompilers: Display: Worker (7/9): shaders left to compile 12
[2025.09.29-14.23.21:678][745]LogShaderCompilers: Display: Worker (5/9): shaders left to compile 11
[2025.09.29-14.23.21:678][745]LogShaderCompilers: Display: Worker (8/9): shaders left to compile 10
[2025.09.29-14.23.21:678][745]LogShaderCompilers: Display: Worker (4/9): shaders left to compile 9
[2025.09.29-14.23.21:678][745]LogShaderCompilers: Display: Worker (6/9): shaders left to compile 8
[2025.09.29-14.23.21:692][745]LogMaterial: Display: Missing cached shader map for material Default_Material, compiling. 
[2025.09.29-14.23.21:740][745]LogShaderCompilers: Display: Worker (5/9): shaders left to compile 4
[2025.09.29-14.23.21:740][745]LogShaderCompilers: Display: Worker (1/9): shaders left to compile 3
[2025.09.29-14.23.21:740][745]LogShaderCompilers: Display: Worker (2/9): shaders left to compile 2
[2025.09.29-14.23.21:761][745]LogMaterial: Display: Missing cached shader map for material Default_Material, compiling. 
[2025.09.29-14.23.21:787][745]LogShaderCompilers: Display: Worker (3/9): shaders left to compile 60
[2025.09.29-14.23.21:797][745]LogMaterial: Display: Missing cached shader map for material Default_Material, compiling. 
[2025.09.29-14.23.21:849][745]LogShaderCompilers: Display: Worker (6/9): shaders left to compile 119
[2025.09.29-14.23.21:849][745]LogShaderCompilers: Display: Worker (7/9): shaders left to compile 118
[2025.09.29-14.23.21:849][745]LogShaderCompilers: Display: Worker (8/9): shaders left to compile 117
[2025.09.29-14.23.21:849][745]LogUObjectHash: Compacting FUObjectHashTables data took   1.81ms
[2025.09.29-14.23.21:855][745]LogMaterial: Display: Missing cached shader map for material DebugViewMode MaterialTexCoordScale, compiling. 
[2025.09.29-14.23.23:203][745]LogShaderCompilers: Display: Worker (4/9): shaders left to compile 118
[2025.09.29-14.23.23:203][745]LogShaderCompilers: Display: Worker (2/9): shaders left to compile 117
[2025.09.29-14.23.23:203][745]LogShaderCompilers: Display: Worker (3/9): shaders left to compile 116
[2025.09.29-14.23.23:203][745]LogShaderCompilers: Display: Worker (1/9): shaders left to compile 115
[2025.09.29-14.23.23:203][745]LogShaderCompilers: Display: Worker (5/9): shaders left to compile 114
[2025.09.29-14.23.23:203][745]LogShaderCompilers: Display: Worker (7/9): shaders left to compile 113
[2025.09.29-14.23.23:203][745]LogShaderCompilers: Display: Worker (8/9): shaders left to compile 112
[2025.09.29-14.23.23:203][745]LogShaderCompilers: Display: Worker (6/9): shaders left to compile 111
[2025.09.29-14.23.23:203][745]LogShaderCompilers: Display: Worker (4/9): shaders left to compile 110
[2025.09.29-14.23.23:203][745]LogShaderCompilers: Display: Worker (5/9): shaders left to compile 109
[2025.09.29-14.23.23:203][745]LogShaderCompilers: Display: Worker (2/9): shaders left to compile 108
[2025.09.29-14.23.23:203][745]LogShaderCompilers: Display: Worker (3/9): shaders left to compile 107
[2025.09.29-14.23.23:203][745]LogShaderCompilers: Display: Worker (1/9): shaders left to compile 106
[2025.09.29-14.23.23:203][745]LogShaderCompilers: Display: Worker (7/9): shaders left to compile 105
[2025.09.29-14.23.23:203][745]LogShaderCompilers: Display: Worker (4/9): shaders left to compile 104
[2025.09.29-14.23.23:203][745]LogShaderCompilers: Display: Worker (8/9): shaders left to compile 103
[2025.09.29-14.23.23:203][745]LogShaderCompilers: Display: Worker (6/9): shaders left to compile 102
[2025.09.29-14.23.23:203][745]LogShaderCompilers: Display: Worker (3/9): shaders left to compile 101
[2025.09.29-14.23.23:203][745]LogShaderCompilers: Display: Worker (5/9): shaders left to compile 100
[2025.09.29-14.23.23:203][745]LogShaderCompilers: Display: Worker (4/9): shaders left to compile 99
[2025.09.29-14.23.23:203][745]LogShaderCompilers: Display: Worker (2/9): shaders left to compile 98
[2025.09.29-14.23.23:203][745]LogShaderCompilers: Display: Worker (1/9): shaders left to compile 97
[2025.09.29-14.23.23:203][745]LogShaderCompilers: Display: Worker (7/9): shaders left to compile 96
[2025.09.29-14.23.23:203][745]LogShaderCompilers: Display: Worker (5/9): shaders left to compile 95
[2025.09.29-14.23.23:203][745]LogShaderCompilers: Display: Worker (3/9): shaders left to compile 94
[2025.09.29-14.23.23:203][745]LogShaderCompilers: Display: Worker (4/9): shaders left to compile 93
[2025.09.29-14.23.23:203][745]LogShaderCompilers: Display: Worker (2/9): shaders left to compile 92
[2025.09.29-14.23.23:203][745]LogShaderCompilers: Display: Worker (8/9): shaders left to compile 91
[2025.09.29-14.23.23:204][745]LogShaderCompilers: Display: Worker (1/9): shaders left to compile 90
[2025.09.29-14.23.23:204][745]LogShaderCompilers: Display: Worker (6/9): shaders left to compile 89
[2025.09.29-14.23.23:204][745]LogShaderCompilers: Display: Worker (7/9): shaders left to compile 88
[2025.09.29-14.23.23:204][745]LogShaderCompilers: Display: Worker (3/9): shaders left to compile 87
[2025.09.29-14.23.23:204][745]LogShaderCompilers: Display: Worker (5/9): shaders left to compile 86
[2025.09.29-14.23.23:204][745]LogShaderCompilers: Display: Worker (8/9): shaders left to compile 85
[2025.09.29-14.23.23:204][745]LogShaderCompilers: Display: Worker (7/9): shaders left to compile 84
[2025.09.29-14.23.23:204][745]LogShaderCompilers: Display: Worker (4/9): shaders left to compile 83
[2025.09.29-14.23.23:204][745]LogShaderCompilers: Display: Worker (2/9): shaders left to compile 82
[2025.09.29-14.23.23:204][745]LogShaderCompilers: Display: Worker (1/9): shaders left to compile 81
[2025.09.29-14.23.23:204][745]LogShaderCompilers: Display: Worker (6/9): shaders left to compile 80
[2025.09.29-14.23.23:204][745]LogShaderCompilers: Display: Worker (8/9): shaders left to compile 79
[2025.09.29-14.23.23:204][745]LogShaderCompilers: Display: Worker (3/9): shaders left to compile 78
[2025.09.29-14.23.23:204][745]LogShaderCompilers: Display: Worker (5/9): shaders left to compile 77
[2025.09.29-14.23.23:204][745]LogShaderCompilers: Display: Worker (1/9): shaders left to compile 76
[2025.09.29-14.23.23:204][745]LogShaderCompilers: Display: Worker (7/9): shaders left to compile 75
[2025.09.29-14.23.23:204][745]LogShaderCompilers: Display: Worker (2/9): shaders left to compile 74
[2025.09.29-14.23.23:204][745]LogShaderCompilers: Display: Worker (6/9): shaders left to compile 73
[2025.09.29-14.23.23:204][745]LogShaderCompilers: Display: Worker (4/9): shaders left to compile 72
[2025.09.29-14.23.23:204][745]LogShaderCompilers: Display: Worker (8/9): shaders left to compile 71
[2025.09.29-14.23.23:204][745]LogShaderCompilers: Display: Worker (5/9): shaders left to compile 70
[2025.09.29-14.23.23:204][745]LogShaderCompilers: Display: Worker (3/9): shaders left to compile 69
[2025.09.29-14.23.23:204][745]LogShaderCompilers: Display: Worker (7/9): shaders left to compile 68
[2025.09.29-14.23.23:204][745]LogShaderCompilers: Display: Worker (1/9): shaders left to compile 67
[2025.09.29-14.23.23:204][745]LogShaderCompilers: Display: Worker (4/9): shaders left to compile 66
[2025.09.29-14.23.23:204][745]LogShaderCompilers: Display: Worker (3/9): shaders left to compile 65
[2025.09.29-14.23.23:204][745]LogShaderCompilers: Display: Worker (2/9): shaders left to compile 64
[2025.09.29-14.23.23:204][745]LogShaderCompilers: Display: Worker (6/9): shaders left to compile 63
[2025.09.29-14.23.23:204][745]LogShaderCompilers: Display: Worker (8/9): shaders left to compile 62
[2025.09.29-14.23.23:204][745]LogShaderCompilers: Display: Worker (5/9): shaders left to compile 61
[2025.09.29-14.23.23:204][745]LogShaderCompilers: Display: Worker (4/9): shaders left to compile 60
[2025.09.29-14.23.23:204][745]LogShaderCompilers: Display: Worker (7/9): shaders left to compile 52
[2025.09.29-14.23.23:204][745]LogShaderCompilers: Display: Worker (1/9): shaders left to compile 45
[2025.09.29-14.23.23:204][745]LogShaderCompilers: Display: Worker (6/9): shaders left to compile 39
[2025.09.29-14.23.23:204][745]LogShaderCompilers: Display: Worker (3/9): shaders left to compile 34
[2025.09.29-14.23.23:204][745]LogShaderCompilers: Display: Worker (8/9): shaders left to compile 29
[2025.09.29-14.23.23:204][745]LogShaderCompilers: Display: Worker (2/9): shaders left to compile 25
[2025.09.29-14.23.23:204][745]LogShaderCompilers: Display: Worker (5/9): shaders left to compile 21
[2025.09.29-14.23.23:207][745]TextureStreamingBuild: Display: Compiling optional shaders took 1.357 seconds.
[2025.09.29-14.23.23:236][745]LogUObjectHash: Compacting FUObjectHashTables data took   1.07ms
[2025.09.29-14.23.24:355][745]LogShaderCompilers: Display: Worker (5/9): shaders left to compile 18
[2025.09.29-14.23.24:355][745]LogShaderCompilers: Display: Worker (6/9): shaders left to compile 15
[2025.09.29-14.23.24:355][745]LogShaderCompilers: Display: Worker (3/9): shaders left to compile 13
[2025.09.29-14.23.24:355][745]LogShaderCompilers: Display: Worker (5/9): shaders left to compile 11
[2025.09.29-14.23.24:355][745]LogShaderCompilers: Display: Worker (8/9): shaders left to compile 9
[2025.09.29-14.23.24:355][745]LogShaderCompilers: Display: Worker (2/9): shaders left to compile 7
[2025.09.29-14.23.24:355][745]LogShaderCompilers: Display: Worker (6/9): shaders left to compile 6
[2025.09.29-14.23.24:355][745]LogShaderCompilers: Display: Worker (4/9): shaders left to compile 5
[2025.09.29-14.23.24:355][745]LogShaderCompilers: Display: Worker (2/9): shaders left to compile 4
[2025.09.29-14.23.24:355][745]LogShaderCompilers: Display: Worker (4/9): shaders left to compile 3
[2025.09.29-14.23.24:355][745]LogShaderCompilers: Display: Worker (6/9): shaders left to compile 2
[2025.09.29-14.23.24:355][745]LogShaderCompilers: Display: Worker (5/9): shaders left to compile 1
[2025.09.29-14.23.24:371][745]Cmd: OBJ SAVEPACKAGE PACKAGE="/Game/Mannequin/Cat/Default_Material" FILE="E:/GameJamHGGUnreal4.23.1/GameJamCrew/Content/Mannequin/Cat/Default_Material.uasset" SILENT=true
[2025.09.29-14.23.24:378][745]LogSavePackage: Moving 'E:/GameJamHGGUnreal4.23.1/GameJamCrew/Saved/Default_MaterialB9DF02214849FBFB20E42E8B0D64312D.tmp' to 'E:/GameJamHGGUnreal4.23.1/GameJamCrew/Content/Mannequin/Cat/Default_Material.uasset'
[2025.09.29-14.23.24:397][745]MaterialEditorStats: Base pass shader: 128 instructions
[2025.09.29-14.23.24:397][745]MaterialEditorStats: Base pass shader with Volumetric Lightmap: 206 instructions
[2025.09.29-14.23.24:397][745]MaterialEditorStats: Base pass vertex shader: 44 instructions
[2025.09.29-14.23.24:397][745]MaterialEditorStats: Base pass vertex shader: 87 instructions
[2025.09.29-14.23.24:397][745]MaterialEditorStats: Texture samplers: 7/16
[2025.09.29-14.23.24:397][745]MaterialEditorStats: Texture Lookups (Est.): VS(0), PS(4)
[2025.09.29-14.23.24:397][745]MaterialEditorStats: User interpolators: 2/4 Scalars (1/4 Vectors) (TexCoords: 2, Custom: 0)
[2025.09.29-14.23.32:243][684]LogSlate: FSceneViewport::OnFocusLost() reason 0
[2025.09.29-14.23.32:335][695]LogSlate: Window 'Default_Material' being destroyed
[2025.09.29-14.23.32:361][695]LogWorld: UWorld::CleanupWorld for World_20, bSessionEnded=true, bCleanupResources=true
[2025.09.29-14.23.35:705][ 94]LogAssetEditorManager: Opening Asset editor for AnimSequence /Game/Mannequin/Cat/Idle.Idle
[2025.09.29-14.23.35:710][ 94]LogActorComponent: RegisterComponentWithWorld: (/Engine/Transient.World_21:PersistentLevel.AnimationEditorPreviewActor_0.DebugSkelMeshComponent_0) Already registered. Aborting.
[2025.09.29-14.23.35:725][ 94]LogSkeletalMesh: USkeletalMeshComponent::InitArticulated : Bodies already created (/Engine/Transient.World_21:PersistentLevel.AnimationEditorPreviewActor_0.DebugSkelMeshComponent_0) - call TermArticulated first.
[2025.09.29-14.23.35:868][ 94]LogContentBrowser: Verbose: The majority of assets in the view are of type: AnimSequence
[2025.09.29-14.23.38:383][371]LogSlate: FSceneViewport::OnFocusLost() reason 0
[2025.09.29-14.23.38:491][384]LogSlate: Window 'Idle' being destroyed
[2025.09.29-14.23.38:496][384]LogWorld: UWorld::CleanupWorld for World_21, bSessionEnded=true, bCleanupResources=true
[2025.09.29-14.23.38:512][384]LogWorld: UWorld::CleanupWorld for World_23, bSessionEnded=true, bCleanupResources=true
[2025.09.29-14.23.38:559][384]LogWorld: UWorld::CleanupWorld for World_22, bSessionEnded=true, bCleanupResources=true
[2025.09.29-14.23.49:910][726]Cmd: OBJ SAVEPACKAGE PACKAGE="/Game/Mannequin/Cat/Cat_Material" FILE="E:/GameJamHGGUnreal4.23.1/GameJamCrew/Content/Mannequin/Cat/Cat_Material.uasset" SILENT=true
[2025.09.29-14.23.49:916][726]LogSavePackage: Moving 'E:/GameJamHGGUnreal4.23.1/GameJamCrew/Saved/Cat_Material9F35D75945A68A365506EC94076E4DA1.tmp' to 'E:/GameJamHGGUnreal4.23.1/GameJamCrew/Content/Mannequin/Cat/Cat_Material.uasset'
[2025.09.29-14.23.50:030][726]LogUObjectHash: Compacting FUObjectHashTables data took   1.51ms
[2025.09.29-14.23.50:052][726]LogUObjectHash: Compacting FUObjectHashTables data took   1.32ms
[2025.09.29-14.23.50:068][726]LogUObjectHash: Compacting FUObjectHashTables data took   0.69ms
[2025.09.29-14.23.50:082][726]Cmd: OBJ SAVEPACKAGE PACKAGE="/Game/Mannequin/Cat/ska" FILE="E:/GameJamHGGUnreal4.23.1/GameJamCrew/Content/Mannequin/Cat/ska.uasset" SILENT=true
[2025.09.29-14.23.50:087][726]LogSavePackage: Moving 'E:/GameJamHGGUnreal4.23.1/GameJamCrew/Saved/ska6BF0EBFF4C2B6DDFD742658F70407632.tmp' to 'E:/GameJamHGGUnreal4.23.1/GameJamCrew/Content/Mannequin/Cat/ska.uasset'
[2025.09.29-14.23.58:607][695]LogAssetEditorManager: Opening Asset editor for BlendSpace1D /Game/Mannequin/Animations/ThirdPerson_IdleRun_2D.ThirdPerson_IdleRun_2D
[2025.09.29-14.23.58:612][695]LogActorComponent: RegisterComponentWithWorld: (/Engine/Transient.World_24:PersistentLevel.AnimationEditorPreviewActor_0.DebugSkelMeshComponent_0) Already registered. Aborting.
[2025.09.29-14.23.58:620][695]LogSkeletalMesh: USkeletalMeshComponent::InitArticulated : Bodies already created (/Engine/Transient.World_24:PersistentLevel.AnimationEditorPreviewActor_0.DebugSkelMeshComponent_0) - call TermArticulated first.
[2025.09.29-14.23.58:751][695]LogContentBrowser: Verbose: The majority of assets in the view are of type: AnimSequence
[2025.09.29-14.24.03:101][217]LogSlate: FSceneViewport::OnFocusLost() reason 0
[2025.09.29-14.24.03:202][229]LogWorld: UWorld::CleanupWorld for World_24, bSessionEnded=true, bCleanupResources=true
[2025.09.29-14.24.03:258][229]LogWorld: UWorld::CleanupWorld for World_25, bSessionEnded=true, bCleanupResources=true
[2025.09.29-14.24.04:492][357]LogAssetEditorManager: Opening Asset editor for AnimBlueprint /Game/Mannequin/Animations/ThirdPerson_AnimBP.ThirdPerson_AnimBP
[2025.09.29-14.24.04:499][357]LogActorComponent: RegisterComponentWithWorld: (/Engine/Transient.World_27:PersistentLevel.AnimationEditorPreviewActor_0.DebugSkelMeshComponent_0) Already registered. Aborting.
[2025.09.29-14.24.04:666][357]LogSkeletalMesh: USkeletalMeshComponent::InitArticulated : Bodies already created (/Engine/Transient.World_27:PersistentLevel.AnimationEditorPreviewActor_0.DebugSkelMeshComponent_0) - call TermArticulated first.
[2025.09.29-14.24.10:908][ 89]LogTemp: Repeating last play command: Selected Viewport
[2025.09.29-14.24.10:911][ 89]LogBlueprintUserMessages: Early PlayInEditor Detection: Level '/Game/Levels/CheeseFactory_001.CheeseFactory_001:PersistentLevel' has LevelScriptBlueprint '/Game/Levels/CheeseFactory_001.CheeseFactory_001:PersistentLevel.CheeseFactory_001' with GeneratedClass '/Game/Levels/CheeseFactory_001.CheeseFactory_001_C' with ClassGeneratedBy '/Game/Levels/CheeseFactory_001.CheeseFactory_001:PersistentLevel.CheeseFactory_001'
[2025.09.29-14.24.10:911][ 89]BlueprintLog: New page: Pre-Play auto-recompile
[2025.09.29-14.24.10:912][ 89]LogPlayLevel: [PlayLevel] Compiling ThirdPerson_AnimBP before play...
[2025.09.29-14.24.11:030][ 89]LogUObjectHash: Compacting FUObjectHashTables data took   2.14ms
[2025.09.29-14.24.11:030][ 89]LogPlayLevel: PlayLevel: Blueprint regeneration took 119 ms (1 blueprints)
[2025.09.29-14.24.11:030][ 89]PIE: New page: PIE session: CheeseFactory_001 (29 Sep 2025 6:24:11 pm)
[2025.09.29-14.24.11:031][ 89]LogPlayLevel: Creating play world package: /Game/Levels/UEDPIE_0_CheeseFactory_001
[2025.09.29-14.24.11:058][ 89]LogPlayLevel: PIE: StaticDuplicateObject took: (0.027283s)
[2025.09.29-14.24.11:058][ 89]LogAIModule: Creating AISystem for world CheeseFactory_001
[2025.09.29-14.24.11:058][ 89]LogPlayLevel: PIE: World Init took: (0.000571s)
[2025.09.29-14.24.11:058][ 89]LogPlayLevel: PIE: Created PIE world by copying editor world from /Game/Levels/CheeseFactory_001.CheeseFactory_001 to /Game/Levels/UEDPIE_0_CheeseFactory_001.CheeseFactory_001 (0.027977s)
[2025.09.29-14.24.11:076][ 89]LogUObjectHash: Compacting FUObjectHashTables data took   1.52ms
[2025.09.29-14.24.11:088][ 89]LogInit: XAudio2 using 'Högtalare (Yeti Classic)' : 6 channels at 44.1 kHz using 16 bits per sample (channel mask 0x3f)
[2025.09.29-14.24.11:098][ 89]LogInit: FAudioDevice initialized.
[2025.09.29-14.24.11:108][ 89]LogLoad: Game class is 'ThirdPersonGameMode_C'
[2025.09.29-14.24.11:116][ 89]LogWorld: Bringing World /Game/Levels/UEDPIE_0_CheeseFactory_001.CheeseFactory_001 up for play (max tick rate 0) at 2025.09.29-16.24.11
[2025.09.29-14.24.11:117][ 89]LogWorld: Bringing up level for play took: 0.008107
[2025.09.29-14.24.11:117][ 89]LogOnline: OSS: Creating online subsystem instance for: :Context_31
[2025.09.29-14.24.11:118][ 89]PIE: Play in editor start time for /Game/Levels/UEDPIE_0_CheeseFactory_001 -0.171
[2025.09.29-14.24.11:118][ 89]LogBlueprintUserMessages: Late PlayInEditor Detection: Level '/Game/Levels/CheeseFactory_001.CheeseFactory_001:PersistentLevel' has LevelScriptBlueprint '/Game/Levels/CheeseFactory_001.CheeseFactory_001:PersistentLevel.CheeseFactory_001' with GeneratedClass '/Game/Levels/CheeseFactory_001.CheeseFactory_001_C' with ClassGeneratedBy '/Game/Levels/CheeseFactory_001.CheeseFactory_001:PersistentLevel.CheeseFactory_001'
[2025.09.29-14.24.12:823][290]LogBlueprintUserMessages: Early EndPlayMap Detection: Level '/Game/Levels/CheeseFactory_001.CheeseFactory_001:PersistentLevel' has LevelScriptBlueprint '/Game/Levels/CheeseFactory_001.CheeseFactory_001:PersistentLevel.CheeseFactory_001' with GeneratedClass '/Game/Levels/CheeseFactory_001.CheeseFactory_001_C' with ClassGeneratedBy '/Game/Levels/CheeseFactory_001.CheeseFactory_001:PersistentLevel.CheeseFactory_001'
[2025.09.29-14.24.12:823][290]LogSlate: Updating window title bar state: overlay mode, drag disabled, window buttons hidden, title bar hidden
[2025.09.29-14.24.12:823][290]LogWorld: BeginTearingDown for /Game/Levels/UEDPIE_0_CheeseFactory_001
[2025.09.29-14.24.12:823][290]LogWorld: UWorld::CleanupWorld for CheeseFactory_001, bSessionEnded=true, bCleanupResources=true
[2025.09.29-14.24.12:836][290]LogPlayLevel: Display: Shutting down PIE online subsystems
[2025.09.29-14.24.12:836][290]LogBlueprintUserMessages: Late EndPlayMap Detection: Level '/Game/Levels/CheeseFactory_001.CheeseFactory_001:PersistentLevel' has LevelScriptBlueprint '/Game/Levels/CheeseFactory_001.CheeseFactory_001:PersistentLevel.CheeseFactory_001' with GeneratedClass '/Game/Levels/CheeseFactory_001.CheeseFactory_001_C' with ClassGeneratedBy '/Game/Levels/CheeseFactory_001.CheeseFactory_001:PersistentLevel.CheeseFactory_001'
[2025.09.29-14.24.12:860][290]LogSlate: Updating window title bar state: overlay mode, drag disabled, window buttons hidden, title bar hidden
[2025.09.29-14.24.12:865][290]LogUObjectHash: Compacting FUObjectHashTables data took   1.38ms
[2025.09.29-14.24.12:929][296]LogPlayLevel: Display: Destroying online subsystem :Context_31
[2025.09.29-14.24.13:161][323]LogSlate: FSceneViewport::OnFocusLost() reason 5
[2025.09.29-14.24.13:167][323]Cmd: OBJ SAVEPACKAGE PACKAGE="/Game/Levels/CheeseFactory_001" FILE="E:/GameJamHGGUnreal4.23.1/GameJamCrew/Content/Levels/CheeseFactory_001.umap" SILENT=true AUTOSAVING=false KEEPDIRTY=false
[2025.09.29-14.24.13:185][323]LogUObjectHash: Compacting FUObjectHashTables data took   0.57ms
[2025.09.29-14.24.13:475][323]LogSavePackage: Moving 'E:/GameJamHGGUnreal4.23.1/GameJamCrew/Saved/CheeseFactory_001FD787A524569D9B48A939D93075CC884.tmp' to 'E:/GameJamHGGUnreal4.23.1/GameJamCrew/Content/Levels/CheeseFactory_001.umap'
[2025.09.29-14.24.13:675][344]LogSlate: FSceneViewport::OnFocusLost() reason 0
[2025.09.29-14.24.22:259][627]LogTemp: Repeating last play command: Selected Viewport
[2025.09.29-14.24.22:264][627]LogBlueprintUserMessages: Early PlayInEditor Detection: Level '/Game/Levels/CheeseFactory_001.CheeseFactory_001:PersistentLevel' has LevelScriptBlueprint '/Game/Levels/CheeseFactory_001.CheeseFactory_001:PersistentLevel.CheeseFactory_001' with GeneratedClass '/Game/Levels/CheeseFactory_001.CheeseFactory_001_C' with ClassGeneratedBy '/Game/Levels/CheeseFactory_001.CheeseFactory_001:PersistentLevel.CheeseFactory_001'
[2025.09.29-14.24.22:265][627]LogPlayLevel: PlayLevel: No blueprints needed recompiling
[2025.09.29-14.24.22:265][627]PIE: New page: PIE session: CheeseFactory_001 (29 Sep 2025 6:24:22 pm)
[2025.09.29-14.24.22:265][627]LogPlayLevel: Creating play world package: /Game/Levels/UEDPIE_0_CheeseFactory_001
[2025.09.29-14.24.22:291][627]LogPlayLevel: PIE: StaticDuplicateObject took: (0.025897s)
[2025.09.29-14.24.22:291][627]LogAIModule: Creating AISystem for world CheeseFactory_001
[2025.09.29-14.24.22:291][627]LogPlayLevel: PIE: World Init took: (0.000585s)
[2025.09.29-14.24.22:291][627]LogPlayLevel: PIE: Created PIE world by copying editor world from /Game/Levels/CheeseFactory_001.CheeseFactory_001 to /Game/Levels/UEDPIE_0_CheeseFactory_001.CheeseFactory_001 (0.026616s)
[2025.09.29-14.24.22:311][627]LogUObjectHash: Compacting FUObjectHashTables data took   1.79ms
[2025.09.29-14.24.22:324][627]LogInit: XAudio2 using 'Högtalare (Yeti Classic)' : 6 channels at 44.1 kHz using 16 bits per sample (channel mask 0x3f)
[2025.09.29-14.24.22:333][627]LogInit: FAudioDevice initialized.
[2025.09.29-14.24.22:338][627]LogLoad: Game class is 'ThirdPersonGameMode_C'
[2025.09.29-14.24.22:345][627]LogWorld: Bringing World /Game/Levels/UEDPIE_0_CheeseFactory_001.CheeseFactory_001 up for play (max tick rate 0) at 2025.09.29-16.24.22
[2025.09.29-14.24.22:345][627]LogWorld: Bringing up level for play took: 0.008275
[2025.09.29-14.24.22:347][627]LogOnline: OSS: Creating online subsystem instance for: :Context_32
[2025.09.29-14.24.22:349][627]PIE: Play in editor start time for /Game/Levels/UEDPIE_0_CheeseFactory_001 1.059
[2025.09.29-14.24.22:349][627]LogBlueprintUserMessages: Late PlayInEditor Detection: Level '/Game/Levels/CheeseFactory_001.CheeseFactory_001:PersistentLevel' has LevelScriptBlueprint '/Game/Levels/CheeseFactory_001.CheeseFactory_001:PersistentLevel.CheeseFactory_001' with GeneratedClass '/Game/Levels/CheeseFactory_001.CheeseFactory_001_C' with ClassGeneratedBy '/Game/Levels/CheeseFactory_001.CheeseFactory_001:PersistentLevel.CheeseFactory_001'
[2025.09.29-14.24.24:184][845]LogBlueprintUserMessages: Early EndPlayMap Detection: Level '/Game/Levels/CheeseFactory_001.CheeseFactory_001:PersistentLevel' has LevelScriptBlueprint '/Game/Levels/CheeseFactory_001.CheeseFactory_001:PersistentLevel.CheeseFactory_001' with GeneratedClass '/Game/Levels/CheeseFactory_001.CheeseFactory_001_C' with ClassGeneratedBy '/Game/Levels/CheeseFactory_001.CheeseFactory_001:PersistentLevel.CheeseFactory_001'
[2025.09.29-14.24.24:185][845]LogSlate: Updating window title bar state: overlay mode, drag disabled, window buttons hidden, title bar hidden
[2025.09.29-14.24.24:185][845]LogWorld: BeginTearingDown for /Game/Levels/UEDPIE_0_CheeseFactory_001
[2025.09.29-14.24.24:185][845]LogWorld: UWorld::CleanupWorld for CheeseFactory_001, bSessionEnded=true, bCleanupResources=true
[2025.09.29-14.24.24:199][845]LogPlayLevel: Display: Shutting down PIE online subsystems
[2025.09.29-14.24.24:199][845]LogBlueprintUserMessages: Late EndPlayMap Detection: Level '/Game/Levels/CheeseFactory_001.CheeseFactory_001:PersistentLevel' has LevelScriptBlueprint '/Game/Levels/CheeseFactory_001.CheeseFactory_001:PersistentLevel.CheeseFactory_001' with GeneratedClass '/Game/Levels/CheeseFactory_001.CheeseFactory_001_C' with ClassGeneratedBy '/Game/Levels/CheeseFactory_001.CheeseFactory_001:PersistentLevel.CheeseFactory_001'
[2025.09.29-14.24.24:224][845]LogSlate: Updating window title bar state: overlay mode, drag disabled, window buttons hidden, title bar hidden
[2025.09.29-14.24.24:228][845]LogUObjectHash: Compacting FUObjectHashTables data took   1.51ms
[2025.09.29-14.24.24:287][851]LogPlayLevel: Display: Destroying online subsystem :Context_32
[2025.09.29-14.24.24:519][878]LogSlate: FSceneViewport::OnFocusLost() reason 5
[2025.09.29-14.24.24:524][878]Cmd: OBJ SAVEPACKAGE PACKAGE="/Game/Levels/CheeseFactory_001" FILE="E:/GameJamHGGUnreal4.23.1/GameJamCrew/Content/Levels/CheeseFactory_001.umap" SILENT=true AUTOSAVING=false KEEPDIRTY=false
[2025.09.29-14.24.24:543][878]LogUObjectHash: Compacting FUObjectHashTables data took   0.59ms
[2025.09.29-14.24.24:823][878]LogSavePackage: Moving 'E:/GameJamHGGUnreal4.23.1/GameJamCrew/Saved/CheeseFactory_0015FD1D41349CEFD70BACA8882CC3A5575.tmp' to 'E:/GameJamHGGUnreal4.23.1/GameJamCrew/Content/Levels/CheeseFactory_001.umap'
[2025.09.29-14.24.33:840][367]LogSlate: FSceneViewport::OnFocusLost() reason 0
[2025.09.29-14.24.45:037][524]Cmd: OBJ SAVEPACKAGE PACKAGE="/Game/Mannequin/Animations/ThirdPerson_AnimBP" FILE="E:/GameJamHGGUnreal4.23.1/GameJamCrew/Content/Mannequin/Animations/ThirdPerson_AnimBP.uasset" SILENT=true
[2025.09.29-14.24.45:059][524]LogSavePackage: Moving 'E:/GameJamHGGUnreal4.23.1/GameJamCrew/Saved/ThirdPerson_AnimBPF653511A4F32F2D5F1EA11AA16D29636.tmp' to 'E:/GameJamHGGUnreal4.23.1/GameJamCrew/Content/Mannequin/Animations/ThirdPerson_AnimBP.uasset'
[2025.09.29-14.24.45:068][524]Cmd: OBJ SAVEPACKAGE PACKAGE="/Game/Mannequin/Animations/ThirdPerson_IdleRun_2D" FILE="E:/GameJamHGGUnreal4.23.1/GameJamCrew/Content/Mannequin/Animations/ThirdPerson_IdleRun_2D.uasset" SILENT=true
[2025.09.29-14.24.45:074][524]LogSavePackage: Moving 'E:/GameJamHGGUnreal4.23.1/GameJamCrew/Saved/ThirdPerson_IdleRun_2DDE6E3D4F4E6BA19AB9770FA04DDB8F39.tmp' to 'E:/GameJamHGGUnreal4.23.1/GameJamCrew/Content/Mannequin/Animations/ThirdPerson_IdleRun_2D.uasset'
[2025.09.29-14.24.53:803][421]LogContentBrowser: Verbose: The majority of assets in the view are of type: AnimSequence
[2025.09.29-14.25.03:634][512]LogSlate: FSceneViewport::OnFocusLost() reason 5
[2025.09.29-14.25.07:791][910]LogSlate: Window 'ThirdPerson_AnimBP' being destroyed
[2025.09.29-14.25.17:304][ 50]LogWorld: UWorld::CleanupWorld for World_27, bSessionEnded=true, bCleanupResources=true
[2025.09.29-14.25.17:306][ 50]LogWorld: UWorld::CleanupWorld for World_26, bSessionEnded=true, bCleanupResources=true
[2025.09.29-14.25.17:361][ 50]LogWorld: UWorld::CleanupWorld for World_28, bSessionEnded=true, bCleanupResources=true
[2025.09.29-14.27.06:771][481]LogEditorSessionSummary: EditorSessionSummary sent report. Type=Shutdown, SessionId={3632E5D2-4526-350C-A451-6588CCECF6B0}
[2025.09.29-14.27.08:608][666]LogUObjectHash: Compacting FUObjectHashTables data took   1.81ms
[2025.09.29-14.27.09:841][666]LogSlate: Window 'Delete Assets' being destroyed
[2025.09.29-14.27.31:181][666]LogUObjectGlobals: Force Deleting 4 Package(s):
	Asset Name: /Game/Mannequin/Character/cat_fixed.cat_fixed
	Asset Name: /Game/Mannequin/Character/cat_fixed_PhysicsAsset.cat_fixed_PhysicsAsset
	Asset Name: /Game/Mannequin/Character/cat_fixed_Skeleton.cat_fixed_Skeleton
	Asset Name: /Game/Mannequin/Character/standardSurface1.standardSurface1
[2025.09.29-14.27.31:318][666]LogSkeletalMesh: Building Skeletal Mesh cat_fixed...
[2025.09.29-14.27.31:319][666]LogSkeletalMesh: Built Skeletal Mesh [0.00s] /Game/Mannequin/Character/cat_fixed.cat_fixed
[2025.09.29-14.27.31:322][666]LogSkeletalMesh: Building Skeletal Mesh cat_fixed...
[2025.09.29-14.27.31:324][666]LogSkeletalMesh: Built Skeletal Mesh [0.00s] /Game/Mannequin/Character/cat_fixed.cat_fixed
[2025.09.29-14.27.31:324][666]LogSkeletalMesh: Building Skeletal Mesh cat_fixed...
[2025.09.29-14.27.31:325][666]LogSkeletalMesh: Built Skeletal Mesh [0.00s] /Game/Mannequin/Character/cat_fixed.cat_fixed
[2025.09.29-14.27.31:841][666]LogUObjectHash: Compacting FUObjectHashTables data took   1.40ms
[2025.09.29-14.27.31:858][666]LogUObjectHash: Compacting FUObjectHashTables data took   0.58ms
[2025.09.29-14.27.31:875][666]LogUObjectHash: Compacting FUObjectHashTables data took   0.65ms
[2025.09.29-14.27.31:891][666]LogUObjectHash: Compacting FUObjectHashTables data took   0.57ms
[2025.09.29-14.27.31:906][666]LogUObjectHash: Compacting FUObjectHashTables data took   1.47ms
[2025.09.29-14.27.31:921][666]LogUObjectHash: Compacting FUObjectHashTables data took   0.67ms
[2025.09.29-14.28.09:866][212]Cmd: OBJ SAVEPACKAGE PACKAGE="/Game/Levels/CheeseFactory_001" FILE="E:/GameJamHGGUnreal4.23.1/GameJamCrew/Content/Levels/CheeseFactory_001.umap" SILENT=true AUTOSAVING=false KEEPDIRTY=false
[2025.09.29-14.28.09:882][212]LogUObjectHash: Compacting FUObjectHashTables data took   0.73ms
[2025.09.29-14.28.10:159][212]LogSavePackage: Moving 'E:/GameJamHGGUnreal4.23.1/GameJamCrew/Saved/CheeseFactory_0015F756EA342D413463111E8BA6E6AC4D2.tmp' to 'E:/GameJamHGGUnreal4.23.1/GameJamCrew/Content/Levels/CheeseFactory_001.umap'
[2025.09.29-14.28.36:867][674]Cmd: OBJ SAVEPACKAGE PACKAGE="/Game/ThirdPersonBP/Blueprints/ThirdPersonCharacter" FILE="E:/GameJamHGGUnreal4.23.1/GameJamCrew/Content/ThirdPersonBP/Blueprints/ThirdPersonCharacter.uasset" SILENT=true
[2025.09.29-14.28.36:911][674]LogSavePackage: Moving 'E:/GameJamHGGUnreal4.23.1/GameJamCrew/Saved/ThirdPersonCharacterE6C5B0CB4971D7A98D2F3F9EC39F0A5F.tmp' to 'E:/GameJamHGGUnreal4.23.1/GameJamCrew/Content/ThirdPersonBP/Blueprints/ThirdPersonCharacter.uasset'
[2025.09.29-14.28.37:333][722]LogAssetEditorManager: Opening Asset editor for Blueprint /Game/ThirdPersonBP/Blueprints/ThirdPersonCharacter.ThirdPersonCharacter
[2025.09.29-14.28.39:399][916]LogSlate: Window 'ThirdPersonCharacter' being destroyed
[2025.09.29-14.30.29:061][507]Cmd: OBJ SAVEPACKAGE PACKAGE="/Game/ThirdPersonBP/Blueprints/ThirdPersonCharacter" FILE="E:/GameJamHGGUnreal4.23.1/GameJamCrew/Content/ThirdPersonBP/Blueprints/ThirdPersonCharacter.uasset" SILENT=true
[2025.09.29-14.30.29:108][507]LogSavePackage: Moving 'E:/GameJamHGGUnreal4.23.1/GameJamCrew/Saved/ThirdPersonCharacter800AA15E4251AF42405320980586A5F9.tmp' to 'E:/GameJamHGGUnreal4.23.1/GameJamCrew/Content/ThirdPersonBP/Blueprints/ThirdPersonCharacter.uasset'
[2025.09.29-14.30.30:616][681]LogTemp: Repeating last play command: Selected Viewport
[2025.09.29-14.30.30:619][681]LogBlueprintUserMessages: Early PlayInEditor Detection: Level '/Game/Levels/CheeseFactory_001.CheeseFactory_001:PersistentLevel' has LevelScriptBlueprint '/Game/Levels/CheeseFactory_001.CheeseFactory_001:PersistentLevel.CheeseFactory_001' with GeneratedClass '/Game/Levels/CheeseFactory_001.CheeseFactory_001_C' with ClassGeneratedBy '/Game/Levels/CheeseFactory_001.CheeseFactory_001:PersistentLevel.CheeseFactory_001'
[2025.09.29-14.30.30:619][681]BlueprintLog: New page: Pre-Play auto-recompile
[2025.09.29-14.30.30:624][681]LogPlayLevel: [PlayLevel] Compiling ThirdPersonCharacter before play...
[2025.09.29-14.30.30:790][681]LogUObjectHash: Compacting FUObjectHashTables data took   2.90ms
[2025.09.29-14.30.30:790][681]LogPlayLevel: PlayLevel: Blueprint regeneration took 170 ms (1 blueprints)
[2025.09.29-14.30.30:790][681]PIE: New page: PIE session: CheeseFactory_001 (29 Sep 2025 6:30:30 pm)
[2025.09.29-14.30.30:790][681]LogPlayLevel: Creating play world package: /Game/Levels/UEDPIE_0_CheeseFactory_001
[2025.09.29-14.30.30:817][681]LogPlayLevel: PIE: StaticDuplicateObject took: (0.026375s)
[2025.09.29-14.30.30:818][681]LogAIModule: Creating AISystem for world CheeseFactory_001
[2025.09.29-14.30.30:818][681]LogPlayLevel: PIE: World Init took: (0.000660s)
[2025.09.29-14.30.30:818][681]LogPlayLevel: PIE: Created PIE world by copying editor world from /Game/Levels/CheeseFactory_001.CheeseFactory_001 to /Game/Levels/UEDPIE_0_CheeseFactory_001.CheeseFactory_001 (0.027161s)
[2025.09.29-14.30.30:835][681]LogUObjectHash: Compacting FUObjectHashTables data took   1.64ms
[2025.09.29-14.30.30:850][681]LogInit: XAudio2 using 'Högtalare (Yeti Classic)' : 6 channels at 44.1 kHz using 16 bits per sample (channel mask 0x3f)
[2025.09.29-14.30.30:860][681]LogInit: FAudioDevice initialized.
[2025.09.29-14.30.30:864][681]LogLoad: Game class is 'ThirdPersonGameMode_C'
[2025.09.29-14.30.30:871][681]LogWorld: Bringing World /Game/Levels/UEDPIE_0_CheeseFactory_001.CheeseFactory_001 up for play (max tick rate 0) at 2025.09.29-16.30.30
[2025.09.29-14.30.30:872][681]LogWorld: Bringing up level for play took: 0.008078
[2025.09.29-14.30.30:872][681]LogOnline: OSS: Creating online subsystem instance for: :Context_35
[2025.09.29-14.30.30:875][681]PIE: Play in editor start time for /Game/Levels/UEDPIE_0_CheeseFactory_001 -0.415
[2025.09.29-14.30.30:875][681]LogBlueprintUserMessages: Late PlayInEditor Detection: Level '/Game/Levels/CheeseFactory_001.CheeseFactory_001:PersistentLevel' has LevelScriptBlueprint '/Game/Levels/CheeseFactory_001.CheeseFactory_001:PersistentLevel.CheeseFactory_001' with GeneratedClass '/Game/Levels/CheeseFactory_001.CheeseFactory_001_C' with ClassGeneratedBy '/Game/Levels/CheeseFactory_001.CheeseFactory_001:PersistentLevel.CheeseFactory_001'
[2025.09.29-14.30.33:731][ 20]LogBlueprintUserMessages: Early EndPlayMap Detection: Level '/Game/Levels/CheeseFactory_001.CheeseFactory_001:PersistentLevel' has LevelScriptBlueprint '/Game/Levels/CheeseFactory_001.CheeseFactory_001:PersistentLevel.CheeseFactory_001' with GeneratedClass '/Game/Levels/CheeseFactory_001.CheeseFactory_001_C' with ClassGeneratedBy '/Game/Levels/CheeseFactory_001.CheeseFactory_001:PersistentLevel.CheeseFactory_001'
[2025.09.29-14.30.33:732][ 20]LogSlate: Updating window title bar state: overlay mode, drag disabled, window buttons hidden, title bar hidden
[2025.09.29-14.30.33:732][ 20]LogWorld: BeginTearingDown for /Game/Levels/UEDPIE_0_CheeseFactory_001
[2025.09.29-14.30.33:732][ 20]LogWorld: UWorld::CleanupWorld for CheeseFactory_001, bSessionEnded=true, bCleanupResources=true
[2025.09.29-14.30.33:744][ 20]LogPlayLevel: Display: Shutting down PIE online subsystems
[2025.09.29-14.30.33:745][ 20]LogBlueprintUserMessages: Late EndPlayMap Detection: Level '/Game/Levels/CheeseFactory_001.CheeseFactory_001:PersistentLevel' has LevelScriptBlueprint '/Game/Levels/CheeseFactory_001.CheeseFactory_001:PersistentLevel.CheeseFactory_001' with GeneratedClass '/Game/Levels/CheeseFactory_001.CheeseFactory_001_C' with ClassGeneratedBy '/Game/Levels/CheeseFactory_001.CheeseFactory_001:PersistentLevel.CheeseFactory_001'
[2025.09.29-14.30.33:767][ 20]LogSlate: Updating window title bar state: overlay mode, drag disabled, window buttons hidden, title bar hidden
[2025.09.29-14.30.33:773][ 20]LogUObjectHash: Compacting FUObjectHashTables data took   1.39ms
[2025.09.29-14.30.33:832][ 26]LogPlayLevel: Display: Destroying online subsystem :Context_35
[2025.09.29-14.30.34:072][ 54]LogSlate: FSceneViewport::OnFocusLost() reason 5
[2025.09.29-14.30.34:080][ 54]Cmd: OBJ SAVEPACKAGE PACKAGE="/Game/Levels/CheeseFactory_001" FILE="E:/GameJamHGGUnreal4.23.1/GameJamCrew/Content/Levels/CheeseFactory_001.umap" SILENT=true AUTOSAVING=false KEEPDIRTY=false
[2025.09.29-14.30.34:100][ 54]LogUObjectHash: Compacting FUObjectHashTables data took   0.60ms
[2025.09.29-14.30.34:386][ 54]LogSavePackage: Moving 'E:/GameJamHGGUnreal4.23.1/GameJamCrew/Saved/CheeseFactory_0016660608A429A57EA1AC8D88F39FE6CB1.tmp' to 'E:/GameJamHGGUnreal4.23.1/GameJamCrew/Content/Levels/CheeseFactory_001.umap'
[2025.09.29-14.30.36:371][275]LogRenderer: Reallocating scene render targets to support 1208x704 Format 10 NumSamples 1 (Frame:1).
[2025.09.29-14.30.47:308][576]LogSlate: FSceneViewport::OnFocusLost() reason 2
[2025.09.29-14.30.48:345][698]LogSlate: FSceneViewport::OnFocusLost() reason 5
[2025.09.29-14.30.48:355][698]Cmd: OBJ SAVEPACKAGE PACKAGE="/Game/ThirdPersonBP/Blueprints/ThirdPersonCharacter" FILE="E:/GameJamHGGUnreal4.23.1/GameJamCrew/Content/ThirdPersonBP/Blueprints/ThirdPersonCharacter.uasset" SILENT=true
[2025.09.29-14.30.48:403][698]LogSavePackage: Moving 'E:/GameJamHGGUnreal4.23.1/GameJamCrew/Saved/ThirdPersonCharacterABBBC4E5497958F997D150B2BEA9037D.tmp' to 'E:/GameJamHGGUnreal4.23.1/GameJamCrew/Content/ThirdPersonBP/Blueprints/ThirdPersonCharacter.uasset'
[2025.09.29-14.30.48:874][753]LogSlate: FSceneViewport::OnFocusLost() reason 0
[2025.09.29-14.30.49:551][830]LogTemp: Repeating last play command: Selected Viewport
[2025.09.29-14.30.49:555][830]LogBlueprintUserMessages: Early PlayInEditor Detection: Level '/Game/Levels/CheeseFactory_001.CheeseFactory_001:PersistentLevel' has LevelScriptBlueprint '/Game/Levels/CheeseFactory_001.CheeseFactory_001:PersistentLevel.CheeseFactory_001' with GeneratedClass '/Game/Levels/CheeseFactory_001.CheeseFactory_001_C' with ClassGeneratedBy '/Game/Levels/CheeseFactory_001.CheeseFactory_001:PersistentLevel.CheeseFactory_001'
[2025.09.29-14.30.49:555][830]BlueprintLog: New page: Pre-Play auto-recompile
[2025.09.29-14.30.49:559][830]LogPlayLevel: [PlayLevel] Compiling ThirdPersonCharacter before play...
[2025.09.29-14.30.49:729][830]LogUObjectHash: Compacting FUObjectHashTables data took   2.33ms
[2025.09.29-14.30.49:729][830]LogPlayLevel: PlayLevel: Blueprint regeneration took 173 ms (1 blueprints)
[2025.09.29-14.30.49:729][830]PIE: New page: PIE session: CheeseFactory_001 (29 Sep 2025 6:30:49 pm)
[2025.09.29-14.30.49:729][830]LogPlayLevel: Creating play world package: /Game/Levels/UEDPIE_0_CheeseFactory_001
[2025.09.29-14.30.49:756][830]LogPlayLevel: PIE: StaticDuplicateObject took: (0.027050s)
[2025.09.29-14.30.49:756][830]LogAIModule: Creating AISystem for world CheeseFactory_001
[2025.09.29-14.30.49:757][830]LogPlayLevel: PIE: World Init took: (0.000616s)
[2025.09.29-14.30.49:757][830]LogPlayLevel: PIE: Created PIE world by copying editor world from /Game/Levels/CheeseFactory_001.CheeseFactory_001 to /Game/Levels/UEDPIE_0_CheeseFactory_001.CheeseFactory_001 (0.027801s)
[2025.09.29-14.30.49:775][830]LogUObjectHash: Compacting FUObjectHashTables data took   1.53ms
[2025.09.29-14.30.49:788][830]LogInit: XAudio2 using 'Högtalare (Yeti Classic)' : 6 channels at 44.1 kHz using 16 bits per sample (channel mask 0x3f)
[2025.09.29-14.30.49:798][830]LogInit: FAudioDevice initialized.
[2025.09.29-14.30.49:805][830]LogLoad: Game class is 'ThirdPersonGameMode_C'
[2025.09.29-14.30.49:813][830]LogWorld: Bringing World /Game/Levels/UEDPIE_0_CheeseFactory_001.CheeseFactory_001 up for play (max tick rate 0) at 2025.09.29-16.30.49
[2025.09.29-14.30.49:813][830]LogWorld: Bringing up level for play took: 0.008308
[2025.09.29-14.30.49:813][830]LogOnline: OSS: Creating online subsystem instance for: :Context_36
[2025.09.29-14.30.49:816][830]PIE: Play in editor start time for /Game/Levels/UEDPIE_0_CheeseFactory_001 0.526
[2025.09.29-14.30.49:816][830]LogBlueprintUserMessages: Late PlayInEditor Detection: Level '/Game/Levels/CheeseFactory_001.CheeseFactory_001:PersistentLevel' has LevelScriptBlueprint '/Game/Levels/CheeseFactory_001.CheeseFactory_001:PersistentLevel.CheeseFactory_001' with GeneratedClass '/Game/Levels/CheeseFactory_001.CheeseFactory_001_C' with ClassGeneratedBy '/Game/Levels/CheeseFactory_001.CheeseFactory_001:PersistentLevel.CheeseFactory_001'
[2025.09.29-14.30.54:306][364]LogBlueprintUserMessages: Early EndPlayMap Detection: Level '/Game/Levels/CheeseFactory_001.CheeseFactory_001:PersistentLevel' has LevelScriptBlueprint '/Game/Levels/CheeseFactory_001.CheeseFactory_001:PersistentLevel.CheeseFactory_001' with GeneratedClass '/Game/Levels/CheeseFactory_001.CheeseFactory_001_C' with ClassGeneratedBy '/Game/Levels/CheeseFactory_001.CheeseFactory_001:PersistentLevel.CheeseFactory_001'
[2025.09.29-14.30.54:306][364]LogSlate: Updating window title bar state: overlay mode, drag disabled, window buttons hidden, title bar hidden
[2025.09.29-14.30.54:306][364]LogWorld: BeginTearingDown for /Game/Levels/UEDPIE_0_CheeseFactory_001
[2025.09.29-14.30.54:307][364]LogWorld: UWorld::CleanupWorld for CheeseFactory_001, bSessionEnded=true, bCleanupResources=true
[2025.09.29-14.30.54:320][364]LogPlayLevel: Display: Shutting down PIE online subsystems
[2025.09.29-14.30.54:320][364]LogBlueprintUserMessages: Late EndPlayMap Detection: Level '/Game/Levels/CheeseFactory_001.CheeseFactory_001:PersistentLevel' has LevelScriptBlueprint '/Game/Levels/CheeseFactory_001.CheeseFactory_001:PersistentLevel.CheeseFactory_001' with GeneratedClass '/Game/Levels/CheeseFactory_001.CheeseFactory_001_C' with ClassGeneratedBy '/Game/Levels/CheeseFactory_001.CheeseFactory_001:PersistentLevel.CheeseFactory_001'
[2025.09.29-14.30.54:341][364]LogSlate: Updating window title bar state: overlay mode, drag disabled, window buttons hidden, title bar hidden
[2025.09.29-14.30.54:348][364]LogUObjectHash: Compacting FUObjectHashTables data took   1.46ms
[2025.09.29-14.30.54:410][370]LogPlayLevel: Display: Destroying online subsystem :Context_36
[2025.09.29-14.30.54:649][398]LogSlate: FSceneViewport::OnFocusLost() reason 5
[2025.09.29-14.30.54:657][398]Cmd: OBJ SAVEPACKAGE PACKAGE="/Game/Levels/CheeseFactory_001" FILE="E:/GameJamHGGUnreal4.23.1/GameJamCrew/Content/Levels/CheeseFactory_001.umap" SILENT=true AUTOSAVING=false KEEPDIRTY=false
[2025.09.29-14.30.54:675][398]LogUObjectHash: Compacting FUObjectHashTables data took   0.61ms
[2025.09.29-14.30.54:958][398]LogSavePackage: Moving 'E:/GameJamHGGUnreal4.23.1/GameJamCrew/Saved/CheeseFactory_001A67A663147DF28CC22F429AFBA8E8D3C.tmp' to 'E:/GameJamHGGUnreal4.23.1/GameJamCrew/Content/Levels/CheeseFactory_001.umap'
[2025.09.29-14.30.59:330][913]LogSlate: FSceneViewport::OnFocusLost() reason 5
[2025.09.29-14.30.59:340][913]Cmd: OBJ SAVEPACKAGE PACKAGE="/Game/ThirdPersonBP/Blueprints/ThirdPersonCharacter" FILE="E:/GameJamHGGUnreal4.23.1/GameJamCrew/Content/ThirdPersonBP/Blueprints/ThirdPersonCharacter.uasset" SILENT=true
[2025.09.29-14.30.59:386][913]LogSavePackage: Moving 'E:/GameJamHGGUnreal4.23.1/GameJamCrew/Saved/ThirdPersonCharacterE51F5F65454B611318EF25ACC6297713.tmp' to 'E:/GameJamHGGUnreal4.23.1/GameJamCrew/Content/ThirdPersonBP/Blueprints/ThirdPersonCharacter.uasset'
[2025.09.29-14.31.01:572][170]LogSlate: FSceneViewport::OnFocusLost() reason 5
[2025.09.29-14.31.01:577][170]Cmd: OBJ SAVEPACKAGE PACKAGE="/Game/ThirdPersonBP/Blueprints/ThirdPersonCharacter" FILE="E:/GameJamHGGUnreal4.23.1/GameJamCrew/Content/ThirdPersonBP/Blueprints/ThirdPersonCharacter.uasset" SILENT=true
[2025.09.29-14.31.01:619][170]LogSavePackage: Moving 'E:/GameJamHGGUnreal4.23.1/GameJamCrew/Saved/ThirdPersonCharacter4CAFBEF54DE8D5259ED21581A59F1265.tmp' to 'E:/GameJamHGGUnreal4.23.1/GameJamCrew/Content/ThirdPersonBP/Blueprints/ThirdPersonCharacter.uasset'
[2025.09.29-14.31.03:532][395]LogEditorViewport: Clicking on Actor (LMB): StaticMeshActor (wall01_1x3)
[2025.09.29-14.31.04:087][457]LogSlate: FSceneViewport::OnFocusLost() reason 5
[2025.09.29-14.31.04:092][457]Cmd: OBJ SAVEPACKAGE PACKAGE="/Game/Levels/CheeseFactory_001" FILE="E:/GameJamHGGUnreal4.23.1/GameJamCrew/Content/Levels/CheeseFactory_001.umap" SILENT=true AUTOSAVING=false KEEPDIRTY=false
[2025.09.29-14.31.04:113][457]LogUObjectHash: Compacting FUObjectHashTables data took   1.98ms
[2025.09.29-14.31.04:407][457]LogSavePackage: Moving 'E:/GameJamHGGUnreal4.23.1/GameJamCrew/Saved/CheeseFactory_00100BC51AB40C511498C78FCB2EF274507.tmp' to 'E:/GameJamHGGUnreal4.23.1/GameJamCrew/Content/Levels/CheeseFactory_001.umap'
[2025.09.29-14.31.05:168][544]LogTemp: Repeating last play command: Selected Viewport
[2025.09.29-14.31.05:172][544]LogBlueprintUserMessages: Early PlayInEditor Detection: Level '/Game/Levels/CheeseFactory_001.CheeseFactory_001:PersistentLevel' has LevelScriptBlueprint '/Game/Levels/CheeseFactory_001.CheeseFactory_001:PersistentLevel.CheeseFactory_001' with GeneratedClass '/Game/Levels/CheeseFactory_001.CheeseFactory_001_C' with ClassGeneratedBy '/Game/Levels/CheeseFactory_001.CheeseFactory_001:PersistentLevel.CheeseFactory_001'
[2025.09.29-14.31.05:172][544]BlueprintLog: New page: Pre-Play auto-recompile
[2025.09.29-14.31.05:175][544]LogPlayLevel: [PlayLevel] Compiling ThirdPersonCharacter before play...
[2025.09.29-14.31.05:322][544]LogUObjectHash: Compacting FUObjectHashTables data took   2.55ms
[2025.09.29-14.31.05:322][544]LogPlayLevel: PlayLevel: Blueprint regeneration took 151 ms (1 blueprints)
[2025.09.29-14.31.05:322][544]PIE: New page: PIE session: CheeseFactory_001 (29 Sep 2025 6:31:05 pm)
[2025.09.29-14.31.05:323][544]LogPlayLevel: Creating play world package: /Game/Levels/UEDPIE_0_CheeseFactory_001
[2025.09.29-14.31.05:349][544]LogPlayLevel: PIE: StaticDuplicateObject took: (0.025834s)
[2025.09.29-14.31.05:349][544]LogAIModule: Creating AISystem for world CheeseFactory_001
[2025.09.29-14.31.05:350][544]LogPlayLevel: PIE: World Init took: (0.000555s)
[2025.09.29-14.31.05:350][544]LogPlayLevel: PIE: Created PIE world by copying editor world from /Game/Levels/CheeseFactory_001.CheeseFactory_001 to /Game/Levels/UEDPIE_0_CheeseFactory_001.CheeseFactory_001 (0.026515s)
[2025.09.29-14.31.05:369][544]LogUObjectHash: Compacting FUObjectHashTables data took   1.50ms
[2025.09.29-14.31.05:382][544]LogInit: XAudio2 using 'Högtalare (Yeti Classic)' : 6 channels at 44.1 kHz using 16 bits per sample (channel mask 0x3f)
[2025.09.29-14.31.05:392][544]LogInit: FAudioDevice initialized.
[2025.09.29-14.31.05:397][544]LogLoad: Game class is 'ThirdPersonGameMode_C'
[2025.09.29-14.31.05:405][544]LogWorld: Bringing World /Game/Levels/UEDPIE_0_CheeseFactory_001.CheeseFactory_001 up for play (max tick rate 0) at 2025.09.29-16.31.05
[2025.09.29-14.31.05:406][544]LogWorld: Bringing up level for play took: 0.008259
[2025.09.29-14.31.05:406][544]LogOnline: OSS: Creating online subsystem instance for: :Context_37
[2025.09.29-14.31.05:408][544]PIE: Play in editor start time for /Game/Levels/UEDPIE_0_CheeseFactory_001 0.119
[2025.09.29-14.31.05:408][544]LogBlueprintUserMessages: Late PlayInEditor Detection: Level '/Game/Levels/CheeseFactory_001.CheeseFactory_001:PersistentLevel' has LevelScriptBlueprint '/Game/Levels/CheeseFactory_001.CheeseFactory_001:PersistentLevel.CheeseFactory_001' with GeneratedClass '/Game/Levels/CheeseFactory_001.CheeseFactory_001_C' with ClassGeneratedBy '/Game/Levels/CheeseFactory_001.CheeseFactory_001:PersistentLevel.CheeseFactory_001'
[2025.09.29-14.31.38:693][535]LogBlueprintUserMessages: Early EndPlayMap Detection: Level '/Game/Levels/CheeseFactory_001.CheeseFactory_001:PersistentLevel' has LevelScriptBlueprint '/Game/Levels/CheeseFactory_001.CheeseFactory_001:PersistentLevel.CheeseFactory_001' with GeneratedClass '/Game/Levels/CheeseFactory_001.CheeseFactory_001_C' with ClassGeneratedBy '/Game/Levels/CheeseFactory_001.CheeseFactory_001:PersistentLevel.CheeseFactory_001'
[2025.09.29-14.31.38:693][535]LogSlate: Updating window title bar state: overlay mode, drag disabled, window buttons hidden, title bar hidden
[2025.09.29-14.31.38:693][535]LogWorld: BeginTearingDown for /Game/Levels/UEDPIE_0_CheeseFactory_001
[2025.09.29-14.31.38:694][535]LogWorld: UWorld::CleanupWorld for CheeseFactory_001, bSessionEnded=true, bCleanupResources=true
[2025.09.29-14.31.38:703][535]LogPlayLevel: Display: Shutting down PIE online subsystems
[2025.09.29-14.31.38:703][535]LogBlueprintUserMessages: Late EndPlayMap Detection: Level '/Game/Levels/CheeseFactory_001.CheeseFactory_001:PersistentLevel' has LevelScriptBlueprint '/Game/Levels/CheeseFactory_001.CheeseFactory_001:PersistentLevel.CheeseFactory_001' with GeneratedClass '/Game/Levels/CheeseFactory_001.CheeseFactory_001_C' with ClassGeneratedBy '/Game/Levels/CheeseFactory_001.CheeseFactory_001:PersistentLevel.CheeseFactory_001'
[2025.09.29-14.31.38:726][535]LogSlate: Updating window title bar state: overlay mode, drag disabled, window buttons hidden, title bar hidden
[2025.09.29-14.31.38:733][535]LogUObjectHash: Compacting FUObjectHashTables data took   1.67ms
[2025.09.29-14.31.38:794][541]LogPlayLevel: Display: Destroying online subsystem :Context_37
[2025.09.29-14.31.39:051][571]LogSlate: FSceneViewport::OnFocusLost() reason 5
[2025.09.29-14.31.39:058][571]Cmd: OBJ SAVEPACKAGE PACKAGE="/Game/Levels/CheeseFactory_001" FILE="E:/GameJamHGGUnreal4.23.1/GameJamCrew/Content/Levels/CheeseFactory_001.umap" SILENT=true AUTOSAVING=false KEEPDIRTY=false
[2025.09.29-14.31.39:075][571]LogUObjectHash: Compacting FUObjectHashTables data took   0.57ms
[2025.09.29-14.31.39:361][571]LogSavePackage: Moving 'E:/GameJamHGGUnreal4.23.1/GameJamCrew/Saved/CheeseFactory_001A92A07DD47487387325C8A8993505363.tmp' to 'E:/GameJamHGGUnreal4.23.1/GameJamCrew/Content/Levels/CheeseFactory_001.umap'
[2025.09.29-14.32.17:486][451]LogTemp: Repeating last play command: Selected Viewport
[2025.09.29-14.32.17:489][451]LogBlueprintUserMessages: Early PlayInEditor Detection: Level '/Game/Levels/CheeseFactory_001.CheeseFactory_001:PersistentLevel' has LevelScriptBlueprint '/Game/Levels/CheeseFactory_001.CheeseFactory_001:PersistentLevel.CheeseFactory_001' with GeneratedClass '/Game/Levels/CheeseFactory_001.CheeseFactory_001_C' with ClassGeneratedBy '/Game/Levels/CheeseFactory_001.CheeseFactory_001:PersistentLevel.CheeseFactory_001'
[2025.09.29-14.32.17:489][451]LogPlayLevel: PlayLevel: No blueprints needed recompiling
[2025.09.29-14.32.17:489][451]PIE: New page: PIE session: CheeseFactory_001 (29 Sep 2025 6:32:17 pm)
[2025.09.29-14.32.17:489][451]LogPlayLevel: Creating play world package: /Game/Levels/UEDPIE_0_CheeseFactory_001
[2025.09.29-14.32.17:513][451]LogPlayLevel: PIE: StaticDuplicateObject took: (0.024988s)
[2025.09.29-14.32.17:515][451]LogAIModule: Creating AISystem for world CheeseFactory_001
[2025.09.29-14.32.17:515][451]LogPlayLevel: PIE: World Init took: (0.000579s)
[2025.09.29-14.32.17:515][451]LogPlayLevel: PIE: Created PIE world by copying editor world from /Game/Levels/CheeseFactory_001.CheeseFactory_001 to /Game/Levels/UEDPIE_0_CheeseFactory_001.CheeseFactory_001 (0.025685s)
[2025.09.29-14.32.17:534][451]LogUObjectHash: Compacting FUObjectHashTables data took   1.82ms
[2025.09.29-14.32.17:547][451]LogInit: XAudio2 using 'Högtalare (Yeti Classic)' : 6 channels at 44.1 kHz using 16 bits per sample (channel mask 0x3f)
[2025.09.29-14.32.17:556][451]LogInit: FAudioDevice initialized.
[2025.09.29-14.32.17:563][451]LogLoad: Game class is 'ThirdPersonGameMode_C'
[2025.09.29-14.32.17:572][451]LogWorld: Bringing World /Game/Levels/UEDPIE_0_CheeseFactory_001.CheeseFactory_001 up for play (max tick rate 0) at 2025.09.29-16.32.17
[2025.09.29-14.32.17:572][451]LogWorld: Bringing up level for play took: 0.007811
[2025.09.29-14.32.17:572][451]LogOnline: OSS: Creating online subsystem instance for: :Context_38
[2025.09.29-14.32.17:574][451]PIE: Play in editor start time for /Game/Levels/UEDPIE_0_CheeseFactory_001 0.285
[2025.09.29-14.32.17:574][451]LogBlueprintUserMessages: Late PlayInEditor Detection: Level '/Game/Levels/CheeseFactory_001.CheeseFactory_001:PersistentLevel' has LevelScriptBlueprint '/Game/Levels/CheeseFactory_001.CheeseFactory_001:PersistentLevel.CheeseFactory_001' with GeneratedClass '/Game/Levels/CheeseFactory_001.CheeseFactory_001_C' with ClassGeneratedBy '/Game/Levels/CheeseFactory_001.CheeseFactory_001:PersistentLevel.CheeseFactory_001'
[2025.09.29-14.32.20:073][748]LogBlueprintUserMessages: Early EndPlayMap Detection: Level '/Game/Levels/CheeseFactory_001.CheeseFactory_001:PersistentLevel' has LevelScriptBlueprint '/Game/Levels/CheeseFactory_001.CheeseFactory_001:PersistentLevel.CheeseFactory_001' with GeneratedClass '/Game/Levels/CheeseFactory_001.CheeseFactory_001_C' with ClassGeneratedBy '/Game/Levels/CheeseFactory_001.CheeseFactory_001:PersistentLevel.CheeseFactory_001'
[2025.09.29-14.32.20:074][748]LogSlate: Updating window title bar state: overlay mode, drag disabled, window buttons hidden, title bar hidden
[2025.09.29-14.32.20:074][748]LogWorld: BeginTearingDown for /Game/Levels/UEDPIE_0_CheeseFactory_001
[2025.09.29-14.32.20:075][748]LogWorld: UWorld::CleanupWorld for CheeseFactory_001, bSessionEnded=true, bCleanupResources=true
[2025.09.29-14.32.20:092][748]LogPlayLevel: Display: Shutting down PIE online subsystems
[2025.09.29-14.32.20:092][748]LogBlueprintUserMessages: Late EndPlayMap Detection: Level '/Game/Levels/CheeseFactory_001.CheeseFactory_001:PersistentLevel' has LevelScriptBlueprint '/Game/Levels/CheeseFactory_001.CheeseFactory_001:PersistentLevel.CheeseFactory_001' with GeneratedClass '/Game/Levels/CheeseFactory_001.CheeseFactory_001_C' with ClassGeneratedBy '/Game/Levels/CheeseFactory_001.CheeseFactory_001:PersistentLevel.CheeseFactory_001'
[2025.09.29-14.32.20:115][748]LogSlate: Updating window title bar state: overlay mode, drag disabled, window buttons hidden, title bar hidden
[2025.09.29-14.32.20:119][748]LogUObjectHash: Compacting FUObjectHashTables data took   1.52ms
[2025.09.29-14.32.20:175][753]LogPlayLevel: Display: Destroying online subsystem :Context_38
[2025.09.29-14.32.20:365][775]LogSlate: FSceneViewport::OnFocusLost() reason 5
[2025.09.29-14.32.20:371][775]Cmd: OBJ SAVEPACKAGE PACKAGE="/Game/Levels/CheeseFactory_001" FILE="E:/GameJamHGGUnreal4.23.1/GameJamCrew/Content/Levels/CheeseFactory_001.umap" SILENT=true AUTOSAVING=false KEEPDIRTY=false
[2025.09.29-14.32.20:388][775]LogUObjectHash: Compacting FUObjectHashTables data took   0.68ms
[2025.09.29-14.32.20:669][775]LogSavePackage: Moving 'E:/GameJamHGGUnreal4.23.1/GameJamCrew/Saved/CheeseFactory_0018A16261A461FDFCEAAD25EA6B72C0D06.tmp' to 'E:/GameJamHGGUnreal4.23.1/GameJamCrew/Content/Levels/CheeseFactory_001.umap'
[2025.09.29-14.32.34:608][429]LogAssetEditorManager: Opening Asset editor for Blueprint /Game/ThirdPersonBP/Blueprints/ThirdPersonGameMode.ThirdPersonGameMode
[2025.09.29-14.32.36:466][633]LogWorld: UWorld::CleanupWorld for World_31, bSessionEnded=true, bCleanupResources=true
[2025.09.29-14.32.45:595][715]LogSlate: FSceneViewport::OnFocusLost() reason 2
[2025.09.29-14.32.53:019][603]LogSlate: FSceneViewport::OnFocusLost() reason 5
[2025.09.29-14.32.53:030][603]Cmd: OBJ SAVEPACKAGE PACKAGE="/Game/ThirdPersonBP/Blueprints/ThirdPersonCharacter" FILE="E:/GameJamHGGUnreal4.23.1/GameJamCrew/Content/ThirdPersonBP/Blueprints/ThirdPersonCharacter.uasset" SILENT=true
[2025.09.29-14.32.53:076][603]LogSavePackage: Moving 'E:/GameJamHGGUnreal4.23.1/GameJamCrew/Saved/ThirdPersonCharacter7A852EBE4FFBA4EE6F87AAB009F33DD8.tmp' to 'E:/GameJamHGGUnreal4.23.1/GameJamCrew/Content/ThirdPersonBP/Blueprints/ThirdPersonCharacter.uasset'
[2025.09.29-14.32.53:240][621]LogSlate: FSceneViewport::OnFocusLost() reason 0
[2025.09.29-14.32.54:145][726]LogSlate: FSceneViewport::OnFocusLost() reason 5
[2025.09.29-14.32.54:151][726]Cmd: OBJ SAVEPACKAGE PACKAGE="/Game/Levels/CheeseFactory_001" FILE="E:/GameJamHGGUnreal4.23.1/GameJamCrew/Content/Levels/CheeseFactory_001.umap" SILENT=true AUTOSAVING=false KEEPDIRTY=false
[2025.09.29-14.32.54:172][726]LogUObjectHash: Compacting FUObjectHashTables data took   1.57ms
[2025.09.29-14.32.54:459][726]LogSavePackage: Moving 'E:/GameJamHGGUnreal4.23.1/GameJamCrew/Saved/CheeseFactory_001737C4B604F1EE022B1561B9DE4742E27.tmp' to 'E:/GameJamHGGUnreal4.23.1/GameJamCrew/Content/Levels/CheeseFactory_001.umap'
[2025.09.29-14.32.55:084][799]LogTemp: Repeating last play command: Selected Viewport
[2025.09.29-14.32.55:087][799]LogBlueprintUserMessages: Early PlayInEditor Detection: Level '/Game/Levels/CheeseFactory_001.CheeseFactory_001:PersistentLevel' has LevelScriptBlueprint '/Game/Levels/CheeseFactory_001.CheeseFactory_001:PersistentLevel.CheeseFactory_001' with GeneratedClass '/Game/Levels/CheeseFactory_001.CheeseFactory_001_C' with ClassGeneratedBy '/Game/Levels/CheeseFactory_001.CheeseFactory_001:PersistentLevel.CheeseFactory_001'
[2025.09.29-14.32.55:087][799]BlueprintLog: New page: Pre-Play auto-recompile
[2025.09.29-14.32.55:091][799]LogPlayLevel: [PlayLevel] Compiling ThirdPersonCharacter before play...
[2025.09.29-14.32.55:238][799]LogUObjectHash: Compacting FUObjectHashTables data took   2.20ms
[2025.09.29-14.32.55:238][799]LogPlayLevel: PlayLevel: Blueprint regeneration took 151 ms (1 blueprints)
[2025.09.29-14.32.55:238][799]PIE: New page: PIE session: CheeseFactory_001 (29 Sep 2025 6:32:55 pm)
[2025.09.29-14.32.55:239][799]LogPlayLevel: Creating play world package: /Game/Levels/UEDPIE_0_CheeseFactory_001
[2025.09.29-14.32.55:264][799]LogPlayLevel: PIE: StaticDuplicateObject took: (0.025405s)
[2025.09.29-14.32.55:265][799]LogAIModule: Creating AISystem for world CheeseFactory_001
[2025.09.29-14.32.55:265][799]LogPlayLevel: PIE: World Init took: (0.000544s)
[2025.09.29-14.32.55:265][799]LogPlayLevel: PIE: Created PIE world by copying editor world from /Game/Levels/CheeseFactory_001.CheeseFactory_001 to /Game/Levels/UEDPIE_0_CheeseFactory_001.CheeseFactory_001 (0.026066s)
[2025.09.29-14.32.55:283][799]LogUObjectHash: Compacting FUObjectHashTables data took   1.41ms
[2025.09.29-14.32.55:297][799]LogInit: XAudio2 using 'Högtalare (Yeti Classic)' : 6 channels at 44.1 kHz using 16 bits per sample (channel mask 0x3f)
[2025.09.29-14.32.55:307][799]LogInit: FAudioDevice initialized.
[2025.09.29-14.32.55:317][799]LogLoad: Game class is 'ThirdPersonGameMode_C'
[2025.09.29-14.32.55:326][799]LogWorld: Bringing World /Game/Levels/UEDPIE_0_CheeseFactory_001.CheeseFactory_001 up for play (max tick rate 0) at 2025.09.29-16.32.55
[2025.09.29-14.32.55:327][799]LogWorld: Bringing up level for play took: 0.009220
[2025.09.29-14.32.55:327][799]LogOnline: OSS: Creating online subsystem instance for: :Context_40
[2025.09.29-14.32.55:329][799]PIE: Play in editor start time for /Game/Levels/UEDPIE_0_CheeseFactory_001 0.039
[2025.09.29-14.32.55:329][799]LogBlueprintUserMessages: Late PlayInEditor Detection: Level '/Game/Levels/CheeseFactory_001.CheeseFactory_001:PersistentLevel' has LevelScriptBlueprint '/Game/Levels/CheeseFactory_001.CheeseFactory_001:PersistentLevel.CheeseFactory_001' with GeneratedClass '/Game/Levels/CheeseFactory_001.CheeseFactory_001_C' with ClassGeneratedBy '/Game/Levels/CheeseFactory_001.CheeseFactory_001:PersistentLevel.CheeseFactory_001'
[2025.09.29-14.32.58:218][141]LogBlueprintUserMessages: Early EndPlayMap Detection: Level '/Game/Levels/CheeseFactory_001.CheeseFactory_001:PersistentLevel' has LevelScriptBlueprint '/Game/Levels/CheeseFactory_001.CheeseFactory_001:PersistentLevel.CheeseFactory_001' with GeneratedClass '/Game/Levels/CheeseFactory_001.CheeseFactory_001_C' with ClassGeneratedBy '/Game/Levels/CheeseFactory_001.CheeseFactory_001:PersistentLevel.CheeseFactory_001'
[2025.09.29-14.32.58:218][141]LogSlate: Updating window title bar state: overlay mode, drag disabled, window buttons hidden, title bar hidden
[2025.09.29-14.32.58:218][141]LogWorld: BeginTearingDown for /Game/Levels/UEDPIE_0_CheeseFactory_001
[2025.09.29-14.32.58:218][141]LogWorld: UWorld::CleanupWorld for CheeseFactory_001, bSessionEnded=true, bCleanupResources=true
[2025.09.29-14.32.58:234][141]LogPlayLevel: Display: Shutting down PIE online subsystems
[2025.09.29-14.32.58:234][141]LogBlueprintUserMessages: Late EndPlayMap Detection: Level '/Game/Levels/CheeseFactory_001.CheeseFactory_001:PersistentLevel' has LevelScriptBlueprint '/Game/Levels/CheeseFactory_001.CheeseFactory_001:PersistentLevel.CheeseFactory_001' with GeneratedClass '/Game/Levels/CheeseFactory_001.CheeseFactory_001_C' with ClassGeneratedBy '/Game/Levels/CheeseFactory_001.CheeseFactory_001:PersistentLevel.CheeseFactory_001'
[2025.09.29-14.32.58:258][141]LogSlate: Updating window title bar state: overlay mode, drag disabled, window buttons hidden, title bar hidden
[2025.09.29-14.32.58:263][141]LogUObjectHash: Compacting FUObjectHashTables data took   1.52ms
[2025.09.29-14.32.58:325][147]LogPlayLevel: Display: Destroying online subsystem :Context_40
[2025.09.29-14.32.58:523][170]LogSlate: FSceneViewport::OnFocusLost() reason 5
[2025.09.29-14.32.58:529][170]Cmd: OBJ SAVEPACKAGE PACKAGE="/Game/Levels/CheeseFactory_001" FILE="E:/GameJamHGGUnreal4.23.1/GameJamCrew/Content/Levels/CheeseFactory_001.umap" SILENT=true AUTOSAVING=false KEEPDIRTY=false
[2025.09.29-14.32.58:548][170]LogUObjectHash: Compacting FUObjectHashTables data took   0.58ms
[2025.09.29-14.32.58:826][170]LogSavePackage: Moving 'E:/GameJamHGGUnreal4.23.1/GameJamCrew/Saved/CheeseFactory_0016D03A5A04CD1DADEC503F3BB43941C6A.tmp' to 'E:/GameJamHGGUnreal4.23.1/GameJamCrew/Content/Levels/CheeseFactory_001.umap'
[2025.09.29-14.34.13:333][177]LogTemp: Repeating last play command: Selected Viewport
[2025.09.29-14.34.13:336][177]LogBlueprintUserMessages: Early PlayInEditor Detection: Level '/Game/Levels/CheeseFactory_001.CheeseFactory_001:PersistentLevel' has LevelScriptBlueprint '/Game/Levels/CheeseFactory_001.CheeseFactory_001:PersistentLevel.CheeseFactory_001' with GeneratedClass '/Game/Levels/CheeseFactory_001.CheeseFactory_001_C' with ClassGeneratedBy '/Game/Levels/CheeseFactory_001.CheeseFactory_001:PersistentLevel.CheeseFactory_001'
[2025.09.29-14.34.13:336][177]LogPlayLevel: PlayLevel: No blueprints needed recompiling
[2025.09.29-14.34.13:336][177]PIE: New page: PIE session: CheeseFactory_001 (29 Sep 2025 6:34:13 pm)
[2025.09.29-14.34.13:336][177]LogPlayLevel: Creating play world package: /Game/Levels/UEDPIE_0_CheeseFactory_001
[2025.09.29-14.34.13:362][177]LogPlayLevel: PIE: StaticDuplicateObject took: (0.025785s)
[2025.09.29-14.34.13:363][177]LogAIModule: Creating AISystem for world CheeseFactory_001
[2025.09.29-14.34.13:363][177]LogPlayLevel: PIE: World Init took: (0.000565s)
[2025.09.29-14.34.13:363][177]LogPlayLevel: PIE: Created PIE world by copying editor world from /Game/Levels/CheeseFactory_001.CheeseFactory_001 to /Game/Levels/UEDPIE_0_CheeseFactory_001.CheeseFactory_001 (0.026473s)
[2025.09.29-14.34.13:382][177]LogUObjectHash: Compacting FUObjectHashTables data took   2.06ms
[2025.09.29-14.34.13:395][177]LogInit: XAudio2 using 'Högtalare (Yeti Classic)' : 6 channels at 44.1 kHz using 16 bits per sample (channel mask 0x3f)
[2025.09.29-14.34.13:405][177]LogInit: FAudioDevice initialized.
[2025.09.29-14.34.13:412][177]LogSlate: Updating window title bar state: overlay mode, drag disabled, window buttons hidden, title bar hidden
[2025.09.29-14.34.13:412][177]LogLoad: Game class is 'ThirdPersonGameMode_C'
[2025.09.29-14.34.13:422][177]LogWorld: Bringing World /Game/Levels/UEDPIE_0_CheeseFactory_001.CheeseFactory_001 up for play (max tick rate 0) at 2025.09.29-16.34.13
[2025.09.29-14.34.13:422][177]LogWorld: Bringing up level for play took: 0.009494
[2025.09.29-14.34.13:422][177]LogOnline: OSS: Creating online subsystem instance for: :Context_41
[2025.09.29-14.34.13:425][177]LogGameMode: FindPlayerStart: PATHS NOT DEFINED or NO PLAYERSTART with positive rating
[2025.09.29-14.34.13:427][177]PIE: Play in editor start time for /Game/Levels/UEDPIE_0_CheeseFactory_001 0.137
[2025.09.29-14.34.13:427][177]LogBlueprintUserMessages: Late PlayInEditor Detection: Level '/Game/Levels/CheeseFactory_001.CheeseFactory_001:PersistentLevel' has LevelScriptBlueprint '/Game/Levels/CheeseFactory_001.CheeseFactory_001:PersistentLevel.CheeseFactory_001' with GeneratedClass '/Game/Levels/CheeseFactory_001.CheeseFactory_001_C' with ClassGeneratedBy '/Game/Levels/CheeseFactory_001.CheeseFactory_001:PersistentLevel.CheeseFactory_001'
[2025.09.29-14.34.13:448][178]LogRenderer: Reallocating scene render targets to support 1280x720 Format 10 NumSamples 1 (Frame:1).
[2025.09.29-14.34.21:594][145]LogBlueprintUserMessages: Early EndPlayMap Detection: Level '/Game/Levels/CheeseFactory_001.CheeseFactory_001:PersistentLevel' has LevelScriptBlueprint '/Game/Levels/CheeseFactory_001.CheeseFactory_001:PersistentLevel.CheeseFactory_001' with GeneratedClass '/Game/Levels/CheeseFactory_001.CheeseFactory_001_C' with ClassGeneratedBy '/Game/Levels/CheeseFactory_001.CheeseFactory_001:PersistentLevel.CheeseFactory_001'
[2025.09.29-14.34.21:594][145]LogSlate: Updating window title bar state: overlay mode, drag disabled, window buttons hidden, title bar hidden
[2025.09.29-14.34.21:594][145]LogWorld: BeginTearingDown for /Game/Levels/UEDPIE_0_CheeseFactory_001
[2025.09.29-14.34.21:598][145]LogSlate: Window 'GameJamCrew Game Preview Standalone (64-bit/PCD3D_SM5)' being destroyed
[2025.09.29-14.34.21:607][145]LogWorld: UWorld::CleanupWorld for CheeseFactory_001, bSessionEnded=true, bCleanupResources=true
[2025.09.29-14.34.21:618][145]LogPlayLevel: Display: Shutting down PIE online subsystems
[2025.09.29-14.34.21:618][145]LogBlueprintUserMessages: Late EndPlayMap Detection: Level '/Game/Levels/CheeseFactory_001.CheeseFactory_001:PersistentLevel' has LevelScriptBlueprint '/Game/Levels/CheeseFactory_001.CheeseFactory_001:PersistentLevel.CheeseFactory_001' with GeneratedClass '/Game/Levels/CheeseFactory_001.CheeseFactory_001_C' with ClassGeneratedBy '/Game/Levels/CheeseFactory_001.CheeseFactory_001:PersistentLevel.CheeseFactory_001'
[2025.09.29-14.34.21:648][145]LogUObjectHash: Compacting FUObjectHashTables data took   1.69ms
[2025.09.29-14.34.21:708][147]LogPlayLevel: Display: Destroying online subsystem :Context_41
[2025.09.29-14.34.21:914][171]LogSlate: FSceneViewport::OnFocusLost() reason 5
[2025.09.29-14.34.21:927][171]Cmd: OBJ SAVEPACKAGE PACKAGE="/Game/ThirdPersonBP/Blueprints/ThirdPersonCharacter" FILE="E:/GameJamHGGUnreal4.23.1/GameJamCrew/Content/ThirdPersonBP/Blueprints/ThirdPersonCharacter.uasset" SILENT=true
[2025.09.29-14.34.21:988][171]LogSavePackage: Moving 'E:/GameJamHGGUnreal4.23.1/GameJamCrew/Saved/ThirdPersonCharacterE83C2BF34E93E87C35BFF3A8E1341B04.tmp' to 'E:/GameJamHGGUnreal4.23.1/GameJamCrew/Content/ThirdPersonBP/Blueprints/ThirdPersonCharacter.uasset'
[2025.09.29-14.34.25:822][628]LogSlate: FSceneViewport::OnFocusLost() reason 0
[2025.09.29-14.34.52:908][725]LogAssetEditorManager: Opening Asset editor for AnimBlueprint /Game/Mannequin/Animations/ThirdPerson_AnimBP.ThirdPerson_AnimBP
[2025.09.29-14.34.52:915][725]LogActorComponent: RegisterComponentWithWorld: (/Engine/Transient.World_33:PersistentLevel.AnimationEditorPreviewActor_0.DebugSkelMeshComponent_0) Already registered. Aborting.
[2025.09.29-14.34.53:066][725]LogSkeletalMesh: USkeletalMeshComponent::InitArticulated : Bodies already created (/Engine/Transient.World_33:PersistentLevel.AnimationEditorPreviewActor_0.DebugSkelMeshComponent_0) - call TermArticulated first.
[2025.09.29-14.35.15:235][369]LogSlate: FSceneViewport::OnFocusLost() reason 0
[2025.09.29-14.35.55:264][592]LogWorld: UWorld::CleanupWorld for World_33, bSessionEnded=true, bCleanupResources=true
[2025.09.29-14.35.55:267][592]LogWorld: UWorld::CleanupWorld for World_32, bSessionEnded=true, bCleanupResources=true
[2025.09.29-14.35.55:320][592]LogWorld: UWorld::CleanupWorld for World_34, bSessionEnded=true, bCleanupResources=true
[2025.09.29-14.35.57:906][875]LogAssetEditorManager: Opening Asset editor for AnimBlueprint /Game/Mannequin/Animations/ThirdPerson_AnimBP.ThirdPerson_AnimBP
[2025.09.29-14.35.57:914][875]LogActorComponent: RegisterComponentWithWorld: (/Engine/Transient.World_36:PersistentLevel.AnimationEditorPreviewActor_0.DebugSkelMeshComponent_0) Already registered. Aborting.
[2025.09.29-14.35.58:061][875]LogSkeletalMesh: USkeletalMeshComponent::InitArticulated : Bodies already created (/Engine/Transient.World_36:PersistentLevel.AnimationEditorPreviewActor_0.DebugSkelMeshComponent_0) - call TermArticulated first.
[2025.09.29-14.36.32:410][955]LogAssetEditorManager: Opening Asset editor for BlendSpace1D /Game/Mannequin/Animations/ThirdPerson_IdleRun_2D.ThirdPerson_IdleRun_2D
[2025.09.29-14.36.32:415][955]LogActorComponent: RegisterComponentWithWorld: (/Engine/Transient.World_38:PersistentLevel.AnimationEditorPreviewActor_0.DebugSkelMeshComponent_0) Already registered. Aborting.
[2025.09.29-14.36.32:425][955]LogSkeletalMesh: USkeletalMeshComponent::InitArticulated : Bodies already created (/Engine/Transient.World_38:PersistentLevel.AnimationEditorPreviewActor_0.DebugSkelMeshComponent_0) - call TermArticulated first.
[2025.09.29-14.36.32:548][955]LogContentBrowser: Verbose: The majority of assets in the view are of type: AnimSequence
[2025.09.29-14.36.42:409][135]LogAssetEditorManager: Opening Asset editor for AnimSequence /Game/Mannequin/Animations/ThirdPersonJump_Loop.ThirdPersonJump_Loop
[2025.09.29-14.36.54:723][603]LogAssetEditorManager: Opening Asset editor for BlendSpace1D /Game/Mannequin/Animations/ThirdPerson_IdleRun_2D.ThirdPerson_IdleRun_2D
[2025.09.29-14.36.57:893][978]LogWorld: UWorld::CleanupWorld for World_40, bSessionEnded=true, bCleanupResources=true
[2025.09.29-14.38.19:517][710]LogWorld: UWorld::CleanupWorld for World_36, bSessionEnded=true, bCleanupResources=true
[2025.09.29-14.38.19:520][710]LogWorld: UWorld::CleanupWorld for World_35, bSessionEnded=true, bCleanupResources=true
[2025.09.29-14.38.19:576][710]LogWorld: UWorld::CleanupWorld for World_37, bSessionEnded=true, bCleanupResources=true
[2025.09.29-14.38.20:957][875]LogWorld: UWorld::CleanupWorld for World_38, bSessionEnded=true, bCleanupResources=true
[2025.09.29-14.38.21:008][875]LogWorld: UWorld::CleanupWorld for World_39, bSessionEnded=true, bCleanupResources=true
[2025.09.29-14.38.44:154][524]LogTemp: Repeating last play command: Selected Viewport
[2025.09.29-14.38.44:157][524]LogBlueprintUserMessages: Early PlayInEditor Detection: Level '/Game/Levels/CheeseFactory_001.CheeseFactory_001:PersistentLevel' has LevelScriptBlueprint '/Game/Levels/CheeseFactory_001.CheeseFactory_001:PersistentLevel.CheeseFactory_001' with GeneratedClass '/Game/Levels/CheeseFactory_001.CheeseFactory_001_C' with ClassGeneratedBy '/Game/Levels/CheeseFactory_001.CheeseFactory_001:PersistentLevel.CheeseFactory_001'
[2025.09.29-14.38.44:157][524]BlueprintLog: New page: Pre-Play auto-recompile
[2025.09.29-14.38.44:158][524]LogPlayLevel: [PlayLevel] Compiling ThirdPerson_AnimBP before play...
[2025.09.29-14.38.44:283][524]LogUObjectHash: Compacting FUObjectHashTables data took   2.30ms
[2025.09.29-14.38.44:283][524]LogPlayLevel: PlayLevel: Blueprint regeneration took 126 ms (1 blueprints)
[2025.09.29-14.38.44:283][524]PIE: New page: PIE session: CheeseFactory_001 (29 Sep 2025 6:38:44 pm)
[2025.09.29-14.38.44:283][524]LogPlayLevel: Creating play world package: /Game/Levels/UEDPIE_0_CheeseFactory_001
[2025.09.29-14.38.44:310][524]LogPlayLevel: PIE: StaticDuplicateObject took: (0.026202s)
[2025.09.29-14.38.44:310][524]LogAIModule: Creating AISystem for world CheeseFactory_001
[2025.09.29-14.38.44:310][524]LogPlayLevel: PIE: World Init took: (0.000572s)
[2025.09.29-14.38.44:311][524]LogPlayLevel: PIE: Created PIE world by copying editor world from /Game/Levels/CheeseFactory_001.CheeseFactory_001 to /Game/Levels/UEDPIE_0_CheeseFactory_001.CheeseFactory_001 (0.026906s)
[2025.09.29-14.38.44:329][524]LogUObjectHash: Compacting FUObjectHashTables data took   1.48ms
[2025.09.29-14.38.44:342][524]LogInit: XAudio2 using 'Högtalare (Yeti Classic)' : 6 channels at 44.1 kHz using 16 bits per sample (channel mask 0x3f)
[2025.09.29-14.38.44:353][524]LogInit: FAudioDevice initialized.
[2025.09.29-14.38.44:359][524]LogLoad: Game class is 'ThirdPersonGameMode_C'
[2025.09.29-14.38.44:367][524]LogWorld: Bringing World /Game/Levels/UEDPIE_0_CheeseFactory_001.CheeseFactory_001 up for play (max tick rate 0) at 2025.09.29-16.38.44
[2025.09.29-14.38.44:368][524]LogWorld: Bringing up level for play took: 0.008018
[2025.09.29-14.38.44:368][524]LogOnline: OSS: Creating online subsystem instance for: :Context_51
[2025.09.29-14.38.44:370][524]PIE: Play in editor start time for /Game/Levels/UEDPIE_0_CheeseFactory_001 1.08
[2025.09.29-14.38.44:370][524]LogBlueprintUserMessages: Late PlayInEditor Detection: Level '/Game/Levels/CheeseFactory_001.CheeseFactory_001:PersistentLevel' has LevelScriptBlueprint '/Game/Levels/CheeseFactory_001.CheeseFactory_001:PersistentLevel.CheeseFactory_001' with GeneratedClass '/Game/Levels/CheeseFactory_001.CheeseFactory_001_C' with ClassGeneratedBy '/Game/Levels/CheeseFactory_001.CheeseFactory_001:PersistentLevel.CheeseFactory_001'
[2025.09.29-14.38.55:207][821]LogBlueprintUserMessages: Early EndPlayMap Detection: Level '/Game/Levels/CheeseFactory_001.CheeseFactory_001:PersistentLevel' has LevelScriptBlueprint '/Game/Levels/CheeseFactory_001.CheeseFactory_001:PersistentLevel.CheeseFactory_001' with GeneratedClass '/Game/Levels/CheeseFactory_001.CheeseFactory_001_C' with ClassGeneratedBy '/Game/Levels/CheeseFactory_001.CheeseFactory_001:PersistentLevel.CheeseFactory_001'
[2025.09.29-14.38.55:207][821]LogSlate: Updating window title bar state: overlay mode, drag disabled, window buttons hidden, title bar hidden
[2025.09.29-14.38.55:207][821]LogWorld: BeginTearingDown for /Game/Levels/UEDPIE_0_CheeseFactory_001
[2025.09.29-14.38.55:207][821]LogWorld: UWorld::CleanupWorld for CheeseFactory_001, bSessionEnded=true, bCleanupResources=true
[2025.09.29-14.38.55:223][821]LogPlayLevel: Display: Shutting down PIE online subsystems
[2025.09.29-14.38.55:223][821]LogBlueprintUserMessages: Late EndPlayMap Detection: Level '/Game/Levels/CheeseFactory_001.CheeseFactory_001:PersistentLevel' has LevelScriptBlueprint '/Game/Levels/CheeseFactory_001.CheeseFactory_001:PersistentLevel.CheeseFactory_001' with GeneratedClass '/Game/Levels/CheeseFactory_001.CheeseFactory_001_C' with ClassGeneratedBy '/Game/Levels/CheeseFactory_001.CheeseFactory_001:PersistentLevel.CheeseFactory_001'
[2025.09.29-14.38.55:246][821]LogSlate: Updating window title bar state: overlay mode, drag disabled, window buttons hidden, title bar hidden
[2025.09.29-14.38.55:252][821]LogUObjectHash: Compacting FUObjectHashTables data took   1.51ms
[2025.09.29-14.38.55:313][827]LogPlayLevel: Display: Destroying online subsystem :Context_51
[2025.09.29-14.38.55:498][848]LogSlate: FSceneViewport::OnFocusLost() reason 5
[2025.09.29-14.38.55:503][848]Cmd: OBJ SAVEPACKAGE PACKAGE="/Game/Levels/CheeseFactory_001" FILE="E:/GameJamHGGUnreal4.23.1/GameJamCrew/Content/Levels/CheeseFactory_001.umap" SILENT=true AUTOSAVING=false KEEPDIRTY=false
[2025.09.29-14.38.55:522][848]LogUObjectHash: Compacting FUObjectHashTables data took   0.81ms
[2025.09.29-14.38.55:813][848]LogSavePackage: Moving 'E:/GameJamHGGUnreal4.23.1/GameJamCrew/Saved/CheeseFactory_001EBFCF6A14CFE37C3946F4EA79A724AE5.tmp' to 'E:/GameJamHGGUnreal4.23.1/GameJamCrew/Content/Levels/CheeseFactory_001.umap'
[2025.09.29-14.38.56:144][885]LogSlate: FSceneViewport::OnFocusLost() reason 0
[2025.09.29-14.39.03:203][416]LogAnimation: Warning: AnimBP ThirdPerson_AnimBP_C is incompatible with skeleton sk, removing AnimBP from actor.
[2025.09.29-14.39.03:203][416]LogAnimation: Warning: AnimBP ThirdPerson_AnimBP_C is incompatible with skeleton sk, removing AnimBP from actor.
[2025.09.29-14.39.03:203][416]LogAnimation: Warning: AnimBP ThirdPerson_AnimBP_C is incompatible with skeleton sk, removing AnimBP from actor.
[2025.09.29-14.39.03:203][416]LogAnimation: Warning: AnimBP ThirdPerson_AnimBP_C is incompatible with skeleton sk, removing AnimBP from actor.
[2025.09.29-14.39.04:685][592]LogSlate: FSceneViewport::OnFocusLost() reason 5
[2025.09.29-14.39.04:700][592]Cmd: OBJ SAVEPACKAGE PACKAGE="/Game/ThirdPersonBP/Blueprints/ThirdPersonCharacter" FILE="E:/GameJamHGGUnreal4.23.1/GameJamCrew/Content/ThirdPersonBP/Blueprints/ThirdPersonCharacter.uasset" SILENT=true
[2025.09.29-14.39.04:751][592]LogSavePackage: Moving 'E:/GameJamHGGUnreal4.23.1/GameJamCrew/Saved/ThirdPersonCharacter13BE7E5747A1723066E2C998582843B8.tmp' to 'E:/GameJamHGGUnreal4.23.1/GameJamCrew/Content/ThirdPersonBP/Blueprints/ThirdPersonCharacter.uasset'
[2025.09.29-14.39.06:383][784]LogTemp: Repeating last play command: Selected Viewport
[2025.09.29-14.39.06:387][784]LogBlueprintUserMessages: Early PlayInEditor Detection: Level '/Game/Levels/CheeseFactory_001.CheeseFactory_001:PersistentLevel' has LevelScriptBlueprint '/Game/Levels/CheeseFactory_001.CheeseFactory_001:PersistentLevel.CheeseFactory_001' with GeneratedClass '/Game/Levels/CheeseFactory_001.CheeseFactory_001_C' with ClassGeneratedBy '/Game/Levels/CheeseFactory_001.CheeseFactory_001:PersistentLevel.CheeseFactory_001'
[2025.09.29-14.39.06:387][784]BlueprintLog: New page: Pre-Play auto-recompile
[2025.09.29-14.39.06:390][784]LogPlayLevel: [PlayLevel] Compiling ThirdPersonCharacter before play...
[2025.09.29-14.39.06:539][784]LogUObjectHash: Compacting FUObjectHashTables data took   2.36ms
[2025.09.29-14.39.06:539][784]LogPlayLevel: PlayLevel: Blueprint regeneration took 152 ms (1 blueprints)
[2025.09.29-14.39.06:539][784]PIE: New page: PIE session: CheeseFactory_001 (29 Sep 2025 6:39:06 pm)
[2025.09.29-14.39.06:540][784]LogPlayLevel: Creating play world package: /Game/Levels/UEDPIE_0_CheeseFactory_001
[2025.09.29-14.39.06:564][784]LogPlayLevel: PIE: StaticDuplicateObject took: (0.025137s)
[2025.09.29-14.39.06:565][784]LogAIModule: Creating AISystem for world CheeseFactory_001
[2025.09.29-14.39.06:565][784]LogPlayLevel: PIE: World Init took: (0.000588s)
[2025.09.29-14.39.06:565][784]LogPlayLevel: PIE: Created PIE world by copying editor world from /Game/Levels/CheeseFactory_001.CheeseFactory_001 to /Game/Levels/UEDPIE_0_CheeseFactory_001.CheeseFactory_001 (0.025847s)
[2025.09.29-14.39.06:584][784]LogUObjectHash: Compacting FUObjectHashTables data took   1.47ms
[2025.09.29-14.39.06:598][784]LogInit: XAudio2 using 'Högtalare (Yeti Classic)' : 6 channels at 44.1 kHz using 16 bits per sample (channel mask 0x3f)
[2025.09.29-14.39.06:608][784]LogInit: FAudioDevice initialized.
[2025.09.29-14.39.06:616][784]LogSlate: Updating window title bar state: overlay mode, drag disabled, window buttons hidden, title bar hidden
[2025.09.29-14.39.06:616][784]LogLoad: Game class is 'ThirdPersonGameMode_C'
[2025.09.29-14.39.06:627][784]LogWorld: Bringing World /Game/Levels/UEDPIE_0_CheeseFactory_001.CheeseFactory_001 up for play (max tick rate 0) at 2025.09.29-16.39.06
[2025.09.29-14.39.06:628][784]LogWorld: Bringing up level for play took: 0.010798
[2025.09.29-14.39.06:628][784]LogOnline: OSS: Creating online subsystem instance for: :Context_52
[2025.09.29-14.39.06:629][784]LogGameMode: FindPlayerStart: PATHS NOT DEFINED or NO PLAYERSTART with positive rating
[2025.09.29-14.39.06:631][784]PIE: Play in editor start time for /Game/Levels/UEDPIE_0_CheeseFactory_001 -0.658
[2025.09.29-14.39.06:631][784]LogBlueprintUserMessages: Late PlayInEditor Detection: Level '/Game/Levels/CheeseFactory_001.CheeseFactory_001:PersistentLevel' has LevelScriptBlueprint '/Game/Levels/CheeseFactory_001.CheeseFactory_001:PersistentLevel.CheeseFactory_001' with GeneratedClass '/Game/Levels/CheeseFactory_001.CheeseFactory_001_C' with ClassGeneratedBy '/Game/Levels/CheeseFactory_001.CheeseFactory_001:PersistentLevel.CheeseFactory_001'
[2025.09.29-14.39.10:172][204]LogBlueprintUserMessages: Early EndPlayMap Detection: Level '/Game/Levels/CheeseFactory_001.CheeseFactory_001:PersistentLevel' has LevelScriptBlueprint '/Game/Levels/CheeseFactory_001.CheeseFactory_001:PersistentLevel.CheeseFactory_001' with GeneratedClass '/Game/Levels/CheeseFactory_001.CheeseFactory_001_C' with ClassGeneratedBy '/Game/Levels/CheeseFactory_001.CheeseFactory_001:PersistentLevel.CheeseFactory_001'
[2025.09.29-14.39.10:172][204]LogSlate: Updating window title bar state: overlay mode, drag disabled, window buttons hidden, title bar hidden
[2025.09.29-14.39.10:172][204]LogWorld: BeginTearingDown for /Game/Levels/UEDPIE_0_CheeseFactory_001
[2025.09.29-14.39.10:177][204]LogSlate: Window 'GameJamCrew Game Preview Standalone (64-bit/PCD3D_SM5)' being destroyed
[2025.09.29-14.39.10:183][204]LogWorld: UWorld::CleanupWorld for CheeseFactory_001, bSessionEnded=true, bCleanupResources=true
[2025.09.29-14.39.10:194][204]LogPlayLevel: Display: Shutting down PIE online subsystems
[2025.09.29-14.39.10:194][204]LogBlueprintUserMessages: Late EndPlayMap Detection: Level '/Game/Levels/CheeseFactory_001.CheeseFactory_001:PersistentLevel' has LevelScriptBlueprint '/Game/Levels/CheeseFactory_001.CheeseFactory_001:PersistentLevel.CheeseFactory_001' with GeneratedClass '/Game/Levels/CheeseFactory_001.CheeseFactory_001_C' with ClassGeneratedBy '/Game/Levels/CheeseFactory_001.CheeseFactory_001:PersistentLevel.CheeseFactory_001'
[2025.09.29-14.39.10:224][204]LogUObjectHash: Compacting FUObjectHashTables data took   1.98ms
[2025.09.29-14.39.10:274][209]LogPlayLevel: Display: Destroying online subsystem :Context_52
[2025.09.29-14.39.48:555][912]Cmd: OBJ SAVEPACKAGE PACKAGE="/Game/Mannequin/Cat/CatBluePrint" FILE="E:/GameJamHGGUnreal4.23.1/GameJamCrew/Content/Mannequin/Cat/CatBluePrint.uasset" SILENT=true
[2025.09.29-14.39.48:562][912]LogSavePackage: Moving 'E:/GameJamHGGUnreal4.23.1/GameJamCrew/Saved/CatBluePrintB651C68942269A6239479FB3A0DAE391.tmp' to 'E:/GameJamHGGUnreal4.23.1/GameJamCrew/Content/Mannequin/Cat/CatBluePrint.uasset'
[2025.09.29-14.39.49:449][ 15]LogAssetEditorManager: Opening Asset editor for AnimBlueprint /Game/Mannequin/Cat/CatBluePrint.CatBluePrint
[2025.09.29-14.39.49:455][ 15]LogActorComponent: RegisterComponentWithWorld: (/Engine/Transient.World_43:PersistentLevel.AnimationEditorPreviewActor_0.DebugSkelMeshComponent_0) Already registered. Aborting.
[2025.09.29-14.39.49:601][ 15]LogSkeletalMesh: USkeletalMeshComponent::InitArticulated : Bodies already created (/Engine/Transient.World_43:PersistentLevel.AnimationEditorPreviewActor_0.DebugSkelMeshComponent_0) - call TermArticulated first.
[2025.09.29-14.39.58:003][987]Cmd: OBJ SAVEPACKAGE PACKAGE="/Game/Mannequin/Cat/CatBluePrint" FILE="E:/GameJamHGGUnreal4.23.1/GameJamCrew/Content/Mannequin/Cat/CatBluePrint.uasset" SILENT=true
[2025.09.29-14.39.58:012][987]LogSavePackage: Moving 'E:/GameJamHGGUnreal4.23.1/GameJamCrew/Saved/CatBluePrintF0C13BE442631732A6FE2285782770CD.tmp' to 'E:/GameJamHGGUnreal4.23.1/GameJamCrew/Content/Mannequin/Cat/CatBluePrint.uasset'
[2025.09.29-14.41.30:553][672]Cmd: OBJ SAVEPACKAGE PACKAGE="/Game/Mannequin/Cat/CatBluePrint" FILE="E:/GameJamHGGUnreal4.23.1/GameJamCrew/Content/Mannequin/Cat/CatBluePrint.uasset" SILENT=true
[2025.09.29-14.41.30:562][672]LogSavePackage: Moving 'E:/GameJamHGGUnreal4.23.1/GameJamCrew/Saved/CatBluePrint56A5369E4F57B0C8A7B29AB7ACBE8D2D.tmp' to 'E:/GameJamHGGUnreal4.23.1/GameJamCrew/Content/Mannequin/Cat/CatBluePrint.uasset'
[2025.09.29-14.43.32:295][346]Cmd: OBJ SAVEPACKAGE PACKAGE="/Game/Mannequin/Cat/CatBluePrint" FILE="E:/GameJamHGGUnreal4.23.1/GameJamCrew/Content/Mannequin/Cat/CatBluePrint.uasset" SILENT=true
[2025.09.29-14.43.32:306][346]LogSavePackage: Moving 'E:/GameJamHGGUnreal4.23.1/GameJamCrew/Saved/CatBluePrintB2363A6641FB7B992256998753DD8E52.tmp' to 'E:/GameJamHGGUnreal4.23.1/GameJamCrew/Content/Mannequin/Cat/CatBluePrint.uasset'
[2025.09.29-14.44.07:005][557]LogSlate: Prevented a slow task dialog from being summoned while a context menu was open
[2025.09.29-14.44.13:606][343]Cmd: OBJ SAVEPACKAGE PACKAGE="/Game/ThirdPersonBP/Blueprints/ThirdPersonCharacter" FILE="E:/GameJamHGGUnreal4.23.1/GameJamCrew/Content/ThirdPersonBP/Blueprints/ThirdPersonCharacter.uasset" SILENT=true
[2025.09.29-14.44.13:652][343]LogSavePackage: Moving 'E:/GameJamHGGUnreal4.23.1/GameJamCrew/Saved/ThirdPersonCharacterE3A0780141EA09AEFE35EEA48C00C340.tmp' to 'E:/GameJamHGGUnreal4.23.1/GameJamCrew/Content/ThirdPersonBP/Blueprints/ThirdPersonCharacter.uasset'
[2025.09.29-14.44.19:810][ 80]LogSlate: FSceneViewport::OnFocusLost() reason 5
[2025.09.29-14.44.19:816][ 80]Cmd: OBJ SAVEPACKAGE PACKAGE="/Game/ThirdPersonBP/Blueprints/ThirdPersonCharacter" FILE="E:/GameJamHGGUnreal4.23.1/GameJamCrew/Content/ThirdPersonBP/Blueprints/ThirdPersonCharacter.uasset" SILENT=true
[2025.09.29-14.44.19:856][ 80]LogSavePackage: Moving 'E:/GameJamHGGUnreal4.23.1/GameJamCrew/Saved/ThirdPersonCharacterA7414C2F449A51E3FB71C58A462084C3.tmp' to 'E:/GameJamHGGUnreal4.23.1/GameJamCrew/Content/ThirdPersonBP/Blueprints/ThirdPersonCharacter.uasset'
[2025.09.29-14.44.23:313][493]LogSlate: FSceneViewport::OnFocusLost() reason 0
[2025.09.29-14.46.12:445][963]LogEditorViewport: Clicking on Actor (CTRL LMB): StaticMeshActor (Stair2)
[2025.09.29-14.46.12:512][967]LogSlate: FSceneViewport::OnFocusLost() reason 5
[2025.09.29-14.46.12:518][967]Cmd: OBJ SAVEPACKAGE PACKAGE="/Game/Levels/CheeseFactory_001" FILE="E:/GameJamHGGUnreal4.23.1/GameJamCrew/Content/Levels/CheeseFactory_001.umap" SILENT=true AUTOSAVING=false KEEPDIRTY=false
[2025.09.29-14.46.12:541][967]LogUObjectHash: Compacting FUObjectHashTables data took   2.12ms
[2025.09.29-14.46.12:825][967]LogSavePackage: Moving 'E:/GameJamHGGUnreal4.23.1/GameJamCrew/Saved/CheeseFactory_001373EB3EE48F3A2FC9041FEAE1F9658C1.tmp' to 'E:/GameJamHGGUnreal4.23.1/GameJamCrew/Content/Levels/CheeseFactory_001.umap'
[2025.09.29-14.46.13:104][998]LogTemp: Repeating last play command: Selected Viewport
[2025.09.29-14.46.13:108][998]LogBlueprintUserMessages: Early PlayInEditor Detection: Level '/Game/Levels/CheeseFactory_001.CheeseFactory_001:PersistentLevel' has LevelScriptBlueprint '/Game/Levels/CheeseFactory_001.CheeseFactory_001:PersistentLevel.CheeseFactory_001' with GeneratedClass '/Game/Levels/CheeseFactory_001.CheeseFactory_001_C' with ClassGeneratedBy '/Game/Levels/CheeseFactory_001.CheeseFactory_001:PersistentLevel.CheeseFactory_001'
[2025.09.29-14.46.13:108][998]BlueprintLog: New page: Pre-Play auto-recompile
[2025.09.29-14.46.13:111][998]LogPlayLevel: [PlayLevel] Compiling ThirdPersonCharacter before play...
[2025.09.29-14.46.13:241][998]LogPlayLevel: [PlayLevel] Compiling CatBluePrint before play...
[2025.09.29-14.46.13:242][998]LogBlueprint: Warning: [Compiler CatBluePrint] Idle to Jump  will never be taken, please connect something to  Can Enter Transition
[2025.09.29-14.46.13:242][998]LogBlueprint: Warning: [Compiler CatBluePrint] Walk to Jump  will never be taken, please connect something to  Can Enter Transition
[2025.09.29-14.46.13:242][998]LogBlueprint: Warning: [Compiler CatBluePrint] Idle to Walk  will never be taken, please connect something to  Can Enter Transition
[2025.09.29-14.46.13:363][998]LogUObjectHash: Compacting FUObjectHashTables data took   2.43ms
[2025.09.29-14.46.13:363][998]LogPlayLevel: PlayLevel: Blueprint regeneration took 255 ms (2 blueprints)
[2025.09.29-14.46.13:363][998]PIE: New page: PIE session: CheeseFactory_001 (29 Sep 2025 6:46:13 pm)
[2025.09.29-14.46.13:363][998]LogPlayLevel: Creating play world package: /Game/Levels/UEDPIE_0_CheeseFactory_001
[2025.09.29-14.46.13:390][998]LogPlayLevel: PIE: StaticDuplicateObject took: (0.025742s)
[2025.09.29-14.46.13:390][998]LogAIModule: Creating AISystem for world CheeseFactory_001
[2025.09.29-14.46.13:390][998]LogPlayLevel: PIE: World Init took: (0.000578s)
[2025.09.29-14.46.13:390][998]LogPlayLevel: PIE: Created PIE world by copying editor world from /Game/Levels/CheeseFactory_001.CheeseFactory_001 to /Game/Levels/UEDPIE_0_CheeseFactory_001.CheeseFactory_001 (0.026444s)
[2025.09.29-14.46.13:410][998]LogUObjectHash: Compacting FUObjectHashTables data took   1.46ms
[2025.09.29-14.46.13:423][998]LogInit: XAudio2 using 'Högtalare (Yeti Classic)' : 6 channels at 44.1 kHz using 16 bits per sample (channel mask 0x3f)
[2025.09.29-14.46.13:433][998]LogInit: FAudioDevice initialized.
[2025.09.29-14.46.13:439][998]LogLoad: Game class is 'ThirdPersonGameMode_C'
[2025.09.29-14.46.13:447][998]LogWorld: Bringing World /Game/Levels/UEDPIE_0_CheeseFactory_001.CheeseFactory_001 up for play (max tick rate 0) at 2025.09.29-16.46.13
[2025.09.29-14.46.13:448][998]LogWorld: Bringing up level for play took: 0.008017
[2025.09.29-14.46.13:448][998]LogOnline: OSS: Creating online subsystem instance for: :Context_57
[2025.09.29-14.46.13:450][998]PIE: Play in editor start time for /Game/Levels/UEDPIE_0_CheeseFactory_001 0.16
[2025.09.29-14.46.13:450][998]LogBlueprintUserMessages: Late PlayInEditor Detection: Level '/Game/Levels/CheeseFactory_001.CheeseFactory_001:PersistentLevel' has LevelScriptBlueprint '/Game/Levels/CheeseFactory_001.CheeseFactory_001:PersistentLevel.CheeseFactory_001' with GeneratedClass '/Game/Levels/CheeseFactory_001.CheeseFactory_001_C' with ClassGeneratedBy '/Game/Levels/CheeseFactory_001.CheeseFactory_001:PersistentLevel.CheeseFactory_001'
[2025.09.29-14.46.16:217][325]LogBlueprintUserMessages: Early EndPlayMap Detection: Level '/Game/Levels/CheeseFactory_001.CheeseFactory_001:PersistentLevel' has LevelScriptBlueprint '/Game/Levels/CheeseFactory_001.CheeseFactory_001:PersistentLevel.CheeseFactory_001' with GeneratedClass '/Game/Levels/CheeseFactory_001.CheeseFactory_001_C' with ClassGeneratedBy '/Game/Levels/CheeseFactory_001.CheeseFactory_001:PersistentLevel.CheeseFactory_001'
[2025.09.29-14.46.16:217][325]LogSlate: Updating window title bar state: overlay mode, drag disabled, window buttons hidden, title bar hidden
[2025.09.29-14.46.16:217][325]LogWorld: BeginTearingDown for /Game/Levels/UEDPIE_0_CheeseFactory_001
[2025.09.29-14.46.16:217][325]LogWorld: UWorld::CleanupWorld for CheeseFactory_001, bSessionEnded=true, bCleanupResources=true
[2025.09.29-14.46.16:234][325]LogPlayLevel: Display: Shutting down PIE online subsystems
[2025.09.29-14.46.16:234][325]LogBlueprintUserMessages: Late EndPlayMap Detection: Level '/Game/Levels/CheeseFactory_001.CheeseFactory_001:PersistentLevel' has LevelScriptBlueprint '/Game/Levels/CheeseFactory_001.CheeseFactory_001:PersistentLevel.CheeseFactory_001' with GeneratedClass '/Game/Levels/CheeseFactory_001.CheeseFactory_001_C' with ClassGeneratedBy '/Game/Levels/CheeseFactory_001.CheeseFactory_001:PersistentLevel.CheeseFactory_001'
[2025.09.29-14.46.16:257][325]LogSlate: Updating window title bar state: overlay mode, drag disabled, window buttons hidden, title bar hidden
[2025.09.29-14.46.16:262][325]LogUObjectHash: Compacting FUObjectHashTables data took   1.39ms
[2025.09.29-14.46.16:324][331]LogPlayLevel: Display: Destroying online subsystem :Context_57
[2025.09.29-14.46.16:539][356]LogSlate: FSceneViewport::OnFocusLost() reason 5
[2025.09.29-14.46.16:546][356]Cmd: OBJ SAVEPACKAGE PACKAGE="/Game/Levels/CheeseFactory_001" FILE="E:/GameJamHGGUnreal4.23.1/GameJamCrew/Content/Levels/CheeseFactory_001.umap" SILENT=true AUTOSAVING=false KEEPDIRTY=false
[2025.09.29-14.46.16:564][356]LogUObjectHash: Compacting FUObjectHashTables data took   0.60ms
[2025.09.29-14.46.16:846][356]LogSavePackage: Moving 'E:/GameJamHGGUnreal4.23.1/GameJamCrew/Saved/CheeseFactory_0013766848E4C2036A914A6319F21166092.tmp' to 'E:/GameJamHGGUnreal4.23.1/GameJamCrew/Content/Levels/CheeseFactory_001.umap'
[2025.09.29-14.46.18:214][509]Cmd: OBJ SAVEPACKAGE PACKAGE="/Game/ThirdPersonBP/Blueprints/ThirdPersonCharacter" FILE="E:/GameJamHGGUnreal4.23.1/GameJamCrew/Content/ThirdPersonBP/Blueprints/ThirdPersonCharacter.uasset" SILENT=true
[2025.09.29-14.46.18:259][509]LogSavePackage: Moving 'E:/GameJamHGGUnreal4.23.1/GameJamCrew/Saved/ThirdPersonCharacter1041A9C247D665CA4845A9A80E6C0A8D.tmp' to 'E:/GameJamHGGUnreal4.23.1/GameJamCrew/Content/ThirdPersonBP/Blueprints/ThirdPersonCharacter.uasset'
[2025.09.29-14.48.08:305][937]Cmd: OBJ SAVEPACKAGE PACKAGE="/Game/Mannequin/Cat/CatBluePrint" FILE="E:/GameJamHGGUnreal4.23.1/GameJamCrew/Content/Mannequin/Cat/CatBluePrint.uasset" SILENT=true
[2025.09.29-14.48.08:317][937]LogSavePackage: Moving 'E:/GameJamHGGUnreal4.23.1/GameJamCrew/Saved/CatBluePrintD70A186546B6846D82426A8E7098F60E.tmp' to 'E:/GameJamHGGUnreal4.23.1/GameJamCrew/Content/Mannequin/Cat/CatBluePrint.uasset'
[2025.09.29-14.49.02:284][351]Cmd: OBJ SAVEPACKAGE PACKAGE="/Game/Mannequin/Cat/CatBluePrint" FILE="E:/GameJamHGGUnreal4.23.1/GameJamCrew/Content/Mannequin/Cat/CatBluePrint.uasset" SILENT=true
[2025.09.29-14.49.02:297][351]LogSavePackage: Moving 'E:/GameJamHGGUnreal4.23.1/GameJamCrew/Saved/CatBluePrintA4E829DB42A074701DE350A60163A1D1.tmp' to 'E:/GameJamHGGUnreal4.23.1/GameJamCrew/Content/Mannequin/Cat/CatBluePrint.uasset'
[2025.09.29-14.49.22:408][750]LogTemp: Repeating last play command: Selected Viewport
[2025.09.29-14.49.22:411][750]LogBlueprintUserMessages: Early PlayInEditor Detection: Level '/Game/Levels/CheeseFactory_001.CheeseFactory_001:PersistentLevel' has LevelScriptBlueprint '/Game/Levels/CheeseFactory_001.CheeseFactory_001:PersistentLevel.CheeseFactory_001' with GeneratedClass '/Game/Levels/CheeseFactory_001.CheeseFactory_001_C' with ClassGeneratedBy '/Game/Levels/CheeseFactory_001.CheeseFactory_001:PersistentLevel.CheeseFactory_001'
[2025.09.29-14.49.22:411][750]BlueprintLog: New page: Pre-Play auto-recompile
[2025.09.29-14.49.22:412][750]LogPlayLevel: [PlayLevel] Compiling CatBluePrint before play...
[2025.09.29-14.49.22:413][750]LogBlueprint: Warning: [Compiler CatBluePrint] Idle to Jump  will never be taken, please connect something to  Can Enter Transition
[2025.09.29-14.49.22:413][750]LogBlueprint: Warning: [Compiler CatBluePrint] Walk to Jump  will never be taken, please connect something to  Can Enter Transition
[2025.09.29-14.49.22:413][750]LogBlueprint: Warning: [Compiler CatBluePrint] Idle to Walk  will never be taken, please connect something to  Can Enter Transition
[2025.09.29-14.49.22:414][750]LogBlueprint: Error: [Compiler CatBluePrint] This blueprint (self) is not a Character, therefore ' Target ' must have a connection.
[2025.09.29-14.49.22:414][750]LogBlueprint: Error: [Compiler CatBluePrint] Variable node  Get Mesh  uses an invalid target.  It may depend on a node that is not connected to the execution chain, and got purged.
[2025.09.29-14.49.22:534][750]LogUObjectHash: Compacting FUObjectHashTables data took   2.11ms
[2025.09.29-14.49.22:534][750]LogPlayLevel: PlayLevel: Blueprint regeneration took 122 ms (1 blueprints)
[2025.09.29-14.49.22:534][750]BlueprintLog: Warning: Blueprint failed to compile:  CatBluePrint
[2025.09.29-14.49.22:535][750]LogCustomDialog: Dialog displayed:
[2025.09.29-14.49.23:725][750]LogSlate: Window 'Blueprint Compilation Errors' being destroyed
[2025.09.29-14.49.23:731][750]PIE: New page: PIE session: CheeseFactory_001 (29 Sep 2025 6:49:23 pm)
[2025.09.29-14.49.23:731][750]LogPlayLevel: Creating play world package: /Game/Levels/UEDPIE_0_CheeseFactory_001
[2025.09.29-14.49.23:757][750]LogPlayLevel: PIE: StaticDuplicateObject took: (0.026851s)
[2025.09.29-14.49.23:758][750]LogAIModule: Creating AISystem for world CheeseFactory_001
[2025.09.29-14.49.23:758][750]LogPlayLevel: PIE: World Init took: (0.000566s)
[2025.09.29-14.49.23:758][750]LogPlayLevel: PIE: Created PIE world by copying editor world from /Game/Levels/CheeseFactory_001.CheeseFactory_001 to /Game/Levels/UEDPIE_0_CheeseFactory_001.CheeseFactory_001 (0.027552s)
[2025.09.29-14.49.23:777][750]LogUObjectHash: Compacting FUObjectHashTables data took   1.40ms
[2025.09.29-14.49.23:791][750]LogInit: XAudio2 using 'Högtalare (Yeti Classic)' : 6 channels at 44.1 kHz using 16 bits per sample (channel mask 0x3f)
[2025.09.29-14.49.23:800][750]LogInit: FAudioDevice initialized.
[2025.09.29-14.49.23:809][750]LogLoad: Game class is 'ThirdPersonGameMode_C'
[2025.09.29-14.49.23:821][750]LogWorld: Bringing World /Game/Levels/UEDPIE_0_CheeseFactory_001.CheeseFactory_001 up for play (max tick rate 0) at 2025.09.29-16.49.23
[2025.09.29-14.49.23:822][750]LogWorld: Bringing up level for play took: 0.012486
[2025.09.29-14.49.23:822][750]LogOnline: OSS: Creating online subsystem instance for: :Context_58
[2025.09.29-14.49.23:824][750]PIE: Play in editor start time for /Game/Levels/UEDPIE_0_CheeseFactory_001 0.534
[2025.09.29-14.49.23:824][750]LogBlueprintUserMessages: Late PlayInEditor Detection: Level '/Game/Levels/CheeseFactory_001.CheeseFactory_001:PersistentLevel' has LevelScriptBlueprint '/Game/Levels/CheeseFactory_001.CheeseFactory_001:PersistentLevel.CheeseFactory_001' with GeneratedClass '/Game/Levels/CheeseFactory_001.CheeseFactory_001_C' with ClassGeneratedBy '/Game/Levels/CheeseFactory_001.CheeseFactory_001:PersistentLevel.CheeseFactory_001'
[2025.09.29-14.49.27:157][146]LogBlueprintUserMessages: Early EndPlayMap Detection: Level '/Game/Levels/CheeseFactory_001.CheeseFactory_001:PersistentLevel' has LevelScriptBlueprint '/Game/Levels/CheeseFactory_001.CheeseFactory_001:PersistentLevel.CheeseFactory_001' with GeneratedClass '/Game/Levels/CheeseFactory_001.CheeseFactory_001_C' with ClassGeneratedBy '/Game/Levels/CheeseFactory_001.CheeseFactory_001:PersistentLevel.CheeseFactory_001'
[2025.09.29-14.49.27:157][146]LogSlate: Updating window title bar state: overlay mode, drag disabled, window buttons hidden, title bar hidden
[2025.09.29-14.49.27:157][146]LogWorld: BeginTearingDown for /Game/Levels/UEDPIE_0_CheeseFactory_001
[2025.09.29-14.49.27:158][146]LogWorld: UWorld::CleanupWorld for CheeseFactory_001, bSessionEnded=true, bCleanupResources=true
[2025.09.29-14.49.27:185][146]LogPlayLevel: Display: Shutting down PIE online subsystems
[2025.09.29-14.49.27:185][146]LogBlueprintUserMessages: Late EndPlayMap Detection: Level '/Game/Levels/CheeseFactory_001.CheeseFactory_001:PersistentLevel' has LevelScriptBlueprint '/Game/Levels/CheeseFactory_001.CheeseFactory_001:PersistentLevel.CheeseFactory_001' with GeneratedClass '/Game/Levels/CheeseFactory_001.CheeseFactory_001_C' with ClassGeneratedBy '/Game/Levels/CheeseFactory_001.CheeseFactory_001:PersistentLevel.CheeseFactory_001'
[2025.09.29-14.49.27:208][146]LogSlate: Updating window title bar state: overlay mode, drag disabled, window buttons hidden, title bar hidden
[2025.09.29-14.49.27:213][146]LogUObjectHash: Compacting FUObjectHashTables data took   1.43ms
[2025.09.29-14.49.27:258][150]LogPlayLevel: Display: Destroying online subsystem :Context_58
[2025.09.29-14.49.27:482][176]LogSlate: FSceneViewport::OnFocusLost() reason 5
[2025.09.29-14.49.27:488][176]Cmd: OBJ SAVEPACKAGE PACKAGE="/Game/Levels/CheeseFactory_001" FILE="E:/GameJamHGGUnreal4.23.1/GameJamCrew/Content/Levels/CheeseFactory_001.umap" SILENT=true AUTOSAVING=false KEEPDIRTY=false
[2025.09.29-14.49.27:508][176]LogUObjectHash: Compacting FUObjectHashTables data took   0.70ms
[2025.09.29-14.49.27:786][176]LogSavePackage: Moving 'E:/GameJamHGGUnreal4.23.1/GameJamCrew/Saved/CheeseFactory_00124249F62484EF214662097A0390B420A.tmp' to 'E:/GameJamHGGUnreal4.23.1/GameJamCrew/Content/Levels/CheeseFactory_001.umap'
[2025.09.29-14.50.10:979][304]Cmd: OBJ SAVEPACKAGE PACKAGE="/Game/ThirdPersonBP/Blueprints/ThirdPersonCharacter" FILE="E:/GameJamHGGUnreal4.23.1/GameJamCrew/Content/ThirdPersonBP/Blueprints/ThirdPersonCharacter.uasset" SILENT=true
[2025.09.29-14.50.11:033][304]LogSavePackage: Moving 'E:/GameJamHGGUnreal4.23.1/GameJamCrew/Saved/ThirdPersonCharacter1A65A492429D570BE35B67BF82525730.tmp' to 'E:/GameJamHGGUnreal4.23.1/GameJamCrew/Content/ThirdPersonBP/Blueprints/ThirdPersonCharacter.uasset'
[2025.09.29-14.50.32:398][850]LogEditorTransaction: Undo Delete current selection
[2025.09.29-14.50.32:452][850]LogActorComponent: RegisterComponentWithWorld: (/Engine/Transient.World_43:PersistentLevel.AnimationEditorPreviewActor_0.DebugSkelMeshComponent_0) Already registered. Aborting.
[2025.09.29-14.50.34:098][ 36]Cmd: OBJ SAVEPACKAGE PACKAGE="/Game/ThirdPersonBP/Blueprints/ThirdPersonCharacter" FILE="E:/GameJamHGGUnreal4.23.1/GameJamCrew/Content/ThirdPersonBP/Blueprints/ThirdPersonCharacter.uasset" SILENT=true
[2025.09.29-14.50.34:145][ 36]LogSavePackage: Moving 'E:/GameJamHGGUnreal4.23.1/GameJamCrew/Saved/ThirdPersonCharacterA4FFCE534FD6004DCEF744BC41763F80.tmp' to 'E:/GameJamHGGUnreal4.23.1/GameJamCrew/Content/ThirdPersonBP/Blueprints/ThirdPersonCharacter.uasset'
[2025.09.29-14.50.37:775][467]Cmd: OBJ SAVEPACKAGE PACKAGE="/Game/Mannequin/Cat/CatBluePrint" FILE="E:/GameJamHGGUnreal4.23.1/GameJamCrew/Content/Mannequin/Cat/CatBluePrint.uasset" SILENT=true
[2025.09.29-14.50.37:788][467]LogSavePackage: Moving 'E:/GameJamHGGUnreal4.23.1/GameJamCrew/Saved/CatBluePrint2D1CDD9741C68317B654D4971EF01EB9.tmp' to 'E:/GameJamHGGUnreal4.23.1/GameJamCrew/Content/Mannequin/Cat/CatBluePrint.uasset'
[2025.09.29-14.50.46:663][527]Cmd: OBJ SAVEPACKAGE PACKAGE="/Game/Mannequin/Cat/CatBluePrint" FILE="E:/GameJamHGGUnreal4.23.1/GameJamCrew/Content/Mannequin/Cat/CatBluePrint.uasset" SILENT=true
[2025.09.29-14.50.46:676][527]LogSavePackage: Moving 'E:/GameJamHGGUnreal4.23.1/GameJamCrew/Saved/CatBluePrint8A766D5A42755EA56574A4B801A0D638.tmp' to 'E:/GameJamHGGUnreal4.23.1/GameJamCrew/Content/Mannequin/Cat/CatBluePrint.uasset'
[2025.09.29-14.50.47:024][567]BlueprintLog: New page: Compile CatBluePrint
[2025.09.29-14.50.47:026][567]LogBlueprint: Warning: [Compiler CatBluePrint] Idle to Jump  will never be taken, please connect something to  Can Enter Transition
[2025.09.29-14.50.47:027][567]LogBlueprint: Warning: [Compiler CatBluePrint] Walk to Jump  will never be taken, please connect something to  Can Enter Transition
[2025.09.29-14.50.47:027][567]LogBlueprint: Warning: [Compiler CatBluePrint] Idle to Walk  will never be taken, please connect something to  Can Enter Transition
[2025.09.29-14.50.47:145][567]LogUObjectHash: Compacting FUObjectHashTables data took   2.41ms
[2025.09.29-14.50.49:747][871]Cmd: OBJ SAVEPACKAGE PACKAGE="/Game/Mannequin/Cat/CatBluePrint" FILE="E:/GameJamHGGUnreal4.23.1/GameJamCrew/Content/Mannequin/Cat/CatBluePrint.uasset" SILENT=true
[2025.09.29-14.50.49:760][871]LogSavePackage: Moving 'E:/GameJamHGGUnreal4.23.1/GameJamCrew/Saved/CatBluePrintCFF183FD4368706DE26E9FBD3316384B.tmp' to 'E:/GameJamHGGUnreal4.23.1/GameJamCrew/Content/Mannequin/Cat/CatBluePrint.uasset'
[2025.09.29-14.50.59:280][983]Cmd: OBJ SAVEPACKAGE PACKAGE="/Game/Mannequin/Cat/CatBluePrint" FILE="E:/GameJamHGGUnreal4.23.1/GameJamCrew/Content/Mannequin/Cat/CatBluePrint.uasset" SILENT=true
[2025.09.29-14.50.59:289][983]LogSavePackage: Moving 'E:/GameJamHGGUnreal4.23.1/GameJamCrew/Saved/CatBluePrintA6A483B84593183FCB1B07A0E59246D9.tmp' to 'E:/GameJamHGGUnreal4.23.1/GameJamCrew/Content/Mannequin/Cat/CatBluePrint.uasset'
[2025.09.29-14.51.01:275][218]Cmd: OBJ SAVEPACKAGE PACKAGE="/Game/ThirdPersonBP/Blueprints/ThirdPersonCharacter" FILE="E:/GameJamHGGUnreal4.23.1/GameJamCrew/Content/ThirdPersonBP/Blueprints/ThirdPersonCharacter.uasset" SILENT=true
[2025.09.29-14.51.01:319][218]LogSavePackage: Moving 'E:/GameJamHGGUnreal4.23.1/GameJamCrew/Saved/ThirdPersonCharacterEEB8E60A45B7A37577BF5A976C90450F.tmp' to 'E:/GameJamHGGUnreal4.23.1/GameJamCrew/Content/ThirdPersonBP/Blueprints/ThirdPersonCharacter.uasset'
[2025.09.29-14.52.22:059][271]Cmd: OBJ SAVEPACKAGE PACKAGE="/Game/ThirdPersonBP/Blueprints/ThirdPersonCharacter" FILE="E:/GameJamHGGUnreal4.23.1/GameJamCrew/Content/ThirdPersonBP/Blueprints/ThirdPersonCharacter.uasset" SILENT=true
[2025.09.29-14.52.22:106][271]LogSavePackage: Moving 'E:/GameJamHGGUnreal4.23.1/GameJamCrew/Saved/ThirdPersonCharacterD5E6BA9D43672642063CF69792697C4D.tmp' to 'E:/GameJamHGGUnreal4.23.1/GameJamCrew/Content/ThirdPersonBP/Blueprints/ThirdPersonCharacter.uasset'
[2025.09.29-14.52.25:856][716]LogBlueprint: Warning: [Compiler ThirdPersonCharacter] Variable NormalJump is marked as 'Expose on Spawn' but not marked as 'Editable'; please make it 'Editable'
[2025.09.29-14.52.26:807][818]Cmd: OBJ SAVEPACKAGE PACKAGE="/Game/ThirdPersonBP/Blueprints/ThirdPersonCharacter" FILE="E:/GameJamHGGUnreal4.23.1/GameJamCrew/Content/ThirdPersonBP/Blueprints/ThirdPersonCharacter.uasset" SILENT=true
[2025.09.29-14.52.26:852][818]LogSavePackage: Moving 'E:/GameJamHGGUnreal4.23.1/GameJamCrew/Saved/ThirdPersonCharacterB29E37B34A9CAB552A1B39938BA89AD0.tmp' to 'E:/GameJamHGGUnreal4.23.1/GameJamCrew/Content/ThirdPersonBP/Blueprints/ThirdPersonCharacter.uasset'
[2025.09.29-14.52.48:517][379]LogEditorViewport: Clicking on Actor (LMB): StaticMeshActor (wall01_2x16)
[2025.09.29-14.52.48:963][428]LogSlate: FSceneViewport::OnFocusLost() reason 5
[2025.09.29-14.52.48:971][428]Cmd: OBJ SAVEPACKAGE PACKAGE="/Game/Levels/CheeseFactory_001" FILE="E:/GameJamHGGUnreal4.23.1/GameJamCrew/Content/Levels/CheeseFactory_001.umap" SILENT=true AUTOSAVING=false KEEPDIRTY=false
[2025.09.29-14.52.48:993][428]LogUObjectHash: Compacting FUObjectHashTables data took   2.19ms
[2025.09.29-14.52.49:282][428]LogSavePackage: Moving 'E:/GameJamHGGUnreal4.23.1/GameJamCrew/Saved/CheeseFactory_001CE4094EE45BDE2D8C8DCF9AA4A37F857.tmp' to 'E:/GameJamHGGUnreal4.23.1/GameJamCrew/Content/Levels/CheeseFactory_001.umap'
[2025.09.29-14.53.19:918][ 44]BlueprintLog: New page: Compile CatBluePrint
[2025.09.29-14.53.19:920][ 44]LogBlueprint: Warning: [Compiler CatBluePrint] Idle to Jump  will never be taken, please connect something to  Can Enter Transition
[2025.09.29-14.53.19:920][ 44]LogBlueprint: Warning: [Compiler CatBluePrint] Walk to Jump  will never be taken, please connect something to  Can Enter Transition
[2025.09.29-14.53.19:920][ 44]LogBlueprint: Warning: [Compiler CatBluePrint] Idle to Walk  will never be taken, please connect something to  Can Enter Transition
[2025.09.29-14.53.20:038][ 44]LogUObjectHash: Compacting FUObjectHashTables data took   1.91ms
[2025.09.29-14.53.20:946][152]BlueprintLog: New page: Compile CatBluePrint
[2025.09.29-14.53.20:948][152]LogBlueprint: Warning: [Compiler CatBluePrint] Idle to Jump  will never be taken, please connect something to  Can Enter Transition
[2025.09.29-14.53.20:948][152]LogBlueprint: Warning: [Compiler CatBluePrint] Walk to Jump  will never be taken, please connect something to  Can Enter Transition
[2025.09.29-14.53.20:948][152]LogBlueprint: Warning: [Compiler CatBluePrint] Idle to Walk  will never be taken, please connect something to  Can Enter Transition
[2025.09.29-14.53.21:065][152]LogUObjectHash: Compacting FUObjectHashTables data took   2.11ms
[2025.09.29-14.53.21:106][156]BlueprintLog: New page: Compile CatBluePrint
[2025.09.29-14.53.21:107][156]LogBlueprint: Warning: [Compiler CatBluePrint] Idle to Jump  will never be taken, please connect something to  Can Enter Transition
[2025.09.29-14.53.21:107][156]LogBlueprint: Warning: [Compiler CatBluePrint] Walk to Jump  will never be taken, please connect something to  Can Enter Transition
[2025.09.29-14.53.21:108][156]LogBlueprint: Warning: [Compiler CatBluePrint] Idle to Walk  will never be taken, please connect something to  Can Enter Transition
[2025.09.29-14.53.21:224][156]LogUObjectHash: Compacting FUObjectHashTables data took   2.07ms
[2025.09.29-14.53.21:265][160]BlueprintLog: New page: Compile CatBluePrint
[2025.09.29-14.53.21:267][160]LogBlueprint: Warning: [Compiler CatBluePrint] Idle to Jump  will never be taken, please connect something to  Can Enter Transition
[2025.09.29-14.53.21:267][160]LogBlueprint: Warning: [Compiler CatBluePrint] Walk to Jump  will never be taken, please connect something to  Can Enter Transition
[2025.09.29-14.53.21:267][160]LogBlueprint: Warning: [Compiler CatBluePrint] Idle to Walk  will never be taken, please connect something to  Can Enter Transition
[2025.09.29-14.53.21:384][160]LogUObjectHash: Compacting FUObjectHashTables data took   2.16ms
[2025.09.29-14.53.49:941][812]BlueprintLog: New page: Compile ThirdPersonCharacter
[2025.09.29-14.53.49:943][812]LogBlueprint: Warning: [Compiler ThirdPersonCharacter] Variable NormalJump is marked as 'Expose on Spawn' but not marked as 'Editable'; please make it 'Editable'
[2025.09.29-14.53.49:947][812]LogBlueprint: Warning: [Compiler ThirdPersonCharacter] Variable NormalJump is marked as 'Expose on Spawn' but not marked as 'Editable'; please make it 'Editable'
[2025.09.29-14.53.50:090][812]LogUObjectHash: Compacting FUObjectHashTables data took   2.34ms
[2025.09.29-14.53.50:863][895]BlueprintLog: New page: Compile ThirdPersonCharacter
[2025.09.29-14.53.50:865][895]LogBlueprint: Warning: [Compiler ThirdPersonCharacter] Variable NormalJump is marked as 'Expose on Spawn' but not marked as 'Editable'; please make it 'Editable'
[2025.09.29-14.53.50:868][895]LogBlueprint: Warning: [Compiler ThirdPersonCharacter] Variable NormalJump is marked as 'Expose on Spawn' but not marked as 'Editable'; please make it 'Editable'
[2025.09.29-14.53.51:003][895]LogUObjectHash: Compacting FUObjectHashTables data took   2.42ms
[2025.09.29-14.53.51:091][896]BlueprintLog: New page: Compile ThirdPersonCharacter
[2025.09.29-14.53.51:092][896]LogBlueprint: Warning: [Compiler ThirdPersonCharacter] Variable NormalJump is marked as 'Expose on Spawn' but not marked as 'Editable'; please make it 'Editable'
[2025.09.29-14.53.51:096][896]LogBlueprint: Warning: [Compiler ThirdPersonCharacter] Variable NormalJump is marked as 'Expose on Spawn' but not marked as 'Editable'; please make it 'Editable'
[2025.09.29-14.53.51:228][896]LogUObjectHash: Compacting FUObjectHashTables data took   2.30ms
[2025.09.29-14.53.51:257][896]BlueprintLog: New page: Compile ThirdPersonCharacter
[2025.09.29-14.53.51:259][896]LogBlueprint: Warning: [Compiler ThirdPersonCharacter] Variable NormalJump is marked as 'Expose on Spawn' but not marked as 'Editable'; please make it 'Editable'
[2025.09.29-14.53.51:262][896]LogBlueprint: Warning: [Compiler ThirdPersonCharacter] Variable NormalJump is marked as 'Expose on Spawn' but not marked as 'Editable'; please make it 'Editable'
[2025.09.29-14.53.51:394][896]LogUObjectHash: Compacting FUObjectHashTables data took   2.25ms
[2025.09.29-14.53.52:491][ 16]Cmd: OBJ SAVEPACKAGE PACKAGE="/Game/ThirdPersonBP/Blueprints/ThirdPersonCharacter" FILE="E:/GameJamHGGUnreal4.23.1/GameJamCrew/Content/ThirdPersonBP/Blueprints/ThirdPersonCharacter.uasset" SILENT=true
[2025.09.29-14.53.52:538][ 16]LogSavePackage: Moving 'E:/GameJamHGGUnreal4.23.1/GameJamCrew/Saved/ThirdPersonCharacterC94F682A442D99F8B3D0F08DBE9ECF5E.tmp' to 'E:/GameJamHGGUnreal4.23.1/GameJamCrew/Content/ThirdPersonBP/Blueprints/ThirdPersonCharacter.uasset'
[2025.09.29-14.53.53:669][148]Cmd: OBJ SAVEPACKAGE PACKAGE="/Game/Mannequin/Cat/CatBluePrint" FILE="E:/GameJamHGGUnreal4.23.1/GameJamCrew/Content/Mannequin/Cat/CatBluePrint.uasset" SILENT=true
[2025.09.29-14.53.53:684][148]LogSavePackage: Moving 'E:/GameJamHGGUnreal4.23.1/GameJamCrew/Saved/CatBluePrint3BCEFA8C45F8E76AB29FDD95915B71FB.tmp' to 'E:/GameJamHGGUnreal4.23.1/GameJamCrew/Content/Mannequin/Cat/CatBluePrint.uasset'
[2025.09.29-14.54.31:416][145]Cmd: OBJ SAVEPACKAGE PACKAGE="/Game/ThirdPersonBP/Blueprints/ThirdPersonCharacter" FILE="E:/GameJamHGGUnreal4.23.1/GameJamCrew/Content/ThirdPersonBP/Blueprints/ThirdPersonCharacter.uasset" SILENT=true
[2025.09.29-14.54.31:462][145]LogSavePackage: Moving 'E:/GameJamHGGUnreal4.23.1/GameJamCrew/Saved/ThirdPersonCharacter60A1904B4B38725CF66929A052493B09.tmp' to 'E:/GameJamHGGUnreal4.23.1/GameJamCrew/Content/ThirdPersonBP/Blueprints/ThirdPersonCharacter.uasset'
[2025.09.29-14.54.41:274][278]Cmd: OBJ SAVEPACKAGE PACKAGE="/Game/ThirdPersonBP/Blueprints/ThirdPersonCharacter" FILE="E:/GameJamHGGUnreal4.23.1/GameJamCrew/Content/ThirdPersonBP/Blueprints/ThirdPersonCharacter.uasset" SILENT=true
[2025.09.29-14.54.41:324][278]LogSavePackage: Moving 'E:/GameJamHGGUnreal4.23.1/GameJamCrew/Saved/ThirdPersonCharacter108BDCBF44153ECC33C8C6A8DB472EB4.tmp' to 'E:/GameJamHGGUnreal4.23.1/GameJamCrew/Content/ThirdPersonBP/Blueprints/ThirdPersonCharacter.uasset'
[2025.09.29-14.54.41:742][326]BlueprintLog: New page: Compile ThirdPersonCharacter
[2025.09.29-14.54.41:885][326]LogUObjectHash: Compacting FUObjectHashTables data took   2.46ms
[2025.09.29-14.56.22:014][243]Cmd: OBJ SAVEPACKAGE PACKAGE="/Game/Mannequin/Cat/CatBluePrint" FILE="E:/GameJamHGGUnreal4.23.1/GameJamCrew/Content/Mannequin/Cat/CatBluePrint.uasset" SILENT=true
[2025.09.29-14.56.22:028][243]LogSavePackage: Moving 'E:/GameJamHGGUnreal4.23.1/GameJamCrew/Saved/CatBluePrint0601273F46F3FB637B8590B0FF5ACB9F.tmp' to 'E:/GameJamHGGUnreal4.23.1/GameJamCrew/Content/Mannequin/Cat/CatBluePrint.uasset'
[2025.09.29-14.56.32:814][535]LogSlate: FSceneViewport::OnFocusLost() reason 5
[2025.09.29-14.56.32:820][535]Cmd: OBJ SAVEPACKAGE PACKAGE="/Game/Mannequin/Cat/CatBluePrint" FILE="E:/GameJamHGGUnreal4.23.1/GameJamCrew/Content/Mannequin/Cat/CatBluePrint.uasset" SILENT=true
[2025.09.29-14.56.32:830][535]LogSavePackage: Moving 'E:/GameJamHGGUnreal4.23.1/GameJamCrew/Saved/CatBluePrint72FBD4BC40D67BD70CD330BA08C18C43.tmp' to 'E:/GameJamHGGUnreal4.23.1/GameJamCrew/Content/Mannequin/Cat/CatBluePrint.uasset'
[2025.09.29-14.56.35:014][795]LogSlate: FSceneViewport::OnFocusLost() reason 0
[2025.09.29-14.57.41:767][462]BlueprintLog: New page: Compile CatBluePrint
[2025.09.29-14.57.41:769][462]LogBlueprint: Warning: [Compiler CatBluePrint] Idle to Jump  will never be taken, please connect something to  Can Enter Transition
[2025.09.29-14.57.41:769][462]LogBlueprint: Warning: [Compiler CatBluePrint] Walk to Jump  will never be taken, please connect something to  Can Enter Transition
[2025.09.29-14.57.41:769][462]LogBlueprint: Warning: [Compiler CatBluePrint] Idle to Walk  will never be taken, please connect something to  Can Enter Transition
[2025.09.29-14.57.41:893][462]LogUObjectHash: Compacting FUObjectHashTables data took   2.48ms
[2025.09.29-14.58.23:862][148]Cmd: OBJ SAVEPACKAGE PACKAGE="/Game/ThirdPersonBP/Blueprints/ThirdPersonCharacter" FILE="E:/GameJamHGGUnreal4.23.1/GameJamCrew/Content/ThirdPersonBP/Blueprints/ThirdPersonCharacter.uasset" SILENT=true
[2025.09.29-14.58.23:917][148]LogSavePackage: Moving 'E:/GameJamHGGUnreal4.23.1/GameJamCrew/Saved/ThirdPersonCharacter8FDA8DEE48C428479A64E2B13A0422EC.tmp' to 'E:/GameJamHGGUnreal4.23.1/GameJamCrew/Content/ThirdPersonBP/Blueprints/ThirdPersonCharacter.uasset'
[2025.09.29-14.58.24:785][246]Cmd: OBJ SAVEPACKAGE PACKAGE="/Game/Mannequin/Cat/CatBluePrint" FILE="E:/GameJamHGGUnreal4.23.1/GameJamCrew/Content/Mannequin/Cat/CatBluePrint.uasset" SILENT=true
[2025.09.29-14.58.24:800][246]LogSavePackage: Moving 'E:/GameJamHGGUnreal4.23.1/GameJamCrew/Saved/CatBluePrint687C9269404B69E6A6B2459586FA2882.tmp' to 'E:/GameJamHGGUnreal4.23.1/GameJamCrew/Content/Mannequin/Cat/CatBluePrint.uasset'
[2025.09.29-14.58.50:274][828]Cmd: OBJ SAVEPACKAGE PACKAGE="/Game/Mannequin/Cat/CatBluePrint" FILE="E:/GameJamHGGUnreal4.23.1/GameJamCrew/Content/Mannequin/Cat/CatBluePrint.uasset" SILENT=true
[2025.09.29-14.58.50:288][828]LogSavePackage: Moving 'E:/GameJamHGGUnreal4.23.1/GameJamCrew/Saved/CatBluePrint8529374B4D1D8764690C2587C3E24220.tmp' to 'E:/GameJamHGGUnreal4.23.1/GameJamCrew/Content/Mannequin/Cat/CatBluePrint.uasset'
[2025.09.29-14.59.24:336][216]BlueprintLog: New page: Compile CatBluePrint
[2025.09.29-14.59.24:339][216]LogBlueprint: Warning: [Compiler CatBluePrint] Walk to Jump  will never be taken, please connect something to  Can Enter Transition
[2025.09.29-14.59.24:339][216]LogBlueprint: Warning: [Compiler CatBluePrint] Idle to Walk  will never be taken, please connect something to  Can Enter Transition
[2025.09.29-14.59.24:461][216]LogUObjectHash: Compacting FUObjectHashTables data took   2.21ms
[2025.09.29-14.59.24:895][265]Cmd: OBJ SAVEPACKAGE PACKAGE="/Game/Mannequin/Cat/CatBluePrint" FILE="E:/GameJamHGGUnreal4.23.1/GameJamCrew/Content/Mannequin/Cat/CatBluePrint.uasset" SILENT=true
[2025.09.29-14.59.24:909][265]LogSavePackage: Moving 'E:/GameJamHGGUnreal4.23.1/GameJamCrew/Saved/CatBluePrint1FA8D2BD44DA893F0788EE8305D135D1.tmp' to 'E:/GameJamHGGUnreal4.23.1/GameJamCrew/Content/Mannequin/Cat/CatBluePrint.uasset'
[2025.09.29-14.59.50:533][328]Cmd: OBJ SAVEPACKAGE PACKAGE="/Game/Mannequin/Cat/CatBluePrint" FILE="E:/GameJamHGGUnreal4.23.1/GameJamCrew/Content/Mannequin/Cat/CatBluePrint.uasset" SILENT=true
[2025.09.29-14.59.50:548][328]LogSavePackage: Moving 'E:/GameJamHGGUnreal4.23.1/GameJamCrew/Saved/CatBluePrintA1F966EF4468540989B81C8214CD6B7F.tmp' to 'E:/GameJamHGGUnreal4.23.1/GameJamCrew/Content/Mannequin/Cat/CatBluePrint.uasset'
[2025.09.29-14.59.55:909][968]Cmd: OBJ SAVEPACKAGE PACKAGE="/Game/Mannequin/Cat/CatBluePrint" FILE="E:/GameJamHGGUnreal4.23.1/GameJamCrew/Content/Mannequin/Cat/CatBluePrint.uasset" SILENT=true
[2025.09.29-14.59.55:924][968]LogSavePackage: Moving 'E:/GameJamHGGUnreal4.23.1/GameJamCrew/Saved/CatBluePrint33223A114FC4CEBFB1DD988AD607325C.tmp' to 'E:/GameJamHGGUnreal4.23.1/GameJamCrew/Content/Mannequin/Cat/CatBluePrint.uasset'
[2025.09.29-14.59.59:814][433]LogEditorViewport: Clicking on Actor (LMB): StaticMeshActor (floor01_2x38)
[2025.09.29-15.00.00:234][479]LogSlate: FSceneViewport::OnFocusLost() reason 5
[2025.09.29-15.00.00:240][479]Cmd: OBJ SAVEPACKAGE PACKAGE="/Game/Levels/CheeseFactory_001" FILE="E:/GameJamHGGUnreal4.23.1/GameJamCrew/Content/Levels/CheeseFactory_001.umap" SILENT=true AUTOSAVING=false KEEPDIRTY=false
[2025.09.29-15.00.00:262][479]LogUObjectHash: Compacting FUObjectHashTables data took   2.01ms
[2025.09.29-15.00.00:554][479]LogSavePackage: Moving 'E:/GameJamHGGUnreal4.23.1/GameJamCrew/Saved/CheeseFactory_001BE797A614C11660545FA56992F042CF5.tmp' to 'E:/GameJamHGGUnreal4.23.1/GameJamCrew/Content/Levels/CheeseFactory_001.umap'
[2025.09.29-15.00.34:803][393]Cmd: OBJ SAVEPACKAGE PACKAGE="/Game/Mannequin/Cat/CatBluePrint" FILE="E:/GameJamHGGUnreal4.23.1/GameJamCrew/Content/Mannequin/Cat/CatBluePrint.uasset" SILENT=true
[2025.09.29-15.00.34:814][393]LogSavePackage: Moving 'E:/GameJamHGGUnreal4.23.1/GameJamCrew/Saved/CatBluePrint0CF39F1D46CDE6FE10D0D8955B2E58B4.tmp' to 'E:/GameJamHGGUnreal4.23.1/GameJamCrew/Content/Mannequin/Cat/CatBluePrint.uasset'
[2025.09.29-15.00.36:084][543]LogTemp: Repeating last play command: Selected Viewport
[2025.09.29-15.00.36:088][543]LogBlueprintUserMessages: Early PlayInEditor Detection: Level '/Game/Levels/CheeseFactory_001.CheeseFactory_001:PersistentLevel' has LevelScriptBlueprint '/Game/Levels/CheeseFactory_001.CheeseFactory_001:PersistentLevel.CheeseFactory_001' with GeneratedClass '/Game/Levels/CheeseFactory_001.CheeseFactory_001_C' with ClassGeneratedBy '/Game/Levels/CheeseFactory_001.CheeseFactory_001:PersistentLevel.CheeseFactory_001'
[2025.09.29-15.00.36:088][543]BlueprintLog: New page: Pre-Play auto-recompile
[2025.09.29-15.00.36:089][543]LogPlayLevel: [PlayLevel] Compiling CatBluePrint before play...
[2025.09.29-15.00.36:090][543]LogBlueprint: Warning: [Compiler CatBluePrint] Walk to Jump  will never be taken, please connect something to  Can Enter Transition
[2025.09.29-15.00.36:090][543]LogBlueprint: Warning: [Compiler CatBluePrint] Idle to Walk  will never be taken, please connect something to  Can Enter Transition
[2025.09.29-15.00.36:213][543]LogUObjectHash: Compacting FUObjectHashTables data took   2.20ms
[2025.09.29-15.00.36:214][543]LogPlayLevel: PlayLevel: Blueprint regeneration took 125 ms (1 blueprints)
[2025.09.29-15.00.36:214][543]PIE: New page: PIE session: CheeseFactory_001 (29 Sep 2025 7:00:36 pm)
[2025.09.29-15.00.36:214][543]LogPlayLevel: Creating play world package: /Game/Levels/UEDPIE_0_CheeseFactory_001
[2025.09.29-15.00.36:240][543]LogPlayLevel: PIE: StaticDuplicateObject took: (0.025750s)
[2025.09.29-15.00.36:240][543]LogAIModule: Creating AISystem for world CheeseFactory_001
[2025.09.29-15.00.36:240][543]LogPlayLevel: PIE: World Init took: (0.000618s)
[2025.09.29-15.00.36:240][543]LogPlayLevel: PIE: Created PIE world by copying editor world from /Game/Levels/CheeseFactory_001.CheeseFactory_001 to /Game/Levels/UEDPIE_0_CheeseFactory_001.CheeseFactory_001 (0.026497s)
[2025.09.29-15.00.36:259][543]LogUObjectHash: Compacting FUObjectHashTables data took   1.43ms
[2025.09.29-15.00.36:273][543]LogInit: XAudio2 using 'Högtalare (Yeti Classic)' : 6 channels at 44.1 kHz using 16 bits per sample (channel mask 0x3f)
[2025.09.29-15.00.36:282][543]LogInit: FAudioDevice initialized.
[2025.09.29-15.00.36:294][543]LogLoad: Game class is 'ThirdPersonGameMode_C'
[2025.09.29-15.00.36:302][543]LogWorld: Bringing World /Game/Levels/UEDPIE_0_CheeseFactory_001.CheeseFactory_001 up for play (max tick rate 0) at 2025.09.29-17.00.36
[2025.09.29-15.00.36:302][543]LogWorld: Bringing up level for play took: 0.007833
[2025.09.29-15.00.36:302][543]LogOnline: OSS: Creating online subsystem instance for: :Context_59
[2025.09.29-15.00.36:304][543]PIE: Play in editor start time for /Game/Levels/UEDPIE_0_CheeseFactory_001 1.015
[2025.09.29-15.00.36:304][543]LogBlueprintUserMessages: Late PlayInEditor Detection: Level '/Game/Levels/CheeseFactory_001.CheeseFactory_001:PersistentLevel' has LevelScriptBlueprint '/Game/Levels/CheeseFactory_001.CheeseFactory_001:PersistentLevel.CheeseFactory_001' with GeneratedClass '/Game/Levels/CheeseFactory_001.CheeseFactory_001_C' with ClassGeneratedBy '/Game/Levels/CheeseFactory_001.CheeseFactory_001:PersistentLevel.CheeseFactory_001'
[2025.09.29-15.00.39:027][866]LogBlueprintUserMessages: Early EndPlayMap Detection: Level '/Game/Levels/CheeseFactory_001.CheeseFactory_001:PersistentLevel' has LevelScriptBlueprint '/Game/Levels/CheeseFactory_001.CheeseFactory_001:PersistentLevel.CheeseFactory_001' with GeneratedClass '/Game/Levels/CheeseFactory_001.CheeseFactory_001_C' with ClassGeneratedBy '/Game/Levels/CheeseFactory_001.CheeseFactory_001:PersistentLevel.CheeseFactory_001'
[2025.09.29-15.00.39:027][866]LogSlate: Updating window title bar state: overlay mode, drag disabled, window buttons hidden, title bar hidden
[2025.09.29-15.00.39:027][866]LogWorld: BeginTearingDown for /Game/Levels/UEDPIE_0_CheeseFactory_001
[2025.09.29-15.00.39:027][866]LogWorld: UWorld::CleanupWorld for CheeseFactory_001, bSessionEnded=true, bCleanupResources=true
[2025.09.29-15.00.39:062][866]LogPlayLevel: Display: Shutting down PIE online subsystems
[2025.09.29-15.00.39:062][866]LogBlueprintUserMessages: Late EndPlayMap Detection: Level '/Game/Levels/CheeseFactory_001.CheeseFactory_001:PersistentLevel' has LevelScriptBlueprint '/Game/Levels/CheeseFactory_001.CheeseFactory_001:PersistentLevel.CheeseFactory_001' with GeneratedClass '/Game/Levels/CheeseFactory_001.CheeseFactory_001_C' with ClassGeneratedBy '/Game/Levels/CheeseFactory_001.CheeseFactory_001:PersistentLevel.CheeseFactory_001'
[2025.09.29-15.00.39:087][866]LogSlate: Updating window title bar state: overlay mode, drag disabled, window buttons hidden, title bar hidden
[2025.09.29-15.00.39:092][866]LogUObjectHash: Compacting FUObjectHashTables data took   1.53ms
[2025.09.29-15.00.39:132][869]LogPlayLevel: Display: Destroying online subsystem :Context_59
[2025.09.29-15.00.39:440][905]LogSlate: FSceneViewport::OnFocusLost() reason 5
[2025.09.29-15.00.39:447][905]Cmd: OBJ SAVEPACKAGE PACKAGE="/Game/Levels/CheeseFactory_001" FILE="E:/GameJamHGGUnreal4.23.1/GameJamCrew/Content/Levels/CheeseFactory_001.umap" SILENT=true AUTOSAVING=false KEEPDIRTY=false
[2025.09.29-15.00.39:468][905]LogUObjectHash: Compacting FUObjectHashTables data took   0.59ms
[2025.09.29-15.00.39:748][905]LogSavePackage: Moving 'E:/GameJamHGGUnreal4.23.1/GameJamCrew/Saved/CheeseFactory_00198619D934FAF06DC2707DC99E4C8AA84.tmp' to 'E:/GameJamHGGUnreal4.23.1/GameJamCrew/Content/Levels/CheeseFactory_001.umap'
[2025.09.29-15.00.48:246][922]LogTemp: Repeating last play command: Selected Viewport
[2025.09.29-15.00.48:250][922]LogBlueprintUserMessages: Early PlayInEditor Detection: Level '/Game/Levels/CheeseFactory_001.CheeseFactory_001:PersistentLevel' has LevelScriptBlueprint '/Game/Levels/CheeseFactory_001.CheeseFactory_001:PersistentLevel.CheeseFactory_001' with GeneratedClass '/Game/Levels/CheeseFactory_001.CheeseFactory_001_C' with ClassGeneratedBy '/Game/Levels/CheeseFactory_001.CheeseFactory_001:PersistentLevel.CheeseFactory_001'
[2025.09.29-15.00.48:250][922]LogPlayLevel: PlayLevel: No blueprints needed recompiling
[2025.09.29-15.00.48:250][922]PIE: New page: PIE session: CheeseFactory_001 (29 Sep 2025 7:00:48 pm)
[2025.09.29-15.00.48:250][922]LogPlayLevel: Creating play world package: /Game/Levels/UEDPIE_0_CheeseFactory_001
[2025.09.29-15.00.48:275][922]LogPlayLevel: PIE: StaticDuplicateObject took: (0.025635s)
[2025.09.29-15.00.48:276][922]LogAIModule: Creating AISystem for world CheeseFactory_001
[2025.09.29-15.00.48:276][922]LogPlayLevel: PIE: World Init took: (0.000610s)
[2025.09.29-15.00.48:276][922]LogPlayLevel: PIE: Created PIE world by copying editor world from /Game/Levels/CheeseFactory_001.CheeseFactory_001 to /Game/Levels/UEDPIE_0_CheeseFactory_001.CheeseFactory_001 (0.026411s)
[2025.09.29-15.00.48:296][922]LogUObjectHash: Compacting FUObjectHashTables data took   1.84ms
[2025.09.29-15.00.48:309][922]LogInit: XAudio2 using 'Högtalare (Yeti Classic)' : 6 channels at 44.1 kHz using 16 bits per sample (channel mask 0x3f)
[2025.09.29-15.00.48:318][922]LogInit: FAudioDevice initialized.
[2025.09.29-15.00.48:327][922]LogSlate: Updating window title bar state: overlay mode, drag disabled, window buttons hidden, title bar hidden
[2025.09.29-15.00.48:327][922]LogLoad: Game class is 'ThirdPersonGameMode_C'
[2025.09.29-15.00.48:339][922]LogWorld: Bringing World /Game/Levels/UEDPIE_0_CheeseFactory_001.CheeseFactory_001 up for play (max tick rate 0) at 2025.09.29-17.00.48
[2025.09.29-15.00.48:340][922]LogWorld: Bringing up level for play took: 0.012418
[2025.09.29-15.00.48:340][922]LogOnline: OSS: Creating online subsystem instance for: :Context_60
[2025.09.29-15.00.48:341][922]LogGameMode: FindPlayerStart: PATHS NOT DEFINED or NO PLAYERSTART with positive rating
[2025.09.29-15.00.48:343][922]PIE: Play in editor start time for /Game/Levels/UEDPIE_0_CheeseFactory_001 1.054
[2025.09.29-15.00.48:343][922]LogBlueprintUserMessages: Late PlayInEditor Detection: Level '/Game/Levels/CheeseFactory_001.CheeseFactory_001:PersistentLevel' has LevelScriptBlueprint '/Game/Levels/CheeseFactory_001.CheeseFactory_001:PersistentLevel.CheeseFactory_001' with GeneratedClass '/Game/Levels/CheeseFactory_001.CheeseFactory_001_C' with ClassGeneratedBy '/Game/Levels/CheeseFactory_001.CheeseFactory_001:PersistentLevel.CheeseFactory_001'
[2025.09.29-15.00.58:195][828]LogBlueprintUserMessages: Early EndPlayMap Detection: Level '/Game/Levels/CheeseFactory_001.CheeseFactory_001:PersistentLevel' has LevelScriptBlueprint '/Game/Levels/CheeseFactory_001.CheeseFactory_001:PersistentLevel.CheeseFactory_001' with GeneratedClass '/Game/Levels/CheeseFactory_001.CheeseFactory_001_C' with ClassGeneratedBy '/Game/Levels/CheeseFactory_001.CheeseFactory_001:PersistentLevel.CheeseFactory_001'
[2025.09.29-15.00.58:195][828]LogSlate: Updating window title bar state: overlay mode, drag disabled, window buttons hidden, title bar hidden
[2025.09.29-15.00.58:195][828]LogWorld: BeginTearingDown for /Game/Levels/UEDPIE_0_CheeseFactory_001
[2025.09.29-15.00.58:199][828]LogSlate: Window 'GameJamCrew Game Preview Standalone (64-bit/PCD3D_SM5)' being destroyed
[2025.09.29-15.00.58:204][828]LogWorld: UWorld::CleanupWorld for CheeseFactory_001, bSessionEnded=true, bCleanupResources=true
[2025.09.29-15.00.58:217][828]LogPlayLevel: Display: Shutting down PIE online subsystems
[2025.09.29-15.00.58:217][828]LogBlueprintUserMessages: Late EndPlayMap Detection: Level '/Game/Levels/CheeseFactory_001.CheeseFactory_001:PersistentLevel' has LevelScriptBlueprint '/Game/Levels/CheeseFactory_001.CheeseFactory_001:PersistentLevel.CheeseFactory_001' with GeneratedClass '/Game/Levels/CheeseFactory_001.CheeseFactory_001_C' with ClassGeneratedBy '/Game/Levels/CheeseFactory_001.CheeseFactory_001:PersistentLevel.CheeseFactory_001'
[2025.09.29-15.00.58:248][828]LogUObjectHash: Compacting FUObjectHashTables data took   1.69ms
[2025.09.29-15.00.58:296][834]LogPlayLevel: Display: Destroying online subsystem :Context_60
[2025.09.29-15.00.59:972][ 33]Cmd: OBJ SAVEPACKAGE PACKAGE="/Game/Mannequin/Cat/CatBluePrint" FILE="E:/GameJamHGGUnreal4.23.1/GameJamCrew/Content/Mannequin/Cat/CatBluePrint.uasset" SILENT=true
[2025.09.29-15.00.59:987][ 33]LogSavePackage: Moving 'E:/GameJamHGGUnreal4.23.1/GameJamCrew/Saved/CatBluePrintDFF7235D42CC28C35B83EE9B3C2B31D3.tmp' to 'E:/GameJamHGGUnreal4.23.1/GameJamCrew/Content/Mannequin/Cat/CatBluePrint.uasset'
[2025.09.29-15.01.00:812][131]BlueprintLog: New page: Compile CatBluePrint
[2025.09.29-15.01.00:813][131]LogBlueprint: Warning: [Compiler CatBluePrint] Walk to Jump  will never be taken, please connect something to  Can Enter Transition
[2025.09.29-15.01.00:813][131]LogBlueprint: Warning: [Compiler CatBluePrint] Idle to Walk  will never be taken, please connect something to  Can Enter Transition
[2025.09.29-15.01.00:932][131]LogUObjectHash: Compacting FUObjectHashTables data took   1.97ms
[2025.09.29-15.01.24:578][114]LogTemp: Repeating last play command: Selected Viewport
[2025.09.29-15.01.24:585][114]LogBlueprintUserMessages: Early PlayInEditor Detection: Level '/Game/Levels/CheeseFactory_001.CheeseFactory_001:PersistentLevel' has LevelScriptBlueprint '/Game/Levels/CheeseFactory_001.CheeseFactory_001:PersistentLevel.CheeseFactory_001' with GeneratedClass '/Game/Levels/CheeseFactory_001.CheeseFactory_001_C' with ClassGeneratedBy '/Game/Levels/CheeseFactory_001.CheeseFactory_001:PersistentLevel.CheeseFactory_001'
[2025.09.29-15.01.24:585][114]LogPlayLevel: PlayLevel: No blueprints needed recompiling
[2025.09.29-15.01.24:585][114]PIE: New page: PIE session: CheeseFactory_001 (29 Sep 2025 7:01:24 pm)
[2025.09.29-15.01.24:585][114]LogPlayLevel: Creating play world package: /Game/Levels/UEDPIE_0_CheeseFactory_001
[2025.09.29-15.01.24:611][114]LogPlayLevel: PIE: StaticDuplicateObject took: (0.025971s)
[2025.09.29-15.01.24:611][114]LogAIModule: Creating AISystem for world CheeseFactory_001
[2025.09.29-15.01.24:611][114]LogPlayLevel: PIE: World Init took: (0.000547s)
[2025.09.29-15.01.24:612][114]LogPlayLevel: PIE: Created PIE world by copying editor world from /Game/Levels/CheeseFactory_001.CheeseFactory_001 to /Game/Levels/UEDPIE_0_CheeseFactory_001.CheeseFactory_001 (0.026649s)
[2025.09.29-15.01.24:632][114]LogUObjectHash: Compacting FUObjectHashTables data took   2.13ms
[2025.09.29-15.01.24:645][114]LogInit: XAudio2 using 'Högtalare (Yeti Classic)' : 6 channels at 44.1 kHz using 16 bits per sample (channel mask 0x3f)
[2025.09.29-15.01.24:655][114]LogInit: FAudioDevice initialized.
[2025.09.29-15.01.24:662][114]LogSlate: Updating window title bar state: overlay mode, drag disabled, window buttons hidden, title bar hidden
[2025.09.29-15.01.24:662][114]LogLoad: Game class is 'ThirdPersonGameMode_C'
[2025.09.29-15.01.24:672][114]LogWorld: Bringing World /Game/Levels/UEDPIE_0_CheeseFactory_001.CheeseFactory_001 up for play (max tick rate 0) at 2025.09.29-17.01.24
[2025.09.29-15.01.24:673][114]LogWorld: Bringing up level for play took: 0.009730
[2025.09.29-15.01.24:673][114]LogOnline: OSS: Creating online subsystem instance for: :Context_61
[2025.09.29-15.01.24:674][114]LogGameMode: FindPlayerStart: PATHS NOT DEFINED or NO PLAYERSTART with positive rating
[2025.09.29-15.01.24:676][114]PIE: Play in editor start time for /Game/Levels/UEDPIE_0_CheeseFactory_001 -0.614
[2025.09.29-15.01.24:676][114]LogBlueprintUserMessages: Late PlayInEditor Detection: Level '/Game/Levels/CheeseFactory_001.CheeseFactory_001:PersistentLevel' has LevelScriptBlueprint '/Game/Levels/CheeseFactory_001.CheeseFactory_001:PersistentLevel.CheeseFactory_001' with GeneratedClass '/Game/Levels/CheeseFactory_001.CheeseFactory_001_C' with ClassGeneratedBy '/Game/Levels/CheeseFactory_001.CheeseFactory_001:PersistentLevel.CheeseFactory_001'
[2025.09.29-15.01.26:747][358]LogBlueprintUserMessages: Early EndPlayMap Detection: Level '/Game/Levels/CheeseFactory_001.CheeseFactory_001:PersistentLevel' has LevelScriptBlueprint '/Game/Levels/CheeseFactory_001.CheeseFactory_001:PersistentLevel.CheeseFactory_001' with GeneratedClass '/Game/Levels/CheeseFactory_001.CheeseFactory_001_C' with ClassGeneratedBy '/Game/Levels/CheeseFactory_001.CheeseFactory_001:PersistentLevel.CheeseFactory_001'
[2025.09.29-15.01.26:747][358]LogSlate: Updating window title bar state: overlay mode, drag disabled, window buttons hidden, title bar hidden
[2025.09.29-15.01.26:747][358]LogWorld: BeginTearingDown for /Game/Levels/UEDPIE_0_CheeseFactory_001
[2025.09.29-15.01.26:751][358]LogSlate: Window 'GameJamCrew Game Preview Standalone (64-bit/PCD3D_SM5)' being destroyed
[2025.09.29-15.01.26:756][358]LogWorld: UWorld::CleanupWorld for CheeseFactory_001, bSessionEnded=true, bCleanupResources=true
[2025.09.29-15.01.26:768][358]LogPlayLevel: Display: Shutting down PIE online subsystems
[2025.09.29-15.01.26:768][358]LogBlueprintUserMessages: Late EndPlayMap Detection: Level '/Game/Levels/CheeseFactory_001.CheeseFactory_001:PersistentLevel' has LevelScriptBlueprint '/Game/Levels/CheeseFactory_001.CheeseFactory_001:PersistentLevel.CheeseFactory_001' with GeneratedClass '/Game/Levels/CheeseFactory_001.CheeseFactory_001_C' with ClassGeneratedBy '/Game/Levels/CheeseFactory_001.CheeseFactory_001:PersistentLevel.CheeseFactory_001'
[2025.09.29-15.01.26:800][358]LogUObjectHash: Compacting FUObjectHashTables data took   1.66ms
[2025.09.29-15.01.26:849][364]LogPlayLevel: Display: Destroying online subsystem :Context_61
[2025.09.29-15.01.41:797][143]LogSlate: FSceneViewport::OnFocusLost() reason 0
[2025.09.29-15.01.48:289][915]Cmd: OBJ SAVEPACKAGE PACKAGE="/Game/Mannequin/Cat/CatBluePrint" FILE="E:/GameJamHGGUnreal4.23.1/GameJamCrew/Content/Mannequin/Cat/CatBluePrint.uasset" SILENT=true
[2025.09.29-15.01.48:304][915]LogSavePackage: Moving 'E:/GameJamHGGUnreal4.23.1/GameJamCrew/Saved/CatBluePrintD691459A4B48BC56EDEAA4978D3D13B8.tmp' to 'E:/GameJamHGGUnreal4.23.1/GameJamCrew/Content/Mannequin/Cat/CatBluePrint.uasset'
[2025.09.29-15.01.50:451][170]LogSlate: FSceneViewport::OnFocusLost() reason 5
[2025.09.29-15.01.50:457][170]Cmd: OBJ SAVEPACKAGE PACKAGE="/Game/Mannequin/Cat/CatBluePrint" FILE="E:/GameJamHGGUnreal4.23.1/GameJamCrew/Content/Mannequin/Cat/CatBluePrint.uasset" SILENT=true
[2025.09.29-15.01.50:467][170]LogSavePackage: Moving 'E:/GameJamHGGUnreal4.23.1/GameJamCrew/Saved/CatBluePrintC35129A3416D420AEF00648751B6D1F2.tmp' to 'E:/GameJamHGGUnreal4.23.1/GameJamCrew/Content/Mannequin/Cat/CatBluePrint.uasset'
[2025.09.29-15.01.51:943][345]LogTemp: Repeating last play command: Selected Viewport
[2025.09.29-15.01.51:949][345]LogBlueprintUserMessages: Early PlayInEditor Detection: Level '/Game/Levels/CheeseFactory_001.CheeseFactory_001:PersistentLevel' has LevelScriptBlueprint '/Game/Levels/CheeseFactory_001.CheeseFactory_001:PersistentLevel.CheeseFactory_001' with GeneratedClass '/Game/Levels/CheeseFactory_001.CheeseFactory_001_C' with ClassGeneratedBy '/Game/Levels/CheeseFactory_001.CheeseFactory_001:PersistentLevel.CheeseFactory_001'
[2025.09.29-15.01.51:949][345]LogPlayLevel: PlayLevel: No blueprints needed recompiling
[2025.09.29-15.01.51:949][345]PIE: New page: PIE session: CheeseFactory_001 (29 Sep 2025 7:01:51 pm)
[2025.09.29-15.01.51:950][345]LogPlayLevel: Creating play world package: /Game/Levels/UEDPIE_0_CheeseFactory_001
[2025.09.29-15.01.51:975][345]LogPlayLevel: PIE: StaticDuplicateObject took: (0.025729s)
[2025.09.29-15.01.51:975][345]LogAIModule: Creating AISystem for world CheeseFactory_001
[2025.09.29-15.01.51:975][345]LogPlayLevel: PIE: World Init took: (0.000553s)
[2025.09.29-15.01.51:975][345]LogPlayLevel: PIE: Created PIE world by copying editor world from /Game/Levels/CheeseFactory_001.CheeseFactory_001 to /Game/Levels/UEDPIE_0_CheeseFactory_001.CheeseFactory_001 (0.026413s)
[2025.09.29-15.01.51:996][345]LogUObjectHash: Compacting FUObjectHashTables data took   1.53ms
[2025.09.29-15.01.52:009][345]LogInit: XAudio2 using 'Högtalare (Yeti Classic)' : 6 channels at 44.1 kHz using 16 bits per sample (channel mask 0x3f)
[2025.09.29-15.01.52:019][345]LogInit: FAudioDevice initialized.
[2025.09.29-15.01.52:027][345]LogSlate: Updating window title bar state: overlay mode, drag disabled, window buttons hidden, title bar hidden
[2025.09.29-15.01.52:027][345]LogLoad: Game class is 'ThirdPersonGameMode_C'
[2025.09.29-15.01.52:036][345]LogWorld: Bringing World /Game/Levels/UEDPIE_0_CheeseFactory_001.CheeseFactory_001 up for play (max tick rate 0) at 2025.09.29-17.01.52
[2025.09.29-15.01.52:037][345]LogWorld: Bringing up level for play took: 0.009495
[2025.09.29-15.01.52:037][345]LogOnline: OSS: Creating online subsystem instance for: :Context_62
[2025.09.29-15.01.52:038][345]LogGameMode: FindPlayerStart: PATHS NOT DEFINED or NO PLAYERSTART with positive rating
[2025.09.29-15.01.52:041][345]PIE: Play in editor start time for /Game/Levels/UEDPIE_0_CheeseFactory_001 0.751
[2025.09.29-15.01.52:041][345]LogBlueprintUserMessages: Late PlayInEditor Detection: Level '/Game/Levels/CheeseFactory_001.CheeseFactory_001:PersistentLevel' has LevelScriptBlueprint '/Game/Levels/CheeseFactory_001.CheeseFactory_001:PersistentLevel.CheeseFactory_001' with GeneratedClass '/Game/Levels/CheeseFactory_001.CheeseFactory_001_C' with ClassGeneratedBy '/Game/Levels/CheeseFactory_001.CheeseFactory_001:PersistentLevel.CheeseFactory_001'
[2025.09.29-15.01.56:413][866]LogBlueprintUserMessages: Early EndPlayMap Detection: Level '/Game/Levels/CheeseFactory_001.CheeseFactory_001:PersistentLevel' has LevelScriptBlueprint '/Game/Levels/CheeseFactory_001.CheeseFactory_001:PersistentLevel.CheeseFactory_001' with GeneratedClass '/Game/Levels/CheeseFactory_001.CheeseFactory_001_C' with ClassGeneratedBy '/Game/Levels/CheeseFactory_001.CheeseFactory_001:PersistentLevel.CheeseFactory_001'
[2025.09.29-15.01.56:413][866]LogSlate: Updating window title bar state: overlay mode, drag disabled, window buttons hidden, title bar hidden
[2025.09.29-15.01.56:413][866]LogWorld: BeginTearingDown for /Game/Levels/UEDPIE_0_CheeseFactory_001
[2025.09.29-15.01.56:416][866]LogSlate: Window 'GameJamCrew Game Preview Standalone (64-bit/PCD3D_SM5)' being destroyed
[2025.09.29-15.01.56:422][866]LogWorld: UWorld::CleanupWorld for CheeseFactory_001, bSessionEnded=true, bCleanupResources=true
[2025.09.29-15.01.56:451][866]LogPlayLevel: Display: Shutting down PIE online subsystems
[2025.09.29-15.01.56:451][866]LogBlueprintUserMessages: Late EndPlayMap Detection: Level '/Game/Levels/CheeseFactory_001.CheeseFactory_001:PersistentLevel' has LevelScriptBlueprint '/Game/Levels/CheeseFactory_001.CheeseFactory_001:PersistentLevel.CheeseFactory_001' with GeneratedClass '/Game/Levels/CheeseFactory_001.CheeseFactory_001_C' with ClassGeneratedBy '/Game/Levels/CheeseFactory_001.CheeseFactory_001:PersistentLevel.CheeseFactory_001'
[2025.09.29-15.01.56:481][866]LogUObjectHash: Compacting FUObjectHashTables data took   1.41ms
[2025.09.29-15.01.56:515][867]LogPlayLevel: Display: Destroying online subsystem :Context_62
[2025.09.29-15.02.08:268][272]LogSlate: FSceneViewport::OnFocusLost() reason 5
[2025.09.29-15.02.08:278][272]Cmd: OBJ SAVEPACKAGE PACKAGE="/Game/ThirdPersonBP/Blueprints/ThirdPersonCharacter" FILE="E:/GameJamHGGUnreal4.23.1/GameJamCrew/Content/ThirdPersonBP/Blueprints/ThirdPersonCharacter.uasset" SILENT=true
[2025.09.29-15.02.08:325][272]LogSavePackage: Moving 'E:/GameJamHGGUnreal4.23.1/GameJamCrew/Saved/ThirdPersonCharacter016A12A84E0E9BC3C6C2AC83620DE7FA.tmp' to 'E:/GameJamHGGUnreal4.23.1/GameJamCrew/Content/ThirdPersonBP/Blueprints/ThirdPersonCharacter.uasset'
[2025.09.29-15.02.10:714][555]LogEditorViewport: Clicking on Actor (CTRL LMB): StaticMeshActor (wall01_garage_arch)
[2025.09.29-15.02.10:793][560]LogSlate: FSceneViewport::OnFocusLost() reason 5
[2025.09.29-15.02.10:798][560]Cmd: OBJ SAVEPACKAGE PACKAGE="/Game/Levels/CheeseFactory_001" FILE="E:/GameJamHGGUnreal4.23.1/GameJamCrew/Content/Levels/CheeseFactory_001.umap" SILENT=true AUTOSAVING=false KEEPDIRTY=false
[2025.09.29-15.02.10:819][560]LogUObjectHash: Compacting FUObjectHashTables data took   1.28ms
[2025.09.29-15.02.11:102][560]LogSavePackage: Moving 'E:/GameJamHGGUnreal4.23.1/GameJamCrew/Saved/CheeseFactory_001896B0A7A46F195F0C604139F18585A19.tmp' to 'E:/GameJamHGGUnreal4.23.1/GameJamCrew/Content/Levels/CheeseFactory_001.umap'
[2025.09.29-15.02.12:004][665]LogTemp: Repeating last play command: Selected Viewport
[2025.09.29-15.02.12:010][665]LogBlueprintUserMessages: Early PlayInEditor Detection: Level '/Game/Levels/CheeseFactory_001.CheeseFactory_001:PersistentLevel' has LevelScriptBlueprint '/Game/Levels/CheeseFactory_001.CheeseFactory_001:PersistentLevel.CheeseFactory_001' with GeneratedClass '/Game/Levels/CheeseFactory_001.CheeseFactory_001_C' with ClassGeneratedBy '/Game/Levels/CheeseFactory_001.CheeseFactory_001:PersistentLevel.CheeseFactory_001'
[2025.09.29-15.02.12:010][665]BlueprintLog: New page: Pre-Play auto-recompile
[2025.09.29-15.02.12:015][665]LogPlayLevel: [PlayLevel] Compiling ThirdPersonCharacter before play...
[2025.09.29-15.02.12:171][665]LogUObjectHash: Compacting FUObjectHashTables data took   2.34ms
[2025.09.29-15.02.12:171][665]LogPlayLevel: PlayLevel: Blueprint regeneration took 160 ms (1 blueprints)
[2025.09.29-15.02.12:171][665]PIE: New page: PIE session: CheeseFactory_001 (29 Sep 2025 7:02:12 pm)
[2025.09.29-15.02.12:171][665]LogPlayLevel: Creating play world package: /Game/Levels/UEDPIE_0_CheeseFactory_001
[2025.09.29-15.02.12:195][665]LogPlayLevel: PIE: StaticDuplicateObject took: (0.024169s)
[2025.09.29-15.02.12:196][665]LogAIModule: Creating AISystem for world CheeseFactory_001
[2025.09.29-15.02.12:196][665]LogPlayLevel: PIE: World Init took: (0.000566s)
[2025.09.29-15.02.12:196][665]LogPlayLevel: PIE: Created PIE world by copying editor world from /Game/Levels/CheeseFactory_001.CheeseFactory_001 to /Game/Levels/UEDPIE_0_CheeseFactory_001.CheeseFactory_001 (0.024849s)
[2025.09.29-15.02.12:217][665]LogUObjectHash: Compacting FUObjectHashTables data took   1.47ms
[2025.09.29-15.02.12:230][665]LogInit: XAudio2 using 'Högtalare (Yeti Classic)' : 6 channels at 44.1 kHz using 16 bits per sample (channel mask 0x3f)
[2025.09.29-15.02.12:239][665]LogInit: FAudioDevice initialized.
[2025.09.29-15.02.12:247][665]LogLoad: Game class is 'ThirdPersonGameMode_C'
[2025.09.29-15.02.12:255][665]LogWorld: Bringing World /Game/Levels/UEDPIE_0_CheeseFactory_001.CheeseFactory_001 up for play (max tick rate 0) at 2025.09.29-17.02.12
[2025.09.29-15.02.12:256][665]LogWorld: Bringing up level for play took: 0.008203
[2025.09.29-15.02.12:256][665]LogOnline: OSS: Creating online subsystem instance for: :Context_63
[2025.09.29-15.02.12:258][665]PIE: Play in editor start time for /Game/Levels/UEDPIE_0_CheeseFactory_001 0.968
[2025.09.29-15.02.12:258][665]LogBlueprintUserMessages: Late PlayInEditor Detection: Level '/Game/Levels/CheeseFactory_001.CheeseFactory_001:PersistentLevel' has LevelScriptBlueprint '/Game/Levels/CheeseFactory_001.CheeseFactory_001:PersistentLevel.CheeseFactory_001' with GeneratedClass '/Game/Levels/CheeseFactory_001.CheeseFactory_001_C' with ClassGeneratedBy '/Game/Levels/CheeseFactory_001.CheeseFactory_001:PersistentLevel.CheeseFactory_001'
[2025.09.29-15.02.13:356][793]LogBlueprintUserMessages: Early EndPlayMap Detection: Level '/Game/Levels/CheeseFactory_001.CheeseFactory_001:PersistentLevel' has LevelScriptBlueprint '/Game/Levels/CheeseFactory_001.CheeseFactory_001:PersistentLevel.CheeseFactory_001' with GeneratedClass '/Game/Levels/CheeseFactory_001.CheeseFactory_001_C' with ClassGeneratedBy '/Game/Levels/CheeseFactory_001.CheeseFactory_001:PersistentLevel.CheeseFactory_001'
[2025.09.29-15.02.13:356][793]LogSlate: Updating window title bar state: overlay mode, drag disabled, window buttons hidden, title bar hidden
[2025.09.29-15.02.13:356][793]LogWorld: BeginTearingDown for /Game/Levels/UEDPIE_0_CheeseFactory_001
[2025.09.29-15.02.13:356][793]LogWorld: UWorld::CleanupWorld for CheeseFactory_001, bSessionEnded=true, bCleanupResources=true
[2025.09.29-15.02.13:371][793]LogPlayLevel: Display: Shutting down PIE online subsystems
[2025.09.29-15.02.13:371][793]LogBlueprintUserMessages: Late EndPlayMap Detection: Level '/Game/Levels/CheeseFactory_001.CheeseFactory_001:PersistentLevel' has LevelScriptBlueprint '/Game/Levels/CheeseFactory_001.CheeseFactory_001:PersistentLevel.CheeseFactory_001' with GeneratedClass '/Game/Levels/CheeseFactory_001.CheeseFactory_001_C' with ClassGeneratedBy '/Game/Levels/CheeseFactory_001.CheeseFactory_001:PersistentLevel.CheeseFactory_001'
[2025.09.29-15.02.13:395][793]LogSlate: Updating window title bar state: overlay mode, drag disabled, window buttons hidden, title bar hidden
[2025.09.29-15.02.13:401][793]LogUObjectHash: Compacting FUObjectHashTables data took   1.43ms
[2025.09.29-15.02.13:459][799]LogPlayLevel: Display: Destroying online subsystem :Context_63
[2025.09.29-15.02.13:656][822]LogSlate: FSceneViewport::OnFocusLost() reason 5
[2025.09.29-15.02.13:661][822]Cmd: OBJ SAVEPACKAGE PACKAGE="/Game/Levels/CheeseFactory_001" FILE="E:/GameJamHGGUnreal4.23.1/GameJamCrew/Content/Levels/CheeseFactory_001.umap" SILENT=true AUTOSAVING=false KEEPDIRTY=false
[2025.09.29-15.02.13:681][822]LogUObjectHash: Compacting FUObjectHashTables data took   0.57ms
[2025.09.29-15.02.13:972][822]LogSavePackage: Moving 'E:/GameJamHGGUnreal4.23.1/GameJamCrew/Saved/CheeseFactory_001BBAFC8584443371E75E0A7913992FFE0.tmp' to 'E:/GameJamHGGUnreal4.23.1/GameJamCrew/Content/Levels/CheeseFactory_001.umap'
[2025.09.29-15.02.19:808][515]LogSlate: FSceneViewport::OnFocusLost() reason 0
[2025.09.29-15.02.20:840][637]LogSlate: FSceneViewport::OnFocusLost() reason 5
[2025.09.29-15.02.20:851][637]Cmd: OBJ SAVEPACKAGE PACKAGE="/Game/ThirdPersonBP/Blueprints/ThirdPersonCharacter" FILE="E:/GameJamHGGUnreal4.23.1/GameJamCrew/Content/ThirdPersonBP/Blueprints/ThirdPersonCharacter.uasset" SILENT=true
[2025.09.29-15.02.20:896][637]LogSavePackage: Moving 'E:/GameJamHGGUnreal4.23.1/GameJamCrew/Saved/ThirdPersonCharacterA1E2B2EC4A9F88D49E58AEA7C12780FB.tmp' to 'E:/GameJamHGGUnreal4.23.1/GameJamCrew/Content/ThirdPersonBP/Blueprints/ThirdPersonCharacter.uasset'
[2025.09.29-15.02.27:107][374]LogSlate: FSceneViewport::OnFocusLost() reason 5
[2025.09.29-15.02.27:117][374]Cmd: OBJ SAVEPACKAGE PACKAGE="/Game/ThirdPersonBP/Blueprints/ThirdPersonCharacter" FILE="E:/GameJamHGGUnreal4.23.1/GameJamCrew/Content/ThirdPersonBP/Blueprints/ThirdPersonCharacter.uasset" SILENT=true
[2025.09.29-15.02.27:162][374]LogSavePackage: Moving 'E:/GameJamHGGUnreal4.23.1/GameJamCrew/Saved/ThirdPersonCharacter68101E6144DC85EDC177D0B22702EBB6.tmp' to 'E:/GameJamHGGUnreal4.23.1/GameJamCrew/Content/ThirdPersonBP/Blueprints/ThirdPersonCharacter.uasset'
[2025.09.29-15.02.32:227][977]LogEditorViewport: Clicking on Actor (LMB): StaticMeshActor (wall01_2x8)
[2025.09.29-15.02.32:681][ 27]LogSlate: FSceneViewport::OnFocusLost() reason 5
[2025.09.29-15.02.32:688][ 27]Cmd: OBJ SAVEPACKAGE PACKAGE="/Game/Levels/CheeseFactory_001" FILE="E:/GameJamHGGUnreal4.23.1/GameJamCrew/Content/Levels/CheeseFactory_001.umap" SILENT=true AUTOSAVING=false KEEPDIRTY=false
[2025.09.29-15.02.32:709][ 27]LogUObjectHash: Compacting FUObjectHashTables data took   1.59ms
[2025.09.29-15.02.32:994][ 27]LogSavePackage: Moving 'E:/GameJamHGGUnreal4.23.1/GameJamCrew/Saved/CheeseFactory_001010FBE7C42DD058AF483E2A00DCB8904.tmp' to 'E:/GameJamHGGUnreal4.23.1/GameJamCrew/Content/Levels/CheeseFactory_001.umap'
[2025.09.29-15.03.01:906][471]LogSlate: FSceneViewport::OnFocusLost() reason 0
[2025.09.29-15.03.35:168][175]LogContentBrowser: Verbose: The majority of assets in the view are of type: AnimSequence
[2025.09.29-15.03.40:926][864]Cmd: OBJ SAVEPACKAGE PACKAGE="/Game/Mannequin/Cat/CatBluePrint" FILE="E:/GameJamHGGUnreal4.23.1/GameJamCrew/Content/Mannequin/Cat/CatBluePrint.uasset" SILENT=true
[2025.09.29-15.03.40:942][864]LogSavePackage: Moving 'E:/GameJamHGGUnreal4.23.1/GameJamCrew/Saved/CatBluePrint9A4935E94B89839B2BB6CE8B46000D89.tmp' to 'E:/GameJamHGGUnreal4.23.1/GameJamCrew/Content/Mannequin/Cat/CatBluePrint.uasset'
[2025.09.29-15.03.41:324][909]BlueprintLog: New page: Compile CatBluePrint
[2025.09.29-15.03.41:327][909]LogBlueprint: Warning: [Compiler CatBluePrint] Walk to Jump  will never be taken, please connect something to  Can Enter Transition
[2025.09.29-15.03.41:327][909]LogBlueprint: Warning: [Compiler CatBluePrint] Idle to Walk  will never be taken, please connect something to  Can Enter Transition
[2025.09.29-15.03.41:447][909]LogUObjectHash: Compacting FUObjectHashTables data took   2.18ms
[2025.09.29-15.05.51:514][624]Cmd: OBJ SAVEPACKAGE PACKAGE="/Game/Mannequin/Cat/CatBluePrint" FILE="E:/GameJamHGGUnreal4.23.1/GameJamCrew/Content/Mannequin/Cat/CatBluePrint.uasset" SILENT=true
[2025.09.29-15.05.51:537][624]LogSavePackage: Moving 'E:/GameJamHGGUnreal4.23.1/GameJamCrew/Saved/CatBluePrint9B698E204F7D825FDE8408BE8D77C755.tmp' to 'E:/GameJamHGGUnreal4.23.1/GameJamCrew/Content/Mannequin/Cat/CatBluePrint.uasset'
[2025.09.29-15.05.59:128][517]Cmd: OBJ SAVEPACKAGE PACKAGE="/Game/Mannequin/Cat/CatBluePrint" FILE="E:/GameJamHGGUnreal4.23.1/GameJamCrew/Content/Mannequin/Cat/CatBluePrint.uasset" SILENT=true
[2025.09.29-15.05.59:144][517]LogSavePackage: Moving 'E:/GameJamHGGUnreal4.23.1/GameJamCrew/Saved/CatBluePrint193D1FB448DE515BA39C6494428C62C6.tmp' to 'E:/GameJamHGGUnreal4.23.1/GameJamCrew/Content/Mannequin/Cat/CatBluePrint.uasset'
[2025.09.29-15.06.00:110][630]Cmd: OBJ SAVEPACKAGE PACKAGE="/Game/Mannequin/Cat/CatBluePrint" FILE="E:/GameJamHGGUnreal4.23.1/GameJamCrew/Content/Mannequin/Cat/CatBluePrint.uasset" SILENT=true
[2025.09.29-15.06.00:121][630]LogSavePackage: Moving 'E:/GameJamHGGUnreal4.23.1/GameJamCrew/Saved/CatBluePrintF26D8F724C6A7A6E3F55D596C778937A.tmp' to 'E:/GameJamHGGUnreal4.23.1/GameJamCrew/Content/Mannequin/Cat/CatBluePrint.uasset'
[2025.09.29-15.06.01:633][809]LogTemp: Repeating last play command: Selected Viewport
[2025.09.29-15.06.01:639][809]LogBlueprintUserMessages: Early PlayInEditor Detection: Level '/Game/Levels/CheeseFactory_001.CheeseFactory_001:PersistentLevel' has LevelScriptBlueprint '/Game/Levels/CheeseFactory_001.CheeseFactory_001:PersistentLevel.CheeseFactory_001' with GeneratedClass '/Game/Levels/CheeseFactory_001.CheeseFactory_001_C' with ClassGeneratedBy '/Game/Levels/CheeseFactory_001.CheeseFactory_001:PersistentLevel.CheeseFactory_001'
[2025.09.29-15.06.01:640][809]BlueprintLog: New page: Pre-Play auto-recompile
[2025.09.29-15.06.01:643][809]LogPlayLevel: [PlayLevel] Compiling ThirdPersonCharacter before play...
[2025.09.29-15.06.01:779][809]LogPlayLevel: [PlayLevel] Compiling CatBluePrint before play...
[2025.09.29-15.06.01:781][809]LogBlueprint: Warning: [Compiler CatBluePrint] Walk to Jump  will never be taken, please connect something to  Can Enter Transition
[2025.09.29-15.06.01:781][809]LogBlueprint: Warning: [Compiler CatBluePrint] Idle to Walk  will never be taken, please connect something to  Can Enter Transition
[2025.09.29-15.06.01:907][809]LogUObjectHash: Compacting FUObjectHashTables data took   2.27ms
[2025.09.29-15.06.01:907][809]LogPlayLevel: PlayLevel: Blueprint regeneration took 268 ms (2 blueprints)
[2025.09.29-15.06.01:908][809]PIE: New page: PIE session: CheeseFactory_001 (29 Sep 2025 7:06:01 pm)
[2025.09.29-15.06.01:908][809]LogPlayLevel: Creating play world package: /Game/Levels/UEDPIE_0_CheeseFactory_001
[2025.09.29-15.06.01:931][809]LogPlayLevel: PIE: StaticDuplicateObject took: (0.024089s)
[2025.09.29-15.06.01:932][809]LogAIModule: Creating AISystem for world CheeseFactory_001
[2025.09.29-15.06.01:932][809]LogPlayLevel: PIE: World Init took: (0.000586s)
[2025.09.29-15.06.01:932][809]LogPlayLevel: PIE: Created PIE world by copying editor world from /Game/Levels/CheeseFactory_001.CheeseFactory_001 to /Game/Levels/UEDPIE_0_CheeseFactory_001.CheeseFactory_001 (0.024795s)
[2025.09.29-15.06.01:952][809]LogUObjectHash: Compacting FUObjectHashTables data took   1.48ms
[2025.09.29-15.06.01:966][809]LogInit: XAudio2 using 'Högtalare (Yeti Classic)' : 6 channels at 44.1 kHz using 16 bits per sample (channel mask 0x3f)
[2025.09.29-15.06.01:975][809]LogInit: FAudioDevice initialized.
[2025.09.29-15.06.01:981][809]LogLoad: Game class is 'ThirdPersonGameMode_C'
[2025.09.29-15.06.01:989][809]LogWorld: Bringing World /Game/Levels/UEDPIE_0_CheeseFactory_001.CheeseFactory_001 up for play (max tick rate 0) at 2025.09.29-17.06.01
[2025.09.29-15.06.01:990][809]LogWorld: Bringing up level for play took: 0.007899
[2025.09.29-15.06.01:990][809]LogOnline: OSS: Creating online subsystem instance for: :Context_64
[2025.09.29-15.06.01:992][809]PIE: Play in editor start time for /Game/Levels/UEDPIE_0_CheeseFactory_001 0.702
[2025.09.29-15.06.01:992][809]LogBlueprintUserMessages: Late PlayInEditor Detection: Level '/Game/Levels/CheeseFactory_001.CheeseFactory_001:PersistentLevel' has LevelScriptBlueprint '/Game/Levels/CheeseFactory_001.CheeseFactory_001:PersistentLevel.CheeseFactory_001' with GeneratedClass '/Game/Levels/CheeseFactory_001.CheeseFactory_001_C' with ClassGeneratedBy '/Game/Levels/CheeseFactory_001.CheeseFactory_001:PersistentLevel.CheeseFactory_001'
[2025.09.29-15.06.03:838][ 26]LogBlueprintUserMessages: Early EndPlayMap Detection: Level '/Game/Levels/CheeseFactory_001.CheeseFactory_001:PersistentLevel' has LevelScriptBlueprint '/Game/Levels/CheeseFactory_001.CheeseFactory_001:PersistentLevel.CheeseFactory_001' with GeneratedClass '/Game/Levels/CheeseFactory_001.CheeseFactory_001_C' with ClassGeneratedBy '/Game/Levels/CheeseFactory_001.CheeseFactory_001:PersistentLevel.CheeseFactory_001'
[2025.09.29-15.06.03:838][ 26]LogSlate: Updating window title bar state: overlay mode, drag disabled, window buttons hidden, title bar hidden
[2025.09.29-15.06.03:838][ 26]LogWorld: BeginTearingDown for /Game/Levels/UEDPIE_0_CheeseFactory_001
[2025.09.29-15.06.03:839][ 26]LogWorld: UWorld::CleanupWorld for CheeseFactory_001, bSessionEnded=true, bCleanupResources=true
[2025.09.29-15.06.03:855][ 26]LogPlayLevel: Display: Shutting down PIE online subsystems
[2025.09.29-15.06.03:855][ 26]LogBlueprintUserMessages: Late EndPlayMap Detection: Level '/Game/Levels/CheeseFactory_001.CheeseFactory_001:PersistentLevel' has LevelScriptBlueprint '/Game/Levels/CheeseFactory_001.CheeseFactory_001:PersistentLevel.CheeseFactory_001' with GeneratedClass '/Game/Levels/CheeseFactory_001.CheeseFactory_001_C' with ClassGeneratedBy '/Game/Levels/CheeseFactory_001.CheeseFactory_001:PersistentLevel.CheeseFactory_001'
[2025.09.29-15.06.03:878][ 26]LogSlate: Updating window title bar state: overlay mode, drag disabled, window buttons hidden, title bar hidden
[2025.09.29-15.06.03:884][ 26]LogUObjectHash: Compacting FUObjectHashTables data took   1.51ms
[2025.09.29-15.06.03:941][ 32]LogPlayLevel: Display: Destroying online subsystem :Context_64
[2025.09.29-15.06.04:157][ 57]LogSlate: FSceneViewport::OnFocusLost() reason 5
[2025.09.29-15.06.04:163][ 57]Cmd: OBJ SAVEPACKAGE PACKAGE="/Game/Levels/CheeseFactory_001" FILE="E:/GameJamHGGUnreal4.23.1/GameJamCrew/Content/Levels/CheeseFactory_001.umap" SILENT=true AUTOSAVING=false KEEPDIRTY=false
[2025.09.29-15.06.04:183][ 57]LogUObjectHash: Compacting FUObjectHashTables data took   0.68ms
[2025.09.29-15.06.04:469][ 57]LogSavePackage: Moving 'E:/GameJamHGGUnreal4.23.1/GameJamCrew/Saved/CheeseFactory_00132B3E3524F24225BD70057965AC06B6B.tmp' to 'E:/GameJamHGGUnreal4.23.1/GameJamCrew/Content/Levels/CheeseFactory_001.umap'
[2025.09.29-15.06.05:675][199]LogTemp: Repeating last play command: Selected Viewport
[2025.09.29-15.06.05:681][199]LogBlueprintUserMessages: Early PlayInEditor Detection: Level '/Game/Levels/CheeseFactory_001.CheeseFactory_001:PersistentLevel' has LevelScriptBlueprint '/Game/Levels/CheeseFactory_001.CheeseFactory_001:PersistentLevel.CheeseFactory_001' with GeneratedClass '/Game/Levels/CheeseFactory_001.CheeseFactory_001_C' with ClassGeneratedBy '/Game/Levels/CheeseFactory_001.CheeseFactory_001:PersistentLevel.CheeseFactory_001'
[2025.09.29-15.06.05:681][199]LogPlayLevel: PlayLevel: No blueprints needed recompiling
[2025.09.29-15.06.05:681][199]PIE: New page: PIE session: CheeseFactory_001 (29 Sep 2025 7:06:05 pm)
[2025.09.29-15.06.05:681][199]LogPlayLevel: Creating play world package: /Game/Levels/UEDPIE_0_CheeseFactory_001
[2025.09.29-15.06.05:707][199]LogPlayLevel: PIE: StaticDuplicateObject took: (0.025317s)
[2025.09.29-15.06.05:708][199]LogAIModule: Creating AISystem for world CheeseFactory_001
[2025.09.29-15.06.05:708][199]LogPlayLevel: PIE: World Init took: (0.000545s)
[2025.09.29-15.06.05:708][199]LogPlayLevel: PIE: Created PIE world by copying editor world from /Game/Levels/CheeseFactory_001.CheeseFactory_001 to /Game/Levels/UEDPIE_0_CheeseFactory_001.CheeseFactory_001 (0.025979s)
[2025.09.29-15.06.05:729][199]LogUObjectHash: Compacting FUObjectHashTables data took   1.96ms
[2025.09.29-15.06.05:742][199]LogInit: XAudio2 using 'Högtalare (Yeti Classic)' : 6 channels at 44.1 kHz using 16 bits per sample (channel mask 0x3f)
[2025.09.29-15.06.05:752][199]LogInit: FAudioDevice initialized.
[2025.09.29-15.06.05:762][199]LogLoad: Game class is 'ThirdPersonGameMode_C'
[2025.09.29-15.06.05:770][199]LogWorld: Bringing World /Game/Levels/UEDPIE_0_CheeseFactory_001.CheeseFactory_001 up for play (max tick rate 0) at 2025.09.29-17.06.05
[2025.09.29-15.06.05:770][199]LogWorld: Bringing up level for play took: 0.008160
[2025.09.29-15.06.05:770][199]LogOnline: OSS: Creating online subsystem instance for: :Context_65
[2025.09.29-15.06.05:772][199]PIE: Play in editor start time for /Game/Levels/UEDPIE_0_CheeseFactory_001 0.483
[2025.09.29-15.06.05:772][199]LogBlueprintUserMessages: Late PlayInEditor Detection: Level '/Game/Levels/CheeseFactory_001.CheeseFactory_001:PersistentLevel' has LevelScriptBlueprint '/Game/Levels/CheeseFactory_001.CheeseFactory_001:PersistentLevel.CheeseFactory_001' with GeneratedClass '/Game/Levels/CheeseFactory_001.CheeseFactory_001_C' with ClassGeneratedBy '/Game/Levels/CheeseFactory_001.CheeseFactory_001:PersistentLevel.CheeseFactory_001'
[2025.09.29-15.06.08:015][466]LogBlueprintUserMessages: Early EndPlayMap Detection: Level '/Game/Levels/CheeseFactory_001.CheeseFactory_001:PersistentLevel' has LevelScriptBlueprint '/Game/Levels/CheeseFactory_001.CheeseFactory_001:PersistentLevel.CheeseFactory_001' with GeneratedClass '/Game/Levels/CheeseFactory_001.CheeseFactory_001_C' with ClassGeneratedBy '/Game/Levels/CheeseFactory_001.CheeseFactory_001:PersistentLevel.CheeseFactory_001'
[2025.09.29-15.06.08:016][466]LogSlate: Updating window title bar state: overlay mode, drag disabled, window buttons hidden, title bar hidden
[2025.09.29-15.06.08:016][466]LogWorld: BeginTearingDown for /Game/Levels/UEDPIE_0_CheeseFactory_001
[2025.09.29-15.06.08:016][466]LogWorld: UWorld::CleanupWorld for CheeseFactory_001, bSessionEnded=true, bCleanupResources=true
[2025.09.29-15.06.08:032][466]LogPlayLevel: Display: Shutting down PIE online subsystems
[2025.09.29-15.06.08:033][466]LogBlueprintUserMessages: Late EndPlayMap Detection: Level '/Game/Levels/CheeseFactory_001.CheeseFactory_001:PersistentLevel' has LevelScriptBlueprint '/Game/Levels/CheeseFactory_001.CheeseFactory_001:PersistentLevel.CheeseFactory_001' with GeneratedClass '/Game/Levels/CheeseFactory_001.CheeseFactory_001_C' with ClassGeneratedBy '/Game/Levels/CheeseFactory_001.CheeseFactory_001:PersistentLevel.CheeseFactory_001'
[2025.09.29-15.06.08:059][466]LogSlate: Updating window title bar state: overlay mode, drag disabled, window buttons hidden, title bar hidden
[2025.09.29-15.06.08:063][466]LogUObjectHash: Compacting FUObjectHashTables data took   1.53ms
[2025.09.29-15.06.08:121][472]LogPlayLevel: Display: Destroying online subsystem :Context_65
[2025.09.29-15.06.08:345][498]LogSlate: FSceneViewport::OnFocusLost() reason 5
[2025.09.29-15.06.08:351][498]Cmd: OBJ SAVEPACKAGE PACKAGE="/Game/Levels/CheeseFactory_001" FILE="E:/GameJamHGGUnreal4.23.1/GameJamCrew/Content/Levels/CheeseFactory_001.umap" SILENT=true AUTOSAVING=false KEEPDIRTY=false
[2025.09.29-15.06.08:372][498]LogUObjectHash: Compacting FUObjectHashTables data took   0.58ms
[2025.09.29-15.06.08:659][498]LogSavePackage: Moving 'E:/GameJamHGGUnreal4.23.1/GameJamCrew/Saved/CheeseFactory_001016D86EA4067C8E9B21516AEA9A69FA7.tmp' to 'E:/GameJamHGGUnreal4.23.1/GameJamCrew/Content/Levels/CheeseFactory_001.umap'
[2025.09.29-15.06.21:502][ 22]Cmd: OBJ SAVEPACKAGE PACKAGE="/Game/Mannequin/Cat/CatBluePrint" FILE="E:/GameJamHGGUnreal4.23.1/GameJamCrew/Content/Mannequin/Cat/CatBluePrint.uasset" SILENT=true
[2025.09.29-15.06.21:518][ 22]LogSavePackage: Moving 'E:/GameJamHGGUnreal4.23.1/GameJamCrew/Saved/CatBluePrint0436573143ABC08C15F95A8D71939E2F.tmp' to 'E:/GameJamHGGUnreal4.23.1/GameJamCrew/Content/Mannequin/Cat/CatBluePrint.uasset'
[2025.09.29-15.06.22:153][ 96]Cmd: OBJ SAVEPACKAGE PACKAGE="/Game/Mannequin/Cat/CatBluePrint" FILE="E:/GameJamHGGUnreal4.23.1/GameJamCrew/Content/Mannequin/Cat/CatBluePrint.uasset" SILENT=true
[2025.09.29-15.06.22:165][ 96]LogSavePackage: Moving 'E:/GameJamHGGUnreal4.23.1/GameJamCrew/Saved/CatBluePrint49A649F848123C9119CFD5BF0B8B0BA4.tmp' to 'E:/GameJamHGGUnreal4.23.1/GameJamCrew/Content/Mannequin/Cat/CatBluePrint.uasset'
[2025.09.29-15.06.28:253][825]LogTemp: Repeating last play command: Selected Viewport
[2025.09.29-15.06.28:259][825]LogBlueprintUserMessages: Early PlayInEditor Detection: Level '/Game/Levels/CheeseFactory_001.CheeseFactory_001:PersistentLevel' has LevelScriptBlueprint '/Game/Levels/CheeseFactory_001.CheeseFactory_001:PersistentLevel.CheeseFactory_001' with GeneratedClass '/Game/Levels/CheeseFactory_001.CheeseFactory_001_C' with ClassGeneratedBy '/Game/Levels/CheeseFactory_001.CheeseFactory_001:PersistentLevel.CheeseFactory_001'
[2025.09.29-15.06.28:259][825]BlueprintLog: New page: Pre-Play auto-recompile
[2025.09.29-15.06.28:260][825]LogPlayLevel: [PlayLevel] Compiling CatBluePrint before play...
[2025.09.29-15.06.28:262][825]LogBlueprint: Warning: [Compiler CatBluePrint] Walk to Jump  will never be taken, please connect something to  Can Enter Transition
[2025.09.29-15.06.28:262][825]LogBlueprint: Warning: [Compiler CatBluePrint] Idle to Walk  will never be taken, please connect something to  Can Enter Transition
[2025.09.29-15.06.28:387][825]LogUObjectHash: Compacting FUObjectHashTables data took   2.26ms
[2025.09.29-15.06.28:387][825]LogPlayLevel: PlayLevel: Blueprint regeneration took 127 ms (1 blueprints)
[2025.09.29-15.06.28:387][825]PIE: New page: PIE session: CheeseFactory_001 (29 Sep 2025 7:06:28 pm)
[2025.09.29-15.06.28:387][825]LogPlayLevel: Creating play world package: /Game/Levels/UEDPIE_0_CheeseFactory_001
[2025.09.29-15.06.28:412][825]LogPlayLevel: PIE: StaticDuplicateObject took: (0.024881s)
[2025.09.29-15.06.28:412][825]LogAIModule: Creating AISystem for world CheeseFactory_001
[2025.09.29-15.06.28:412][825]LogPlayLevel: PIE: World Init took: (0.000577s)
[2025.09.29-15.06.28:412][825]LogPlayLevel: PIE: Created PIE world by copying editor world from /Game/Levels/CheeseFactory_001.CheeseFactory_001 to /Game/Levels/UEDPIE_0_CheeseFactory_001.CheeseFactory_001 (0.025574s)
[2025.09.29-15.06.28:432][825]LogUObjectHash: Compacting FUObjectHashTables data took   1.45ms
[2025.09.29-15.06.28:444][825]LogInit: XAudio2 using 'Högtalare (Yeti Classic)' : 6 channels at 44.1 kHz using 16 bits per sample (channel mask 0x3f)
[2025.09.29-15.06.28:453][825]LogInit: FAudioDevice initialized.
[2025.09.29-15.06.28:457][825]LogLoad: Game class is 'ThirdPersonGameMode_C'
[2025.09.29-15.06.28:467][825]LogWorld: Bringing World /Game/Levels/UEDPIE_0_CheeseFactory_001.CheeseFactory_001 up for play (max tick rate 0) at 2025.09.29-17.06.28
[2025.09.29-15.06.28:467][825]LogWorld: Bringing up level for play took: 0.009001
[2025.09.29-15.06.28:467][825]LogOnline: OSS: Creating online subsystem instance for: :Context_66
[2025.09.29-15.06.28:469][825]PIE: Play in editor start time for /Game/Levels/UEDPIE_0_CheeseFactory_001 1.18
[2025.09.29-15.06.28:469][825]LogBlueprintUserMessages: Late PlayInEditor Detection: Level '/Game/Levels/CheeseFactory_001.CheeseFactory_001:PersistentLevel' has LevelScriptBlueprint '/Game/Levels/CheeseFactory_001.CheeseFactory_001:PersistentLevel.CheeseFactory_001' with GeneratedClass '/Game/Levels/CheeseFactory_001.CheeseFactory_001_C' with ClassGeneratedBy '/Game/Levels/CheeseFactory_001.CheeseFactory_001:PersistentLevel.CheeseFactory_001'
[2025.09.29-15.06.32:829][344]LogBlueprintUserMessages: Early EndPlayMap Detection: Level '/Game/Levels/CheeseFactory_001.CheeseFactory_001:PersistentLevel' has LevelScriptBlueprint '/Game/Levels/CheeseFactory_001.CheeseFactory_001:PersistentLevel.CheeseFactory_001' with GeneratedClass '/Game/Levels/CheeseFactory_001.CheeseFactory_001_C' with ClassGeneratedBy '/Game/Levels/CheeseFactory_001.CheeseFactory_001:PersistentLevel.CheeseFactory_001'
[2025.09.29-15.06.32:829][344]LogSlate: Updating window title bar state: overlay mode, drag disabled, window buttons hidden, title bar hidden
[2025.09.29-15.06.32:829][344]LogWorld: BeginTearingDown for /Game/Levels/UEDPIE_0_CheeseFactory_001
[2025.09.29-15.06.32:830][344]LogWorld: UWorld::CleanupWorld for CheeseFactory_001, bSessionEnded=true, bCleanupResources=true
[2025.09.29-15.06.32:843][344]LogPlayLevel: Display: Shutting down PIE online subsystems
[2025.09.29-15.06.32:843][344]LogBlueprintUserMessages: Late EndPlayMap Detection: Level '/Game/Levels/CheeseFactory_001.CheeseFactory_001:PersistentLevel' has LevelScriptBlueprint '/Game/Levels/CheeseFactory_001.CheeseFactory_001:PersistentLevel.CheeseFactory_001' with GeneratedClass '/Game/Levels/CheeseFactory_001.CheeseFactory_001_C' with ClassGeneratedBy '/Game/Levels/CheeseFactory_001.CheeseFactory_001:PersistentLevel.CheeseFactory_001'
[2025.09.29-15.06.32:868][344]LogSlate: Updating window title bar state: overlay mode, drag disabled, window buttons hidden, title bar hidden
[2025.09.29-15.06.32:874][344]LogUObjectHash: Compacting FUObjectHashTables data took   1.45ms
[2025.09.29-15.06.32:933][350]LogPlayLevel: Display: Destroying online subsystem :Context_66
[2025.09.29-15.06.33:131][373]LogSlate: FSceneViewport::OnFocusLost() reason 5
[2025.09.29-15.06.33:137][373]Cmd: OBJ SAVEPACKAGE PACKAGE="/Game/Levels/CheeseFactory_001" FILE="E:/GameJamHGGUnreal4.23.1/GameJamCrew/Content/Levels/CheeseFactory_001.umap" SILENT=true AUTOSAVING=false KEEPDIRTY=false
[2025.09.29-15.06.33:157][373]LogUObjectHash: Compacting FUObjectHashTables data took   0.60ms
[2025.09.29-15.06.33:440][373]LogSavePackage: Moving 'E:/GameJamHGGUnreal4.23.1/GameJamCrew/Saved/CheeseFactory_001DFA73BC94B8DCDC061A520B958BCD643.tmp' to 'E:/GameJamHGGUnreal4.23.1/GameJamCrew/Content/Levels/CheeseFactory_001.umap'
[2025.09.29-15.07.14:532][133]BlueprintLog: New page: Compile CatBluePrint
[2025.09.29-15.07.14:536][133]LogBlueprint: Warning: [Compiler CatBluePrint] Walk to Jump  will never be taken, please connect something to  Can Enter Transition
[2025.09.29-15.07.14:536][133]LogBlueprint: Warning: [Compiler CatBluePrint] Idle to Walk  will never be taken, please connect something to  Can Enter Transition
[2025.09.29-15.07.14:663][133]LogUObjectHash: Compacting FUObjectHashTables data took   2.02ms
[2025.09.29-15.07.15:015][171]Cmd: OBJ SAVEPACKAGE PACKAGE="/Game/Mannequin/Cat/CatBluePrint" FILE="E:/GameJamHGGUnreal4.23.1/GameJamCrew/Content/Mannequin/Cat/CatBluePrint.uasset" SILENT=true
[2025.09.29-15.07.15:030][171]LogSavePackage: Moving 'E:/GameJamHGGUnreal4.23.1/GameJamCrew/Saved/CatBluePrint846745F54FB03CD081B5579F3C9BECE1.tmp' to 'E:/GameJamHGGUnreal4.23.1/GameJamCrew/Content/Mannequin/Cat/CatBluePrint.uasset'
[2025.09.29-15.07.17:818][504]BlueprintLog: New page: Compile CatBluePrint
[2025.09.29-15.07.17:820][504]LogBlueprint: Warning: [Compiler CatBluePrint] Walk to Jump  will never be taken, please connect something to  Can Enter Transition
[2025.09.29-15.07.17:820][504]LogBlueprint: Warning: [Compiler CatBluePrint] Idle to Walk  will never be taken, please connect something to  Can Enter Transition
[2025.09.29-15.07.17:941][504]LogUObjectHash: Compacting FUObjectHashTables data took   2.20ms
[2025.09.29-15.07.19:169][650]LogTemp: Repeating last play command: Selected Viewport
[2025.09.29-15.07.19:176][650]LogBlueprintUserMessages: Early PlayInEditor Detection: Level '/Game/Levels/CheeseFactory_001.CheeseFactory_001:PersistentLevel' has LevelScriptBlueprint '/Game/Levels/CheeseFactory_001.CheeseFactory_001:PersistentLevel.CheeseFactory_001' with GeneratedClass '/Game/Levels/CheeseFactory_001.CheeseFactory_001_C' with ClassGeneratedBy '/Game/Levels/CheeseFactory_001.CheeseFactory_001:PersistentLevel.CheeseFactory_001'
[2025.09.29-15.07.19:176][650]LogPlayLevel: PlayLevel: No blueprints needed recompiling
[2025.09.29-15.07.19:176][650]PIE: New page: PIE session: CheeseFactory_001 (29 Sep 2025 7:07:19 pm)
[2025.09.29-15.07.19:176][650]LogPlayLevel: Creating play world package: /Game/Levels/UEDPIE_0_CheeseFactory_001
[2025.09.29-15.07.19:202][650]LogPlayLevel: PIE: StaticDuplicateObject took: (0.025869s)
[2025.09.29-15.07.19:202][650]LogAIModule: Creating AISystem for world CheeseFactory_001
[2025.09.29-15.07.19:202][650]LogPlayLevel: PIE: World Init took: (0.000547s)
[2025.09.29-15.07.19:202][650]LogPlayLevel: PIE: Created PIE world by copying editor world from /Game/Levels/CheeseFactory_001.CheeseFactory_001 to /Game/Levels/UEDPIE_0_CheeseFactory_001.CheeseFactory_001 (0.026535s)
[2025.09.29-15.07.19:224][650]LogUObjectHash: Compacting FUObjectHashTables data took   2.08ms
[2025.09.29-15.07.19:237][650]LogInit: XAudio2 using 'Högtalare (Yeti Classic)' : 6 channels at 44.1 kHz using 16 bits per sample (channel mask 0x3f)
[2025.09.29-15.07.19:247][650]LogInit: FAudioDevice initialized.
[2025.09.29-15.07.19:252][650]LogLoad: Game class is 'ThirdPersonGameMode_C'
[2025.09.29-15.07.19:259][650]LogWorld: Bringing World /Game/Levels/UEDPIE_0_CheeseFactory_001.CheeseFactory_001 up for play (max tick rate 0) at 2025.09.29-17.07.19
[2025.09.29-15.07.19:260][650]LogWorld: Bringing up level for play took: 0.008489
[2025.09.29-15.07.19:260][650]LogOnline: OSS: Creating online subsystem instance for: :Context_67
[2025.09.29-15.07.19:262][650]PIE: Play in editor start time for /Game/Levels/UEDPIE_0_CheeseFactory_001 -0.027
[2025.09.29-15.07.19:262][650]LogBlueprintUserMessages: Late PlayInEditor Detection: Level '/Game/Levels/CheeseFactory_001.CheeseFactory_001:PersistentLevel' has LevelScriptBlueprint '/Game/Levels/CheeseFactory_001.CheeseFactory_001:PersistentLevel.CheeseFactory_001' with GeneratedClass '/Game/Levels/CheeseFactory_001.CheeseFactory_001_C' with ClassGeneratedBy '/Game/Levels/CheeseFactory_001.CheeseFactory_001:PersistentLevel.CheeseFactory_001'
[2025.09.29-15.07.20:424][787]LogBlueprintUserMessages: Early EndPlayMap Detection: Level '/Game/Levels/CheeseFactory_001.CheeseFactory_001:PersistentLevel' has LevelScriptBlueprint '/Game/Levels/CheeseFactory_001.CheeseFactory_001:PersistentLevel.CheeseFactory_001' with GeneratedClass '/Game/Levels/CheeseFactory_001.CheeseFactory_001_C' with ClassGeneratedBy '/Game/Levels/CheeseFactory_001.CheeseFactory_001:PersistentLevel.CheeseFactory_001'
[2025.09.29-15.07.20:424][787]LogSlate: Updating window title bar state: overlay mode, drag disabled, window buttons hidden, title bar hidden
[2025.09.29-15.07.20:424][787]LogWorld: BeginTearingDown for /Game/Levels/UEDPIE_0_CheeseFactory_001
[2025.09.29-15.07.20:424][787]LogWorld: UWorld::CleanupWorld for CheeseFactory_001, bSessionEnded=true, bCleanupResources=true
[2025.09.29-15.07.20:439][787]LogPlayLevel: Display: Shutting down PIE online subsystems
[2025.09.29-15.07.20:439][787]LogBlueprintUserMessages: Late EndPlayMap Detection: Level '/Game/Levels/CheeseFactory_001.CheeseFactory_001:PersistentLevel' has LevelScriptBlueprint '/Game/Levels/CheeseFactory_001.CheeseFactory_001:PersistentLevel.CheeseFactory_001' with GeneratedClass '/Game/Levels/CheeseFactory_001.CheeseFactory_001_C' with ClassGeneratedBy '/Game/Levels/CheeseFactory_001.CheeseFactory_001:PersistentLevel.CheeseFactory_001'
[2025.09.29-15.07.20:466][787]LogSlate: Updating window title bar state: overlay mode, drag disabled, window buttons hidden, title bar hidden
[2025.09.29-15.07.20:470][787]LogUObjectHash: Compacting FUObjectHashTables data took   1.69ms
[2025.09.29-15.07.20:483][788]LogEditorBookmarks: Warning: FBookmarkTypeToolsImpl::JumpToBookmark - Null Bookmark at index 1
[2025.09.29-15.07.20:530][793]LogPlayLevel: Display: Destroying online subsystem :Context_67
[2025.09.29-15.07.20:803][825]LogSlate: FSceneViewport::OnFocusLost() reason 5
[2025.09.29-15.07.20:809][825]Cmd: OBJ SAVEPACKAGE PACKAGE="/Game/Levels/CheeseFactory_001" FILE="E:/GameJamHGGUnreal4.23.1/GameJamCrew/Content/Levels/CheeseFactory_001.umap" SILENT=true AUTOSAVING=false KEEPDIRTY=false
[2025.09.29-15.07.20:830][825]LogUObjectHash: Compacting FUObjectHashTables data took   0.73ms
[2025.09.29-15.07.21:110][825]LogSavePackage: Moving 'E:/GameJamHGGUnreal4.23.1/GameJamCrew/Saved/CheeseFactory_0011466B12E4385F62D9C7E68832D3AB050.tmp' to 'E:/GameJamHGGUnreal4.23.1/GameJamCrew/Content/Levels/CheeseFactory_001.umap'
[2025.09.29-15.07.24:802][262]Cmd: OBJ SAVEPACKAGE PACKAGE="/Game/Mannequin/Cat/CatBluePrint" FILE="E:/GameJamHGGUnreal4.23.1/GameJamCrew/Content/Mannequin/Cat/CatBluePrint.uasset" SILENT=true
[2025.09.29-15.07.24:818][262]LogSavePackage: Moving 'E:/GameJamHGGUnreal4.23.1/GameJamCrew/Saved/CatBluePrint9DB1E795422831086E24358772EEEB53.tmp' to 'E:/GameJamHGGUnreal4.23.1/GameJamCrew/Content/Mannequin/Cat/CatBluePrint.uasset'
[2025.09.29-15.07.26:054][409]LogTemp: Repeating last play command: Selected Viewport
[2025.09.29-15.07.26:060][409]LogBlueprintUserMessages: Early PlayInEditor Detection: Level '/Game/Levels/CheeseFactory_001.CheeseFactory_001:PersistentLevel' has LevelScriptBlueprint '/Game/Levels/CheeseFactory_001.CheeseFactory_001:PersistentLevel.CheeseFactory_001' with GeneratedClass '/Game/Levels/CheeseFactory_001.CheeseFactory_001_C' with ClassGeneratedBy '/Game/Levels/CheeseFactory_001.CheeseFactory_001:PersistentLevel.CheeseFactory_001'
[2025.09.29-15.07.26:060][409]BlueprintLog: New page: Pre-Play auto-recompile
[2025.09.29-15.07.26:061][409]LogPlayLevel: [PlayLevel] Compiling CatBluePrint before play...
[2025.09.29-15.07.26:063][409]LogBlueprint: Warning: [Compiler CatBluePrint] Walk to Jump  will never be taken, please connect something to  Can Enter Transition
[2025.09.29-15.07.26:063][409]LogBlueprint: Warning: [Compiler CatBluePrint] Idle to Walk  will never be taken, please connect something to  Can Enter Transition
[2025.09.29-15.07.26:184][409]LogUObjectHash: Compacting FUObjectHashTables data took   2.06ms
[2025.09.29-15.07.26:184][409]LogPlayLevel: PlayLevel: Blueprint regeneration took 123 ms (1 blueprints)
[2025.09.29-15.07.26:184][409]PIE: New page: PIE session: CheeseFactory_001 (29 Sep 2025 7:07:26 pm)
[2025.09.29-15.07.26:184][409]LogPlayLevel: Creating play world package: /Game/Levels/UEDPIE_0_CheeseFactory_001
[2025.09.29-15.07.26:210][409]LogPlayLevel: PIE: StaticDuplicateObject took: (0.025717s)
[2025.09.29-15.07.26:210][409]LogAIModule: Creating AISystem for world CheeseFactory_001
[2025.09.29-15.07.26:211][409]LogPlayLevel: PIE: World Init took: (0.000610s)
[2025.09.29-15.07.26:211][409]LogPlayLevel: PIE: Created PIE world by copying editor world from /Game/Levels/CheeseFactory_001.CheeseFactory_001 to /Game/Levels/UEDPIE_0_CheeseFactory_001.CheeseFactory_001 (0.026450s)
[2025.09.29-15.07.26:231][409]LogUObjectHash: Compacting FUObjectHashTables data took   1.44ms
[2025.09.29-15.07.26:244][409]LogInit: XAudio2 using 'Högtalare (Yeti Classic)' : 6 channels at 44.1 kHz using 16 bits per sample (channel mask 0x3f)
[2025.09.29-15.07.26:254][409]LogInit: FAudioDevice initialized.
[2025.09.29-15.07.26:259][409]LogLoad: Game class is 'ThirdPersonGameMode_C'
[2025.09.29-15.07.26:269][409]LogWorld: Bringing World /Game/Levels/UEDPIE_0_CheeseFactory_001.CheeseFactory_001 up for play (max tick rate 0) at 2025.09.29-17.07.26
[2025.09.29-15.07.26:269][409]LogWorld: Bringing up level for play took: 0.008806
[2025.09.29-15.07.26:270][409]LogOnline: OSS: Creating online subsystem instance for: :Context_68
[2025.09.29-15.07.26:272][409]PIE: Play in editor start time for /Game/Levels/UEDPIE_0_CheeseFactory_001 0.982
[2025.09.29-15.07.26:272][409]LogBlueprintUserMessages: Late PlayInEditor Detection: Level '/Game/Levels/CheeseFactory_001.CheeseFactory_001:PersistentLevel' has LevelScriptBlueprint '/Game/Levels/CheeseFactory_001.CheeseFactory_001:PersistentLevel.CheeseFactory_001' with GeneratedClass '/Game/Levels/CheeseFactory_001.CheeseFactory_001_C' with ClassGeneratedBy '/Game/Levels/CheeseFactory_001.CheeseFactory_001:PersistentLevel.CheeseFactory_001'
[2025.09.29-15.07.27:618][568]LogBlueprintUserMessages: Early EndPlayMap Detection: Level '/Game/Levels/CheeseFactory_001.CheeseFactory_001:PersistentLevel' has LevelScriptBlueprint '/Game/Levels/CheeseFactory_001.CheeseFactory_001:PersistentLevel.CheeseFactory_001' with GeneratedClass '/Game/Levels/CheeseFactory_001.CheeseFactory_001_C' with ClassGeneratedBy '/Game/Levels/CheeseFactory_001.CheeseFactory_001:PersistentLevel.CheeseFactory_001'
[2025.09.29-15.07.27:618][568]LogSlate: Updating window title bar state: overlay mode, drag disabled, window buttons hidden, title bar hidden
[2025.09.29-15.07.27:618][568]LogWorld: BeginTearingDown for /Game/Levels/UEDPIE_0_CheeseFactory_001
[2025.09.29-15.07.27:618][568]LogWorld: UWorld::CleanupWorld for CheeseFactory_001, bSessionEnded=true, bCleanupResources=true
[2025.09.29-15.07.27:637][568]LogPlayLevel: Display: Shutting down PIE online subsystems
[2025.09.29-15.07.27:637][568]LogBlueprintUserMessages: Late EndPlayMap Detection: Level '/Game/Levels/CheeseFactory_001.CheeseFactory_001:PersistentLevel' has LevelScriptBlueprint '/Game/Levels/CheeseFactory_001.CheeseFactory_001:PersistentLevel.CheeseFactory_001' with GeneratedClass '/Game/Levels/CheeseFactory_001.CheeseFactory_001_C' with ClassGeneratedBy '/Game/Levels/CheeseFactory_001.CheeseFactory_001:PersistentLevel.CheeseFactory_001'
[2025.09.29-15.07.27:661][568]LogSlate: Updating window title bar state: overlay mode, drag disabled, window buttons hidden, title bar hidden
[2025.09.29-15.07.27:666][568]LogUObjectHash: Compacting FUObjectHashTables data took   1.40ms
[2025.09.29-15.07.27:724][574]LogPlayLevel: Display: Destroying online subsystem :Context_68
[2025.09.29-15.07.27:914][596]LogSlate: FSceneViewport::OnFocusLost() reason 5
[2025.09.29-15.07.27:920][596]Cmd: OBJ SAVEPACKAGE PACKAGE="/Game/Levels/CheeseFactory_001" FILE="E:/GameJamHGGUnreal4.23.1/GameJamCrew/Content/Levels/CheeseFactory_001.umap" SILENT=true AUTOSAVING=false KEEPDIRTY=false
[2025.09.29-15.07.27:939][596]LogUObjectHash: Compacting FUObjectHashTables data took   0.59ms
[2025.09.29-15.07.28:219][596]LogSavePackage: Moving 'E:/GameJamHGGUnreal4.23.1/GameJamCrew/Saved/CheeseFactory_001D3D59FCF45B527B871AAA8901DD27448.tmp' to 'E:/GameJamHGGUnreal4.23.1/GameJamCrew/Content/Levels/CheeseFactory_001.umap'
[2025.09.29-15.07.35:449][442]BlueprintLog: New page: Compile CatBluePrint
[2025.09.29-15.07.35:451][442]LogBlueprint: Warning: [Compiler CatBluePrint] Walk to Jump  will never be taken, please connect something to  Can Enter Transition
[2025.09.29-15.07.35:451][442]LogBlueprint: Warning: [Compiler CatBluePrint] Idle to Walk  will never be taken, please connect something to  Can Enter Transition
[2025.09.29-15.07.35:571][442]LogUObjectHash: Compacting FUObjectHashTables data took   1.99ms
[2025.09.29-15.07.39:851][953]LogTemp: Repeating last play command: Selected Viewport
[2025.09.29-15.07.39:857][953]LogBlueprintUserMessages: Early PlayInEditor Detection: Level '/Game/Levels/CheeseFactory_001.CheeseFactory_001:PersistentLevel' has LevelScriptBlueprint '/Game/Levels/CheeseFactory_001.CheeseFactory_001:PersistentLevel.CheeseFactory_001' with GeneratedClass '/Game/Levels/CheeseFactory_001.CheeseFactory_001_C' with ClassGeneratedBy '/Game/Levels/CheeseFactory_001.CheeseFactory_001:PersistentLevel.CheeseFactory_001'
[2025.09.29-15.07.39:857][953]LogPlayLevel: PlayLevel: No blueprints needed recompiling
[2025.09.29-15.07.39:857][953]PIE: New page: PIE session: CheeseFactory_001 (29 Sep 2025 7:07:39 pm)
[2025.09.29-15.07.39:857][953]LogPlayLevel: Creating play world package: /Game/Levels/UEDPIE_0_CheeseFactory_001
[2025.09.29-15.07.39:883][953]LogPlayLevel: PIE: StaticDuplicateObject took: (0.025783s)
[2025.09.29-15.07.39:884][953]LogAIModule: Creating AISystem for world CheeseFactory_001
[2025.09.29-15.07.39:884][953]LogPlayLevel: PIE: World Init took: (0.000614s)
[2025.09.29-15.07.39:884][953]LogPlayLevel: PIE: Created PIE world by copying editor world from /Game/Levels/CheeseFactory_001.CheeseFactory_001 to /Game/Levels/UEDPIE_0_CheeseFactory_001.CheeseFactory_001 (0.026517s)
[2025.09.29-15.07.39:904][953]LogUObjectHash: Compacting FUObjectHashTables data took   2.10ms
[2025.09.29-15.07.39:917][953]LogInit: XAudio2 using 'Högtalare (Yeti Classic)' : 6 channels at 44.1 kHz using 16 bits per sample (channel mask 0x3f)
[2025.09.29-15.07.39:926][953]LogInit: FAudioDevice initialized.
[2025.09.29-15.07.39:934][953]LogSlate: Updating window title bar state: overlay mode, drag disabled, window buttons hidden, title bar hidden
[2025.09.29-15.07.39:934][953]LogLoad: Game class is 'ThirdPersonGameMode_C'
[2025.09.29-15.07.39:943][953]LogWorld: Bringing World /Game/Levels/UEDPIE_0_CheeseFactory_001.CheeseFactory_001 up for play (max tick rate 0) at 2025.09.29-17.07.39
[2025.09.29-15.07.39:944][953]LogWorld: Bringing up level for play took: 0.009840
[2025.09.29-15.07.39:944][953]LogOnline: OSS: Creating online subsystem instance for: :Context_69
[2025.09.29-15.07.39:945][953]LogGameMode: FindPlayerStart: PATHS NOT DEFINED or NO PLAYERSTART with positive rating
[2025.09.29-15.07.39:947][953]PIE: Play in editor start time for /Game/Levels/UEDPIE_0_CheeseFactory_001 0.658
[2025.09.29-15.07.39:948][953]LogBlueprintUserMessages: Late PlayInEditor Detection: Level '/Game/Levels/CheeseFactory_001.CheeseFactory_001:PersistentLevel' has LevelScriptBlueprint '/Game/Levels/CheeseFactory_001.CheeseFactory_001:PersistentLevel.CheeseFactory_001' with GeneratedClass '/Game/Levels/CheeseFactory_001.CheeseFactory_001_C' with ClassGeneratedBy '/Game/Levels/CheeseFactory_001.CheeseFactory_001:PersistentLevel.CheeseFactory_001'
[2025.09.29-15.07.43:097][324]LogBlueprintUserMessages: Early EndPlayMap Detection: Level '/Game/Levels/CheeseFactory_001.CheeseFactory_001:PersistentLevel' has LevelScriptBlueprint '/Game/Levels/CheeseFactory_001.CheeseFactory_001:PersistentLevel.CheeseFactory_001' with GeneratedClass '/Game/Levels/CheeseFactory_001.CheeseFactory_001_C' with ClassGeneratedBy '/Game/Levels/CheeseFactory_001.CheeseFactory_001:PersistentLevel.CheeseFactory_001'
[2025.09.29-15.07.43:098][324]LogSlate: Updating window title bar state: overlay mode, drag disabled, window buttons hidden, title bar hidden
[2025.09.29-15.07.43:098][324]LogWorld: BeginTearingDown for /Game/Levels/UEDPIE_0_CheeseFactory_001
[2025.09.29-15.07.43:101][324]LogSlate: Window 'GameJamCrew Game Preview Standalone (64-bit/PCD3D_SM5)' being destroyed
[2025.09.29-15.07.43:107][324]LogWorld: UWorld::CleanupWorld for CheeseFactory_001, bSessionEnded=true, bCleanupResources=true
[2025.09.29-15.07.43:117][324]LogPlayLevel: Display: Shutting down PIE online subsystems
[2025.09.29-15.07.43:117][324]LogBlueprintUserMessages: Late EndPlayMap Detection: Level '/Game/Levels/CheeseFactory_001.CheeseFactory_001:PersistentLevel' has LevelScriptBlueprint '/Game/Levels/CheeseFactory_001.CheeseFactory_001:PersistentLevel.CheeseFactory_001' with GeneratedClass '/Game/Levels/CheeseFactory_001.CheeseFactory_001_C' with ClassGeneratedBy '/Game/Levels/CheeseFactory_001.CheeseFactory_001:PersistentLevel.CheeseFactory_001'
[2025.09.29-15.07.43:147][324]LogUObjectHash: Compacting FUObjectHashTables data took   1.63ms
[2025.09.29-15.07.43:196][330]LogPlayLevel: Display: Destroying online subsystem :Context_69
[2025.09.29-15.08.05:148][940]Cmd: OBJ SAVEPACKAGE PACKAGE="/Game/Mannequin/Cat/CatBluePrint" FILE="E:/GameJamHGGUnreal4.23.1/GameJamCrew/Content/Mannequin/Cat/CatBluePrint.uasset" SILENT=true
[2025.09.29-15.08.05:166][940]LogSavePackage: Moving 'E:/GameJamHGGUnreal4.23.1/GameJamCrew/Saved/CatBluePrintEB01E36F41A47FCECA341E8FD89AAA3F.tmp' to 'E:/GameJamHGGUnreal4.23.1/GameJamCrew/Content/Mannequin/Cat/CatBluePrint.uasset'
[2025.09.29-15.08.18:331][507]Cmd: OBJ SAVEPACKAGE PACKAGE="/Game/Mannequin/Cat/CatBluePrint" FILE="E:/GameJamHGGUnreal4.23.1/GameJamCrew/Content/Mannequin/Cat/CatBluePrint.uasset" SILENT=true
[2025.09.29-15.08.18:349][507]LogSavePackage: Moving 'E:/GameJamHGGUnreal4.23.1/GameJamCrew/Saved/CatBluePrint484CE19945BF874135778E83F850065C.tmp' to 'E:/GameJamHGGUnreal4.23.1/GameJamCrew/Content/Mannequin/Cat/CatBluePrint.uasset'
[2025.09.29-15.08.19:948][697]LogTemp: Repeating last play command: Selected Viewport
[2025.09.29-15.08.19:953][697]LogBlueprintUserMessages: Early PlayInEditor Detection: Level '/Game/Levels/CheeseFactory_001.CheeseFactory_001:PersistentLevel' has LevelScriptBlueprint '/Game/Levels/CheeseFactory_001.CheeseFactory_001:PersistentLevel.CheeseFactory_001' with GeneratedClass '/Game/Levels/CheeseFactory_001.CheeseFactory_001_C' with ClassGeneratedBy '/Game/Levels/CheeseFactory_001.CheeseFactory_001:PersistentLevel.CheeseFactory_001'
[2025.09.29-15.08.19:953][697]BlueprintLog: New page: Pre-Play auto-recompile
[2025.09.29-15.08.19:954][697]LogPlayLevel: [PlayLevel] Compiling CatBluePrint before play...
[2025.09.29-15.08.19:957][697]LogBlueprint: Warning: [Compiler CatBluePrint] Walk to Jump  will never be taken, please connect something to  Can Enter Transition
[2025.09.29-15.08.19:957][697]LogBlueprint: Warning: [Compiler CatBluePrint] Idle to Walk  will never be taken, please connect something to  Can Enter Transition
[2025.09.29-15.08.20:079][697]LogUObjectHash: Compacting FUObjectHashTables data took   2.01ms
[2025.09.29-15.08.20:080][697]LogPlayLevel: PlayLevel: Blueprint regeneration took 126 ms (1 blueprints)
[2025.09.29-15.08.20:080][697]PIE: New page: PIE session: CheeseFactory_001 (29 Sep 2025 7:08:20 pm)
[2025.09.29-15.08.20:080][697]LogPlayLevel: Creating play world package: /Game/Levels/UEDPIE_0_CheeseFactory_001
[2025.09.29-15.08.20:104][697]LogPlayLevel: PIE: StaticDuplicateObject took: (0.024725s)
[2025.09.29-15.08.20:105][697]LogAIModule: Creating AISystem for world CheeseFactory_001
[2025.09.29-15.08.20:105][697]LogPlayLevel: PIE: World Init took: (0.000623s)
[2025.09.29-15.08.20:105][697]LogPlayLevel: PIE: Created PIE world by copying editor world from /Game/Levels/CheeseFactory_001.CheeseFactory_001 to /Game/Levels/UEDPIE_0_CheeseFactory_001.CheeseFactory_001 (0.025466s)
[2025.09.29-15.08.20:125][697]LogUObjectHash: Compacting FUObjectHashTables data took   1.68ms
[2025.09.29-15.08.20:139][697]LogInit: XAudio2 using 'Högtalare (Yeti Classic)' : 6 channels at 44.1 kHz using 16 bits per sample (channel mask 0x3f)
[2025.09.29-15.08.20:148][697]LogInit: FAudioDevice initialized.
[2025.09.29-15.08.20:152][697]LogLoad: Game class is 'ThirdPersonGameMode_C'
[2025.09.29-15.08.20:161][697]LogWorld: Bringing World /Game/Levels/UEDPIE_0_CheeseFactory_001.CheeseFactory_001 up for play (max tick rate 0) at 2025.09.29-17.08.20
[2025.09.29-15.08.20:161][697]LogWorld: Bringing up level for play took: 0.008396
[2025.09.29-15.08.20:162][697]LogOnline: OSS: Creating online subsystem instance for: :Context_70
[2025.09.29-15.08.20:163][697]PIE: Play in editor start time for /Game/Levels/UEDPIE_0_CheeseFactory_001 0.874
[2025.09.29-15.08.20:164][697]LogBlueprintUserMessages: Late PlayInEditor Detection: Level '/Game/Levels/CheeseFactory_001.CheeseFactory_001:PersistentLevel' has LevelScriptBlueprint '/Game/Levels/CheeseFactory_001.CheeseFactory_001:PersistentLevel.CheeseFactory_001' with GeneratedClass '/Game/Levels/CheeseFactory_001.CheeseFactory_001_C' with ClassGeneratedBy '/Game/Levels/CheeseFactory_001.CheeseFactory_001:PersistentLevel.CheeseFactory_001'
[2025.09.29-15.08.30:138][889]LogBlueprintUserMessages: Early EndPlayMap Detection: Level '/Game/Levels/CheeseFactory_001.CheeseFactory_001:PersistentLevel' has LevelScriptBlueprint '/Game/Levels/CheeseFactory_001.CheeseFactory_001:PersistentLevel.CheeseFactory_001' with GeneratedClass '/Game/Levels/CheeseFactory_001.CheeseFactory_001_C' with ClassGeneratedBy '/Game/Levels/CheeseFactory_001.CheeseFactory_001:PersistentLevel.CheeseFactory_001'
[2025.09.29-15.08.30:138][889]LogSlate: Updating window title bar state: overlay mode, drag disabled, window buttons hidden, title bar hidden
[2025.09.29-15.08.30:138][889]LogWorld: BeginTearingDown for /Game/Levels/UEDPIE_0_CheeseFactory_001
[2025.09.29-15.08.30:139][889]LogWorld: UWorld::CleanupWorld for CheeseFactory_001, bSessionEnded=true, bCleanupResources=true
[2025.09.29-15.08.30:156][889]LogPlayLevel: Display: Shutting down PIE online subsystems
[2025.09.29-15.08.30:156][889]LogBlueprintUserMessages: Late EndPlayMap Detection: Level '/Game/Levels/CheeseFactory_001.CheeseFactory_001:PersistentLevel' has LevelScriptBlueprint '/Game/Levels/CheeseFactory_001.CheeseFactory_001:PersistentLevel.CheeseFactory_001' with GeneratedClass '/Game/Levels/CheeseFactory_001.CheeseFactory_001_C' with ClassGeneratedBy '/Game/Levels/CheeseFactory_001.CheeseFactory_001:PersistentLevel.CheeseFactory_001'
[2025.09.29-15.08.30:179][889]LogSlate: Updating window title bar state: overlay mode, drag disabled, window buttons hidden, title bar hidden
[2025.09.29-15.08.30:186][889]LogUObjectHash: Compacting FUObjectHashTables data took   1.51ms
[2025.09.29-15.08.30:239][894]LogPlayLevel: Display: Destroying online subsystem :Context_70
[2025.09.29-15.08.30:453][919]LogSlate: FSceneViewport::OnFocusLost() reason 5
[2025.09.29-15.08.30:460][919]Cmd: OBJ SAVEPACKAGE PACKAGE="/Game/Levels/CheeseFactory_001" FILE="E:/GameJamHGGUnreal4.23.1/GameJamCrew/Content/Levels/CheeseFactory_001.umap" SILENT=true AUTOSAVING=false KEEPDIRTY=false
[2025.09.29-15.08.30:481][919]LogUObjectHash: Compacting FUObjectHashTables data took   0.78ms
[2025.09.29-15.08.30:761][919]LogSavePackage: Moving 'E:/GameJamHGGUnreal4.23.1/GameJamCrew/Saved/CheeseFactory_0011311478A478D7090A980929D8292207A.tmp' to 'E:/GameJamHGGUnreal4.23.1/GameJamCrew/Content/Levels/CheeseFactory_001.umap'
[2025.09.29-15.08.38:446][832]Cmd: OBJ SAVEPACKAGE PACKAGE="/Game/Mannequin/Cat/CatBluePrint" FILE="E:/GameJamHGGUnreal4.23.1/GameJamCrew/Content/Mannequin/Cat/CatBluePrint.uasset" SILENT=true
[2025.09.29-15.08.38:464][832]LogSavePackage: Moving 'E:/GameJamHGGUnreal4.23.1/GameJamCrew/Saved/CatBluePrintF3C8FECA4CC1FE85A587D5A063ABF2D3.tmp' to 'E:/GameJamHGGUnreal4.23.1/GameJamCrew/Content/Mannequin/Cat/CatBluePrint.uasset'
[2025.09.29-15.08.41:120][149]LogTemp: Repeating last play command: Selected Viewport
[2025.09.29-15.08.41:126][149]LogBlueprintUserMessages: Early PlayInEditor Detection: Level '/Game/Levels/CheeseFactory_001.CheeseFactory_001:PersistentLevel' has LevelScriptBlueprint '/Game/Levels/CheeseFactory_001.CheeseFactory_001:PersistentLevel.CheeseFactory_001' with GeneratedClass '/Game/Levels/CheeseFactory_001.CheeseFactory_001_C' with ClassGeneratedBy '/Game/Levels/CheeseFactory_001.CheeseFactory_001:PersistentLevel.CheeseFactory_001'
[2025.09.29-15.08.41:126][149]BlueprintLog: New page: Pre-Play auto-recompile
[2025.09.29-15.08.41:126][149]LogPlayLevel: [PlayLevel] Compiling CatBluePrint before play...
[2025.09.29-15.08.41:129][149]LogBlueprint: Warning: [Compiler CatBluePrint] Walk to Jump  will never be taken, please connect something to  Can Enter Transition
[2025.09.29-15.08.41:129][149]LogBlueprint: Warning: [Compiler CatBluePrint] Idle to Walk  will never be taken, please connect something to  Can Enter Transition
[2025.09.29-15.08.41:129][149]LogBlueprint: Warning: [Compiler CatBluePrint] Walk to Idle  will never be taken, please connect something to  Can Enter Transition
[2025.09.29-15.08.41:251][149]LogUObjectHash: Compacting FUObjectHashTables data took   2.07ms
[2025.09.29-15.08.41:251][149]LogPlayLevel: PlayLevel: Blueprint regeneration took 124 ms (1 blueprints)
[2025.09.29-15.08.41:251][149]PIE: New page: PIE session: CheeseFactory_001 (29 Sep 2025 7:08:41 pm)
[2025.09.29-15.08.41:251][149]LogPlayLevel: Creating play world package: /Game/Levels/UEDPIE_0_CheeseFactory_001
[2025.09.29-15.08.41:275][149]LogPlayLevel: PIE: StaticDuplicateObject took: (0.024774s)
[2025.09.29-15.08.41:276][149]LogAIModule: Creating AISystem for world CheeseFactory_001
[2025.09.29-15.08.41:276][149]LogPlayLevel: PIE: World Init took: (0.000555s)
[2025.09.29-15.08.41:276][149]LogPlayLevel: PIE: Created PIE world by copying editor world from /Game/Levels/CheeseFactory_001.CheeseFactory_001 to /Game/Levels/UEDPIE_0_CheeseFactory_001.CheeseFactory_001 (0.025451s)
[2025.09.29-15.08.41:298][149]LogUObjectHash: Compacting FUObjectHashTables data took   1.46ms
[2025.09.29-15.08.41:310][149]LogInit: XAudio2 using 'Högtalare (Yeti Classic)' : 6 channels at 44.1 kHz using 16 bits per sample (channel mask 0x3f)
[2025.09.29-15.08.41:320][149]LogInit: FAudioDevice initialized.
[2025.09.29-15.08.41:323][149]LogLoad: Game class is 'ThirdPersonGameMode_C'
[2025.09.29-15.08.41:332][149]LogWorld: Bringing World /Game/Levels/UEDPIE_0_CheeseFactory_001.CheeseFactory_001 up for play (max tick rate 0) at 2025.09.29-17.08.41
[2025.09.29-15.08.41:332][149]LogWorld: Bringing up level for play took: 0.008477
[2025.09.29-15.08.41:332][149]LogOnline: OSS: Creating online subsystem instance for: :Context_71
[2025.09.29-15.08.41:335][149]PIE: Play in editor start time for /Game/Levels/UEDPIE_0_CheeseFactory_001 0.045
[2025.09.29-15.08.41:335][149]LogBlueprintUserMessages: Late PlayInEditor Detection: Level '/Game/Levels/CheeseFactory_001.CheeseFactory_001:PersistentLevel' has LevelScriptBlueprint '/Game/Levels/CheeseFactory_001.CheeseFactory_001:PersistentLevel.CheeseFactory_001' with GeneratedClass '/Game/Levels/CheeseFactory_001.CheeseFactory_001_C' with ClassGeneratedBy '/Game/Levels/CheeseFactory_001.CheeseFactory_001:PersistentLevel.CheeseFactory_001'
[2025.09.29-15.08.44:585][536]LogBlueprintUserMessages: Early EndPlayMap Detection: Level '/Game/Levels/CheeseFactory_001.CheeseFactory_001:PersistentLevel' has LevelScriptBlueprint '/Game/Levels/CheeseFactory_001.CheeseFactory_001:PersistentLevel.CheeseFactory_001' with GeneratedClass '/Game/Levels/CheeseFactory_001.CheeseFactory_001_C' with ClassGeneratedBy '/Game/Levels/CheeseFactory_001.CheeseFactory_001:PersistentLevel.CheeseFactory_001'
[2025.09.29-15.08.44:585][536]LogSlate: Updating window title bar state: overlay mode, drag disabled, window buttons hidden, title bar hidden
[2025.09.29-15.08.44:585][536]LogWorld: BeginTearingDown for /Game/Levels/UEDPIE_0_CheeseFactory_001
[2025.09.29-15.08.44:585][536]LogWorld: UWorld::CleanupWorld for CheeseFactory_001, bSessionEnded=true, bCleanupResources=true
[2025.09.29-15.08.44:600][536]LogPlayLevel: Display: Shutting down PIE online subsystems
[2025.09.29-15.08.44:600][536]LogBlueprintUserMessages: Late EndPlayMap Detection: Level '/Game/Levels/CheeseFactory_001.CheeseFactory_001:PersistentLevel' has LevelScriptBlueprint '/Game/Levels/CheeseFactory_001.CheeseFactory_001:PersistentLevel.CheeseFactory_001' with GeneratedClass '/Game/Levels/CheeseFactory_001.CheeseFactory_001_C' with ClassGeneratedBy '/Game/Levels/CheeseFactory_001.CheeseFactory_001:PersistentLevel.CheeseFactory_001'
[2025.09.29-15.08.44:623][536]LogSlate: Updating window title bar state: overlay mode, drag disabled, window buttons hidden, title bar hidden
[2025.09.29-15.08.44:629][536]LogUObjectHash: Compacting FUObjectHashTables data took   1.41ms
[2025.09.29-15.08.44:688][542]LogPlayLevel: Display: Destroying online subsystem :Context_71
[2025.09.29-15.08.44:910][568]LogSlate: FSceneViewport::OnFocusLost() reason 5
[2025.09.29-15.08.44:917][568]Cmd: OBJ SAVEPACKAGE PACKAGE="/Game/Levels/CheeseFactory_001" FILE="E:/GameJamHGGUnreal4.23.1/GameJamCrew/Content/Levels/CheeseFactory_001.umap" SILENT=true AUTOSAVING=false KEEPDIRTY=false
[2025.09.29-15.08.44:938][568]LogUObjectHash: Compacting FUObjectHashTables data took   0.57ms
[2025.09.29-15.08.45:223][568]LogSavePackage: Moving 'E:/GameJamHGGUnreal4.23.1/GameJamCrew/Saved/CheeseFactory_001238654934E1DBB92B870D487666C6C26.tmp' to 'E:/GameJamHGGUnreal4.23.1/GameJamCrew/Content/Levels/CheeseFactory_001.umap'
[2025.09.29-15.08.45:310][576]LogSlate: FSceneViewport::OnFocusLost() reason 0
[2025.09.29-15.09.20:079][707]Cmd: OBJ SAVEPACKAGE PACKAGE="/Game/Mannequin/Cat/CatBluePrint" FILE="E:/GameJamHGGUnreal4.23.1/GameJamCrew/Content/Mannequin/Cat/CatBluePrint.uasset" SILENT=true
[2025.09.29-15.09.20:097][707]LogSavePackage: Moving 'E:/GameJamHGGUnreal4.23.1/GameJamCrew/Saved/CatBluePrint2A86A3F74C4496432B45068CE524B842.tmp' to 'E:/GameJamHGGUnreal4.23.1/GameJamCrew/Content/Mannequin/Cat/CatBluePrint.uasset'
[2025.09.29-15.09.21:404][862]LogTemp: Repeating last play command: Selected Viewport
[2025.09.29-15.09.21:411][862]LogBlueprintUserMessages: Early PlayInEditor Detection: Level '/Game/Levels/CheeseFactory_001.CheeseFactory_001:PersistentLevel' has LevelScriptBlueprint '/Game/Levels/CheeseFactory_001.CheeseFactory_001:PersistentLevel.CheeseFactory_001' with GeneratedClass '/Game/Levels/CheeseFactory_001.CheeseFactory_001_C' with ClassGeneratedBy '/Game/Levels/CheeseFactory_001.CheeseFactory_001:PersistentLevel.CheeseFactory_001'
[2025.09.29-15.09.21:411][862]BlueprintLog: New page: Pre-Play auto-recompile
[2025.09.29-15.09.21:412][862]LogPlayLevel: [PlayLevel] Compiling CatBluePrint before play...
[2025.09.29-15.09.21:414][862]LogBlueprint: Warning: [Compiler CatBluePrint] Walk to Jump  will never be taken, please connect something to  Can Enter Transition
[2025.09.29-15.09.21:414][862]LogBlueprint: Warning: [Compiler CatBluePrint] Idle to Walk  will never be taken, please connect something to  Can Enter Transition
[2025.09.29-15.09.21:537][862]LogUObjectHash: Compacting FUObjectHashTables data took   2.04ms
[2025.09.29-15.09.21:537][862]LogPlayLevel: PlayLevel: Blueprint regeneration took 126 ms (1 blueprints)
[2025.09.29-15.09.21:537][862]PIE: New page: PIE session: CheeseFactory_001 (29 Sep 2025 7:09:21 pm)
[2025.09.29-15.09.21:537][862]LogPlayLevel: Creating play world package: /Game/Levels/UEDPIE_0_CheeseFactory_001
[2025.09.29-15.09.21:563][862]LogPlayLevel: PIE: StaticDuplicateObject took: (0.024785s)
[2025.09.29-15.09.21:563][862]LogAIModule: Creating AISystem for world CheeseFactory_001
[2025.09.29-15.09.21:563][862]LogPlayLevel: PIE: World Init took: (0.000639s)
[2025.09.29-15.09.21:563][862]LogPlayLevel: PIE: Created PIE world by copying editor world from /Game/Levels/CheeseFactory_001.CheeseFactory_001 to /Game/Levels/UEDPIE_0_CheeseFactory_001.CheeseFactory_001 (0.025569s)
[2025.09.29-15.09.21:583][862]LogUObjectHash: Compacting FUObjectHashTables data took   1.45ms
[2025.09.29-15.09.21:596][862]LogInit: XAudio2 using 'Högtalare (Yeti Classic)' : 6 channels at 44.1 kHz using 16 bits per sample (channel mask 0x3f)
[2025.09.29-15.09.21:606][862]LogInit: FAudioDevice initialized.
[2025.09.29-15.09.21:614][862]LogLoad: Game class is 'ThirdPersonGameMode_C'
[2025.09.29-15.09.21:622][862]LogWorld: Bringing World /Game/Levels/UEDPIE_0_CheeseFactory_001.CheeseFactory_001 up for play (max tick rate 0) at 2025.09.29-17.09.21
[2025.09.29-15.09.21:623][862]LogWorld: Bringing up level for play took: 0.008187
[2025.09.29-15.09.21:623][862]LogOnline: OSS: Creating online subsystem instance for: :Context_72
[2025.09.29-15.09.21:625][862]PIE: Play in editor start time for /Game/Levels/UEDPIE_0_CheeseFactory_001 0.336
[2025.09.29-15.09.21:625][862]LogBlueprintUserMessages: Late PlayInEditor Detection: Level '/Game/Levels/CheeseFactory_001.CheeseFactory_001:PersistentLevel' has LevelScriptBlueprint '/Game/Levels/CheeseFactory_001.CheeseFactory_001:PersistentLevel.CheeseFactory_001' with GeneratedClass '/Game/Levels/CheeseFactory_001.CheeseFactory_001_C' with ClassGeneratedBy '/Game/Levels/CheeseFactory_001.CheeseFactory_001:PersistentLevel.CheeseFactory_001'
[2025.09.29-15.09.24:783][238]LogBlueprintUserMessages: Early EndPlayMap Detection: Level '/Game/Levels/CheeseFactory_001.CheeseFactory_001:PersistentLevel' has LevelScriptBlueprint '/Game/Levels/CheeseFactory_001.CheeseFactory_001:PersistentLevel.CheeseFactory_001' with GeneratedClass '/Game/Levels/CheeseFactory_001.CheeseFactory_001_C' with ClassGeneratedBy '/Game/Levels/CheeseFactory_001.CheeseFactory_001:PersistentLevel.CheeseFactory_001'
[2025.09.29-15.09.24:783][238]LogSlate: Updating window title bar state: overlay mode, drag disabled, window buttons hidden, title bar hidden
[2025.09.29-15.09.24:783][238]LogWorld: BeginTearingDown for /Game/Levels/UEDPIE_0_CheeseFactory_001
[2025.09.29-15.09.24:783][238]LogWorld: UWorld::CleanupWorld for CheeseFactory_001, bSessionEnded=true, bCleanupResources=true
[2025.09.29-15.09.24:794][238]LogPlayLevel: Display: Shutting down PIE online subsystems
[2025.09.29-15.09.24:794][238]LogBlueprintUserMessages: Late EndPlayMap Detection: Level '/Game/Levels/CheeseFactory_001.CheeseFactory_001:PersistentLevel' has LevelScriptBlueprint '/Game/Levels/CheeseFactory_001.CheeseFactory_001:PersistentLevel.CheeseFactory_001' with GeneratedClass '/Game/Levels/CheeseFactory_001.CheeseFactory_001_C' with ClassGeneratedBy '/Game/Levels/CheeseFactory_001.CheeseFactory_001:PersistentLevel.CheeseFactory_001'
[2025.09.29-15.09.24:817][238]LogSlate: Updating window title bar state: overlay mode, drag disabled, window buttons hidden, title bar hidden
[2025.09.29-15.09.24:823][238]LogUObjectHash: Compacting FUObjectHashTables data took   1.41ms
[2025.09.29-15.09.24:882][244]LogPlayLevel: Display: Destroying online subsystem :Context_72
[2025.09.29-15.09.25:180][279]LogSlate: FSceneViewport::OnFocusLost() reason 5
[2025.09.29-15.09.25:187][279]Cmd: OBJ SAVEPACKAGE PACKAGE="/Game/Levels/CheeseFactory_001" FILE="E:/GameJamHGGUnreal4.23.1/GameJamCrew/Content/Levels/CheeseFactory_001.umap" SILENT=true AUTOSAVING=false KEEPDIRTY=false
[2025.09.29-15.09.25:207][279]LogUObjectHash: Compacting FUObjectHashTables data took   0.58ms
[2025.09.29-15.09.25:496][279]LogSavePackage: Moving 'E:/GameJamHGGUnreal4.23.1/GameJamCrew/Saved/CheeseFactory_001BE6D51744CC21F46DB2CF4A8DF08D05E.tmp' to 'E:/GameJamHGGUnreal4.23.1/GameJamCrew/Content/Levels/CheeseFactory_001.umap'
[2025.09.29-15.10.44:641][299]Cmd: OBJ SAVEPACKAGE PACKAGE="/Game/Mannequin/Cat/CatBluePrint" FILE="E:/GameJamHGGUnreal4.23.1/GameJamCrew/Content/Mannequin/Cat/CatBluePrint.uasset" SILENT=true
[2025.09.29-15.10.44:661][299]LogSavePackage: Moving 'E:/GameJamHGGUnreal4.23.1/GameJamCrew/Saved/CatBluePrint5024ED004031D6D38F65369EE9835258.tmp' to 'E:/GameJamHGGUnreal4.23.1/GameJamCrew/Content/Mannequin/Cat/CatBluePrint.uasset'
[2025.09.29-15.10.46:711][544]BlueprintLog: New page: Compile CatBluePrint
[2025.09.29-15.10.46:714][544]LogBlueprint: Warning: [Compiler CatBluePrint] Walk to Jump  will never be taken, please connect something to  Can Enter Transition
[2025.09.29-15.10.46:839][544]LogUObjectHash: Compacting FUObjectHashTables data took   2.22ms
[2025.09.29-15.10.49:294][837]LogTemp: Repeating last play command: Selected Viewport
[2025.09.29-15.10.49:300][837]LogBlueprintUserMessages: Early PlayInEditor Detection: Level '/Game/Levels/CheeseFactory_001.CheeseFactory_001:PersistentLevel' has LevelScriptBlueprint '/Game/Levels/CheeseFactory_001.CheeseFactory_001:PersistentLevel.CheeseFactory_001' with GeneratedClass '/Game/Levels/CheeseFactory_001.CheeseFactory_001_C' with ClassGeneratedBy '/Game/Levels/CheeseFactory_001.CheeseFactory_001:PersistentLevel.CheeseFactory_001'
[2025.09.29-15.10.49:300][837]LogPlayLevel: PlayLevel: No blueprints needed recompiling
[2025.09.29-15.10.49:300][837]PIE: New page: PIE session: CheeseFactory_001 (29 Sep 2025 7:10:49 pm)
[2025.09.29-15.10.49:301][837]LogPlayLevel: Creating play world package: /Game/Levels/UEDPIE_0_CheeseFactory_001
[2025.09.29-15.10.49:327][837]LogPlayLevel: PIE: StaticDuplicateObject took: (0.026263s)
[2025.09.29-15.10.49:328][837]LogAIModule: Creating AISystem for world CheeseFactory_001
[2025.09.29-15.10.49:328][837]LogPlayLevel: PIE: World Init took: (0.000636s)
[2025.09.29-15.10.49:328][837]LogPlayLevel: PIE: Created PIE world by copying editor world from /Game/Levels/CheeseFactory_001.CheeseFactory_001 to /Game/Levels/UEDPIE_0_CheeseFactory_001.CheeseFactory_001 (0.027030s)
[2025.09.29-15.10.49:349][837]LogUObjectHash: Compacting FUObjectHashTables data took   2.04ms
[2025.09.29-15.10.49:363][837]LogInit: XAudio2 using 'Högtalare (Yeti Classic)' : 6 channels at 44.1 kHz using 16 bits per sample (channel mask 0x3f)
[2025.09.29-15.10.49:373][837]LogInit: FAudioDevice initialized.
[2025.09.29-15.10.49:381][837]LogLoad: Game class is 'ThirdPersonGameMode_C'
[2025.09.29-15.10.49:390][837]LogWorld: Bringing World /Game/Levels/UEDPIE_0_CheeseFactory_001.CheeseFactory_001 up for play (max tick rate 0) at 2025.09.29-17.10.49
[2025.09.29-15.10.49:391][837]LogWorld: Bringing up level for play took: 0.009571
[2025.09.29-15.10.49:391][837]LogOnline: OSS: Creating online subsystem instance for: :Context_73
[2025.09.29-15.10.49:393][837]PIE: Play in editor start time for /Game/Levels/UEDPIE_0_CheeseFactory_001 0.104
[2025.09.29-15.10.49:393][837]LogBlueprintUserMessages: Late PlayInEditor Detection: Level '/Game/Levels/CheeseFactory_001.CheeseFactory_001:PersistentLevel' has LevelScriptBlueprint '/Game/Levels/CheeseFactory_001.CheeseFactory_001:PersistentLevel.CheeseFactory_001' with GeneratedClass '/Game/Levels/CheeseFactory_001.CheeseFactory_001_C' with ClassGeneratedBy '/Game/Levels/CheeseFactory_001.CheeseFactory_001:PersistentLevel.CheeseFactory_001'
[2025.09.29-15.10.57:188][770]LogBlueprintUserMessages: Early EndPlayMap Detection: Level '/Game/Levels/CheeseFactory_001.CheeseFactory_001:PersistentLevel' has LevelScriptBlueprint '/Game/Levels/CheeseFactory_001.CheeseFactory_001:PersistentLevel.CheeseFactory_001' with GeneratedClass '/Game/Levels/CheeseFactory_001.CheeseFactory_001_C' with ClassGeneratedBy '/Game/Levels/CheeseFactory_001.CheeseFactory_001:PersistentLevel.CheeseFactory_001'
[2025.09.29-15.10.57:188][770]LogSlate: Updating window title bar state: overlay mode, drag disabled, window buttons hidden, title bar hidden
[2025.09.29-15.10.57:188][770]LogWorld: BeginTearingDown for /Game/Levels/UEDPIE_0_CheeseFactory_001
[2025.09.29-15.10.57:189][770]LogWorld: UWorld::CleanupWorld for CheeseFactory_001, bSessionEnded=true, bCleanupResources=true
[2025.09.29-15.10.57:202][770]LogPlayLevel: Display: Shutting down PIE online subsystems
[2025.09.29-15.10.57:202][770]LogBlueprintUserMessages: Late EndPlayMap Detection: Level '/Game/Levels/CheeseFactory_001.CheeseFactory_001:PersistentLevel' has LevelScriptBlueprint '/Game/Levels/CheeseFactory_001.CheeseFactory_001:PersistentLevel.CheeseFactory_001' with GeneratedClass '/Game/Levels/CheeseFactory_001.CheeseFactory_001_C' with ClassGeneratedBy '/Game/Levels/CheeseFactory_001.CheeseFactory_001:PersistentLevel.CheeseFactory_001'
[2025.09.29-15.10.57:227][770]LogSlate: Updating window title bar state: overlay mode, drag disabled, window buttons hidden, title bar hidden
[2025.09.29-15.10.57:231][770]LogUObjectHash: Compacting FUObjectHashTables data took   1.77ms
[2025.09.29-15.10.57:290][776]LogPlayLevel: Display: Destroying online subsystem :Context_73
[2025.09.29-15.10.57:546][806]LogSlate: FSceneViewport::OnFocusLost() reason 5
[2025.09.29-15.10.57:553][806]Cmd: OBJ SAVEPACKAGE PACKAGE="/Game/Levels/CheeseFactory_001" FILE="E:/GameJamHGGUnreal4.23.1/GameJamCrew/Content/Levels/CheeseFactory_001.umap" SILENT=true AUTOSAVING=false KEEPDIRTY=false
[2025.09.29-15.10.57:571][806]LogUObjectHash: Compacting FUObjectHashTables data took   0.63ms
[2025.09.29-15.10.57:853][806]LogSavePackage: Moving 'E:/GameJamHGGUnreal4.23.1/GameJamCrew/Saved/CheeseFactory_001471F6E6B4F15D1A3EAAB8BAC169C5F4E.tmp' to 'E:/GameJamHGGUnreal4.23.1/GameJamCrew/Content/Levels/CheeseFactory_001.umap'
[2025.09.29-15.10.59:871][ 46]LogTemp: Repeating last play command: Selected Viewport
[2025.09.29-15.10.59:877][ 46]LogBlueprintUserMessages: Early PlayInEditor Detection: Level '/Game/Levels/CheeseFactory_001.CheeseFactory_001:PersistentLevel' has LevelScriptBlueprint '/Game/Levels/CheeseFactory_001.CheeseFactory_001:PersistentLevel.CheeseFactory_001' with GeneratedClass '/Game/Levels/CheeseFactory_001.CheeseFactory_001_C' with ClassGeneratedBy '/Game/Levels/CheeseFactory_001.CheeseFactory_001:PersistentLevel.CheeseFactory_001'
[2025.09.29-15.10.59:877][ 46]LogPlayLevel: PlayLevel: No blueprints needed recompiling
[2025.09.29-15.10.59:877][ 46]PIE: New page: PIE session: CheeseFactory_001 (29 Sep 2025 7:10:59 pm)
[2025.09.29-15.10.59:878][ 46]LogPlayLevel: Creating play world package: /Game/Levels/UEDPIE_0_CheeseFactory_001
[2025.09.29-15.10.59:903][ 46]LogPlayLevel: PIE: StaticDuplicateObject took: (0.025218s)
[2025.09.29-15.10.59:903][ 46]LogAIModule: Creating AISystem for world CheeseFactory_001
[2025.09.29-15.10.59:903][ 46]LogPlayLevel: PIE: World Init took: (0.000527s)
[2025.09.29-15.10.59:903][ 46]LogPlayLevel: PIE: Created PIE world by copying editor world from /Game/Levels/CheeseFactory_001.CheeseFactory_001 to /Game/Levels/UEDPIE_0_CheeseFactory_001.CheeseFactory_001 (0.025871s)
[2025.09.29-15.10.59:925][ 46]LogUObjectHash: Compacting FUObjectHashTables data took   1.88ms
[2025.09.29-15.10.59:937][ 46]LogInit: XAudio2 using 'Högtalare (Yeti Classic)' : 6 channels at 44.1 kHz using 16 bits per sample (channel mask 0x3f)
[2025.09.29-15.10.59:946][ 46]LogInit: FAudioDevice initialized.
[2025.09.29-15.10.59:950][ 46]LogLoad: Game class is 'ThirdPersonGameMode_C'
[2025.09.29-15.10.59:959][ 46]LogWorld: Bringing World /Game/Levels/UEDPIE_0_CheeseFactory_001.CheeseFactory_001 up for play (max tick rate 0) at 2025.09.29-17.10.59
[2025.09.29-15.10.59:960][ 46]LogWorld: Bringing up level for play took: 0.008542
[2025.09.29-15.10.59:960][ 46]LogOnline: OSS: Creating online subsystem instance for: :Context_74
[2025.09.29-15.10.59:962][ 46]PIE: Play in editor start time for /Game/Levels/UEDPIE_0_CheeseFactory_001 0.672
[2025.09.29-15.10.59:962][ 46]LogBlueprintUserMessages: Late PlayInEditor Detection: Level '/Game/Levels/CheeseFactory_001.CheeseFactory_001:PersistentLevel' has LevelScriptBlueprint '/Game/Levels/CheeseFactory_001.CheeseFactory_001:PersistentLevel.CheeseFactory_001' with GeneratedClass '/Game/Levels/CheeseFactory_001.CheeseFactory_001_C' with ClassGeneratedBy '/Game/Levels/CheeseFactory_001.CheeseFactory_001:PersistentLevel.CheeseFactory_001'
[2025.09.29-15.11.03:571][477]LogBlueprintUserMessages: Early EndPlayMap Detection: Level '/Game/Levels/CheeseFactory_001.CheeseFactory_001:PersistentLevel' has LevelScriptBlueprint '/Game/Levels/CheeseFactory_001.CheeseFactory_001:PersistentLevel.CheeseFactory_001' with GeneratedClass '/Game/Levels/CheeseFactory_001.CheeseFactory_001_C' with ClassGeneratedBy '/Game/Levels/CheeseFactory_001.CheeseFactory_001:PersistentLevel.CheeseFactory_001'
[2025.09.29-15.11.03:571][477]LogSlate: Updating window title bar state: overlay mode, drag disabled, window buttons hidden, title bar hidden
[2025.09.29-15.11.03:571][477]LogWorld: BeginTearingDown for /Game/Levels/UEDPIE_0_CheeseFactory_001
[2025.09.29-15.11.03:572][477]LogWorld: UWorld::CleanupWorld for CheeseFactory_001, bSessionEnded=true, bCleanupResources=true
[2025.09.29-15.11.03:587][477]LogPlayLevel: Display: Shutting down PIE online subsystems
[2025.09.29-15.11.03:587][477]LogBlueprintUserMessages: Late EndPlayMap Detection: Level '/Game/Levels/CheeseFactory_001.CheeseFactory_001:PersistentLevel' has LevelScriptBlueprint '/Game/Levels/CheeseFactory_001.CheeseFactory_001:PersistentLevel.CheeseFactory_001' with GeneratedClass '/Game/Levels/CheeseFactory_001.CheeseFactory_001_C' with ClassGeneratedBy '/Game/Levels/CheeseFactory_001.CheeseFactory_001:PersistentLevel.CheeseFactory_001'
[2025.09.29-15.11.03:611][477]LogSlate: Updating window title bar state: overlay mode, drag disabled, window buttons hidden, title bar hidden
[2025.09.29-15.11.03:616][477]LogUObjectHash: Compacting FUObjectHashTables data took   1.50ms
[2025.09.29-15.11.03:672][483]LogPlayLevel: Display: Destroying online subsystem :Context_74
[2025.09.29-15.11.03:903][510]LogSlate: FSceneViewport::OnFocusLost() reason 5
[2025.09.29-15.11.03:910][510]Cmd: OBJ SAVEPACKAGE PACKAGE="/Game/Levels/CheeseFactory_001" FILE="E:/GameJamHGGUnreal4.23.1/GameJamCrew/Content/Levels/CheeseFactory_001.umap" SILENT=true AUTOSAVING=false KEEPDIRTY=false
[2025.09.29-15.11.03:930][510]LogUObjectHash: Compacting FUObjectHashTables data took   0.58ms
[2025.09.29-15.11.04:207][510]LogSavePackage: Moving 'E:/GameJamHGGUnreal4.23.1/GameJamCrew/Saved/CheeseFactory_0010E7B55EB4CCA3CDD9A880091495D4E30.tmp' to 'E:/GameJamHGGUnreal4.23.1/GameJamCrew/Content/Levels/CheeseFactory_001.umap'
[2025.09.29-15.11.25:791][ 77]Cmd: OBJ SAVEPACKAGE PACKAGE="/Game/Mannequin/Cat/CatBluePrint" FILE="E:/GameJamHGGUnreal4.23.1/GameJamCrew/Content/Mannequin/Cat/CatBluePrint.uasset" SILENT=true
[2025.09.29-15.11.25:812][ 77]LogSavePackage: Moving 'E:/GameJamHGGUnreal4.23.1/GameJamCrew/Saved/CatBluePrintFE1313624046CD76D714759B4935DF50.tmp' to 'E:/GameJamHGGUnreal4.23.1/GameJamCrew/Content/Mannequin/Cat/CatBluePrint.uasset'
[2025.09.29-15.11.27:282][252]LogTemp: Repeating last play command: Selected Viewport
[2025.09.29-15.11.27:289][252]LogBlueprintUserMessages: Early PlayInEditor Detection: Level '/Game/Levels/CheeseFactory_001.CheeseFactory_001:PersistentLevel' has LevelScriptBlueprint '/Game/Levels/CheeseFactory_001.CheeseFactory_001:PersistentLevel.CheeseFactory_001' with GeneratedClass '/Game/Levels/CheeseFactory_001.CheeseFactory_001_C' with ClassGeneratedBy '/Game/Levels/CheeseFactory_001.CheeseFactory_001:PersistentLevel.CheeseFactory_001'
[2025.09.29-15.11.27:289][252]BlueprintLog: New page: Pre-Play auto-recompile
[2025.09.29-15.11.27:290][252]LogPlayLevel: [PlayLevel] Compiling CatBluePrint before play...
[2025.09.29-15.11.27:292][252]LogBlueprint: Warning: [Compiler CatBluePrint] Walk to Jump  will never be taken, please connect something to  Can Enter Transition
[2025.09.29-15.11.27:417][252]LogUObjectHash: Compacting FUObjectHashTables data took   2.04ms
[2025.09.29-15.11.27:417][252]LogPlayLevel: PlayLevel: Blueprint regeneration took 127 ms (1 blueprints)
[2025.09.29-15.11.27:417][252]PIE: New page: PIE session: CheeseFactory_001 (29 Sep 2025 7:11:27 pm)
[2025.09.29-15.11.27:417][252]LogPlayLevel: Creating play world package: /Game/Levels/UEDPIE_0_CheeseFactory_001
[2025.09.29-15.11.27:443][252]LogPlayLevel: PIE: StaticDuplicateObject took: (0.025616s)
[2025.09.29-15.11.27:443][252]LogAIModule: Creating AISystem for world CheeseFactory_001
[2025.09.29-15.11.27:443][252]LogPlayLevel: PIE: World Init took: (0.000667s)
[2025.09.29-15.11.27:443][252]LogPlayLevel: PIE: Created PIE world by copying editor world from /Game/Levels/CheeseFactory_001.CheeseFactory_001 to /Game/Levels/UEDPIE_0_CheeseFactory_001.CheeseFactory_001 (0.026401s)
[2025.09.29-15.11.27:464][252]LogUObjectHash: Compacting FUObjectHashTables data took   1.60ms
[2025.09.29-15.11.27:477][252]LogInit: XAudio2 using 'Högtalare (Yeti Classic)' : 6 channels at 44.1 kHz using 16 bits per sample (channel mask 0x3f)
[2025.09.29-15.11.27:487][252]LogInit: FAudioDevice initialized.
[2025.09.29-15.11.27:493][252]LogLoad: Game class is 'ThirdPersonGameMode_C'
[2025.09.29-15.11.27:500][252]LogWorld: Bringing World /Game/Levels/UEDPIE_0_CheeseFactory_001.CheeseFactory_001 up for play (max tick rate 0) at 2025.09.29-17.11.27
[2025.09.29-15.11.27:501][252]LogWorld: Bringing up level for play took: 0.008099
[2025.09.29-15.11.27:501][252]LogOnline: OSS: Creating online subsystem instance for: :Context_75
[2025.09.29-15.11.27:503][252]PIE: Play in editor start time for /Game/Levels/UEDPIE_0_CheeseFactory_001 0.214
[2025.09.29-15.11.27:503][252]LogBlueprintUserMessages: Late PlayInEditor Detection: Level '/Game/Levels/CheeseFactory_001.CheeseFactory_001:PersistentLevel' has LevelScriptBlueprint '/Game/Levels/CheeseFactory_001.CheeseFactory_001:PersistentLevel.CheeseFactory_001' with GeneratedClass '/Game/Levels/CheeseFactory_001.CheeseFactory_001_C' with ClassGeneratedBy '/Game/Levels/CheeseFactory_001.CheeseFactory_001:PersistentLevel.CheeseFactory_001'
[2025.09.29-15.11.29:608][502]LogBlueprintUserMessages: Early EndPlayMap Detection: Level '/Game/Levels/CheeseFactory_001.CheeseFactory_001:PersistentLevel' has LevelScriptBlueprint '/Game/Levels/CheeseFactory_001.CheeseFactory_001:PersistentLevel.CheeseFactory_001' with GeneratedClass '/Game/Levels/CheeseFactory_001.CheeseFactory_001_C' with ClassGeneratedBy '/Game/Levels/CheeseFactory_001.CheeseFactory_001:PersistentLevel.CheeseFactory_001'
[2025.09.29-15.11.29:609][502]LogSlate: Updating window title bar state: overlay mode, drag disabled, window buttons hidden, title bar hidden
[2025.09.29-15.11.29:609][502]LogWorld: BeginTearingDown for /Game/Levels/UEDPIE_0_CheeseFactory_001
[2025.09.29-15.11.29:609][502]LogWorld: UWorld::CleanupWorld for CheeseFactory_001, bSessionEnded=true, bCleanupResources=true
[2025.09.29-15.11.29:623][502]LogPlayLevel: Display: Shutting down PIE online subsystems
[2025.09.29-15.11.29:623][502]LogBlueprintUserMessages: Late EndPlayMap Detection: Level '/Game/Levels/CheeseFactory_001.CheeseFactory_001:PersistentLevel' has LevelScriptBlueprint '/Game/Levels/CheeseFactory_001.CheeseFactory_001:PersistentLevel.CheeseFactory_001' with GeneratedClass '/Game/Levels/CheeseFactory_001.CheeseFactory_001_C' with ClassGeneratedBy '/Game/Levels/CheeseFactory_001.CheeseFactory_001:PersistentLevel.CheeseFactory_001'
[2025.09.29-15.11.29:647][502]LogSlate: Updating window title bar state: overlay mode, drag disabled, window buttons hidden, title bar hidden
[2025.09.29-15.11.29:653][502]LogUObjectHash: Compacting FUObjectHashTables data took   1.43ms
[2025.09.29-15.11.29:712][508]LogPlayLevel: Display: Destroying online subsystem :Context_75
[2025.09.29-15.11.30:196][566]LogSlate: FSceneViewport::OnFocusLost() reason 0
[2025.09.29-15.11.46:478][506]Cmd: OBJ SAVEPACKAGE PACKAGE="/Game/Mannequin/Cat/CatBluePrint" FILE="E:/GameJamHGGUnreal4.23.1/GameJamCrew/Content/Mannequin/Cat/CatBluePrint.uasset" SILENT=true
[2025.09.29-15.11.46:498][506]LogSavePackage: Moving 'E:/GameJamHGGUnreal4.23.1/GameJamCrew/Saved/CatBluePrintF6E47BFC41B559EFF39308BCB2854FBD.tmp' to 'E:/GameJamHGGUnreal4.23.1/GameJamCrew/Content/Mannequin/Cat/CatBluePrint.uasset'
[2025.09.29-15.11.47:097][575]Cmd: OBJ SAVEPACKAGE PACKAGE="/Game/Mannequin/Cat/CatBluePrint" FILE="E:/GameJamHGGUnreal4.23.1/GameJamCrew/Content/Mannequin/Cat/CatBluePrint.uasset" SILENT=true
[2025.09.29-15.11.47:112][575]LogSavePackage: Moving 'E:/GameJamHGGUnreal4.23.1/GameJamCrew/Saved/CatBluePrintD1EF222041E020ACA90DEEB4B2A1FCC4.tmp' to 'E:/GameJamHGGUnreal4.23.1/GameJamCrew/Content/Mannequin/Cat/CatBluePrint.uasset'
[2025.09.29-15.11.48:034][683]LogTemp: Repeating last play command: Selected Viewport
[2025.09.29-15.11.48:041][683]LogBlueprintUserMessages: Early PlayInEditor Detection: Level '/Game/Levels/CheeseFactory_001.CheeseFactory_001:PersistentLevel' has LevelScriptBlueprint '/Game/Levels/CheeseFactory_001.CheeseFactory_001:PersistentLevel.CheeseFactory_001' with GeneratedClass '/Game/Levels/CheeseFactory_001.CheeseFactory_001_C' with ClassGeneratedBy '/Game/Levels/CheeseFactory_001.CheeseFactory_001:PersistentLevel.CheeseFactory_001'
[2025.09.29-15.11.48:041][683]BlueprintLog: New page: Pre-Play auto-recompile
[2025.09.29-15.11.48:042][683]LogPlayLevel: [PlayLevel] Compiling CatBluePrint before play...
[2025.09.29-15.11.48:044][683]LogBlueprint: Warning: [Compiler CatBluePrint] Walk to Jump  will never be taken, please connect something to  Can Enter Transition
[2025.09.29-15.11.48:167][683]LogUObjectHash: Compacting FUObjectHashTables data took   2.11ms
[2025.09.29-15.11.48:167][683]LogPlayLevel: PlayLevel: Blueprint regeneration took 125 ms (1 blueprints)
[2025.09.29-15.11.48:167][683]PIE: New page: PIE session: CheeseFactory_001 (29 Sep 2025 7:11:48 pm)
[2025.09.29-15.11.48:167][683]LogPlayLevel: Creating play world package: /Game/Levels/UEDPIE_0_CheeseFactory_001
[2025.09.29-15.11.48:193][683]LogPlayLevel: PIE: StaticDuplicateObject took: (0.025349s)
[2025.09.29-15.11.48:193][683]LogAIModule: Creating AISystem for world CheeseFactory_001
[2025.09.29-15.11.48:193][683]LogPlayLevel: PIE: World Init took: (0.000610s)
[2025.09.29-15.11.48:193][683]LogPlayLevel: PIE: Created PIE world by copying editor world from /Game/Levels/CheeseFactory_001.CheeseFactory_001 to /Game/Levels/UEDPIE_0_CheeseFactory_001.CheeseFactory_001 (0.026081s)
[2025.09.29-15.11.48:214][683]LogUObjectHash: Compacting FUObjectHashTables data took   1.47ms
[2025.09.29-15.11.48:227][683]LogInit: XAudio2 using 'Högtalare (Yeti Classic)' : 6 channels at 44.1 kHz using 16 bits per sample (channel mask 0x3f)
[2025.09.29-15.11.48:236][683]LogInit: FAudioDevice initialized.
[2025.09.29-15.11.48:241][683]LogLoad: Game class is 'ThirdPersonGameMode_C'
[2025.09.29-15.11.48:249][683]LogWorld: Bringing World /Game/Levels/UEDPIE_0_CheeseFactory_001.CheeseFactory_001 up for play (max tick rate 0) at 2025.09.29-17.11.48
[2025.09.29-15.11.48:249][683]LogWorld: Bringing up level for play took: 0.007745
[2025.09.29-15.11.48:249][683]LogOnline: OSS: Creating online subsystem instance for: :Context_76
[2025.09.29-15.11.48:251][683]PIE: Play in editor start time for /Game/Levels/UEDPIE_0_CheeseFactory_001 0.962
[2025.09.29-15.11.48:251][683]LogBlueprintUserMessages: Late PlayInEditor Detection: Level '/Game/Levels/CheeseFactory_001.CheeseFactory_001:PersistentLevel' has LevelScriptBlueprint '/Game/Levels/CheeseFactory_001.CheeseFactory_001:PersistentLevel.CheeseFactory_001' with GeneratedClass '/Game/Levels/CheeseFactory_001.CheeseFactory_001_C' with ClassGeneratedBy '/Game/Levels/CheeseFactory_001.CheeseFactory_001:PersistentLevel.CheeseFactory_001'
[2025.09.29-15.11.52:518][192]LogBlueprintUserMessages: Early EndPlayMap Detection: Level '/Game/Levels/CheeseFactory_001.CheeseFactory_001:PersistentLevel' has LevelScriptBlueprint '/Game/Levels/CheeseFactory_001.CheeseFactory_001:PersistentLevel.CheeseFactory_001' with GeneratedClass '/Game/Levels/CheeseFactory_001.CheeseFactory_001_C' with ClassGeneratedBy '/Game/Levels/CheeseFactory_001.CheeseFactory_001:PersistentLevel.CheeseFactory_001'
[2025.09.29-15.11.52:518][192]LogSlate: Updating window title bar state: overlay mode, drag disabled, window buttons hidden, title bar hidden
[2025.09.29-15.11.52:518][192]LogWorld: BeginTearingDown for /Game/Levels/UEDPIE_0_CheeseFactory_001
[2025.09.29-15.11.52:518][192]LogWorld: UWorld::CleanupWorld for CheeseFactory_001, bSessionEnded=true, bCleanupResources=true
[2025.09.29-15.11.52:530][192]LogPlayLevel: Display: Shutting down PIE online subsystems
[2025.09.29-15.11.52:530][192]LogBlueprintUserMessages: Late EndPlayMap Detection: Level '/Game/Levels/CheeseFactory_001.CheeseFactory_001:PersistentLevel' has LevelScriptBlueprint '/Game/Levels/CheeseFactory_001.CheeseFactory_001:PersistentLevel.CheeseFactory_001' with GeneratedClass '/Game/Levels/CheeseFactory_001.CheeseFactory_001_C' with ClassGeneratedBy '/Game/Levels/CheeseFactory_001.CheeseFactory_001:PersistentLevel.CheeseFactory_001'
[2025.09.29-15.11.52:554][192]LogSlate: Updating window title bar state: overlay mode, drag disabled, window buttons hidden, title bar hidden
[2025.09.29-15.11.52:560][192]LogUObjectHash: Compacting FUObjectHashTables data took   1.62ms
[2025.09.29-15.11.52:619][198]LogPlayLevel: Display: Destroying online subsystem :Context_76
[2025.09.29-15.11.52:817][221]LogSlate: FSceneViewport::OnFocusLost() reason 5
[2025.09.29-15.11.52:823][221]Cmd: OBJ SAVEPACKAGE PACKAGE="/Game/Levels/CheeseFactory_001" FILE="E:/GameJamHGGUnreal4.23.1/GameJamCrew/Content/Levels/CheeseFactory_001.umap" SILENT=true AUTOSAVING=false KEEPDIRTY=false
[2025.09.29-15.11.52:845][221]LogUObjectHash: Compacting FUObjectHashTables data took   0.58ms
[2025.09.29-15.11.53:127][221]LogSavePackage: Moving 'E:/GameJamHGGUnreal4.23.1/GameJamCrew/Saved/CheeseFactory_00183DC89B943CF3297F17D1288B54F3089.tmp' to 'E:/GameJamHGGUnreal4.23.1/GameJamCrew/Content/Levels/CheeseFactory_001.umap'
[2025.09.29-15.12.00:674][121]Cmd: OBJ SAVEPACKAGE PACKAGE="/Game/Mannequin/Cat/CatBluePrint" FILE="E:/GameJamHGGUnreal4.23.1/GameJamCrew/Content/Mannequin/Cat/CatBluePrint.uasset" SILENT=true
[2025.09.29-15.12.00:694][121]LogSavePackage: Moving 'E:/GameJamHGGUnreal4.23.1/GameJamCrew/Saved/CatBluePrint24B8E5F1457D08EFC3F763919A9F3701.tmp' to 'E:/GameJamHGGUnreal4.23.1/GameJamCrew/Content/Mannequin/Cat/CatBluePrint.uasset'
[2025.09.29-15.12.01:712][242]LogSlate: FSceneViewport::OnFocusLost() reason 0
[2025.09.29-15.12.01:812][254]BlueprintLog: New page: Compile CatBluePrint
[2025.09.29-15.12.01:814][254]LogBlueprint: Warning: [Compiler CatBluePrint] Walk to Jump  will never be taken, please connect something to  Can Enter Transition
[2025.09.29-15.12.01:933][254]LogUObjectHash: Compacting FUObjectHashTables data took   2.10ms
[2025.09.29-15.12.12:008][452]Cmd: OBJ SAVEPACKAGE PACKAGE="/Game/Mannequin/Cat/CatBluePrint" FILE="E:/GameJamHGGUnreal4.23.1/GameJamCrew/Content/Mannequin/Cat/CatBluePrint.uasset" SILENT=true
[2025.09.29-15.12.12:028][452]LogSavePackage: Moving 'E:/GameJamHGGUnreal4.23.1/GameJamCrew/Saved/CatBluePrintF5DED61D4E3D3A5AE6F2C58726BD070A.tmp' to 'E:/GameJamHGGUnreal4.23.1/GameJamCrew/Content/Mannequin/Cat/CatBluePrint.uasset'
[2025.09.29-15.12.12:828][546]LogTemp: Repeating last play command: Selected Viewport
[2025.09.29-15.12.12:834][546]LogBlueprintUserMessages: Early PlayInEditor Detection: Level '/Game/Levels/CheeseFactory_001.CheeseFactory_001:PersistentLevel' has LevelScriptBlueprint '/Game/Levels/CheeseFactory_001.CheeseFactory_001:PersistentLevel.CheeseFactory_001' with GeneratedClass '/Game/Levels/CheeseFactory_001.CheeseFactory_001_C' with ClassGeneratedBy '/Game/Levels/CheeseFactory_001.CheeseFactory_001:PersistentLevel.CheeseFactory_001'
[2025.09.29-15.12.12:834][546]LogPlayLevel: PlayLevel: No blueprints needed recompiling
[2025.09.29-15.12.12:834][546]PIE: New page: PIE session: CheeseFactory_001 (29 Sep 2025 7:12:12 pm)
[2025.09.29-15.12.12:834][546]LogPlayLevel: Creating play world package: /Game/Levels/UEDPIE_0_CheeseFactory_001
[2025.09.29-15.12.12:860][546]LogPlayLevel: PIE: StaticDuplicateObject took: (0.025635s)
[2025.09.29-15.12.12:861][546]LogAIModule: Creating AISystem for world CheeseFactory_001
[2025.09.29-15.12.12:861][546]LogPlayLevel: PIE: World Init took: (0.000608s)
[2025.09.29-15.12.12:861][546]LogPlayLevel: PIE: Created PIE world by copying editor world from /Game/Levels/CheeseFactory_001.CheeseFactory_001 to /Game/Levels/UEDPIE_0_CheeseFactory_001.CheeseFactory_001 (0.026371s)
[2025.09.29-15.12.12:882][546]LogUObjectHash: Compacting FUObjectHashTables data took   2.10ms
[2025.09.29-15.12.12:895][546]LogInit: XAudio2 using 'Högtalare (Yeti Classic)' : 6 channels at 44.1 kHz using 16 bits per sample (channel mask 0x3f)
[2025.09.29-15.12.12:903][546]LogInit: FAudioDevice initialized.
[2025.09.29-15.12.12:911][546]LogLoad: Game class is 'ThirdPersonGameMode_C'
[2025.09.29-15.12.12:920][546]LogWorld: Bringing World /Game/Levels/UEDPIE_0_CheeseFactory_001.CheeseFactory_001 up for play (max tick rate 0) at 2025.09.29-17.12.12
[2025.09.29-15.12.12:921][546]LogWorld: Bringing up level for play took: 0.009024
[2025.09.29-15.12.12:921][546]LogOnline: OSS: Creating online subsystem instance for: :Context_77
[2025.09.29-15.12.12:923][546]PIE: Play in editor start time for /Game/Levels/UEDPIE_0_CheeseFactory_001 -0.367
[2025.09.29-15.12.12:923][546]LogBlueprintUserMessages: Late PlayInEditor Detection: Level '/Game/Levels/CheeseFactory_001.CheeseFactory_001:PersistentLevel' has LevelScriptBlueprint '/Game/Levels/CheeseFactory_001.CheeseFactory_001:PersistentLevel.CheeseFactory_001' with GeneratedClass '/Game/Levels/CheeseFactory_001.CheeseFactory_001_C' with ClassGeneratedBy '/Game/Levels/CheeseFactory_001.CheeseFactory_001:PersistentLevel.CheeseFactory_001'
[2025.09.29-15.12.17:506][ 94]LogBlueprintUserMessages: Early EndPlayMap Detection: Level '/Game/Levels/CheeseFactory_001.CheeseFactory_001:PersistentLevel' has LevelScriptBlueprint '/Game/Levels/CheeseFactory_001.CheeseFactory_001:PersistentLevel.CheeseFactory_001' with GeneratedClass '/Game/Levels/CheeseFactory_001.CheeseFactory_001_C' with ClassGeneratedBy '/Game/Levels/CheeseFactory_001.CheeseFactory_001:PersistentLevel.CheeseFactory_001'
[2025.09.29-15.12.17:507][ 94]LogSlate: Updating window title bar state: overlay mode, drag disabled, window buttons hidden, title bar hidden
[2025.09.29-15.12.17:507][ 94]LogWorld: BeginTearingDown for /Game/Levels/UEDPIE_0_CheeseFactory_001
[2025.09.29-15.12.17:507][ 94]LogWorld: UWorld::CleanupWorld for CheeseFactory_001, bSessionEnded=true, bCleanupResources=true
[2025.09.29-15.12.17:520][ 94]LogPlayLevel: Display: Shutting down PIE online subsystems
[2025.09.29-15.12.17:520][ 94]LogBlueprintUserMessages: Late EndPlayMap Detection: Level '/Game/Levels/CheeseFactory_001.CheeseFactory_001:PersistentLevel' has LevelScriptBlueprint '/Game/Levels/CheeseFactory_001.CheeseFactory_001:PersistentLevel.CheeseFactory_001' with GeneratedClass '/Game/Levels/CheeseFactory_001.CheeseFactory_001_C' with ClassGeneratedBy '/Game/Levels/CheeseFactory_001.CheeseFactory_001:PersistentLevel.CheeseFactory_001'
[2025.09.29-15.12.17:546][ 94]LogSlate: Updating window title bar state: overlay mode, drag disabled, window buttons hidden, title bar hidden
[2025.09.29-15.12.17:549][ 94]LogUObjectHash: Compacting FUObjectHashTables data took   1.53ms
[2025.09.29-15.12.17:607][100]LogPlayLevel: Display: Destroying online subsystem :Context_77
[2025.09.29-15.12.17:832][126]LogSlate: FSceneViewport::OnFocusLost() reason 5
[2025.09.29-15.12.17:837][126]Cmd: OBJ SAVEPACKAGE PACKAGE="/Game/Levels/CheeseFactory_001" FILE="E:/GameJamHGGUnreal4.23.1/GameJamCrew/Content/Levels/CheeseFactory_001.umap" SILENT=true AUTOSAVING=false KEEPDIRTY=false
[2025.09.29-15.12.17:858][126]LogUObjectHash: Compacting FUObjectHashTables data took   0.58ms
[2025.09.29-15.12.18:138][126]LogSavePackage: Moving 'E:/GameJamHGGUnreal4.23.1/GameJamCrew/Saved/CheeseFactory_001633FAA6245A285ACB386B4A35E5763BF.tmp' to 'E:/GameJamHGGUnreal4.23.1/GameJamCrew/Content/Levels/CheeseFactory_001.umap'
[2025.09.29-15.12.18:194][130]LogSlate: FSceneViewport::OnFocusLost() reason 0
[2025.09.29-15.12.22:590][655]Cmd: OBJ SAVEPACKAGE PACKAGE="/Game/Mannequin/Cat/CatBluePrint" FILE="E:/GameJamHGGUnreal4.23.1/GameJamCrew/Content/Mannequin/Cat/CatBluePrint.uasset" SILENT=true
[2025.09.29-15.12.22:611][655]LogSavePackage: Moving 'E:/GameJamHGGUnreal4.23.1/GameJamCrew/Saved/CatBluePrintD3E07D884B886618D806AD97C0037420.tmp' to 'E:/GameJamHGGUnreal4.23.1/GameJamCrew/Content/Mannequin/Cat/CatBluePrint.uasset'
[2025.09.29-15.12.23:290][734]Cmd: OBJ SAVEPACKAGE PACKAGE="/Game/Mannequin/Cat/CatBluePrint" FILE="E:/GameJamHGGUnreal4.23.1/GameJamCrew/Content/Mannequin/Cat/CatBluePrint.uasset" SILENT=true
[2025.09.29-15.12.23:307][734]LogSavePackage: Moving 'E:/GameJamHGGUnreal4.23.1/GameJamCrew/Saved/CatBluePrint1BBE8E904D519C83036EFDA12FC812A1.tmp' to 'E:/GameJamHGGUnreal4.23.1/GameJamCrew/Content/Mannequin/Cat/CatBluePrint.uasset'
[2025.09.29-15.12.24:516][878]BlueprintLog: New page: Compile CatBluePrint
[2025.09.29-15.12.24:519][878]LogBlueprint: Warning: [Compiler CatBluePrint] Walk to Jump  will never be taken, please connect something to  Can Enter Transition
[2025.09.29-15.12.24:639][878]LogUObjectHash: Compacting FUObjectHashTables data took   2.14ms
[2025.09.29-15.12.25:523][982]LogTemp: Repeating last play command: Selected Viewport
[2025.09.29-15.12.25:529][982]LogBlueprintUserMessages: Early PlayInEditor Detection: Level '/Game/Levels/CheeseFactory_001.CheeseFactory_001:PersistentLevel' has LevelScriptBlueprint '/Game/Levels/CheeseFactory_001.CheeseFactory_001:PersistentLevel.CheeseFactory_001' with GeneratedClass '/Game/Levels/CheeseFactory_001.CheeseFactory_001_C' with ClassGeneratedBy '/Game/Levels/CheeseFactory_001.CheeseFactory_001:PersistentLevel.CheeseFactory_001'
[2025.09.29-15.12.25:529][982]LogPlayLevel: PlayLevel: No blueprints needed recompiling
[2025.09.29-15.12.25:529][982]PIE: New page: PIE session: CheeseFactory_001 (29 Sep 2025 7:12:25 pm)
[2025.09.29-15.12.25:529][982]LogPlayLevel: Creating play world package: /Game/Levels/UEDPIE_0_CheeseFactory_001
[2025.09.29-15.12.25:555][982]LogPlayLevel: PIE: StaticDuplicateObject took: (0.025894s)
[2025.09.29-15.12.25:556][982]LogAIModule: Creating AISystem for world CheeseFactory_001
[2025.09.29-15.12.25:556][982]LogPlayLevel: PIE: World Init took: (0.000592s)
[2025.09.29-15.12.25:556][982]LogPlayLevel: PIE: Created PIE world by copying editor world from /Game/Levels/CheeseFactory_001.CheeseFactory_001 to /Game/Levels/UEDPIE_0_CheeseFactory_001.CheeseFactory_001 (0.026620s)
[2025.09.29-15.12.25:578][982]LogUObjectHash: Compacting FUObjectHashTables data took   2.13ms
[2025.09.29-15.12.25:591][982]LogInit: XAudio2 using 'Högtalare (Yeti Classic)' : 6 channels at 44.1 kHz using 16 bits per sample (channel mask 0x3f)
[2025.09.29-15.12.25:600][982]LogInit: FAudioDevice initialized.
[2025.09.29-15.12.25:605][982]LogLoad: Game class is 'ThirdPersonGameMode_C'
[2025.09.29-15.12.25:613][982]LogWorld: Bringing World /Game/Levels/UEDPIE_0_CheeseFactory_001.CheeseFactory_001 up for play (max tick rate 0) at 2025.09.29-17.12.25
[2025.09.29-15.12.25:614][982]LogWorld: Bringing up level for play took: 0.008304
[2025.09.29-15.12.25:614][982]LogOnline: OSS: Creating online subsystem instance for: :Context_78
[2025.09.29-15.12.25:617][982]PIE: Play in editor start time for /Game/Levels/UEDPIE_0_CheeseFactory_001 0.327
[2025.09.29-15.12.25:617][982]LogBlueprintUserMessages: Late PlayInEditor Detection: Level '/Game/Levels/CheeseFactory_001.CheeseFactory_001:PersistentLevel' has LevelScriptBlueprint '/Game/Levels/CheeseFactory_001.CheeseFactory_001:PersistentLevel.CheeseFactory_001' with GeneratedClass '/Game/Levels/CheeseFactory_001.CheeseFactory_001_C' with ClassGeneratedBy '/Game/Levels/CheeseFactory_001.CheeseFactory_001:PersistentLevel.CheeseFactory_001'
[2025.09.29-15.12.57:153][405]LogBlueprintUserMessages: Early EndPlayMap Detection: Level '/Game/Levels/CheeseFactory_001.CheeseFactory_001:PersistentLevel' has LevelScriptBlueprint '/Game/Levels/CheeseFactory_001.CheeseFactory_001:PersistentLevel.CheeseFactory_001' with GeneratedClass '/Game/Levels/CheeseFactory_001.CheeseFactory_001_C' with ClassGeneratedBy '/Game/Levels/CheeseFactory_001.CheeseFactory_001:PersistentLevel.CheeseFactory_001'
[2025.09.29-15.12.57:155][405]LogSlate: Updating window title bar state: overlay mode, drag disabled, window buttons hidden, title bar hidden
[2025.09.29-15.12.57:155][405]LogWorld: BeginTearingDown for /Game/Levels/UEDPIE_0_CheeseFactory_001
[2025.09.29-15.12.57:155][405]LogWorld: UWorld::CleanupWorld for CheeseFactory_001, bSessionEnded=true, bCleanupResources=true
[2025.09.29-15.12.57:168][405]LogPlayLevel: Display: Shutting down PIE online subsystems
[2025.09.29-15.12.57:168][405]LogBlueprintUserMessages: Late EndPlayMap Detection: Level '/Game/Levels/CheeseFactory_001.CheeseFactory_001:PersistentLevel' has LevelScriptBlueprint '/Game/Levels/CheeseFactory_001.CheeseFactory_001:PersistentLevel.CheeseFactory_001' with GeneratedClass '/Game/Levels/CheeseFactory_001.CheeseFactory_001_C' with ClassGeneratedBy '/Game/Levels/CheeseFactory_001.CheeseFactory_001:PersistentLevel.CheeseFactory_001'
[2025.09.29-15.12.57:195][405]LogSlate: Updating window title bar state: overlay mode, drag disabled, window buttons hidden, title bar hidden
[2025.09.29-15.12.57:199][405]LogUObjectHash: Compacting FUObjectHashTables data took   1.54ms
[2025.09.29-15.12.57:259][411]LogPlayLevel: Display: Destroying online subsystem :Context_78
[2025.09.29-15.12.57:623][454]LogSlate: FSceneViewport::OnFocusLost() reason 5
[2025.09.29-15.12.57:628][454]Cmd: OBJ SAVEPACKAGE PACKAGE="/Game/Levels/CheeseFactory_001" FILE="E:/GameJamHGGUnreal4.23.1/GameJamCrew/Content/Levels/CheeseFactory_001.umap" SILENT=true AUTOSAVING=false KEEPDIRTY=false
[2025.09.29-15.12.57:647][454]LogUObjectHash: Compacting FUObjectHashTables data took   0.79ms
[2025.09.29-15.12.57:932][454]LogSavePackage: Moving 'E:/GameJamHGGUnreal4.23.1/GameJamCrew/Saved/CheeseFactory_001B6A03C0547B880B1D6C58FB97177F098.tmp' to 'E:/GameJamHGGUnreal4.23.1/GameJamCrew/Content/Levels/CheeseFactory_001.umap'
[2025.09.29-15.12.59:336][618]LogSlate: FSceneViewport::OnFocusLost() reason 0
[2025.09.29-15.15.20:650][232]LogTemp: Repeating last play command: Selected Viewport
[2025.09.29-15.15.20:656][232]LogBlueprintUserMessages: Early PlayInEditor Detection: Level '/Game/Levels/CheeseFactory_001.CheeseFactory_001:PersistentLevel' has LevelScriptBlueprint '/Game/Levels/CheeseFactory_001.CheeseFactory_001:PersistentLevel.CheeseFactory_001' with GeneratedClass '/Game/Levels/CheeseFactory_001.CheeseFactory_001_C' with ClassGeneratedBy '/Game/Levels/CheeseFactory_001.CheeseFactory_001:PersistentLevel.CheeseFactory_001'
[2025.09.29-15.15.20:657][232]LogPlayLevel: PlayLevel: No blueprints needed recompiling
[2025.09.29-15.15.20:657][232]PIE: New page: PIE session: CheeseFactory_001 (29 Sep 2025 7:15:20 pm)
[2025.09.29-15.15.20:657][232]LogPlayLevel: Creating play world package: /Game/Levels/UEDPIE_0_CheeseFactory_001
[2025.09.29-15.15.20:683][232]LogPlayLevel: PIE: StaticDuplicateObject took: (0.025915s)
[2025.09.29-15.15.20:683][232]LogAIModule: Creating AISystem for world CheeseFactory_001
[2025.09.29-15.15.20:683][232]LogPlayLevel: PIE: World Init took: (0.000601s)
[2025.09.29-15.15.20:683][232]LogPlayLevel: PIE: Created PIE world by copying editor world from /Game/Levels/CheeseFactory_001.CheeseFactory_001 to /Game/Levels/UEDPIE_0_CheeseFactory_001.CheeseFactory_001 (0.026641s)
[2025.09.29-15.15.20:705][232]LogUObjectHash: Compacting FUObjectHashTables data took   1.78ms
[2025.09.29-15.15.20:718][232]LogInit: XAudio2 using 'Högtalare (Yeti Classic)' : 6 channels at 44.1 kHz using 16 bits per sample (channel mask 0x3f)
[2025.09.29-15.15.20:729][232]LogInit: FAudioDevice initialized.
[2025.09.29-15.15.20:732][232]LogLoad: Game class is 'ThirdPersonGameMode_C'
[2025.09.29-15.15.20:742][232]LogWorld: Bringing World /Game/Levels/UEDPIE_0_CheeseFactory_001.CheeseFactory_001 up for play (max tick rate 0) at 2025.09.29-17.15.20
[2025.09.29-15.15.20:742][232]LogWorld: Bringing up level for play took: 0.008677
[2025.09.29-15.15.20:742][232]LogOnline: OSS: Creating online subsystem instance for: :Context_79
[2025.09.29-15.15.20:744][232]PIE: Play in editor start time for /Game/Levels/UEDPIE_0_CheeseFactory_001 -0.545
[2025.09.29-15.15.20:744][232]LogBlueprintUserMessages: Late PlayInEditor Detection: Level '/Game/Levels/CheeseFactory_001.CheeseFactory_001:PersistentLevel' has LevelScriptBlueprint '/Game/Levels/CheeseFactory_001.CheeseFactory_001:PersistentLevel.CheeseFactory_001' with GeneratedClass '/Game/Levels/CheeseFactory_001.CheeseFactory_001_C' with ClassGeneratedBy '/Game/Levels/CheeseFactory_001.CheeseFactory_001:PersistentLevel.CheeseFactory_001'
[2025.09.29-15.15.45:738][229]LogBlueprintUserMessages: Early EndPlayMap Detection: Level '/Game/Levels/CheeseFactory_001.CheeseFactory_001:PersistentLevel' has LevelScriptBlueprint '/Game/Levels/CheeseFactory_001.CheeseFactory_001:PersistentLevel.CheeseFactory_001' with GeneratedClass '/Game/Levels/CheeseFactory_001.CheeseFactory_001_C' with ClassGeneratedBy '/Game/Levels/CheeseFactory_001.CheeseFactory_001:PersistentLevel.CheeseFactory_001'
[2025.09.29-15.15.45:738][229]LogSlate: Updating window title bar state: overlay mode, drag disabled, window buttons hidden, title bar hidden
[2025.09.29-15.15.45:738][229]LogWorld: BeginTearingDown for /Game/Levels/UEDPIE_0_CheeseFactory_001
[2025.09.29-15.15.45:738][229]LogWorld: UWorld::CleanupWorld for CheeseFactory_001, bSessionEnded=true, bCleanupResources=true
[2025.09.29-15.15.45:753][229]LogPlayLevel: Display: Shutting down PIE online subsystems
[2025.09.29-15.15.45:753][229]LogBlueprintUserMessages: Late EndPlayMap Detection: Level '/Game/Levels/CheeseFactory_001.CheeseFactory_001:PersistentLevel' has LevelScriptBlueprint '/Game/Levels/CheeseFactory_001.CheeseFactory_001:PersistentLevel.CheeseFactory_001' with GeneratedClass '/Game/Levels/CheeseFactory_001.CheeseFactory_001_C' with ClassGeneratedBy '/Game/Levels/CheeseFactory_001.CheeseFactory_001:PersistentLevel.CheeseFactory_001'
[2025.09.29-15.15.45:777][229]LogSlate: Updating window title bar state: overlay mode, drag disabled, window buttons hidden, title bar hidden
[2025.09.29-15.15.45:782][229]LogUObjectHash: Compacting FUObjectHashTables data took   1.52ms
[2025.09.29-15.15.45:845][235]LogPlayLevel: Display: Destroying online subsystem :Context_79
[2025.09.29-15.15.46:059][260]LogSlate: FSceneViewport::OnFocusLost() reason 5
[2025.09.29-15.15.46:069][260]Cmd: OBJ SAVEPACKAGE PACKAGE="/Game/Levels/CheeseFactory_001" FILE="E:/GameJamHGGUnreal4.23.1/GameJamCrew/Content/Levels/CheeseFactory_001.umap" SILENT=true AUTOSAVING=false KEEPDIRTY=false
[2025.09.29-15.15.46:088][260]LogUObjectHash: Compacting FUObjectHashTables data took   0.59ms
[2025.09.29-15.15.46:371][260]LogSavePackage: Moving 'E:/GameJamHGGUnreal4.23.1/GameJamCrew/Saved/CheeseFactory_001A14B56FB43C2ABEA42AE578085E4D026.tmp' to 'E:/GameJamHGGUnreal4.23.1/GameJamCrew/Content/Levels/CheeseFactory_001.umap'
[2025.09.29-15.15.46:815][311]LogSlate: FSceneViewport::OnFocusLost() reason 0
[2025.09.29-15.19.35:258][464]BlueprintLog: New page: Compile CatBluePrint
[2025.09.29-15.19.35:261][464]LogBlueprint: Warning: [Compiler CatBluePrint] Walk to Jump  will never be taken, please connect something to  Can Enter Transition
[2025.09.29-15.19.35:385][464]LogUObjectHash: Compacting FUObjectHashTables data took   2.21ms
[2025.09.29-15.19.36:358][573]LogTemp: Repeating last play command: Selected Viewport
[2025.09.29-15.19.36:365][573]LogBlueprintUserMessages: Early PlayInEditor Detection: Level '/Game/Levels/CheeseFactory_001.CheeseFactory_001:PersistentLevel' has LevelScriptBlueprint '/Game/Levels/CheeseFactory_001.CheeseFactory_001:PersistentLevel.CheeseFactory_001' with GeneratedClass '/Game/Levels/CheeseFactory_001.CheeseFactory_001_C' with ClassGeneratedBy '/Game/Levels/CheeseFactory_001.CheeseFactory_001:PersistentLevel.CheeseFactory_001'
[2025.09.29-15.19.36:365][573]LogPlayLevel: PlayLevel: No blueprints needed recompiling
[2025.09.29-15.19.36:365][573]PIE: New page: PIE session: CheeseFactory_001 (29 Sep 2025 7:19:36 pm)
[2025.09.29-15.19.36:365][573]LogPlayLevel: Creating play world package: /Game/Levels/UEDPIE_0_CheeseFactory_001
[2025.09.29-15.19.36:391][573]LogPlayLevel: PIE: StaticDuplicateObject took: (0.025839s)
[2025.09.29-15.19.36:391][573]LogAIModule: Creating AISystem for world CheeseFactory_001
[2025.09.29-15.19.36:391][573]LogPlayLevel: PIE: World Init took: (0.000698s)
[2025.09.29-15.19.36:391][573]LogPlayLevel: PIE: Created PIE world by copying editor world from /Game/Levels/CheeseFactory_001.CheeseFactory_001 to /Game/Levels/UEDPIE_0_CheeseFactory_001.CheeseFactory_001 (0.026663s)
[2025.09.29-15.19.36:412][573]LogUObjectHash: Compacting FUObjectHashTables data took   2.05ms
[2025.09.29-15.19.36:425][573]LogInit: XAudio2 using 'Högtalare (Yeti Classic)' : 6 channels at 44.1 kHz using 16 bits per sample (channel mask 0x3f)
[2025.09.29-15.19.36:434][573]LogInit: FAudioDevice initialized.
[2025.09.29-15.19.36:439][573]LogLoad: Game class is 'ThirdPersonGameMode_C'
[2025.09.29-15.19.36:446][573]LogWorld: Bringing World /Game/Levels/UEDPIE_0_CheeseFactory_001.CheeseFactory_001 up for play (max tick rate 0) at 2025.09.29-17.19.36
[2025.09.29-15.19.36:446][573]LogWorld: Bringing up level for play took: 0.007973
[2025.09.29-15.19.36:446][573]LogOnline: OSS: Creating online subsystem instance for: :Context_80
[2025.09.29-15.19.36:448][573]PIE: Play in editor start time for /Game/Levels/UEDPIE_0_CheeseFactory_001 -0.841
[2025.09.29-15.19.36:449][573]LogBlueprintUserMessages: Late PlayInEditor Detection: Level '/Game/Levels/CheeseFactory_001.CheeseFactory_001:PersistentLevel' has LevelScriptBlueprint '/Game/Levels/CheeseFactory_001.CheeseFactory_001:PersistentLevel.CheeseFactory_001' with GeneratedClass '/Game/Levels/CheeseFactory_001.CheeseFactory_001_C' with ClassGeneratedBy '/Game/Levels/CheeseFactory_001.CheeseFactory_001:PersistentLevel.CheeseFactory_001'
[2025.09.29-15.19.38:983][874]LogBlueprintUserMessages: Early EndPlayMap Detection: Level '/Game/Levels/CheeseFactory_001.CheeseFactory_001:PersistentLevel' has LevelScriptBlueprint '/Game/Levels/CheeseFactory_001.CheeseFactory_001:PersistentLevel.CheeseFactory_001' with GeneratedClass '/Game/Levels/CheeseFactory_001.CheeseFactory_001_C' with ClassGeneratedBy '/Game/Levels/CheeseFactory_001.CheeseFactory_001:PersistentLevel.CheeseFactory_001'
[2025.09.29-15.19.38:983][874]LogSlate: Updating window title bar state: overlay mode, drag disabled, window buttons hidden, title bar hidden
[2025.09.29-15.19.38:983][874]LogWorld: BeginTearingDown for /Game/Levels/UEDPIE_0_CheeseFactory_001
[2025.09.29-15.19.38:984][874]LogWorld: UWorld::CleanupWorld for CheeseFactory_001, bSessionEnded=true, bCleanupResources=true
[2025.09.29-15.19.38:997][874]LogPlayLevel: Display: Shutting down PIE online subsystems
[2025.09.29-15.19.38:997][874]LogBlueprintUserMessages: Late EndPlayMap Detection: Level '/Game/Levels/CheeseFactory_001.CheeseFactory_001:PersistentLevel' has LevelScriptBlueprint '/Game/Levels/CheeseFactory_001.CheeseFactory_001:PersistentLevel.CheeseFactory_001' with GeneratedClass '/Game/Levels/CheeseFactory_001.CheeseFactory_001_C' with ClassGeneratedBy '/Game/Levels/CheeseFactory_001.CheeseFactory_001:PersistentLevel.CheeseFactory_001'
[2025.09.29-15.19.39:023][874]LogSlate: Updating window title bar state: overlay mode, drag disabled, window buttons hidden, title bar hidden
[2025.09.29-15.19.39:027][874]LogUObjectHash: Compacting FUObjectHashTables data took   1.49ms
[2025.09.29-15.19.39:084][879]LogPlayLevel: Display: Destroying online subsystem :Context_80
[2025.09.29-15.19.39:507][929]LogSlate: FSceneViewport::OnFocusLost() reason 5
[2025.09.29-15.19.39:514][929]Cmd: OBJ SAVEPACKAGE PACKAGE="/Game/Levels/CheeseFactory_001" FILE="E:/GameJamHGGUnreal4.23.1/GameJamCrew/Content/Levels/CheeseFactory_001.umap" SILENT=true AUTOSAVING=false KEEPDIRTY=false
[2025.09.29-15.19.39:534][929]LogUObjectHash: Compacting FUObjectHashTables data took   0.57ms
[2025.09.29-15.19.39:814][929]LogSavePackage: Moving 'E:/GameJamHGGUnreal4.23.1/GameJamCrew/Saved/CheeseFactory_001FC66C706465373E5DFCA049307CD9F6B.tmp' to 'E:/GameJamHGGUnreal4.23.1/GameJamCrew/Content/Levels/CheeseFactory_001.umap'
[2025.09.29-15.19.49:111][ 33]LogAssetEditorManager: Opening Asset editor for SkeletalMesh /Game/Mannequin/Cat/ska.ska
[2025.09.29-15.19.49:115][ 33]LogActorComponent: RegisterComponentWithWorld: (/Engine/Transient.World_45:PersistentLevel.AnimationEditorPreviewActor_0.DebugSkelMeshComponent_0) Already registered. Aborting.
[2025.09.29-15.19.49:125][ 33]LogSkeletalMesh: USkeletalMeshComponent::InitArticulated : Bodies already created (/Engine/Transient.World_45:PersistentLevel.AnimationEditorPreviewActor_0.DebugSkelMeshComponent_0) - call TermArticulated first.
[2025.09.29-15.19.49:231][ 34]LogRenderer: Reallocating scene render targets to support 1280x876 Format 10 NumSamples 1 (Frame:1).
[2025.09.29-15.20.21:590][  6]LogTemp: Repeating last play command: Selected Viewport
[2025.09.29-15.20.21:596][  6]LogBlueprintUserMessages: Early PlayInEditor Detection: Level '/Game/Levels/CheeseFactory_001.CheeseFactory_001:PersistentLevel' has LevelScriptBlueprint '/Game/Levels/CheeseFactory_001.CheeseFactory_001:PersistentLevel.CheeseFactory_001' with GeneratedClass '/Game/Levels/CheeseFactory_001.CheeseFactory_001_C' with ClassGeneratedBy '/Game/Levels/CheeseFactory_001.CheeseFactory_001:PersistentLevel.CheeseFactory_001'
[2025.09.29-15.20.21:596][  6]LogPlayLevel: PlayLevel: No blueprints needed recompiling
[2025.09.29-15.20.21:596][  6]PIE: New page: PIE session: CheeseFactory_001 (29 Sep 2025 7:20:21 pm)
[2025.09.29-15.20.21:596][  6]LogPlayLevel: Creating play world package: /Game/Levels/UEDPIE_0_CheeseFactory_001
[2025.09.29-15.20.21:622][  6]LogPlayLevel: PIE: StaticDuplicateObject took: (0.025718s)
[2025.09.29-15.20.21:622][  6]LogAIModule: Creating AISystem for world CheeseFactory_001
[2025.09.29-15.20.21:622][  6]LogPlayLevel: PIE: World Init took: (0.000523s)
[2025.09.29-15.20.21:622][  6]LogPlayLevel: PIE: Created PIE world by copying editor world from /Game/Levels/CheeseFactory_001.CheeseFactory_001 to /Game/Levels/UEDPIE_0_CheeseFactory_001.CheeseFactory_001 (0.026360s)
[2025.09.29-15.20.21:643][  6]LogUObjectHash: Compacting FUObjectHashTables data took   1.78ms
[2025.09.29-15.20.21:657][  6]LogInit: XAudio2 using 'Högtalare (Yeti Classic)' : 6 channels at 44.1 kHz using 16 bits per sample (channel mask 0x3f)
[2025.09.29-15.20.21:667][  6]LogInit: FAudioDevice initialized.
[2025.09.29-15.20.21:672][  6]LogLoad: Game class is 'ThirdPersonGameMode_C'
[2025.09.29-15.20.21:682][  6]LogWorld: Bringing World /Game/Levels/UEDPIE_0_CheeseFactory_001.CheeseFactory_001 up for play (max tick rate 0) at 2025.09.29-17.20.21
[2025.09.29-15.20.21:682][  6]LogWorld: Bringing up level for play took: 0.009936
[2025.09.29-15.20.21:682][  6]LogOnline: OSS: Creating online subsystem instance for: :Context_82
[2025.09.29-15.20.21:684][  6]PIE: Play in editor start time for /Game/Levels/UEDPIE_0_CheeseFactory_001 0.395
[2025.09.29-15.20.21:685][  6]LogBlueprintUserMessages: Late PlayInEditor Detection: Level '/Game/Levels/CheeseFactory_001.CheeseFactory_001:PersistentLevel' has LevelScriptBlueprint '/Game/Levels/CheeseFactory_001.CheeseFactory_001:PersistentLevel.CheeseFactory_001' with GeneratedClass '/Game/Levels/CheeseFactory_001.CheeseFactory_001_C' with ClassGeneratedBy '/Game/Levels/CheeseFactory_001.CheeseFactory_001:PersistentLevel.CheeseFactory_001'
[2025.09.29-15.20.34:379][526]LogBlueprintUserMessages: Early EndPlayMap Detection: Level '/Game/Levels/CheeseFactory_001.CheeseFactory_001:PersistentLevel' has LevelScriptBlueprint '/Game/Levels/CheeseFactory_001.CheeseFactory_001:PersistentLevel.CheeseFactory_001' with GeneratedClass '/Game/Levels/CheeseFactory_001.CheeseFactory_001_C' with ClassGeneratedBy '/Game/Levels/CheeseFactory_001.CheeseFactory_001:PersistentLevel.CheeseFactory_001'
[2025.09.29-15.20.34:379][526]LogSlate: Updating window title bar state: overlay mode, drag disabled, window buttons hidden, title bar hidden
[2025.09.29-15.20.34:379][526]LogWorld: BeginTearingDown for /Game/Levels/UEDPIE_0_CheeseFactory_001
[2025.09.29-15.20.34:379][526]LogWorld: UWorld::CleanupWorld for CheeseFactory_001, bSessionEnded=true, bCleanupResources=true
[2025.09.29-15.20.34:394][526]LogPlayLevel: Display: Shutting down PIE online subsystems
[2025.09.29-15.20.34:394][526]LogBlueprintUserMessages: Late EndPlayMap Detection: Level '/Game/Levels/CheeseFactory_001.CheeseFactory_001:PersistentLevel' has LevelScriptBlueprint '/Game/Levels/CheeseFactory_001.CheeseFactory_001:PersistentLevel.CheeseFactory_001' with GeneratedClass '/Game/Levels/CheeseFactory_001.CheeseFactory_001_C' with ClassGeneratedBy '/Game/Levels/CheeseFactory_001.CheeseFactory_001:PersistentLevel.CheeseFactory_001'
[2025.09.29-15.20.34:418][526]LogSlate: Updating window title bar state: overlay mode, drag disabled, window buttons hidden, title bar hidden
[2025.09.29-15.20.34:423][526]LogUObjectHash: Compacting FUObjectHashTables data took   1.52ms
[2025.09.29-15.20.34:482][532]LogPlayLevel: Display: Destroying online subsystem :Context_82
[2025.09.29-15.20.34:805][570]LogSlate: FSceneViewport::OnFocusLost() reason 5
[2025.09.29-15.20.34:813][570]Cmd: OBJ SAVEPACKAGE PACKAGE="/Game/Levels/CheeseFactory_001" FILE="E:/GameJamHGGUnreal4.23.1/GameJamCrew/Content/Levels/CheeseFactory_001.umap" SILENT=true AUTOSAVING=false KEEPDIRTY=false
[2025.09.29-15.20.34:832][570]LogUObjectHash: Compacting FUObjectHashTables data took   0.58ms
[2025.09.29-15.20.35:107][570]LogSavePackage: Moving 'E:/GameJamHGGUnreal4.23.1/GameJamCrew/Saved/CheeseFactory_001976B434647B5830129E9588647856015.tmp' to 'E:/GameJamHGGUnreal4.23.1/GameJamCrew/Content/Levels/CheeseFactory_001.umap'
[2025.09.29-15.20.37:894][899]LogAssetEditorManager: Opening Asset editor for AnimSequence /Game/Mannequin/Cat/Jump.Jump
[2025.09.29-15.20.37:897][899]LogActorComponent: RegisterComponentWithWorld: (/Engine/Transient.World_46:PersistentLevel.AnimationEditorPreviewActor_0.DebugSkelMeshComponent_0) Already registered. Aborting.
[2025.09.29-15.20.37:906][899]LogSkeletalMesh: USkeletalMeshComponent::InitArticulated : Bodies already created (/Engine/Transient.World_46:PersistentLevel.AnimationEditorPreviewActor_0.DebugSkelMeshComponent_0) - call TermArticulated first.
[2025.09.29-15.20.38:049][899]LogContentBrowser: Verbose: The majority of assets in the view are of type: AnimSequence
[2025.09.29-15.20.40:993][252]LogSlate: FSceneViewport::OnFocusLost() reason 5
[2025.09.29-15.20.41:003][252]Cmd: OBJ SAVEPACKAGE PACKAGE="/Game/Mannequin/Cat/Jump" FILE="E:/GameJamHGGUnreal4.23.1/GameJamCrew/Content/Mannequin/Cat/Jump.uasset" SILENT=true
[2025.09.29-15.20.41:010][252]LogSavePackage: Moving 'E:/GameJamHGGUnreal4.23.1/GameJamCrew/Saved/Jump5BE957444F576B15816813A6C5372717.tmp' to 'E:/GameJamHGGUnreal4.23.1/GameJamCrew/Content/Mannequin/Cat/Jump.uasset'
[2025.09.29-15.20.43:323][527]LogSlate: FSceneViewport::OnFocusLost() reason 5
[2025.09.29-15.20.43:335][527]Cmd: OBJ SAVEPACKAGE PACKAGE="/Game/Mannequin/Cat/Jump" FILE="E:/GameJamHGGUnreal4.23.1/GameJamCrew/Content/Mannequin/Cat/Jump.uasset" SILENT=true
[2025.09.29-15.20.43:342][527]LogSavePackage: Moving 'E:/GameJamHGGUnreal4.23.1/GameJamCrew/Saved/Jump4381FC0547D7143A0BC1C0ACB40F137F.tmp' to 'E:/GameJamHGGUnreal4.23.1/GameJamCrew/Content/Mannequin/Cat/Jump.uasset'
[2025.09.29-15.20.44:427][655]LogTemp: Repeating last play command: Selected Viewport
[2025.09.29-15.20.44:433][655]LogBlueprintUserMessages: Early PlayInEditor Detection: Level '/Game/Levels/CheeseFactory_001.CheeseFactory_001:PersistentLevel' has LevelScriptBlueprint '/Game/Levels/CheeseFactory_001.CheeseFactory_001:PersistentLevel.CheeseFactory_001' with GeneratedClass '/Game/Levels/CheeseFactory_001.CheeseFactory_001_C' with ClassGeneratedBy '/Game/Levels/CheeseFactory_001.CheeseFactory_001:PersistentLevel.CheeseFactory_001'
[2025.09.29-15.20.44:433][655]LogPlayLevel: PlayLevel: No blueprints needed recompiling
[2025.09.29-15.20.44:433][655]PIE: New page: PIE session: CheeseFactory_001 (29 Sep 2025 7:20:44 pm)
[2025.09.29-15.20.44:434][655]LogPlayLevel: Creating play world package: /Game/Levels/UEDPIE_0_CheeseFactory_001
[2025.09.29-15.20.44:459][655]LogPlayLevel: PIE: StaticDuplicateObject took: (0.025531s)
[2025.09.29-15.20.44:459][655]LogAIModule: Creating AISystem for world CheeseFactory_001
[2025.09.29-15.20.44:459][655]LogPlayLevel: PIE: World Init took: (0.000553s)
[2025.09.29-15.20.44:460][655]LogPlayLevel: PIE: Created PIE world by copying editor world from /Game/Levels/CheeseFactory_001.CheeseFactory_001 to /Game/Levels/UEDPIE_0_CheeseFactory_001.CheeseFactory_001 (0.026214s)
[2025.09.29-15.20.44:481][655]LogUObjectHash: Compacting FUObjectHashTables data took   1.77ms
[2025.09.29-15.20.44:494][655]LogInit: XAudio2 using 'Högtalare (Yeti Classic)' : 6 channels at 44.1 kHz using 16 bits per sample (channel mask 0x3f)
[2025.09.29-15.20.44:502][655]LogInit: FAudioDevice initialized.
[2025.09.29-15.20.44:506][655]LogLoad: Game class is 'ThirdPersonGameMode_C'
[2025.09.29-15.20.44:518][655]LogWorld: Bringing World /Game/Levels/UEDPIE_0_CheeseFactory_001.CheeseFactory_001 up for play (max tick rate 0) at 2025.09.29-17.20.44
[2025.09.29-15.20.44:518][655]LogWorld: Bringing up level for play took: 0.012076
[2025.09.29-15.20.44:519][655]LogOnline: OSS: Creating online subsystem instance for: :Context_86
[2025.09.29-15.20.44:521][655]PIE: Play in editor start time for /Game/Levels/UEDPIE_0_CheeseFactory_001 -0.768
[2025.09.29-15.20.44:521][655]LogBlueprintUserMessages: Late PlayInEditor Detection: Level '/Game/Levels/CheeseFactory_001.CheeseFactory_001:PersistentLevel' has LevelScriptBlueprint '/Game/Levels/CheeseFactory_001.CheeseFactory_001:PersistentLevel.CheeseFactory_001' with GeneratedClass '/Game/Levels/CheeseFactory_001.CheeseFactory_001_C' with ClassGeneratedBy '/Game/Levels/CheeseFactory_001.CheeseFactory_001:PersistentLevel.CheeseFactory_001'
[2025.09.29-15.20.50:293][342]LogBlueprintUserMessages: Early EndPlayMap Detection: Level '/Game/Levels/CheeseFactory_001.CheeseFactory_001:PersistentLevel' has LevelScriptBlueprint '/Game/Levels/CheeseFactory_001.CheeseFactory_001:PersistentLevel.CheeseFactory_001' with GeneratedClass '/Game/Levels/CheeseFactory_001.CheeseFactory_001_C' with ClassGeneratedBy '/Game/Levels/CheeseFactory_001.CheeseFactory_001:PersistentLevel.CheeseFactory_001'
[2025.09.29-15.20.50:293][342]LogSlate: Updating window title bar state: overlay mode, drag disabled, window buttons hidden, title bar hidden
[2025.09.29-15.20.50:293][342]LogWorld: BeginTearingDown for /Game/Levels/UEDPIE_0_CheeseFactory_001
[2025.09.29-15.20.50:294][342]LogWorld: UWorld::CleanupWorld for CheeseFactory_001, bSessionEnded=true, bCleanupResources=true
[2025.09.29-15.20.50:310][342]LogPlayLevel: Display: Shutting down PIE online subsystems
[2025.09.29-15.20.50:310][342]LogBlueprintUserMessages: Late EndPlayMap Detection: Level '/Game/Levels/CheeseFactory_001.CheeseFactory_001:PersistentLevel' has LevelScriptBlueprint '/Game/Levels/CheeseFactory_001.CheeseFactory_001:PersistentLevel.CheeseFactory_001' with GeneratedClass '/Game/Levels/CheeseFactory_001.CheeseFactory_001_C' with ClassGeneratedBy '/Game/Levels/CheeseFactory_001.CheeseFactory_001:PersistentLevel.CheeseFactory_001'
[2025.09.29-15.20.50:334][342]LogSlate: Updating window title bar state: overlay mode, drag disabled, window buttons hidden, title bar hidden
[2025.09.29-15.20.50:340][342]LogUObjectHash: Compacting FUObjectHashTables data took   1.53ms
[2025.09.29-15.20.50:398][348]LogPlayLevel: Display: Destroying online subsystem :Context_86
[2025.09.29-15.20.50:696][383]LogSlate: FSceneViewport::OnFocusLost() reason 5
[2025.09.29-15.20.50:702][383]Cmd: OBJ SAVEPACKAGE PACKAGE="/Game/Levels/CheeseFactory_001" FILE="E:/GameJamHGGUnreal4.23.1/GameJamCrew/Content/Levels/CheeseFactory_001.umap" SILENT=true AUTOSAVING=false KEEPDIRTY=false
[2025.09.29-15.20.50:723][383]LogUObjectHash: Compacting FUObjectHashTables data took   0.58ms
[2025.09.29-15.20.50:998][383]LogSavePackage: Moving 'E:/GameJamHGGUnreal4.23.1/GameJamCrew/Saved/CheeseFactory_001211325F54EDE068F1380E7818051D2F0.tmp' to 'E:/GameJamHGGUnreal4.23.1/GameJamCrew/Content/Levels/CheeseFactory_001.umap'
[2025.09.29-15.20.53:967][736]LogSlate: FSceneViewport::OnFocusLost() reason 5
[2025.09.29-15.20.53:977][736]Cmd: OBJ SAVEPACKAGE PACKAGE="/Game/Mannequin/Cat/Jump" FILE="E:/GameJamHGGUnreal4.23.1/GameJamCrew/Content/Mannequin/Cat/Jump.uasset" SILENT=true
[2025.09.29-15.20.53:984][736]LogSavePackage: Moving 'E:/GameJamHGGUnreal4.23.1/GameJamCrew/Saved/JumpC53456DF4F5A611777056ABE92AE0B93.tmp' to 'E:/GameJamHGGUnreal4.23.1/GameJamCrew/Content/Mannequin/Cat/Jump.uasset'
[2025.09.29-15.20.55:905][962]LogTemp: Repeating last play command: Selected Viewport
[2025.09.29-15.20.55:911][962]LogBlueprintUserMessages: Early PlayInEditor Detection: Level '/Game/Levels/CheeseFactory_001.CheeseFactory_001:PersistentLevel' has LevelScriptBlueprint '/Game/Levels/CheeseFactory_001.CheeseFactory_001:PersistentLevel.CheeseFactory_001' with GeneratedClass '/Game/Levels/CheeseFactory_001.CheeseFactory_001_C' with ClassGeneratedBy '/Game/Levels/CheeseFactory_001.CheeseFactory_001:PersistentLevel.CheeseFactory_001'
[2025.09.29-15.20.55:911][962]LogPlayLevel: PlayLevel: No blueprints needed recompiling
[2025.09.29-15.20.55:911][962]PIE: New page: PIE session: CheeseFactory_001 (29 Sep 2025 7:20:55 pm)
[2025.09.29-15.20.55:911][962]LogPlayLevel: Creating play world package: /Game/Levels/UEDPIE_0_CheeseFactory_001
[2025.09.29-15.20.55:937][962]LogPlayLevel: PIE: StaticDuplicateObject took: (0.025425s)
[2025.09.29-15.20.55:937][962]LogAIModule: Creating AISystem for world CheeseFactory_001
[2025.09.29-15.20.55:937][962]LogPlayLevel: PIE: World Init took: (0.000622s)
[2025.09.29-15.20.55:938][962]LogPlayLevel: PIE: Created PIE world by copying editor world from /Game/Levels/CheeseFactory_001.CheeseFactory_001 to /Game/Levels/UEDPIE_0_CheeseFactory_001.CheeseFactory_001 (0.026187s)
[2025.09.29-15.20.55:957][962]LogUObjectHash: Compacting FUObjectHashTables data took   1.80ms
[2025.09.29-15.20.55:971][962]LogInit: XAudio2 using 'Högtalare (Yeti Classic)' : 6 channels at 44.1 kHz using 16 bits per sample (channel mask 0x3f)
[2025.09.29-15.20.55:979][962]LogInit: FAudioDevice initialized.
[2025.09.29-15.20.55:987][962]LogLoad: Game class is 'ThirdPersonGameMode_C'
[2025.09.29-15.20.55:995][962]LogWorld: Bringing World /Game/Levels/UEDPIE_0_CheeseFactory_001.CheeseFactory_001 up for play (max tick rate 0) at 2025.09.29-17.20.55
[2025.09.29-15.20.55:995][962]LogWorld: Bringing up level for play took: 0.007970
[2025.09.29-15.20.55:995][962]LogOnline: OSS: Creating online subsystem instance for: :Context_87
[2025.09.29-15.20.55:997][962]PIE: Play in editor start time for /Game/Levels/UEDPIE_0_CheeseFactory_001 0.709
[2025.09.29-15.20.55:998][962]LogBlueprintUserMessages: Late PlayInEditor Detection: Level '/Game/Levels/CheeseFactory_001.CheeseFactory_001:PersistentLevel' has LevelScriptBlueprint '/Game/Levels/CheeseFactory_001.CheeseFactory_001:PersistentLevel.CheeseFactory_001' with GeneratedClass '/Game/Levels/CheeseFactory_001.CheeseFactory_001_C' with ClassGeneratedBy '/Game/Levels/CheeseFactory_001.CheeseFactory_001:PersistentLevel.CheeseFactory_001'
[2025.09.29-15.20.59:618][394]LogBlueprintUserMessages: Early EndPlayMap Detection: Level '/Game/Levels/CheeseFactory_001.CheeseFactory_001:PersistentLevel' has LevelScriptBlueprint '/Game/Levels/CheeseFactory_001.CheeseFactory_001:PersistentLevel.CheeseFactory_001' with GeneratedClass '/Game/Levels/CheeseFactory_001.CheeseFactory_001_C' with ClassGeneratedBy '/Game/Levels/CheeseFactory_001.CheeseFactory_001:PersistentLevel.CheeseFactory_001'
[2025.09.29-15.20.59:618][394]LogSlate: Updating window title bar state: overlay mode, drag disabled, window buttons hidden, title bar hidden
[2025.09.29-15.20.59:618][394]LogWorld: BeginTearingDown for /Game/Levels/UEDPIE_0_CheeseFactory_001
[2025.09.29-15.20.59:618][394]LogWorld: UWorld::CleanupWorld for CheeseFactory_001, bSessionEnded=true, bCleanupResources=true
[2025.09.29-15.20.59:629][394]LogPlayLevel: Display: Shutting down PIE online subsystems
[2025.09.29-15.20.59:629][394]LogBlueprintUserMessages: Late EndPlayMap Detection: Level '/Game/Levels/CheeseFactory_001.CheeseFactory_001:PersistentLevel' has LevelScriptBlueprint '/Game/Levels/CheeseFactory_001.CheeseFactory_001:PersistentLevel.CheeseFactory_001' with GeneratedClass '/Game/Levels/CheeseFactory_001.CheeseFactory_001_C' with ClassGeneratedBy '/Game/Levels/CheeseFactory_001.CheeseFactory_001:PersistentLevel.CheeseFactory_001'
[2025.09.29-15.20.59:654][394]LogSlate: Updating window title bar state: overlay mode, drag disabled, window buttons hidden, title bar hidden
[2025.09.29-15.20.59:659][394]LogUObjectHash: Compacting FUObjectHashTables data took   1.69ms
[2025.09.29-15.20.59:718][400]LogPlayLevel: Display: Destroying online subsystem :Context_87
[2025.09.29-15.21.00:151][452]LogSlate: FSceneViewport::OnFocusLost() reason 0
[2025.09.29-15.21.02:286][706]Cmd: OBJ SAVEPACKAGE PACKAGE="/Game/Mannequin/Cat/Jump" FILE="E:/GameJamHGGUnreal4.23.1/GameJamCrew/Content/Mannequin/Cat/Jump.uasset" SILENT=true
[2025.09.29-15.21.02:292][706]LogSavePackage: Moving 'E:/GameJamHGGUnreal4.23.1/GameJamCrew/Saved/JumpE61772814EE12F95EB3A099814C49618.tmp' to 'E:/GameJamHGGUnreal4.23.1/GameJamCrew/Content/Mannequin/Cat/Jump.uasset'
[2025.09.29-15.21.03:582][859]LogTemp: Repeating last play command: Selected Viewport
[2025.09.29-15.21.03:588][859]LogBlueprintUserMessages: Early PlayInEditor Detection: Level '/Game/Levels/CheeseFactory_001.CheeseFactory_001:PersistentLevel' has LevelScriptBlueprint '/Game/Levels/CheeseFactory_001.CheeseFactory_001:PersistentLevel.CheeseFactory_001' with GeneratedClass '/Game/Levels/CheeseFactory_001.CheeseFactory_001_C' with ClassGeneratedBy '/Game/Levels/CheeseFactory_001.CheeseFactory_001:PersistentLevel.CheeseFactory_001'
[2025.09.29-15.21.03:588][859]LogPlayLevel: PlayLevel: No blueprints needed recompiling
[2025.09.29-15.21.03:588][859]PIE: New page: PIE session: CheeseFactory_001 (29 Sep 2025 7:21:03 pm)
[2025.09.29-15.21.03:588][859]LogPlayLevel: Creating play world package: /Game/Levels/UEDPIE_0_CheeseFactory_001
[2025.09.29-15.21.03:615][859]LogPlayLevel: PIE: StaticDuplicateObject took: (0.026685s)
[2025.09.29-15.21.03:616][859]LogAIModule: Creating AISystem for world CheeseFactory_001
[2025.09.29-15.21.03:616][859]LogPlayLevel: PIE: World Init took: (0.000540s)
[2025.09.29-15.21.03:616][859]LogPlayLevel: PIE: Created PIE world by copying editor world from /Game/Levels/CheeseFactory_001.CheeseFactory_001 to /Game/Levels/UEDPIE_0_CheeseFactory_001.CheeseFactory_001 (0.027347s)
[2025.09.29-15.21.03:637][859]LogUObjectHash: Compacting FUObjectHashTables data took   1.47ms
[2025.09.29-15.21.03:650][859]LogInit: XAudio2 using 'Högtalare (Yeti Classic)' : 6 channels at 44.1 kHz using 16 bits per sample (channel mask 0x3f)
[2025.09.29-15.21.03:659][859]LogInit: FAudioDevice initialized.
[2025.09.29-15.21.03:664][859]LogLoad: Game class is 'ThirdPersonGameMode_C'
[2025.09.29-15.21.03:672][859]LogWorld: Bringing World /Game/Levels/UEDPIE_0_CheeseFactory_001.CheeseFactory_001 up for play (max tick rate 0) at 2025.09.29-17.21.03
[2025.09.29-15.21.03:672][859]LogWorld: Bringing up level for play took: 0.007841
[2025.09.29-15.21.03:673][859]LogOnline: OSS: Creating online subsystem instance for: :Context_88
[2025.09.29-15.21.03:674][859]PIE: Play in editor start time for /Game/Levels/UEDPIE_0_CheeseFactory_001 0.385
[2025.09.29-15.21.03:675][859]LogBlueprintUserMessages: Late PlayInEditor Detection: Level '/Game/Levels/CheeseFactory_001.CheeseFactory_001:PersistentLevel' has LevelScriptBlueprint '/Game/Levels/CheeseFactory_001.CheeseFactory_001:PersistentLevel.CheeseFactory_001' with GeneratedClass '/Game/Levels/CheeseFactory_001.CheeseFactory_001_C' with ClassGeneratedBy '/Game/Levels/CheeseFactory_001.CheeseFactory_001:PersistentLevel.CheeseFactory_001'
[2025.09.29-15.21.08:213][401]LogBlueprintUserMessages: Early EndPlayMap Detection: Level '/Game/Levels/CheeseFactory_001.CheeseFactory_001:PersistentLevel' has LevelScriptBlueprint '/Game/Levels/CheeseFactory_001.CheeseFactory_001:PersistentLevel.CheeseFactory_001' with GeneratedClass '/Game/Levels/CheeseFactory_001.CheeseFactory_001_C' with ClassGeneratedBy '/Game/Levels/CheeseFactory_001.CheeseFactory_001:PersistentLevel.CheeseFactory_001'
[2025.09.29-15.21.08:214][401]LogSlate: Updating window title bar state: overlay mode, drag disabled, window buttons hidden, title bar hidden
[2025.09.29-15.21.08:214][401]LogWorld: BeginTearingDown for /Game/Levels/UEDPIE_0_CheeseFactory_001
[2025.09.29-15.21.08:214][401]LogWorld: UWorld::CleanupWorld for CheeseFactory_001, bSessionEnded=true, bCleanupResources=true
[2025.09.29-15.21.08:226][401]LogPlayLevel: Display: Shutting down PIE online subsystems
[2025.09.29-15.21.08:226][401]LogBlueprintUserMessages: Late EndPlayMap Detection: Level '/Game/Levels/CheeseFactory_001.CheeseFactory_001:PersistentLevel' has LevelScriptBlueprint '/Game/Levels/CheeseFactory_001.CheeseFactory_001:PersistentLevel.CheeseFactory_001' with GeneratedClass '/Game/Levels/CheeseFactory_001.CheeseFactory_001_C' with ClassGeneratedBy '/Game/Levels/CheeseFactory_001.CheeseFactory_001:PersistentLevel.CheeseFactory_001'
[2025.09.29-15.21.08:251][401]LogSlate: Updating window title bar state: overlay mode, drag disabled, window buttons hidden, title bar hidden
[2025.09.29-15.21.08:255][401]LogUObjectHash: Compacting FUObjectHashTables data took   1.42ms
[2025.09.29-15.21.08:320][408]LogPlayLevel: Display: Destroying online subsystem :Context_88
[2025.09.29-15.21.08:518][431]LogSlate: FSceneViewport::OnFocusLost() reason 5
[2025.09.29-15.21.08:524][431]Cmd: OBJ SAVEPACKAGE PACKAGE="/Game/Levels/CheeseFactory_001" FILE="E:/GameJamHGGUnreal4.23.1/GameJamCrew/Content/Levels/CheeseFactory_001.umap" SILENT=true AUTOSAVING=false KEEPDIRTY=false
[2025.09.29-15.21.08:544][431]LogUObjectHash: Compacting FUObjectHashTables data took   0.64ms
[2025.09.29-15.21.08:827][431]LogSavePackage: Moving 'E:/GameJamHGGUnreal4.23.1/GameJamCrew/Saved/CheeseFactory_001E4BCB93F4A0FFA125E35B48E2B799089.tmp' to 'E:/GameJamHGGUnreal4.23.1/GameJamCrew/Content/Levels/CheeseFactory_001.umap'
[2025.09.29-15.21.11:831][787]Cmd: OBJ SAVEPACKAGE PACKAGE="/Game/Mannequin/Cat/Jump" FILE="E:/GameJamHGGUnreal4.23.1/GameJamCrew/Content/Mannequin/Cat/Jump.uasset" SILENT=true
[2025.09.29-15.21.11:837][787]LogSavePackage: Moving 'E:/GameJamHGGUnreal4.23.1/GameJamCrew/Saved/Jump843261B54DD0E6E7D0959AB9BB18FCCF.tmp' to 'E:/GameJamHGGUnreal4.23.1/GameJamCrew/Content/Mannequin/Cat/Jump.uasset'
[2025.09.29-15.21.14:479][102]LogSlate: FSceneViewport::OnFocusLost() reason 5
[2025.09.29-15.21.14:485][102]Cmd: OBJ SAVEPACKAGE PACKAGE="/Game/Mannequin/Cat/Jump" FILE="E:/GameJamHGGUnreal4.23.1/GameJamCrew/Content/Mannequin/Cat/Jump.uasset" SILENT=true
[2025.09.29-15.21.14:487][102]LogSavePackage: Moving 'E:/GameJamHGGUnreal4.23.1/GameJamCrew/Saved/JumpB72AFD10440FE9CC18074D8FB070409A.tmp' to 'E:/GameJamHGGUnreal4.23.1/GameJamCrew/Content/Mannequin/Cat/Jump.uasset'
[2025.09.29-15.21.19:024][642]LogAssetEditorManager: Opening Asset editor for AnimSequence /Game/Mannequin/Cat/Walk.Walk
[2025.09.29-15.21.19:080][642]LogWorld: UWorld::CleanupWorld for World_48, bSessionEnded=true, bCleanupResources=true
[2025.09.29-15.21.20:758][840]LogAssetEditorManager: Opening Asset editor for AnimSequence /Game/Mannequin/Cat/Idle.Idle
[2025.09.29-15.21.20:812][840]LogWorld: UWorld::CleanupWorld for World_49, bSessionEnded=true, bCleanupResources=true
[2025.09.29-15.21.24:837][322]LogSlate: FSceneViewport::OnFocusLost() reason 0
[2025.09.29-15.21.27:282][615]LogSlate: FSceneViewport::OnFocusLost() reason 0
[2025.09.29-15.21.28:030][702]LogAssetEditorManager: Opening Asset editor for AnimSequence /Game/Mannequin/Cat/Jump.Jump
[2025.09.29-15.21.28:086][702]LogWorld: UWorld::CleanupWorld for World_50, bSessionEnded=true, bCleanupResources=true
[2025.09.29-15.31.08:825][840]LogUObjectHash: Compacting FUObjectHashTables data took   2.21ms
[2025.09.29-15.31.08:825][840]LogFileHelpers: Editor autosave (incl. sublevels) for '/Game/Levels/CheeseFactory_001' took 0.023
[2025.09.29-15.31.08:826][840]OBJ SavePackage: Generating thumbnails for [1] asset(s) in package [/Game/Mannequin/Animations/ThirdPerson_AnimBP] ([1] browsable assets)...
[2025.09.29-15.31.08:833][840]OBJ SavePackage:     Rendered thumbnail for [AnimBlueprint /Game/Mannequin/Animations/ThirdPerson_AnimBP.ThirdPerson_AnimBP]
[2025.09.29-15.31.08:833][840]OBJ SavePackage: Finished generating thumbnails for package [/Game/Mannequin/Animations/ThirdPerson_AnimBP]
[2025.09.29-15.31.08:854][840]LogSavePackage: Moving 'E:/GameJamHGGUnreal4.23.1/GameJamCrew/Saved/ThirdPerson_AnimBP_Auto1BC91F323478BF4ADA5FFFD90B540E448.tmp' to 'E:/GameJamHGGUnreal4.23.1/GameJamCrew/Saved/Autosaves/Game/Mannequin/Animations/ThirdPerson_AnimBP_Auto1.uasset'
[2025.09.29-15.31.08:854][840]LogFileHelpers: Auto-saving content packages took 0.029
[2025.09.29-16.54.16:434][817]LogEditorFactories: Performing atomic reimport of [C:/Users/filip/Desktop/Jump.fbx]
[2025.09.29-16.54.16:457][817]LogFbx: Loading FBX Scene from C:/Users/filip/Desktop/Jump.fbx
[2025.09.29-16.54.16:472][817]LogFbx: FBX Scene Loaded Succesfully
[2025.09.29-16.54.16:476][817]LogFbx: Parsing AnimStack Take 001
[2025.09.29-16.54.16:599][817]LogAnimationCompression: Building Anim DDC data for AnimSequence /Game/Mannequin/Cat/Jump.Jump
[2025.09.29-16.54.16:599][817]LogAnimationCompression: Recompressing (AnimSequence /Game/Mannequin/Cat/Jump.Jump) using current/default (AnimCompress_BitwiseCompressOnly_0) bFirstRecompressUsingCurrentOrDefault(1) bTryAlternateCompressor(0) IsCompressedDataValid(0)
[2025.09.29-16.54.16:610][817]LogEditorFactories: -- imported successfully
[2025.09.29-16.54.16:612][817]FBXImport: Warning: Mesh [Geometry have no name] in the fbx file is not reference by any hierarchy node. 
[2025.09.29-16.54.18:279][ 12]LogSlate: Window 'Message Log' being destroyed
[2025.09.29-16.54.18:284][ 12]LogSlate: Window 'Message Log' being destroyed
[2025.09.29-16.54.19:996][215]Cmd: OBJ SAVEPACKAGE PACKAGE="/Game/Mannequin/Cat/Jump" FILE="E:/GameJamHGGUnreal4.23.1/GameJamCrew/Content/Mannequin/Cat/Jump.uasset" SILENT=true
[2025.09.29-16.54.20:004][215]LogSavePackage: Moving 'E:/GameJamHGGUnreal4.23.1/GameJamCrew/Saved/JumpDBCE638E442CAEAC3E44FA8DBCCC026F.tmp' to 'E:/GameJamHGGUnreal4.23.1/GameJamCrew/Content/Mannequin/Cat/Jump.uasset'
[2025.09.29-16.54.24:589][757]LogWorld: UWorld::CleanupWorld for World_46, bSessionEnded=true, bCleanupResources=true
[2025.09.29-16.54.24:611][757]LogWorld: UWorld::CleanupWorld for World_51, bSessionEnded=true, bCleanupResources=true
[2025.09.29-16.54.24:697][757]LogWorld: UWorld::CleanupWorld for World_47, bSessionEnded=true, bCleanupResources=true
[2025.09.29-16.54.28:174][164]LogUObjectHash: Compacting FUObjectHashTables data took   3.99ms
[2025.09.29-16.54.29:258][164]LogSlate: Window 'Delete Assets' being destroyed
[2025.09.29-16.55.01:938][164]LogActorComponent: UnregisterComponent: (/Engine/Transient.EditorFloorComp) Not registered. Aborting.
[2025.09.29-16.55.01:938][164]LogWorld: UWorld::CleanupWorld for World_30, bSessionEnded=true, bCleanupResources=true
[2025.09.29-16.55.02:103][164]LogWorld: UWorld::CleanupWorld for World_44, bSessionEnded=true, bCleanupResources=true
[2025.09.29-16.55.02:126][164]LogWorld: UWorld::CleanupWorld for World_43, bSessionEnded=true, bCleanupResources=true
[2025.09.29-16.55.02:129][164]LogWorld: UWorld::CleanupWorld for World_42, bSessionEnded=true, bCleanupResources=true
[2025.09.29-16.55.02:187][164]LogUObjectGlobals: Force Deleting 1 Package(s):
	Asset Name: /Game/Mannequin/Cat/Jump.Jump
[2025.09.29-16.55.02:482][164]LogUObjectHash: Compacting FUObjectHashTables data took   2.26ms
[2025.09.29-16.55.02:500][164]LogUObjectHash: Compacting FUObjectHashTables data took   1.45ms
[2025.09.29-16.55.02:516][164]LogUObjectHash: Compacting FUObjectHashTables data took   0.58ms
[2025.09.29-16.55.02:529][165]Cmd: CLOSE_SLATE_MAINFRAME
[2025.09.29-16.55.02:546][165]LogUObjectHash: Compacting FUObjectHashTables data took   0.61ms
[2025.09.29-16.55.05:585][165]LogSlate: Window 'Save Content' being destroyed
[2025.09.29-16.55.05:603][165]Cmd: OBJ SAVEPACKAGE PACKAGE="/Game/Mannequin/Animations/ThirdPerson_AnimBP" FILE="E:/GameJamHGGUnreal4.23.1/GameJamCrew/Content/Mannequin/Animations/ThirdPerson_AnimBP.uasset" SILENT=true
[2025.09.29-16.55.05:622][165]LogSavePackage: Moving 'E:/GameJamHGGUnreal4.23.1/GameJamCrew/Saved/ThirdPerson_AnimBPE834746443DC86792A95839A53A798C7.tmp' to 'E:/GameJamHGGUnreal4.23.1/GameJamCrew/Content/Mannequin/Animations/ThirdPerson_AnimBP.uasset'
[2025.09.29-16.55.05:634][165]Cmd: OBJ SAVEPACKAGE PACKAGE="/Game/Mannequin/Cat/CatBluePrint" FILE="E:/GameJamHGGUnreal4.23.1/GameJamCrew/Content/Mannequin/Cat/CatBluePrint.uasset" SILENT=true
[2025.09.29-16.55.05:659][165]LogSavePackage: Moving 'E:/GameJamHGGUnreal4.23.1/GameJamCrew/Saved/CatBluePrintF73342B34701F405925A7CBFA863053E.tmp' to 'E:/GameJamHGGUnreal4.23.1/GameJamCrew/Content/Mannequin/Cat/CatBluePrint.uasset'
[2025.09.29-16.55.05:778][165]LogWorld: UWorld::CleanupWorld for World_45, bSessionEnded=true, bCleanupResources=true
[2025.09.29-16.55.05:781][165]LogSlate: Window 'GameJamCrew - Unreal Editor' being destroyed
[2025.09.29-16.55.05:782][165]LogWindowsTextInputMethodSystem: Display: IME system now deactivated.
[2025.09.29-16.55.05:890][166]Cmd: QUIT_EDITOR
[2025.09.29-16.55.06:464][166]LogExit: Preparing to exit.
[2025.09.29-16.55.06:747][166]LogActorComponent: UnregisterComponent: (None.None) Not registered. Aborting.
[2025.09.29-16.55.06:747][166]LogActorComponent: UnregisterComponent: (None.None) Not registered. Aborting.
[2025.09.29-16.55.06:747][166]LogActorComponent: UnregisterComponent: (None.None) Not registered. Aborting.
[2025.09.29-16.55.06:747][166]LogActorComponent: UnregisterComponent: (None.None) Not registered. Aborting.
[2025.09.29-16.55.06:747][166]LogActorComponent: UnregisterComponent: (None.None) Not registered. Aborting.
[2025.09.29-16.55.06:747][166]LogActorComponent: UnregisterComponent: (None.None) Not registered. Aborting.
[2025.09.29-16.55.06:747][166]LogActorComponent: UnregisterComponent: (None.None) Not registered. Aborting.
[2025.09.29-16.55.06:747][166]LogWorld: UWorld::CleanupWorld for None, bSessionEnded=true, bCleanupResources=true
[2025.09.29-16.55.06:748][166]LogActorComponent: UnregisterComponent: (None.None) Not registered. Aborting.
[2025.09.29-16.55.06:748][166]LogActorComponent: UnregisterComponent: (None.None) Not registered. Aborting.
[2025.09.29-16.55.06:748][166]LogActorComponent: UnregisterComponent: (None.None) Not registered. Aborting.
[2025.09.29-16.55.06:748][166]LogActorComponent: UnregisterComponent: (None.None) Not registered. Aborting.
[2025.09.29-16.55.06:748][166]LogActorComponent: UnregisterComponent: (None.None) Not registered. Aborting.
[2025.09.29-16.55.06:748][166]LogActorComponent: UnregisterComponent: (None.None) Not registered. Aborting.
[2025.09.29-16.55.06:748][166]LogActorComponent: UnregisterComponent: (None.None) Not registered. Aborting.
[2025.09.29-16.55.06:748][166]LogWorld: UWorld::CleanupWorld for None, bSessionEnded=true, bCleanupResources=true
[2025.09.29-16.55.06:748][166]LogWorld: UWorld::CleanupWorld for World_19, bSessionEnded=true, bCleanupResources=true
[2025.09.29-16.55.06:749][166]LogWorld: UWorld::CleanupWorld for World_5, bSessionEnded=true, bCleanupResources=true
[2025.09.29-16.55.06:749][166]LogWorld: UWorld::CleanupWorld for World_3, bSessionEnded=true, bCleanupResources=true
[2025.09.29-16.55.06:749][166]LogWorld: UWorld::CleanupWorld for World_4, bSessionEnded=true, bCleanupResources=true
[2025.09.29-16.55.06:750][166]LogWorld: UWorld::CleanupWorld for World_7, bSessionEnded=true, bCleanupResources=true
[2025.09.29-16.55.06:750][166]LogActorComponent: UnregisterComponent: (None.None) Not registered. Aborting.
[2025.09.29-16.55.06:750][166]LogActorComponent: UnregisterComponent: (None.None) Not registered. Aborting.
[2025.09.29-16.55.06:750][166]LogActorComponent: UnregisterComponent: (None.None) Not registered. Aborting.
[2025.09.29-16.55.06:750][166]LogActorComponent: UnregisterComponent: (None.None) Not registered. Aborting.
[2025.09.29-16.55.06:750][166]LogActorComponent: UnregisterComponent: (None.None) Not registered. Aborting.
[2025.09.29-16.55.06:750][166]LogActorComponent: UnregisterComponent: (None.None) Not registered. Aborting.
[2025.09.29-16.55.06:750][166]LogActorComponent: UnregisterComponent: (None.None) Not registered. Aborting.
[2025.09.29-16.55.06:750][166]LogWorld: UWorld::CleanupWorld for None, bSessionEnded=true, bCleanupResources=true
[2025.09.29-16.55.06:751][166]LogWorld: UWorld::CleanupWorld for World_6, bSessionEnded=true, bCleanupResources=true
[2025.09.29-16.55.06:758][166]LogDemo: Cleaned up 0 splitscreen connections with owner deletion
[2025.09.29-16.55.06:780][166]LogExit: Editor shut down
[2025.09.29-16.55.06:781][166]LogExit: Transaction tracking system shut down
[2025.09.29-16.55.07:169][166]LogExit: Object subsystem successfully closed.
[2025.09.29-16.55.07:196][166]LogShaderCompilers: Display: Shaders left to compile 0
[2025.09.29-16.55.07:209][166]LogModuleManager: Shutting down and abandoning module TextureEditor (684)
[2025.09.29-16.55.07:209][166]LogModuleManager: Shutting down and abandoning module MovieSceneCapture (682)
[2025.09.29-16.55.07:209][166]LogModuleManager: Shutting down and abandoning module Voice (680)
[2025.09.29-16.55.07:209][166]LogModuleManager: Shutting down and abandoning module MeshBuilder (678)
[2025.09.29-16.55.07:209][166]LogModuleManager: Shutting down and abandoning module AnimationEditor (676)
[2025.09.29-16.55.07:209][166]LogModuleManager: Shutting down and abandoning module BlueprintGraph (674)
[2025.09.29-16.55.07:209][166]LogModuleManager: Shutting down and abandoning module PinnedCommandList (672)
[2025.09.29-16.55.07:209][166]LogModuleManager: Shutting down and abandoning module SkeletonEditor (670)
[2025.09.29-16.55.07:209][166]LogModuleManager: Shutting down and abandoning module HierarchicalLODOutliner (668)
[2025.09.29-16.55.07:209][166]LogModuleManager: Shutting down and abandoning module SceneOutliner (666)
[2025.09.29-16.55.07:209][166]LogModuleManager: Shutting down and abandoning module AddContentDialog (664)
[2025.09.29-16.55.07:211][166]LogModuleManager: Shutting down and abandoning module WidgetCarousel (663)
[2025.09.29-16.55.07:211][166]LogModuleManager: Shutting down and abandoning module EditorWidgets (660)
[2025.09.29-16.55.07:211][166]LogModuleManager: Shutting down and abandoning module CollectionManager (658)
[2025.09.29-16.55.07:211][166]LogModuleManager: Shutting down and abandoning module StatsViewer (656)
[2025.09.29-16.55.07:211][166]LogModuleManager: Shutting down and abandoning module VirtualTexturingEditor (654)
[2025.09.29-16.55.07:211][166]LogModuleManager: Shutting down and abandoning module FoliageEdit (652)
[2025.09.29-16.55.07:211][166]LogModuleManager: Shutting down and abandoning module LandscapeEditor (650)
[2025.09.29-16.55.07:211][166]LogModuleManager: Shutting down and abandoning module MeshPaintMode (648)
[2025.09.29-16.55.07:211][166]LogModuleManager: Shutting down and abandoning module SceneDepthPickerMode (646)
[2025.09.29-16.55.07:211][166]LogModuleManager: Shutting down and abandoning module ActorPickerMode (644)
[2025.09.29-16.55.07:211][166]LogModuleManager: Shutting down and abandoning module GeometryMode (642)
[2025.09.29-16.55.07:211][166]LogModuleManager: Shutting down and abandoning module TextureAlignMode (640)
[2025.09.29-16.55.07:211][166]LogModuleManager: Shutting down and abandoning module BspMode (638)
[2025.09.29-16.55.07:211][166]LogModuleManager: Shutting down and abandoning module PIEPreviewDeviceProfileSelector (636)
[2025.09.29-16.55.07:211][166]LogModuleManager: Shutting down and abandoning module SequenceRecorderSections (634)
[2025.09.29-16.55.07:211][166]LogModuleManager: Shutting down and abandoning module AutomationWorker (632)
[2025.09.29-16.55.07:211][166]LogModuleManager: Shutting down and abandoning module OculusMR (630)
[2025.09.29-16.55.07:211][166]LogModuleManager: Shutting down and abandoning module AudioCaptureEditor (628)
[2025.09.29-16.55.07:211][166]LogModuleManager: Shutting down and abandoning module MatineeToLevelSequence (626)
[2025.09.29-16.55.07:211][166]LogModuleManager: Shutting down and abandoning module LevelSequenceEditor (624)
[2025.09.29-16.55.07:211][166]LogModuleManager: Shutting down and abandoning module PlacementMode (623)
[2025.09.29-16.55.07:211][166]LogModuleManager: Shutting down and abandoning module MaterialEditor (622)
[2025.09.29-16.55.07:211][166]LogModuleManager: Shutting down and abandoning module ActorSequenceEditor (618)
[2025.09.29-16.55.07:211][166]LogModuleManager: Shutting down and abandoning module WmfMediaFactory (616)
[2025.09.29-16.55.07:211][166]LogModuleManager: Shutting down and abandoning module WmfMediaEditor (614)
[2025.09.29-16.55.07:211][166]LogModuleManager: Shutting down and abandoning module WebMMediaFactory (612)
[2025.09.29-16.55.07:211][166]LogModuleManager: Shutting down and abandoning module WebMMediaEditor (610)
[2025.09.29-16.55.07:211][166]LogModuleManager: Shutting down and abandoning module WebMMedia (608)
[2025.09.29-16.55.07:211][166]LogModuleManager: Shutting down and abandoning module MediaPlayerEditor (606)
[2025.09.29-16.55.07:212][166]LogModuleManager: Shutting down and abandoning module MediaCompositingEditor (604)
[2025.09.29-16.55.07:212][166]LogModuleManager: Shutting down and abandoning module SequenceRecorder (603)
[2025.09.29-16.55.07:212][166]LogModuleManager: Shutting down and abandoning module OpenExrWrapper (600)
[2025.09.29-16.55.07:212][166]LogModuleManager: Shutting down and abandoning module ImgMediaFactory (598)
[2025.09.29-16.55.07:212][166]LogModuleManager: Shutting down and abandoning module ImgMediaEditor (596)
[2025.09.29-16.55.07:212][166]LogModuleManager: Shutting down and abandoning module AvfMediaFactory (594)
[2025.09.29-16.55.07:212][166]LogModuleManager: Shutting down and abandoning module AvfMediaEditor (592)
[2025.09.29-16.55.07:212][166]LogModuleManager: Shutting down and abandoning module AndroidMediaFactory (590)
[2025.09.29-16.55.07:212][166]LogModuleManager: Shutting down and abandoning module AndroidMediaEditor (588)
[2025.09.29-16.55.07:212][166]LogModuleManager: Shutting down and abandoning module MagicLeapCameraPreviewFactory (586)
[2025.09.29-16.55.07:212][166]LogModuleManager: Shutting down and abandoning module MagicLeapMediaCodecFactory (584)
[2025.09.29-16.55.07:212][166]LogModuleManager: Shutting down and abandoning module MagicLeapMediaFactory (582)
[2025.09.29-16.55.07:212][166]LogModuleManager: Shutting down and abandoning module MagicLeapMediaEditor (580)
[2025.09.29-16.55.07:212][166]LogModuleManager: Shutting down and abandoning module CharacterAI (578)
[2025.09.29-16.55.07:212][166]LogModuleManager: Shutting down and abandoning module SmartSnapping (576)
[2025.09.29-16.55.07:212][166]LogModuleManager: Shutting down and abandoning module SessionServices (574)
[2025.09.29-16.55.07:212][166]LogModuleManager: Shutting down and abandoning module MeshPaint (572)
[2025.09.29-16.55.07:212][166]LogModuleManager: Shutting down and abandoning module ViewportSnapping (570)
[2025.09.29-16.55.07:212][166]LogModuleManager: Shutting down and abandoning module ViewportInteraction (568)
[2025.09.29-16.55.07:212][166]LogModuleManager: Shutting down and abandoning module ClothPainter (566)
[2025.09.29-16.55.07:212][166]LogModuleManager: Shutting down and abandoning module SkeletalMeshEditor (565)
[2025.09.29-16.55.07:212][166]LogModuleManager: Shutting down and abandoning module LogVisualizer (562)
[2025.09.29-16.55.07:212][166]LogModuleManager: Shutting down and abandoning module IntroTutorials (560)
[2025.09.29-16.55.07:212][166]LogModuleManager: Shutting down and abandoning module GameProjectGeneration (559)
[2025.09.29-16.55.07:212][166]LogModuleManager: Shutting down and abandoning module LuminPlatformEditor (556)
[2025.09.29-16.55.07:212][166]LogModuleManager: Shutting down and abandoning module IOSPlatformEditor (554)
[2025.09.29-16.55.07:212][166]LogModuleManager: Shutting down and abandoning module HTML5PlatformEditor (552)
[2025.09.29-16.55.07:212][166]LogModuleManager: Shutting down and abandoning module AndroidPlatformEditor (550)
[2025.09.29-16.55.07:212][166]LogModuleManager: Shutting down and abandoning module AndroidDeviceDetection (549)
[2025.09.29-16.55.07:469][166]LogModuleManager: Shutting down and abandoning module WindowsPlatformEditor (546)
[2025.09.29-16.55.07:469][166]LogModuleManager: Shutting down and abandoning module LuminRuntimeSettings (544)
[2025.09.29-16.55.07:469][166]LogModuleManager: Shutting down and abandoning module IOSRuntimeSettings (542)
[2025.09.29-16.55.07:469][166]LogModuleManager: Shutting down and abandoning module AndroidRuntimeSettings (540)
[2025.09.29-16.55.07:469][166]LogModuleManager: Shutting down and abandoning module TimeManagementEditor (538)
[2025.09.29-16.55.07:469][166]LogModuleManager: Shutting down and abandoning module InputBindingEditor (536)
[2025.09.29-16.55.07:469][166]LogModuleManager: Shutting down and abandoning module MergeActors (534)
[2025.09.29-16.55.07:469][166]LogModuleManager: Shutting down and abandoning module LocalizationDashboard (532)
[2025.09.29-16.55.07:469][166]LogModuleManager: Shutting down and abandoning module LocalizationService (531)
[2025.09.29-16.55.07:469][166]LogModuleManager: Shutting down and abandoning module HardwareTargeting (528)
[2025.09.29-16.55.07:469][166]LogModuleManager: Shutting down and abandoning module DeviceProfileEditor (526)
[2025.09.29-16.55.07:469][166]LogModuleManager: Shutting down and abandoning module UndoHistory (524)
[2025.09.29-16.55.07:469][166]LogModuleManager: Shutting down and abandoning module XmlParser (522)
[2025.09.29-16.55.07:469][166]LogModuleManager: Shutting down and abandoning module Blutility (520)
[2025.09.29-16.55.07:470][166]LogModuleManager: Shutting down and abandoning module ProjectSettingsViewer (518)
[2025.09.29-16.55.07:470][166]LogModuleManager: Shutting down and abandoning module ProjectTargetPlatformEditor (517)
[2025.09.29-16.55.07:470][166]LogModuleManager: Shutting down and abandoning module EditorSettingsViewer (514)
[2025.09.29-16.55.07:470][166]LogModuleManager: Shutting down and abandoning module SettingsEditor (512)
[2025.09.29-16.55.07:470][166]LogModuleManager: Shutting down and abandoning module ProjectLauncher (510)
[2025.09.29-16.55.07:470][166]LogModuleManager: Shutting down and abandoning module SessionFrontend (508)
[2025.09.29-16.55.07:470][166]LogModuleManager: Shutting down and abandoning module ProfilerClient (506)
[2025.09.29-16.55.07:470][166]LogModuleManager: Shutting down and abandoning module DeviceManager (504)
[2025.09.29-16.55.07:470][166]LogModuleManager: Shutting down and abandoning module TargetDeviceServices (503)
[2025.09.29-16.55.07:503][166]LogModuleManager: Shutting down and abandoning module AutomationController (500)
[2025.09.29-16.55.07:503][166]LogModuleManager: Shutting down and abandoning module AutomationWindow (498)
[2025.09.29-16.55.07:503][166]LogModuleManager: Shutting down and abandoning module Layers (496)
[2025.09.29-16.55.07:503][166]LogModuleManager: Shutting down and abandoning module ComponentVisualizers (494)
[2025.09.29-16.55.07:503][166]LogModuleManager: Shutting down and abandoning module DetailCustomizations (492)
[2025.09.29-16.55.07:503][166]LogModuleManager: Shutting down and abandoning module PackagesDialog (490)
[2025.09.29-16.55.07:503][166]LogModuleManager: Shutting down and abandoning module AnimationBlueprintEditor (488)
[2025.09.29-16.55.07:503][166]LogModuleManager: Shutting down and abandoning module Persona (486)
[2025.09.29-16.55.07:503][166]LogModuleManager: Shutting down and abandoning module AdvancedPreviewScene (485)
[2025.09.29-16.55.07:503][166]LogModuleManager: Shutting down and abandoning module AnimGraph (483)
[2025.09.29-16.55.07:503][166]LogModuleManager: Shutting down and abandoning module Kismet (480)
[2025.09.29-16.55.07:515][166]LogModuleManager: Shutting down and abandoning module KismetWidgets (479)
[2025.09.29-16.55.07:515][166]LogModuleManager: Shutting down and abandoning module GraphEditor (476)
[2025.09.29-16.55.07:516][166]LogModuleManager: Shutting down and abandoning module StructViewer (474)
[2025.09.29-16.55.07:516][166]LogModuleManager: Shutting down and abandoning module ClassViewer (472)
[2025.09.29-16.55.07:518][166]LogModuleManager: Shutting down and abandoning module Toolbox (470)
[2025.09.29-16.55.07:518][166]LogModuleManager: Shutting down and abandoning module ModuleUI (468)
[2025.09.29-16.55.07:518][166]LogModuleManager: Shutting down and abandoning module MovieSceneTools (466)
[2025.09.29-16.55.07:518][166]LogModuleManager: Shutting down and abandoning module OutputLog (464)
[2025.09.29-16.55.07:526][166]LogModuleManager: Shutting down and abandoning module GammaUI (462)
[2025.09.29-16.55.07:526][166]LogModuleManager: Shutting down and abandoning module Documentation (460)
[2025.09.29-16.55.07:527][166]LogModuleManager: Shutting down and abandoning module LiveCoding (458)
[2025.09.29-16.55.07:527][166]LogModuleManager: Shutting down and abandoning module LevelSequence (456)
[2025.09.29-16.55.07:527][166]LogModuleManager: Shutting down and abandoning module MovieSceneTracks (454)
[2025.09.29-16.55.07:527][166]LogModuleManager: Shutting down and abandoning module MovieScene (452)
[2025.09.29-16.55.07:527][166]LogModuleManager: Shutting down and abandoning module StreamingPauseRendering (450)
[2025.09.29-16.55.07:527][166]LogModuleManager: Shutting down and abandoning module LauncherPlatform (448)
[2025.09.29-16.55.07:527][166]LogModuleManager: Shutting down and abandoning module AnalyticsET (446)
[2025.09.29-16.55.07:527][166]LogModuleManager: Shutting down and abandoning module PortalServices (444)
[2025.09.29-16.55.07:527][166]LogModuleManager: Shutting down and abandoning module PortalRpc (442)
[2025.09.29-16.55.07:527][166]LogModuleManager: Shutting down and abandoning module MessagingRpc (440)
[2025.09.29-16.55.07:527][166]LogModuleManager: Shutting down and abandoning module AIModule (438)
[2025.09.29-16.55.07:527][166]LogModuleManager: Shutting down and abandoning module GameplayDebugger (437)
[2025.09.29-16.55.07:527][166]LogModuleManager: Shutting down and abandoning module AITestSuite (435)
[2025.09.29-16.55.07:527][166]LogModuleManager: Shutting down and abandoning module NavigationSystem (433)
[2025.09.29-16.55.07:527][166]LogModuleManager: Shutting down and abandoning module DesktopPlatform (430)
[2025.09.29-16.55.07:527][166]LogModuleManager: Shutting down and abandoning module ImageWriteQueue (428)
[2025.09.29-16.55.07:530][166]LogModuleManager: Shutting down and abandoning module ProfilerService (426)
[2025.09.29-16.55.07:576][166]LogModuleManager: Shutting down and abandoning module TaskGraph (424)
[2025.09.29-16.55.07:576][166]LogModuleManager: Shutting down and abandoning module ScreenshotTools (422)
[2025.09.29-16.55.07:576][166]LogModuleManager: Shutting down and abandoning module SteamVRController (420)
[2025.09.29-16.55.07:576][166]LogModuleManager: Shutting down and abandoning module ProceduralMeshComponentEditor (418)
[2025.09.29-16.55.07:576][166]LogModuleManager: Shutting down and abandoning module ProceduralMeshComponent (416)
[2025.09.29-16.55.07:576][166]LogModuleManager: Shutting down and abandoning module OculusEditor (414)
[2025.09.29-16.55.07:576][166]LogModuleManager: Shutting down and abandoning module OculusInput (412)
[2025.09.29-16.55.07:576][166]LogModuleManager: Shutting down and abandoning module MobilePatchingUtils (410)
[2025.09.29-16.55.07:576][166]LogModuleManager: Shutting down and abandoning module EditableMesh (408)
[2025.09.29-16.55.07:576][166]LogModuleManager: Shutting down and abandoning module CustomMeshComponent (406)
[2025.09.29-16.55.07:576][166]LogModuleManager: Shutting down and abandoning module CableComponent (404)
[2025.09.29-16.55.07:576][166]LogModuleManager: Shutting down and abandoning module AudioCapture (402)
[2025.09.29-16.55.07:576][166]LogModuleManager: Shutting down and abandoning module ArchVisCharacter (400)
[2025.09.29-16.55.07:577][166]LogModuleManager: Shutting down and abandoning module AppleImageUtilsBlueprintSupport (398)
[2025.09.29-16.55.07:577][166]LogModuleManager: Shutting down and abandoning module AppleImageUtils (396)
[2025.09.29-16.55.07:577][166]LogModuleManager: Shutting down and abandoning module AndroidPermission (394)
[2025.09.29-16.55.07:577][166]LogModuleManager: Shutting down and abandoning module NUTUnrealEngine4 (392)
[2025.09.29-16.55.07:577][166]LogModuleManager: Shutting down and abandoning module NetcodeUnitTest (390)
[2025.09.29-16.55.07:577][166]LogModuleManager: Shutting down and abandoning module MediaCompositing (388)
[2025.09.29-16.55.07:577][166]LogModuleManager: Shutting down and abandoning module ImgMedia (386)
[2025.09.29-16.55.07:577][166]LogModuleManager: Shutting down and abandoning module MagicLeapHelperVulkan (384)
[2025.09.29-16.55.07:577][166]LogModuleManager: Shutting down and abandoning module MagicLeapHelperOpenGL (382)
[2025.09.29-16.55.07:577][166]LogModuleManager: Shutting down and abandoning module MagicLeapAudio (380)
[2025.09.29-16.55.07:577][166]LogModuleManager: Shutting down and abandoning module HTML5Networking (378)
[2025.09.29-16.55.07:577][166]LogModuleManager: Shutting down and abandoning module GeometryCacheTracks (376)
[2025.09.29-16.55.07:577][166]LogModuleManager: Shutting down and abandoning module GeometryCacheSequencer (374)
[2025.09.29-16.55.07:577][166]LogModuleManager: Shutting down and abandoning module BackChannel (372)
[2025.09.29-16.55.07:577][166]LogModuleManager: Shutting down and abandoning module AutomationUtilsEditor (370)
[2025.09.29-16.55.07:577][166]LogModuleManager: Shutting down and abandoning module AutomationUtils (368)
[2025.09.29-16.55.07:577][166]LogModuleManager: Shutting down and abandoning module AlembicImporter (366)
[2025.09.29-16.55.07:577][166]LogModuleManager: Shutting down and abandoning module AlembicLibrary (365)
[2025.09.29-16.55.07:577][166]LogModuleManager: Shutting down and abandoning module GeometryCache (364)
[2025.09.29-16.55.07:577][166]LogModuleManager: Shutting down and abandoning module GeometryCacheEd (363)
[2025.09.29-16.55.07:577][166]LogModuleManager: Shutting down and abandoning module VariantManagerContent (358)
[2025.09.29-16.55.07:577][166]LogModuleManager: Shutting down and abandoning module DatasmithContentEditor (356)
[2025.09.29-16.55.07:577][166]LogModuleManager: Shutting down and abandoning module SpeedTreeImporter (354)
[2025.09.29-16.55.07:577][166]LogModuleManager: Shutting down and abandoning module PluginBrowser (352)
[2025.09.29-16.55.07:577][166]LogModuleManager: Shutting down and abandoning module MobileLauncherProfileWizard (350)
[2025.09.29-16.55.07:577][166]LogModuleManager: Shutting down and abandoning module MaterialAnalyzer (348)
[2025.09.29-16.55.07:577][166]LogModuleManager: Shutting down and abandoning module CurveEditorTools (346)
[2025.09.29-16.55.07:577][166]LogModuleManager: Shutting down and abandoning module CurveEditor (345)
[2025.09.29-16.55.07:577][166]LogModuleManager: Shutting down and abandoning module CryptoKeysOpenSSL (342)
[2025.09.29-16.55.07:577][166]LogModuleManager: Shutting down and abandoning module CryptoKeys (340)
[2025.09.29-16.55.07:577][166]LogModuleManager: Shutting down and abandoning module VisualStudioSourceCodeAccess (338)
[2025.09.29-16.55.07:577][166]LogModuleManager: Shutting down and abandoning module VisualStudioCodeSourceCodeAccess (336)
[2025.09.29-16.55.07:577][166]LogModuleManager: Shutting down and abandoning module UObjectPlugin (334)
[2025.09.29-16.55.07:577][166]LogModuleManager: Shutting down and abandoning module SubversionSourceControl (332)
[2025.09.29-16.55.07:577][166]LogModuleManager: Shutting down and abandoning module PerforceSourceControl (330)
[2025.09.29-16.55.07:577][166]LogModuleManager: Shutting down and abandoning module GitSourceControl (328)
[2025.09.29-16.55.07:577][166]LogModuleManager: Shutting down and abandoning module SourceControl (327)
[2025.09.29-16.55.07:577][166]LogModuleManager: Shutting down and abandoning module CLionSourceCodeAccess (324)
[2025.09.29-16.55.07:577][166]LogModuleManager: Shutting down and abandoning module AnimationSharingEd (322)
[2025.09.29-16.55.07:577][166]LogModuleManager: Shutting down and abandoning module ActorLayerUtilitiesEditor (320)
[2025.09.29-16.55.07:577][166]LogModuleManager: Shutting down and abandoning module ActorLayerUtilities (318)
[2025.09.29-16.55.07:577][166]LogModuleManager: Shutting down and abandoning module LightPropagationVolumeEditor (316)
[2025.09.29-16.55.07:577][166]LogModuleManager: Shutting down and abandoning module PaperTiledImporter (314)
[2025.09.29-16.55.07:577][166]LogModuleManager: Shutting down and abandoning module PaperSpriteSheetImporter (312)
[2025.09.29-16.55.07:577][166]LogModuleManager: Shutting down and abandoning module Paper2DEditor (310)
[2025.09.29-16.55.07:577][166]LogModuleManager: Shutting down and abandoning module SignificanceManager (308)
[2025.09.29-16.55.07:577][166]LogModuleManager: Shutting down and abandoning module RuntimePhysXCooking (306)
[2025.09.29-16.55.07:577][166]LogModuleManager: Shutting down and abandoning module PhysXVehiclesEditor (304)
[2025.09.29-16.55.07:577][166]LogModuleManager: Shutting down and abandoning module LocationServicesBPLibrary (300)
[2025.09.29-16.55.07:577][166]LogModuleManager: Shutting down and abandoning module ActorSequence (298)
[2025.09.29-16.55.07:577][166]LogModuleManager: Shutting down and abandoning module UdpMessaging (296)
[2025.09.29-16.55.07:678][166]LogModuleManager: Shutting down and abandoning module TcpMessaging (294)
[2025.09.29-16.55.07:778][166]LogModuleManager: Shutting down and abandoning module MagicLeapIdentity (292)
[2025.09.29-16.55.07:778][166]LogModuleManager: Shutting down and abandoning module MagicLeapSecureStorage (290)
[2025.09.29-16.55.07:778][166]LogModuleManager: Shutting down and abandoning module MagicLeapHandTracking (288)
[2025.09.29-16.55.07:778][166]LogModuleManager: Shutting down and abandoning module MagicLeapEyeTracker (286)
[2025.09.29-16.55.07:778][166]LogModuleManager: Shutting down and abandoning module MagicLeapController (284)
[2025.09.29-16.55.07:778][166]LogSlate: Slate User Destroyed.  User Index 0, Is Virtual User: 0
[2025.09.29-16.55.07:778][166]LogModuleManager: Shutting down and abandoning module MagicLeapAR (282)
[2025.09.29-16.55.07:778][166]LogModuleManager: Shutting down and abandoning module AugmentedReality (281)
[2025.09.29-16.55.07:778][166]LogModuleManager: Shutting down and abandoning module GameplayTagsEditor (278)
[2025.09.29-16.55.07:778][166]LogModuleManager: Shutting down and abandoning module FacialAnimationEditor (276)
[2025.09.29-16.55.07:778][166]LogModuleManager: Shutting down and abandoning module FacialAnimation (274)
[2025.09.29-16.55.07:778][166]LogModuleManager: Shutting down and abandoning module DataValidation (272)
[2025.09.29-16.55.07:778][166]LogModuleManager: Shutting down and abandoning module AssetManagerEditor (270)
[2025.09.29-16.55.07:778][166]LogModuleManager: Shutting down and abandoning module LevelEditor (269)
[2025.09.29-16.55.07:779][166]LogModuleManager: Shutting down and abandoning module PixelInspectorModule (268)
[2025.09.29-16.55.07:779][166]LogModuleManager: Shutting down and abandoning module CommonMenuExtensions (266)
[2025.09.29-16.55.07:779][166]LogModuleManager: Shutting down and abandoning module MainFrame (264)
[2025.09.29-16.55.07:779][166]LogModuleManager: Shutting down and abandoning module HotReload (263)
[2025.09.29-16.55.07:779][166]LogModuleManager: Shutting down and abandoning module ContentBrowser (259)
[2025.09.29-16.55.07:781][166]LogModuleManager: Shutting down and abandoning module TreeMap (257)
[2025.09.29-16.55.07:781][166]LogModuleManager: Shutting down and abandoning module AnimationSharing (254)
[2025.09.29-16.55.07:781][166]LogModuleManager: Shutting down and abandoning module LightPropagationVolumeRuntime (252)
[2025.09.29-16.55.07:781][166]LogModuleManager: Shutting down and abandoning module Paper2D (250)
[2025.09.29-16.55.07:781][166]LogModuleManager: Shutting down and abandoning module WindowsMoviePlayer (248)
[2025.09.29-16.55.07:785][166]LogModuleManager: Shutting down and abandoning module WebMMoviePlayer (246)
[2025.09.29-16.55.07:785][166]LogModuleManager: Shutting down and abandoning module NetworkReplayStreaming (244)
[2025.09.29-16.55.07:785][166]LogModuleManager: Shutting down and abandoning module PacketHandler (242)
[2025.09.29-16.55.07:785][166]LogModuleManager: Shutting down and abandoning module ClothingSystemEditor (240)
[2025.09.29-16.55.07:785][166]LogModuleManager: Shutting down and abandoning module ClothingSystemRuntime (238)
[2025.09.29-16.55.07:785][166]LogModuleManager: Shutting down and abandoning module MediaAssets (236)
[2025.09.29-16.55.07:785][166]LogModuleManager: Shutting down and abandoning module Overlay (234)
[2025.09.29-16.55.07:785][166]LogModuleManager: Shutting down and abandoning module OverlayEditor (233)
[2025.09.29-16.55.07:785][166]LogModuleManager: Shutting down and abandoning module VREditor (230)
[2025.09.29-16.55.07:785][166]LogModuleManager: Shutting down and abandoning module StringTableEditor (228)
[2025.09.29-16.55.07:785][166]LogModuleManager: Shutting down and abandoning module GameplayTasksEditor (226)
[2025.09.29-16.55.07:785][166]LogModuleManager: Shutting down and abandoning module BehaviorTreeEditor (224)
[2025.09.29-16.55.07:785][166]LogModuleManager: Shutting down and abandoning module FunctionalTesting (222)
[2025.09.29-16.55.07:785][166]LogModuleManager: Shutting down and abandoning module CollisionAnalyzer (220)
[2025.09.29-16.55.07:785][166]LogModuleManager: Shutting down and abandoning module WorkspaceMenuStructure (219)
[2025.09.29-16.55.07:785][166]LogModuleManager: Shutting down and abandoning module UMG (216)
[2025.09.29-16.55.07:785][166]LogModuleManager: Shutting down and abandoning module UMGEditor (215)
[2025.09.29-16.55.07:785][166]LogModuleManager: Shutting down and abandoning module Sequencer (214)
[2025.09.29-16.55.07:785][166]LogModuleManager: Shutting down and abandoning module MessageLog (211)
[2025.09.29-16.55.07:785][166]LogModuleManager: Shutting down and abandoning module SlateReflector (206)
[2025.09.29-16.55.07:785][166]LogModuleManager: Shutting down and abandoning module Slate (204)
[2025.09.29-16.55.07:785][166]LogModuleManager: Shutting down and abandoning module LandscapeEditorUtilities (202)
[2025.09.29-16.55.07:785][166]LogModuleManager: Shutting down and abandoning module EditorStyle (200)
[2025.09.29-16.55.07:786][166]LogModuleManager: Shutting down and abandoning module UnrealEd (198)
[2025.09.29-16.55.07:786][166]LogModuleManager: Shutting down and abandoning module MRMesh (196)
[2025.09.29-16.55.07:786][166]LogModuleManager: Shutting down and abandoning module SourceCodeAccess (194)
[2025.09.29-16.55.07:786][166]LogModuleManager: Shutting down and abandoning module HeadMountedDisplay (192)
[2025.09.29-16.55.07:786][166]LogModuleManager: Shutting down and abandoning module XAudio2 (190)
[2025.09.29-16.55.07:786][166]LogModuleManager: Shutting down and abandoning module Networking (188)
[2025.09.29-16.55.07:786][166]LogModuleManager: Shutting down and abandoning module Core (186)
[2025.09.29-16.55.07:786][166]LogModuleManager: Shutting down and abandoning module KismetCompiler (184)
[2025.09.29-16.55.07:786][166]LogModuleManager: Shutting down and abandoning module MeshUtilities (182)
[2025.09.29-16.55.07:786][166]LogModuleManager: Shutting down and abandoning module MeshMergeUtilities (181)
[2025.09.29-16.55.07:786][166]LogModuleManager: Shutting down and abandoning module MeshReductionInterface (180)
[2025.09.29-16.55.07:786][166]LogModuleManager: Shutting down and abandoning module SkeletalMeshReduction (179)
[2025.09.29-16.55.07:786][166]LogModuleManager: Shutting down and abandoning module ProxyLODMeshReduction (177)
[2025.09.29-16.55.07:786][166]LogModuleManager: Shutting down and abandoning module QuadricMeshReduction (175)
[2025.09.29-16.55.07:787][166]LogModuleManager: Shutting down and abandoning module MaterialBaking (171)
[2025.09.29-16.55.07:787][166]LogModuleManager: Shutting down and abandoning module NullInstallBundleManager (166)
[2025.09.29-16.55.07:787][166]LogModuleManager: Shutting down and abandoning module DerivedDataCache (164)
[2025.09.29-16.55.07:787][166]LogDerivedDataCache: Shutdown
[2025.09.29-16.55.07:787][166]LogModuleManager: Shutting down and abandoning module XGEController (162)
[2025.09.29-16.55.07:787][166]LogXGEController: Cleaning working directory: C:/Users/filip/AppData/Local/Temp/UnrealXGEWorkingDir/
[2025.09.29-16.55.07:787][166]LogModuleManager: Shutting down and abandoning module TargetPlatform (160)
[2025.09.29-16.55.07:787][166]LogModuleManager: Shutting down and abandoning module VulkanShaderFormat (159)
[2025.09.29-16.55.07:787][166]LogModuleManager: Shutting down and abandoning module ShaderFormatVectorVM (157)
[2025.09.29-16.55.07:787][166]LogModuleManager: Shutting down and abandoning module ShaderFormatOpenGL (155)
[2025.09.29-16.55.07:787][166]LogModuleManager: Shutting down and abandoning module ShaderFormatD3D (153)
[2025.09.29-16.55.07:787][166]LogModuleManager: Shutting down and abandoning module MetalShaderFormat (151)
[2025.09.29-16.55.07:787][166]LogModuleManager: Shutting down and abandoning module TextureFormatUncompressed (149)
[2025.09.29-16.55.07:787][166]LogModuleManager: Shutting down and abandoning module TextureFormatPVR (147)
[2025.09.29-16.55.07:787][166]LogModuleManager: Shutting down and abandoning module TextureFormatDXT (145)
[2025.09.29-16.55.07:787][166]LogModuleManager: Shutting down and abandoning module TextureFormatIntelISPCTexComp (143)
[2025.09.29-16.55.07:787][166]LogModuleManager: Shutting down and abandoning module TextureFormatASTC (141)
[2025.09.29-16.55.07:787][166]LogModuleManager: Shutting down and abandoning module ImageWrapper (140)
[2025.09.29-16.55.07:787][166]LogModuleManager: Shutting down and abandoning module TextureFormatAndroid (137)
[2025.09.29-16.55.07:787][166]LogModuleManager: Shutting down and abandoning module AudioFormatOpus (135)
[2025.09.29-16.55.07:787][166]LogModuleManager: Shutting down and abandoning module AudioFormatOgg (133)
[2025.09.29-16.55.07:787][166]LogModuleManager: Shutting down and abandoning module AudioFormatADPCM (131)
[2025.09.29-16.55.07:787][166]LogModuleManager: Shutting down and abandoning module LuminTargetPlatform (129)
[2025.09.29-16.55.07:791][166]LogModuleManager: Shutting down and abandoning module LinuxTargetPlatform (127)
[2025.09.29-16.55.07:792][166]LogModuleManager: Shutting down and abandoning module LinuxServerTargetPlatform (125)
[2025.09.29-16.55.07:792][166]LogModuleManager: Shutting down and abandoning module LinuxNoEditorTargetPlatform (123)
[2025.09.29-16.55.07:792][166]LogModuleManager: Shutting down and abandoning module LinuxClientTargetPlatform (121)
[2025.09.29-16.55.07:792][166]LogModuleManager: Shutting down and abandoning module TVOSTargetPlatform (119)
[2025.09.29-16.55.07:794][166]LogModuleManager: Shutting down and abandoning module Messaging (117)
[2025.09.29-16.55.07:794][166]LogModuleManager: Shutting down and abandoning module IOSTargetPlatform (115)
[2025.09.29-16.55.07:796][166]LogModuleManager: Shutting down and abandoning module HTML5TargetPlatform (113)
[2025.09.29-16.55.07:796][166]LogModuleManager: Shutting down and abandoning module AndroidTargetPlatform (111)
[2025.09.29-16.55.07:813][166]LogModuleManager: Shutting down and abandoning module WindowsTargetPlatform (109)
[2025.09.29-16.55.07:813][166]LogModuleManager: Shutting down and abandoning module WindowsServerTargetPlatform (107)
[2025.09.29-16.55.07:813][166]LogModuleManager: Shutting down and abandoning module WindowsNoEditorTargetPlatform (105)
[2025.09.29-16.55.07:813][166]LogModuleManager: Shutting down and abandoning module WindowsClientTargetPlatform (103)
[2025.09.29-16.55.07:813][166]LogModuleManager: Shutting down and abandoning module MacTargetPlatform (101)
[2025.09.29-16.55.07:813][166]LogModuleManager: Shutting down and abandoning module MacServerTargetPlatform (99)
[2025.09.29-16.55.07:813][166]LogModuleManager: Shutting down and abandoning module MacNoEditorTargetPlatform (97)
[2025.09.29-16.55.07:813][166]LogModuleManager: Shutting down and abandoning module MacClientTargetPlatform (95)
[2025.09.29-16.55.07:813][166]LogModuleManager: Shutting down and abandoning module AllDesktopTargetPlatform (93)
[2025.09.29-16.55.07:813][166]LogModuleManager: Shutting down and abandoning module InputCore (90)
[2025.09.29-16.55.07:813][166]LogModuleManager: Shutting down and abandoning module Settings (88)
[2025.09.29-16.55.07:813][166]LogModuleManager: Shutting down and abandoning module DirectoryWatcher (86)
[2025.09.29-16.55.07:813][166]LogModuleManager: Shutting down and abandoning module PhysXCooking (84)
[2025.09.29-16.55.07:813][166]LogModuleManager: Shutting down and abandoning module WindowsPlatformFeatures (82)
[2025.09.29-16.55.07:813][166]LogModuleManager: Shutting down and abandoning module GameplayMediaEncoder (81)
[2025.09.29-16.55.07:813][166]LogModuleManager: Shutting down and abandoning module SteamVR (78)
[2025.09.29-16.55.07:813][166]LogHMD: Freeing OpenVRDLLHandle.
[2025.09.29-16.55.07:813][166]LogModuleManager: Shutting down and abandoning module OculusHMD (76)
[2025.09.29-16.55.07:813][166]LogModuleManager: Shutting down and abandoning module ExampleDeviceProfileSelector (74)
[2025.09.29-16.55.07:813][166]LogModuleManager: Shutting down and abandoning module LauncherChunkInstaller (72)
[2025.09.29-16.55.07:813][166]LogModuleManager: Shutting down and abandoning module OnlineBlueprintSupport (70)
[2025.09.29-16.55.07:813][166]LogModuleManager: Shutting down and abandoning module OnlineSubsystem (66)
[2025.09.29-16.55.07:814][166]LogModuleManager: Shutting down and abandoning module XMPP (61)
[2025.09.29-16.55.07:814][166]LogModuleManager: Shutting down and abandoning module WebSockets (60)
[2025.09.29-16.55.07:818][166]LogModuleManager: Shutting down and abandoning module HTTP (57)
[2025.09.29-16.55.07:818][166]LogHttp: Display: Http module shutting down, but needs to wait on 2 outstanding Http requests:
[2025.09.29-16.55.07:818][166]LogHttp: Display: 	verb=[POST] url=[https://datarouter.ol.epicgames.com/datarouter/api/v1/public/data?SessionID=%7B7775EF4D-47CA-91E7-23E1-11AB107ABE6A%7D&AppID=UEEditor.Rocket.Release&AppVersion=4.23.1-9631420%2B%2B%2BUE4%2BRelease-4.23&UserID=949d6d2f4e73f47cf0df6da8ac6ec544%7Cf6505ac2318441b49fa9ef8f1a88c912%7Ce6497920-171f-4fd8-8745-10581ae91647&AppEnvironment=datacollector-binary&UploadType=eteventstream] status=Processing
[2025.09.29-16.55.07:818][166]LogHttp: Display: 	verb=[POST] url=[https://datarouter.ol.epicgames.com/datarouter/api/v1/public/data?SessionID=%7B7775EF4D-47CA-91E7-23E1-11AB107ABE6A%7D&AppID=UEEditor.Rocket.Release&AppVersion=4.23.1-9631420%2B%2B%2BUE4%2BRelease-4.23&UserID=949d6d2f4e73f47cf0df6da8ac6ec544%7Cf6505ac2318441b49fa9ef8f1a88c912%7Ce6497920-171f-4fd8-8745-10581ae91647&AppEnvironment=datacollector-binary&UploadType=eteventstream] status=Processing
[2025.09.29-16.55.07:837][166]LogModuleManager: Shutting down and abandoning module SSL (56)
[2025.09.29-16.55.07:838][166]LogModuleManager: Shutting down and abandoning module WmfMedia (52)
[2025.09.29-16.55.07:839][166]LogModuleManager: Shutting down and abandoning module Media (51)
[2025.09.29-16.55.07:839][166]LogModuleManager: Shutting down and abandoning module MagicLeap (48)
[2025.09.29-16.55.07:839][166]LogModuleManager: Shutting down and abandoning module DatasmithContent (46)
[2025.09.29-16.55.07:840][166]LogModuleManager: Shutting down and abandoning module AISupportModule (44)
[2025.09.29-16.55.07:840][166]LogModuleManager: Shutting down and abandoning module PlatformCryptoOpenSSL (42)
[2025.09.29-16.55.07:840][166]LogModuleManager: Shutting down and abandoning module PlatformCrypto (40)
[2025.09.29-16.55.07:840][166]LogModuleManager: Shutting down and abandoning module AnimationModifiers (38)
[2025.09.29-16.55.07:840][166]LogModuleManager: Shutting down and abandoning module PropertyEditor (37)
[2025.09.29-16.55.07:842][166]LogModuleManager: Shutting down and abandoning module AudioEditor (34)
[2025.09.29-16.55.07:842][166]LogModuleManager: Shutting down and abandoning module TextureCompressor (32)
[2025.09.29-16.55.07:842][166]LogModuleManager: Shutting down and abandoning module RenderCore (30)
[2025.09.29-16.55.07:842][166]LogModuleManager: Shutting down and abandoning module Landscape (28)
[2025.09.29-16.55.07:842][166]LogModuleManager: Shutting down and abandoning module SlateRHIRenderer (26)
[2025.09.29-16.55.07:845][166]LogModuleManager: Shutting down and abandoning module OpenGLDrv (24)
[2025.09.29-16.55.07:845][166]LogModuleManager: Shutting down and abandoning module D3D11RHI (22)
[2025.09.29-16.55.07:845][166]LogModuleManager: Shutting down and abandoning module AnimGraphRuntime (20)
[2025.09.29-16.55.07:845][166]LogModuleManager: Shutting down and abandoning module Renderer (18)
[2025.09.29-16.55.07:845][166]LogModuleManager: Shutting down and abandoning module Engine (16)
[2025.09.29-16.55.07:845][166]LogModuleManager: Shutting down and abandoning module CoreUObject (14)
[2025.09.29-16.55.07:845][166]LogModuleManager: Shutting down and abandoning module NetworkFile (12)
[2025.09.29-16.55.07:845][166]LogModuleManager: Shutting down and abandoning module CookedIterativeFile (10)
[2025.09.29-16.55.07:845][166]LogModuleManager: Shutting down and abandoning module StreamingFile (8)
[2025.09.29-16.55.07:845][166]LogModuleManager: Shutting down and abandoning module SandboxFile (6)
[2025.09.29-16.55.07:845][166]LogModuleManager: Shutting down and abandoning module PakFile (4)
[2025.09.29-16.55.07:845][166]LogModuleManager: Shutting down and abandoning module RSA (3)
[2025.09.29-16.55.07:848][166]LogD3D11RHI: Shutdown
[2025.09.29-16.55.07:848][166]LogD3D11RHI: CleanupD3DDevice
[2025.09.29-16.55.07:849][166]LogRendererCore: FGlobalDynamicReadBuffer::Cleanup()
[2025.09.29-16.55.07:849][166]LogRendererCore: FGlobalDynamicReadBuffer::Cleanup()
[2025.09.29-16.55.07:849][166]LogRendererCore: FGlobalDynamicReadBuffer::Cleanup()
[2025.09.29-16.55.07:859][166]LogD3D11RHI: ~FD3D11DynamicRHI
[2025.09.29-16.55.07:867][166]LogExit: Exiting.
[2025.09.29-16.55.07:878][166]Log file closed, 09/29/25 18:55:07
