Log file open, 09/27/25 12:08:11
LogWindows: Failed to load 'aqProf.dll' (GetLastError=126)
LogWindows: File 'aqProf.dll' does not exist
LogWindows: Failed to load 'VtuneApi.dll' (GetLastError=126)
LogWindows: File 'VtuneApi.dll' does not exist
LogWindows: Failed to load 'VtuneApi32e.dll' (GetLastError=126)
LogWindows: File 'VtuneApi32e.dll' does not exist
LogConsoleResponse: Display: Failed to find resolution value strings in scalability ini. Falling back to default.
LogInit: Display: Running engine for game: GameJamCrew
LogPlatformFile: Not using cached read wrapper
LogTaskGraph: Started task graph with 5 named threads and 47 total threads with 3 sets of task threads.
LogStats: Stats thread started at 0.040545
LogD3D11RHI: Loaded GFSDK_Aftermath_Lib.x64.dll
LogICUInternationalization: ICU TimeZone Detection - Raw Offset: +2:00, Platform Override: ''
LogPluginManager: Mounting plugin Paper2D
LogPluginManager: Mounting plugin AISupport
LogPluginManager: Mounting plugin LightPropagationVolume
LogPluginManager: Mounting plugin ActorLayerUtilities
LogPluginManager: Mounting plugin AnimationSharing
LogPluginManager: Mounting plugin CLionSourceCodeAccess
LogPluginManager: Mounting plugin CodeLiteSourceCodeAccess
LogPluginManager: Mounting plugin GitSourceControl
LogPluginManager: Mounting plugin KDevelopSourceCodeAccess
LogPluginManager: Mounting plugin NullSourceCodeAccess
LogPluginManager: Mounting plugin PerforceSourceControl
LogPluginManager: Mounting plugin SubversionSourceControl
LogPluginManager: Mounting plugin UObjectPlugin
LogPluginManager: Mounting plugin VisualStudioCodeSourceCodeAccess
LogPluginManager: Mounting plugin VisualStudioSourceCodeAccess
LogPluginManager: Mounting plugin XCodeSourceCodeAccess
LogPluginManager: Mounting plugin AssetManagerEditor
LogPluginManager: Mounting plugin CryptoKeys
LogPluginManager: Mounting plugin CurveEditorTools
LogPluginManager: Mounting plugin DataValidation
LogPluginManager: Mounting plugin FacialAnimation
LogPluginManager: Mounting plugin GameplayTagsEditor
LogPluginManager: Mounting plugin MacGraphicsSwitching
LogPluginManager: Mounting plugin MaterialAnalyzer
LogPluginManager: Mounting plugin MobileLauncherProfileWizard
LogPluginManager: Mounting plugin PluginBrowser
LogPluginManager: Mounting plugin SpeedTreeImporter
LogPluginManager: Mounting plugin DatasmithContent
LogPluginManager: Mounting plugin VariantManagerContent
LogPluginManager: Mounting plugin AlembicImporter
LogPluginManager: Mounting plugin AutomationUtils
LogPluginManager: Mounting plugin BackChannel
LogPluginManager: Mounting plugin CharacterAI
LogPluginManager: Mounting plugin GeometryCache
LogPluginManager: Mounting plugin HTML5Networking
LogPluginManager: Mounting plugin PlatformCrypto
LogPluginManager: Mounting plugin ProxyLODPlugin
LogPluginManager: Mounting plugin SkeletalReduction
LogPluginManager: Mounting plugin MagicLeap
LogPluginManager: Mounting plugin MagicLeapMedia
LogPluginManager: Mounting plugin AndroidMedia
LogPluginManager: Mounting plugin AvfMedia
LogPluginManager: Mounting plugin ImgMedia
LogPluginManager: Mounting plugin MediaCompositing
LogPluginManager: Mounting plugin MediaPlayerEditor
LogPluginManager: Mounting plugin WebMMedia
LogPluginManager: Mounting plugin WmfMedia
LogPluginManager: Mounting plugin TcpMessaging
LogPluginManager: Mounting plugin UdpMessaging
LogPluginManager: Mounting plugin ActorSequence
LogPluginManager: Mounting plugin LevelSequenceEditor
LogPluginManager: Mounting plugin MatineeToLevelSequence
LogPluginManager: Mounting plugin NetcodeUnitTest
LogPluginManager: Mounting plugin NUTUnrealEngine4
LogPluginManager: Mounting plugin OnlineSubsystemGooglePlay
LogPluginManager: Mounting plugin OnlineSubsystemIOS
LogPluginManager: Mounting plugin OnlineSubsystem
LogPluginManager: Mounting plugin OnlineSubsystemNull
LogPluginManager: Mounting plugin OnlineSubsystemUtils
LogPluginManager: Mounting plugin LauncherChunkInstaller
LogPluginManager: Mounting plugin AndroidDeviceProfileSelector
LogPluginManager: Mounting plugin AndroidMoviePlayer
LogPluginManager: Mounting plugin AndroidPermission
LogPluginManager: Mounting plugin AppleImageUtils
LogPluginManager: Mounting plugin AppleMoviePlayer
LogPluginManager: Mounting plugin ArchVisCharacter
LogPluginManager: Mounting plugin AudioCapture
LogPluginManager: Mounting plugin CableComponent
LogPluginManager: Mounting plugin CustomMeshComponent
LogPluginManager: Mounting plugin EditableMesh
LogPluginManager: Mounting plugin ExampleDeviceProfileSelector
LogPluginManager: Mounting plugin GoogleCloudMessaging
LogPluginManager: Mounting plugin IOSDeviceProfileSelector
LogPluginManager: Mounting plugin LinuxDeviceProfileSelector
LogPluginManager: Mounting plugin LocationServicesBPLibrary
LogPluginManager: Mounting plugin MobilePatchingUtils
LogPluginManager: Mounting plugin OculusVR
LogPluginManager: Mounting plugin PhysXVehicles
LogPluginManager: Mounting plugin ProceduralMeshComponent
LogPluginManager: Mounting plugin RuntimePhysXCooking
LogPluginManager: Mounting plugin SignificanceManager
LogPluginManager: Mounting plugin SteamVR
LogPluginManager: Mounting plugin WebMMoviePlayer
LogPluginManager: Mounting plugin WindowsMoviePlayer
LogPluginManager: Mounting plugin ScreenshotTools
LogInit: Using libcurl 7.55.1-DEV
LogInit:  - built for x86_64-pc-win32
LogInit:  - supports SSL with OpenSSL/1.1.1
LogInit:  - supports HTTP deflate (compression) using libz 1.2.8
LogInit:  - other features:
LogInit:      CURL_VERSION_SSL
LogInit:      CURL_VERSION_LIBZ
LogInit:      CURL_VERSION_IPV6
LogInit:      CURL_VERSION_ASYNCHDNS
LogInit:      CURL_VERSION_LARGEFILE
LogInit:      CURL_VERSION_IDN
LogInit:  CurlRequestOptions (configurable via config and command line):
LogInit:  - bVerifyPeer = true  - Libcurl will verify peer certificate
LogInit:  - bUseHttpProxy = false  - Libcurl will NOT use HTTP proxy
LogInit:  - bDontReuseConnections = false  - Libcurl will reuse connections
LogInit:  - MaxHostConnections = 16  - Libcurl will limit the number of connections to a host
LogInit:  - LocalHostAddr = Default
LogInit:  - BufferSize = 65536
LogOnline: OSS: Creating online subsystem instance for: NULL
LogInit: WinSock: version 1.1 (2.2), MaxSocks=32767, MaxUdp=65467
LogInit: Build: ++UE4+Release-4.23-CL-9631420
LogInit: Engine Version: 4.23.1-9631420+++UE4+Release-4.23
LogInit: Compatible Engine Version: 4.23.0-8386587+++UE4+Release-4.23
LogInit: Net CL: 8386587
LogInit: OS: Windows 10 (Release 2009) (), CPU: AMD Ryzen 7 9700X 8-Core Processor             , GPU: NVIDIA GeForce RTX 5070
LogInit: Compiled (64-bit): Oct 18 2019 02:07:44
LogInit: Compiled with Visual C++: 19.16.27030.01
LogInit: Build Configuration: Development
LogInit: Branch Name: ++UE4+Release-4.23
LogInit: Command Line:  -AUTH_LOGIN=unused -AUTH_PASSWORD=2d989ba006e747b58ae578bc454a52e1 -AUTH_TYPE=exchangecode -epicapp=UE_4.23 -epicenv=Prod -EpicPortal -epicusername=KLIX100 -epicuserid=817ac0c8b8ec4586b1a7d191863bddae -epiclocale=en -epicsandboxid=ue
LogInit: Base Directory: C:/Program Files/Epic Games/UE_4.23/Engine/Binaries/Win64/
LogInit: Installed Engine Build: 1
LogDevObjectVersion: Number of dev versions registered: 23
LogDevObjectVersion:   Dev-Blueprints (B0D832E4-1F89-4F0D-ACCF-7EB736FD4AA2): 10
LogDevObjectVersion:   Dev-Build (E1C64328-A22C-4D53-A36C-8E866417BD8C): 0
LogDevObjectVersion:   Dev-Core (375EC13C-06E4-48FB-B500-84F0262A717E): 3
LogDevObjectVersion:   Dev-Editor (E4B068ED-F494-42E9-A231-DA0B2E46BB41): 34
LogDevObjectVersion:   Dev-Framework (CFFC743F-43B0-4480-9391-14DF171D2073): 35
LogDevObjectVersion:   Dev-Mobile (B02B49B5-BB20-44E9-A304-32B752E40360): 2
LogDevObjectVersion:   Dev-Networking (A4E4105C-59A1-49B5-A7C5-40C4547EDFEE): 0
LogDevObjectVersion:   Dev-Online (39C831C9-5AE6-47DC-9A44-9C173E1C8E7C): 0
LogDevObjectVersion:   Dev-Physics (78F01B33-EBEA-4F98-B9B4-84EACCB95AA2): 0
LogDevObjectVersion:   Dev-Platform (6631380F-2D4D-43E0-8009-CF276956A95A): 0
LogDevObjectVersion:   Dev-Rendering (12F88B9F-8875-4AFC-A67C-D90C383ABD29): 31
LogDevObjectVersion:   Dev-Sequencer (7B5AE74C-D270-4C10-A958-57980B212A5A): 11
LogDevObjectVersion:   Dev-VR (D7296918-1DD6-4BDD-9DE2-64A83CC13884): 2
LogDevObjectVersion:   Dev-LoadTimes (C2A15278-BFE7-4AFE-6C17-90FF531DF755): 1
LogDevObjectVersion:   Private-Geometry (6EACA3D4-40EC-4CC1-B786-8BED09428FC5): 3
LogDevObjectVersion:   Dev-AnimPhys (29E575DD-E0A3-4627-9D10-D276232CDCEA): 17
LogDevObjectVersion:   Dev-Anim (AF43A65D-7FD3-4947-9873-3E8ED9C1BB05): 2
LogDevObjectVersion:   Dev-ReflectionCapture (6B266CEC-1EC7-4B8F-A30B-E4D90942FC07): 1
LogDevObjectVersion:   Dev-Automation (0DF73D61-A23F-47EA-B727-89E90C41499A): 1
LogDevObjectVersion:   FortniteMain (601D1886-AC64-4F84-AA16-D3DE0DEAC7D6): 27
LogDevObjectVersion:   Dev-Enterprise (9DFFBCD6-494F-0158-E221-12823C92A888): 6
LogDevObjectVersion:   Dev-Niagara (F2AED0AC-9AFE-416F-8664-AA7FFA26D6FC): 1
LogDevObjectVersion:   Dev-Destruction (174F1F0B-B4C6-45A5-B13F-2EE8D0FB917D): 9
LogInit: Presizing for max 16777216 objects, including 0 objects not considered by GC, pre-allocating 0 bytes for permanent pool.
LogInit: Object subsystem initialized
LogConfig: Setting CVar [[con.DebugEarlyDefault:1]]
LogConfig: Setting CVar [[r.setres:1280x720]]
[2025.09.27-09.08.11:216][  0]LogConfig: Setting CVar [[r.VSync:0]]
[2025.09.27-09.08.11:216][  0]LogConfig: Setting CVar [[r.RHICmdBypass:0]]
[2025.09.27-09.08.11:216][  0]LogConfig: Applying CVar settings from Section [/Script/Engine.RendererSettings] File [E:/GameDev/hggjam/GameJamHGGUnreal4.23.1/GameJamCrew/Saved/Config/Windows/Engine.ini]
[2025.09.27-09.08.11:216][  0]LogConfig: Setting CVar [[r.GPUCrashDebugging:0]]
[2025.09.27-09.08.11:216][  0]LogConfig: Applying CVar settings from Section [/Script/Engine.RendererOverrideSettings] File [E:/GameDev/hggjam/GameJamHGGUnreal4.23.1/GameJamCrew/Saved/Config/Windows/Engine.ini]
[2025.09.27-09.08.11:216][  0]LogConfig: Applying CVar settings from Section [/Script/Engine.StreamingSettings] File [E:/GameDev/hggjam/GameJamHGGUnreal4.23.1/GameJamCrew/Saved/Config/Windows/Engine.ini]
[2025.09.27-09.08.11:216][  0]LogConfig: Setting CVar [[s.MinBulkDataSizeForAsyncLoading:131072]]
[2025.09.27-09.08.11:216][  0]LogConfig: Setting CVar [[s.AsyncLoadingThreadEnabled:0]]
[2025.09.27-09.08.11:216][  0]LogConfig: Setting CVar [[s.EventDrivenLoaderEnabled:1]]
[2025.09.27-09.08.11:216][  0]LogConfig: Setting CVar [[s.WarnIfTimeLimitExceeded:0]]
[2025.09.27-09.08.11:216][  0]LogConfig: Setting CVar [[s.TimeLimitExceededMultiplier:1.5]]
[2025.09.27-09.08.11:216][  0]LogConfig: Setting CVar [[s.TimeLimitExceededMinTime:0.005]]
[2025.09.27-09.08.11:216][  0]LogConfig: Setting CVar [[s.UseBackgroundLevelStreaming:1]]
[2025.09.27-09.08.11:216][  0]LogConfig: Setting CVar [[s.PriorityAsyncLoadingExtraTime:15.0]]
[2025.09.27-09.08.11:216][  0]LogConfig: Setting CVar [[s.LevelStreamingActorsUpdateTimeLimit:5.0]]
[2025.09.27-09.08.11:216][  0]LogConfig: Setting CVar [[s.PriorityLevelStreamingActorsUpdateExtraTime:5.0]]
[2025.09.27-09.08.11:216][  0]LogConfig: Setting CVar [[s.LevelStreamingComponentsRegistrationGranularity:10]]
[2025.09.27-09.08.11:216][  0]LogConfig: Setting CVar [[s.UnregisterComponentsTimeLimit:1.0]]
[2025.09.27-09.08.11:216][  0]LogConfig: Setting CVar [[s.LevelStreamingComponentsUnregistrationGranularity:5]]
[2025.09.27-09.08.11:216][  0]LogConfig: Applying CVar settings from Section [/Script/Engine.GarbageCollectionSettings] File [E:/GameDev/hggjam/GameJamHGGUnreal4.23.1/GameJamCrew/Saved/Config/Windows/Engine.ini]
[2025.09.27-09.08.11:216][  0]LogConfig: Setting CVar [[gc.MaxObjectsNotConsideredByGC:1]]
[2025.09.27-09.08.11:216][  0]LogConfig: Setting CVar [[gc.SizeOfPermanentObjectPool:0]]
[2025.09.27-09.08.11:216][  0]LogConfig: Setting CVar [[gc.FlushStreamingOnGC:0]]
[2025.09.27-09.08.11:216][  0]LogConfig: Setting CVar [[gc.NumRetriesBeforeForcingGC:10]]
[2025.09.27-09.08.11:216][  0]LogConfig: Setting CVar [[gc.AllowParallelGC:1]]
[2025.09.27-09.08.11:216][  0]LogConfig: Setting CVar [[gc.TimeBetweenPurgingPendingKillObjects:61.1]]
[2025.09.27-09.08.11:216][  0]LogConfig: Setting CVar [[gc.MaxObjectsInEditor:16777216]]
[2025.09.27-09.08.11:216][  0]LogConfig: Setting CVar [[gc.IncrementalBeginDestroyEnabled:1]]
[2025.09.27-09.08.11:216][  0]LogConfig: Setting CVar [[gc.CreateGCClusters:1]]
[2025.09.27-09.08.11:216][  0]LogConfig: Setting CVar [[gc.MinGCClusterSize:5]]
[2025.09.27-09.08.11:216][  0]LogConfig: Setting CVar [[gc.ActorClusteringEnabled:0]]
[2025.09.27-09.08.11:216][  0]LogConfig: Setting CVar [[gc.BlueprintClusteringEnabled:0]]
[2025.09.27-09.08.11:216][  0]LogConfig: Setting CVar [[gc.UseDisregardForGCOnDedicatedServers:0]]
[2025.09.27-09.08.11:216][  0]LogConfig: Applying CVar settings from Section [/Script/Engine.NetworkSettings] File [E:/GameDev/hggjam/GameJamHGGUnreal4.23.1/GameJamCrew/Saved/Config/Windows/Engine.ini]
[2025.09.27-09.08.11:216][  0]LogConfig: Applying CVar settings from Section [/Script/UnrealEd.CookerSettings] File [E:/GameDev/hggjam/GameJamHGGUnreal4.23.1/GameJamCrew/Saved/Config/Windows/Engine.ini]
[2025.09.27-09.08.11:218][  0]LogConfig: Applying CVar settings from Section [ViewDistanceQuality@3] File [E:/GameDev/hggjam/GameJamHGGUnreal4.23.1/GameJamCrew/Saved/Config/Windows/Scalability.ini]
[2025.09.27-09.08.11:218][  0]LogConfig: Setting CVar [[r.SkeletalMeshLODBias:0]]
[2025.09.27-09.08.11:218][  0]LogConfig: Setting CVar [[r.ViewDistanceScale:1.0]]
[2025.09.27-09.08.11:218][  0]LogConfig: Applying CVar settings from Section [AntiAliasingQuality@3] File [E:/GameDev/hggjam/GameJamHGGUnreal4.23.1/GameJamCrew/Saved/Config/Windows/Scalability.ini]
[2025.09.27-09.08.11:218][  0]LogConfig: Setting CVar [[r.PostProcessAAQuality:4]]
[2025.09.27-09.08.11:218][  0]LogConfig: Applying CVar settings from Section [ShadowQuality@3] File [E:/GameDev/hggjam/GameJamHGGUnreal4.23.1/GameJamCrew/Saved/Config/Windows/Scalability.ini]
[2025.09.27-09.08.11:218][  0]LogConfig: Setting CVar [[r.LightFunctionQuality:1]]
[2025.09.27-09.08.11:218][  0]LogConfig: Setting CVar [[r.ShadowQuality:5]]
[2025.09.27-09.08.11:218][  0]LogConfig: Setting CVar [[r.Shadow.CSM.MaxCascades:10]]
[2025.09.27-09.08.11:218][  0]LogConfig: Setting CVar [[r.Shadow.MaxResolution:2048]]
[2025.09.27-09.08.11:218][  0]LogConfig: Setting CVar [[r.Shadow.MaxCSMResolution:2048]]
[2025.09.27-09.08.11:218][  0]LogConfig: Setting CVar [[r.Shadow.RadiusThreshold:0.01]]
[2025.09.27-09.08.11:218][  0]LogConfig: Setting CVar [[r.Shadow.DistanceScale:1.0]]
[2025.09.27-09.08.11:218][  0]LogConfig: Setting CVar [[r.Shadow.CSM.TransitionScale:1.0]]
[2025.09.27-09.08.11:218][  0]LogConfig: Setting CVar [[r.Shadow.PreShadowResolutionFactor:1.0]]
[2025.09.27-09.08.11:218][  0]LogConfig: Setting CVar [[r.DistanceFieldShadowing:1]]
[2025.09.27-09.08.11:218][  0]LogConfig: Setting CVar [[r.DistanceFieldAO:1]]
[2025.09.27-09.08.11:218][  0]LogConfig: Setting CVar [[r.AOQuality:2]]
[2025.09.27-09.08.11:218][  0]LogConfig: Setting CVar [[r.VolumetricFog:1]]
[2025.09.27-09.08.11:218][  0]LogConfig: Setting CVar [[r.VolumetricFog.GridPixelSize:8]]
[2025.09.27-09.08.11:218][  0]LogConfig: Setting CVar [[r.VolumetricFog.GridSizeZ:128]]
[2025.09.27-09.08.11:218][  0]LogConfig: Setting CVar [[r.VolumetricFog.HistoryMissSupersampleCount:4]]
[2025.09.27-09.08.11:218][  0]LogConfig: Setting CVar [[r.LightMaxDrawDistanceScale:1]]
[2025.09.27-09.08.11:218][  0]LogConfig: Setting CVar [[r.CapsuleShadows:1]]
[2025.09.27-09.08.11:218][  0]LogConfig: Applying CVar settings from Section [PostProcessQuality@3] File [E:/GameDev/hggjam/GameJamHGGUnreal4.23.1/GameJamCrew/Saved/Config/Windows/Scalability.ini]
[2025.09.27-09.08.11:218][  0]LogConfig: Setting CVar [[r.MotionBlurQuality:4]]
[2025.09.27-09.08.11:218][  0]LogConfig: Setting CVar [[r.AmbientOcclusionMipLevelFactor:0.4]]
[2025.09.27-09.08.11:218][  0]LogConfig: Setting CVar [[r.AmbientOcclusionMaxQuality:100]]
[2025.09.27-09.08.11:218][  0]LogConfig: Setting CVar [[r.AmbientOcclusionLevels:-1]]
[2025.09.27-09.08.11:218][  0]LogConfig: Setting CVar [[r.AmbientOcclusionRadiusScale:1.0]]
[2025.09.27-09.08.11:218][  0]LogConfig: Setting CVar [[r.DepthOfFieldQuality:2]]
[2025.09.27-09.08.11:218][  0]LogConfig: Setting CVar [[r.RenderTargetPoolMin:400]]
[2025.09.27-09.08.11:218][  0]LogConfig: Setting CVar [[r.LensFlareQuality:2]]
[2025.09.27-09.08.11:218][  0]LogConfig: Setting CVar [[r.SceneColorFringeQuality:1]]
[2025.09.27-09.08.11:218][  0]LogConfig: Setting CVar [[r.EyeAdaptationQuality:2]]
[2025.09.27-09.08.11:218][  0]LogConfig: Setting CVar [[r.BloomQuality:5]]
[2025.09.27-09.08.11:218][  0]LogConfig: Setting CVar [[r.FastBlurThreshold:100]]
[2025.09.27-09.08.11:218][  0]LogConfig: Setting CVar [[r.Upscale.Quality:3]]
[2025.09.27-09.08.11:218][  0]LogConfig: Setting CVar [[r.Tonemapper.GrainQuantization:1]]
[2025.09.27-09.08.11:218][  0]LogConfig: Setting CVar [[r.LightShaftQuality:1]]
[2025.09.27-09.08.11:218][  0]LogConfig: Setting CVar [[r.Filter.SizeScale:1]]
[2025.09.27-09.08.11:218][  0]LogConfig: Setting CVar [[r.Tonemapper.Quality:5]]
[2025.09.27-09.08.11:218][  0]LogConfig: Setting CVar [[r.DOF.Gather.AccumulatorQuality:1        ; higher gathering accumulator quality]]
[2025.09.27-09.08.11:218][  0]LogConfig: Setting CVar [[r.DOF.Gather.PostfilterMethod:1          ; Median3x3 postfilering method]]
[2025.09.27-09.08.11:218][  0]LogConfig: Setting CVar [[r.DOF.Gather.EnableBokehSettings:0       ; no bokeh simulation when gathering]]
[2025.09.27-09.08.11:218][  0]LogConfig: Setting CVar [[r.DOF.Gather.RingCount:4                 ; medium number of samples when gathering]]
[2025.09.27-09.08.11:218][  0]LogConfig: Setting CVar [[r.DOF.Scatter.ForegroundCompositing:1    ; additive foreground scattering]]
[2025.09.27-09.08.11:218][  0]LogConfig: Setting CVar [[r.DOF.Scatter.BackgroundCompositing:2    ; additive background scattering]]
[2025.09.27-09.08.11:218][  0]LogConfig: Setting CVar [[r.DOF.Scatter.EnableBokehSettings:1      ; bokeh simulation when scattering]]
[2025.09.27-09.08.11:218][  0]LogConfig: Setting CVar [[r.DOF.Scatter.MaxSpriteRatio:0.1         ; only a maximum of 10% of scattered bokeh]]
[2025.09.27-09.08.11:218][  0]LogConfig: Setting CVar [[r.DOF.Recombine.Quality:1                ; cheap slight out of focus]]
[2025.09.27-09.08.11:218][  0]LogConfig: Setting CVar [[r.DOF.Recombine.EnableBokehSettings:0    ; no bokeh simulation on slight out of focus]]
[2025.09.27-09.08.11:218][  0]LogConfig: Setting CVar [[r.DOF.TemporalAAQuality:1                ; more stable temporal accumulation]]
[2025.09.27-09.08.11:218][  0]LogConfig: Setting CVar [[r.DOF.Kernel.MaxForegroundRadius:0.025]]
[2025.09.27-09.08.11:218][  0]LogConfig: Setting CVar [[r.DOF.Kernel.MaxBackgroundRadius:0.025]]
[2025.09.27-09.08.11:218][  0]LogConfig: Applying CVar settings from Section [TextureQuality@3] File [E:/GameDev/hggjam/GameJamHGGUnreal4.23.1/GameJamCrew/Saved/Config/Windows/Scalability.ini]
[2025.09.27-09.08.11:218][  0]LogConfig: Setting CVar [[r.Streaming.MipBias:0]]
[2025.09.27-09.08.11:218][  0]LogConfig: Setting CVar [[r.Streaming.AmortizeCPUToGPUCopy:0]]
[2025.09.27-09.08.11:218][  0]LogConfig: Setting CVar [[r.Streaming.MaxNumTexturesToStreamPerFrame:0]]
[2025.09.27-09.08.11:218][  0]LogConfig: Setting CVar [[r.Streaming.Boost:1]]
[2025.09.27-09.08.11:218][  0]LogConfig: Setting CVar [[r.MaxAnisotropy:8]]
[2025.09.27-09.08.11:218][  0]LogConfig: Setting CVar [[r.Streaming.LimitPoolSizeToVRAM:0]]
[2025.09.27-09.08.11:218][  0]LogConfig: Setting CVar [[r.Streaming.PoolSize:1000]]
[2025.09.27-09.08.11:218][  0]LogConfig: Setting CVar [[r.Streaming.MaxEffectiveScreenSize:0]]
[2025.09.27-09.08.11:218][  0]LogConfig: Applying CVar settings from Section [EffectsQuality@3] File [E:/GameDev/hggjam/GameJamHGGUnreal4.23.1/GameJamCrew/Saved/Config/Windows/Scalability.ini]
[2025.09.27-09.08.11:218][  0]LogConfig: Setting CVar [[r.TranslucencyLightingVolumeDim:64]]
[2025.09.27-09.08.11:218][  0]LogConfig: Setting CVar [[r.RefractionQuality:2]]
[2025.09.27-09.08.11:218][  0]LogConfig: Setting CVar [[r.SSR.Quality:3]]
[2025.09.27-09.08.11:218][  0]LogConfig: Setting CVar [[r.SceneColorFormat:4]]
[2025.09.27-09.08.11:218][  0]LogConfig: Setting CVar [[r.DetailMode:2]]
[2025.09.27-09.08.11:218][  0]LogConfig: Setting CVar [[r.TranslucencyVolumeBlur:1]]
[2025.09.27-09.08.11:218][  0]LogConfig: Setting CVar [[r.MaterialQualityLevel:1 ; High quality]]
[2025.09.27-09.08.11:218][  0]LogConfig: Setting CVar [[r.SSS.Scale:1]]
[2025.09.27-09.08.11:218][  0]LogConfig: Setting CVar [[r.SSS.SampleSet:2]]
[2025.09.27-09.08.11:218][  0]LogConfig: Setting CVar [[r.SSS.Quality:1]]
[2025.09.27-09.08.11:218][  0]LogConfig: Setting CVar [[r.SSS.HalfRes:1]]
[2025.09.27-09.08.11:218][  0]LogConfig: Setting CVar [[r.EmitterSpawnRateScale:1.0]]
[2025.09.27-09.08.11:218][  0]LogConfig: Setting CVar [[r.ParticleLightQuality:2]]
[2025.09.27-09.08.11:218][  0]LogConfig: Applying CVar settings from Section [FoliageQuality@3] File [E:/GameDev/hggjam/GameJamHGGUnreal4.23.1/GameJamCrew/Saved/Config/Windows/Scalability.ini]
[2025.09.27-09.08.11:218][  0]LogConfig: Setting CVar [[foliage.DensityScale:1.0]]
[2025.09.27-09.08.11:218][  0]LogConfig: Setting CVar [[grass.DensityScale:1.0]]
[2025.09.27-09.08.11:218][  0]LogInit: Selected Device Profile: [Windows]
[2025.09.27-09.08.11:218][  0]LogInit: Applying CVar settings loaded from the selected device profile: [Windows]
[2025.09.27-09.08.11:219][  0]LogHAL: Display: Platform has ~ 62 GB [66126716928 / 68719476736 / 62], which maps to Largest [LargestMinGB=32, LargerMinGB=12, DefaultMinGB=8, SmallerMinGB=6, SmallestMinGB=0)
[2025.09.27-09.08.11:219][  0]LogInit: Going up to parent DeviceProfile []
[2025.09.27-09.08.11:219][  0]LogConfig: Applying CVar settings from Section [ViewDistanceQuality@3] File [E:/GameDev/hggjam/GameJamHGGUnreal4.23.1/GameJamCrew/Saved/Config/Windows/Scalability.ini]
[2025.09.27-09.08.11:219][  0]LogConfig: Setting CVar [[r.SkeletalMeshLODBias:0]]
[2025.09.27-09.08.11:219][  0]LogConfig: Setting CVar [[r.ViewDistanceScale:1.0]]
[2025.09.27-09.08.11:219][  0]LogConfig: Applying CVar settings from Section [AntiAliasingQuality@3] File [E:/GameDev/hggjam/GameJamHGGUnreal4.23.1/GameJamCrew/Saved/Config/Windows/Scalability.ini]
[2025.09.27-09.08.11:219][  0]LogConfig: Setting CVar [[r.PostProcessAAQuality:4]]
[2025.09.27-09.08.11:219][  0]LogConfig: Applying CVar settings from Section [ShadowQuality@3] File [E:/GameDev/hggjam/GameJamHGGUnreal4.23.1/GameJamCrew/Saved/Config/Windows/Scalability.ini]
[2025.09.27-09.08.11:219][  0]LogConfig: Setting CVar [[r.LightFunctionQuality:1]]
[2025.09.27-09.08.11:219][  0]LogConfig: Setting CVar [[r.ShadowQuality:5]]
[2025.09.27-09.08.11:219][  0]LogConfig: Setting CVar [[r.Shadow.CSM.MaxCascades:10]]
[2025.09.27-09.08.11:219][  0]LogConfig: Setting CVar [[r.Shadow.MaxResolution:2048]]
[2025.09.27-09.08.11:219][  0]LogConfig: Setting CVar [[r.Shadow.MaxCSMResolution:2048]]
[2025.09.27-09.08.11:219][  0]LogConfig: Setting CVar [[r.Shadow.RadiusThreshold:0.01]]
[2025.09.27-09.08.11:219][  0]LogConfig: Setting CVar [[r.Shadow.DistanceScale:1.0]]
[2025.09.27-09.08.11:219][  0]LogConfig: Setting CVar [[r.Shadow.CSM.TransitionScale:1.0]]
[2025.09.27-09.08.11:219][  0]LogConfig: Setting CVar [[r.Shadow.PreShadowResolutionFactor:1.0]]
[2025.09.27-09.08.11:219][  0]LogConfig: Setting CVar [[r.DistanceFieldShadowing:1]]
[2025.09.27-09.08.11:219][  0]LogConfig: Setting CVar [[r.DistanceFieldAO:1]]
[2025.09.27-09.08.11:219][  0]LogConfig: Setting CVar [[r.AOQuality:2]]
[2025.09.27-09.08.11:219][  0]LogConfig: Setting CVar [[r.VolumetricFog:1]]
[2025.09.27-09.08.11:219][  0]LogConfig: Setting CVar [[r.VolumetricFog.GridPixelSize:8]]
[2025.09.27-09.08.11:219][  0]LogConfig: Setting CVar [[r.VolumetricFog.GridSizeZ:128]]
[2025.09.27-09.08.11:219][  0]LogConfig: Setting CVar [[r.VolumetricFog.HistoryMissSupersampleCount:4]]
[2025.09.27-09.08.11:219][  0]LogConfig: Setting CVar [[r.LightMaxDrawDistanceScale:1]]
[2025.09.27-09.08.11:219][  0]LogConfig: Setting CVar [[r.CapsuleShadows:1]]
[2025.09.27-09.08.11:219][  0]LogConfig: Applying CVar settings from Section [PostProcessQuality@3] File [E:/GameDev/hggjam/GameJamHGGUnreal4.23.1/GameJamCrew/Saved/Config/Windows/Scalability.ini]
[2025.09.27-09.08.11:219][  0]LogConfig: Setting CVar [[r.MotionBlurQuality:4]]
[2025.09.27-09.08.11:219][  0]LogConfig: Setting CVar [[r.AmbientOcclusionMipLevelFactor:0.4]]
[2025.09.27-09.08.11:219][  0]LogConfig: Setting CVar [[r.AmbientOcclusionMaxQuality:100]]
[2025.09.27-09.08.11:219][  0]LogConfig: Setting CVar [[r.AmbientOcclusionLevels:-1]]
[2025.09.27-09.08.11:219][  0]LogConfig: Setting CVar [[r.AmbientOcclusionRadiusScale:1.0]]
[2025.09.27-09.08.11:219][  0]LogConfig: Setting CVar [[r.DepthOfFieldQuality:2]]
[2025.09.27-09.08.11:219][  0]LogConfig: Setting CVar [[r.RenderTargetPoolMin:400]]
[2025.09.27-09.08.11:219][  0]LogConfig: Setting CVar [[r.LensFlareQuality:2]]
[2025.09.27-09.08.11:219][  0]LogConfig: Setting CVar [[r.SceneColorFringeQuality:1]]
[2025.09.27-09.08.11:219][  0]LogConfig: Setting CVar [[r.EyeAdaptationQuality:2]]
[2025.09.27-09.08.11:219][  0]LogConfig: Setting CVar [[r.BloomQuality:5]]
[2025.09.27-09.08.11:219][  0]LogConfig: Setting CVar [[r.FastBlurThreshold:100]]
[2025.09.27-09.08.11:219][  0]LogConfig: Setting CVar [[r.Upscale.Quality:3]]
[2025.09.27-09.08.11:219][  0]LogConfig: Setting CVar [[r.Tonemapper.GrainQuantization:1]]
[2025.09.27-09.08.11:219][  0]LogConfig: Setting CVar [[r.LightShaftQuality:1]]
[2025.09.27-09.08.11:219][  0]LogConfig: Setting CVar [[r.Filter.SizeScale:1]]
[2025.09.27-09.08.11:219][  0]LogConfig: Setting CVar [[r.Tonemapper.Quality:5]]
[2025.09.27-09.08.11:219][  0]LogConfig: Setting CVar [[r.DOF.Gather.AccumulatorQuality:1        ; higher gathering accumulator quality]]
[2025.09.27-09.08.11:219][  0]LogConfig: Setting CVar [[r.DOF.Gather.PostfilterMethod:1          ; Median3x3 postfilering method]]
[2025.09.27-09.08.11:219][  0]LogConfig: Setting CVar [[r.DOF.Gather.EnableBokehSettings:0       ; no bokeh simulation when gathering]]
[2025.09.27-09.08.11:219][  0]LogConfig: Setting CVar [[r.DOF.Gather.RingCount:4                 ; medium number of samples when gathering]]
[2025.09.27-09.08.11:219][  0]LogConfig: Setting CVar [[r.DOF.Scatter.ForegroundCompositing:1    ; additive foreground scattering]]
[2025.09.27-09.08.11:219][  0]LogConfig: Setting CVar [[r.DOF.Scatter.BackgroundCompositing:2    ; additive background scattering]]
[2025.09.27-09.08.11:219][  0]LogConfig: Setting CVar [[r.DOF.Scatter.EnableBokehSettings:1      ; bokeh simulation when scattering]]
[2025.09.27-09.08.11:219][  0]LogConfig: Setting CVar [[r.DOF.Scatter.MaxSpriteRatio:0.1         ; only a maximum of 10% of scattered bokeh]]
[2025.09.27-09.08.11:219][  0]LogConfig: Setting CVar [[r.DOF.Recombine.Quality:1                ; cheap slight out of focus]]
[2025.09.27-09.08.11:219][  0]LogConfig: Setting CVar [[r.DOF.Recombine.EnableBokehSettings:0    ; no bokeh simulation on slight out of focus]]
[2025.09.27-09.08.11:219][  0]LogConfig: Setting CVar [[r.DOF.TemporalAAQuality:1                ; more stable temporal accumulation]]
[2025.09.27-09.08.11:219][  0]LogConfig: Setting CVar [[r.DOF.Kernel.MaxForegroundRadius:0.025]]
[2025.09.27-09.08.11:219][  0]LogConfig: Setting CVar [[r.DOF.Kernel.MaxBackgroundRadius:0.025]]
[2025.09.27-09.08.11:219][  0]LogConfig: Applying CVar settings from Section [TextureQuality@3] File [E:/GameDev/hggjam/GameJamHGGUnreal4.23.1/GameJamCrew/Saved/Config/Windows/Scalability.ini]
[2025.09.27-09.08.11:219][  0]LogConfig: Setting CVar [[r.Streaming.MipBias:0]]
[2025.09.27-09.08.11:219][  0]LogConfig: Setting CVar [[r.Streaming.AmortizeCPUToGPUCopy:0]]
[2025.09.27-09.08.11:219][  0]LogConfig: Setting CVar [[r.Streaming.MaxNumTexturesToStreamPerFrame:0]]
[2025.09.27-09.08.11:219][  0]LogConfig: Setting CVar [[r.Streaming.Boost:1]]
[2025.09.27-09.08.11:219][  0]LogConfig: Setting CVar [[r.MaxAnisotropy:8]]
[2025.09.27-09.08.11:219][  0]LogConfig: Setting CVar [[r.Streaming.LimitPoolSizeToVRAM:0]]
[2025.09.27-09.08.11:219][  0]LogConfig: Setting CVar [[r.Streaming.PoolSize:1000]]
[2025.09.27-09.08.11:219][  0]LogConfig: Setting CVar [[r.Streaming.MaxEffectiveScreenSize:0]]
[2025.09.27-09.08.11:219][  0]LogConfig: Applying CVar settings from Section [EffectsQuality@3] File [E:/GameDev/hggjam/GameJamHGGUnreal4.23.1/GameJamCrew/Saved/Config/Windows/Scalability.ini]
[2025.09.27-09.08.11:219][  0]LogConfig: Setting CVar [[r.TranslucencyLightingVolumeDim:64]]
[2025.09.27-09.08.11:219][  0]LogConfig: Setting CVar [[r.RefractionQuality:2]]
[2025.09.27-09.08.11:219][  0]LogConfig: Setting CVar [[r.SSR.Quality:3]]
[2025.09.27-09.08.11:219][  0]LogConfig: Setting CVar [[r.SceneColorFormat:4]]
[2025.09.27-09.08.11:219][  0]LogConfig: Setting CVar [[r.DetailMode:2]]
[2025.09.27-09.08.11:219][  0]LogConfig: Setting CVar [[r.TranslucencyVolumeBlur:1]]
[2025.09.27-09.08.11:219][  0]LogConfig: Setting CVar [[r.MaterialQualityLevel:1 ; High quality]]
[2025.09.27-09.08.11:219][  0]LogConfig: Setting CVar [[r.SSS.Scale:1]]
[2025.09.27-09.08.11:219][  0]LogConfig: Setting CVar [[r.SSS.SampleSet:2]]
[2025.09.27-09.08.11:219][  0]LogConfig: Setting CVar [[r.SSS.Quality:1]]
[2025.09.27-09.08.11:219][  0]LogConfig: Setting CVar [[r.SSS.HalfRes:1]]
[2025.09.27-09.08.11:219][  0]LogConfig: Setting CVar [[r.EmitterSpawnRateScale:1.0]]
[2025.09.27-09.08.11:219][  0]LogConfig: Setting CVar [[r.ParticleLightQuality:2]]
[2025.09.27-09.08.11:219][  0]LogConfig: Applying CVar settings from Section [FoliageQuality@3] File [E:/GameDev/hggjam/GameJamHGGUnreal4.23.1/GameJamCrew/Saved/Config/Windows/Scalability.ini]
[2025.09.27-09.08.11:219][  0]LogConfig: Setting CVar [[foliage.DensityScale:1.0]]
[2025.09.27-09.08.11:219][  0]LogConfig: Setting CVar [[grass.DensityScale:1.0]]
[2025.09.27-09.08.11:219][  0]LogConfig: Applying CVar settings from Section [Startup] File [../../../Engine/Config/ConsoleVariables.ini]
[2025.09.27-09.08.11:221][  0]LogConfig: Setting CVar [[net.UseAdaptiveNetUpdateFrequency:0]]
[2025.09.27-09.08.11:221][  0]LogConfig: Setting CVar [[p.chaos.AllowCreatePhysxBodies:1]]
[2025.09.27-09.08.11:221][  0]LogConfig: Applying CVar settings from Section [ConsoleVariables] File [E:/GameDev/hggjam/GameJamHGGUnreal4.23.1/GameJamCrew/Saved/Config/Windows/Engine.ini]
[2025.09.27-09.08.11:221][  0]LogInit: Computer: CECOMAIN
[2025.09.27-09.08.11:221][  0]LogInit: User: Цветан
[2025.09.27-09.08.11:221][  0]LogInit: CPU Page size=4096, Cores=8
[2025.09.27-09.08.11:221][  0]LogInit: High frequency timer resolution =10.000000 MHz
[2025.09.27-09.08.11:221][  0]LogMemory: Memory total: Physical=61.6GB (62GB approx)
[2025.09.27-09.08.11:221][  0]LogMemory: Platform Memory Stats for Windows
[2025.09.27-09.08.11:221][  0]LogMemory: Process Physical Memory: 108.95 MB used, 108.95 MB peak
[2025.09.27-09.08.11:221][  0]LogMemory: Process Virtual Memory: 101.16 MB used, 101.16 MB peak
[2025.09.27-09.08.11:221][  0]LogMemory: Physical Memory: 16887.89 MB used,  46175.46 MB free, 63063.35 MB total
[2025.09.27-09.08.11:221][  0]LogMemory: Virtual Memory: 4713.26 MB used,  134213016.00 MB free, 134217728.00 MB total
[2025.09.27-09.08.11:222][  0]LogWindows: WindowsPlatformFeatures enabled
[2025.09.27-09.08.11:244][  0]LogInit: Using OS detected language (en-GB).
[2025.09.27-09.08.11:244][  0]LogInit: Using OS detected locale (en-US).
[2025.09.27-09.08.11:244][  0]LogTextLocalizationManager: No specific localization for 'en-GB' exists, so the 'en' localization will be used.
[2025.09.27-09.08.11:324][  0]LogInit: Setting process to per monitor DPI aware
[2025.09.27-09.08.11:347][  0]LogSlate: New Slate User Created.  User Index 0, Is Virtual User: 0
[2025.09.27-09.08.11:347][  0]LogSlate: Slate User Registered.  User Index 0, Is Virtual User: 0
[2025.09.27-09.08.11:429][  0]LogHMD: Failed to initialize OpenVR with code 110
[2025.09.27-09.08.11:429][  0]LogD3D11RHI: D3D11 adapters:
[2025.09.27-09.08.11:539][  0]LogD3D11RHI:    0. 'NVIDIA GeForce RTX 5070' (Feature Level 11_0)
[2025.09.27-09.08.11:539][  0]LogD3D11RHI:       11855/0/31531 MB DedicatedVideo/DedicatedSystem/SharedSystem, Outputs:2, VendorId:0x10de
[2025.09.27-09.08.11:581][  0]LogD3D11RHI:    1. 'AMD Radeon(TM) Graphics' (Feature Level 11_0)
[2025.09.27-09.08.11:581][  0]LogD3D11RHI:       2021/0/31531 MB DedicatedVideo/DedicatedSystem/SharedSystem, Outputs:0, VendorId:0x1002
[2025.09.27-09.08.11:583][  0]LogD3D11RHI:    2. 'Microsoft Basic Render Driver' (Feature Level 11_0)
[2025.09.27-09.08.11:583][  0]LogD3D11RHI:       0/0/31531 MB DedicatedVideo/DedicatedSystem/SharedSystem, Outputs:0, VendorId:0x1414
[2025.09.27-09.08.11:583][  0]LogD3D11RHI: Chosen D3D11 Adapter: 0
[2025.09.27-09.08.11:589][  0]LogD3D11RHI: Creating new Direct3DDevice
[2025.09.27-09.08.11:589][  0]LogD3D11RHI:     GPU DeviceId: 0x2f04 (for the marketing name, search the web for "GPU Device Id")
[2025.09.27-09.08.11:589][  0]LogWindows: EnumDisplayDevices:
[2025.09.27-09.08.11:589][  0]LogWindows:    0. 'NVIDIA GeForce RTX 5070' (P:1 D:1)
[2025.09.27-09.08.11:589][  0]LogWindows:    1. 'NVIDIA GeForce RTX 5070' (P:0 D:1)
[2025.09.27-09.08.11:589][  0]LogWindows:    2. 'NVIDIA GeForce RTX 5070' (P:0 D:0)
[2025.09.27-09.08.11:589][  0]LogWindows:    3. 'NVIDIA GeForce RTX 5070' (P:0 D:0)
[2025.09.27-09.08.11:589][  0]LogWindows:    4. 'AMD Radeon(TM) Graphics' (P:0 D:0)
[2025.09.27-09.08.11:589][  0]LogWindows:    5. 'AMD Radeon(TM) Graphics' (P:0 D:0)
[2025.09.27-09.08.11:591][  0]LogWindows:    6. 'AMD Radeon(TM) Graphics' (P:0 D:0)
[2025.09.27-09.08.11:591][  0]LogWindows:    7. 'AMD Radeon(TM) Graphics' (P:0 D:0)
[2025.09.27-09.08.11:591][  0]LogWindows:    8. 'AMD Radeon(TM) Graphics' (P:0 D:0)
[2025.09.27-09.08.11:591][  0]LogWindows: DebugString: PrimaryIsNotTheChoosenAdapter PrimaryIsNotTheChoosenAdapter PrimaryIsNotTheChoosenAdapter PrimaryIsNotTheChoosenAdapter PrimaryIsNotTheChoosenAdapter FoundDriverCount:4 
[2025.09.27-09.08.11:591][  0]LogD3D11RHI:     Adapter Name: NVIDIA GeForce RTX 5070
[2025.09.27-09.08.11:591][  0]LogD3D11RHI:   Driver Version: 581.15 (internal:32.0.15.8115, unified:581.15)
[2025.09.27-09.08.11:591][  0]LogD3D11RHI:      Driver Date: 8-21-2025
[2025.09.27-09.08.11:591][  0]LogRHI: Texture pool is 8298 MB (70% of 11855 MB)
[2025.09.27-09.08.11:667][  0]LogD3D11RHI: Async texture creation enabled
[2025.09.27-09.08.11:681][  0]LogD3D11RHI: GPU Timing Frequency: 1000.000000 (Debug: 2 2)
[2025.09.27-09.08.11:854][  0]LogTemp: Display: Module 'AllDesktopTargetPlatform' loaded TargetPlatform 'AllDesktop'
[2025.09.27-09.08.11:857][  0]LogTemp: Display: Module 'MacClientTargetPlatform' loaded TargetPlatform 'MacClient'
[2025.09.27-09.08.11:861][  0]LogTemp: Display: Module 'MacNoEditorTargetPlatform' loaded TargetPlatform 'MacNoEditor'
[2025.09.27-09.08.11:865][  0]LogTemp: Display: Module 'MacServerTargetPlatform' loaded TargetPlatform 'MacServer'
[2025.09.27-09.08.11:868][  0]LogTemp: Display: Module 'MacTargetPlatform' loaded TargetPlatform 'Mac'
[2025.09.27-09.08.11:873][  0]LogTemp: Display: Module 'WindowsClientTargetPlatform' loaded TargetPlatform 'WindowsClient'
[2025.09.27-09.08.11:877][  0]LogTemp: Display: Module 'WindowsNoEditorTargetPlatform' loaded TargetPlatform 'WindowsNoEditor'
[2025.09.27-09.08.11:880][  0]LogTemp: Display: Module 'WindowsServerTargetPlatform' loaded TargetPlatform 'WindowsServer'
[2025.09.27-09.08.11:882][  0]LogTemp: Display: Module 'WindowsTargetPlatform' loaded TargetPlatform 'Windows'
[2025.09.27-09.08.11:900][  0]LogTemp: Display: Module 'AndroidTargetPlatform' loaded TargetPlatform 'Android'
[2025.09.27-09.08.11:900][  0]LogTemp: Display: Module 'AndroidTargetPlatform' loaded TargetPlatform 'Android_ASTC'
[2025.09.27-09.08.11:900][  0]LogTemp: Display: Module 'AndroidTargetPlatform' loaded TargetPlatform 'Android_ATC'
[2025.09.27-09.08.11:900][  0]LogTemp: Display: Module 'AndroidTargetPlatform' loaded TargetPlatform 'Android_DXT'
[2025.09.27-09.08.11:900][  0]LogTemp: Display: Module 'AndroidTargetPlatform' loaded TargetPlatform 'Android_ETC1'
[2025.09.27-09.08.11:900][  0]LogTemp: Display: Module 'AndroidTargetPlatform' loaded TargetPlatform 'Android_ETC1a'
[2025.09.27-09.08.11:900][  0]LogTemp: Display: Module 'AndroidTargetPlatform' loaded TargetPlatform 'Android_ETC2'
[2025.09.27-09.08.11:900][  0]LogTemp: Display: Module 'AndroidTargetPlatform' loaded TargetPlatform 'Android_PVRTC'
[2025.09.27-09.08.11:900][  0]LogTemp: Display: Module 'AndroidTargetPlatform' loaded TargetPlatform 'AndroidClient'
[2025.09.27-09.08.11:900][  0]LogTemp: Display: Module 'AndroidTargetPlatform' loaded TargetPlatform 'Android_ASTCClient'
[2025.09.27-09.08.11:900][  0]LogTemp: Display: Module 'AndroidTargetPlatform' loaded TargetPlatform 'Android_ATCClient'
[2025.09.27-09.08.11:900][  0]LogTemp: Display: Module 'AndroidTargetPlatform' loaded TargetPlatform 'Android_DXTClient'
[2025.09.27-09.08.11:900][  0]LogTemp: Display: Module 'AndroidTargetPlatform' loaded TargetPlatform 'Android_ETC1Client'
[2025.09.27-09.08.11:900][  0]LogTemp: Display: Module 'AndroidTargetPlatform' loaded TargetPlatform 'Android_ETC1aClient'
[2025.09.27-09.08.11:900][  0]LogTemp: Display: Module 'AndroidTargetPlatform' loaded TargetPlatform 'Android_ETC2Client'
[2025.09.27-09.08.11:900][  0]LogTemp: Display: Module 'AndroidTargetPlatform' loaded TargetPlatform 'Android_PVRTCClient'
[2025.09.27-09.08.11:900][  0]LogTemp: Display: Module 'AndroidTargetPlatform' loaded TargetPlatform 'Android_Multi'
[2025.09.27-09.08.11:900][  0]LogTemp: Display: Module 'AndroidTargetPlatform' loaded TargetPlatform 'Android_MultiClient'
[2025.09.27-09.08.11:901][  0]LogTemp: Display: Module 'HTML5TargetPlatform' loaded TargetPlatform 'HTML5'
[2025.09.27-09.08.11:910][  0]LogTemp: Display: Module 'IOSTargetPlatform' loaded TargetPlatform 'IOSClient'
[2025.09.27-09.08.11:910][  0]LogTemp: Display: Module 'IOSTargetPlatform' loaded TargetPlatform 'IOS'
[2025.09.27-09.08.11:916][  0]LogTemp: Display: Module 'TVOSTargetPlatform' loaded TargetPlatform 'TVOSClient'
[2025.09.27-09.08.11:916][  0]LogTemp: Display: Module 'TVOSTargetPlatform' loaded TargetPlatform 'TVOS'
[2025.09.27-09.08.11:919][  0]LogTemp: Display: Module 'LinuxClientTargetPlatform' loaded TargetPlatform 'LinuxClient'
[2025.09.27-09.08.11:922][  0]LogTemp: Display: Module 'LinuxNoEditorTargetPlatform' loaded TargetPlatform 'LinuxNoEditor'
[2025.09.27-09.08.11:925][  0]LogTemp: Display: Module 'LinuxServerTargetPlatform' loaded TargetPlatform 'LinuxServer'
[2025.09.27-09.08.11:928][  0]LogTemp: Display: Module 'LinuxTargetPlatform' loaded TargetPlatform 'Linux'
[2025.09.27-09.08.11:939][  0]LogTemp: Display: Module 'LuminTargetPlatform' loaded TargetPlatform 'Lumin'
[2025.09.27-09.08.11:939][  0]LogTemp: Display: Module 'LuminTargetPlatform' loaded TargetPlatform 'LuminClient'
[2025.09.27-09.08.11:939][  0]LogTargetPlatformManager: Display: Building Assets For Windows
[2025.09.27-09.08.11:942][  0]LogAudioDebug: Display: Lib vorbis DLL was dynamically loaded.
[2025.09.27-09.08.11:966][  0]LogShaderCompilers: Guid format shader working directory is -6 characters bigger than the processId version (E:/GameDev/hggjam/GameJamHGGUnreal4.23.1/GameJamCrew/Intermediate/Shaders/WorkingDirectory/24552/).
[2025.09.27-09.08.11:966][  0]LogShaderCompilers: Cleaned the shader compiler working directory 'C:/Users/Цветан/AppData/Local/Temp/UnrealShaderWorkingDir/C747361E4F9E1712A79802842B8225E5/'.
[2025.09.27-09.08.11:967][  0]LogXGEController: Cannot use XGE Controller as Incredibuild is not installed on this machine.
[2025.09.27-09.08.11:967][  0]LogShaderCompilers: Cannot use XGE Shader Compiler as Incredibuild is not installed on this machine.
[2025.09.27-09.08.11:967][  0]LogShaderCompilers: Display: Using Local Shader Compiler.
[2025.09.27-09.08.12:226][  0]LogDerivedDataCache: Display: Max Cache Size: 512 MB
[2025.09.27-09.08.12:249][  0]LogDerivedDataCache: Loaded boot cache 0.02s 73MB C:/Users/Цветан/AppData/Local/UnrealEngine/4.23/DerivedDataCache/Boot.ddc.
[2025.09.27-09.08.12:249][  0]LogDerivedDataCache: Display: Loaded Boot cache: C:/Users/Цветан/AppData/Local/UnrealEngine/4.23/DerivedDataCache/Boot.ddc
[2025.09.27-09.08.12:249][  0]LogDerivedDataCache: FDerivedDataBackendGraph:  Pak pak cache file E:/GameDev/hggjam/GameJamHGGUnreal4.23.1/GameJamCrew/DerivedDataCache/DDC.ddp not found, will not use a pak cache.
[2025.09.27-09.08.12:249][  0]LogDerivedDataCache: Unable to find inner node Pak for hierarchical cache Hierarchy.
[2025.09.27-09.08.12:249][  0]LogDerivedDataCache: FDerivedDataBackendGraph:  CompressedPak pak cache file E:/GameDev/hggjam/GameJamHGGUnreal4.23.1/GameJamCrew/DerivedDataCache/Compressed.ddp not found, will not use a pak cache.
[2025.09.27-09.08.12:249][  0]LogDerivedDataCache: Unable to find inner node CompressedPak for hierarchical cache Hierarchy.
[2025.09.27-09.08.12:257][  0]LogDerivedDataCache: Display: Pak cache opened for reading ../../../Engine/DerivedDataCache/Compressed.ddp.
[2025.09.27-09.08.12:257][  0]LogDerivedDataCache: FDerivedDataBackendGraph:  EnterprisePak pak cache file ../../../Enterprise/DerivedDataCache/Compressed.ddp not found, will not use a pak cache.
[2025.09.27-09.08.12:257][  0]LogDerivedDataCache: Unable to find inner node EnterprisePak for hierarchical cache Hierarchy.
[2025.09.27-09.08.12:258][  0]LogDerivedDataCache: Using Local data cache path C:/Users/Цветан/AppData/Local/UnrealEngine/Common/DerivedDataCache: Writable
[2025.09.27-09.08.12:258][  0]LogDerivedDataCache: Shared data cache path not found in *engine.ini, will not use an Shared cache.
[2025.09.27-09.08.12:258][  0]LogDerivedDataCache: Unable to find inner node Shared for hierarchical cache Hierarchy.
[2025.09.27-09.08.12:267][  0]LogMaterial: Verifying Global Shaders for PCD3D_SM5
[2025.09.27-09.08.12:268][  0]LogSlate: Using FreeType 2.6.0
[2025.09.27-09.08.12:268][  0]LogSlate: SlateFontServices - WITH_FREETYPE: 1, WITH_HARFBUZZ: 1
[2025.09.27-09.08.12:294][  0]LogAssetRegistry: FAssetRegistry took 0.0015 seconds to start up
[2025.09.27-09.08.12:432][  0]LogInit: Selected Device Profile: [Windows]
[2025.09.27-09.08.12:495][  0]LogMeshReduction: Using QuadricMeshReduction for automatic static mesh reduction
[2025.09.27-09.08.12:495][  0]LogMeshReduction: Using SimplygonMeshReduction for automatic skeletal mesh reduction
[2025.09.27-09.08.12:495][  0]LogMeshReduction: Using ProxyLODMeshReduction for automatic mesh merging
[2025.09.27-09.08.12:495][  0]LogMeshReduction: No distributed automatic mesh merging module available
[2025.09.27-09.08.12:495][  0]LogMeshMerging: No distributed automatic mesh merging module available
[2025.09.27-09.08.12:501][  0]LogNetVersion: GameJamCrew 1.0.0, NetCL: 8386587, EngineNetVer: 11, GameNetVer: 0 (Checksum: 118800057)
[2025.09.27-09.08.12:680][  0]LogPackageLocalizationCache: Processed 12 localized package path(s) for 1 prioritized culture(s) in 0.023514 seconds
[2025.09.27-09.08.12:683][  0]LogUObjectArray: 43444 objects as part of root set at end of initial load.
[2025.09.27-09.08.12:683][  0]LogUObjectAllocator: 7548648 out of 0 bytes used by permanent object pool.
[2025.09.27-09.08.12:683][  0]LogUObjectArray: CloseDisregardForGC: 0/0 objects in disregard for GC pool
[2025.09.27-09.08.13:052][  0]LogTcpMessaging: Initializing TcpMessaging bridge
[2025.09.27-09.08.13:053][  0]LogUdpMessaging: Initializing bridge on interface 0.0.0.0:0 to multicast group 230.0.0.1:6666.
[2025.09.27-09.08.13:077][  0]SourceControl: Source control is disabled
[2025.09.27-09.08.13:077][  0]SourceControl: Source control is disabled
[2025.09.27-09.08.13:077][  0]SourceControl: Source control is disabled
[2025.09.27-09.08.13:078][  0]SourceControl: Source control is disabled
[2025.09.27-09.08.13:119][  0]LogAndroidPermission: UAndroidPermissionCallbackProxy::GetInstance
[2025.09.27-09.08.13:182][  0]LogOcInput: OculusInput pre-init called
[2025.09.27-09.08.13:186][  0]LogWindows: Failed to load 'OVRPlugin.dll' (GetLastError=126)
[2025.09.27-09.08.13:186][  0]LogWindows: File 'OVRPlugin.dll' does not exist
[2025.09.27-09.08.13:218][  0]LogEngine: Initializing Engine...
[2025.09.27-09.08.13:218][  0]LogHMD: Failed to initialize OpenVR with code 110
[2025.09.27-09.08.13:219][  0]LogStats: UGameplayTagsManager::InitializeManager -  0.000 s
[2025.09.27-09.08.13:295][  0]LogInit: Initializing FReadOnlyCVARCache
[2025.09.27-09.08.13:302][  0]LogAIModule: Creating AISystem for world Untitled
[2025.09.27-09.08.13:312][  0]LogInit: XAudio2 using 'Speakers (Realtek(R) Audio)' : 2 channels at 48 kHz using 32 bits per sample (channel mask 0x3)
[2025.09.27-09.08.13:325][  0]LogInit: FAudioDevice initialized.
[2025.09.27-09.08.13:325][  0]LogNetVersion: Set ProjectVersion to 1.0.0.0. Version Checksum will be recalculated on next use.
[2025.09.27-09.08.13:354][  0]LogDerivedDataCache: Saved boot cache 0.03s 73MB C:/Users/Цветан/AppData/Local/UnrealEngine/4.23/DerivedDataCache/Boot.ddc.
[2025.09.27-09.08.13:356][  0]LogInit: Texture streaming: Enabled
[2025.09.27-09.08.13:368][  0]LogEngineSessionManager: EngineSessionManager initialized
[2025.09.27-09.08.13:368][  0]LogEditorSessionSummary: Verbose: Initializing EditorSessionSummaryWriter for editor session tracking
[2025.09.27-09.08.13:369][  0]LogEditorSessionSummary: EditorSessionSummaryWriter initialized
[2025.09.27-09.08.13:389][  0]LogInit: Transaction tracking system initialized
[2025.09.27-09.08.13:404][  0]BlueprintLog: New page: Editor Load
[2025.09.27-09.08.13:437][  0]LocalizationService: Localization service is disabled
[2025.09.27-09.08.13:535][  0]LogFileCache: Scanning file cache for directory 'E:/GameDev/hggjam/GameJamHGGUnreal4.23.1/GameJamCrew/Content/' took 0.01s
[2025.09.27-09.08.13:535][  0]LogCook: Display: Max memory allowance for cook 16384mb min free memory 0mb
[2025.09.27-09.08.13:535][  0]LogCook: Display: Mobile HDR setting 1
[2025.09.27-09.08.13:607][  0]SourceControl: Source control is disabled
[2025.09.27-09.08.13:607][  0]Cmd: MAP LOAD FILE="E:/GameDev/hggjam/GameJamHGGUnreal4.23.1/GameJamCrew/Content/ThirdPersonBP/Maps/ThirdPersonExampleMap.umap" TEMPLATE=0 SHOWPROGRESS=1 FEATURELEVEL=3
[2025.09.27-09.08.13:614][  0]LightingResults: New page: Lighting Build
[2025.09.27-09.08.13:615][  0]LogWorld: UWorld::CleanupWorld for Untitled, bSessionEnded=true, bCleanupResources=true
[2025.09.27-09.08.13:615][  0]MapCheck: New page: Map Check
[2025.09.27-09.08.13:615][  0]LightingResults: New page: Lighting Build
[2025.09.27-09.08.13:636][  0]LogUObjectHash: Compacting FUObjectHashTables data took   0.94ms
[2025.09.27-09.08.13:701][  0]LogLinker: Warning: While loading 'E:/GameDev/hggjam/GameJamHGGUnreal4.23.1/GameJamCrew/Content/ThirdPersonBP/Maps/ThirdPersonExampleMap.umap' failed to load '/Game/ThirdPersonBP/Maps/ThirdPersonExampleMap_BuiltData': Can't find file.
[2025.09.27-09.08.13:701][  0]LogLinker: Warning: While loading 'E:/GameDev/hggjam/GameJamHGGUnreal4.23.1/GameJamCrew/Content/ThirdPersonBP/Maps/ThirdPersonExampleMap.umap' failed to load '/Game/ThirdPersonBP/Maps/ThirdPersonExampleMap_BuiltData': Can't find file.
[2025.09.27-09.08.13:741][  0]LogLinker: Warning: While loading 'E:/GameDev/hggjam/GameJamHGGUnreal4.23.1/GameJamCrew/Content/ThirdPersonBP/Maps/ThirdPersonExampleMap.umap' failed to load '/Game/ThirdPersonBP/Maps/ThirdPersonExampleMap_BuiltData': Can't find file.
[2025.09.27-09.08.13:741][  0]LogLinker: Warning: While loading 'E:/GameDev/hggjam/GameJamHGGUnreal4.23.1/GameJamCrew/Content/ThirdPersonBP/Maps/ThirdPersonExampleMap.umap' failed to load '/Game/ThirdPersonBP/Maps/ThirdPersonExampleMap_BuiltData': Can't find file.
[2025.09.27-09.08.13:741][  0]LogLinker: Warning: Failed to load '/Game/ThirdPersonBP/Maps/ThirdPersonExampleMap_BuiltData': Can't find file.
[2025.09.27-09.08.13:741][  0]LogLinker: Warning: Failed to load '/Game/ThirdPersonBP/Maps/ThirdPersonExampleMap_BuiltData': Can't find file.
[2025.09.27-09.08.13:741][  0]LogLinker: Warning: Failed to load '/Game/ThirdPersonBP/Maps/ThirdPersonExampleMap_BuiltData': Can't find file.
[2025.09.27-09.08.13:741][  0]LogLinker: Warning: Failed to load '/Game/ThirdPersonBP/Maps/ThirdPersonExampleMap_BuiltData': Can't find file.
[2025.09.27-09.08.13:746][  0]LogLinker: Warning: While loading 'E:/GameDev/hggjam/GameJamHGGUnreal4.23.1/GameJamCrew/Content/ThirdPersonBP/Maps/ThirdPersonExampleMap.umap' failed to load '/Game/ThirdPersonBP/Maps/ThirdPersonExampleMap_BuiltData': Can't find file.
[2025.09.27-09.08.13:746][  0]LoadErrors: Failed to load /Game/ThirdPersonBP/Maps/ThirdPersonExampleMap_BuiltData.ThirdPersonExampleMap_BuiltData Referenced by PersistentLevel
[2025.09.27-09.08.13:746][  0]LogLinker: Warning: While loading 'E:/GameDev/hggjam/GameJamHGGUnreal4.23.1/GameJamCrew/Content/ThirdPersonBP/Maps/ThirdPersonExampleMap.umap' failed to load '/Game/ThirdPersonBP/Maps/ThirdPersonExampleMap_BuiltData': Can't find file.
[2025.09.27-09.08.13:746][  0]LoadErrors: Failed to load /Game/ThirdPersonBP/Maps/ThirdPersonExampleMap_BuiltData.ThirdPersonExampleMap_BuiltData Referenced by PersistentLevel
[2025.09.27-09.08.13:781][  0]LogAIModule: Creating AISystem for world ThirdPersonExampleMap
[2025.09.27-09.08.13:789][  0]LogEditorServer: Finished looking for orphan Actors (0.000 secs)
[2025.09.27-09.08.13:809][  0]LogUObjectHash: Compacting FUObjectHashTables data took   1.03ms
[2025.09.27-09.08.13:810][  0]Cmd: MAP CHECKDEP NOCLEARLOG
[2025.09.27-09.08.13:810][  0]MapCheck: Map check complete: 0 Error(s), 0 Warning(s), took 0.074ms to complete.
[2025.09.27-09.08.13:810][  0]LogFileHelpers: Loading map 'ThirdPersonExampleMap' took 0.203
[2025.09.27-09.08.13:922][  0]LogSlate: Updating window title bar state: overlay mode, drag disabled, window buttons hidden, title bar hidden
[2025.09.27-09.08.13:927][  0]LogSlate: Updating window title bar state: overlay mode, drag disabled, window buttons hidden, title bar hidden
[2025.09.27-09.08.13:930][  0]LogSlate: Updating window title bar state: overlay mode, drag disabled, window buttons hidden, title bar hidden
[2025.09.27-09.08.13:933][  0]LogSlate: Updating window title bar state: overlay mode, drag disabled, window buttons hidden, title bar hidden
[2025.09.27-09.08.13:937][  0]LogSlate: Updating window title bar state: overlay mode, drag disabled, window buttons hidden, title bar hidden
[2025.09.27-09.08.13:940][  0]LogSlate: Updating window title bar state: overlay mode, drag disabled, window buttons hidden, title bar hidden
[2025.09.27-09.08.13:943][  0]LogSlate: Updating window title bar state: overlay mode, drag disabled, window buttons hidden, title bar hidden
[2025.09.27-09.08.13:946][  0]LogSlate: Updating window title bar state: overlay mode, drag disabled, window buttons hidden, title bar hidden
[2025.09.27-09.08.13:949][  0]LogSlate: Updating window title bar state: overlay mode, drag disabled, window buttons hidden, title bar hidden
[2025.09.27-09.08.13:952][  0]LogSlate: Updating window title bar state: overlay mode, drag disabled, window buttons hidden, title bar hidden
[2025.09.27-09.08.13:955][  0]LogSlate: Updating window title bar state: overlay mode, drag disabled, window buttons hidden, title bar hidden
[2025.09.27-09.08.13:958][  0]LogSlate: Updating window title bar state: overlay mode, drag disabled, window buttons hidden, title bar hidden
[2025.09.27-09.08.13:970][  0]LogCollectionManager: Loaded 0 collections in 0.000911 seconds
[2025.09.27-09.08.13:980][  0]LogFileCache: Scanning file cache for directory 'E:/GameDev/hggjam/GameJamHGGUnreal4.23.1/GameJamCrew/Saved/Collections/' took 0.00s
[2025.09.27-09.08.13:980][  0]LogFileCache: Scanning file cache for directory 'E:/GameDev/hggjam/GameJamHGGUnreal4.23.1/GameJamCrew/Content/Developers/Цветан/Collections/' took 0.00s
[2025.09.27-09.08.13:980][  0]LogFileCache: Scanning file cache for directory 'E:/GameDev/hggjam/GameJamHGGUnreal4.23.1/GameJamCrew/Content/Collections/' took 0.00s
[2025.09.27-09.08.13:980][  0]LogCollectionManager: Rebuilt the GUID cache for 0 collections in 0.000001 seconds
[2025.09.27-09.08.13:986][  0]LogContentBrowser: Native class hierarchy populated in 0.0050 seconds. Added 2863 classes and 680 folders.
[2025.09.27-09.08.13:991][  0]LogContentBrowser: Native class hierarchy updated for 'WidgetCarousel' in 0.0001 seconds. Added 0 classes and 0 folders.
[2025.09.27-09.08.14:201][  0]LogContentBrowser: Native class hierarchy updated for 'AddContentDialog' in 0.0002 seconds. Added 0 classes and 0 folders.
[2025.09.27-09.08.14:207][  0]LogContentBrowser: Native class hierarchy updated for 'SceneOutliner' in 0.0001 seconds. Added 1 classes and 2 folders.
[2025.09.27-09.08.14:240][  0]LogSlate: Took 0.000098 seconds to synchronously load lazily loaded font '../../../Engine/Content/Slate/Fonts/Roboto-Regular.ttf' (155K)
[2025.09.27-09.08.14:241][  0]LogSlate: Took 0.000101 seconds to synchronously load lazily loaded font '../../../Engine/Content/Slate/Fonts/Roboto-Bold.ttf' (160K)
[2025.09.27-09.08.14:250][  0]LogSlate: Took 0.006113 seconds to synchronously load lazily loaded font '../../../Engine/Content/Editor/Slate/Fonts/FontAwesome.ttf' (139K)
[2025.09.27-09.08.14:328][  0]LogRenderer: Reallocating scene render targets to support 1636x888 Format 10 NumSamples 1 (Frame:1).
[2025.09.27-09.08.14:360][  0]LogSlate: Took 0.006112 seconds to synchronously load lazily loaded font '../../../Engine/Content/Slate/Fonts/Roboto-Light.ttf' (167K)
[2025.09.27-09.08.14:389][  0]LogContentBrowser: Native class hierarchy updated for 'HierarchicalLODOutliner' in 0.0001 seconds. Added 0 classes and 0 folders.
[2025.09.27-09.08.14:389][  0]LogLoad: (Engine Initialization) Total time: 3.67 seconds
[2025.09.27-09.08.14:389][  0]LogLoad: (Engine Initialization) Total Blueprint compile time: 0.00 seconds
[2025.09.27-09.08.14:456][  0]LogContentStreaming: Texture pool size now 1000 MB
[2025.09.27-09.08.14:458][  0]LogSlate: FSceneViewport::OnFocusLost() reason 5
[2025.09.27-09.08.14:531][  1]LogAssetRegistry: Asset discovery search completed in 2.2370 seconds
[2025.09.27-09.08.14:532][  1]LogCollectionManager: Rebuilt the object cache for 0 collections in 0.000003 seconds (found 0 objects)
[2025.09.27-09.08.14:532][  1]LogCollectionManager: Fixed up redirectors for 0 collections in 0.000026 seconds (updated 0 objects)
[2025.09.27-09.08.16:893][132]LogSlate: Window 'Message Log' being destroyed
[2025.09.27-09.08.16:898][132]LogSlate: Window 'Message Log' being destroyed
[2025.09.27-09.08.17:812][241]LogSlate: FSceneViewport::OnFocusLost() reason 5
[2025.09.27-09.08.19:494][443]LogFileCache: Retrieving MD5 hashes for directory 'E:/GameDev/hggjam/GameJamHGGUnreal4.23.1/GameJamCrew/Content/' took 5.09s
[2025.09.27-09.08.24:656][ 61]LogSlate: FSceneViewport::OnFocusLost() reason 5
[2025.09.27-09.08.24:674][ 61]LogSlate: Took 0.000103 seconds to synchronously load lazily loaded font '../../../Engine/Content/Slate/Fonts/Roboto-Light.ttf' (167K)
[2025.09.27-09.08.25:630][172]LogUObjectHash: Compacting FUObjectHashTables data took   0.40ms
[2025.09.27-09.08.25:631][172]Cmd: MAP LOAD FILE="E:/GameDev/hggjam/GameJamHGGUnreal4.23.1/GameJamCrew/Content/Levels/CheeseFactory_001.umap" TEMPLATE=0 SHOWPROGRESS=1 FEATURELEVEL=3
[2025.09.27-09.08.25:645][172]LightingResults: New page: Lighting Build
[2025.09.27-09.08.25:645][172]LoadErrors: New page: Loading map: CheeseFactory_001.umap
[2025.09.27-09.08.25:645][172]LogWorld: UWorld::CleanupWorld for ThirdPersonExampleMap, bSessionEnded=true, bCleanupResources=true
[2025.09.27-09.08.25:646][172]MapCheck: New page: Map Check
[2025.09.27-09.08.25:646][172]LightingResults: New page: Lighting Build
[2025.09.27-09.08.25:665][172]LogUObjectHash: Compacting FUObjectHashTables data took   0.85ms
[2025.09.27-09.08.26:958][172]LogAIModule: Creating AISystem for world CheeseFactory_001
[2025.09.27-09.08.26:976][172]LogEditorServer: Finished looking for orphan Actors (0.000 secs)
[2025.09.27-09.08.27:001][172]LogUObjectHash: Compacting FUObjectHashTables data took   0.83ms
[2025.09.27-09.08.27:017][172]Cmd: MAP CHECKDEP NOCLEARLOG
[2025.09.27-09.08.27:017][172]MapCheck: Map check complete: 0 Error(s), 0 Warning(s), took 0.104ms to complete.
[2025.09.27-09.08.27:017][172]LogFileHelpers: Loading map 'CheeseFactory_001' took 1.387
[2025.09.27-09.08.27:017][172]LogSlate: Window 'Open Level' being destroyed
[2025.09.27-09.08.28:455][340]LogSlate: FSceneViewport::OnFocusLost() reason 0
[2025.09.27-09.08.40:571][793]LogEditorViewport: Clicking on Actor (LMB): StaticMeshActor (yohurt_mix)
[2025.09.27-09.08.43:167][ 93]LogSlate: FSceneViewport::OnFocusLost() reason 0
[2025.09.27-09.08.44:274][225]LogEditorViewport: Clicking on Actor (LMB): StaticMeshActor (floor01_2x67)
[2025.09.27-09.08.44:831][289]LogEditorViewport: Clicking on Actor (LMB): StaticMeshActor (yohurt_mix)
[2025.09.27-09.08.48:515][726]LogEditorViewport: Clicking on Actor (LMB): StaticMeshActor (yohurt_mix2)
[2025.09.27-09.09.05:205][724]LogSlate: FSceneViewport::OnFocusLost() reason 0
[2025.09.27-09.09.14:395][386]LogEditorSessionSummary: EditorSessionSummary sent report. Type=Shutdown, SessionId={7B33270A-46C0-CFDA-B0DC-35996A47BEF6}
[2025.09.27-09.09.14:395][386]LogEditorSessionSummary: EditorSessionSummary sent report. Type=Shutdown, SessionId={66556260-4DC6-1EFE-1AB6-FCA0DBFDC39B}
[2025.09.27-09.09.15:075][422]LogFactory: FactoryCreateFile: Texture with ReimportTextureFactory (0 0 E:\GameDev\hggjam\KlixXsrc\models\props\textures\cheese\cheese_mixed.tga)
[2025.09.27-09.09.15:077][422]LogTexture: Display: Building textures: cheese_mixed (AutoDXT, 512X512)
[2025.09.27-09.09.15:109][422]LogFactory: FactoryCreateFile: Texture with ReimportTextureFactory (0 0 E:\GameDev\hggjam\KlixXsrc\models\props\textures\cheese\cheese_color.tga)
[2025.09.27-09.09.15:111][422]LogTexture: Display: Building textures: cheese_color (AutoDXT, 512X512)
[2025.09.27-09.09.21:367][ 58]LogAssetEditorManager: Opening Asset editor for Material /Game/LevelAssets/Materials/cheese/M_cheese.M_cheese
[2025.09.27-09.09.21:370][ 58]LogMaterial: Display: Missing cached shader map for material M_cheese, compiling. 
[2025.09.27-09.09.21:551][ 58]LogMaterial: Display: Missing cached shader map for material M_cheese, compiling. 
[2025.09.27-09.09.21:560][ 58]LogMaterial: Display: Missing cached shader map for material M_cheese, compiling. 
[2025.09.27-09.09.21:575][ 58]LogShaderCompilers: Display: Worker (1/13): shaders left to compile 21
[2025.09.27-09.09.21:575][ 58]LogShaderCompilers: Display: Worker (2/13): shaders left to compile 20
[2025.09.27-09.09.21:575][ 58]LogShaderCompilers: Display: Worker (3/13): shaders left to compile 19
[2025.09.27-09.09.21:575][ 58]LogShaderCompilers: Display: Worker (4/13): shaders left to compile 18
[2025.09.27-09.09.21:575][ 58]LogShaderCompilers: Display: Worker (5/13): shaders left to compile 17
[2025.09.27-09.09.21:575][ 58]LogShaderCompilers: Display: Worker (6/13): shaders left to compile 16
[2025.09.27-09.09.21:575][ 58]LogShaderCompilers: Display: Worker (7/13): shaders left to compile 15
[2025.09.27-09.09.21:575][ 58]LogShaderCompilers: Display: Worker (8/13): shaders left to compile 14
[2025.09.27-09.09.21:575][ 58]LogShaderCompilers: Display: Worker (9/13): shaders left to compile 13
[2025.09.27-09.09.21:575][ 58]LogShaderCompilers: Display: Worker (10/13): shaders left to compile 12
[2025.09.27-09.09.21:575][ 58]LogShaderCompilers: Display: Worker (11/13): shaders left to compile 11
[2025.09.27-09.09.21:575][ 58]LogShaderCompilers: Display: Worker (12/13): shaders left to compile 10
[2025.09.27-09.09.21:597][ 58]LogSlate: Took 0.004480 seconds to synchronously load lazily loaded font '../../../Engine/Content/Slate/Fonts/Roboto-BoldCondensed.ttf' (158K)
[2025.09.27-09.09.21:811][ 70]LogShaderCompilers: Display: Worker (8/13): shaders left to compile 9
[2025.09.27-09.09.21:849][ 73]LogShaderCompilers: Display: Worker (1/13): shaders left to compile 8
[2025.09.27-09.09.21:849][ 73]LogShaderCompilers: Display: Worker (2/13): shaders left to compile 7
[2025.09.27-09.09.21:877][ 75]LogShaderCompilers: Display: Worker (6/13): shaders left to compile 6
[2025.09.27-09.09.21:877][ 75]LogShaderCompilers: Display: Worker (3/13): shaders left to compile 5
[2025.09.27-09.09.21:877][ 75]LogShaderCompilers: Display: Worker (5/13): shaders left to compile 4
[2025.09.27-09.09.21:877][ 75]LogShaderCompilers: Display: Worker (7/13): shaders left to compile 3
[2025.09.27-09.09.21:877][ 75]LogShaderCompilers: Display: Worker (9/13): shaders left to compile 2
[2025.09.27-09.09.21:877][ 75]LogShaderCompilers: Display: Worker (4/13): shaders left to compile 1
[2025.09.27-09.09.22:138][ 92]MaterialEditorStats: Base pass shader: 117 instructions
[2025.09.27-09.09.22:138][ 92]MaterialEditorStats: Base pass shader with Volumetric Lightmap: 191 instructions
[2025.09.27-09.09.22:138][ 92]MaterialEditorStats: Base pass vertex shader: 40 instructions
[2025.09.27-09.09.22:138][ 92]MaterialEditorStats: Texture samplers: 3/16
[2025.09.27-09.09.24:193][333]LogMaterial: Display: Missing cached shader map for material M_cheese, compiling. 
[2025.09.27-09.09.24:202][333]LogMaterial: Display: Missing cached shader map for material FMatExpressionPreview MaterialExpressionTextureSample_0, compiling. 
[2025.09.27-09.09.24:210][333]LogShaderCompilers: Display: Worker (1/13): shaders left to compile 21
[2025.09.27-09.09.24:210][333]LogShaderCompilers: Display: Worker (2/13): shaders left to compile 20
[2025.09.27-09.09.24:210][333]LogShaderCompilers: Display: Worker (3/13): shaders left to compile 19
[2025.09.27-09.09.24:210][333]LogShaderCompilers: Display: Worker (4/13): shaders left to compile 18
[2025.09.27-09.09.24:210][333]LogShaderCompilers: Display: Worker (5/13): shaders left to compile 17
[2025.09.27-09.09.24:210][333]LogShaderCompilers: Display: Worker (6/13): shaders left to compile 16
[2025.09.27-09.09.24:210][333]LogShaderCompilers: Display: Worker (7/13): shaders left to compile 15
[2025.09.27-09.09.24:210][333]LogShaderCompilers: Display: Worker (8/13): shaders left to compile 14
[2025.09.27-09.09.24:210][333]LogShaderCompilers: Display: Worker (9/13): shaders left to compile 13
[2025.09.27-09.09.24:210][333]LogShaderCompilers: Display: Worker (10/13): shaders left to compile 12
[2025.09.27-09.09.24:210][333]LogShaderCompilers: Display: Worker (11/13): shaders left to compile 11
[2025.09.27-09.09.24:210][333]LogShaderCompilers: Display: Worker (12/13): shaders left to compile 10
[2025.09.27-09.09.24:215][333]LogMaterial: Display: Missing cached shader map for material FMatExpressionPreview MaterialExpressionTextureSample_0, compiling. 
[2025.09.27-09.09.24:227][333]LogMaterial: Display: Missing cached shader map for material M_cheese, compiling. 
[2025.09.27-09.09.24:239][333]LogMaterial: Display: Missing cached shader map for material FMatExpressionPreview MaterialExpressionTextureSample_1, compiling. 
[2025.09.27-09.09.24:250][333]LogMaterial: Display: Missing cached shader map for material FMatExpressionPreview MaterialExpressionTextureSample_0, compiling. 
[2025.09.27-09.09.24:255][333]LogMaterial: Display: Missing cached shader map for material FMatExpressionPreview MaterialExpressionTextureSample_1, compiling. 
[2025.09.27-09.09.24:298][334]LogShaderCompilers: Display: Worker (8/13): shaders left to compile 29
[2025.09.27-09.09.24:353][337]LogShaderCompilers: Display: Worker (2/13): shaders left to compile 28
[2025.09.27-09.09.24:353][337]LogShaderCompilers: Display: Worker (3/13): shaders left to compile 27
[2025.09.27-09.09.24:353][337]LogShaderCompilers: Display: Worker (1/13): shaders left to compile 26
[2025.09.27-09.09.24:353][337]LogShaderCompilers: Display: Worker (9/13): shaders left to compile 25
[2025.09.27-09.09.24:367][338]LogShaderCompilers: Display: Worker (5/13): shaders left to compile 24
[2025.09.27-09.09.24:367][338]LogShaderCompilers: Display: Worker (6/13): shaders left to compile 23
[2025.09.27-09.09.24:367][338]LogShaderCompilers: Display: Worker (7/13): shaders left to compile 22
[2025.09.27-09.09.24:379][339]LogShaderCompilers: Display: Worker (4/13): shaders left to compile 21
[2025.09.27-09.09.24:379][339]LogShaderCompilers: Display: Worker (12/13): shaders left to compile 20
[2025.09.27-09.09.24:428][343]LogShaderCompilers: Display: Worker (8/13): shaders left to compile 19
[2025.09.27-09.09.24:442][344]LogShaderCompilers: Display: Worker (7/13): shaders left to compile 18
[2025.09.27-09.09.24:480][347]LogShaderCompilers: Display: Worker (1/13): shaders left to compile 17
[2025.09.27-09.09.24:493][348]LogShaderCompilers: Display: Worker (2/13): shaders left to compile 16
[2025.09.27-09.09.24:493][348]LogShaderCompilers: Display: Worker (10/13): shaders left to compile 15
[2025.09.27-09.09.24:493][348]LogShaderCompilers: Display: Worker (3/13): shaders left to compile 14
[2025.09.27-09.09.24:505][349]LogShaderCompilers: Display: Worker (9/13): shaders left to compile 13
[2025.09.27-09.09.24:505][349]LogShaderCompilers: Display: Worker (11/13): shaders left to compile 12
[2025.09.27-09.09.24:519][350]LogShaderCompilers: Display: Worker (4/13): shaders left to compile 11
[2025.09.27-09.09.24:531][351]LogShaderCompilers: Display: Worker (6/13): shaders left to compile 10
[2025.09.27-09.09.24:531][351]LogShaderCompilers: Display: Worker (5/13): shaders left to compile 9
[2025.09.27-09.09.24:616][357]LogShaderCompilers: Display: Worker (7/13): shaders left to compile 8
[2025.09.27-09.09.24:650][359]LogShaderCompilers: Display: Worker (12/13): shaders left to compile 7
[2025.09.27-09.09.24:697][362]LogShaderCompilers: Display: Worker (10/13): shaders left to compile 6
[2025.09.27-09.09.24:712][363]LogShaderCompilers: Display: Worker (11/13): shaders left to compile 5
[2025.09.27-09.09.24:725][364]LogShaderCompilers: Display: Worker (5/13): shaders left to compile 4
[2025.09.27-09.09.24:766][367]LogShaderCompilers: Display: Worker (8/13): shaders left to compile 3
[2025.09.27-09.09.24:779][368]LogShaderCompilers: Display: Worker (3/13): shaders left to compile 2
[2025.09.27-09.09.24:779][368]LogShaderCompilers: Display: Worker (4/13): shaders left to compile 1
[2025.09.27-09.09.24:848][373]MaterialEditorStats: Base pass shader: 117 instructions
[2025.09.27-09.09.24:848][373]MaterialEditorStats: Base pass shader with Volumetric Lightmap: 191 instructions
[2025.09.27-09.09.24:848][373]MaterialEditorStats: Base pass vertex shader: 40 instructions
[2025.09.27-09.09.24:848][373]MaterialEditorStats: Texture samplers: 3/16
[2025.09.27-09.09.29:851][965]LogMaterial: Display: Missing cached shader map for material M_cheese, compiling. 
[2025.09.27-09.09.29:867][965]LogShaderCompilers: Display: Worker (1/13): shaders left to compile 21
[2025.09.27-09.09.29:867][965]LogShaderCompilers: Display: Worker (2/13): shaders left to compile 20
[2025.09.27-09.09.29:867][965]LogShaderCompilers: Display: Worker (3/13): shaders left to compile 19
[2025.09.27-09.09.29:867][965]LogShaderCompilers: Display: Worker (4/13): shaders left to compile 18
[2025.09.27-09.09.29:867][965]LogShaderCompilers: Display: Worker (5/13): shaders left to compile 17
[2025.09.27-09.09.29:867][965]LogShaderCompilers: Display: Worker (6/13): shaders left to compile 16
[2025.09.27-09.09.29:867][965]LogShaderCompilers: Display: Worker (7/13): shaders left to compile 15
[2025.09.27-09.09.29:867][965]LogShaderCompilers: Display: Worker (8/13): shaders left to compile 14
[2025.09.27-09.09.29:867][965]LogShaderCompilers: Display: Worker (9/13): shaders left to compile 13
[2025.09.27-09.09.29:867][965]LogShaderCompilers: Display: Worker (10/13): shaders left to compile 12
[2025.09.27-09.09.29:867][965]LogShaderCompilers: Display: Worker (11/13): shaders left to compile 11
[2025.09.27-09.09.29:867][965]LogShaderCompilers: Display: Worker (12/13): shaders left to compile 10
[2025.09.27-09.09.29:867][965]LogMaterial: Display: Missing cached shader map for material FMatExpressionPreview MaterialExpressionTextureSample_0, compiling. 
[2025.09.27-09.09.29:977][968]LogShaderCompilers: Display: Worker (8/13): shaders left to compile 13
[2025.09.27-09.09.30:053][974]LogShaderCompilers: Display: Worker (2/13): shaders left to compile 12
[2025.09.27-09.09.30:054][974]LogShaderCompilers: Display: Worker (3/13): shaders left to compile 11
[2025.09.27-09.09.30:054][974]LogShaderCompilers: Display: Worker (9/13): shaders left to compile 10
[2025.09.27-09.09.30:054][974]LogShaderCompilers: Display: Worker (1/13): shaders left to compile 9
[2025.09.27-09.09.30:054][974]LogShaderCompilers: Display: Worker (5/13): shaders left to compile 8
[2025.09.27-09.09.30:054][974]LogShaderCompilers: Display: Worker (6/13): shaders left to compile 7
[2025.09.27-09.09.30:054][974]LogShaderCompilers: Display: Worker (7/13): shaders left to compile 6
[2025.09.27-09.09.30:067][975]LogShaderCompilers: Display: Worker (4/13): shaders left to compile 5
[2025.09.27-09.09.30:067][975]LogShaderCompilers: Display: Worker (12/13): shaders left to compile 4
[2025.09.27-09.09.30:174][981]LogShaderCompilers: Display: Worker (11/13): shaders left to compile 3
[2025.09.27-09.09.30:174][981]LogShaderCompilers: Display: Worker (10/13): shaders left to compile 2
[2025.09.27-09.09.30:244][985]LogShaderCompilers: Display: Worker (8/13): shaders left to compile 1
[2025.09.27-09.09.30:356][995]MaterialEditorStats: Base pass shader: 120 instructions
[2025.09.27-09.09.30:356][995]MaterialEditorStats: Base pass shader with Volumetric Lightmap: 194 instructions
[2025.09.27-09.09.30:356][995]MaterialEditorStats: Base pass vertex shader: 44 instructions
[2025.09.27-09.09.30:356][995]MaterialEditorStats: Texture samplers: 4/16
[2025.09.27-09.09.30:356][995]MaterialEditorStats: Texture Lookups (Est.): VS(0), PS(1)
[2025.09.27-09.09.30:356][995]MaterialEditorStats: User interpolators: 2/4 Scalars (1/4 Vectors) (TexCoords: 2, Custom: 0)
[2025.09.27-09.09.32:289][226]LogMaterial: Display: Missing cached shader map for material M_cheese, compiling. 
[2025.09.27-09.09.32:297][226]LogShaderCompilers: Display: Worker (1/13): shaders left to compile 21
[2025.09.27-09.09.32:297][226]LogShaderCompilers: Display: Worker (2/13): shaders left to compile 20
[2025.09.27-09.09.32:297][226]LogShaderCompilers: Display: Worker (3/13): shaders left to compile 19
[2025.09.27-09.09.32:297][226]LogShaderCompilers: Display: Worker (4/13): shaders left to compile 18
[2025.09.27-09.09.32:297][226]LogShaderCompilers: Display: Worker (5/13): shaders left to compile 17
[2025.09.27-09.09.32:297][226]LogShaderCompilers: Display: Worker (6/13): shaders left to compile 16
[2025.09.27-09.09.32:297][226]LogShaderCompilers: Display: Worker (7/13): shaders left to compile 15
[2025.09.27-09.09.32:297][226]LogShaderCompilers: Display: Worker (8/13): shaders left to compile 14
[2025.09.27-09.09.32:297][226]LogShaderCompilers: Display: Worker (9/13): shaders left to compile 13
[2025.09.27-09.09.32:297][226]LogShaderCompilers: Display: Worker (10/13): shaders left to compile 12
[2025.09.27-09.09.32:297][226]LogShaderCompilers: Display: Worker (11/13): shaders left to compile 11
[2025.09.27-09.09.32:297][226]LogShaderCompilers: Display: Worker (12/13): shaders left to compile 10
[2025.09.27-09.09.32:300][226]LogMaterial: Display: Missing cached shader map for material FMatExpressionPreview MaterialExpressionTextureSample_1, compiling. 
[2025.09.27-09.09.32:385][229]LogShaderCompilers: Display: Worker (8/13): shaders left to compile 13
[2025.09.27-09.09.32:471][234]LogShaderCompilers: Display: Worker (2/13): shaders left to compile 12
[2025.09.27-09.09.32:471][234]LogShaderCompilers: Display: Worker (3/13): shaders left to compile 11
[2025.09.27-09.09.32:471][234]LogShaderCompilers: Display: Worker (4/13): shaders left to compile 10
[2025.09.27-09.09.32:471][234]LogShaderCompilers: Display: Worker (9/13): shaders left to compile 9
[2025.09.27-09.09.32:484][235]LogShaderCompilers: Display: Worker (1/13): shaders left to compile 8
[2025.09.27-09.09.32:484][235]LogShaderCompilers: Display: Worker (5/13): shaders left to compile 7
[2025.09.27-09.09.32:484][235]LogShaderCompilers: Display: Worker (6/13): shaders left to compile 6
[2025.09.27-09.09.32:484][235]LogShaderCompilers: Display: Worker (7/13): shaders left to compile 5
[2025.09.27-09.09.32:484][235]LogShaderCompilers: Display: Worker (12/13): shaders left to compile 4
[2025.09.27-09.09.32:603][243]LogShaderCompilers: Display: Worker (10/13): shaders left to compile 3
[2025.09.27-09.09.32:603][243]LogShaderCompilers: Display: Worker (11/13): shaders left to compile 2
[2025.09.27-09.09.32:660][246]LogShaderCompilers: Display: Worker (8/13): shaders left to compile 1
[2025.09.27-09.09.32:772][255]MaterialEditorStats: Base pass shader: 122 instructions
[2025.09.27-09.09.32:772][255]MaterialEditorStats: Base pass shader with Volumetric Lightmap: 196 instructions
[2025.09.27-09.09.32:772][255]MaterialEditorStats: Base pass vertex shader: 44 instructions
[2025.09.27-09.09.32:772][255]MaterialEditorStats: Texture samplers: 5/16
[2025.09.27-09.09.32:772][255]MaterialEditorStats: Texture Lookups (Est.): VS(0), PS(2)
[2025.09.27-09.09.32:772][255]MaterialEditorStats: User interpolators: 2/4 Scalars (1/4 Vectors) (TexCoords: 2, Custom: 0)
[2025.09.27-09.09.33:579][350]LogMaterial: Display: Missing cached shader map for material M_cheese, compiling. 
[2025.09.27-09.09.33:589][350]LogShaderCompilers: Display: Worker (1/13): shaders left to compile 21
[2025.09.27-09.09.33:589][350]LogShaderCompilers: Display: Worker (2/13): shaders left to compile 20
[2025.09.27-09.09.33:589][350]LogShaderCompilers: Display: Worker (3/13): shaders left to compile 19
[2025.09.27-09.09.33:589][350]LogShaderCompilers: Display: Worker (4/13): shaders left to compile 18
[2025.09.27-09.09.33:589][350]LogShaderCompilers: Display: Worker (5/13): shaders left to compile 17
[2025.09.27-09.09.33:589][350]LogShaderCompilers: Display: Worker (6/13): shaders left to compile 16
[2025.09.27-09.09.33:589][350]LogShaderCompilers: Display: Worker (7/13): shaders left to compile 15
[2025.09.27-09.09.33:589][350]LogShaderCompilers: Display: Worker (8/13): shaders left to compile 14
[2025.09.27-09.09.33:589][350]LogShaderCompilers: Display: Worker (9/13): shaders left to compile 13
[2025.09.27-09.09.33:589][350]LogShaderCompilers: Display: Worker (10/13): shaders left to compile 12
[2025.09.27-09.09.33:589][350]LogShaderCompilers: Display: Worker (11/13): shaders left to compile 11
[2025.09.27-09.09.33:589][350]LogShaderCompilers: Display: Worker (12/13): shaders left to compile 10
[2025.09.27-09.09.33:591][350]LogMaterial: Display: Missing cached shader map for material FMatExpressionPreview MaterialExpressionTextureSample_1, compiling. 
[2025.09.27-09.09.33:699][356]LogShaderCompilers: Display: Worker (8/13): shaders left to compile 13
[2025.09.27-09.09.33:739][358]LogShaderCompilers: Display: Worker (9/13): shaders left to compile 12
[2025.09.27-09.09.33:739][358]LogShaderCompilers: Display: Worker (2/13): shaders left to compile 11
[2025.09.27-09.09.33:769][360]LogShaderCompilers: Display: Worker (3/13): shaders left to compile 10
[2025.09.27-09.09.33:769][360]LogShaderCompilers: Display: Worker (5/13): shaders left to compile 9
[2025.09.27-09.09.33:769][360]LogShaderCompilers: Display: Worker (6/13): shaders left to compile 8
[2025.09.27-09.09.33:769][360]LogShaderCompilers: Display: Worker (7/13): shaders left to compile 7
[2025.09.27-09.09.33:769][360]LogShaderCompilers: Display: Worker (4/13): shaders left to compile 6
[2025.09.27-09.09.33:769][360]LogShaderCompilers: Display: Worker (1/13): shaders left to compile 5
[2025.09.27-09.09.33:800][362]LogShaderCompilers: Display: Worker (12/13): shaders left to compile 4
[2025.09.27-09.09.33:900][366]LogShaderCompilers: Display: Worker (11/13): shaders left to compile 3
[2025.09.27-09.09.33:900][366]LogShaderCompilers: Display: Worker (10/13): shaders left to compile 2
[2025.09.27-09.09.33:919][367]LogShaderCompilers: Display: Worker (2/13): shaders left to compile 1
[2025.09.27-09.09.34:076][378]MaterialEditorStats: Base pass shader: 122 instructions
[2025.09.27-09.09.34:076][378]MaterialEditorStats: Base pass shader with Volumetric Lightmap: 198 instructions
[2025.09.27-09.09.34:076][378]MaterialEditorStats: Base pass vertex shader: 44 instructions
[2025.09.27-09.09.34:076][378]MaterialEditorStats: Texture samplers: 5/16
[2025.09.27-09.09.34:076][378]MaterialEditorStats: Texture Lookups (Est.): VS(0), PS(2)
[2025.09.27-09.09.34:076][378]MaterialEditorStats: User interpolators: 2/4 Scalars (1/4 Vectors) (TexCoords: 2, Custom: 0)
[2025.09.27-09.09.35:274][521]LogMaterialEditor: Saving and Compiling material M_cheese
[2025.09.27-09.09.35:440][521]LogMaterial: Display: Missing cached shader map for material M_cheese, compiling. 
[2025.09.27-09.09.35:468][521]LogShaderCompilers: Display: Worker (1/13): shaders left to compile 21
[2025.09.27-09.09.35:468][521]LogShaderCompilers: Display: Worker (2/13): shaders left to compile 20
[2025.09.27-09.09.35:468][521]LogShaderCompilers: Display: Worker (3/13): shaders left to compile 19
[2025.09.27-09.09.35:468][521]LogShaderCompilers: Display: Worker (4/13): shaders left to compile 18
[2025.09.27-09.09.35:468][521]LogShaderCompilers: Display: Worker (5/13): shaders left to compile 17
[2025.09.27-09.09.35:468][521]LogShaderCompilers: Display: Worker (6/13): shaders left to compile 16
[2025.09.27-09.09.35:468][521]LogShaderCompilers: Display: Worker (7/13): shaders left to compile 15
[2025.09.27-09.09.35:468][521]LogShaderCompilers: Display: Worker (8/13): shaders left to compile 14
[2025.09.27-09.09.35:468][521]LogShaderCompilers: Display: Worker (9/13): shaders left to compile 13
[2025.09.27-09.09.35:468][521]LogShaderCompilers: Display: Worker (10/13): shaders left to compile 12
[2025.09.27-09.09.35:468][521]LogShaderCompilers: Display: Worker (11/13): shaders left to compile 11
[2025.09.27-09.09.35:468][521]LogShaderCompilers: Display: Worker (12/13): shaders left to compile 10
[2025.09.27-09.09.35:474][521]LogMaterial: Display: Missing cached shader map for material M_cheese, compiling. 
[2025.09.27-09.09.35:490][521]LogMaterial: Display: Missing cached shader map for material M_cheese, compiling. 
[2025.09.27-09.09.35:523][521]LogUObjectHash: Compacting FUObjectHashTables data took   1.29ms
[2025.09.27-09.09.35:529][521]LogMaterial: Display: Missing cached shader map for material DebugViewMode MaterialTexCoordScale, compiling. 
[2025.09.27-09.09.35:865][521]LogShaderCompilers: Display: Worker (8/13): shaders left to compile 33
[2025.09.27-09.09.35:865][521]LogShaderCompilers: Display: Worker (9/13): shaders left to compile 32
[2025.09.27-09.09.35:865][521]LogShaderCompilers: Display: Worker (2/13): shaders left to compile 31
[2025.09.27-09.09.35:865][521]LogShaderCompilers: Display: Worker (6/13): shaders left to compile 30
[2025.09.27-09.09.35:865][521]LogShaderCompilers: Display: Worker (3/13): shaders left to compile 29
[2025.09.27-09.09.35:865][521]LogShaderCompilers: Display: Worker (4/13): shaders left to compile 28
[2025.09.27-09.09.35:865][521]LogShaderCompilers: Display: Worker (7/13): shaders left to compile 27
[2025.09.27-09.09.35:865][521]LogShaderCompilers: Display: Worker (1/13): shaders left to compile 26
[2025.09.27-09.09.35:865][521]LogShaderCompilers: Display: Worker (5/13): shaders left to compile 25
[2025.09.27-09.09.35:865][521]LogShaderCompilers: Display: Worker (12/13): shaders left to compile 24
[2025.09.27-09.09.35:865][521]LogShaderCompilers: Display: Worker (10/13): shaders left to compile 23
[2025.09.27-09.09.35:865][521]LogShaderCompilers: Display: Worker (11/13): shaders left to compile 22
[2025.09.27-09.09.35:865][521]LogShaderCompilers: Display: Worker (12/13): shaders left to compile 20
[2025.09.27-09.09.35:865][521]LogShaderCompilers: Display: Worker (2/13): shaders left to compile 18
[2025.09.27-09.09.35:865][521]LogShaderCompilers: Display: Worker (8/13): shaders left to compile 16
[2025.09.27-09.09.35:865][521]LogShaderCompilers: Display: Worker (4/13): shaders left to compile 14
[2025.09.27-09.09.35:865][521]LogShaderCompilers: Display: Worker (5/13): shaders left to compile 12
[2025.09.27-09.09.35:865][521]LogShaderCompilers: Display: Worker (10/13): shaders left to compile 10
[2025.09.27-09.09.35:865][521]LogShaderCompilers: Display: Worker (7/13): shaders left to compile 9
[2025.09.27-09.09.35:871][521]TextureStreamingBuild: Display: Compiling optional shaders took 0.348 seconds.
[2025.09.27-09.09.35:873][521]LogShaderCompilers: Display: Worker (1/13): shaders left to compile 8
[2025.09.27-09.09.35:907][521]LogShaderCompilers: Display: Worker (6/13): shaders left to compile 7
[2025.09.27-09.09.35:907][521]LogShaderCompilers: Display: Worker (9/13): shaders left to compile 6
[2025.09.27-09.09.35:907][521]LogUObjectHash: Compacting FUObjectHashTables data took   0.68ms
[2025.09.27-09.09.35:918][521]LogShaderCompilers: Display: Worker (3/13): shaders left to compile 5
[2025.09.27-09.09.36:227][521]LogShaderCompilers: Display: Worker (11/13): shaders left to compile 4
[2025.09.27-09.09.36:227][521]LogShaderCompilers: Display: Worker (8/13): shaders left to compile 3
[2025.09.27-09.09.36:227][521]LogShaderCompilers: Display: Worker (1/13): shaders left to compile 2
[2025.09.27-09.09.36:227][521]LogShaderCompilers: Display: Worker (12/13): shaders left to compile 1
[2025.09.27-09.09.36:234][521]Cmd: OBJ SAVEPACKAGE PACKAGE="/Game/LevelAssets/Materials/cheese/M_cheese" FILE="E:/GameDev/hggjam/GameJamHGGUnreal4.23.1/GameJamCrew/Content/LevelAssets/Materials/cheese/M_cheese.uasset" SILENT=true
[2025.09.27-09.09.36:240][521]LogSavePackage: Moving 'E:/GameDev/hggjam/GameJamHGGUnreal4.23.1/GameJamCrew/Saved/M_cheeseCDE6575040FBE7B006DBE68BC742535F.tmp' to 'E:/GameDev/hggjam/GameJamHGGUnreal4.23.1/GameJamCrew/Content/LevelAssets/Materials/cheese/M_cheese.uasset'
[2025.09.27-09.09.38:383][774]LogSlate: Window 'M_cheese' being destroyed
[2025.09.27-09.09.38:389][774]LogSlate: Window 'M_cheese' being destroyed
[2025.09.27-09.09.38:400][774]LogWorld: UWorld::CleanupWorld for World_2, bSessionEnded=true, bCleanupResources=true
[2025.09.27-09.09.38:854][827]LogEditorViewport: Clicking on Actor (LMB): StaticMeshActor (shelf01_full71)
[2025.09.27-09.09.40:536][ 26]LogSlate: FSceneViewport::OnFocusLost() reason 0
[2025.09.27-09.09.40:689][ 43]LogAssetEditorManager: Opening Asset editor for StaticMesh /Game/LevelAssets/Models/modular/Cheese_shelves/shelved_cheese_singlerow.shelved_cheese_singlerow
[2025.09.27-09.09.40:816][ 43]LogSlate: Took 0.005737 seconds to synchronously load lazily loaded font '../../../Engine/Content/Slate/Fonts/Roboto-Italic.ttf' (157K)
[2025.09.27-09.09.43:048][297]LogMaterial: Display: Material /Game/LevelAssets/Materials/cheese/M_cheese.M_cheese needed to have new flag set bUsedWithStaticLighting !
[2025.09.27-09.09.43:049][297]LogMaterial: Display: Missing cached shader map for material M_cheese, compiling. 
[2025.09.27-09.09.43:101][298]LogShaderCompilers: Display: Worker (1/13): shaders left to compile 31
[2025.09.27-09.09.43:101][298]LogShaderCompilers: Display: Worker (2/13): shaders left to compile 28
[2025.09.27-09.09.43:101][298]LogShaderCompilers: Display: Worker (3/13): shaders left to compile 25
[2025.09.27-09.09.43:101][298]LogShaderCompilers: Display: Worker (4/13): shaders left to compile 22
[2025.09.27-09.09.43:101][298]LogShaderCompilers: Display: Worker (5/13): shaders left to compile 19
[2025.09.27-09.09.43:101][298]LogShaderCompilers: Display: Worker (6/13): shaders left to compile 16
[2025.09.27-09.09.43:101][298]LogShaderCompilers: Display: Worker (7/13): shaders left to compile 13
[2025.09.27-09.09.43:101][298]LogShaderCompilers: Display: Worker (8/13): shaders left to compile 10
[2025.09.27-09.09.43:101][298]LogShaderCompilers: Display: Worker (9/13): shaders left to compile 7
[2025.09.27-09.09.43:101][298]LogShaderCompilers: Display: Worker (10/13): shaders left to compile 4
[2025.09.27-09.09.43:101][298]LogShaderCompilers: Display: Worker (11/13): shaders left to compile 1
[2025.09.27-09.09.51:178][235]LogSlate: Window 'shelved_cheese_singlerow' being destroyed
[2025.09.27-09.09.51:184][235]LogSlate: Window 'shelved_cheese_singlerow' being destroyed
[2025.09.27-09.09.51:188][235]LogWorld: UWorld::CleanupWorld for World_3, bSessionEnded=true, bCleanupResources=true
[2025.09.27-09.12.37:354][345]LogEditorFactories: Performing atomic reimport of [E:/GameDev/hggjam/KlixXsrc/models/modular/Cheese_shelves/shelved_cheese_singlerow.fbx]
[2025.09.27-09.12.37:379][345]LogFbx: Loading FBX Scene from E:/GameDev/hggjam/KlixXsrc/models/modular/Cheese_shelves/shelved_cheese_singlerow.fbx
[2025.09.27-09.12.37:382][345]LogFbx: FBX Scene Loaded Succesfully
[2025.09.27-09.12.37:386][345]LogFbx: Display: Triangulating static mesh shelved_cheese01_single_row
[2025.09.27-09.12.37:389][345]LogFbx: Warning: Triangulating mesh UCX_shelved_cheese01_single_row for collision model
[2025.09.27-09.12.37:407][345]LogStaticMesh: Building static mesh shelved_cheese_singlerow...
[2025.09.27-09.12.37:411][345]LogStaticMesh: Built static mesh [0.01s] /Game/LevelAssets/Models/modular/Cheese_shelves/shelved_cheese_singlerow.shelved_cheese_singlerow
[2025.09.27-09.12.37:418][345]LogEditorFactories: -- imported successfully
[2025.09.27-09.12.37:419][345]FBXImport: Warning: No smoothing group information was found in this FBX scene.  Please make sure to enable the 'Export Smoothing Groups' option in the FBX Exporter plug-in before exporting the file.  Even for tools that don't support smoothing groups, the FBX Exporter will generate appropriate smoothing data at export-time so that correct vertex normals can be inferred while importing. 
[2025.09.27-09.12.39:355][564]LogEditorFactories: Performing atomic reimport of [E:/GameDev/hggjam/KlixXsrc/models/modular/Cheese_shelves/shelved_cheese_half.fbx]
[2025.09.27-09.12.39:374][564]LogFbx: Loading FBX Scene from E:/GameDev/hggjam/KlixXsrc/models/modular/Cheese_shelves/shelved_cheese_half.fbx
[2025.09.27-09.12.39:376][564]LogFbx: FBX Scene Loaded Succesfully
[2025.09.27-09.12.39:377][564]LogFbx: Display: Triangulating static mesh shelved_cheese01_half
[2025.09.27-09.12.39:382][564]LogFbx: Warning: Triangulating mesh UCX_shelved_cheese01_half for collision model
[2025.09.27-09.12.39:400][564]LogStaticMesh: Building static mesh shelved_cheese_half...
[2025.09.27-09.12.39:405][564]LogStaticMesh: Built static mesh [0.01s] /Game/LevelAssets/Models/modular/Cheese_shelves/shelved_cheese_half.shelved_cheese_half
[2025.09.27-09.12.39:410][564]LogEditorFactories: -- imported successfully
[2025.09.27-09.12.39:411][564]FBXImport: Warning: No smoothing group information was found in this FBX scene.  Please make sure to enable the 'Export Smoothing Groups' option in the FBX Exporter plug-in before exporting the file.  Even for tools that don't support smoothing groups, the FBX Exporter will generate appropriate smoothing data at export-time so that correct vertex normals can be inferred while importing. 
[2025.09.27-09.12.41:757][837]LogEditorFactories: Performing atomic reimport of [E:/GameDev/hggjam/KlixXsrc/models/modular/Cheese_shelves/shelved_cheese_full.fbx]
[2025.09.27-09.12.41:775][837]LogFbx: Loading FBX Scene from E:/GameDev/hggjam/KlixXsrc/models/modular/Cheese_shelves/shelved_cheese_full.fbx
[2025.09.27-09.12.41:777][837]LogFbx: FBX Scene Loaded Succesfully
[2025.09.27-09.12.41:779][837]LogFbx: Display: Triangulating static mesh shelved_cheese01_full
[2025.09.27-09.12.41:789][837]LogFbx: Warning: Triangulating mesh UCX_shelved_cheese01_full for collision model
[2025.09.27-09.12.41:805][837]LogStaticMesh: Building static mesh shelved_cheese_full...
[2025.09.27-09.12.41:814][837]LogStaticMesh: Built static mesh [0.01s] /Game/LevelAssets/Models/modular/Cheese_shelves/shelved_cheese_full.shelved_cheese_full
[2025.09.27-09.12.41:821][837]LogEditorFactories: -- imported successfully
[2025.09.27-09.12.41:822][837]FBXImport: Warning: No smoothing group information was found in this FBX scene.  Please make sure to enable the 'Export Smoothing Groups' option in the FBX Exporter plug-in before exporting the file.  Even for tools that don't support smoothing groups, the FBX Exporter will generate appropriate smoothing data at export-time so that correct vertex normals can be inferred while importing. 
[2025.09.27-09.12.43:051][973]LogAssetEditorManager: Opening Asset editor for StaticMesh /Game/LevelAssets/Models/modular/Cheese_shelves/shelved_cheese_full.shelved_cheese_full
[2025.09.27-09.12.53:065][128]LogSavePackage: Moving 'E:/GameDev/hggjam/GameJamHGGUnreal4.23.1/GameJamCrew/Saved/shelved_cheese_full9D877B374815FBA044D0AA9FAC9E8E93.tmp' to 'E:/GameDev/hggjam/GameJamHGGUnreal4.23.1/GameJamCrew/Content/LevelAssets/Models/modular/Cheese_shelves/shelved_cheese_full.uasset'
[2025.09.27-09.12.54:383][281]LogSlate: Window 'shelved_cheese_full' being destroyed
[2025.09.27-09.12.54:389][281]LogSlate: Window 'shelved_cheese_full' being destroyed
[2025.09.27-09.12.54:393][281]LogWorld: UWorld::CleanupWorld for World_4, bSessionEnded=true, bCleanupResources=true
[2025.09.27-09.12.56:137][484]LogAssetEditorManager: Opening Asset editor for StaticMesh /Game/LevelAssets/Models/modular/Cheese_shelves/shelved_cheese_half.shelved_cheese_half
[2025.09.27-09.13.01:521][ 98]LogSavePackage: Moving 'E:/GameDev/hggjam/GameJamHGGUnreal4.23.1/GameJamCrew/Saved/shelved_cheese_half38A478534231CE832D289496D4476425.tmp' to 'E:/GameDev/hggjam/GameJamHGGUnreal4.23.1/GameJamCrew/Content/LevelAssets/Models/modular/Cheese_shelves/shelved_cheese_half.uasset'
[2025.09.27-09.13.02:225][178]LogSlate: Window 'shelved_cheese_half' being destroyed
[2025.09.27-09.13.02:230][178]LogSlate: Window 'shelved_cheese_half' being destroyed
[2025.09.27-09.13.02:235][178]LogWorld: UWorld::CleanupWorld for World_5, bSessionEnded=true, bCleanupResources=true
[2025.09.27-09.13.02:857][249]LogEditorViewport: Clicking on Actor (LMB): StaticMeshActor (floor01_2x111)
[2025.09.27-09.13.15:079][710]LogEditorViewport: Clicking on Actor (LMB): StaticMeshActor (Cheese_table5)
[2025.09.27-09.13.53:901][ 50]LogSlate: FSceneViewport::OnFocusLost() reason 5
[2025.09.27-09.14.02:616][ 54]LogEditorFactories: Performing atomic reimport of [E:/GameDev/hggjam/KlixXsrc/models/props/cheesebox_cheese.fbx]
[2025.09.27-09.14.02:633][ 54]LogFbx: Loading FBX Scene from E:/GameDev/hggjam/KlixXsrc/models/props/cheesebox_cheese.fbx
[2025.09.27-09.14.02:635][ 54]LogFbx: FBX Scene Loaded Succesfully
[2025.09.27-09.14.02:637][ 54]LogFbx: Display: Triangulating static mesh cheesebox_cheese
[2025.09.27-09.14.02:653][ 54]LogStaticMesh: Building static mesh Cheese_box_with_Cheese...
[2025.09.27-09.14.02:658][ 54]LogStaticMesh: Built static mesh [0.01s] /Game/LevelAssets/Models/Props/Cheese_box_with_Cheese.Cheese_box_with_Cheese
[2025.09.27-09.14.02:667][ 54]LogEditorFactories: -- imported successfully
[2025.09.27-09.14.02:668][ 54]FBXImport: Warning: No smoothing group information was found in this FBX scene.  Please make sure to enable the 'Export Smoothing Groups' option in the FBX Exporter plug-in before exporting the file.  Even for tools that don't support smoothing groups, the FBX Exporter will generate appropriate smoothing data at export-time so that correct vertex normals can be inferred while importing. 
[2025.09.27-09.14.04:903][317]LogEditorFactories: Performing atomic reimport of [E:/GameDev/hggjam/KlixXsrc/models/props/cheesebox_nocheese.fbx]
[2025.09.27-09.14.04:921][317]LogFbx: Loading FBX Scene from E:/GameDev/hggjam/KlixXsrc/models/props/cheesebox_nocheese.fbx
[2025.09.27-09.14.04:923][317]LogFbx: FBX Scene Loaded Succesfully
[2025.09.27-09.14.04:924][317]LogFbx: Display: Triangulating static mesh cheesebox_nocheese
[2025.09.27-09.14.04:940][317]LogStaticMesh: Building static mesh Cheese_box_without_Cheese...
[2025.09.27-09.14.04:944][317]LogStaticMesh: Built static mesh [0.00s] /Game/LevelAssets/Models/Props/Cheese_box_without_Cheese.Cheese_box_without_Cheese
[2025.09.27-09.14.04:954][317]LogEditorFactories: -- imported successfully
[2025.09.27-09.14.04:954][317]FBXImport: Warning: No smoothing group information was found in this FBX scene.  Please make sure to enable the 'Export Smoothing Groups' option in the FBX Exporter plug-in before exporting the file.  Even for tools that don't support smoothing groups, the FBX Exporter will generate appropriate smoothing data at export-time so that correct vertex normals can be inferred while importing. 
[2025.09.27-09.14.06:789][530]LogAssetEditorManager: Opening Asset editor for StaticMesh /Game/LevelAssets/Models/Props/Cheese_box_with_Cheese.Cheese_box_with_Cheese
[2025.09.27-09.14.11:139][ 21]LogSavePackage: Moving 'E:/GameDev/hggjam/GameJamHGGUnreal4.23.1/GameJamCrew/Saved/Cheese_box_with_CheeseEB06434E4BD0E3360AF7BE8F179DC419.tmp' to 'E:/GameDev/hggjam/GameJamHGGUnreal4.23.1/GameJamCrew/Content/LevelAssets/Models/Props/Cheese_box_with_Cheese.uasset'
[2025.09.27-09.14.11:917][109]LogSlate: Window 'Cheese_box_with_Cheese' being destroyed
[2025.09.27-09.14.11:924][109]LogSlate: Window 'Cheese_box_with_Cheese' being destroyed
[2025.09.27-09.14.11:928][109]LogWorld: UWorld::CleanupWorld for World_6, bSessionEnded=true, bCleanupResources=true
[2025.09.27-09.14.12:686][196]LogEditorViewport: Clicking on Actor (LMB): StaticMeshActor (Cheese_table4)
[2025.09.27-09.14.13:498][291]LogSlate: FSceneViewport::OnFocusLost() reason 0
[2025.09.27-09.14.19:758][ 34]LogAssetEditorManager: Opening Asset editor for StaticMesh /Game/LevelAssets/Models/Props/Cheese_box_without_Cheese.Cheese_box_without_Cheese
[2025.09.27-09.14.23:713][482]LogSavePackage: Moving 'E:/GameDev/hggjam/GameJamHGGUnreal4.23.1/GameJamCrew/Saved/Cheese_box_without_CheeseD34ACEB741B99BF21BB2D990137035F6.tmp' to 'E:/GameDev/hggjam/GameJamHGGUnreal4.23.1/GameJamCrew/Content/LevelAssets/Models/Props/Cheese_box_without_Cheese.uasset'
[2025.09.27-09.14.24:653][591]LogSlate: Window 'Cheese_box_without_Cheese' being destroyed
[2025.09.27-09.14.24:658][591]LogSlate: Window 'Cheese_box_without_Cheese' being destroyed
[2025.09.27-09.14.24:663][591]LogWorld: UWorld::CleanupWorld for World_7, bSessionEnded=true, bCleanupResources=true
[2025.09.27-09.14.25:324][666]LogEditorViewport: Clicking on Actor (LMB): StaticMeshActor (wall01_2x46)
[2025.09.27-09.14.33:848][683]LogEditorViewport: Clicking on Actor (LMB): StaticMeshActor (shelf01_full70)
[2025.09.27-09.15.10:237][ 37]LogEditorViewport: Clicking on Actor (LMB): TriggerVolume (TriggerVolume)
[2025.09.27-09.15.10:632][ 80]Cmd: EDIT COPY
[2025.09.27-09.15.15:529][662]LogSlate: FSceneViewport::OnFocusLost() reason 0
[2025.09.27-09.16.33:591][963]LogEditorViewport: Clicking on Actor (LMB): StaticMeshActor (floor01_2x171)
[2025.09.27-09.16.34:253][ 34]LogSlate: FSceneViewport::OnFocusLost() reason 5
[2025.09.27-09.16.34:259][ 34]Cmd: OBJ SAVEPACKAGE PACKAGE="/Game/Levels/CheeseFactory_001" FILE="E:/GameDev/hggjam/GameJamHGGUnreal4.23.1/GameJamCrew/Content/Levels/CheeseFactory_001.umap" SILENT=true AUTOSAVING=false KEEPDIRTY=false
[2025.09.27-09.16.34:281][ 34]LogUObjectHash: Compacting FUObjectHashTables data took   1.02ms
[2025.09.27-09.16.34:471][ 34]LogSavePackage: Moving 'E:/GameDev/hggjam/GameJamHGGUnreal4.23.1/GameJamCrew/Saved/CheeseFactory_001D7EC05DB4AC8DF0E07CA0CAE6BA0B2E2.tmp' to 'E:/GameDev/hggjam/GameJamHGGUnreal4.23.1/GameJamCrew/Content/Levels/CheeseFactory_001.umap'
[2025.09.27-09.16.34:482][ 34]Cmd: OBJ SAVEPACKAGE PACKAGE="/Game/Levels/CheeseFactory_001_BuiltData" FILE="E:/GameDev/hggjam/GameJamHGGUnreal4.23.1/GameJamCrew/Content/Levels/CheeseFactory_001_BuiltData.uasset" SILENT=true
[2025.09.27-09.16.35:366][ 34]LogSavePackage: Moving 'E:/GameDev/hggjam/GameJamHGGUnreal4.23.1/GameJamCrew/Saved/CheeseFactory_001_BuiltData01BF344A44FB568E66BD42BD8F15A872.tmp' to 'E:/GameDev/hggjam/GameJamHGGUnreal4.23.1/GameJamCrew/Content/Levels/CheeseFactory_001_BuiltData.uasset'
[2025.09.27-09.17.18:441][184]LogSlate: FSceneViewport::OnFocusLost() reason 5
[2025.09.27-09.17.18:448][184]Cmd: OBJ SAVEPACKAGE PACKAGE="/Game/Levels/CheeseFactory_001" FILE="E:/GameDev/hggjam/GameJamHGGUnreal4.23.1/GameJamCrew/Content/Levels/CheeseFactory_001.umap" SILENT=true AUTOSAVING=false KEEPDIRTY=false
[2025.09.27-09.17.18:467][184]LogUObjectHash: Compacting FUObjectHashTables data took   0.99ms
[2025.09.27-09.17.18:653][184]LogSavePackage: Moving 'E:/GameDev/hggjam/GameJamHGGUnreal4.23.1/GameJamCrew/Saved/CheeseFactory_0010A9B9AB748C5049F0A15139C58D5CD0B.tmp' to 'E:/GameDev/hggjam/GameJamHGGUnreal4.23.1/GameJamCrew/Content/Levels/CheeseFactory_001.umap'
[2025.09.27-09.17.18:665][184]Cmd: OBJ SAVEPACKAGE PACKAGE="/Game/Levels/CheeseFactory_001_BuiltData" FILE="E:/GameDev/hggjam/GameJamHGGUnreal4.23.1/GameJamCrew/Content/Levels/CheeseFactory_001_BuiltData.uasset" SILENT=true
[2025.09.27-09.17.19:169][184]LogSavePackage: Moving 'E:/GameDev/hggjam/GameJamHGGUnreal4.23.1/GameJamCrew/Saved/CheeseFactory_001_BuiltDataC5D5A6F74C2CCAA48193118AFB484CB8.tmp' to 'E:/GameDev/hggjam/GameJamHGGUnreal4.23.1/GameJamCrew/Content/Levels/CheeseFactory_001_BuiltData.uasset'
[2025.09.27-09.17.20:612][355]MapCheck: New page: Map Check
[2025.09.27-09.17.20:624][355]LightingResults: New page: Lighting Build - Sep 27, 2025, 3:17:20 PM
[2025.09.27-09.17.20:655][355]LogSwarmInterface: [OpenConnection] Registering TCP channel ...
[2025.09.27-09.17.20:688][355]LogSwarmInterface: [OpenConnection] Connecting to agent ...
[2025.09.27-09.17.20:695][355]LogSwarmInterface: [TryOpenConnection] Testing the Agent
[2025.09.27-09.17.21:213][355]LogSwarmInterface: [TryOpenConnection] Opening Connection to Agent
[2025.09.27-09.17.21:213][355]LogSwarmInterface: [TryOpenConnection] Local Process ID is 24552
[2025.09.27-09.17.28:395][355]LogStaticLightingSystem: Running Lightmass w/ ImmediateImport mode ENABLED
[2025.09.27-09.17.28:395][355]LogStaticLightingSystem: Running Lightmass w/ ImmediateProcess mode ENABLED
[2025.09.27-09.17.28:395][355]LogStaticLightingSystem: Running Lightmass w/ Sorting mode ENABLED
[2025.09.27-09.17.28:395][355]LogStaticLightingSystem: Running Lightmass w/ Mapping paddings ENABLED
[2025.09.27-09.17.28:395][355]LogStaticLightingSystem: Running Lightmass w/ Mapping debug paddings DISABLED
[2025.09.27-09.17.28:499][355]LogEditorBuildUtils: Build time 0:07
[2025.09.27-09.17.28:537][356]LogMaterial: Display: Missing cached shader map for material FLightmassMaterialRenderer M_cheese, compiling. 
[2025.09.27-09.17.28:540][356]LogMaterial: Display: Missing cached shader map for material FLightmassMaterialRenderer M_cheese, compiling. 
[2025.09.27-09.17.28:703][356]LogShaderCompilers: Display: Worker (1/13): shaders left to compile 4
[2025.09.27-09.17.28:703][356]LogShaderCompilers: Display: Worker (2/13): shaders left to compile 3
[2025.09.27-09.17.28:703][356]LogShaderCompilers: Display: Worker (3/13): shaders left to compile 2
[2025.09.27-09.17.28:703][356]LogShaderCompilers: Display: Worker (4/13): shaders left to compile 1
[2025.09.27-09.17.28:760][358]LogUObjectHash: Compacting FUObjectHashTables data took   0.93ms
[2025.09.27-09.17.59:937][667]LightingResults: Warning: cylinder Object has overlapping UVs.
[2025.09.27-09.17.59:937][667]LightingResults: cylinder Lightmap UV are overlapping by 8.7%. Please adjust content - Enable Error Coloring to visualize.
[2025.09.27-09.18.14:701][711]LogEditorSessionSummary: EditorSessionSummary sent report. Type=Shutdown, SessionId={19BD7AA6-4DA8-891E-D902-1CBB1EF96543}
[2025.09.27-09.18.35:823][774]Job is a success!
[2025.09.27-09.18.36:213][775]LogVolumetricLightmapImport: Imported Volumetric Lightmap in 0.003s
[2025.09.27-09.18.36:213][775]LogVolumetricLightmapImport:      Indirection Texture 16x16x16 = 0.0Mb
[2025.09.27-09.18.36:213][775]LogVolumetricLightmapImport:      BrickData 85x5x5 = 0.1Mb
[2025.09.27-09.18.36:213][775]LogVolumetricLightmapImport:      Bricks at Level
[2025.09.27-09.18.36:213][775]LogVolumetricLightmapImport:          0: 5.9% covering 100.0% of volume
[2025.09.27-09.18.36:213][775]LogVolumetricLightmapImport:          1: 5.9% covering 1.6% of volume
[2025.09.27-09.18.36:213][775]LogVolumetricLightmapImport:          2: 88.2% covering 0.4% of volume
[2025.09.27-09.18.38:108][775]LogTexture: Display: Building textures: HQ_Lightmap1_1 (AutoDXT, 1024X1024)
[2025.09.27-09.18.38:108][775]LogTexture: Display: Building textures: HQ_Lightmap1_2 (AutoDXT, 1024X1024)
[2025.09.27-09.18.38:108][775]LogTexture: Display: Building textures: LQ_Lightmap_1_1 (DXT1, 1024X1024)
[2025.09.27-09.18.38:108][775]LogTexture: Display: Building textures: LQ_Lightmap_1_2 (DXT1, 1024X1024)
[2025.09.27-09.18.38:108][775]LogTexture: Display: Building textures: HQ_Lightmap1_3 (AutoDXT, 1024X1024)
[2025.09.27-09.18.38:108][775]LogTexture: Display: Building textures: LQ_Lightmap_1_3 (DXT1, 1024X1024)
[2025.09.27-09.18.38:108][775]LogTexture: Display: Building textures: HQ_Lightmap1_4 (AutoDXT, 1024X1024)
[2025.09.27-09.18.38:108][775]LogTexture: Display: Building textures: LQ_Lightmap_1_4 (DXT1, 1024X1024)
[2025.09.27-09.18.38:108][775]LogTexture: Display: Building textures: HQ_Lightmap1_5 (AutoDXT, 1024X1024)
[2025.09.27-09.18.38:108][775]LogTexture: Display: Building textures: LQ_Lightmap_1_5 (DXT1, 1024X1024)
[2025.09.27-09.18.38:108][775]LogTexture: Display: Building textures: HQ_Lightmap1_6 (AutoDXT, 1024X1024)
[2025.09.27-09.18.38:108][775]LogTexture: Display: Building textures: LQ_Lightmap_1_6 (DXT1, 1024X1024)
[2025.09.27-09.18.38:108][775]LogTexture: Display: Building textures: HQ_Lightmap1_7 (AutoDXT, 1024X1024)
[2025.09.27-09.18.38:108][775]LogTexture: Display: Building textures: LQ_Lightmap_1_7 (DXT1, 1024X1024)
[2025.09.27-09.18.38:108][775]LogTexture: Display: Building textures: HQ_Lightmap1_8 (AutoDXT, 1024X1024)
[2025.09.27-09.18.38:108][775]LogTexture: Display: Building textures: LQ_Lightmap_1_8 (DXT1, 1024X1024)
[2025.09.27-09.18.38:108][775]LogTexture: Display: Building textures: HQ_Lightmap1_9 (AutoDXT, 1024X1024)
[2025.09.27-09.18.38:108][775]LogTexture: Display: Building textures: LQ_Lightmap_1_9 (DXT1, 1024X1024)
[2025.09.27-09.18.38:108][775]LogTexture: Display: Building textures: HQ_Lightmap1_10 (AutoDXT, 1024X1024)
[2025.09.27-09.18.38:108][775]LogTexture: Display: Building textures: LQ_Lightmap_1_10 (DXT1, 1024X1024)
[2025.09.27-09.18.38:108][775]LogTexture: Display: Building textures: HQ_Lightmap1_11 (AutoDXT, 1024X1024)
[2025.09.27-09.18.38:108][775]LogTexture: Display: Building textures: LQ_Lightmap_1_11 (DXT1, 1024X1024)
[2025.09.27-09.18.38:108][775]LogTexture: Display: Building textures: HQ_Lightmap1_12 (AutoDXT, 1024X1024)
[2025.09.27-09.18.38:108][775]LogTexture: Display: Building textures: LQ_Lightmap_1_12 (DXT1, 1024X1024)
[2025.09.27-09.18.38:108][775]LogTexture: Display: Building textures: HQ_Lightmap1_13 (AutoDXT, 1024X1024)
[2025.09.27-09.18.38:108][775]LogTexture: Display: Building textures: LQ_Lightmap_1_13 (DXT1, 1024X1024)
[2025.09.27-09.18.38:108][775]LogTexture: Display: Building textures: HQ_Lightmap1_14 (AutoDXT, 1024X1024)
[2025.09.27-09.18.38:108][775]LogTexture: Display: Building textures: LQ_Lightmap_1_14 (DXT1, 1024X1024)
[2025.09.27-09.18.38:108][775]LogTexture: Display: Building textures: HQ_Lightmap1_15 (AutoDXT, 1024X1024)
[2025.09.27-09.18.38:108][775]LogTexture: Display: Building textures: LQ_Lightmap_1_15 (DXT1, 1024X1024)
[2025.09.27-09.18.38:108][775]LogTexture: Display: Building textures: HQ_Lightmap1_16 (AutoDXT, 1024X1024)
[2025.09.27-09.18.38:108][775]LogTexture: Display: Building textures: LQ_Lightmap_1_16 (DXT1, 1024X1024)
[2025.09.27-09.18.38:108][775]LogTexture: Display: Building textures: HQ_Lightmap1_17 (AutoDXT, 512X512)
[2025.09.27-09.18.38:108][775]LogTexture: Display: Building textures: LQ_Lightmap_1_17 (DXT1, 512X512)
[2025.09.27-09.18.38:108][775]LogTexture: Display: Building textures: HQ_Lightmap0_18 (AutoDXT, 64X64)
[2025.09.27-09.18.38:108][775]LogTexture: Display: Building textures: LQ_Lightmap_0_18 (DXT1, 64X64)
[2025.09.27-09.18.38:238][775]LogTexture: Display: Building textures: ShadowMapTexture2D_5 (G8, 32X32)
[2025.09.27-09.18.38:238][775]LogTexture: Display: Building textures: ShadowMapTexture2D_3 (G8, 1024X1024)
[2025.09.27-09.18.38:238][775]LogTexture: Display: Building textures: ShadowMapTexture2D_0 (G8, 1024X1024)
[2025.09.27-09.18.38:238][775]LogTexture: Display: Building textures: ShadowMapTexture2D_1 (G8, 1024X1024)
[2025.09.27-09.18.38:238][775]LogTexture: Display: Building textures: ShadowMapTexture2D_2 (G8, 1024X1024)
[2025.09.27-09.18.38:238][775]LogTexture: Display: Building textures: ShadowMapTexture2D_4 (G8, 1024X1024)
[2025.09.27-09.18.38:266][775]Lightmass on CECOMAIN: 1:09 min total, 350 ms importing, 38 ms setup, 3.89 sec photons, 1:04 min processing, 0 ms extra exporting [870/870 mappings]. Threads: 16:13 min total, 11:49 min processing.
[2025.09.27-09.18.38:267][775]LogStaticLightingSystem: CheeseFactory_001_BuiltData storing lightmap data for 870 meshes in 39 LightmapResourceClusters (22.3 Meshes per cluster).
[2025.09.27-09.18.38:292][775]LogUObjectHash: Compacting FUObjectHashTables data took   1.17ms
[2025.09.27-09.18.38:296][775]LogStaticLightingSystem: Illumination: 1:17 min (1.49 sec encoding lightmaps, 126 ms encoding shadowmaps)
[2025.09.27-09.18.38:296][775]LogStaticLightingSystem: Lightmap texture memory:  32.5 MB (32.5 MB streaming, 0.0 MB non-streaming), 36 textures
[2025.09.27-09.18.38:296][775]LogStaticLightingSystem: Shadowmap texture memory: 6.7 MB (6.7 MB streaming, 0.0 MB non-streaming), 6 textures
[2025.09.27-09.18.38:449][775]DumpUnbuiltLightIteractions
[2025.09.27-09.18.38:449][775]Lights with unbuilt interactions: 0
[2025.09.27-09.18.38:449][775]
[2025.09.27-09.18.38:449][775]Primitives with unbuilt interactions: 0
[2025.09.27-09.18.38:563][776]Cmd: MAP CHECK NOTIFYRESULTS
[2025.09.27-09.18.38:565][776]MapCheck: New page: CheeseFactory_001 - Sep 27, 2025, 3:18:38 PM
[2025.09.27-09.18.38:567][776]MapCheck: Warning: Rail_2m_Side_76 Static mesh actor has NULL StaticMesh property 
[2025.09.27-09.18.38:568][776]MapCheck: Warning: Rail_2m_Side2 Static mesh actor has NULL StaticMesh property 
[2025.09.27-09.18.38:568][776]MapCheck: Warning: Rail_2m_Side3 Static mesh actor has NULL StaticMesh property 
[2025.09.27-09.18.38:568][776]MapCheck: Warning: Rail_2m_Side4 Static mesh actor has NULL StaticMesh property 
[2025.09.27-09.18.38:568][776]MapCheck: Warning: Rail_2m_Side5 Static mesh actor has NULL StaticMesh property 
[2025.09.27-09.18.38:568][776]MapCheck: Warning: Rail_2m_Side6 Static mesh actor has NULL StaticMesh property 
[2025.09.27-09.18.38:568][776]MapCheck: Warning: Rail_2m_Side7 Static mesh actor has NULL StaticMesh property 
[2025.09.27-09.18.38:568][776]MapCheck: Warning: Rail_2m_Side8_98 Static mesh actor has NULL StaticMesh property 
[2025.09.27-09.18.38:568][776]MapCheck: Warning: Rail_2m_Side9 Static mesh actor has NULL StaticMesh property 
[2025.09.27-09.18.38:568][776]MapCheck: Warning: Rail_2m_Side10 Static mesh actor has NULL StaticMesh property 
[2025.09.27-09.18.38:568][776]MapCheck: Warning: Rail_2m_Side11 Static mesh actor has NULL StaticMesh property 
[2025.09.27-09.18.38:568][776]MapCheck: Warning: Rail_2m_Side12 Static mesh actor has NULL StaticMesh property 
[2025.09.27-09.18.38:568][776]MapCheck: Warning: Rail_2m_Side13 Static mesh actor has NULL StaticMesh property 
[2025.09.27-09.18.38:568][776]MapCheck: Warning: Rail_2m_Side14 Static mesh actor has NULL StaticMesh property 
[2025.09.27-09.18.38:568][776]MapCheck: Warning: Rail_2m_Side15 Static mesh actor has NULL StaticMesh property 
[2025.09.27-09.18.38:568][776]MapCheck: Warning: Rail_2m_Side17 Static mesh actor has NULL StaticMesh property 
[2025.09.27-09.18.38:568][776]MapCheck: Warning: Rail_2m_Side18 Static mesh actor has NULL StaticMesh property 
[2025.09.27-09.18.38:568][776]MapCheck: Warning: Rail_2m_Side16 Static mesh actor has NULL StaticMesh property 
[2025.09.27-09.18.38:568][776]MapCheck: Warning: Rail_2m_Side19 Static mesh actor has NULL StaticMesh property 
[2025.09.27-09.18.38:568][776]MapCheck: Warning: Rail_2m_Side20 Static mesh actor has NULL StaticMesh property 
[2025.09.27-09.18.38:568][776]MapCheck: Warning: Rail_2m_Side21 Static mesh actor has NULL StaticMesh property 
[2025.09.27-09.18.38:568][776]MapCheck: Warning: Rail_2m_Side22 Static mesh actor has NULL StaticMesh property 
[2025.09.27-09.18.38:568][776]MapCheck: Warning: Rail_2m_Side24_203 Static mesh actor has NULL StaticMesh property 
[2025.09.27-09.18.38:568][776]MapCheck: Warning: Rail_2m_Side25 Static mesh actor has NULL StaticMesh property 
[2025.09.27-09.18.38:568][776]MapCheck: Map check complete: 0 Error(s), 24 Warning(s), took 3.538ms to complete.
[2025.09.27-09.19.19:741][ 84]LogSlate: Window 'Message Log' being destroyed
[2025.09.27-09.19.19:746][ 84]LogSlate: Window 'Message Log' being destroyed
[2025.09.27-09.19.28:880][180]LogEditorViewport: Clicking on Actor (LMB): StaticMeshActor (Cheese_table7)
[2025.09.27-09.19.35:906][ 20]LogEditorViewport: Clicking on Actor (LMB): StaticMeshActor (Cheese_table2)
[2025.09.27-09.19.38:120][282]LogSlate: FSceneViewport::OnFocusLost() reason 0
[2025.09.27-09.19.46:214][253]LogEditorViewport: Clicking on Actor (LMB): StaticMeshActor (floor01_2x98)
[2025.09.27-09.19.46:928][336]LogEditorViewport: Clicking on Actor (LMB): StaticMeshActor (Cheese_table)
[2025.09.27-09.19.47:690][424]LogSlate: FSceneViewport::OnFocusLost() reason 0
[2025.09.27-09.19.53:357][102]LogSlate: FSceneViewport::OnFocusLost() reason 5
[2025.09.27-09.19.53:362][102]Cmd: OBJ SAVEPACKAGE PACKAGE="/Game/Levels/CheeseFactory_001" FILE="E:/GameDev/hggjam/GameJamHGGUnreal4.23.1/GameJamCrew/Content/Levels/CheeseFactory_001.umap" SILENT=true AUTOSAVING=false KEEPDIRTY=false
[2025.09.27-09.19.53:381][102]LogUObjectHash: Compacting FUObjectHashTables data took   0.72ms
[2025.09.27-09.19.53:567][102]LogSavePackage: Moving 'E:/GameDev/hggjam/GameJamHGGUnreal4.23.1/GameJamCrew/Saved/CheeseFactory_001BD63C814480EC211A72C4EAC0A9D9E61.tmp' to 'E:/GameDev/hggjam/GameJamHGGUnreal4.23.1/GameJamCrew/Content/Levels/CheeseFactory_001.umap'
[2025.09.27-09.19.53:578][102]Cmd: OBJ SAVEPACKAGE PACKAGE="/Game/Levels/CheeseFactory_001_BuiltData" FILE="E:/GameDev/hggjam/GameJamHGGUnreal4.23.1/GameJamCrew/Content/Levels/CheeseFactory_001_BuiltData.uasset" SILENT=true
[2025.09.27-09.19.54:086][102]LogSavePackage: Moving 'E:/GameDev/hggjam/GameJamHGGUnreal4.23.1/GameJamCrew/Saved/CheeseFactory_001_BuiltData39072E4A4E55E155C5078FA0A98375A0.tmp' to 'E:/GameDev/hggjam/GameJamHGGUnreal4.23.1/GameJamCrew/Content/Levels/CheeseFactory_001_BuiltData.uasset'
[2025.09.27-09.19.57:588][517]LogEditorViewport: Clicking on Actor (LMB): StaticMeshActor (Cheese_table9)
[2025.09.27-09.19.59:750][770]LogSlate: FSceneViewport::OnFocusLost() reason 0
[2025.09.27-09.20.03:670][239]Cmd: TRANSACTION UNDO
[2025.09.27-09.20.03:670][239]LogEditorTransaction: Undo Set Scale
[2025.09.27-09.20.05:973][496]LogSlate: FSceneViewport::OnFocusLost() reason 0
[2025.09.27-09.20.06:890][605]Cmd: TRANSACTION UNDO
[2025.09.27-09.20.06:890][605]LogEditorTransaction: Undo Set Scale
[2025.09.27-09.20.11:033][ 96]LogEditorViewport: Clicking on Actor (LMB): StaticMeshActor (floor01_2x88)
[2025.09.27-09.20.11:599][159]LogSlate: FSceneViewport::OnFocusLost() reason 5
[2025.09.27-09.20.11:604][159]Cmd: OBJ SAVEPACKAGE PACKAGE="/Game/Levels/CheeseFactory_001" FILE="E:/GameDev/hggjam/GameJamHGGUnreal4.23.1/GameJamCrew/Content/Levels/CheeseFactory_001.umap" SILENT=true AUTOSAVING=false KEEPDIRTY=false
[2025.09.27-09.20.11:625][159]LogUObjectHash: Compacting FUObjectHashTables data took   0.95ms
[2025.09.27-09.20.11:810][159]LogSavePackage: Moving 'E:/GameDev/hggjam/GameJamHGGUnreal4.23.1/GameJamCrew/Saved/CheeseFactory_001955C77DB440E1397AFB927AAAEB55E0A.tmp' to 'E:/GameDev/hggjam/GameJamHGGUnreal4.23.1/GameJamCrew/Content/Levels/CheeseFactory_001.umap'
[2025.09.27-09.20.11:821][159]Cmd: OBJ SAVEPACKAGE PACKAGE="/Game/Levels/CheeseFactory_001_BuiltData" FILE="E:/GameDev/hggjam/GameJamHGGUnreal4.23.1/GameJamCrew/Content/Levels/CheeseFactory_001_BuiltData.uasset" SILENT=true
[2025.09.27-09.20.12:325][159]LogSavePackage: Moving 'E:/GameDev/hggjam/GameJamHGGUnreal4.23.1/GameJamCrew/Saved/CheeseFactory_001_BuiltDataB11693614C5D4CE7DD85D6BF0C57F258.tmp' to 'E:/GameDev/hggjam/GameJamHGGUnreal4.23.1/GameJamCrew/Content/Levels/CheeseFactory_001_BuiltData.uasset'
[2025.09.27-09.20.17:583][780]LogEditorViewport: Clicking on Actor (LMB): StaticMeshActor (window22)
[2025.09.27-09.20.20:003][ 60]LogEditorViewport: Clicking on Actor (LMB): StaticMeshActor (window7)
[2025.09.27-09.20.21:621][248]Cmd: DELETE
[2025.09.27-09.20.21:621][248]Cmd: ACTOR DELETE
[2025.09.27-09.20.21:629][248]LogEditorActor: Deleted Actor: StaticMeshActor
[2025.09.27-09.20.21:629][248]LogEditorActor: Deleted Actor: StaticMeshActor
[2025.09.27-09.20.21:649][248]LogUObjectHash: Compacting FUObjectHashTables data took   0.94ms
[2025.09.27-09.20.21:650][248]LogEditorActor: Deleted 2 Actors (0.028 secs)
[2025.09.27-09.20.23:891][517]LogEditorViewport: Clicking on Actor (LMB): StaticMeshActor (window15)
[2025.09.27-09.20.29:035][112]LogEditorViewport: Clicking on Actor (LMB): StaticMeshActor (wall01_2x63)
[2025.09.27-09.20.32:412][510]LogEditorViewport: Clicking on Actor (LMB): StaticMeshActor (floor01_2x47)
[2025.09.27-09.20.39:923][407]LogEditorViewport: Clicking on Actor (LMB): StaticMeshActor (pillar01_half77)
[2025.09.27-09.20.55:399][230]LogEditorViewport: Clicking on Actor (LMB): StaticMeshActor (wall01_2x78)
[2025.09.27-09.20.56:500][358]LogEditorViewport: Clicking on Actor (LMB): StaticMeshActor (pillar01_half44)
[2025.09.27-09.20.58:809][631]LogEditorViewport: Clicking on Actor (LMB): StaticMeshActor (pillar01_half41)
[2025.09.27-09.21.01:435][936]Cmd: DELETE
[2025.09.27-09.21.01:435][936]Cmd: ACTOR DELETE
[2025.09.27-09.21.01:441][936]LogEditorActor: Deleted Actor: StaticMeshActor
[2025.09.27-09.21.01:441][936]LogEditorActor: Deleted Actor: StaticMeshActor
[2025.09.27-09.21.01:461][936]LogUObjectHash: Compacting FUObjectHashTables data took   0.71ms
[2025.09.27-09.21.01:462][936]LogEditorActor: Deleted 2 Actors (0.027 secs)
[2025.09.27-09.21.02:645][ 78]LogEditorViewport: Clicking on Actor (LMB): StaticMeshActor (Channel18)
[2025.09.27-09.21.07:917][694]LogEditorViewport: Clicking on Actor (LMB): StaticMeshActor (Channel17)
[2025.09.27-09.21.11:135][ 70]LogEditorViewport: Clicking on Actor (LMB): StaticMeshActor (pillar01_half44)
[2025.09.27-09.21.13:766][373]Cmd: DELETE
[2025.09.27-09.21.13:766][373]Cmd: ACTOR DELETE
[2025.09.27-09.21.13:772][373]LogEditorActor: Deleted Actor: StaticMeshActor
[2025.09.27-09.21.13:773][373]LogEditorActor: Deleted Actor: StaticMeshActor
[2025.09.27-09.21.13:793][373]LogUObjectHash: Compacting FUObjectHashTables data took   0.42ms
[2025.09.27-09.21.13:793][373]LogEditorActor: Deleted 2 Actors (0.026 secs)
[2025.09.27-09.21.14:701][482]LogEditorViewport: Clicking on Actor (LMB): StaticMeshActor (Channel21)
[2025.09.27-09.21.18:028][869]LogEditorViewport: Clicking on Actor (LMB): StaticMeshActor (Channel22)
[2025.09.27-09.21.21:462][267]LogEditorViewport: Clicking on Actor (LMB): StaticMeshActor (Channel21)
[2025.09.27-09.21.27:332][937]Cmd: DELETE
[2025.09.27-09.21.27:332][937]Cmd: ACTOR DELETE
[2025.09.27-09.21.27:339][937]LogEditorActor: Deleted Actor: StaticMeshActor
[2025.09.27-09.21.27:359][937]LogUObjectHash: Compacting FUObjectHashTables data took   0.73ms
[2025.09.27-09.21.27:359][937]LogEditorActor: Deleted 1 Actors (0.027 secs)
[2025.09.27-09.21.27:632][969]LogEditorViewport: Clicking on Actor (LMB): StaticMeshActor (Channel20)
[2025.09.27-09.21.46:725][237]LogEditorViewport: Clicking on Actor (LMB): StaticMeshActor (floor01_2x50)
[2025.09.27-09.21.47:349][309]LogEditorViewport: Clicking on Actor (LMB): StaticMeshActor (Channel24)
[2025.09.27-09.22.13:347][400]LogEditorViewport: Clicking on Actor (LMB): StaticMeshActor (doorframe_1x7)
[2025.09.27-09.22.14:148][493]LogEditorViewport: Clicking on Actor (LMB): StaticMeshActor (Channel24)
[2025.09.27-09.22.14:720][558]LogEditorViewport: Clicking on Actor (LMB): StaticMeshActor (floor01_2x47)
[2025.09.27-09.22.18:195][963]LogEditorViewport: Clicking on Actor (LMB): StaticMeshActor (Channel24)
[2025.09.27-09.22.23:789][622]LogEditorViewport: Clicking on Actor (LMB): StaticMeshActor (floor01_2x47)
[2025.09.27-09.22.25:348][802]LogEditorViewport: Clicking on Actor (LMB): StaticMeshActor (Channel24)
[2025.09.27-09.22.29:999][351]LogSlate: FSceneViewport::OnFocusLost() reason 0
[2025.09.27-09.22.56:528][492]LogEditorViewport: Clicking on Actor (LMB): StaticMeshActor (floor01_2x253)
[2025.09.27-09.23.02:063][149]LogEditorViewport: Clicking on Actor (LMB): StaticMeshActor (Channel24)
[2025.09.27-09.23.17:210][930]LogEditorViewport: Clicking on Actor (LMB): StaticMeshActor (floor01_2x224)
[2025.09.27-09.23.21:815][477]LogEditorViewport: Clicking on Actor (LMB): StaticMeshActor (floor01_2x79)
[2025.09.27-09.23.22:480][552]LogSlate: FSceneViewport::OnFocusLost() reason 5
[2025.09.27-09.23.22:486][552]Cmd: OBJ SAVEPACKAGE PACKAGE="/Game/Levels/CheeseFactory_001" FILE="E:/GameDev/hggjam/GameJamHGGUnreal4.23.1/GameJamCrew/Content/Levels/CheeseFactory_001.umap" SILENT=true AUTOSAVING=false KEEPDIRTY=false
[2025.09.27-09.23.22:506][552]LogUObjectHash: Compacting FUObjectHashTables data took   0.74ms
[2025.09.27-09.23.22:693][552]LogSavePackage: Moving 'E:/GameDev/hggjam/GameJamHGGUnreal4.23.1/GameJamCrew/Saved/CheeseFactory_001654B7C7B4F0567D8AE26458FDC6C4406.tmp' to 'E:/GameDev/hggjam/GameJamHGGUnreal4.23.1/GameJamCrew/Content/Levels/CheeseFactory_001.umap'
[2025.09.27-09.23.22:705][552]Cmd: OBJ SAVEPACKAGE PACKAGE="/Game/Levels/CheeseFactory_001_BuiltData" FILE="E:/GameDev/hggjam/GameJamHGGUnreal4.23.1/GameJamCrew/Content/Levels/CheeseFactory_001_BuiltData.uasset" SILENT=true
[2025.09.27-09.23.23:220][552]LogSavePackage: Moving 'E:/GameDev/hggjam/GameJamHGGUnreal4.23.1/GameJamCrew/Saved/CheeseFactory_001_BuiltData268C7C0047029148D35673A69A952BD7.tmp' to 'E:/GameDev/hggjam/GameJamHGGUnreal4.23.1/GameJamCrew/Content/Levels/CheeseFactory_001_BuiltData.uasset'
[2025.09.27-09.24.01:276][504]LogSlate: FSceneViewport::OnFocusLost() reason 5
[2025.09.27-09.24.05:484][909]LogEditorViewport: Clicking on Actor (LMB): SpotLight (SpotLight7)
[2025.09.27-09.24.14:380][958]LogSlate: FSceneViewport::OnFocusLost() reason 0
[2025.09.27-09.24.25:249][257]LogSlate: FSceneViewport::OnFocusLost() reason 0
[2025.09.27-09.24.43:019][387]LogEditorViewport: Clicking on Actor (LMB): SpotLight (SpotLight4)
[2025.09.27-09.24.46:160][760]LogSlate: FSceneViewport::OnFocusLost() reason 0
[2025.09.27-09.24.50:157][239]LogEditorViewport: Clicking on Actor (LMB): SpotLight (SpotLight26)
[2025.09.27-09.25.04:367][897]LogEditorViewport: Clicking on Actor (LMB): StaticMeshActor (vent01_80x73)
[2025.09.27-09.25.05:083][977]LogSlate: FSceneViewport::OnFocusLost() reason 5
[2025.09.27-09.25.05:088][977]Cmd: OBJ SAVEPACKAGE PACKAGE="/Game/Levels/CheeseFactory_001" FILE="E:/GameDev/hggjam/GameJamHGGUnreal4.23.1/GameJamCrew/Content/Levels/CheeseFactory_001.umap" SILENT=true AUTOSAVING=false KEEPDIRTY=false
[2025.09.27-09.25.05:110][977]LogUObjectHash: Compacting FUObjectHashTables data took   1.74ms
[2025.09.27-09.25.05:294][977]LogSavePackage: Moving 'E:/GameDev/hggjam/GameJamHGGUnreal4.23.1/GameJamCrew/Saved/CheeseFactory_00199BE10814C77929E1C5E9AA823B04B75.tmp' to 'E:/GameDev/hggjam/GameJamHGGUnreal4.23.1/GameJamCrew/Content/Levels/CheeseFactory_001.umap'
[2025.09.27-09.25.05:305][977]Cmd: OBJ SAVEPACKAGE PACKAGE="/Game/Levels/CheeseFactory_001_BuiltData" FILE="E:/GameDev/hggjam/GameJamHGGUnreal4.23.1/GameJamCrew/Content/Levels/CheeseFactory_001_BuiltData.uasset" SILENT=true
[2025.09.27-09.25.05:799][977]LogSavePackage: Moving 'E:/GameDev/hggjam/GameJamHGGUnreal4.23.1/GameJamCrew/Saved/CheeseFactory_001_BuiltData28D06C81479328621095FEA6D1E62B21.tmp' to 'E:/GameDev/hggjam/GameJamHGGUnreal4.23.1/GameJamCrew/Content/Levels/CheeseFactory_001_BuiltData.uasset'
[2025.09.27-09.25.08:422][280]LogEditorViewport: Clicking on Actor (LMB): PointLight (PointLight8)
[2025.09.27-09.25.12:768][792]LogEditorViewport: Clicking on Actor (LMB): PointLight (PointLight6)
[2025.09.27-09.25.14:238][964]LogSlate: FSceneViewport::OnFocusLost() reason 0
[2025.09.27-09.25.15:290][ 89]LogEditorViewport: Clicking on Actor (LMB): StaticMeshActor (shelf01)
[2025.09.27-09.25.16:479][219]LogEditorViewport: Clicking on Actor (LMB): PointLight (PointLight8)
[2025.09.27-09.25.18:566][464]LogSlate: FSceneViewport::OnFocusLost() reason 0
[2025.09.27-09.25.19:241][544]LogEditorViewport: Clicking on Actor (LMB): StaticMeshActor (wall01_2x6)
[2025.09.27-09.25.19:776][605]LogEditorViewport: Clicking on Actor (LMB): SpotLight (SpotLight5)
[2025.09.27-09.25.21:475][805]LogSlate: FSceneViewport::OnFocusLost() reason 0
[2025.09.27-09.25.22:088][878]LogEditorViewport: Clicking on Actor (LMB): StaticMeshActor (wall01_2x15)
[2025.09.27-09.25.23:271][ 14]LogSlate: FSceneViewport::OnFocusLost() reason 5
[2025.09.27-09.25.23:277][ 14]Cmd: OBJ SAVEPACKAGE PACKAGE="/Game/Levels/CheeseFactory_001" FILE="E:/GameDev/hggjam/GameJamHGGUnreal4.23.1/GameJamCrew/Content/Levels/CheeseFactory_001.umap" SILENT=true AUTOSAVING=false KEEPDIRTY=false
[2025.09.27-09.25.23:297][ 14]LogUObjectHash: Compacting FUObjectHashTables data took   0.94ms
[2025.09.27-09.25.23:481][ 14]LogSavePackage: Moving 'E:/GameDev/hggjam/GameJamHGGUnreal4.23.1/GameJamCrew/Saved/CheeseFactory_001CFD89A97433C77C1688D40BF83758E3D.tmp' to 'E:/GameDev/hggjam/GameJamHGGUnreal4.23.1/GameJamCrew/Content/Levels/CheeseFactory_001.umap'
[2025.09.27-09.25.23:493][ 14]Cmd: OBJ SAVEPACKAGE PACKAGE="/Game/Levels/CheeseFactory_001_BuiltData" FILE="E:/GameDev/hggjam/GameJamHGGUnreal4.23.1/GameJamCrew/Content/Levels/CheeseFactory_001_BuiltData.uasset" SILENT=true
[2025.09.27-09.25.23:990][ 14]LogSavePackage: Moving 'E:/GameDev/hggjam/GameJamHGGUnreal4.23.1/GameJamCrew/Saved/CheeseFactory_001_BuiltData4CF8D93D418196C0A95B51A91D56BECF.tmp' to 'E:/GameDev/hggjam/GameJamHGGUnreal4.23.1/GameJamCrew/Content/Levels/CheeseFactory_001_BuiltData.uasset'
[2025.09.27-09.25.26:697][324]LogSlate: FSceneViewport::OnFocusLost() reason 2
[2025.09.27-09.25.27:664][440]MapCheck: New page: Map Check
[2025.09.27-09.25.27:674][440]LogSlate: FSceneViewport::OnFocusLost() reason 5
[2025.09.27-09.25.27:677][440]LightingResults: New page: Lighting Build - Sep 27, 2025, 3:25:27 PM
[2025.09.27-09.25.27:682][440]LogSwarmInterface: [OpenConnection] Registering TCP channel ...
[2025.09.27-09.25.27:688][440]LogSwarmInterface: [OpenConnection] Connecting to agent ...
[2025.09.27-09.25.27:688][440]LogSwarmInterface: [TryOpenConnection] Testing the Agent
[2025.09.27-09.25.27:689][440]LogSwarmInterface: [TryOpenConnection] Opening Connection to Agent
[2025.09.27-09.25.27:689][440]LogSwarmInterface: [TryOpenConnection] Local Process ID is 24552
[2025.09.27-09.25.32:277][440]LogStaticLightingSystem: Running Lightmass w/ ImmediateImport mode ENABLED
[2025.09.27-09.25.32:277][440]LogStaticLightingSystem: Running Lightmass w/ ImmediateProcess mode ENABLED
[2025.09.27-09.25.32:277][440]LogStaticLightingSystem: Running Lightmass w/ Sorting mode ENABLED
[2025.09.27-09.25.32:277][440]LogStaticLightingSystem: Running Lightmass w/ Mapping paddings ENABLED
[2025.09.27-09.25.32:277][440]LogStaticLightingSystem: Running Lightmass w/ Mapping debug paddings DISABLED
[2025.09.27-09.25.32:353][440]LogEditorBuildUtils: Build time 0:04
[2025.09.27-09.25.32:393][441]LogUObjectHash: Compacting FUObjectHashTables data took   1.01ms
[2025.09.27-09.26.40:215][786]LightingResults: Warning: cylinder Object has overlapping UVs.
[2025.09.27-09.26.40:215][786]LightingResults: cylinder Lightmap UV are overlapping by 8.7%. Please adjust content - Enable Error Coloring to visualize.
[2025.09.27-09.26.43:098][ 56]Job is a success!
[2025.09.27-09.26.43:137][ 58]LogSlate: FSceneViewport::OnFocusLost() reason 5
[2025.09.27-09.26.43:180][ 58]LogVolumetricLightmapImport: Imported Volumetric Lightmap in 0.003s
[2025.09.27-09.26.43:180][ 58]LogVolumetricLightmapImport:      Indirection Texture 16x16x16 = 0.0Mb
[2025.09.27-09.26.43:180][ 58]LogVolumetricLightmapImport:      BrickData 85x5x5 = 0.1Mb
[2025.09.27-09.26.43:180][ 58]LogVolumetricLightmapImport:      Bricks at Level
[2025.09.27-09.26.43:180][ 58]LogVolumetricLightmapImport:          0: 5.9% covering 100.0% of volume
[2025.09.27-09.26.43:180][ 58]LogVolumetricLightmapImport:          1: 5.9% covering 1.6% of volume
[2025.09.27-09.26.43:180][ 58]LogVolumetricLightmapImport:          2: 88.2% covering 0.4% of volume
[2025.09.27-09.26.45:052][ 58]LogTexture: Display: Building textures: LQ_Lightmap_0_1 (DXT1, 1024X1024)
[2025.09.27-09.26.45:052][ 58]LogTexture: Display: Building textures: HQ_Lightmap0_1 (AutoDXT, 1024X1024)
[2025.09.27-09.26.45:052][ 58]LogTexture: Display: Building textures: HQ_Lightmap0_2 (AutoDXT, 1024X1024)
[2025.09.27-09.26.45:052][ 58]LogTexture: Display: Building textures: LQ_Lightmap_0_2 (DXT1, 1024X1024)
[2025.09.27-09.26.45:052][ 58]LogTexture: Display: Building textures: HQ_Lightmap0_3 (AutoDXT, 1024X1024)
[2025.09.27-09.26.45:052][ 58]LogTexture: Display: Building textures: LQ_Lightmap_0_3 (DXT1, 1024X1024)
[2025.09.27-09.26.45:052][ 58]LogTexture: Display: Building textures: HQ_Lightmap0_4 (AutoDXT, 1024X1024)
[2025.09.27-09.26.45:052][ 58]LogTexture: Display: Building textures: LQ_Lightmap_0_4 (DXT1, 1024X1024)
[2025.09.27-09.26.45:052][ 58]LogTexture: Display: Building textures: HQ_Lightmap0_5 (AutoDXT, 1024X1024)
[2025.09.27-09.26.45:052][ 58]LogTexture: Display: Building textures: LQ_Lightmap_0_5 (DXT1, 1024X1024)
[2025.09.27-09.26.45:052][ 58]LogTexture: Display: Building textures: HQ_Lightmap0_6 (AutoDXT, 1024X1024)
[2025.09.27-09.26.45:052][ 58]LogTexture: Display: Building textures: LQ_Lightmap_0_6 (DXT1, 1024X1024)
[2025.09.27-09.26.45:052][ 58]LogTexture: Display: Building textures: HQ_Lightmap0_7 (AutoDXT, 1024X1024)
[2025.09.27-09.26.45:052][ 58]LogTexture: Display: Building textures: LQ_Lightmap_0_7 (DXT1, 1024X1024)
[2025.09.27-09.26.45:052][ 58]LogTexture: Display: Building textures: HQ_Lightmap0_8 (AutoDXT, 1024X1024)
[2025.09.27-09.26.45:052][ 58]LogTexture: Display: Building textures: HQ_Lightmap0_9 (AutoDXT, 1024X1024)
[2025.09.27-09.26.45:052][ 58]LogTexture: Display: Building textures: LQ_Lightmap_0_8 (DXT1, 1024X1024)
[2025.09.27-09.26.45:052][ 58]LogTexture: Display: Building textures: LQ_Lightmap_0_9 (DXT1, 1024X1024)
[2025.09.27-09.26.45:052][ 58]LogTexture: Display: Building textures: HQ_Lightmap0_10 (AutoDXT, 1024X1024)
[2025.09.27-09.26.45:052][ 58]LogTexture: Display: Building textures: LQ_Lightmap_0_10 (DXT1, 1024X1024)
[2025.09.27-09.26.45:052][ 58]LogTexture: Display: Building textures: HQ_Lightmap0_11 (AutoDXT, 1024X1024)
[2025.09.27-09.26.45:052][ 58]LogTexture: Display: Building textures: LQ_Lightmap_0_11 (DXT1, 1024X1024)
[2025.09.27-09.26.45:052][ 58]LogTexture: Display: Building textures: HQ_Lightmap0_12 (AutoDXT, 1024X1024)
[2025.09.27-09.26.45:052][ 58]LogTexture: Display: Building textures: LQ_Lightmap_0_12 (DXT1, 1024X1024)
[2025.09.27-09.26.45:052][ 58]LogTexture: Display: Building textures: HQ_Lightmap0_13 (AutoDXT, 1024X1024)
[2025.09.27-09.26.45:052][ 58]LogTexture: Display: Building textures: LQ_Lightmap_0_13 (DXT1, 1024X1024)
[2025.09.27-09.26.45:052][ 58]LogTexture: Display: Building textures: HQ_Lightmap0_14 (AutoDXT, 1024X1024)
[2025.09.27-09.26.45:052][ 58]LogTexture: Display: Building textures: LQ_Lightmap_0_14 (DXT1, 1024X1024)
[2025.09.27-09.26.45:052][ 58]LogTexture: Display: Building textures: HQ_Lightmap0_15 (AutoDXT, 1024X1024)
[2025.09.27-09.26.45:052][ 58]LogTexture: Display: Building textures: LQ_Lightmap_0_15 (DXT1, 1024X1024)
[2025.09.27-09.26.45:052][ 58]LogTexture: Display: Building textures: HQ_Lightmap0_16 (AutoDXT, 1024X1024)
[2025.09.27-09.26.45:052][ 58]LogTexture: Display: Building textures: LQ_Lightmap_0_16 (DXT1, 1024X1024)
[2025.09.27-09.26.45:052][ 58]LogTexture: Display: Building textures: HQ_Lightmap0_17 (AutoDXT, 512X512)
[2025.09.27-09.26.45:052][ 58]LogTexture: Display: Building textures: LQ_Lightmap_0_17 (DXT1, 512X512)
[2025.09.27-09.26.45:052][ 58]LogTexture: Display: Building textures: HQ_Lightmap1_18 (AutoDXT, 64X64)
[2025.09.27-09.26.45:052][ 58]LogTexture: Display: Building textures: LQ_Lightmap_1_18 (DXT1, 64X64)
[2025.09.27-09.26.45:186][ 58]LogTexture: Display: Building textures: ShadowMapTexture2D_11 (G8, 32X32)
[2025.09.27-09.26.45:186][ 58]LogTexture: Display: Building textures: ShadowMapTexture2D_8 (G8, 1024X1024)
[2025.09.27-09.26.45:186][ 58]LogTexture: Display: Building textures: ShadowMapTexture2D_6 (G8, 1024X1024)
[2025.09.27-09.26.45:186][ 58]LogTexture: Display: Building textures: ShadowMapTexture2D_10 (G8, 1024X1024)
[2025.09.27-09.26.45:186][ 58]LogTexture: Display: Building textures: ShadowMapTexture2D_9 (G8, 1024X1024)
[2025.09.27-09.26.45:186][ 58]LogTexture: Display: Building textures: ShadowMapTexture2D_7 (G8, 1024X1024)
[2025.09.27-09.26.45:199][ 58]Lightmass on CECOMAIN: 1:12 min total, 88 ms importing, 36 ms setup, 3.76 sec photons, 1:08 min processing, 0 ms extra exporting [879/879 mappings]. Threads: 17:09 min total, 12:40 min processing.
[2025.09.27-09.26.45:206][ 58]LogStaticLightingSystem: CheeseFactory_001_BuiltData storing lightmap data for 879 meshes in 40 LightmapResourceClusters (22.0 Meshes per cluster).
[2025.09.27-09.26.45:231][ 58]LogUObjectHash: Compacting FUObjectHashTables data took   0.81ms
[2025.09.27-09.26.45:236][ 58]LogStaticLightingSystem: Illumination: 1:17 min (1.48 sec encoding lightmaps, 126 ms encoding shadowmaps)
[2025.09.27-09.26.45:236][ 58]LogStaticLightingSystem: Lightmap texture memory:  32.5 MB (32.5 MB streaming, 0.0 MB non-streaming), 36 textures
[2025.09.27-09.26.45:236][ 58]LogStaticLightingSystem: Shadowmap texture memory: 6.7 MB (6.7 MB streaming, 0.0 MB non-streaming), 6 textures
[2025.09.27-09.26.45:347][ 58]DumpUnbuiltLightIteractions
[2025.09.27-09.26.45:347][ 58]Lights with unbuilt interactions: 0
[2025.09.27-09.26.45:347][ 58]
[2025.09.27-09.26.45:347][ 58]Primitives with unbuilt interactions: 0
[2025.09.27-09.26.45:464][ 59]Cmd: MAP CHECK NOTIFYRESULTS
[2025.09.27-09.26.45:464][ 59]MapCheck: New page: CheeseFactory_001 - Sep 27, 2025, 3:26:45 PM
[2025.09.27-09.26.45:467][ 59]MapCheck: Warning: Rail_2m_Side_76 Static mesh actor has NULL StaticMesh property 
[2025.09.27-09.26.45:467][ 59]MapCheck: Warning: Rail_2m_Side2 Static mesh actor has NULL StaticMesh property 
[2025.09.27-09.26.45:467][ 59]MapCheck: Warning: Rail_2m_Side3 Static mesh actor has NULL StaticMesh property 
[2025.09.27-09.26.45:467][ 59]MapCheck: Warning: Rail_2m_Side4 Static mesh actor has NULL StaticMesh property 
[2025.09.27-09.26.45:467][ 59]MapCheck: Warning: Rail_2m_Side5 Static mesh actor has NULL StaticMesh property 
[2025.09.27-09.26.45:467][ 59]MapCheck: Warning: Rail_2m_Side6 Static mesh actor has NULL StaticMesh property 
[2025.09.27-09.26.45:467][ 59]MapCheck: Warning: Rail_2m_Side7 Static mesh actor has NULL StaticMesh property 
[2025.09.27-09.26.45:467][ 59]MapCheck: Warning: Rail_2m_Side8_98 Static mesh actor has NULL StaticMesh property 
[2025.09.27-09.26.45:467][ 59]MapCheck: Warning: Rail_2m_Side9 Static mesh actor has NULL StaticMesh property 
[2025.09.27-09.26.45:467][ 59]MapCheck: Warning: Rail_2m_Side10 Static mesh actor has NULL StaticMesh property 
[2025.09.27-09.26.45:467][ 59]MapCheck: Warning: Rail_2m_Side11 Static mesh actor has NULL StaticMesh property 
[2025.09.27-09.26.45:467][ 59]MapCheck: Warning: Rail_2m_Side12 Static mesh actor has NULL StaticMesh property 
[2025.09.27-09.26.45:467][ 59]MapCheck: Warning: Rail_2m_Side13 Static mesh actor has NULL StaticMesh property 
[2025.09.27-09.26.45:467][ 59]MapCheck: Warning: Rail_2m_Side14 Static mesh actor has NULL StaticMesh property 
[2025.09.27-09.26.45:467][ 59]MapCheck: Warning: Rail_2m_Side15 Static mesh actor has NULL StaticMesh property 
[2025.09.27-09.26.45:467][ 59]MapCheck: Warning: Rail_2m_Side17 Static mesh actor has NULL StaticMesh property 
[2025.09.27-09.26.45:467][ 59]MapCheck: Warning: Rail_2m_Side18 Static mesh actor has NULL StaticMesh property 
[2025.09.27-09.26.45:467][ 59]MapCheck: Warning: Rail_2m_Side16 Static mesh actor has NULL StaticMesh property 
[2025.09.27-09.26.45:467][ 59]MapCheck: Warning: Rail_2m_Side19 Static mesh actor has NULL StaticMesh property 
[2025.09.27-09.26.45:467][ 59]MapCheck: Warning: Rail_2m_Side20 Static mesh actor has NULL StaticMesh property 
[2025.09.27-09.26.45:467][ 59]MapCheck: Warning: Rail_2m_Side21 Static mesh actor has NULL StaticMesh property 
[2025.09.27-09.26.45:467][ 59]MapCheck: Warning: Rail_2m_Side22 Static mesh actor has NULL StaticMesh property 
[2025.09.27-09.26.45:467][ 59]MapCheck: Warning: Rail_2m_Side24_203 Static mesh actor has NULL StaticMesh property 
[2025.09.27-09.26.45:467][ 59]MapCheck: Warning: Rail_2m_Side25 Static mesh actor has NULL StaticMesh property 
[2025.09.27-09.26.45:468][ 59]MapCheck: Map check complete: 0 Error(s), 24 Warning(s), took 2.689ms to complete.
[2025.09.27-09.31.06:247][350]LogSlate: FSceneViewport::OnFocusLost() reason 0
[2025.09.27-09.31.06:321][359]LogSlate: Window 'Message Log' being destroyed
[2025.09.27-09.31.06:326][359]LogSlate: Window 'Message Log' being destroyed
[2025.09.27-09.31.22:838][336]LogEditorViewport: Clicking on Actor (LMB): StaticMeshActor (yohurt_mix)
[2025.09.27-09.31.24:667][552]LogSlate: FSceneViewport::OnFocusLost() reason 0
[2025.09.27-09.31.24:819][569]LogAssetEditorManager: Opening Asset editor for Material /Game/LevelAssets/Materials/Models/Props/copperbowl/M_copperbowl.M_copperbowl
[2025.09.27-09.31.24:820][569]LogMaterial: Display: Missing cached shader map for material M_copperbowl, compiling. 
[2025.09.27-09.31.24:865][569]LogMaterial: Display: Missing cached shader map for material M_copperbowl, compiling. 
[2025.09.27-09.31.24:875][569]LogMaterial: Display: Missing cached shader map for material M_copperbowl, compiling. 
[2025.09.27-09.31.24:888][569]LogMaterial: Display: Missing cached shader map for material FMatExpressionPreview MaterialExpressionTextureSample_1, compiling. 
[2025.09.27-09.31.24:891][569]LogMaterial: Display: Missing cached shader map for material FMatExpressionPreview MaterialExpressionTextureSample_2, compiling. 
[2025.09.27-09.31.24:895][569]LogShaderCompilers: Display: Worker (1/13): shaders left to compile 34
[2025.09.27-09.31.24:895][569]LogShaderCompilers: Display: Worker (2/13): shaders left to compile 33
[2025.09.27-09.31.24:895][569]LogShaderCompilers: Display: Worker (3/13): shaders left to compile 32
[2025.09.27-09.31.24:895][569]LogShaderCompilers: Display: Worker (4/13): shaders left to compile 31
[2025.09.27-09.31.24:895][569]LogShaderCompilers: Display: Worker (5/13): shaders left to compile 30
[2025.09.27-09.31.24:895][569]LogShaderCompilers: Display: Worker (6/13): shaders left to compile 29
[2025.09.27-09.31.24:895][569]LogShaderCompilers: Display: Worker (7/13): shaders left to compile 28
[2025.09.27-09.31.24:895][569]LogShaderCompilers: Display: Worker (8/13): shaders left to compile 27
[2025.09.27-09.31.24:895][569]LogShaderCompilers: Display: Worker (9/13): shaders left to compile 26
[2025.09.27-09.31.24:895][569]LogShaderCompilers: Display: Worker (10/13): shaders left to compile 25
[2025.09.27-09.31.24:895][569]LogShaderCompilers: Display: Worker (11/13): shaders left to compile 24
[2025.09.27-09.31.24:895][569]LogShaderCompilers: Display: Worker (12/13): shaders left to compile 23
[2025.09.27-09.31.24:895][569]LogMaterial: Display: Missing cached shader map for material FMatExpressionPreview MaterialExpressionTextureSample_0, compiling. 
[2025.09.27-09.31.25:100][580]LogShaderCompilers: Display: Worker (8/13): shaders left to compile 30
[2025.09.27-09.31.25:150][582]LogShaderCompilers: Display: Worker (2/13): shaders left to compile 29
[2025.09.27-09.31.25:150][582]LogShaderCompilers: Display: Worker (3/13): shaders left to compile 28
[2025.09.27-09.31.25:150][582]LogShaderCompilers: Display: Worker (1/13): shaders left to compile 27
[2025.09.27-09.31.25:150][582]LogShaderCompilers: Display: Worker (4/13): shaders left to compile 26
[2025.09.27-09.31.25:150][582]LogShaderCompilers: Display: Worker (7/13): shaders left to compile 25
[2025.09.27-09.31.25:166][583]LogShaderCompilers: Display: Worker (5/13): shaders left to compile 24
[2025.09.27-09.31.25:166][583]LogShaderCompilers: Display: Worker (6/13): shaders left to compile 23
[2025.09.27-09.31.25:180][584]LogShaderCompilers: Display: Worker (9/13): shaders left to compile 22
[2025.09.27-09.31.25:253][588]LogShaderCompilers: Display: Worker (12/13): shaders left to compile 21
[2025.09.27-09.31.25:323][591]LogShaderCompilers: Display: Worker (10/13): shaders left to compile 20
[2025.09.27-09.31.25:353][593]LogShaderCompilers: Display: Worker (11/13): shaders left to compile 19
[2025.09.27-09.31.25:368][594]LogShaderCompilers: Display: Worker (7/13): shaders left to compile 18
[2025.09.27-09.31.25:368][594]LogShaderCompilers: Display: Worker (9/13): shaders left to compile 17
[2025.09.27-09.31.25:382][595]LogShaderCompilers: Display: Worker (3/13): shaders left to compile 16
[2025.09.27-09.31.25:440][599]LogShaderCompilers: Display: Worker (8/13): shaders left to compile 15
[2025.09.27-09.31.25:474][601]LogShaderCompilers: Display: Worker (1/13): shaders left to compile 14
[2025.09.27-09.31.25:474][601]LogShaderCompilers: Display: Worker (4/13): shaders left to compile 13
[2025.09.27-09.31.25:474][601]LogShaderCompilers: Display: Worker (5/13): shaders left to compile 12
[2025.09.27-09.31.25:474][601]LogShaderCompilers: Display: Worker (2/13): shaders left to compile 11
[2025.09.27-09.31.25:490][602]LogShaderCompilers: Display: Worker (6/13): shaders left to compile 10
[2025.09.27-09.31.25:522][604]LogShaderCompilers: Display: Worker (12/13): shaders left to compile 9
[2025.09.27-09.31.25:522][604]LogShaderCompilers: Display: Worker (11/13): shaders left to compile 8
[2025.09.27-09.31.25:552][606]LogShaderCompilers: Display: Worker (3/13): shaders left to compile 7
[2025.09.27-09.31.25:608][609]LogShaderCompilers: Display: Worker (10/13): shaders left to compile 6
[2025.09.27-09.31.25:642][611]LogShaderCompilers: Display: Worker (7/13): shaders left to compile 5
[2025.09.27-09.31.25:657][612]LogShaderCompilers: Display: Worker (9/13): shaders left to compile 4
[2025.09.27-09.31.25:657][612]LogShaderCompilers: Display: Worker (4/13): shaders left to compile 3
[2025.09.27-09.31.25:672][613]LogShaderCompilers: Display: Worker (6/13): shaders left to compile 2
[2025.09.27-09.31.25:687][614]LogShaderCompilers: Display: Worker (8/13): shaders left to compile 1
[2025.09.27-09.31.25:754][618]MaterialEditorStats: Base pass shader: 128 instructions
[2025.09.27-09.31.25:754][618]MaterialEditorStats: Base pass shader with Surface Lightmap: 159 instructions
[2025.09.27-09.31.25:754][618]MaterialEditorStats: Base pass shader with Volumetric Lightmap: 206 instructions
[2025.09.27-09.31.25:754][618]MaterialEditorStats: Base pass vertex shader: 44 instructions
[2025.09.27-09.31.25:754][618]MaterialEditorStats: Texture samplers: 6/16
[2025.09.27-09.31.25:754][618]MaterialEditorStats: Texture Lookups (Est.): VS(0), PS(3)
[2025.09.27-09.31.25:754][618]MaterialEditorStats: User interpolators: 2/4 Scalars (1/4 Vectors) (TexCoords: 2, Custom: 0)
[2025.09.27-09.31.42:863][656]LogMaterial: Display: Missing cached shader map for material M_copperbowl, compiling. 
[2025.09.27-09.31.42:918][656]LogShaderCompilers: Display: Worker (1/13): shaders left to compile 30
[2025.09.27-09.31.42:918][656]LogShaderCompilers: Display: Worker (2/13): shaders left to compile 29
[2025.09.27-09.31.42:918][656]LogShaderCompilers: Display: Worker (3/13): shaders left to compile 28
[2025.09.27-09.31.42:918][656]LogShaderCompilers: Display: Worker (4/13): shaders left to compile 27
[2025.09.27-09.31.42:918][656]LogShaderCompilers: Display: Worker (5/13): shaders left to compile 26
[2025.09.27-09.31.42:918][656]LogShaderCompilers: Display: Worker (6/13): shaders left to compile 25
[2025.09.27-09.31.42:918][656]LogShaderCompilers: Display: Worker (7/13): shaders left to compile 24
[2025.09.27-09.31.42:918][656]LogShaderCompilers: Display: Worker (8/13): shaders left to compile 23
[2025.09.27-09.31.42:918][656]LogShaderCompilers: Display: Worker (9/13): shaders left to compile 22
[2025.09.27-09.31.42:918][656]LogShaderCompilers: Display: Worker (10/13): shaders left to compile 21
[2025.09.27-09.31.42:918][656]LogShaderCompilers: Display: Worker (11/13): shaders left to compile 20
[2025.09.27-09.31.42:918][656]LogShaderCompilers: Display: Worker (12/13): shaders left to compile 19
[2025.09.27-09.31.42:920][656]LogMaterial: Display: Missing cached shader map for material M_copperbowl, compiling. 
[2025.09.27-09.31.42:947][656]LogMaterial: Display: Missing cached shader map for material FMatExpressionPreview MaterialExpressionTextureSample_2, compiling. 
[2025.09.27-09.31.42:954][656]LogMaterial: Display: Missing cached shader map for material M_copperbowl, compiling. 
[2025.09.27-09.31.42:955][656]LogMaterial: Warning: /Engine/Transient.M_copperbowl (no disk path found): Failed to compile Material for platform PCD3D_SM5, Default Material will be used in game.
[2025.09.27-09.31.42:955][656]LogMaterial: Display: 	Function ParallaxOcclusionMapping: Missing function input 'Heightmap Texture'
[2025.09.27-09.31.42:963][656]LogShaderCompilers: Display: Worker (8/13): shaders left to compile 4
[2025.09.27-09.31.42:963][656]MaterialEditorStats: Error: [SM5] Function ParallaxOcclusionMapping: Missing function input 'Heightmap Texture'
[2025.09.27-09.31.43:008][657]LogShaderCompilers: Display: Worker (1/13): shaders left to compile 3
[2025.09.27-09.31.43:010][657]LogMaterial: Display: Missing cached shader map for material Material_0, compiling. 
[2025.09.27-09.31.43:015][657]LogShaderCompilers: Display: Worker (3/13): shaders left to compile 2
[2025.09.27-09.31.43:040][658]LogShaderCompilers: Display: Worker (2/13): shaders left to compile 6
[2025.09.27-09.31.43:040][658]LogShaderCompilers: Display: Worker (9/13): shaders left to compile 5
[2025.09.27-09.31.43:040][658]LogShaderCompilers: Display: Worker (4/13): shaders left to compile 4
[2025.09.27-09.31.43:040][658]LogShaderCompilers: Display: Worker (7/13): shaders left to compile 3
[2025.09.27-09.31.43:053][659]LogShaderCompilers: Display: Worker (5/13): shaders left to compile 2
[2025.09.27-09.31.43:053][659]LogShaderCompilers: Display: Worker (6/13): shaders left to compile 1
[2025.09.27-09.31.44:683][846]LogMaterial: Display: Missing cached shader map for material M_copperbowl, compiling. 
[2025.09.27-09.31.44:705][847]LogShaderCompilers: Display: Worker (1/13): shaders left to compile 30
[2025.09.27-09.31.44:705][847]LogShaderCompilers: Display: Worker (2/13): shaders left to compile 29
[2025.09.27-09.31.44:705][847]LogShaderCompilers: Display: Worker (3/13): shaders left to compile 28
[2025.09.27-09.31.44:705][847]LogShaderCompilers: Display: Worker (4/13): shaders left to compile 27
[2025.09.27-09.31.44:705][847]LogShaderCompilers: Display: Worker (5/13): shaders left to compile 26
[2025.09.27-09.31.44:705][847]LogShaderCompilers: Display: Worker (6/13): shaders left to compile 25
[2025.09.27-09.31.44:705][847]LogShaderCompilers: Display: Worker (7/13): shaders left to compile 24
[2025.09.27-09.31.44:705][847]LogShaderCompilers: Display: Worker (8/13): shaders left to compile 23
[2025.09.27-09.31.44:705][847]LogShaderCompilers: Display: Worker (9/13): shaders left to compile 22
[2025.09.27-09.31.44:705][847]LogShaderCompilers: Display: Worker (10/13): shaders left to compile 21
[2025.09.27-09.31.44:705][847]LogShaderCompilers: Display: Worker (11/13): shaders left to compile 20
[2025.09.27-09.31.44:705][847]LogShaderCompilers: Display: Worker (12/13): shaders left to compile 19
[2025.09.27-09.31.44:807][854]LogShaderCompilers: Display: Worker (8/13): shaders left to compile 18
[2025.09.27-09.31.44:853][856]LogShaderCompilers: Display: Worker (3/13): shaders left to compile 17
[2025.09.27-09.31.44:867][857]LogShaderCompilers: Display: Worker (2/13): shaders left to compile 16
[2025.09.27-09.31.44:868][857]LogShaderCompilers: Display: Worker (1/13): shaders left to compile 15
[2025.09.27-09.31.44:868][857]LogShaderCompilers: Display: Worker (5/13): shaders left to compile 14
[2025.09.27-09.31.44:868][857]LogShaderCompilers: Display: Worker (9/13): shaders left to compile 13
[2025.09.27-09.31.44:868][857]LogShaderCompilers: Display: Worker (4/13): shaders left to compile 12
[2025.09.27-09.31.44:884][858]LogShaderCompilers: Display: Worker (7/13): shaders left to compile 11
[2025.09.27-09.31.44:884][858]LogShaderCompilers: Display: Worker (6/13): shaders left to compile 10
[2025.09.27-09.31.44:915][860]LogShaderCompilers: Display: Worker (12/13): shaders left to compile 9
[2025.09.27-09.31.45:023][865]LogShaderCompilers: Display: Worker (10/13): shaders left to compile 8
[2025.09.27-09.31.45:023][865]LogShaderCompilers: Display: Worker (11/13): shaders left to compile 7
[2025.09.27-09.31.45:058][867]LogShaderCompilers: Display: Worker (2/13): shaders left to compile 6
[2025.09.27-09.31.45:074][868]LogShaderCompilers: Display: Worker (9/13): shaders left to compile 5
[2025.09.27-09.31.45:074][868]LogShaderCompilers: Display: Worker (6/13): shaders left to compile 4
[2025.09.27-09.31.45:122][871]LogShaderCompilers: Display: Worker (8/13): shaders left to compile 3
[2025.09.27-09.31.45:186][873]LogShaderCompilers: Display: Worker (1/13): shaders left to compile 2
[2025.09.27-09.31.45:186][873]LogShaderCompilers: Display: Worker (5/13): shaders left to compile 1
[2025.09.27-09.31.52:069][691]LogMaterial: Display: Missing cached shader map for material M_copperbowl, compiling. 
[2025.09.27-09.31.52:078][691]LogMaterial: Display: Missing cached shader map for material FMatExpressionPreview MaterialExpressionVectorParameter_0, compiling. 
[2025.09.27-09.31.52:082][691]LogMaterial: Display: Missing cached shader map for material M_copperbowl, compiling. 
[2025.09.27-09.31.52:091][691]LogShaderCompilers: Display: Worker (1/13): shaders left to compile 4
[2025.09.27-09.31.52:093][691]LogShaderCompilers: Display: Worker (2/13): shaders left to compile 3
[2025.09.27-09.31.52:093][691]LogShaderCompilers: Display: Worker (3/13): shaders left to compile 2
[2025.09.27-09.31.52:093][691]LogShaderCompilers: Display: Worker (4/13): shaders left to compile 1
[2025.09.27-09.31.52:093][691]LogShaderCompilers: Display: Worker (5/13): shaders left to compile 30
[2025.09.27-09.31.52:093][691]LogShaderCompilers: Display: Worker (6/13): shaders left to compile 29
[2025.09.27-09.31.52:093][691]LogShaderCompilers: Display: Worker (7/13): shaders left to compile 28
[2025.09.27-09.31.52:093][691]LogShaderCompilers: Display: Worker (8/13): shaders left to compile 27
[2025.09.27-09.31.52:093][691]LogShaderCompilers: Display: Worker (9/13): shaders left to compile 26
[2025.09.27-09.31.52:093][691]LogShaderCompilers: Display: Worker (10/13): shaders left to compile 25
[2025.09.27-09.31.52:093][691]LogShaderCompilers: Display: Worker (11/13): shaders left to compile 24
[2025.09.27-09.31.52:093][691]LogShaderCompilers: Display: Worker (12/13): shaders left to compile 23
[2025.09.27-09.31.52:099][691]LogMaterial: Display: Missing cached shader map for material FMatExpressionPreview MaterialExpressionVectorParameter_0, compiling. 
[2025.09.27-09.31.52:198][695]LogShaderCompilers: Display: Worker (12/13): shaders left to compile 26
[2025.09.27-09.31.52:267][700]LogShaderCompilers: Display: Worker (7/13): shaders left to compile 25
[2025.09.27-09.31.52:267][700]LogShaderCompilers: Display: Worker (5/13): shaders left to compile 24
[2025.09.27-09.31.52:267][700]LogShaderCompilers: Display: Worker (6/13): shaders left to compile 23
[2025.09.27-09.31.52:267][700]LogShaderCompilers: Display: Worker (8/13): shaders left to compile 22
[2025.09.27-09.31.52:267][700]LogShaderCompilers: Display: Worker (9/13): shaders left to compile 21
[2025.09.27-09.31.52:267][700]LogShaderCompilers: Display: Worker (10/13): shaders left to compile 20
[2025.09.27-09.31.52:267][700]LogShaderCompilers: Display: Worker (11/13): shaders left to compile 19
[2025.09.27-09.31.52:281][701]LogShaderCompilers: Display: Worker (3/13): shaders left to compile 18
[2025.09.27-09.31.52:281][701]LogShaderCompilers: Display: Worker (4/13): shaders left to compile 17
[2025.09.27-09.31.52:295][702]LogShaderCompilers: Display: Worker (1/13): shaders left to compile 16
[2025.09.27-09.31.52:295][702]LogShaderCompilers: Display: Worker (2/13): shaders left to compile 15
[2025.09.27-09.31.52:332][705]LogShaderCompilers: Display: Worker (12/13): shaders left to compile 14
[2025.09.27-09.31.52:513][715]LogShaderCompilers: Display: Worker (10/13): shaders left to compile 13
[2025.09.27-09.31.52:527][716]LogShaderCompilers: Display: Worker (12/13): shaders left to compile 12
[2025.09.27-09.31.52:527][716]LogShaderCompilers: Display: Worker (4/13): shaders left to compile 11
[2025.09.27-09.31.52:527][716]LogShaderCompilers: Display: Worker (6/13): shaders left to compile 10
[2025.09.27-09.31.52:574][720]LogShaderCompilers: Display: Worker (11/13): shaders left to compile 9
[2025.09.27-09.31.52:588][721]LogShaderCompilers: Display: Worker (3/13): shaders left to compile 8
[2025.09.27-09.31.52:588][721]LogShaderCompilers: Display: Worker (8/13): shaders left to compile 7
[2025.09.27-09.31.52:622][723]LogShaderCompilers: Display: Worker (1/13): shaders left to compile 6
[2025.09.27-09.31.52:622][723]LogShaderCompilers: Display: Worker (2/13): shaders left to compile 5
[2025.09.27-09.31.52:622][723]LogShaderCompilers: Display: Worker (5/13): shaders left to compile 4
[2025.09.27-09.31.52:622][723]LogShaderCompilers: Display: Worker (7/13): shaders left to compile 3
[2025.09.27-09.31.52:622][723]LogShaderCompilers: Display: Worker (9/13): shaders left to compile 2
[2025.09.27-09.31.52:686][727]LogShaderCompilers: Display: Worker (4/13): shaders left to compile 1
[2025.09.27-09.31.52:862][740]MaterialEditorStats: Base pass shader: 129 instructions
[2025.09.27-09.31.52:862][740]MaterialEditorStats: Base pass shader with Surface Lightmap: 158 instructions
[2025.09.27-09.31.52:862][740]MaterialEditorStats: Base pass shader with Volumetric Lightmap: 205 instructions
[2025.09.27-09.31.52:862][740]MaterialEditorStats: Base pass vertex shader: 44 instructions
[2025.09.27-09.31.52:862][740]MaterialEditorStats: Texture samplers: 6/16
[2025.09.27-09.31.52:862][740]MaterialEditorStats: Texture Lookups (Est.): VS(0), PS(3)
[2025.09.27-09.31.52:862][740]MaterialEditorStats: User interpolators: 2/4 Scalars (1/4 Vectors) (TexCoords: 2, Custom: 0)
[2025.09.27-09.31.59:965][588]LogMaterial: Display: Missing cached shader map for material M_copperbowl, compiling. 
[2025.09.27-09.31.59:987][589]LogShaderCompilers: Display: Worker (1/13): shaders left to compile 30
[2025.09.27-09.31.59:987][589]LogShaderCompilers: Display: Worker (2/13): shaders left to compile 29
[2025.09.27-09.31.59:987][589]LogShaderCompilers: Display: Worker (3/13): shaders left to compile 28
[2025.09.27-09.31.59:987][589]LogShaderCompilers: Display: Worker (4/13): shaders left to compile 27
[2025.09.27-09.31.59:987][589]LogShaderCompilers: Display: Worker (5/13): shaders left to compile 26
[2025.09.27-09.31.59:987][589]LogShaderCompilers: Display: Worker (6/13): shaders left to compile 25
[2025.09.27-09.31.59:987][589]LogShaderCompilers: Display: Worker (7/13): shaders left to compile 24
[2025.09.27-09.31.59:987][589]LogShaderCompilers: Display: Worker (8/13): shaders left to compile 23
[2025.09.27-09.31.59:987][589]LogShaderCompilers: Display: Worker (9/13): shaders left to compile 22
[2025.09.27-09.31.59:987][589]LogShaderCompilers: Display: Worker (10/13): shaders left to compile 21
[2025.09.27-09.31.59:987][589]LogShaderCompilers: Display: Worker (11/13): shaders left to compile 20
[2025.09.27-09.31.59:987][589]LogShaderCompilers: Display: Worker (12/13): shaders left to compile 19
[2025.09.27-09.32.00:088][596]LogShaderCompilers: Display: Worker (8/13): shaders left to compile 18
[2025.09.27-09.32.00:121][598]LogShaderCompilers: Display: Worker (3/13): shaders left to compile 17
[2025.09.27-09.32.00:136][599]LogShaderCompilers: Display: Worker (9/13): shaders left to compile 16
[2025.09.27-09.32.00:136][599]LogShaderCompilers: Display: Worker (1/13): shaders left to compile 15
[2025.09.27-09.32.00:136][599]LogShaderCompilers: Display: Worker (2/13): shaders left to compile 14
[2025.09.27-09.32.00:150][600]LogShaderCompilers: Display: Worker (7/13): shaders left to compile 13
[2025.09.27-09.32.00:150][600]LogShaderCompilers: Display: Worker (5/13): shaders left to compile 12
[2025.09.27-09.32.00:165][601]LogShaderCompilers: Display: Worker (4/13): shaders left to compile 11
[2025.09.27-09.32.00:165][601]LogShaderCompilers: Display: Worker (6/13): shaders left to compile 10
[2025.09.27-09.32.00:209][604]LogShaderCompilers: Display: Worker (12/13): shaders left to compile 9
[2025.09.27-09.32.00:283][608]LogShaderCompilers: Display: Worker (10/13): shaders left to compile 8
[2025.09.27-09.32.00:301][609]LogShaderCompilers: Display: Worker (11/13): shaders left to compile 7
[2025.09.27-09.32.00:333][611]LogShaderCompilers: Display: Worker (9/13): shaders left to compile 6
[2025.09.27-09.32.00:347][612]LogShaderCompilers: Display: Worker (6/13): shaders left to compile 5
[2025.09.27-09.32.00:361][613]LogShaderCompilers: Display: Worker (7/13): shaders left to compile 4
[2025.09.27-09.32.00:377][614]LogShaderCompilers: Display: Worker (8/13): shaders left to compile 3
[2025.09.27-09.32.00:419][617]LogShaderCompilers: Display: Worker (2/13): shaders left to compile 2
[2025.09.27-09.32.00:419][617]LogShaderCompilers: Display: Worker (1/13): shaders left to compile 1
[2025.09.27-09.32.00:598][632]MaterialEditorStats: Base pass shader: 128 instructions
[2025.09.27-09.32.00:598][632]MaterialEditorStats: Base pass shader with Surface Lightmap: 157 instructions
[2025.09.27-09.32.00:598][632]MaterialEditorStats: Base pass shader with Volumetric Lightmap: 204 instructions
[2025.09.27-09.32.00:600][632]MaterialEditorStats: Base pass vertex shader: 44 instructions
[2025.09.27-09.32.00:600][632]MaterialEditorStats: Texture samplers: 6/16
[2025.09.27-09.32.00:600][632]MaterialEditorStats: Texture Lookups (Est.): VS(0), PS(3)
[2025.09.27-09.32.00:600][632]MaterialEditorStats: User interpolators: 2/4 Scalars (1/4 Vectors) (TexCoords: 2, Custom: 0)
[2025.09.27-09.32.19:981][950]LogMaterial: Display: Missing cached shader map for material M_copperbowl, compiling. 
[2025.09.27-09.32.19:992][950]LogMaterial: Display: Missing cached shader map for material M_copperbowl, compiling. 
[2025.09.27-09.32.20:025][951]LogShaderCompilers: Display: Worker (1/13): shaders left to compile 30
[2025.09.27-09.32.20:025][951]LogShaderCompilers: Display: Worker (2/13): shaders left to compile 29
[2025.09.27-09.32.20:025][951]LogShaderCompilers: Display: Worker (3/13): shaders left to compile 28
[2025.09.27-09.32.20:025][951]LogShaderCompilers: Display: Worker (4/13): shaders left to compile 27
[2025.09.27-09.32.20:025][951]LogShaderCompilers: Display: Worker (5/13): shaders left to compile 26
[2025.09.27-09.32.20:025][951]LogShaderCompilers: Display: Worker (6/13): shaders left to compile 25
[2025.09.27-09.32.20:025][951]LogShaderCompilers: Display: Worker (7/13): shaders left to compile 24
[2025.09.27-09.32.20:025][951]LogShaderCompilers: Display: Worker (8/13): shaders left to compile 23
[2025.09.27-09.32.20:025][951]LogShaderCompilers: Display: Worker (9/13): shaders left to compile 22
[2025.09.27-09.32.20:025][951]LogShaderCompilers: Display: Worker (10/13): shaders left to compile 21
[2025.09.27-09.32.20:025][951]LogShaderCompilers: Display: Worker (11/13): shaders left to compile 20
[2025.09.27-09.32.20:025][951]LogShaderCompilers: Display: Worker (12/13): shaders left to compile 19
[2025.09.27-09.32.20:096][955]LogShaderCompilers: Display: Worker (8/13): shaders left to compile 18
[2025.09.27-09.32.20:193][959]LogShaderCompilers: Display: Worker (2/13): shaders left to compile 17
[2025.09.27-09.32.20:193][959]LogShaderCompilers: Display: Worker (3/13): shaders left to compile 16
[2025.09.27-09.32.20:194][959]LogShaderCompilers: Display: Worker (9/13): shaders left to compile 15
[2025.09.27-09.32.20:194][959]LogShaderCompilers: Display: Worker (1/13): shaders left to compile 14
[2025.09.27-09.32.20:194][959]LogShaderCompilers: Display: Worker (5/13): shaders left to compile 13
[2025.09.27-09.32.20:194][959]LogShaderCompilers: Display: Worker (7/13): shaders left to compile 12
[2025.09.27-09.32.20:194][959]LogShaderCompilers: Display: Worker (4/13): shaders left to compile 11
[2025.09.27-09.32.20:194][959]LogShaderCompilers: Display: Worker (6/13): shaders left to compile 10
[2025.09.27-09.32.20:234][961]LogShaderCompilers: Display: Worker (12/13): shaders left to compile 9
[2025.09.27-09.32.20:350][966]LogShaderCompilers: Display: Worker (10/13): shaders left to compile 8
[2025.09.27-09.32.20:350][966]LogShaderCompilers: Display: Worker (11/13): shaders left to compile 7
[2025.09.27-09.32.20:372][967]LogShaderCompilers: Display: Worker (8/13): shaders left to compile 6
[2025.09.27-09.32.20:392][968]LogShaderCompilers: Display: Worker (3/13): shaders left to compile 5
[2025.09.27-09.32.20:392][968]LogShaderCompilers: Display: Worker (6/13): shaders left to compile 4
[2025.09.27-09.32.20:392][968]LogShaderCompilers: Display: Worker (5/13): shaders left to compile 3
[2025.09.27-09.32.20:459][972]LogShaderCompilers: Display: Worker (9/13): shaders left to compile 2
[2025.09.27-09.32.20:480][973]LogShaderCompilers: Display: Worker (1/13): shaders left to compile 1
[2025.09.27-09.32.20:635][986]MaterialEditorStats: Base pass shader: 129 instructions
[2025.09.27-09.32.20:635][986]MaterialEditorStats: Base pass shader with Surface Lightmap: 158 instructions
[2025.09.27-09.32.20:635][986]MaterialEditorStats: Base pass shader with Volumetric Lightmap: 205 instructions
[2025.09.27-09.32.20:635][986]MaterialEditorStats: Base pass vertex shader: 44 instructions
[2025.09.27-09.32.20:635][986]MaterialEditorStats: Texture samplers: 6/16
[2025.09.27-09.32.20:635][986]MaterialEditorStats: Texture Lookups (Est.): VS(0), PS(3)
[2025.09.27-09.32.20:635][986]MaterialEditorStats: User interpolators: 2/4 Scalars (1/4 Vectors) (TexCoords: 2, Custom: 0)
[2025.09.27-09.32.29:970][102]LogMaterial: Display: Missing cached shader map for material M_copperbowl, compiling. 
[2025.09.27-09.32.29:980][102]LogMaterial: Display: Missing cached shader map for material M_copperbowl, compiling. 
[2025.09.27-09.32.30:000][103]LogShaderCompilers: Display: Worker (1/13): shaders left to compile 30
[2025.09.27-09.32.30:000][103]LogShaderCompilers: Display: Worker (2/13): shaders left to compile 29
[2025.09.27-09.32.30:000][103]LogShaderCompilers: Display: Worker (3/13): shaders left to compile 28
[2025.09.27-09.32.30:000][103]LogShaderCompilers: Display: Worker (4/13): shaders left to compile 27
[2025.09.27-09.32.30:000][103]LogShaderCompilers: Display: Worker (5/13): shaders left to compile 26
[2025.09.27-09.32.30:000][103]LogShaderCompilers: Display: Worker (6/13): shaders left to compile 25
[2025.09.27-09.32.30:000][103]LogShaderCompilers: Display: Worker (7/13): shaders left to compile 24
[2025.09.27-09.32.30:000][103]LogShaderCompilers: Display: Worker (8/13): shaders left to compile 23
[2025.09.27-09.32.30:000][103]LogShaderCompilers: Display: Worker (9/13): shaders left to compile 22
[2025.09.27-09.32.30:000][103]LogShaderCompilers: Display: Worker (10/13): shaders left to compile 21
[2025.09.27-09.32.30:000][103]LogShaderCompilers: Display: Worker (11/13): shaders left to compile 20
[2025.09.27-09.32.30:000][103]LogShaderCompilers: Display: Worker (12/13): shaders left to compile 19
[2025.09.27-09.32.30:075][109]LogShaderCompilers: Display: Worker (8/13): shaders left to compile 18
[2025.09.27-09.32.30:132][112]LogShaderCompilers: Display: Worker (1/13): shaders left to compile 17
[2025.09.27-09.32.30:147][113]LogShaderCompilers: Display: Worker (3/13): shaders left to compile 16
[2025.09.27-09.32.30:147][113]LogShaderCompilers: Display: Worker (9/13): shaders left to compile 15
[2025.09.27-09.32.30:147][113]LogShaderCompilers: Display: Worker (2/13): shaders left to compile 14
[2025.09.27-09.32.30:162][114]LogShaderCompilers: Display: Worker (5/13): shaders left to compile 13
[2025.09.27-09.32.30:163][114]LogShaderCompilers: Display: Worker (7/13): shaders left to compile 12
[2025.09.27-09.32.30:163][114]LogShaderCompilers: Display: Worker (6/13): shaders left to compile 11
[2025.09.27-09.32.30:178][115]LogShaderCompilers: Display: Worker (4/13): shaders left to compile 10
[2025.09.27-09.32.30:206][117]LogShaderCompilers: Display: Worker (12/13): shaders left to compile 9
[2025.09.27-09.32.30:296][122]LogShaderCompilers: Display: Worker (10/13): shaders left to compile 8
[2025.09.27-09.32.30:315][123]LogShaderCompilers: Display: Worker (11/13): shaders left to compile 7
[2025.09.27-09.32.30:346][125]LogShaderCompilers: Display: Worker (4/13): shaders left to compile 6
[2025.09.27-09.32.30:361][126]LogShaderCompilers: Display: Worker (3/13): shaders left to compile 5
[2025.09.27-09.32.30:361][126]LogShaderCompilers: Display: Worker (5/13): shaders left to compile 4
[2025.09.27-09.32.30:361][126]LogShaderCompilers: Display: Worker (8/13): shaders left to compile 3
[2025.09.27-09.32.30:433][131]LogShaderCompilers: Display: Worker (9/13): shaders left to compile 2
[2025.09.27-09.32.30:433][131]LogShaderCompilers: Display: Worker (2/13): shaders left to compile 1
[2025.09.27-09.32.30:616][145]MaterialEditorStats: Base pass shader: 129 instructions
[2025.09.27-09.32.30:616][145]MaterialEditorStats: Base pass shader with Surface Lightmap: 158 instructions
[2025.09.27-09.32.30:616][145]MaterialEditorStats: Base pass shader with Volumetric Lightmap: 205 instructions
[2025.09.27-09.32.30:616][145]MaterialEditorStats: Base pass vertex shader: 44 instructions
[2025.09.27-09.32.30:616][145]MaterialEditorStats: Texture samplers: 6/16
[2025.09.27-09.32.30:616][145]MaterialEditorStats: Texture Lookups (Est.): VS(0), PS(3)
[2025.09.27-09.32.30:616][145]MaterialEditorStats: User interpolators: 2/4 Scalars (1/4 Vectors) (TexCoords: 2, Custom: 0)
[2025.09.27-09.32.31:477][246]LogMaterial: Display: Missing cached shader map for material M_copperbowl, compiling. 
[2025.09.27-09.32.31:496][247]LogShaderCompilers: Display: Worker (1/13): shaders left to compile 30
[2025.09.27-09.32.31:496][247]LogShaderCompilers: Display: Worker (2/13): shaders left to compile 29
[2025.09.27-09.32.31:496][247]LogShaderCompilers: Display: Worker (3/13): shaders left to compile 28
[2025.09.27-09.32.31:496][247]LogShaderCompilers: Display: Worker (4/13): shaders left to compile 27
[2025.09.27-09.32.31:496][247]LogShaderCompilers: Display: Worker (5/13): shaders left to compile 26
[2025.09.27-09.32.31:496][247]LogShaderCompilers: Display: Worker (6/13): shaders left to compile 25
[2025.09.27-09.32.31:496][247]LogShaderCompilers: Display: Worker (7/13): shaders left to compile 24
[2025.09.27-09.32.31:496][247]LogShaderCompilers: Display: Worker (8/13): shaders left to compile 23
[2025.09.27-09.32.31:496][247]LogShaderCompilers: Display: Worker (9/13): shaders left to compile 22
[2025.09.27-09.32.31:496][247]LogShaderCompilers: Display: Worker (10/13): shaders left to compile 21
[2025.09.27-09.32.31:496][247]LogShaderCompilers: Display: Worker (11/13): shaders left to compile 20
[2025.09.27-09.32.31:496][247]LogShaderCompilers: Display: Worker (12/13): shaders left to compile 19
[2025.09.27-09.32.31:557][253]LogMaterialEditor: Saving and Compiling material M_copperbowl
[2025.09.27-09.32.31:855][253]LogShaderCompilers: Display: Worker (8/13): shaders left to compile 18
[2025.09.27-09.32.31:855][253]LogShaderCompilers: Display: Worker (1/13): shaders left to compile 17
[2025.09.27-09.32.31:855][253]LogShaderCompilers: Display: Worker (9/13): shaders left to compile 16
[2025.09.27-09.32.31:855][253]LogShaderCompilers: Display: Worker (2/13): shaders left to compile 15
[2025.09.27-09.32.31:855][253]LogShaderCompilers: Display: Worker (3/13): shaders left to compile 14
[2025.09.27-09.32.31:855][253]LogShaderCompilers: Display: Worker (5/13): shaders left to compile 13
[2025.09.27-09.32.31:855][253]LogShaderCompilers: Display: Worker (6/13): shaders left to compile 12
[2025.09.27-09.32.31:855][253]LogShaderCompilers: Display: Worker (7/13): shaders left to compile 11
[2025.09.27-09.32.31:855][253]LogShaderCompilers: Display: Worker (4/13): shaders left to compile 10
[2025.09.27-09.32.31:855][253]LogShaderCompilers: Display: Worker (12/13): shaders left to compile 9
[2025.09.27-09.32.31:855][253]LogShaderCompilers: Display: Worker (10/13): shaders left to compile 8
[2025.09.27-09.32.31:855][253]LogShaderCompilers: Display: Worker (11/13): shaders left to compile 7
[2025.09.27-09.32.31:855][253]LogShaderCompilers: Display: Worker (8/13): shaders left to compile 6
[2025.09.27-09.32.31:855][253]LogShaderCompilers: Display: Worker (9/13): shaders left to compile 5
[2025.09.27-09.32.31:855][253]LogShaderCompilers: Display: Worker (4/13): shaders left to compile 4
[2025.09.27-09.32.31:855][253]LogShaderCompilers: Display: Worker (5/13): shaders left to compile 3
[2025.09.27-09.32.31:867][253]LogMaterial: Display: Missing cached shader map for material M_copperbowl, compiling. 
[2025.09.27-09.32.31:912][253]LogShaderCompilers: Display: Worker (2/13): shaders left to compile 30
[2025.09.27-09.32.31:912][253]LogShaderCompilers: Display: Worker (3/13): shaders left to compile 29
[2025.09.27-09.32.31:931][253]LogShaderCompilers: Display: Worker (6/13): shaders left to compile 28
[2025.09.27-09.32.31:931][253]LogShaderCompilers: Display: Worker (1/13): shaders left to compile 27
[2025.09.27-09.32.31:939][253]LogShaderCompilers: Display: Worker (7/13): shaders left to compile 26
[2025.09.27-09.32.31:945][253]LogMaterial: Display: Missing cached shader map for material M_copperbowl, compiling. 
[2025.09.27-09.32.31:961][253]LogShaderCompilers: Display: Worker (12/13): shaders left to compile 25
[2025.09.27-09.32.31:962][253]LogShaderCompilers: Display: Worker (11/13): shaders left to compile 55
[2025.09.27-09.32.31:970][253]LogMaterial: Display: Missing cached shader map for material M_copperbowl, compiling. 
[2025.09.27-09.32.32:017][253]LogUObjectHash: Compacting FUObjectHashTables data took   1.93ms
[2025.09.27-09.32.32:023][253]LogMaterial: Display: Missing cached shader map for material DebugViewMode MaterialTexCoordScale, compiling. 
[2025.09.27-09.32.32:552][253]LogShaderCompilers: Display: Worker (4/13): shaders left to compile 54
[2025.09.27-09.32.32:552][253]LogShaderCompilers: Display: Worker (10/13): shaders left to compile 55
[2025.09.27-09.32.32:552][253]LogShaderCompilers: Display: Worker (2/13): shaders left to compile 54
[2025.09.27-09.32.32:552][253]LogShaderCompilers: Display: Worker (6/13): shaders left to compile 53
[2025.09.27-09.32.32:552][253]LogShaderCompilers: Display: Worker (3/13): shaders left to compile 52
[2025.09.27-09.32.32:552][253]LogShaderCompilers: Display: Worker (1/13): shaders left to compile 51
[2025.09.27-09.32.32:552][253]LogShaderCompilers: Display: Worker (5/13): shaders left to compile 50
[2025.09.27-09.32.32:552][253]LogShaderCompilers: Display: Worker (7/13): shaders left to compile 49
[2025.09.27-09.32.32:552][253]LogShaderCompilers: Display: Worker (12/13): shaders left to compile 48
[2025.09.27-09.32.32:552][253]LogShaderCompilers: Display: Worker (4/13): shaders left to compile 47
[2025.09.27-09.32.32:552][253]LogShaderCompilers: Display: Worker (8/13): shaders left to compile 46
[2025.09.27-09.32.32:552][253]LogShaderCompilers: Display: Worker (11/13): shaders left to compile 45
[2025.09.27-09.32.32:552][253]LogShaderCompilers: Display: Worker (9/13): shaders left to compile 44
[2025.09.27-09.32.32:552][253]LogShaderCompilers: Display: Worker (10/13): shaders left to compile 43
[2025.09.27-09.32.32:552][253]LogShaderCompilers: Display: Worker (3/13): shaders left to compile 42
[2025.09.27-09.32.32:552][253]LogShaderCompilers: Display: Worker (7/13): shaders left to compile 41
[2025.09.27-09.32.32:552][253]LogShaderCompilers: Display: Worker (8/13): shaders left to compile 40
[2025.09.27-09.32.32:552][253]LogShaderCompilers: Display: Worker (10/13): shaders left to compile 39
[2025.09.27-09.32.32:552][253]LogShaderCompilers: Display: Worker (2/13): shaders left to compile 38
[2025.09.27-09.32.32:552][253]LogShaderCompilers: Display: Worker (12/13): shaders left to compile 37
[2025.09.27-09.32.32:552][253]LogShaderCompilers: Display: Worker (1/13): shaders left to compile 36
[2025.09.27-09.32.32:552][253]LogShaderCompilers: Display: Worker (4/13): shaders left to compile 35
[2025.09.27-09.32.32:552][253]LogShaderCompilers: Display: Worker (11/13): shaders left to compile 34
[2025.09.27-09.32.32:552][253]LogShaderCompilers: Display: Worker (6/13): shaders left to compile 33
[2025.09.27-09.32.32:552][253]LogShaderCompilers: Display: Worker (5/13): shaders left to compile 32
[2025.09.27-09.32.32:552][253]LogShaderCompilers: Display: Worker (9/13): shaders left to compile 31
[2025.09.27-09.32.32:552][253]LogShaderCompilers: Display: Worker (8/13): shaders left to compile 28
[2025.09.27-09.32.32:552][253]LogShaderCompilers: Display: Worker (3/13): shaders left to compile 25
[2025.09.27-09.32.32:552][253]LogShaderCompilers: Display: Worker (5/13): shaders left to compile 22
[2025.09.27-09.32.32:552][253]LogShaderCompilers: Display: Worker (6/13): shaders left to compile 20
[2025.09.27-09.32.32:552][253]LogShaderCompilers: Display: Worker (12/13): shaders left to compile 18
[2025.09.27-09.32.32:552][253]LogShaderCompilers: Display: Worker (7/13): shaders left to compile 16
[2025.09.27-09.32.32:552][253]LogShaderCompilers: Display: Worker (11/13): shaders left to compile 14
[2025.09.27-09.32.32:553][253]TextureStreamingBuild: Display: Compiling optional shaders took 0.536 seconds.
[2025.09.27-09.32.32:577][253]LogUObjectHash: Compacting FUObjectHashTables data took   0.61ms
[2025.09.27-09.32.32:596][253]LogSlate: FSceneViewport::OnFocusLost() reason 5
[2025.09.27-09.32.33:070][253]LogShaderCompilers: Display: Worker (1/13): shaders left to compile 12
[2025.09.27-09.32.33:070][253]LogShaderCompilers: Display: Worker (10/13): shaders left to compile 10
[2025.09.27-09.32.33:070][253]LogShaderCompilers: Display: Worker (2/13): shaders left to compile 9
[2025.09.27-09.32.33:070][253]LogShaderCompilers: Display: Worker (4/13): shaders left to compile 8
[2025.09.27-09.32.33:070][253]LogShaderCompilers: Display: Worker (9/13): shaders left to compile 7
[2025.09.27-09.32.33:070][253]LogShaderCompilers: Display: Worker (4/13): shaders left to compile 6
[2025.09.27-09.32.33:070][253]LogShaderCompilers: Display: Worker (3/13): shaders left to compile 5
[2025.09.27-09.32.33:070][253]LogShaderCompilers: Display: Worker (10/13): shaders left to compile 4
[2025.09.27-09.32.33:070][253]LogShaderCompilers: Display: Worker (8/13): shaders left to compile 3
[2025.09.27-09.32.33:070][253]LogShaderCompilers: Display: Worker (2/13): shaders left to compile 2
[2025.09.27-09.32.33:070][253]LogShaderCompilers: Display: Worker (11/13): shaders left to compile 1
[2025.09.27-09.32.33:086][253]LogSavePackage: Moving 'E:/GameDev/hggjam/GameJamHGGUnreal4.23.1/GameJamCrew/Saved/M_copperbowl997BA8B8499D3CF141EAC18C9A88069E.tmp' to 'E:/GameDev/hggjam/GameJamHGGUnreal4.23.1/GameJamCrew/Content/LevelAssets/Materials/Models/Props/copperbowl/M_copperbowl.uasset'
[2025.09.27-09.32.33:634][315]LogSlate: FSceneViewport::OnFocusLost() reason 0
[2025.09.27-09.32.33:717][325]LogSlate: Window 'M_copperbowl' being destroyed
[2025.09.27-09.32.33:722][325]LogSlate: Window 'M_copperbowl' being destroyed
[2025.09.27-09.32.33:737][325]LogWorld: UWorld::CleanupWorld for World_8, bSessionEnded=true, bCleanupResources=true
[2025.09.27-09.32.34:364][399]LogEditorViewport: Clicking on Actor (LMB): StaticMeshActor (floor01_2x68)
[2025.09.27-09.32.51:808][486]LogEditorViewport: Clicking on Actor (LMB): StaticMeshActor (floor01_2x80)
[2025.09.27-09.33.04:617][ 14]LogEditorViewport: Clicking on Actor (LMB): SpotLight (SpotLight8)
[2025.09.27-09.33.07:744][380]Cmd: TRANSACTION UNDO
[2025.09.27-09.33.07:744][380]LogEditorTransaction: Undo Clicking on Actors
[2025.09.27-09.33.13:466][ 52]LogSlate: FSceneViewport::OnFocusLost() reason 0
[2025.09.27-09.33.20:339][869]LogEditorViewport: Clicking on Actor (LMB): PointLight (PointLight6)
[2025.09.27-09.33.21:958][ 59]LogSlate: FSceneViewport::OnFocusLost() reason 0
[2025.09.27-09.33.24:654][382]LogEditorViewport: Clicking on Actor (LMB): SpotLight (SpotLight4)
[2025.09.27-09.33.26:038][544]LogSlate: FSceneViewport::OnFocusLost() reason 0
[2025.09.27-09.33.31:509][192]LogEditorViewport: Clicking on Actor (LMB): SpotLight (SpotLight5)
[2025.09.27-09.33.33:323][404]LogSlate: FSceneViewport::OnFocusLost() reason 0
[2025.09.27-09.33.36:995][844]LogEditorViewport: Clicking on Actor (LMB): PointLight (PointLight8)
[2025.09.27-09.33.37:905][950]LogSlate: FSceneViewport::OnFocusLost() reason 0
[2025.09.27-09.33.41:803][415]LogEditorViewport: Clicking on Actor (LMB): SpotLight (SpotLight26)
[2025.09.27-09.33.49:375][314]LogEditorViewport: Clicking on Actor (LMB): PointLight (PointLight10)
[2025.09.27-09.33.50:544][452]LogEditorViewport: Clicking on Actor (LMB): SpotLight (SpotLight6)
[2025.09.27-09.34.07:894][524]LogEditorViewport: Clicking on Actor (LMB): BoxReflectionCapture (BoxReflectionCapture3)
[2025.09.27-09.34.13:591][194]LogSlate: FSceneViewport::OnFocusLost() reason 5
[2025.09.27-09.34.13:596][194]Cmd: OBJ SAVEPACKAGE PACKAGE="/Game/Levels/CheeseFactory_001" FILE="E:/GameDev/hggjam/GameJamHGGUnreal4.23.1/GameJamCrew/Content/Levels/CheeseFactory_001.umap" SILENT=true AUTOSAVING=false KEEPDIRTY=false
[2025.09.27-09.34.13:616][194]LogUObjectHash: Compacting FUObjectHashTables data took   0.84ms
[2025.09.27-09.34.13:810][194]LogSavePackage: Moving 'E:/GameDev/hggjam/GameJamHGGUnreal4.23.1/GameJamCrew/Saved/CheeseFactory_001138280DF4FB19C7F66050F810AB746F3.tmp' to 'E:/GameDev/hggjam/GameJamHGGUnreal4.23.1/GameJamCrew/Content/Levels/CheeseFactory_001.umap'
[2025.09.27-09.34.13:821][194]Cmd: OBJ SAVEPACKAGE PACKAGE="/Game/Levels/CheeseFactory_001_BuiltData" FILE="E:/GameDev/hggjam/GameJamHGGUnreal4.23.1/GameJamCrew/Content/Levels/CheeseFactory_001_BuiltData.uasset" SILENT=true
[2025.09.27-09.34.14:346][194]LogSavePackage: Moving 'E:/GameDev/hggjam/GameJamHGGUnreal4.23.1/GameJamCrew/Saved/CheeseFactory_001_BuiltData6C4403444891A3955A5385870AEF0F38.tmp' to 'E:/GameDev/hggjam/GameJamHGGUnreal4.23.1/GameJamCrew/Content/Levels/CheeseFactory_001_BuiltData.uasset'
[2025.09.27-09.34.28:213][828]Cmd: TRANSACTION UNDO
[2025.09.27-09.34.28:213][828]LogEditorTransaction: Undo Move Actors
[2025.09.27-09.34.35:037][636]LogSlate: FSceneViewport::OnFocusLost() reason 0
[2025.09.27-09.34.38:205][ 16]Cmd: TRANSACTION UNDO
[2025.09.27-09.34.38:205][ 16]LogEditorTransaction: Undo Set Scale
[2025.09.27-09.34.46:162][964]LogSlate: FSceneViewport::OnFocusLost() reason 0
[2025.09.27-09.35.04:004][ 90]LogSlate: FSceneViewport::OnFocusLost() reason 0
[2025.09.27-09.35.22:600][312]LogSlate: FSceneViewport::OnFocusLost() reason 0
[2025.09.27-09.35.49:477][510]LogEditorViewport: Clicking on Actor (LMB): BoxReflectionCapture (BoxReflectionCapture2)
[2025.09.27-09.35.55:869][262]LogEditorViewport: Clicking on Actor (LMB): BoxReflectionCapture (BoxReflectionCapture)
[2025.09.27-09.35.57:823][491]LogEditorViewport: Clicking on Actor (LMB): BoxReflectionCapture (BoxReflectionCapture2)
[2025.09.27-09.36.03:920][214]LogSlate: FSceneViewport::OnFocusLost() reason 0
[2025.09.27-09.36.18:700][967]LogSlate: FSceneViewport::OnFocusLost() reason 0
[2025.09.27-09.36.39:699][469]LogSlate: FSceneViewport::OnFocusLost() reason 0
[2025.09.27-09.36.43:878][970]LogEditorViewport: Clicking on Actor (LMB): StaticMeshActor (wall01_2x45)
[2025.09.27-09.36.44:257][ 12]LogEditorViewport: Clicking on Actor (LMB): StaticMeshActor (wall01_2x46)
[2025.09.27-09.36.44:829][ 78]LogEditorViewport: Clicking on Actor (LMB): StaticMeshActor (wall01_2x47)
[2025.09.27-09.36.50:306][717]LogEditorViewport: Clicking on Actor (LMB): BoxReflectionCapture (BoxReflectionCapture4)
[2025.09.27-09.36.57:127][527]LogSlate: FSceneViewport::OnFocusLost() reason 0
[2025.09.27-09.37.08:134][837]LogSlate: FSceneViewport::OnFocusLost() reason 0
[2025.09.27-09.37.21:867][478]LogSlate: FSceneViewport::OnFocusLost() reason 0
[2025.09.27-09.37.30:022][450]LogSlate: FSceneViewport::OnFocusLost() reason 0
[2025.09.27-09.37.38:556][454]LogSlate: FSceneViewport::OnFocusLost() reason 0
[2025.09.27-09.37.55:196][432]LogSlate: FSceneViewport::OnFocusLost() reason 0
[2025.09.27-09.38.26:777][153]LogSlate: FSceneViewport::OnFocusLost() reason 0
[2025.09.27-09.38.43:793][192]LogSlate: FSceneViewport::OnFocusLost() reason 0
[2025.09.27-09.38.50:508][994]Cmd: TRANSACTION UNDO
[2025.09.27-09.38.50:508][994]LogEditorTransaction: Undo Move Actors
[2025.09.27-09.38.59:053][992]LogSlate: FSceneViewport::OnFocusLost() reason 0
[2025.09.27-09.39.23:039][839]LogSlate: FSceneViewport::OnFocusLost() reason 0
[2025.09.27-09.39.28:861][534]LogSlate: FSceneViewport::OnFocusLost() reason 0
[2025.09.27-09.39.46:797][677]LogEditorViewport: Clicking on Actor (LMB): BoxReflectionCapture (BoxReflectionCapture5)
[2025.09.27-09.39.51:807][257]LogSlate: FSceneViewport::OnFocusLost() reason 0
[2025.09.27-09.39.57:612][951]Cmd: TRANSACTION UNDO
[2025.09.27-09.39.57:612][951]LogEditorTransaction: Undo Set Scale
[2025.09.27-09.39.58:736][ 70]LogSlate: FSceneViewport::OnFocusLost() reason 0
[2025.09.27-09.40.05:784][909]LogSlate: FSceneViewport::OnFocusLost() reason 0
[2025.09.27-09.40.19:233][511]Cmd: TRANSACTION UNDO
[2025.09.27-09.40.19:233][511]LogEditorTransaction: Undo Set Scale
[2025.09.27-09.40.22:586][880]Cmd: TRANSACTION REDO
[2025.09.27-09.40.22:586][880]LogEditorTransaction: Redo Set Scale
[2025.09.27-09.40.38:148][731]LogEditorViewport: Clicking on Actor (LMB): BoxReflectionCapture (BoxReflectionCapture7)
[2025.09.27-09.40.44:701][511]LogEditorViewport: Clicking on Actor (LMB): BoxReflectionCapture (BoxReflectionCapture2)
[2025.09.27-09.40.57:117][967]LogSlate: FSceneViewport::OnFocusLost() reason 0
[2025.09.27-09.41.03:278][705]LogSlate: FSceneViewport::OnFocusLost() reason 0
[2025.09.27-09.41.20:233][734]LogSlate: FSceneViewport::OnFocusLost() reason 5
[2025.09.27-09.41.20:238][734]Cmd: OBJ SAVEPACKAGE PACKAGE="/Game/Levels/CheeseFactory_001" FILE="E:/GameDev/hggjam/GameJamHGGUnreal4.23.1/GameJamCrew/Content/Levels/CheeseFactory_001.umap" SILENT=true AUTOSAVING=false KEEPDIRTY=false
[2025.09.27-09.41.20:258][734]LogUObjectHash: Compacting FUObjectHashTables data took   1.21ms
[2025.09.27-09.41.20:456][734]LogSavePackage: Moving 'E:/GameDev/hggjam/GameJamHGGUnreal4.23.1/GameJamCrew/Saved/CheeseFactory_0011FBFEECA4B2FDAC87F975497CF98ACC2.tmp' to 'E:/GameDev/hggjam/GameJamHGGUnreal4.23.1/GameJamCrew/Content/Levels/CheeseFactory_001.umap'
[2025.09.27-09.41.20:467][734]Cmd: OBJ SAVEPACKAGE PACKAGE="/Game/Levels/CheeseFactory_001_BuiltData" FILE="E:/GameDev/hggjam/GameJamHGGUnreal4.23.1/GameJamCrew/Content/Levels/CheeseFactory_001_BuiltData.uasset" SILENT=true
[2025.09.27-09.41.20:997][734]LogSavePackage: Moving 'E:/GameDev/hggjam/GameJamHGGUnreal4.23.1/GameJamCrew/Saved/CheeseFactory_001_BuiltDataB8D2F6D741AF84F5A28E5EB09E88C9F5.tmp' to 'E:/GameDev/hggjam/GameJamHGGUnreal4.23.1/GameJamCrew/Content/Levels/CheeseFactory_001_BuiltData.uasset'
[2025.09.27-09.41.22:454][905]LogSlate: FSceneViewport::OnFocusLost() reason 2
[2025.09.27-09.41.23:437][ 23]MapCheck: New page: Map Check
[2025.09.27-09.41.23:444][ 23]LogSlate: FSceneViewport::OnFocusLost() reason 5
[2025.09.27-09.41.23:446][ 23]LightingResults: New page: Lighting Build - Sep 27, 2025, 3:41:23 PM
[2025.09.27-09.41.23:451][ 23]LogSwarmInterface: [OpenConnection] Registering TCP channel ...
[2025.09.27-09.41.23:456][ 23]LogSwarmInterface: [OpenConnection] Connecting to agent ...
[2025.09.27-09.41.23:456][ 23]LogSwarmInterface: [TryOpenConnection] Testing the Agent
[2025.09.27-09.41.23:456][ 23]LogSwarmInterface: [TryOpenConnection] Opening Connection to Agent
[2025.09.27-09.41.23:456][ 23]LogSwarmInterface: [TryOpenConnection] Local Process ID is 24552
[2025.09.27-09.41.28:030][ 23]LogStaticLightingSystem: Running Lightmass w/ ImmediateImport mode ENABLED
[2025.09.27-09.41.28:030][ 23]LogStaticLightingSystem: Running Lightmass w/ ImmediateProcess mode ENABLED
[2025.09.27-09.41.28:030][ 23]LogStaticLightingSystem: Running Lightmass w/ Sorting mode ENABLED
[2025.09.27-09.41.28:030][ 23]LogStaticLightingSystem: Running Lightmass w/ Mapping paddings ENABLED
[2025.09.27-09.41.28:030][ 23]LogStaticLightingSystem: Running Lightmass w/ Mapping debug paddings DISABLED
[2025.09.27-09.41.28:108][ 23]LogEditorBuildUtils: Build time 0:04
[2025.09.27-09.41.28:117][ 23]LogMaterial: Display: Missing cached shader map for material FLightmassMaterialRenderer M_copperbowl, compiling. 
[2025.09.27-09.41.28:120][ 23]LogMaterial: Display: Missing cached shader map for material FLightmassMaterialRenderer M_copperbowl, compiling. 
[2025.09.27-09.41.28:290][ 23]LogShaderCompilers: Display: Worker (1/13): shaders left to compile 4
[2025.09.27-09.41.28:290][ 23]LogShaderCompilers: Display: Worker (2/13): shaders left to compile 3
[2025.09.27-09.41.28:290][ 23]LogShaderCompilers: Display: Worker (3/13): shaders left to compile 2
[2025.09.27-09.41.28:290][ 23]LogShaderCompilers: Display: Worker (4/13): shaders left to compile 1
[2025.09.27-09.41.28:338][ 25]LogUObjectHash: Compacting FUObjectHashTables data took   0.95ms
[2025.09.27-09.42.37:452][494]LightingResults: Warning: cylinder Object has overlapping UVs.
[2025.09.27-09.42.37:452][494]LightingResults: cylinder Lightmap UV are overlapping by 8.7%. Please adjust content - Enable Error Coloring to visualize.
[2025.09.27-09.42.40:343][765]Job is a success!
[2025.09.27-09.42.40:368][767]LogSlate: FSceneViewport::OnFocusLost() reason 5
[2025.09.27-09.42.40:412][767]LogVolumetricLightmapImport: Imported Volumetric Lightmap in 0.003s
[2025.09.27-09.42.40:412][767]LogVolumetricLightmapImport:      Indirection Texture 16x16x16 = 0.0Mb
[2025.09.27-09.42.40:412][767]LogVolumetricLightmapImport:      BrickData 85x5x5 = 0.1Mb
[2025.09.27-09.42.40:412][767]LogVolumetricLightmapImport:      Bricks at Level
[2025.09.27-09.42.40:412][767]LogVolumetricLightmapImport:          0: 5.9% covering 100.0% of volume
[2025.09.27-09.42.40:412][767]LogVolumetricLightmapImport:          1: 5.9% covering 1.6% of volume
[2025.09.27-09.42.40:412][767]LogVolumetricLightmapImport:          2: 88.2% covering 0.4% of volume
[2025.09.27-09.42.42:255][767]LogTexture: Display: Building textures: HQ_Lightmap1_1 (AutoDXT, 1024X1024)
[2025.09.27-09.42.42:255][767]LogTexture: Display: Building textures: LQ_Lightmap_1_1 (DXT1, 1024X1024)
[2025.09.27-09.42.42:255][767]LogTexture: Display: Building textures: HQ_Lightmap1_2 (AutoDXT, 1024X1024)
[2025.09.27-09.42.42:255][767]LogTexture: Display: Building textures: LQ_Lightmap_1_2 (DXT1, 1024X1024)
[2025.09.27-09.42.42:255][767]LogTexture: Display: Building textures: HQ_Lightmap1_3 (AutoDXT, 1024X1024)
[2025.09.27-09.42.42:255][767]LogTexture: Display: Building textures: LQ_Lightmap_1_3 (DXT1, 1024X1024)
[2025.09.27-09.42.42:255][767]LogTexture: Display: Building textures: HQ_Lightmap1_5 (AutoDXT, 1024X1024)
[2025.09.27-09.42.42:255][767]LogTexture: Display: Building textures: LQ_Lightmap_1_4 (DXT1, 1024X1024)
[2025.09.27-09.42.42:255][767]LogTexture: Display: Building textures: HQ_Lightmap1_4 (AutoDXT, 1024X1024)
[2025.09.27-09.42.42:255][767]LogTexture: Display: Building textures: LQ_Lightmap_1_5 (DXT1, 1024X1024)
[2025.09.27-09.42.42:255][767]LogTexture: Display: Building textures: HQ_Lightmap1_6 (AutoDXT, 1024X1024)
[2025.09.27-09.42.42:255][767]LogTexture: Display: Building textures: LQ_Lightmap_1_6 (DXT1, 1024X1024)
[2025.09.27-09.42.42:255][767]LogTexture: Display: Building textures: HQ_Lightmap1_7 (AutoDXT, 1024X1024)
[2025.09.27-09.42.42:255][767]LogTexture: Display: Building textures: LQ_Lightmap_1_7 (DXT1, 1024X1024)
[2025.09.27-09.42.42:255][767]LogTexture: Display: Building textures: HQ_Lightmap1_8 (AutoDXT, 1024X1024)
[2025.09.27-09.42.42:255][767]LogTexture: Display: Building textures: LQ_Lightmap_1_8 (DXT1, 1024X1024)
[2025.09.27-09.42.42:255][767]LogTexture: Display: Building textures: HQ_Lightmap1_9 (AutoDXT, 1024X1024)
[2025.09.27-09.42.42:255][767]LogTexture: Display: Building textures: LQ_Lightmap_1_9 (DXT1, 1024X1024)
[2025.09.27-09.42.42:255][767]LogTexture: Display: Building textures: HQ_Lightmap1_10 (AutoDXT, 1024X1024)
[2025.09.27-09.42.42:255][767]LogTexture: Display: Building textures: LQ_Lightmap_1_10 (DXT1, 1024X1024)
[2025.09.27-09.42.42:255][767]LogTexture: Display: Building textures: HQ_Lightmap1_11 (AutoDXT, 1024X1024)
[2025.09.27-09.42.42:255][767]LogTexture: Display: Building textures: LQ_Lightmap_1_11 (DXT1, 1024X1024)
[2025.09.27-09.42.42:255][767]LogTexture: Display: Building textures: HQ_Lightmap1_12 (AutoDXT, 1024X1024)
[2025.09.27-09.42.42:255][767]LogTexture: Display: Building textures: LQ_Lightmap_1_12 (DXT1, 1024X1024)
[2025.09.27-09.42.42:255][767]LogTexture: Display: Building textures: HQ_Lightmap1_13 (AutoDXT, 1024X1024)
[2025.09.27-09.42.42:255][767]LogTexture: Display: Building textures: LQ_Lightmap_1_13 (DXT1, 1024X1024)
[2025.09.27-09.42.42:255][767]LogTexture: Display: Building textures: HQ_Lightmap1_14 (AutoDXT, 1024X1024)
[2025.09.27-09.42.42:255][767]LogTexture: Display: Building textures: LQ_Lightmap_1_14 (DXT1, 1024X1024)
[2025.09.27-09.42.42:255][767]LogTexture: Display: Building textures: HQ_Lightmap1_15 (AutoDXT, 1024X1024)
[2025.09.27-09.42.42:255][767]LogTexture: Display: Building textures: LQ_Lightmap_1_15 (DXT1, 1024X1024)
[2025.09.27-09.42.42:255][767]LogTexture: Display: Building textures: HQ_Lightmap1_16 (AutoDXT, 1024X1024)
[2025.09.27-09.42.42:255][767]LogTexture: Display: Building textures: LQ_Lightmap_1_16 (DXT1, 1024X1024)
[2025.09.27-09.42.42:255][767]LogTexture: Display: Building textures: HQ_Lightmap1_17 (AutoDXT, 512X512)
[2025.09.27-09.42.42:255][767]LogTexture: Display: Building textures: LQ_Lightmap_1_17 (DXT1, 512X512)
[2025.09.27-09.42.42:255][767]LogTexture: Display: Building textures: HQ_Lightmap0_18 (AutoDXT, 64X64)
[2025.09.27-09.42.42:255][767]LogTexture: Display: Building textures: LQ_Lightmap_0_18 (DXT1, 64X64)
[2025.09.27-09.42.42:389][767]LogTexture: Display: Building textures: ShadowMapTexture2D_17 (G8, 32X32)
[2025.09.27-09.42.42:389][767]LogTexture: Display: Building textures: ShadowMapTexture2D_16 (G8, 1024X1024)
[2025.09.27-09.42.42:389][767]LogTexture: Display: Building textures: ShadowMapTexture2D_12 (G8, 1024X1024)
[2025.09.27-09.42.42:389][767]LogTexture: Display: Building textures: ShadowMapTexture2D_13 (G8, 1024X1024)
[2025.09.27-09.42.42:389][767]LogTexture: Display: Building textures: ShadowMapTexture2D_14 (G8, 1024X1024)
[2025.09.27-09.42.42:389][767]LogTexture: Display: Building textures: ShadowMapTexture2D_15 (G8, 1024X1024)
[2025.09.27-09.42.42:405][767]Lightmass on CECOMAIN: 1:13 min total, 91 ms importing, 38 ms setup, 3.91 sec photons, 1:09 min processing, 0 ms extra exporting [879/879 mappings]. Threads: 17:26 min total, 12:53 min processing.
[2025.09.27-09.42.42:412][767]LogStaticLightingSystem: CheeseFactory_001_BuiltData storing lightmap data for 879 meshes in 40 LightmapResourceClusters (22.0 Meshes per cluster).
[2025.09.27-09.42.42:442][767]LogUObjectHash: Compacting FUObjectHashTables data took   0.92ms
[2025.09.27-09.42.42:446][767]LogStaticLightingSystem: Illumination: 1:18 min (1.46 sec encoding lightmaps, 126 ms encoding shadowmaps)
[2025.09.27-09.42.42:446][767]LogStaticLightingSystem: Lightmap texture memory:  32.5 MB (32.5 MB streaming, 0.0 MB non-streaming), 36 textures
[2025.09.27-09.42.42:446][767]LogStaticLightingSystem: Shadowmap texture memory: 6.7 MB (6.7 MB streaming, 0.0 MB non-streaming), 6 textures
[2025.09.27-09.42.43:095][767]DumpUnbuiltLightIteractions
[2025.09.27-09.42.43:095][767]Lights with unbuilt interactions: 0
[2025.09.27-09.42.43:095][767]
[2025.09.27-09.42.43:095][767]Primitives with unbuilt interactions: 0
[2025.09.27-09.42.43:320][768]Cmd: MAP CHECK NOTIFYRESULTS
[2025.09.27-09.42.43:320][768]MapCheck: New page: CheeseFactory_001 - Sep 27, 2025, 3:42:43 PM
[2025.09.27-09.42.43:322][768]MapCheck: Warning: Rail_2m_Side_76 Static mesh actor has NULL StaticMesh property 
[2025.09.27-09.42.43:322][768]MapCheck: Warning: Rail_2m_Side2 Static mesh actor has NULL StaticMesh property 
[2025.09.27-09.42.43:322][768]MapCheck: Warning: Rail_2m_Side3 Static mesh actor has NULL StaticMesh property 
[2025.09.27-09.42.43:322][768]MapCheck: Warning: Rail_2m_Side4 Static mesh actor has NULL StaticMesh property 
[2025.09.27-09.42.43:322][768]MapCheck: Warning: Rail_2m_Side5 Static mesh actor has NULL StaticMesh property 
[2025.09.27-09.42.43:322][768]MapCheck: Warning: Rail_2m_Side6 Static mesh actor has NULL StaticMesh property 
[2025.09.27-09.42.43:322][768]MapCheck: Warning: Rail_2m_Side7 Static mesh actor has NULL StaticMesh property 
[2025.09.27-09.42.43:322][768]MapCheck: Warning: Rail_2m_Side8_98 Static mesh actor has NULL StaticMesh property 
[2025.09.27-09.42.43:322][768]MapCheck: Warning: Rail_2m_Side9 Static mesh actor has NULL StaticMesh property 
[2025.09.27-09.42.43:322][768]MapCheck: Warning: Rail_2m_Side10 Static mesh actor has NULL StaticMesh property 
[2025.09.27-09.42.43:322][768]MapCheck: Warning: Rail_2m_Side11 Static mesh actor has NULL StaticMesh property 
[2025.09.27-09.42.43:322][768]MapCheck: Warning: Rail_2m_Side12 Static mesh actor has NULL StaticMesh property 
[2025.09.27-09.42.43:322][768]MapCheck: Warning: Rail_2m_Side13 Static mesh actor has NULL StaticMesh property 
[2025.09.27-09.42.43:323][768]MapCheck: Warning: Rail_2m_Side14 Static mesh actor has NULL StaticMesh property 
[2025.09.27-09.42.43:323][768]MapCheck: Warning: Rail_2m_Side15 Static mesh actor has NULL StaticMesh property 
[2025.09.27-09.42.43:323][768]MapCheck: Warning: Rail_2m_Side17 Static mesh actor has NULL StaticMesh property 
[2025.09.27-09.42.43:323][768]MapCheck: Warning: Rail_2m_Side18 Static mesh actor has NULL StaticMesh property 
[2025.09.27-09.42.43:323][768]MapCheck: Warning: Rail_2m_Side16 Static mesh actor has NULL StaticMesh property 
[2025.09.27-09.42.43:323][768]MapCheck: Warning: Rail_2m_Side19 Static mesh actor has NULL StaticMesh property 
[2025.09.27-09.42.43:323][768]MapCheck: Warning: Rail_2m_Side20 Static mesh actor has NULL StaticMesh property 
[2025.09.27-09.42.43:323][768]MapCheck: Warning: Rail_2m_Side21 Static mesh actor has NULL StaticMesh property 
[2025.09.27-09.42.43:323][768]MapCheck: Warning: Rail_2m_Side22 Static mesh actor has NULL StaticMesh property 
[2025.09.27-09.42.43:323][768]MapCheck: Warning: Rail_2m_Side24_203 Static mesh actor has NULL StaticMesh property 
[2025.09.27-09.42.43:323][768]MapCheck: Warning: Rail_2m_Side25 Static mesh actor has NULL StaticMesh property 
[2025.09.27-09.42.43:323][768]MapCheck: Map check complete: 0 Error(s), 24 Warning(s), took 3.284ms to complete.
[2025.09.27-09.42.48:717][413]LogSlate: FSceneViewport::OnFocusLost() reason 0
[2025.09.27-09.42.48:823][426]LogSlate: Window 'Message Log' being destroyed
[2025.09.27-09.42.48:829][426]LogSlate: Window 'Message Log' being destroyed
[2025.09.27-09.42.49:236][475]LogEditorViewport: Clicking on Actor (LMB): StaticMeshActor (wall01_1x3)
[2025.09.27-09.42.50:940][667]LogEditorViewport: Clicking on Actor (LMB): BoxReflectionCapture (BoxReflectionCapture9)
[2025.09.27-09.42.53:406][942]Cmd: TRANSACTION UNDO
[2025.09.27-09.42.53:406][942]LogEditorTransaction: Undo Move Actors
[2025.09.27-09.42.54:766][101]LogSlate: FSceneViewport::OnFocusLost() reason 0
[2025.09.27-09.43.05:238][357]LogEditorViewport: Clicking on Actor (LMB): StaticMeshActor (wall01_2x136)
[2025.09.27-09.43.21:431][296]LogEditorViewport: Clicking on Actor (LMB): SpotLight (SpotLight9)
[2025.09.27-09.43.26:222][865]LogEditorViewport: Clicking on Actor (LMB): StaticMeshActor (wall01_2x82)
[2025.09.27-09.43.26:700][918]LogEditorViewport: Clicking on Actor (LMB): SpotLight (SpotLight9)
[2025.09.27-09.43.34:099][802]LogSlate: FSceneViewport::OnFocusLost() reason 0
[2025.09.27-09.43.53:128][ 79]Cmd: TRANSACTION UNDO
[2025.09.27-09.43.53:129][ 79]LogEditorTransaction: Undo Move Actors
[2025.09.27-09.43.59:386][822]LogEditorViewport: Clicking on Actor (LMB): StaticMeshActor (desk)
[2025.09.27-09.44.04:828][464]LogEditorViewport: Clicking on Actor (LMB): StaticMeshActor (box)
[2025.09.27-09.44.05:057][489]Cmd: EDIT COPY
[2025.09.27-09.44.09:024][955]Cmd: DELETE
[2025.09.27-09.44.09:024][955]Cmd: ACTOR DELETE
[2025.09.27-09.44.09:031][955]LogEditorActor: Deleted Actor: StaticMeshActor
[2025.09.27-09.44.09:051][955]LogUObjectHash: Compacting FUObjectHashTables data took   0.82ms
[2025.09.27-09.44.09:051][955]LogEditorActor: Deleted 1 Actors (0.027 secs)
[2025.09.27-09.44.10:763][160]LogEditorViewport: Clicking on Actor (LMB): StaticMeshActor (box)
[2025.09.27-09.44.34:112][917]LogEditorViewport: Clicking on Actor (LMB): SpotLight (SpotLight9)
[2025.09.27-09.44.35:866][123]Cmd: DELETE
[2025.09.27-09.44.35:866][123]Cmd: ACTOR DELETE
[2025.09.27-09.44.35:873][123]LogEditorActor: Deleted Actor: SpotLight
[2025.09.27-09.44.35:873][123]LogEditorActor: Deleted Actor: StaticMeshActor
[2025.09.27-09.44.35:892][123]LogUObjectHash: Compacting FUObjectHashTables data took   0.71ms
[2025.09.27-09.44.35:893][123]LogEditorActor: Deleted 2 Actors (0.026 secs)
[2025.09.27-09.44.40:655][694]LogEditorViewport: Clicking on Actor (LMB): StaticMeshActor (lamp4)
[2025.09.27-09.44.41:463][787]LogEditorViewport: Clicking on Actor (CTRL LMB): SpotLight (SpotLight5)
[2025.09.27-09.44.42:354][892]LogEditorViewport: Clicking on Actor (CTRL LMB): PointLight (PointLight8)
[2025.09.27-09.44.46:029][326]Cmd: DELETE
[2025.09.27-09.44.46:029][326]Cmd: ACTOR DELETE
[2025.09.27-09.44.46:036][326]LogEditorActor: Deleted Actor: StaticMeshActor
[2025.09.27-09.44.46:036][326]LogEditorActor: Deleted Actor: SpotLight
[2025.09.27-09.44.46:036][326]LogEditorActor: Deleted Actor: PointLight
[2025.09.27-09.44.46:055][326]LogUObjectHash: Compacting FUObjectHashTables data took   0.71ms
[2025.09.27-09.44.46:055][326]LogEditorActor: Deleted 3 Actors (0.026 secs)
[2025.09.27-09.44.49:970][795]Cmd: TRANSACTION UNDO
[2025.09.27-09.44.49:970][795]LogEditorTransaction: Undo Delete Actors
[2025.09.27-09.45.18:547][157]LogEditorViewport: Clicking on Actor (LMB): StaticMeshActor (wall01_2x102)
[2025.09.27-09.45.21:086][451]LogEditorViewport: Clicking on Actor (LMB): StaticMeshActor (Channel149)
[2025.09.27-09.45.37:263][368]LogEditorViewport: Clicking on Actor (LMB): StaticMeshActor (wall01_2x4)
[2025.09.27-09.45.45:096][297]Cmd: TRANSACTION UNDO
[2025.09.27-09.45.45:096][297]LogEditorTransaction: Undo Move Actors
[2025.09.27-09.45.45:573][339]Cmd: TRANSACTION UNDO
[2025.09.27-09.45.45:573][339]LogEditorTransaction: Undo Rotate Actors
[2025.09.27-09.45.50:968][981]LogEditorViewport: Clicking on Actor (LMB): StaticMeshActor (floor01_2x5)
[2025.09.27-09.45.52:329][141]Cmd: TRANSACTION UNDO
[2025.09.27-09.45.52:329][141]LogEditorTransaction: Undo Clicking on Actors
[2025.09.27-09.45.56:178][590]LogEditorViewport: Clicking on Actor (LMB): StaticMeshActor (wall01_2x3)
[2025.09.27-09.46.01:933][268]LogEditorViewport: Clicking on Actor (LMB): StaticMeshActor (floor01_2x3)
[2025.09.27-09.46.17:462][124]LogEditorViewport: Clicking on Actor (LMB): StaticMeshActor (Channel18)
[2025.09.27-09.46.26:571][203]LogEditorViewport: Clicking on Actor (LMB): StaticMeshActor (railing01_full27)
[2025.09.27-09.46.28:184][389]LogSlate: FSceneViewport::OnFocusLost() reason 2
[2025.09.27-09.46.30:210][619]LogEditorViewport: Clicking on Actor (LMB): StaticMeshActor (railing01_pillar12)
[2025.09.27-09.46.36:181][323]LogSlate: FSceneViewport::OnFocusLost() reason 5
[2025.09.27-09.46.36:187][323]Cmd: OBJ SAVEPACKAGE PACKAGE="/Game/Levels/CheeseFactory_001" FILE="E:/GameDev/hggjam/GameJamHGGUnreal4.23.1/GameJamCrew/Content/Levels/CheeseFactory_001.umap" SILENT=true AUTOSAVING=false KEEPDIRTY=false
[2025.09.27-09.46.36:207][323]LogUObjectHash: Compacting FUObjectHashTables data took   0.42ms
[2025.09.27-09.46.36:399][323]LogSavePackage: Moving 'E:/GameDev/hggjam/GameJamHGGUnreal4.23.1/GameJamCrew/Saved/CheeseFactory_0017725564642F4C1A83D1BB592E3EE398C.tmp' to 'E:/GameDev/hggjam/GameJamHGGUnreal4.23.1/GameJamCrew/Content/Levels/CheeseFactory_001.umap'
[2025.09.27-09.46.36:410][323]Cmd: OBJ SAVEPACKAGE PACKAGE="/Game/Levels/CheeseFactory_001_BuiltData" FILE="E:/GameDev/hggjam/GameJamHGGUnreal4.23.1/GameJamCrew/Content/Levels/CheeseFactory_001_BuiltData.uasset" SILENT=true
[2025.09.27-09.46.36:932][323]LogSavePackage: Moving 'E:/GameDev/hggjam/GameJamHGGUnreal4.23.1/GameJamCrew/Saved/CheeseFactory_001_BuiltData9430535841A24B4FF271118E56F8361F.tmp' to 'E:/GameDev/hggjam/GameJamHGGUnreal4.23.1/GameJamCrew/Content/Levels/CheeseFactory_001_BuiltData.uasset'
[2025.09.27-09.46.37:679][406]LogEditorViewport: Clicking on Actor (LMB): StaticMeshActor (floor01_2x16)
[2025.09.27-09.46.40:922][791]LogEditorViewport: Clicking on Actor (LMB): StaticMeshActor (wall01_2x19)
[2025.09.27-09.46.41:746][887]LogEditorViewport: Clicking on Actor (LMB): StaticMeshActor (railing01_full26)
[2025.09.27-09.46.42:588][985]Cmd: DELETE
[2025.09.27-09.46.42:588][985]Cmd: ACTOR DELETE
[2025.09.27-09.46.42:594][985]LogEditorActor: Deleted Actor: StaticMeshActor
[2025.09.27-09.46.42:614][985]LogUObjectHash: Compacting FUObjectHashTables data took   1.10ms
[2025.09.27-09.46.42:614][985]LogEditorActor: Deleted 1 Actors (0.027 secs)
[2025.09.27-09.46.42:985][ 29]LogEditorViewport: Clicking on Actor (LMB): StaticMeshActor (railing01_full27)
[2025.09.27-09.46.43:082][ 38]Cmd: DELETE
[2025.09.27-09.46.43:082][ 38]Cmd: ACTOR DELETE
[2025.09.27-09.46.43:088][ 38]LogEditorActor: Deleted Actor: StaticMeshActor
[2025.09.27-09.46.43:108][ 38]LogUObjectHash: Compacting FUObjectHashTables data took   0.46ms
[2025.09.27-09.46.43:109][ 38]LogEditorActor: Deleted 1 Actors (0.027 secs)
[2025.09.27-09.46.44:354][187]LogEditorViewport: Clicking on Actor (LMB): StaticMeshActor (railing01_pillar12)
[2025.09.27-09.46.44:653][220]Cmd: DELETE
[2025.09.27-09.46.44:653][220]Cmd: ACTOR DELETE
[2025.09.27-09.46.44:660][220]LogEditorActor: Deleted Actor: StaticMeshActor
[2025.09.27-09.46.44:679][220]LogUObjectHash: Compacting FUObjectHashTables data took   0.41ms
[2025.09.27-09.46.44:679][220]LogEditorActor: Deleted 1 Actors (0.026 secs)
[2025.09.27-09.46.50:102][868]LogSlate: FSceneViewport::OnFocusLost() reason 5
[2025.09.27-09.46.50:108][868]Cmd: OBJ SAVEPACKAGE PACKAGE="/Game/Levels/CheeseFactory_001" FILE="E:/GameDev/hggjam/GameJamHGGUnreal4.23.1/GameJamCrew/Content/Levels/CheeseFactory_001.umap" SILENT=true AUTOSAVING=false KEEPDIRTY=false
[2025.09.27-09.46.50:128][868]LogUObjectHash: Compacting FUObjectHashTables data took   0.45ms
[2025.09.27-09.46.50:321][868]LogSavePackage: Moving 'E:/GameDev/hggjam/GameJamHGGUnreal4.23.1/GameJamCrew/Saved/CheeseFactory_001B08157324E447E7DB1B85BB924F04F67.tmp' to 'E:/GameDev/hggjam/GameJamHGGUnreal4.23.1/GameJamCrew/Content/Levels/CheeseFactory_001.umap'
[2025.09.27-09.46.50:332][868]Cmd: OBJ SAVEPACKAGE PACKAGE="/Game/Levels/CheeseFactory_001_BuiltData" FILE="E:/GameDev/hggjam/GameJamHGGUnreal4.23.1/GameJamCrew/Content/Levels/CheeseFactory_001_BuiltData.uasset" SILENT=true
[2025.09.27-09.46.50:829][868]LogSavePackage: Moving 'E:/GameDev/hggjam/GameJamHGGUnreal4.23.1/GameJamCrew/Saved/CheeseFactory_001_BuiltData7210472F49F1DD62C68A459818A72D16.tmp' to 'E:/GameDev/hggjam/GameJamHGGUnreal4.23.1/GameJamCrew/Content/Levels/CheeseFactory_001_BuiltData.uasset'
[2025.09.27-09.46.52:414][ 55]LogSlate: FSceneViewport::OnFocusLost() reason 2
[2025.09.27-09.46.53:853][227]MapCheck: New page: Map Check
[2025.09.27-09.46.53:866][227]LogSlate: FSceneViewport::OnFocusLost() reason 5
[2025.09.27-09.46.53:869][227]LightingResults: New page: Lighting Build - Sep 27, 2025, 3:46:53 PM
[2025.09.27-09.46.53:875][227]LogSwarmInterface: [OpenConnection] Registering TCP channel ...
[2025.09.27-09.46.53:879][227]LogSwarmInterface: [OpenConnection] Connecting to agent ...
[2025.09.27-09.46.53:879][227]LogSwarmInterface: [TryOpenConnection] Testing the Agent
[2025.09.27-09.46.53:879][227]LogSwarmInterface: [TryOpenConnection] Opening Connection to Agent
[2025.09.27-09.46.53:879][227]LogSwarmInterface: [TryOpenConnection] Local Process ID is 24552
[2025.09.27-09.46.58:449][227]LogStaticLightingSystem: Running Lightmass w/ ImmediateImport mode ENABLED
[2025.09.27-09.46.58:449][227]LogStaticLightingSystem: Running Lightmass w/ ImmediateProcess mode ENABLED
[2025.09.27-09.46.58:449][227]LogStaticLightingSystem: Running Lightmass w/ Sorting mode ENABLED
[2025.09.27-09.46.58:449][227]LogStaticLightingSystem: Running Lightmass w/ Mapping paddings ENABLED
[2025.09.27-09.46.58:449][227]LogStaticLightingSystem: Running Lightmass w/ Mapping debug paddings DISABLED
[2025.09.27-09.46.58:526][227]LogEditorBuildUtils: Build time 0:04
[2025.09.27-09.46.58:569][228]LogUObjectHash: Compacting FUObjectHashTables data took   1.04ms
[2025.09.27-09.47.15:886][840]LightingResults: Warning: cylinder Object has overlapping UVs.
[2025.09.27-09.47.15:886][840]LightingResults: cylinder Lightmap UV are overlapping by 8.7%. Please adjust content - Enable Error Coloring to visualize.
[2025.09.27-09.48.09:069][825]Job is a success!
[2025.09.27-09.48.09:091][827]LogSlate: FSceneViewport::OnFocusLost() reason 5
[2025.09.27-09.48.09:133][827]LogVolumetricLightmapImport: Imported Volumetric Lightmap in 0.003s
[2025.09.27-09.48.09:133][827]LogVolumetricLightmapImport:      Indirection Texture 16x16x16 = 0.0Mb
[2025.09.27-09.48.09:133][827]LogVolumetricLightmapImport:      BrickData 85x5x5 = 0.1Mb
[2025.09.27-09.48.09:133][827]LogVolumetricLightmapImport:      Bricks at Level
[2025.09.27-09.48.09:133][827]LogVolumetricLightmapImport:          0: 5.9% covering 100.0% of volume
[2025.09.27-09.48.09:133][827]LogVolumetricLightmapImport:          1: 5.9% covering 1.6% of volume
[2025.09.27-09.48.09:133][827]LogVolumetricLightmapImport:          2: 88.2% covering 0.4% of volume
[2025.09.27-09.48.10:995][827]LogTexture: Display: Building textures: HQ_Lightmap0_1 (AutoDXT, 1024X1024)
[2025.09.27-09.48.10:995][827]LogTexture: Display: Building textures: LQ_Lightmap_0_1 (DXT1, 1024X1024)
[2025.09.27-09.48.10:995][827]LogTexture: Display: Building textures: LQ_Lightmap_0_2 (DXT1, 1024X1024)
[2025.09.27-09.48.10:995][827]LogTexture: Display: Building textures: HQ_Lightmap0_2 (AutoDXT, 1024X1024)
[2025.09.27-09.48.10:995][827]LogTexture: Display: Building textures: HQ_Lightmap0_3 (AutoDXT, 1024X1024)
[2025.09.27-09.48.10:995][827]LogTexture: Display: Building textures: LQ_Lightmap_0_3 (DXT1, 1024X1024)
[2025.09.27-09.48.10:995][827]LogTexture: Display: Building textures: HQ_Lightmap0_4 (AutoDXT, 1024X1024)
[2025.09.27-09.48.10:995][827]LogTexture: Display: Building textures: LQ_Lightmap_0_4 (DXT1, 1024X1024)
[2025.09.27-09.48.10:995][827]LogTexture: Display: Building textures: HQ_Lightmap0_5 (AutoDXT, 1024X1024)
[2025.09.27-09.48.10:995][827]LogTexture: Display: Building textures: LQ_Lightmap_0_5 (DXT1, 1024X1024)
[2025.09.27-09.48.10:995][827]LogTexture: Display: Building textures: HQ_Lightmap0_6 (AutoDXT, 1024X1024)
[2025.09.27-09.48.10:995][827]LogTexture: Display: Building textures: LQ_Lightmap_0_6 (DXT1, 1024X1024)
[2025.09.27-09.48.10:995][827]LogTexture: Display: Building textures: HQ_Lightmap0_7 (AutoDXT, 1024X1024)
[2025.09.27-09.48.10:995][827]LogTexture: Display: Building textures: LQ_Lightmap_0_7 (DXT1, 1024X1024)
[2025.09.27-09.48.10:995][827]LogTexture: Display: Building textures: HQ_Lightmap0_8 (AutoDXT, 1024X1024)
[2025.09.27-09.48.10:995][827]LogTexture: Display: Building textures: LQ_Lightmap_0_8 (DXT1, 1024X1024)
[2025.09.27-09.48.10:995][827]LogTexture: Display: Building textures: HQ_Lightmap0_9 (AutoDXT, 1024X1024)
[2025.09.27-09.48.10:995][827]LogTexture: Display: Building textures: LQ_Lightmap_0_9 (DXT1, 1024X1024)
[2025.09.27-09.48.10:995][827]LogTexture: Display: Building textures: HQ_Lightmap0_10 (AutoDXT, 1024X1024)
[2025.09.27-09.48.10:995][827]LogTexture: Display: Building textures: LQ_Lightmap_0_10 (DXT1, 1024X1024)
[2025.09.27-09.48.10:995][827]LogTexture: Display: Building textures: HQ_Lightmap0_11 (AutoDXT, 1024X1024)
[2025.09.27-09.48.10:995][827]LogTexture: Display: Building textures: LQ_Lightmap_0_11 (DXT1, 1024X1024)
[2025.09.27-09.48.10:995][827]LogTexture: Display: Building textures: HQ_Lightmap0_12 (AutoDXT, 1024X1024)
[2025.09.27-09.48.10:995][827]LogTexture: Display: Building textures: LQ_Lightmap_0_12 (DXT1, 1024X1024)
[2025.09.27-09.48.10:995][827]LogTexture: Display: Building textures: HQ_Lightmap0_13 (AutoDXT, 1024X1024)
[2025.09.27-09.48.10:995][827]LogTexture: Display: Building textures: LQ_Lightmap_0_13 (DXT1, 1024X1024)
[2025.09.27-09.48.10:995][827]LogTexture: Display: Building textures: HQ_Lightmap0_14 (AutoDXT, 1024X1024)
[2025.09.27-09.48.10:995][827]LogTexture: Display: Building textures: LQ_Lightmap_0_14 (DXT1, 1024X1024)
[2025.09.27-09.48.10:995][827]LogTexture: Display: Building textures: HQ_Lightmap0_15 (AutoDXT, 1024X1024)
[2025.09.27-09.48.10:995][827]LogTexture: Display: Building textures: LQ_Lightmap_0_15 (DXT1, 1024X1024)
[2025.09.27-09.48.10:995][827]LogTexture: Display: Building textures: HQ_Lightmap0_16 (AutoDXT, 1024X1024)
[2025.09.27-09.48.10:995][827]LogTexture: Display: Building textures: LQ_Lightmap_0_16 (DXT1, 1024X1024)
[2025.09.27-09.48.10:995][827]LogTexture: Display: Building textures: HQ_Lightmap0_17 (AutoDXT, 512X512)
[2025.09.27-09.48.10:995][827]LogTexture: Display: Building textures: LQ_Lightmap_0_17 (DXT1, 512X512)
[2025.09.27-09.48.10:995][827]LogTexture: Display: Building textures: HQ_Lightmap1_18 (AutoDXT, 64X64)
[2025.09.27-09.48.10:995][827]LogTexture: Display: Building textures: LQ_Lightmap_1_18 (DXT1, 64X64)
[2025.09.27-09.48.11:113][827]LogTexture: Display: Building textures: ShadowMapTexture2D_23 (G8, 32X32)
[2025.09.27-09.48.11:113][827]LogTexture: Display: Building textures: ShadowMapTexture2D_21 (G8, 1024X1024)
[2025.09.27-09.48.11:113][827]LogTexture: Display: Building textures: ShadowMapTexture2D_22 (G8, 1024X1024)
[2025.09.27-09.48.11:113][827]LogTexture: Display: Building textures: ShadowMapTexture2D_18 (G8, 1024X1024)
[2025.09.27-09.48.11:113][827]LogTexture: Display: Building textures: ShadowMapTexture2D_19 (G8, 1024X1024)
[2025.09.27-09.48.11:113][827]LogTexture: Display: Building textures: ShadowMapTexture2D_20 (G8, 1024X1024)
[2025.09.27-09.48.11:140][827]LogStaticLightingSystem: CheeseFactory_001_BuiltData storing lightmap data for 877 meshes in 39 LightmapResourceClusters (22.5 Meshes per cluster).
[2025.09.27-09.48.11:163][827]Lightmass on CECOMAIN: 1:12 min total, 89 ms importing, 38 ms setup, 3.77 sec photons, 1:08 min processing, 0 ms extra exporting [877/877 mappings]. Threads: 17:06 min total, 12:33 min processing.
[2025.09.27-09.48.11:165][827]LogUObjectHash: Compacting FUObjectHashTables data took   0.84ms
[2025.09.27-09.48.11:168][827]LogStaticLightingSystem: Illumination: 1:17 min (1.47 sec encoding lightmaps, 111 ms encoding shadowmaps)
[2025.09.27-09.48.11:168][827]LogStaticLightingSystem: Lightmap texture memory:  32.5 MB (32.5 MB streaming, 0.0 MB non-streaming), 36 textures
[2025.09.27-09.48.11:168][827]LogStaticLightingSystem: Shadowmap texture memory: 6.7 MB (6.7 MB streaming, 0.0 MB non-streaming), 6 textures
[2025.09.27-09.48.11:510][827]DumpUnbuiltLightIteractions
[2025.09.27-09.48.11:510][827]Lights with unbuilt interactions: 0
[2025.09.27-09.48.11:510][827]
[2025.09.27-09.48.11:510][827]Primitives with unbuilt interactions: 0
[2025.09.27-09.48.11:714][828]Cmd: MAP CHECK NOTIFYRESULTS
[2025.09.27-09.48.11:714][828]MapCheck: New page: CheeseFactory_001 - Sep 27, 2025, 3:48:11 PM
[2025.09.27-09.48.11:716][828]MapCheck: Warning: Rail_2m_Side_76 Static mesh actor has NULL StaticMesh property 
[2025.09.27-09.48.11:716][828]MapCheck: Warning: Rail_2m_Side2 Static mesh actor has NULL StaticMesh property 
[2025.09.27-09.48.11:716][828]MapCheck: Warning: Rail_2m_Side3 Static mesh actor has NULL StaticMesh property 
[2025.09.27-09.48.11:716][828]MapCheck: Warning: Rail_2m_Side4 Static mesh actor has NULL StaticMesh property 
[2025.09.27-09.48.11:716][828]MapCheck: Warning: Rail_2m_Side5 Static mesh actor has NULL StaticMesh property 
[2025.09.27-09.48.11:716][828]MapCheck: Warning: Rail_2m_Side6 Static mesh actor has NULL StaticMesh property 
[2025.09.27-09.48.11:716][828]MapCheck: Warning: Rail_2m_Side7 Static mesh actor has NULL StaticMesh property 
[2025.09.27-09.48.11:716][828]MapCheck: Warning: Rail_2m_Side8_98 Static mesh actor has NULL StaticMesh property 
[2025.09.27-09.48.11:716][828]MapCheck: Warning: Rail_2m_Side9 Static mesh actor has NULL StaticMesh property 
[2025.09.27-09.48.11:716][828]MapCheck: Warning: Rail_2m_Side10 Static mesh actor has NULL StaticMesh property 
[2025.09.27-09.48.11:716][828]MapCheck: Warning: Rail_2m_Side11 Static mesh actor has NULL StaticMesh property 
[2025.09.27-09.48.11:716][828]MapCheck: Warning: Rail_2m_Side12 Static mesh actor has NULL StaticMesh property 
[2025.09.27-09.48.11:716][828]MapCheck: Warning: Rail_2m_Side13 Static mesh actor has NULL StaticMesh property 
[2025.09.27-09.48.11:716][828]MapCheck: Warning: Rail_2m_Side14 Static mesh actor has NULL StaticMesh property 
[2025.09.27-09.48.11:716][828]MapCheck: Warning: Rail_2m_Side15 Static mesh actor has NULL StaticMesh property 
[2025.09.27-09.48.11:716][828]MapCheck: Warning: Rail_2m_Side17 Static mesh actor has NULL StaticMesh property 
[2025.09.27-09.48.11:716][828]MapCheck: Warning: Rail_2m_Side18 Static mesh actor has NULL StaticMesh property 
[2025.09.27-09.48.11:716][828]MapCheck: Warning: Rail_2m_Side16 Static mesh actor has NULL StaticMesh property 
[2025.09.27-09.48.11:716][828]MapCheck: Warning: Rail_2m_Side19 Static mesh actor has NULL StaticMesh property 
[2025.09.27-09.48.11:716][828]MapCheck: Warning: Rail_2m_Side20 Static mesh actor has NULL StaticMesh property 
[2025.09.27-09.48.11:716][828]MapCheck: Warning: Rail_2m_Side21 Static mesh actor has NULL StaticMesh property 
[2025.09.27-09.48.11:716][828]MapCheck: Warning: Rail_2m_Side22 Static mesh actor has NULL StaticMesh property 
[2025.09.27-09.48.11:716][828]MapCheck: Warning: Rail_2m_Side24_203 Static mesh actor has NULL StaticMesh property 
[2025.09.27-09.48.11:716][828]MapCheck: Warning: Rail_2m_Side25 Static mesh actor has NULL StaticMesh property 
[2025.09.27-09.48.11:716][828]MapCheck: Map check complete: 0 Error(s), 24 Warning(s), took 2.763ms to complete.
[2025.09.27-09.48.16:583][411]LogSlate: FSceneViewport::OnFocusLost() reason 0
[2025.09.27-09.48.16:688][424]LogSlate: Window 'Message Log' being destroyed
[2025.09.27-09.48.16:694][424]LogSlate: Window 'Message Log' being destroyed
[2025.09.27-09.48.46:039][945]LogEditorViewport: Clicking on Actor (LMB): StaticMeshActor (wall01_2x90)
[2025.09.27-09.48.47:213][ 83]LogEditorViewport: Clicking on Actor (LMB): SpotLight (SpotLight11)
[2025.09.27-09.48.50:941][519]LogSlate: FSceneViewport::OnFocusLost() reason 0
[2025.09.27-09.48.54:406][931]LogEditorViewport: Clicking on Actor (LMB): SpotLight (SpotLight7)
[2025.09.27-09.48.58:234][381]LogSlate: FSceneViewport::OnFocusLost() reason 0
[2025.09.27-09.49.03:348][993]LogEditorViewport: Clicking on Actor (LMB): StaticMeshActor (lamp10)
[2025.09.27-09.49.03:885][ 54]LogEditorViewport: Clicking on Actor (LMB): SpotLight (SpotLight12)
[2025.09.27-09.49.10:557][849]LogEditorViewport: Clicking on Actor (LMB): StaticMeshActor (lamp10)
[2025.09.27-09.49.15:744][466]Cmd: TRANSACTION UNDO
[2025.09.27-09.49.15:744][466]LogEditorTransaction: Undo Move Actors
[2025.09.27-09.49.17:619][677]LogEditorViewport: Clicking on Actor (LMB): SpotLight (SpotLight12)
[2025.09.27-09.49.20:214][985]LogEditorViewport: Clicking on Actor (LMB): StaticMeshActor (lamp10)
[2025.09.27-09.49.22:857][298]Cmd: TRANSACTION UNDO
[2025.09.27-09.49.22:857][298]LogEditorTransaction: Undo Move Actors
[2025.09.27-09.49.23:696][397]LogEditorViewport: Clicking on Actor (LMB): SpotLight (SpotLight12)
[2025.09.27-09.49.25:167][570]Cmd: TRANSACTION UNDO
[2025.09.27-09.49.25:167][570]LogEditorTransaction: Undo Move Actors
[2025.09.27-09.49.28:848][  7]LogEditorViewport: Clicking on Actor (LMB): SpotLight (SpotLight7)
[2025.09.27-09.49.38:359][140]LogEditorViewport: Clicking on Actor (LMB): SpotLight (SpotLight11)
[2025.09.27-09.49.41:861][546]LogEditorViewport: Clicking on Actor (LMB): SpotLight (SpotLight8)
[2025.09.27-09.49.50:215][526]LogEditorViewport: Clicking on Actor (LMB): SpotLight (SpotLight11)
[2025.09.27-09.50.46:621][285]LogEditorViewport: Clicking on Actor (LMB): StaticMeshActor (shelf2)
[2025.09.27-09.50.48:523][500]LogEditorViewport: Clicking on Actor (LMB): SpotLight (SpotLight7)
[2025.09.27-09.50.56:470][440]Cmd: TRANSACTION UNDO
[2025.09.27-09.50.56:470][440]LogEditorTransaction: Undo Clicking on Actors
[2025.09.27-09.51.00:682][937]LogSlate: FSceneViewport::OnFocusLost() reason 0
[2025.09.27-09.51.12:918][402]LogEditorViewport: Clicking on Actor (LMB): SpotLight (SpotLight8)
[2025.09.27-09.51.15:290][676]LogSlate: FSceneViewport::OnFocusLost() reason 0
[2025.09.27-09.51.19:624][188]LogEditorViewport: Clicking on Actor (LMB): SpotLight (SpotLight12)
[2025.09.27-09.51.22:558][534]LogSlate: FSceneViewport::OnFocusLost() reason 0
[2025.09.27-09.51.25:735][915]LogEditorViewport: Clicking on Actor (LMB): StaticMeshActor (wall01_2x74)
[2025.09.27-09.51.30:806][518]LogEditorViewport: Clicking on Actor (LMB): SpotLight (SpotLight2)
[2025.09.27-09.51.36:498][191]LogSlate: FSceneViewport::OnFocusLost() reason 0
[2025.09.27-09.51.48:877][671]LogEditorViewport: Clicking on Actor (LMB): StaticMeshActor (floor01_2x79)
[2025.09.27-09.51.52:757][131]LogSlate: FSceneViewport::OnFocusLost() reason 0
[2025.09.27-09.51.58:672][828]LogSlate: FSceneViewport::OnFocusLost() reason 0
[2025.09.27-09.52.16:722][969]LogSlate: FSceneViewport::OnFocusLost() reason 0
[2025.09.27-09.52.21:481][536]LogSlate: FSceneViewport::OnFocusLost() reason 0
[2025.09.27-09.52.27:078][204]LogSlate: FSceneViewport::OnFocusLost() reason 0
[2025.09.27-09.52.35:601][222]LogSlate: FSceneViewport::OnFocusLost() reason 0
[2025.09.27-09.52.54:847][508]LogSlate: FSceneViewport::OnFocusLost() reason 0
[2025.09.27-09.53.02:029][305]Cmd: TRANSACTION UNDO
[2025.09.27-09.53.02:029][305]LogEditorTransaction: Undo Move Actors
[2025.09.27-09.53.03:563][485]LogSlate: FSceneViewport::OnFocusLost() reason 0
[2025.09.27-09.53.20:876][439]LogSlate: FSceneViewport::OnFocusLost() reason 0
[2025.09.27-09.53.30:893][614]LogSlate: FSceneViewport::OnFocusLost() reason 0
[2025.09.27-09.53.43:342][104]LogEditorViewport: Clicking on Actor (LMB): PostProcessVolume (PostProcessVolume)
[2025.09.27-09.53.45:665][379]LogSlate: FSceneViewport::OnFocusLost() reason 0
[2025.09.27-09.53.50:035][899]LogSlate: FSceneViewport::OnFocusLost() reason 0
[2025.09.27-09.53.53:879][346]LogSlate: FSceneViewport::OnFocusLost() reason 0
[2025.09.27-09.53.54:321][362]LogRenderer: Reallocating scene render targets to support 1636x892 Format 10 NumSamples 1 (Frame:549178).
[2025.09.27-09.53.54:354][363]LogRenderer: Reallocating scene render targets to support 1636x900 Format 10 NumSamples 1 (Frame:549184).
[2025.09.27-09.53.54:389][364]LogRenderer: Reallocating scene render targets to support 1636x916 Format 10 NumSamples 1 (Frame:549190).
[2025.09.27-09.53.54:427][365]LogRenderer: Reallocating scene render targets to support 1636x932 Format 10 NumSamples 1 (Frame:549196).
[2025.09.27-09.53.54:461][366]LogRenderer: Reallocating scene render targets to support 1636x940 Format 10 NumSamples 1 (Frame:549202).
[2025.09.27-09.53.54:497][367]LogRenderer: Reallocating scene render targets to support 1636x944 Format 10 NumSamples 1 (Frame:549208).
[2025.09.27-09.53.57:008][664]LogSlate: FSceneViewport::OnFocusLost() reason 5
[2025.09.27-09.53.57:014][664]Cmd: OBJ SAVEPACKAGE PACKAGE="/Game/Levels/CheeseFactory_001" FILE="E:/GameDev/hggjam/GameJamHGGUnreal4.23.1/GameJamCrew/Content/Levels/CheeseFactory_001.umap" SILENT=true AUTOSAVING=false KEEPDIRTY=false
[2025.09.27-09.53.57:035][664]LogUObjectHash: Compacting FUObjectHashTables data took   1.02ms
[2025.09.27-09.53.57:228][664]LogSavePackage: Moving 'E:/GameDev/hggjam/GameJamHGGUnreal4.23.1/GameJamCrew/Saved/CheeseFactory_0018A8435B44F15D7898008C29B1EA0D3F5.tmp' to 'E:/GameDev/hggjam/GameJamHGGUnreal4.23.1/GameJamCrew/Content/Levels/CheeseFactory_001.umap'
[2025.09.27-09.53.57:239][664]Cmd: OBJ SAVEPACKAGE PACKAGE="/Game/Levels/CheeseFactory_001_BuiltData" FILE="E:/GameDev/hggjam/GameJamHGGUnreal4.23.1/GameJamCrew/Content/Levels/CheeseFactory_001_BuiltData.uasset" SILENT=true
[2025.09.27-09.53.57:769][664]LogSavePackage: Moving 'E:/GameDev/hggjam/GameJamHGGUnreal4.23.1/GameJamCrew/Saved/CheeseFactory_001_BuiltData78221EED4D5091E9ABFD7B87B407D4FC.tmp' to 'E:/GameDev/hggjam/GameJamHGGUnreal4.23.1/GameJamCrew/Content/Levels/CheeseFactory_001_BuiltData.uasset'
[2025.09.27-09.54.07:427][820]LogSlate: FSceneViewport::OnFocusLost() reason 0
[2025.09.27-09.54.41:271][873]LogSlate: Window 'Color Picker' being destroyed
[2025.09.27-09.54.44:750][283]LogSlate: FSceneViewport::OnFocusLost() reason 0
[2025.09.27-09.54.53:677][348]LogSlate: FSceneViewport::OnFocusLost() reason 0
[2025.09.27-09.55.00:639][170]LogSlate: FSceneViewport::OnFocusLost() reason 0
[2025.09.27-09.55.06:479][870]LogSlate: FSceneViewport::OnFocusLost() reason 0
[2025.09.27-09.55.39:678][843]LogSlate: FSceneViewport::OnFocusLost() reason 0
[2025.09.27-09.56.02:072][523]LogSlate: FSceneViewport::OnFocusLost() reason 0
[2025.09.27-09.56.19:857][656]Cmd: TRANSACTION UNDO
[2025.09.27-09.56.19:857][656]LogEditorTransaction: Undo Color Grading Main Value
[2025.09.27-09.56.43:378][467]LogSlate: FSceneViewport::OnFocusLost() reason 0
[2025.09.27-09.56.50:030][264]Cmd: TRANSACTION UNDO
[2025.09.27-09.56.50:031][264]LogEditorTransaction: Undo Color Grading Main Value
[2025.09.27-09.56.52:581][568]Cmd: TRANSACTION UNDO
[2025.09.27-09.56.52:582][568]LogEditorTransaction: Undo Color Grading Main Value
[2025.09.27-09.57.20:713][937]Cmd: TRANSACTION UNDO
[2025.09.27-09.57.20:713][937]LogEditorTransaction: Undo Color Grading Main Value
[2025.09.27-09.57.21:989][ 89]Cmd: TRANSACTION UNDO
[2025.09.27-09.57.21:990][ 89]LogEditorTransaction: Undo Color Grading Main Value
[2025.09.27-09.57.23:701][294]Cmd: TRANSACTION REDO
[2025.09.27-09.57.23:701][294]LogEditorTransaction: Redo Color Grading Main Value
[2025.09.27-09.57.32:621][361]LogSlate: FSceneViewport::OnFocusLost() reason 0
[2025.09.27-09.57.43:768][697]Cmd: TRANSACTION UNDO
[2025.09.27-09.57.43:768][697]LogEditorTransaction: Undo Color Grading Main Value
[2025.09.27-09.57.44:326][761]Cmd: TRANSACTION UNDO
[2025.09.27-09.57.44:326][761]LogEditorTransaction: Undo Color Grading Main Value
[2025.09.27-09.57.48:074][208]Cmd: TRANSACTION UNDO
[2025.09.27-09.57.48:074][208]LogEditorTransaction: Undo Color Grading Main Value
[2025.09.27-09.58.06:098][362]LogSlate: FSceneViewport::OnFocusLost() reason 0
[2025.09.27-09.58.24:393][556]Cmd: TRANSACTION UNDO
[2025.09.27-09.58.24:393][556]LogEditorTransaction: Undo Color Grading Main Value
[2025.09.27-09.58.30:792][320]Cmd: TRANSACTION UNDO
[2025.09.27-09.58.30:792][320]LogEditorTransaction: Undo Color Grading Main Value
[2025.09.27-09.58.38:329][217]Cmd: TRANSACTION UNDO
[2025.09.27-09.58.38:329][217]LogEditorTransaction: Undo Color Grading Main Value
[2025.09.27-09.58.40:751][506]Cmd: TRANSACTION UNDO
[2025.09.27-09.58.40:751][506]LogEditorTransaction: Undo Color Grading Main Value
[2025.09.27-09.58.53:579][ 40]LogSlate: FSceneViewport::OnFocusLost() reason 0
[2025.09.27-09.59.07:316][687]Cmd: TRANSACTION UNDO
[2025.09.27-09.59.07:316][687]LogEditorTransaction: Undo Color Grading Main Value
[2025.09.27-09.59.23:972][680]LogSlate: FSceneViewport::OnFocusLost() reason 0
[2025.09.27-09.59.30:825][502]Cmd: TRANSACTION UNDO
[2025.09.27-09.59.30:825][502]LogEditorTransaction: Undo Reset to Default
[2025.09.27-09.59.32:905][749]Cmd: TRANSACTION UNDO
[2025.09.27-09.59.32:905][749]LogEditorTransaction: Undo Reset to Default
[2025.09.27-09.59.41:810][817]Cmd: TRANSACTION REDO
[2025.09.27-09.59.41:810][817]LogEditorTransaction: Redo Reset to Default
[2025.09.27-09.59.42:083][848]Cmd: TRANSACTION REDO
[2025.09.27-09.59.42:084][848]LogEditorTransaction: Redo Reset to Default
[2025.09.27-09.59.58:411][805]Cmd: TRANSACTION UNDO
[2025.09.27-09.59.58:411][805]LogEditorTransaction: Undo Color Grading Main Value
[2025.09.27-10.00.03:794][449]Cmd: TRANSACTION UNDO
[2025.09.27-10.00.03:794][449]LogEditorTransaction: Undo Color Grading Main Value
[2025.09.27-10.00.07:601][904]Cmd: TRANSACTION UNDO
[2025.09.27-10.00.07:601][904]LogEditorTransaction: Undo Color Grading Main Value
[2025.09.27-10.00.11:680][391]Cmd: TRANSACTION UNDO
[2025.09.27-10.00.11:680][391]LogEditorTransaction: Undo Color Grading Main Value
[2025.09.27-10.00.15:761][878]Cmd: TRANSACTION UNDO
[2025.09.27-10.00.15:761][878]LogEditorTransaction: Undo Color Grading Main Value
[2025.09.27-10.00.29:921][573]Cmd: ACTOR HIDE SELECTED
[2025.09.27-10.00.30:871][687]Cmd: TRANSACTION UNDO
[2025.09.27-10.00.30:871][687]LogEditorTransaction: Undo Hide Selected
[2025.09.27-10.00.34:163][ 72]LogEditorViewport: Clicking on Actor (LMB): BP_Sky_Sphere_C (BP_Sky_Sphere)
[2025.09.27-10.00.34:695][133]LogEditorViewport: Clicking on Actor (LMB): PostProcessVolume (PostProcessVolume)
[2025.09.27-10.00.36:758][375]Cmd: ACTOR HIDE SELECTED
[2025.09.27-10.00.37:492][463]Cmd: TRANSACTION UNDO
[2025.09.27-10.00.37:492][463]LogEditorTransaction: Undo Hide Selected
[2025.09.27-10.00.38:605][592]Cmd: DELETE
[2025.09.27-10.00.38:605][592]Cmd: ACTOR DELETE
[2025.09.27-10.00.38:611][592]LogEditorActor: Deleted Actor: PostProcessVolume
[2025.09.27-10.00.38:631][592]LogUObjectHash: Compacting FUObjectHashTables data took   1.13ms
[2025.09.27-10.00.38:631][592]LogEditorActor: Deleted 1 Actors (0.027 secs)
[2025.09.27-10.00.39:632][712]Cmd: TRANSACTION UNDO
[2025.09.27-10.00.39:632][712]LogEditorTransaction: Undo Delete Actors
[2025.09.27-10.00.47:782][681]LogSlate: FSceneViewport::OnFocusLost() reason 0
[2025.09.27-10.00.57:428][838]Cmd: TRANSACTION UNDO
[2025.09.27-10.00.57:428][838]LogEditorTransaction: Undo Custom Reset to Default
[2025.09.27-10.01.01:332][299]LogSlate: FSceneViewport::OnFocusLost() reason 0
[2025.09.27-10.01.02:335][419]Cmd: TRANSACTION UNDO
[2025.09.27-10.01.02:335][419]LogEditorTransaction: Undo Reset to Default
[2025.09.27-10.01.07:771][ 69]Cmd: TRANSACTION UNDO
[2025.09.27-10.01.07:771][ 69]LogEditorTransaction: Undo Reset to Default
[2025.09.27-10.01.09:568][283]Cmd: TRANSACTION UNDO
[2025.09.27-10.01.09:568][283]LogEditorTransaction: Undo Custom Reset to Default
[2025.09.27-10.01.12:604][646]Cmd: TRANSACTION UNDO
[2025.09.27-10.01.12:604][646]LogEditorTransaction: Undo Reset to Default
[2025.09.27-10.01.22:481][829]LogSlate: FSceneViewport::OnFocusLost() reason 0
[2025.09.27-10.01.51:896][327]LogEditorViewport: Clicking on Actor (LMB): PointLight (PointLight11)
[2025.09.27-10.01.58:572][120]LogSlate: FSceneViewport::OnFocusLost() reason 5
[2025.09.27-10.01.58:578][120]Cmd: OBJ SAVEPACKAGE PACKAGE="/Game/Levels/CheeseFactory_001" FILE="E:/GameDev/hggjam/GameJamHGGUnreal4.23.1/GameJamCrew/Content/Levels/CheeseFactory_001.umap" SILENT=true AUTOSAVING=false KEEPDIRTY=false
[2025.09.27-10.01.58:598][120]LogUObjectHash: Compacting FUObjectHashTables data took   0.71ms
[2025.09.27-10.01.58:789][120]LogSavePackage: Moving 'E:/GameDev/hggjam/GameJamHGGUnreal4.23.1/GameJamCrew/Saved/CheeseFactory_00174248E5D4041FA26198DECB3542FD2C3.tmp' to 'E:/GameDev/hggjam/GameJamHGGUnreal4.23.1/GameJamCrew/Content/Levels/CheeseFactory_001.umap'
[2025.09.27-10.01.58:802][120]Cmd: OBJ SAVEPACKAGE PACKAGE="/Game/Levels/CheeseFactory_001_BuiltData" FILE="E:/GameDev/hggjam/GameJamHGGUnreal4.23.1/GameJamCrew/Content/Levels/CheeseFactory_001_BuiltData.uasset" SILENT=true
[2025.09.27-10.01.59:333][120]LogSavePackage: Moving 'E:/GameDev/hggjam/GameJamHGGUnreal4.23.1/GameJamCrew/Saved/CheeseFactory_001_BuiltDataD8ABF2B64EB3621691B4FDA984C2714F.tmp' to 'E:/GameDev/hggjam/GameJamHGGUnreal4.23.1/GameJamCrew/Content/Levels/CheeseFactory_001_BuiltData.uasset'
[2025.09.27-10.02.00:275][227]LogSlate: FSceneViewport::OnFocusLost() reason 2
[2025.09.27-10.02.01:017][316]MapCheck: New page: Map Check
[2025.09.27-10.02.01:028][316]LogSlate: FSceneViewport::OnFocusLost() reason 5
[2025.09.27-10.02.01:032][316]LightingResults: New page: Lighting Build - Sep 27, 2025, 4:02:01 PM
[2025.09.27-10.02.01:036][316]LogSwarmInterface: [OpenConnection] Registering TCP channel ...
[2025.09.27-10.02.01:040][316]LogSwarmInterface: [OpenConnection] Connecting to agent ...
[2025.09.27-10.02.01:040][316]LogSwarmInterface: [TryOpenConnection] Testing the Agent
[2025.09.27-10.02.01:041][316]LogSwarmInterface: [TryOpenConnection] Opening Connection to Agent
[2025.09.27-10.02.01:041][316]LogSwarmInterface: [TryOpenConnection] Local Process ID is 24552
[2025.09.27-10.02.05:615][316]LogStaticLightingSystem: Running Lightmass w/ ImmediateImport mode ENABLED
[2025.09.27-10.02.05:615][316]LogStaticLightingSystem: Running Lightmass w/ ImmediateProcess mode ENABLED
[2025.09.27-10.02.05:615][316]LogStaticLightingSystem: Running Lightmass w/ Sorting mode ENABLED
[2025.09.27-10.02.05:615][316]LogStaticLightingSystem: Running Lightmass w/ Mapping paddings ENABLED
[2025.09.27-10.02.05:615][316]LogStaticLightingSystem: Running Lightmass w/ Mapping debug paddings DISABLED
[2025.09.27-10.02.05:695][316]LogEditorBuildUtils: Build time 0:04
[2025.09.27-10.02.05:740][317]LogUObjectHash: Compacting FUObjectHashTables data took   1.14ms
[2025.09.27-10.02.23:974][ 18]LightingResults: Warning: cylinder Object has overlapping UVs.
[2025.09.27-10.02.23:974][ 18]LightingResults: cylinder Lightmap UV are overlapping by 8.7%. Please adjust content - Enable Error Coloring to visualize.
[2025.09.27-10.03.16:998][918]Job is a success!
[2025.09.27-10.03.17:390][919]LogVolumetricLightmapImport: Imported Volumetric Lightmap in 0.003s
[2025.09.27-10.03.17:390][919]LogVolumetricLightmapImport:      Indirection Texture 16x16x16 = 0.0Mb
[2025.09.27-10.03.17:390][919]LogVolumetricLightmapImport:      BrickData 85x5x5 = 0.1Mb
[2025.09.27-10.03.17:390][919]LogVolumetricLightmapImport:      Bricks at Level
[2025.09.27-10.03.17:390][919]LogVolumetricLightmapImport:          0: 5.9% covering 100.0% of volume
[2025.09.27-10.03.17:390][919]LogVolumetricLightmapImport:          1: 5.9% covering 1.6% of volume
[2025.09.27-10.03.17:390][919]LogVolumetricLightmapImport:          2: 88.2% covering 0.4% of volume
[2025.09.27-10.03.19:270][919]LogTexture: Display: Building textures: HQ_Lightmap1_1 (AutoDXT, 1024X1024)
[2025.09.27-10.03.19:270][919]LogTexture: Display: Building textures: HQ_Lightmap1_2 (AutoDXT, 1024X1024)
[2025.09.27-10.03.19:270][919]LogTexture: Display: Building textures: LQ_Lightmap_1_2 (DXT1, 1024X1024)
[2025.09.27-10.03.19:270][919]LogTexture: Display: Building textures: LQ_Lightmap_1_1 (DXT1, 1024X1024)
[2025.09.27-10.03.19:270][919]LogTexture: Display: Building textures: HQ_Lightmap1_3 (AutoDXT, 1024X1024)
[2025.09.27-10.03.19:270][919]LogTexture: Display: Building textures: LQ_Lightmap_1_3 (DXT1, 1024X1024)
[2025.09.27-10.03.19:270][919]LogTexture: Display: Building textures: HQ_Lightmap1_4 (AutoDXT, 1024X1024)
[2025.09.27-10.03.19:270][919]LogTexture: Display: Building textures: LQ_Lightmap_1_4 (DXT1, 1024X1024)
[2025.09.27-10.03.19:270][919]LogTexture: Display: Building textures: HQ_Lightmap1_5 (AutoDXT, 1024X1024)
[2025.09.27-10.03.19:270][919]LogTexture: Display: Building textures: LQ_Lightmap_1_5 (DXT1, 1024X1024)
[2025.09.27-10.03.19:270][919]LogTexture: Display: Building textures: HQ_Lightmap1_6 (AutoDXT, 1024X1024)
[2025.09.27-10.03.19:270][919]LogTexture: Display: Building textures: LQ_Lightmap_1_6 (DXT1, 1024X1024)
[2025.09.27-10.03.19:270][919]LogTexture: Display: Building textures: HQ_Lightmap1_7 (AutoDXT, 1024X1024)
[2025.09.27-10.03.19:270][919]LogTexture: Display: Building textures: LQ_Lightmap_1_7 (DXT1, 1024X1024)
[2025.09.27-10.03.19:270][919]LogTexture: Display: Building textures: HQ_Lightmap1_8 (AutoDXT, 1024X1024)
[2025.09.27-10.03.19:270][919]LogTexture: Display: Building textures: LQ_Lightmap_1_8 (DXT1, 1024X1024)
[2025.09.27-10.03.19:270][919]LogTexture: Display: Building textures: HQ_Lightmap1_9 (AutoDXT, 1024X1024)
[2025.09.27-10.03.19:270][919]LogTexture: Display: Building textures: LQ_Lightmap_1_9 (DXT1, 1024X1024)
[2025.09.27-10.03.19:270][919]LogTexture: Display: Building textures: HQ_Lightmap1_10 (AutoDXT, 1024X1024)
[2025.09.27-10.03.19:270][919]LogTexture: Display: Building textures: LQ_Lightmap_1_10 (DXT1, 1024X1024)
[2025.09.27-10.03.19:270][919]LogTexture: Display: Building textures: HQ_Lightmap1_11 (AutoDXT, 1024X1024)
[2025.09.27-10.03.19:270][919]LogTexture: Display: Building textures: LQ_Lightmap_1_11 (DXT1, 1024X1024)
[2025.09.27-10.03.19:270][919]LogTexture: Display: Building textures: HQ_Lightmap1_12 (AutoDXT, 1024X1024)
[2025.09.27-10.03.19:270][919]LogTexture: Display: Building textures: LQ_Lightmap_1_12 (DXT1, 1024X1024)
[2025.09.27-10.03.19:270][919]LogTexture: Display: Building textures: HQ_Lightmap1_13 (AutoDXT, 1024X1024)
[2025.09.27-10.03.19:270][919]LogTexture: Display: Building textures: LQ_Lightmap_1_13 (DXT1, 1024X1024)
[2025.09.27-10.03.19:270][919]LogTexture: Display: Building textures: HQ_Lightmap1_14 (AutoDXT, 1024X1024)
[2025.09.27-10.03.19:270][919]LogTexture: Display: Building textures: LQ_Lightmap_1_14 (DXT1, 1024X1024)
[2025.09.27-10.03.19:270][919]LogTexture: Display: Building textures: HQ_Lightmap1_15 (AutoDXT, 1024X1024)
[2025.09.27-10.03.19:270][919]LogTexture: Display: Building textures: LQ_Lightmap_1_15 (DXT1, 1024X1024)
[2025.09.27-10.03.19:270][919]LogTexture: Display: Building textures: HQ_Lightmap1_16 (AutoDXT, 1024X1024)
[2025.09.27-10.03.19:270][919]LogTexture: Display: Building textures: LQ_Lightmap_1_16 (DXT1, 1024X1024)
[2025.09.27-10.03.19:270][919]LogTexture: Display: Building textures: HQ_Lightmap1_17 (AutoDXT, 512X512)
[2025.09.27-10.03.19:270][919]LogTexture: Display: Building textures: LQ_Lightmap_1_17 (DXT1, 512X512)
[2025.09.27-10.03.19:270][919]LogTexture: Display: Building textures: HQ_Lightmap0_18 (AutoDXT, 64X64)
[2025.09.27-10.03.19:270][919]LogTexture: Display: Building textures: LQ_Lightmap_0_18 (DXT1, 64X64)
[2025.09.27-10.03.19:393][919]LogTexture: Display: Building textures: ShadowMapTexture2D_29 (G8, 32X32)
[2025.09.27-10.03.19:393][919]LogTexture: Display: Building textures: ShadowMapTexture2D_27 (G8, 1024X1024)
[2025.09.27-10.03.19:393][919]LogTexture: Display: Building textures: ShadowMapTexture2D_24 (G8, 1024X1024)
[2025.09.27-10.03.19:393][919]LogTexture: Display: Building textures: ShadowMapTexture2D_28 (G8, 1024X1024)
[2025.09.27-10.03.19:393][919]LogTexture: Display: Building textures: ShadowMapTexture2D_26 (G8, 1024X1024)
[2025.09.27-10.03.19:393][919]LogTexture: Display: Building textures: ShadowMapTexture2D_25 (G8, 1024X1024)
[2025.09.27-10.03.19:410][919]Lightmass on CECOMAIN: 1:13 min total, 89 ms importing, 36 ms setup, 3.69 sec photons, 1:09 min processing, 0 ms extra exporting [877/877 mappings]. Threads: 17:23 min total, 12:35 min processing.
[2025.09.27-10.03.19:416][919]LogStaticLightingSystem: CheeseFactory_001_BuiltData storing lightmap data for 877 meshes in 39 LightmapResourceClusters (22.5 Meshes per cluster).
[2025.09.27-10.03.19:440][919]LogUObjectHash: Compacting FUObjectHashTables data took   0.91ms
[2025.09.27-10.03.19:445][919]LogStaticLightingSystem: Illumination: 1:18 min (1.49 sec encoding lightmaps, 119 ms encoding shadowmaps)
[2025.09.27-10.03.19:445][919]LogStaticLightingSystem: Lightmap texture memory:  32.5 MB (32.5 MB streaming, 0.0 MB non-streaming), 36 textures
[2025.09.27-10.03.19:445][919]LogStaticLightingSystem: Shadowmap texture memory: 6.7 MB (6.7 MB streaming, 0.0 MB non-streaming), 6 textures
[2025.09.27-10.03.19:686][919]DumpUnbuiltLightIteractions
[2025.09.27-10.03.19:686][919]Lights with unbuilt interactions: 0
[2025.09.27-10.03.19:686][919]
[2025.09.27-10.03.19:686][919]Primitives with unbuilt interactions: 0
[2025.09.27-10.03.19:925][920]Cmd: MAP CHECK NOTIFYRESULTS
[2025.09.27-10.03.19:925][920]MapCheck: New page: CheeseFactory_001 - Sep 27, 2025, 4:03:19 PM
[2025.09.27-10.03.19:927][920]MapCheck: Warning: Rail_2m_Side_76 Static mesh actor has NULL StaticMesh property 
[2025.09.27-10.03.19:927][920]MapCheck: Warning: Rail_2m_Side2 Static mesh actor has NULL StaticMesh property 
[2025.09.27-10.03.19:927][920]MapCheck: Warning: Rail_2m_Side3 Static mesh actor has NULL StaticMesh property 
[2025.09.27-10.03.19:927][920]MapCheck: Warning: Rail_2m_Side4 Static mesh actor has NULL StaticMesh property 
[2025.09.27-10.03.19:927][920]MapCheck: Warning: Rail_2m_Side5 Static mesh actor has NULL StaticMesh property 
[2025.09.27-10.03.19:927][920]MapCheck: Warning: Rail_2m_Side6 Static mesh actor has NULL StaticMesh property 
[2025.09.27-10.03.19:927][920]MapCheck: Warning: Rail_2m_Side7 Static mesh actor has NULL StaticMesh property 
[2025.09.27-10.03.19:927][920]MapCheck: Warning: Rail_2m_Side8_98 Static mesh actor has NULL StaticMesh property 
[2025.09.27-10.03.19:927][920]MapCheck: Warning: Rail_2m_Side9 Static mesh actor has NULL StaticMesh property 
[2025.09.27-10.03.19:927][920]MapCheck: Warning: Rail_2m_Side10 Static mesh actor has NULL StaticMesh property 
[2025.09.27-10.03.19:927][920]MapCheck: Warning: Rail_2m_Side11 Static mesh actor has NULL StaticMesh property 
[2025.09.27-10.03.19:927][920]MapCheck: Warning: Rail_2m_Side12 Static mesh actor has NULL StaticMesh property 
[2025.09.27-10.03.19:927][920]MapCheck: Warning: Rail_2m_Side13 Static mesh actor has NULL StaticMesh property 
[2025.09.27-10.03.19:927][920]MapCheck: Warning: Rail_2m_Side14 Static mesh actor has NULL StaticMesh property 
[2025.09.27-10.03.19:927][920]MapCheck: Warning: Rail_2m_Side15 Static mesh actor has NULL StaticMesh property 
[2025.09.27-10.03.19:927][920]MapCheck: Warning: Rail_2m_Side17 Static mesh actor has NULL StaticMesh property 
[2025.09.27-10.03.19:927][920]MapCheck: Warning: Rail_2m_Side18 Static mesh actor has NULL StaticMesh property 
[2025.09.27-10.03.19:927][920]MapCheck: Warning: Rail_2m_Side16 Static mesh actor has NULL StaticMesh property 
[2025.09.27-10.03.19:927][920]MapCheck: Warning: Rail_2m_Side19 Static mesh actor has NULL StaticMesh property 
[2025.09.27-10.03.19:927][920]MapCheck: Warning: Rail_2m_Side20 Static mesh actor has NULL StaticMesh property 
[2025.09.27-10.03.19:927][920]MapCheck: Warning: Rail_2m_Side21 Static mesh actor has NULL StaticMesh property 
[2025.09.27-10.03.19:927][920]MapCheck: Warning: Rail_2m_Side22 Static mesh actor has NULL StaticMesh property 
[2025.09.27-10.03.19:927][920]MapCheck: Warning: Rail_2m_Side24_203 Static mesh actor has NULL StaticMesh property 
[2025.09.27-10.03.19:927][920]MapCheck: Warning: Rail_2m_Side25 Static mesh actor has NULL StaticMesh property 
[2025.09.27-10.03.19:928][920]MapCheck: Map check complete: 0 Error(s), 24 Warning(s), took 2.74ms to complete.
[2025.09.27-10.05.14:761][458]LogSlate: FSceneViewport::OnFocusLost() reason 0
[2025.09.27-10.05.14:845][468]LogSlate: Window 'Message Log' being destroyed
[2025.09.27-10.05.14:851][468]LogSlate: Window 'Message Log' being destroyed
[2025.09.27-10.05.47:516][385]LogEditorViewport: Clicking on Actor (LMB): SpotLight (SpotLight17)
[2025.09.27-10.06.17:123][909]LogEditorViewport: Clicking on Actor (LMB): PostProcessVolume (PostProcessVolume)
[2025.09.27-10.06.19:010][131]Cmd: DELETE
[2025.09.27-10.06.19:010][131]Cmd: ACTOR DELETE
[2025.09.27-10.06.19:017][131]LogEditorActor: Deleted Actor: PostProcessVolume
[2025.09.27-10.06.19:037][131]LogUObjectHash: Compacting FUObjectHashTables data took   0.73ms
[2025.09.27-10.06.19:038][131]LogEditorActor: Deleted 1 Actors (0.027 secs)
[2025.09.27-10.06.20:313][284]Cmd: TRANSACTION UNDO
[2025.09.27-10.06.20:313][284]LogEditorTransaction: Undo Delete Actors
[2025.09.27-10.06.27:173][ 96]LogSlate: FSceneViewport::OnFocusLost() reason 5
[2025.09.27-10.06.27:180][ 96]Cmd: OBJ SAVEPACKAGE PACKAGE="/Game/Levels/CheeseFactory_001" FILE="E:/GameDev/hggjam/GameJamHGGUnreal4.23.1/GameJamCrew/Content/Levels/CheeseFactory_001.umap" SILENT=true AUTOSAVING=false KEEPDIRTY=false
[2025.09.27-10.06.27:200][ 96]LogUObjectHash: Compacting FUObjectHashTables data took   0.41ms
[2025.09.27-10.06.27:396][ 96]LogSavePackage: Moving 'E:/GameDev/hggjam/GameJamHGGUnreal4.23.1/GameJamCrew/Saved/CheeseFactory_001BB1165454536AF5A30D59A930EC69558.tmp' to 'E:/GameDev/hggjam/GameJamHGGUnreal4.23.1/GameJamCrew/Content/Levels/CheeseFactory_001.umap'
[2025.09.27-10.06.27:407][ 96]Cmd: OBJ SAVEPACKAGE PACKAGE="/Game/Levels/CheeseFactory_001_BuiltData" FILE="E:/GameDev/hggjam/GameJamHGGUnreal4.23.1/GameJamCrew/Content/Levels/CheeseFactory_001_BuiltData.uasset" SILENT=true
[2025.09.27-10.06.27:912][ 96]LogSavePackage: Moving 'E:/GameDev/hggjam/GameJamHGGUnreal4.23.1/GameJamCrew/Saved/CheeseFactory_001_BuiltDataDBC7F51E4CF9C49DB12F1B8164FF96F0.tmp' to 'E:/GameDev/hggjam/GameJamHGGUnreal4.23.1/GameJamCrew/Content/Levels/CheeseFactory_001_BuiltData.uasset'
[2025.09.27-10.06.31:251][494]LogEditorViewport: Clicking on Actor (LMB): BP_Sky_Sphere_C (BP_Sky_Sphere)
[2025.09.27-10.06.40:626][610]LogEditorViewport: Clicking on Actor (LMB): StaticMeshActor (box4)
[2025.09.27-10.06.44:945][119]LogSlate: FSceneViewport::OnFocusLost() reason 5
[2025.09.27-10.06.44:951][119]Cmd: OBJ SAVEPACKAGE PACKAGE="/Game/Levels/CheeseFactory_001" FILE="E:/GameDev/hggjam/GameJamHGGUnreal4.23.1/GameJamCrew/Content/Levels/CheeseFactory_001.umap" SILENT=true AUTOSAVING=false KEEPDIRTY=false
[2025.09.27-10.06.44:972][119]LogUObjectHash: Compacting FUObjectHashTables data took   0.97ms
[2025.09.27-10.06.45:161][119]LogSavePackage: Moving 'E:/GameDev/hggjam/GameJamHGGUnreal4.23.1/GameJamCrew/Saved/CheeseFactory_001CB3E4ABB44BAA36C8848178FEF853A44.tmp' to 'E:/GameDev/hggjam/GameJamHGGUnreal4.23.1/GameJamCrew/Content/Levels/CheeseFactory_001.umap'
[2025.09.27-10.06.45:172][119]Cmd: OBJ SAVEPACKAGE PACKAGE="/Game/Levels/CheeseFactory_001_BuiltData" FILE="E:/GameDev/hggjam/GameJamHGGUnreal4.23.1/GameJamCrew/Content/Levels/CheeseFactory_001_BuiltData.uasset" SILENT=true
[2025.09.27-10.06.45:676][119]LogSavePackage: Moving 'E:/GameDev/hggjam/GameJamHGGUnreal4.23.1/GameJamCrew/Saved/CheeseFactory_001_BuiltData5D6209D044C678AD767632BF4DC839B7.tmp' to 'E:/GameDev/hggjam/GameJamHGGUnreal4.23.1/GameJamCrew/Content/Levels/CheeseFactory_001_BuiltData.uasset'
[2025.09.27-10.06.58:065][591]LogEditorViewport: Clicking on Actor (LMB): StaticMeshActor (vent01_80x61)
[2025.09.27-10.07.02:865][155]LogSlate: FSceneViewport::OnFocusLost() reason 0
[2025.09.27-10.07.04:921][401]LogEditorViewport: Clicking on Actor (LMB): StaticMeshActor (wall01_2x8)
[2025.09.27-10.07.06:289][556]LogEditorViewport: Clicking on Actor (LMB): StaticMeshActor (wall01_2x25)
[2025.09.27-10.07.06:674][598]LogSlate: FSceneViewport::OnFocusLost() reason 5
[2025.09.27-10.07.06:679][598]Cmd: OBJ SAVEPACKAGE PACKAGE="/Game/Levels/CheeseFactory_001" FILE="E:/GameDev/hggjam/GameJamHGGUnreal4.23.1/GameJamCrew/Content/Levels/CheeseFactory_001.umap" SILENT=true AUTOSAVING=false KEEPDIRTY=false
[2025.09.27-10.07.06:700][598]LogUObjectHash: Compacting FUObjectHashTables data took   1.29ms
[2025.09.27-10.07.06:892][598]LogSavePackage: Moving 'E:/GameDev/hggjam/GameJamHGGUnreal4.23.1/GameJamCrew/Saved/CheeseFactory_0013162BB2440DD1C08FD428694C4697D63.tmp' to 'E:/GameDev/hggjam/GameJamHGGUnreal4.23.1/GameJamCrew/Content/Levels/CheeseFactory_001.umap'
[2025.09.27-10.07.06:903][598]Cmd: OBJ SAVEPACKAGE PACKAGE="/Game/Levels/CheeseFactory_001_BuiltData" FILE="E:/GameDev/hggjam/GameJamHGGUnreal4.23.1/GameJamCrew/Content/Levels/CheeseFactory_001_BuiltData.uasset" SILENT=true
[2025.09.27-10.07.07:434][598]LogSavePackage: Moving 'E:/GameDev/hggjam/GameJamHGGUnreal4.23.1/GameJamCrew/Saved/CheeseFactory_001_BuiltDataD5A14B2F454B7A0427DC0EB7FA2B46A4.tmp' to 'E:/GameDev/hggjam/GameJamHGGUnreal4.23.1/GameJamCrew/Content/Levels/CheeseFactory_001_BuiltData.uasset'
[2025.09.27-10.07.36:612][927]LogSlate: FSceneViewport::OnFocusLost() reason 0
[2025.09.27-10.07.48:406][331]LogEditorFactories: Performing atomic reimport of [E:/GameDev/hggjam/KlixXsrc/materials/wood/wood_trimsheet02/wood_trimsheet02_color.tga]
[2025.09.27-10.07.48:407][331]LogFactory: FactoryCreateFile: Texture2D with ReimportTextureFactory (0 0 E:/GameDev/hggjam/KlixXsrc/materials/wood/wood_trimsheet02/wood_trimsheet02_color.tga)
[2025.09.27-10.07.48:409][331]LogTexture: Display: Building textures: wood_trimsheet02_color (AutoDXT, 512X256)
[2025.09.27-10.07.48:431][331]LogEditorFactories: -- imported successfully
[2025.09.27-10.07.54:452][ 45]LogSlate: FSceneViewport::OnFocusLost() reason 0
[2025.09.27-10.07.55:856][208]LogEditorFactories: Performing atomic reimport of [E:/GameDev/hggjam/KlixXsrc/materials/wood/wood_trimsheet02/wood_trimsheet02_mixed.tga]
[2025.09.27-10.07.55:856][208]LogFactory: FactoryCreateFile: Texture2D with ReimportTextureFactory (0 0 E:/GameDev/hggjam/KlixXsrc/materials/wood/wood_trimsheet02/wood_trimsheet02_mixed.tga)
[2025.09.27-10.07.55:857][208]LogTexture: Display: Building textures: wood_trimsheet02_mixed (AutoDXT, 256X128)
[2025.09.27-10.07.55:874][208]LogEditorFactories: -- imported successfully
[2025.09.27-10.08.03:281][ 88]LogSlate: FSceneViewport::OnFocusLost() reason 2
[2025.09.27-10.08.04:039][179]MapCheck: New page: Map Check
[2025.09.27-10.08.04:050][179]LogSlate: FSceneViewport::OnFocusLost() reason 5
[2025.09.27-10.08.04:054][179]LightingResults: New page: Lighting Build - Sep 27, 2025, 4:08:04 PM
[2025.09.27-10.08.04:059][179]LogSwarmInterface: [OpenConnection] Registering TCP channel ...
[2025.09.27-10.08.04:063][179]LogSwarmInterface: [OpenConnection] Connecting to agent ...
[2025.09.27-10.08.04:063][179]LogSwarmInterface: [TryOpenConnection] Testing the Agent
[2025.09.27-10.08.04:064][179]LogSwarmInterface: [TryOpenConnection] Opening Connection to Agent
[2025.09.27-10.08.04:064][179]LogSwarmInterface: [TryOpenConnection] Local Process ID is 24552
[2025.09.27-10.08.08:646][179]LogStaticLightingSystem: Running Lightmass w/ ImmediateImport mode ENABLED
[2025.09.27-10.08.08:646][179]LogStaticLightingSystem: Running Lightmass w/ ImmediateProcess mode ENABLED
[2025.09.27-10.08.08:646][179]LogStaticLightingSystem: Running Lightmass w/ Sorting mode ENABLED
[2025.09.27-10.08.08:646][179]LogStaticLightingSystem: Running Lightmass w/ Mapping paddings ENABLED
[2025.09.27-10.08.08:646][179]LogStaticLightingSystem: Running Lightmass w/ Mapping debug paddings DISABLED
[2025.09.27-10.08.08:726][179]LogEditorBuildUtils: Build time 0:04
[2025.09.27-10.08.08:809][181]LogUObjectHash: Compacting FUObjectHashTables data took   1.14ms
[2025.09.27-10.08.26:240][419]LightingResults: Warning: cylinder Object has overlapping UVs.
[2025.09.27-10.08.26:240][419]LightingResults: cylinder Lightmap UV are overlapping by 8.7%. Please adjust content - Enable Error Coloring to visualize.
[2025.09.27-10.09.18:882][576]Job is a success!
[2025.09.27-10.09.19:271][577]LogVolumetricLightmapImport: Imported Volumetric Lightmap in 0.003s
[2025.09.27-10.09.19:271][577]LogVolumetricLightmapImport:      Indirection Texture 16x16x16 = 0.0Mb
[2025.09.27-10.09.19:271][577]LogVolumetricLightmapImport:      BrickData 85x5x5 = 0.1Mb
[2025.09.27-10.09.19:271][577]LogVolumetricLightmapImport:      Bricks at Level
[2025.09.27-10.09.19:271][577]LogVolumetricLightmapImport:          0: 5.9% covering 100.0% of volume
[2025.09.27-10.09.19:271][577]LogVolumetricLightmapImport:          1: 5.9% covering 1.6% of volume
[2025.09.27-10.09.19:271][577]LogVolumetricLightmapImport:          2: 88.2% covering 0.4% of volume
[2025.09.27-10.09.21:172][577]LogTexture: Display: Building textures: HQ_Lightmap0_1 (AutoDXT, 1024X1024)
[2025.09.27-10.09.21:172][577]LogTexture: Display: Building textures: LQ_Lightmap_0_1 (DXT1, 1024X1024)
[2025.09.27-10.09.21:172][577]LogTexture: Display: Building textures: HQ_Lightmap0_2 (AutoDXT, 1024X1024)
[2025.09.27-10.09.21:172][577]LogTexture: Display: Building textures: LQ_Lightmap_0_2 (DXT1, 1024X1024)
[2025.09.27-10.09.21:172][577]LogTexture: Display: Building textures: HQ_Lightmap0_3 (AutoDXT, 1024X1024)
[2025.09.27-10.09.21:172][577]LogTexture: Display: Building textures: LQ_Lightmap_0_3 (DXT1, 1024X1024)
[2025.09.27-10.09.21:172][577]LogTexture: Display: Building textures: HQ_Lightmap0_4 (AutoDXT, 1024X1024)
[2025.09.27-10.09.21:172][577]LogTexture: Display: Building textures: LQ_Lightmap_0_4 (DXT1, 1024X1024)
[2025.09.27-10.09.21:172][577]LogTexture: Display: Building textures: HQ_Lightmap0_5 (AutoDXT, 1024X1024)
[2025.09.27-10.09.21:172][577]LogTexture: Display: Building textures: LQ_Lightmap_0_5 (DXT1, 1024X1024)
[2025.09.27-10.09.21:172][577]LogTexture: Display: Building textures: HQ_Lightmap0_6 (AutoDXT, 1024X1024)
[2025.09.27-10.09.21:172][577]LogTexture: Display: Building textures: LQ_Lightmap_0_6 (DXT1, 1024X1024)
[2025.09.27-10.09.21:172][577]LogTexture: Display: Building textures: HQ_Lightmap0_7 (AutoDXT, 1024X1024)
[2025.09.27-10.09.21:172][577]LogTexture: Display: Building textures: LQ_Lightmap_0_7 (DXT1, 1024X1024)
[2025.09.27-10.09.21:172][577]LogTexture: Display: Building textures: HQ_Lightmap0_8 (AutoDXT, 1024X1024)
[2025.09.27-10.09.21:172][577]LogTexture: Display: Building textures: LQ_Lightmap_0_8 (DXT1, 1024X1024)
[2025.09.27-10.09.21:172][577]LogTexture: Display: Building textures: HQ_Lightmap0_9 (AutoDXT, 1024X1024)
[2025.09.27-10.09.21:172][577]LogTexture: Display: Building textures: LQ_Lightmap_0_9 (DXT1, 1024X1024)
[2025.09.27-10.09.21:172][577]LogTexture: Display: Building textures: HQ_Lightmap0_10 (AutoDXT, 1024X1024)
[2025.09.27-10.09.21:172][577]LogTexture: Display: Building textures: LQ_Lightmap_0_10 (DXT1, 1024X1024)
[2025.09.27-10.09.21:172][577]LogTexture: Display: Building textures: HQ_Lightmap0_11 (AutoDXT, 1024X1024)
[2025.09.27-10.09.21:172][577]LogTexture: Display: Building textures: LQ_Lightmap_0_11 (DXT1, 1024X1024)
[2025.09.27-10.09.21:172][577]LogTexture: Display: Building textures: HQ_Lightmap0_12 (AutoDXT, 1024X1024)
[2025.09.27-10.09.21:172][577]LogTexture: Display: Building textures: LQ_Lightmap_0_12 (DXT1, 1024X1024)
[2025.09.27-10.09.21:172][577]LogTexture: Display: Building textures: HQ_Lightmap0_13 (AutoDXT, 1024X1024)
[2025.09.27-10.09.21:172][577]LogTexture: Display: Building textures: LQ_Lightmap_0_13 (DXT1, 1024X1024)
[2025.09.27-10.09.21:172][577]LogTexture: Display: Building textures: HQ_Lightmap0_14 (AutoDXT, 1024X1024)
[2025.09.27-10.09.21:172][577]LogTexture: Display: Building textures: LQ_Lightmap_0_14 (DXT1, 1024X1024)
[2025.09.27-10.09.21:172][577]LogTexture: Display: Building textures: HQ_Lightmap0_15 (AutoDXT, 1024X1024)
[2025.09.27-10.09.21:172][577]LogTexture: Display: Building textures: LQ_Lightmap_0_15 (DXT1, 1024X1024)
[2025.09.27-10.09.21:172][577]LogTexture: Display: Building textures: HQ_Lightmap0_16 (AutoDXT, 1024X1024)
[2025.09.27-10.09.21:172][577]LogTexture: Display: Building textures: LQ_Lightmap_0_16 (DXT1, 1024X1024)
[2025.09.27-10.09.21:172][577]LogTexture: Display: Building textures: HQ_Lightmap0_17 (AutoDXT, 512X512)
[2025.09.27-10.09.21:172][577]LogTexture: Display: Building textures: LQ_Lightmap_0_17 (DXT1, 512X512)
[2025.09.27-10.09.21:172][577]LogTexture: Display: Building textures: HQ_Lightmap1_18 (AutoDXT, 64X64)
[2025.09.27-10.09.21:172][577]LogTexture: Display: Building textures: LQ_Lightmap_1_18 (DXT1, 64X64)
[2025.09.27-10.09.21:301][577]LogTexture: Display: Building textures: ShadowMapTexture2D_35 (G8, 32X32)
[2025.09.27-10.09.21:301][577]LogTexture: Display: Building textures: ShadowMapTexture2D_33 (G8, 1024X1024)
[2025.09.27-10.09.21:301][577]LogTexture: Display: Building textures: ShadowMapTexture2D_32 (G8, 1024X1024)
[2025.09.27-10.09.21:302][577]LogTexture: Display: Building textures: ShadowMapTexture2D_31 (G8, 1024X1024)
[2025.09.27-10.09.21:302][577]LogTexture: Display: Building textures: ShadowMapTexture2D_30 (G8, 1024X1024)
[2025.09.27-10.09.21:302][577]LogTexture: Display: Building textures: ShadowMapTexture2D_34 (G8, 1024X1024)
[2025.09.27-10.09.21:313][577]Lightmass on CECOMAIN: 1:12 min total, 89 ms importing, 37 ms setup, 3.77 sec photons, 1:08 min processing, 0 ms extra exporting [877/877 mappings]. Threads: 17:05 min total, 12:24 min processing.
[2025.09.27-10.09.21:319][577]LogStaticLightingSystem: CheeseFactory_001_BuiltData storing lightmap data for 877 meshes in 39 LightmapResourceClusters (22.5 Meshes per cluster).
[2025.09.27-10.09.21:345][577]LogUObjectHash: Compacting FUObjectHashTables data took   0.96ms
[2025.09.27-10.09.21:349][577]LogStaticLightingSystem: Illumination: 1:16 min (1.51 sec encoding lightmaps, 126 ms encoding shadowmaps)
[2025.09.27-10.09.21:349][577]LogStaticLightingSystem: Lightmap texture memory:  32.5 MB (32.5 MB streaming, 0.0 MB non-streaming), 36 textures
[2025.09.27-10.09.21:349][577]LogStaticLightingSystem: Shadowmap texture memory: 6.7 MB (6.7 MB streaming, 0.0 MB non-streaming), 6 textures
[2025.09.27-10.09.21:712][577]DumpUnbuiltLightIteractions
[2025.09.27-10.09.21:712][577]Lights with unbuilt interactions: 0
[2025.09.27-10.09.21:712][577]
[2025.09.27-10.09.21:712][577]Primitives with unbuilt interactions: 0
[2025.09.27-10.09.21:941][578]Cmd: MAP CHECK NOTIFYRESULTS
[2025.09.27-10.09.21:942][578]MapCheck: New page: CheeseFactory_001 - Sep 27, 2025, 4:09:21 PM
[2025.09.27-10.09.21:944][578]MapCheck: Warning: Rail_2m_Side_76 Static mesh actor has NULL StaticMesh property 
[2025.09.27-10.09.21:944][578]MapCheck: Warning: Rail_2m_Side2 Static mesh actor has NULL StaticMesh property 
[2025.09.27-10.09.21:944][578]MapCheck: Warning: Rail_2m_Side3 Static mesh actor has NULL StaticMesh property 
[2025.09.27-10.09.21:944][578]MapCheck: Warning: Rail_2m_Side4 Static mesh actor has NULL StaticMesh property 
[2025.09.27-10.09.21:944][578]MapCheck: Warning: Rail_2m_Side5 Static mesh actor has NULL StaticMesh property 
[2025.09.27-10.09.21:944][578]MapCheck: Warning: Rail_2m_Side6 Static mesh actor has NULL StaticMesh property 
[2025.09.27-10.09.21:944][578]MapCheck: Warning: Rail_2m_Side7 Static mesh actor has NULL StaticMesh property 
[2025.09.27-10.09.21:944][578]MapCheck: Warning: Rail_2m_Side8_98 Static mesh actor has NULL StaticMesh property 
[2025.09.27-10.09.21:944][578]MapCheck: Warning: Rail_2m_Side9 Static mesh actor has NULL StaticMesh property 
[2025.09.27-10.09.21:944][578]MapCheck: Warning: Rail_2m_Side10 Static mesh actor has NULL StaticMesh property 
[2025.09.27-10.09.21:944][578]MapCheck: Warning: Rail_2m_Side11 Static mesh actor has NULL StaticMesh property 
[2025.09.27-10.09.21:944][578]MapCheck: Warning: Rail_2m_Side12 Static mesh actor has NULL StaticMesh property 
[2025.09.27-10.09.21:944][578]MapCheck: Warning: Rail_2m_Side13 Static mesh actor has NULL StaticMesh property 
[2025.09.27-10.09.21:944][578]MapCheck: Warning: Rail_2m_Side14 Static mesh actor has NULL StaticMesh property 
[2025.09.27-10.09.21:944][578]MapCheck: Warning: Rail_2m_Side15 Static mesh actor has NULL StaticMesh property 
[2025.09.27-10.09.21:944][578]MapCheck: Warning: Rail_2m_Side17 Static mesh actor has NULL StaticMesh property 
[2025.09.27-10.09.21:944][578]MapCheck: Warning: Rail_2m_Side18 Static mesh actor has NULL StaticMesh property 
[2025.09.27-10.09.21:944][578]MapCheck: Warning: Rail_2m_Side16 Static mesh actor has NULL StaticMesh property 
[2025.09.27-10.09.21:944][578]MapCheck: Warning: Rail_2m_Side19 Static mesh actor has NULL StaticMesh property 
[2025.09.27-10.09.21:944][578]MapCheck: Warning: Rail_2m_Side20 Static mesh actor has NULL StaticMesh property 
[2025.09.27-10.09.21:944][578]MapCheck: Warning: Rail_2m_Side21 Static mesh actor has NULL StaticMesh property 
[2025.09.27-10.09.21:944][578]MapCheck: Warning: Rail_2m_Side22 Static mesh actor has NULL StaticMesh property 
[2025.09.27-10.09.21:944][578]MapCheck: Warning: Rail_2m_Side24_203 Static mesh actor has NULL StaticMesh property 
[2025.09.27-10.09.21:944][578]MapCheck: Warning: Rail_2m_Side25 Static mesh actor has NULL StaticMesh property 
[2025.09.27-10.09.21:945][578]MapCheck: Map check complete: 0 Error(s), 24 Warning(s), took 2.89ms to complete.
[2025.09.27-10.10.06:540][904]LogSlate: FSceneViewport::OnFocusLost() reason 0
[2025.09.27-10.10.06:615][913]LogSlate: Window 'Message Log' being destroyed
[2025.09.27-10.10.06:620][913]LogSlate: Window 'Message Log' being destroyed
[2025.09.27-10.10.25:495][177]LogEditorViewport: Clicking on Actor (LMB): SpotLight (SpotLight3)
[2025.09.27-10.10.29:194][617]LogEditorViewport: Clicking on Actor (LMB): StaticMeshActor (lamp2)
[2025.09.27-10.10.33:601][142]LogEditorViewport: Clicking on Actor (LMB): StaticMeshActor (floor01_2x182)
[2025.09.27-10.10.38:897][773]LogEditorViewport: Clicking on Actor (LMB): StaticMeshActor (floor01_2x12)
[2025.09.27-10.10.42:727][227]LogSlate: FSceneViewport::OnFocusLost() reason 5
[2025.09.27-10.10.42:733][227]Cmd: OBJ SAVEPACKAGE PACKAGE="/Game/Levels/CheeseFactory_001" FILE="E:/GameDev/hggjam/GameJamHGGUnreal4.23.1/GameJamCrew/Content/Levels/CheeseFactory_001.umap" SILENT=true AUTOSAVING=false KEEPDIRTY=false
[2025.09.27-10.10.42:753][227]LogUObjectHash: Compacting FUObjectHashTables data took   0.75ms
[2025.09.27-10.10.42:951][227]LogSavePackage: Moving 'E:/GameDev/hggjam/GameJamHGGUnreal4.23.1/GameJamCrew/Saved/CheeseFactory_00195058BAE4A4FD9DF14B1EEBC4ADBC84A.tmp' to 'E:/GameDev/hggjam/GameJamHGGUnreal4.23.1/GameJamCrew/Content/Levels/CheeseFactory_001.umap'
[2025.09.27-10.10.42:963][227]Cmd: OBJ SAVEPACKAGE PACKAGE="/Game/Levels/CheeseFactory_001_BuiltData" FILE="E:/GameDev/hggjam/GameJamHGGUnreal4.23.1/GameJamCrew/Content/Levels/CheeseFactory_001_BuiltData.uasset" SILENT=true
[2025.09.27-10.10.43:467][227]LogSavePackage: Moving 'E:/GameDev/hggjam/GameJamHGGUnreal4.23.1/GameJamCrew/Saved/CheeseFactory_001_BuiltDataA640F634427F462F5728CCB9BB06B08C.tmp' to 'E:/GameDev/hggjam/GameJamHGGUnreal4.23.1/GameJamCrew/Content/Levels/CheeseFactory_001_BuiltData.uasset'
[2025.09.27-10.10.46:599][600]LogEditorViewport: Clicking on Actor (LMB): LightmassImportanceVolume (LightmassImportanceVolume)
[2025.09.27-10.10.48:085][776]LogEditorViewport: Clicking on Actor (LMB): BP_Sky_Sphere_C (BP_Sky_Sphere)
[2025.09.27-10.10.50:894][110]LogSlate: FSceneViewport::OnFocusLost() reason 0
[2025.09.27-10.10.50:968][119]LogEditorViewport: Clicking Background
[2025.09.27-10.10.52:853][343]LogSlate: FSceneViewport::OnFocusLost() reason 5
[2025.09.27-10.10.55:418][648]LogUObjectHash: Compacting FUObjectHashTables data took   0.93ms
[2025.09.27-10.10.55:426][648]LogSlate: FSceneViewport::OnFocusLost() reason 5
[2025.09.27-10.10.55:447][648]LogSavePackage: Moving 'E:/GameDev/hggjam/GameJamHGGUnreal4.23.1/GameJamCrew/Saved/wood_trimsheet02_color7C0963A14905D7E0B2ECC88B3B8A54BD.tmp' to 'E:/GameDev/hggjam/GameJamHGGUnreal4.23.1/GameJamCrew/Content/LevelAssets/Materials/wood/wood_trimsheet02/wood_trimsheet02_color.uasset'
[2025.09.27-10.10.55:455][648]LogSavePackage: Moving 'E:/GameDev/hggjam/GameJamHGGUnreal4.23.1/GameJamCrew/Saved/wood_trimsheet02_mixedBE959E5844A433B12C756A9D41A50CEE.tmp' to 'E:/GameDev/hggjam/GameJamHGGUnreal4.23.1/GameJamCrew/Content/LevelAssets/Materials/wood/wood_trimsheet02/wood_trimsheet02_mixed.uasset'
[2025.09.27-10.10.55:469][648]LogSavePackage: Moving 'E:/GameDev/hggjam/GameJamHGGUnreal4.23.1/GameJamCrew/Saved/shelved_cheese_singlerowE4AB0D9A4C2DC1039A81139C2798012A.tmp' to 'E:/GameDev/hggjam/GameJamHGGUnreal4.23.1/GameJamCrew/Content/LevelAssets/Models/modular/Cheese_shelves/shelved_cheese_singlerow.uasset'
[2025.09.27-10.10.55:484][648]LogSavePackage: Moving 'E:/GameDev/hggjam/GameJamHGGUnreal4.23.1/GameJamCrew/Saved/cheese_mixed907BA2724110259CA7365C900900B71C.tmp' to 'E:/GameDev/hggjam/GameJamHGGUnreal4.23.1/GameJamCrew/Content/LevelAssets/Materials/cheese/cheese_mixed.uasset'
[2025.09.27-10.10.55:506][648]LogSavePackage: Moving 'E:/GameDev/hggjam/GameJamHGGUnreal4.23.1/GameJamCrew/Saved/cheese_color334EC6A741EE36131DAD71BFB7605389.tmp' to 'E:/GameDev/hggjam/GameJamHGGUnreal4.23.1/GameJamCrew/Content/LevelAssets/Materials/cheese/cheese_color.uasset'
[2025.09.27-10.10.55:508][648]Cmd: OBJ SAVEPACKAGE PACKAGE="/Game/LevelAssets/Materials/cheese/M_cheese" FILE="E:/GameDev/hggjam/GameJamHGGUnreal4.23.1/GameJamCrew/Content/LevelAssets/Materials/cheese/M_cheese.uasset" SILENT=true
[2025.09.27-10.10.55:509][648]LogSavePackage: Moving 'E:/GameDev/hggjam/GameJamHGGUnreal4.23.1/GameJamCrew/Saved/M_cheeseEFB4EA884BBD6EE6B4F0D9A867F85123.tmp' to 'E:/GameDev/hggjam/GameJamHGGUnreal4.23.1/GameJamCrew/Content/LevelAssets/Materials/cheese/M_cheese.uasset'
[2025.09.27-11.02.03:324][522]LogInit: XAudio2 using 'Speakers (PRO)' : 2 channels at 48 kHz using 16 bits per sample (channel mask 0x3)
[2025.09.27-11.46.19:704][440]LogHttp: Warning: 00000225A352B100: invalid HTTP response code received. URL: https://datarouter.ol.epicgames.com/datarouter/api/v1/public/data?SessionID=%7B6FBA9A0C-419C-2FCB-395C-FF8A534C0B71%7D&AppID=UEEditor.Rocket.Release&AppVersion=4.23.1-9631420%2B%2B%2BUE4%2BRelease-4.23&UserID=fcf63f4f4aa3b52c2cf4428b646ed4b7%7C817ac0c8b8ec4586b1a7d191863bddae%7C716e1537-9eef-4754-8647-18858cea8326&AppEnvironment=datacollector-binary&UploadType=eteventstream, HTTP code: 0, content length: -1, actual payload size: 0
[2025.09.27-11.46.19:704][440]LogHttp: Warning: 00000225A352B100: request failed, libcurl error: 0 (No error)
[2025.09.27-11.46.19:704][440]LogHttp: Warning: 00000225A352B100: libcurl info message cache 0 (Found bundle for host datarouter.ol.epicgames.com: 0x22511313f70 [can pipeline])
[2025.09.27-11.46.19:704][440]LogHttp: Warning: 00000225A352B100: libcurl info message cache 1 (Re-using existing connection! (#45) with host datarouter.ol.epicgames.com)
[2025.09.27-11.46.19:704][440]LogHttp: Warning: 00000225A352B100: libcurl info message cache 2 (Connected to datarouter.ol.epicgames.com (3.223.130.165) port 443 (#45))
[2025.09.27-11.46.19:704][440]LogHttp: Warning: 00000225A352B100: libcurl info message cache 3 (TLSv1.3 (OUT), TLS Unknown, Unknown (23):)
[2025.09.27-11.46.19:704][440]LogHttp: Warning: 00000225A352B100: libcurl info message cache 4 (TLSv1.3 (OUT), TLS Unknown, Unknown (23):)
[2025.09.27-11.46.19:704][440]LogHttp: Warning: 00000225A352B100: libcurl info message cache 5 (We are completely uploaded and fine)
[2025.09.27-11.46.19:704][440]LogHttp: Warning: 00000225A352B100: libcurl info message cache 6 (TLSv1.3 (IN), TLS Unknown, Unknown (21):)
[2025.09.27-11.46.19:704][440]LogHttp: Warning: 00000225A352B100: libcurl info message cache 7 (TLSv1.3 (IN), TLS alert, Client hello (1):)
[2025.09.27-11.46.19:704][440]LogHttp: Warning: 00000225A352B100: libcurl info message cache 8 (Connection died, retrying a fresh connect)
[2025.09.27-11.46.19:704][440]LogHttp: Warning: 00000225A352B100: libcurl info message cache 9 (necessary data rewind wasn't possible)
[2025.09.27-11.46.19:704][440]LogHttp: Warning: 00000225A352B100: libcurl info message cache 10 (Closing connection 45)
[2025.09.27-11.46.19:704][440]LogHttp: Warning: 00000225A352B100: libcurl info message cache 11 (TLSv1.3 (OUT), TLS Unknown, Unknown (21):)
[2025.09.27-11.46.19:704][440]LogHttp: Warning: 00000225A352B100: libcurl info message cache 12 (TLSv1.3 (OUT), TLS alert, Client hello (1):)
[2025.09.27-11.46.19:704][440]LogHttp: Warning: Retry exhausted on https://datarouter.ol.epicgames.com/datarouter/api/v1/public/data?SessionID=%7B6FBA9A0C-419C-2FCB-395C-FF8A534C0B71%7D&AppID=UEEditor.Rocket.Release&AppVersion=4.23.1-9631420%2B%2B%2BUE4%2BRelease-4.23&UserID=fcf63f4f4aa3b52c2cf4428b646ed4b7%7C817ac0c8b8ec4586b1a7d191863bddae%7C716e1537-9eef-4754-8647-18858cea8326&AppEnvironment=datacollector-binary&UploadType=eteventstream
[2025.09.27-11.51.42:851][540]LogSlate: FSceneViewport::OnFocusLost() reason 0
[2025.09.27-11.51.57:813][584]LogFactory: FactoryCreateFile: Texture with ReimportTextureFactory (0 0 E:\GameDev\hggjam\KlixXsrc\materials\asphalt\asphalt_normal.tga)
[2025.09.27-11.51.57:821][584]LogTexture: Display: Building textures: asphalt_normal (BC5, 512X512)
[2025.09.27-11.51.57:834][584]LogFactory: FactoryCreateFile: Texture with ReimportTextureFactory (0 0 E:\GameDev\hggjam\KlixXsrc\materials\asphalt\asphalt_color.tga)
[2025.09.27-11.51.57:836][584]LogTexture: Display: Building textures: asphalt_color (AutoDXT, 512X512)
[2025.09.27-11.51.57:889][584]LogFactory: FactoryCreateFile: Texture with ReimportTextureFactory (0 0 E:\GameDev\hggjam\KlixXsrc\materials\asphalt\asphalt_mixed.tga)
[2025.09.27-11.51.57:901][584]LogTexture: Display: Building textures: asphalt_mixed (AutoDXT, 2048X2048)
[2025.09.27-11.52.04:098][200]LogAssetEditorManager: Opening Asset editor for Material /Game/LevelAssets/Materials/asphalt/M_asphalt.M_asphalt
[2025.09.27-11.52.04:099][200]LogMaterial: Display: Missing cached shader map for material M_asphalt, compiling. 
[2025.09.27-11.52.04:136][200]LogMaterial: Display: Missing cached shader map for material M_asphalt, compiling. 
[2025.09.27-11.52.04:143][200]LogMaterial: Display: Missing cached shader map for material M_asphalt, compiling. 
[2025.09.27-11.52.04:157][200]LogShaderCompilers: Display: Worker (1/13): shaders left to compile 21
[2025.09.27-11.52.04:157][200]LogShaderCompilers: Display: Worker (2/13): shaders left to compile 20
[2025.09.27-11.52.04:157][200]LogShaderCompilers: Display: Worker (3/13): shaders left to compile 19
[2025.09.27-11.52.04:157][200]LogShaderCompilers: Display: Worker (4/13): shaders left to compile 18
[2025.09.27-11.52.04:157][200]LogShaderCompilers: Display: Worker (5/13): shaders left to compile 17
[2025.09.27-11.52.04:157][200]LogShaderCompilers: Display: Worker (6/13): shaders left to compile 16
[2025.09.27-11.52.04:157][200]LogShaderCompilers: Display: Worker (7/13): shaders left to compile 15
[2025.09.27-11.52.04:157][200]LogShaderCompilers: Display: Worker (8/13): shaders left to compile 14
[2025.09.27-11.52.04:157][200]LogShaderCompilers: Display: Worker (9/13): shaders left to compile 13
[2025.09.27-11.52.04:157][200]LogShaderCompilers: Display: Worker (10/13): shaders left to compile 12
[2025.09.27-11.52.04:157][200]LogShaderCompilers: Display: Worker (11/13): shaders left to compile 11
[2025.09.27-11.52.04:157][200]LogShaderCompilers: Display: Worker (12/13): shaders left to compile 10
[2025.09.27-11.52.04:421][217]LogShaderCompilers: Display: Worker (3/13): shaders left to compile 9
[2025.09.27-11.52.04:445][219]LogShaderCompilers: Display: Worker (8/13): shaders left to compile 8
[2025.09.27-11.52.04:445][219]LogShaderCompilers: Display: Worker (5/13): shaders left to compile 7
[2025.09.27-11.52.04:456][220]LogShaderCompilers: Display: Worker (1/13): shaders left to compile 6
[2025.09.27-11.52.04:456][220]LogShaderCompilers: Display: Worker (6/13): shaders left to compile 5
[2025.09.27-11.52.04:456][220]LogShaderCompilers: Display: Worker (4/13): shaders left to compile 4
[2025.09.27-11.52.04:456][220]LogShaderCompilers: Display: Worker (7/13): shaders left to compile 3
[2025.09.27-11.52.04:486][222]LogShaderCompilers: Display: Worker (2/13): shaders left to compile 2
[2025.09.27-11.52.04:486][222]LogShaderCompilers: Display: Worker (9/13): shaders left to compile 1
[2025.09.27-11.52.04:741][239]MaterialEditorStats: Base pass shader: 117 instructions
[2025.09.27-11.52.04:742][239]MaterialEditorStats: Base pass shader with Volumetric Lightmap: 191 instructions
[2025.09.27-11.52.04:742][239]MaterialEditorStats: Base pass vertex shader: 40 instructions
[2025.09.27-11.52.04:742][239]MaterialEditorStats: Texture samplers: 3/16
[2025.09.27-11.52.06:414][436]LogMaterial: Display: Missing cached shader map for material M_asphalt, compiling. 
[2025.09.27-11.52.06:423][436]LogMaterial: Display: Missing cached shader map for material FMatExpressionPreview MaterialExpressionTextureSample_0, compiling. 
[2025.09.27-11.52.06:432][436]LogShaderCompilers: Display: Worker (1/13): shaders left to compile 21
[2025.09.27-11.52.06:432][436]LogShaderCompilers: Display: Worker (2/13): shaders left to compile 20
[2025.09.27-11.52.06:432][436]LogShaderCompilers: Display: Worker (3/13): shaders left to compile 19
[2025.09.27-11.52.06:432][436]LogShaderCompilers: Display: Worker (4/13): shaders left to compile 18
[2025.09.27-11.52.06:432][436]LogShaderCompilers: Display: Worker (5/13): shaders left to compile 17
[2025.09.27-11.52.06:432][436]LogShaderCompilers: Display: Worker (6/13): shaders left to compile 16
[2025.09.27-11.52.06:432][436]LogShaderCompilers: Display: Worker (7/13): shaders left to compile 15
[2025.09.27-11.52.06:432][436]LogShaderCompilers: Display: Worker (8/13): shaders left to compile 14
[2025.09.27-11.52.06:432][436]LogShaderCompilers: Display: Worker (9/13): shaders left to compile 13
[2025.09.27-11.52.06:432][436]LogShaderCompilers: Display: Worker (10/13): shaders left to compile 12
[2025.09.27-11.52.06:432][436]LogShaderCompilers: Display: Worker (11/13): shaders left to compile 11
[2025.09.27-11.52.06:432][436]LogShaderCompilers: Display: Worker (12/13): shaders left to compile 10
[2025.09.27-11.52.06:436][436]LogMaterial: Display: Missing cached shader map for material FMatExpressionPreview MaterialExpressionTextureSample_0, compiling. 
[2025.09.27-11.52.06:446][436]LogMaterial: Display: Missing cached shader map for material M_asphalt, compiling. 
[2025.09.27-11.52.06:458][436]LogMaterial: Display: Missing cached shader map for material FMatExpressionPreview MaterialExpressionTextureSample_1, compiling. 
[2025.09.27-11.52.06:473][436]LogMaterial: Display: Missing cached shader map for material FMatExpressionPreview MaterialExpressionTextureSample_0, compiling. 
[2025.09.27-11.52.06:477][436]LogMaterial: Display: Missing cached shader map for material FMatExpressionPreview MaterialExpressionTextureSample_1, compiling. 
[2025.09.27-11.52.06:489][436]LogMaterial: Display: Missing cached shader map for material M_asphalt, compiling. 
[2025.09.27-11.52.06:502][436]LogShaderCompilers: Display: Worker (8/13): shaders left to compile 29
[2025.09.27-11.52.06:502][436]LogMaterial: Display: Missing cached shader map for material FMatExpressionPreview MaterialExpressionTextureSample_2, compiling. 
[2025.09.27-11.52.06:518][436]LogMaterial: Display: Missing cached shader map for material FMatExpressionPreview MaterialExpressionTextureSample_0, compiling. 
[2025.09.27-11.52.06:524][436]LogMaterial: Display: Missing cached shader map for material FMatExpressionPreview MaterialExpressionTextureSample_1, compiling. 
[2025.09.27-11.52.06:529][436]LogMaterial: Display: Missing cached shader map for material FMatExpressionPreview MaterialExpressionTextureSample_2, compiling. 
[2025.09.27-11.52.06:565][437]LogShaderCompilers: Display: Worker (2/13): shaders left to compile 33
[2025.09.27-11.52.06:585][438]LogShaderCompilers: Display: Worker (9/13): shaders left to compile 32
[2025.09.27-11.52.06:585][438]LogShaderCompilers: Display: Worker (1/13): shaders left to compile 31
[2025.09.27-11.52.06:585][438]LogShaderCompilers: Display: Worker (6/13): shaders left to compile 30
[2025.09.27-11.52.06:585][438]LogShaderCompilers: Display: Worker (3/13): shaders left to compile 29
[2025.09.27-11.52.06:599][439]LogShaderCompilers: Display: Worker (5/13): shaders left to compile 28
[2025.09.27-11.52.06:599][439]LogShaderCompilers: Display: Worker (7/13): shaders left to compile 27
[2025.09.27-11.52.06:616][440]LogShaderCompilers: Display: Worker (4/13): shaders left to compile 26
[2025.09.27-11.52.06:616][440]LogShaderCompilers: Display: Worker (12/13): shaders left to compile 25
[2025.09.27-11.52.06:685][445]LogShaderCompilers: Display: Worker (4/13): shaders left to compile 24
[2025.09.27-11.52.06:709][447]LogShaderCompilers: Display: Worker (10/13): shaders left to compile 23
[2025.09.27-11.52.06:709][447]LogShaderCompilers: Display: Worker (11/13): shaders left to compile 22
[2025.09.27-11.52.06:723][448]LogShaderCompilers: Display: Worker (6/13): shaders left to compile 21
[2025.09.27-11.52.06:723][448]LogShaderCompilers: Display: Worker (8/13): shaders left to compile 20
[2025.09.27-11.52.06:735][449]LogShaderCompilers: Display: Worker (2/13): shaders left to compile 19
[2025.09.27-11.52.06:735][449]LogShaderCompilers: Display: Worker (1/13): shaders left to compile 18
[2025.09.27-11.52.06:735][449]LogShaderCompilers: Display: Worker (9/13): shaders left to compile 17
[2025.09.27-11.52.06:747][450]LogShaderCompilers: Display: Worker (3/13): shaders left to compile 16
[2025.09.27-11.52.06:759][451]LogShaderCompilers: Display: Worker (7/13): shaders left to compile 15
[2025.09.27-11.52.06:759][451]LogShaderCompilers: Display: Worker (5/13): shaders left to compile 14
[2025.09.27-11.52.06:771][452]LogShaderCompilers: Display: Worker (12/13): shaders left to compile 13
[2025.09.27-11.52.06:930][463]LogShaderCompilers: Display: Worker (2/13): shaders left to compile 12
[2025.09.27-11.52.06:930][463]LogShaderCompilers: Display: Worker (11/13): shaders left to compile 11
[2025.09.27-11.52.06:970][466]LogShaderCompilers: Display: Worker (3/13): shaders left to compile 10
[2025.09.27-11.52.06:983][467]LogShaderCompilers: Display: Worker (12/13): shaders left to compile 9
[2025.09.27-11.52.07:009][469]LogShaderCompilers: Display: Worker (4/13): shaders left to compile 8
[2025.09.27-11.52.07:023][470]LogShaderCompilers: Display: Worker (7/13): shaders left to compile 7
[2025.09.27-11.52.07:049][472]LogShaderCompilers: Display: Worker (8/13): shaders left to compile 6
[2025.09.27-11.52.07:050][472]LogShaderCompilers: Display: Worker (10/13): shaders left to compile 5
[2025.09.27-11.52.07:050][472]LogShaderCompilers: Display: Worker (5/13): shaders left to compile 4
[2025.09.27-11.52.07:062][473]LogShaderCompilers: Display: Worker (1/13): shaders left to compile 3
[2025.09.27-11.52.07:063][473]LogShaderCompilers: Display: Worker (6/13): shaders left to compile 2
[2025.09.27-11.52.07:106][476]LogShaderCompilers: Display: Worker (9/13): shaders left to compile 1
[2025.09.27-11.52.07:109][476]MaterialEditorStats: Base pass shader: 117 instructions
[2025.09.27-11.52.07:109][476]MaterialEditorStats: Base pass shader with Volumetric Lightmap: 191 instructions
[2025.09.27-11.52.07:109][476]MaterialEditorStats: Base pass vertex shader: 40 instructions
[2025.09.27-11.52.07:109][476]MaterialEditorStats: Texture samplers: 3/16
[2025.09.27-11.52.15:071][411]LogMaterial: Display: Missing cached shader map for material M_asphalt, compiling. 
[2025.09.27-11.52.15:084][411]LogMaterial: Display: Missing cached shader map for material FMatExpressionPreview MaterialExpressionTextureSample_0, compiling. 
[2025.09.27-11.52.15:102][412]LogShaderCompilers: Display: Worker (1/13): shaders left to compile 25
[2025.09.27-11.52.15:102][412]LogShaderCompilers: Display: Worker (2/13): shaders left to compile 24
[2025.09.27-11.52.15:102][412]LogShaderCompilers: Display: Worker (3/13): shaders left to compile 23
[2025.09.27-11.52.15:102][412]LogShaderCompilers: Display: Worker (4/13): shaders left to compile 22
[2025.09.27-11.52.15:102][412]LogShaderCompilers: Display: Worker (5/13): shaders left to compile 21
[2025.09.27-11.52.15:102][412]LogShaderCompilers: Display: Worker (6/13): shaders left to compile 20
[2025.09.27-11.52.15:102][412]LogShaderCompilers: Display: Worker (7/13): shaders left to compile 19
[2025.09.27-11.52.15:102][412]LogShaderCompilers: Display: Worker (8/13): shaders left to compile 18
[2025.09.27-11.52.15:102][412]LogShaderCompilers: Display: Worker (9/13): shaders left to compile 17
[2025.09.27-11.52.15:102][412]LogShaderCompilers: Display: Worker (10/13): shaders left to compile 16
[2025.09.27-11.52.15:102][412]LogShaderCompilers: Display: Worker (11/13): shaders left to compile 15
[2025.09.27-11.52.15:102][412]LogShaderCompilers: Display: Worker (12/13): shaders left to compile 14
[2025.09.27-11.52.15:196][418]LogShaderCompilers: Display: Worker (8/13): shaders left to compile 13
[2025.09.27-11.52.15:255][422]LogShaderCompilers: Display: Worker (2/13): shaders left to compile 12
[2025.09.27-11.52.15:255][422]LogShaderCompilers: Display: Worker (9/13): shaders left to compile 11
[2025.09.27-11.52.15:269][423]LogShaderCompilers: Display: Worker (6/13): shaders left to compile 10
[2025.09.27-11.52.15:279][424]LogShaderCompilers: Display: Worker (3/13): shaders left to compile 9
[2025.09.27-11.52.15:279][424]LogShaderCompilers: Display: Worker (5/13): shaders left to compile 8
[2025.09.27-11.52.15:279][424]LogShaderCompilers: Display: Worker (7/13): shaders left to compile 7
[2025.09.27-11.52.15:296][425]LogShaderCompilers: Display: Worker (1/13): shaders left to compile 6
[2025.09.27-11.52.15:296][425]LogShaderCompilers: Display: Worker (4/13): shaders left to compile 5
[2025.09.27-11.52.15:315][426]LogShaderCompilers: Display: Worker (12/13): shaders left to compile 4
[2025.09.27-11.52.15:402][431]LogShaderCompilers: Display: Worker (10/13): shaders left to compile 3
[2025.09.27-11.52.15:433][433]LogShaderCompilers: Display: Worker (11/13): shaders left to compile 2
[2025.09.27-11.52.15:433][433]LogShaderCompilers: Display: Worker (9/13): shaders left to compile 1
[2025.09.27-11.52.15:597][447]MaterialEditorStats: Base pass shader: 123 instructions
[2025.09.27-11.52.15:597][447]MaterialEditorStats: Base pass shader with Volumetric Lightmap: 197 instructions
[2025.09.27-11.52.15:597][447]MaterialEditorStats: Base pass vertex shader: 44 instructions
[2025.09.27-11.52.15:597][447]MaterialEditorStats: Texture samplers: 4/16
[2025.09.27-11.52.15:597][447]MaterialEditorStats: Texture Lookups (Est.): VS(0), PS(1)
[2025.09.27-11.52.15:597][447]MaterialEditorStats: User interpolators: 2/4 Scalars (1/4 Vectors) (TexCoords: 2, Custom: 0)
[2025.09.27-11.52.16:591][565]LogMaterial: Display: Missing cached shader map for material M_asphalt, compiling. 
[2025.09.27-11.52.16:602][565]LogShaderCompilers: Display: Worker (1/13): shaders left to compile 21
[2025.09.27-11.52.16:602][565]LogShaderCompilers: Display: Worker (2/13): shaders left to compile 20
[2025.09.27-11.52.16:602][565]LogShaderCompilers: Display: Worker (3/13): shaders left to compile 19
[2025.09.27-11.52.16:602][565]LogShaderCompilers: Display: Worker (4/13): shaders left to compile 18
[2025.09.27-11.52.16:602][565]LogShaderCompilers: Display: Worker (5/13): shaders left to compile 17
[2025.09.27-11.52.16:602][565]LogShaderCompilers: Display: Worker (6/13): shaders left to compile 16
[2025.09.27-11.52.16:602][565]LogShaderCompilers: Display: Worker (7/13): shaders left to compile 15
[2025.09.27-11.52.16:602][565]LogShaderCompilers: Display: Worker (8/13): shaders left to compile 14
[2025.09.27-11.52.16:602][565]LogShaderCompilers: Display: Worker (9/13): shaders left to compile 13
[2025.09.27-11.52.16:602][565]LogShaderCompilers: Display: Worker (10/13): shaders left to compile 12
[2025.09.27-11.52.16:602][565]LogShaderCompilers: Display: Worker (11/13): shaders left to compile 11
[2025.09.27-11.52.16:602][565]LogShaderCompilers: Display: Worker (12/13): shaders left to compile 10
[2025.09.27-11.52.16:604][565]LogMaterial: Display: Missing cached shader map for material FMatExpressionPreview MaterialExpressionTextureSample_1, compiling. 
[2025.09.27-11.52.16:682][568]LogShaderCompilers: Display: Worker (8/13): shaders left to compile 13
[2025.09.27-11.52.16:779][575]LogShaderCompilers: Display: Worker (2/13): shaders left to compile 12
[2025.09.27-11.52.16:779][575]LogShaderCompilers: Display: Worker (9/13): shaders left to compile 11
[2025.09.27-11.52.16:779][575]LogShaderCompilers: Display: Worker (1/13): shaders left to compile 10
[2025.09.27-11.52.16:779][575]LogShaderCompilers: Display: Worker (3/13): shaders left to compile 9
[2025.09.27-11.52.16:779][575]LogShaderCompilers: Display: Worker (4/13): shaders left to compile 8
[2025.09.27-11.52.16:779][575]LogShaderCompilers: Display: Worker (5/13): shaders left to compile 7
[2025.09.27-11.52.16:779][575]LogShaderCompilers: Display: Worker (6/13): shaders left to compile 6
[2025.09.27-11.52.16:779][575]LogShaderCompilers: Display: Worker (7/13): shaders left to compile 5
[2025.09.27-11.52.16:791][576]LogShaderCompilers: Display: Worker (12/13): shaders left to compile 4
[2025.09.27-11.52.16:908][583]LogShaderCompilers: Display: Worker (10/13): shaders left to compile 3
[2025.09.27-11.52.16:926][584]LogShaderCompilers: Display: Worker (11/13): shaders left to compile 2
[2025.09.27-11.52.16:965][587]LogShaderCompilers: Display: Worker (8/13): shaders left to compile 1
[2025.09.27-11.52.17:087][598]MaterialEditorStats: Base pass shader: 126 instructions
[2025.09.27-11.52.17:087][598]MaterialEditorStats: Base pass shader with Volumetric Lightmap: 200 instructions
[2025.09.27-11.52.17:087][598]MaterialEditorStats: Base pass vertex shader: 44 instructions
[2025.09.27-11.52.17:087][598]MaterialEditorStats: Texture samplers: 5/16
[2025.09.27-11.52.17:087][598]MaterialEditorStats: Texture Lookups (Est.): VS(0), PS(2)
[2025.09.27-11.52.17:087][598]MaterialEditorStats: User interpolators: 2/4 Scalars (1/4 Vectors) (TexCoords: 2, Custom: 0)
[2025.09.27-11.52.19:319][863]LogMaterial: Display: Missing cached shader map for material M_asphalt, compiling. 
[2025.09.27-11.52.19:331][863]LogShaderCompilers: Display: Worker (1/13): shaders left to compile 21
[2025.09.27-11.52.19:331][863]LogShaderCompilers: Display: Worker (2/13): shaders left to compile 20
[2025.09.27-11.52.19:331][863]LogShaderCompilers: Display: Worker (3/13): shaders left to compile 19
[2025.09.27-11.52.19:331][863]LogShaderCompilers: Display: Worker (4/13): shaders left to compile 18
[2025.09.27-11.52.19:331][863]LogShaderCompilers: Display: Worker (5/13): shaders left to compile 17
[2025.09.27-11.52.19:331][863]LogShaderCompilers: Display: Worker (6/13): shaders left to compile 16
[2025.09.27-11.52.19:331][863]LogShaderCompilers: Display: Worker (7/13): shaders left to compile 15
[2025.09.27-11.52.19:331][863]LogShaderCompilers: Display: Worker (8/13): shaders left to compile 14
[2025.09.27-11.52.19:331][863]LogShaderCompilers: Display: Worker (9/13): shaders left to compile 13
[2025.09.27-11.52.19:331][863]LogShaderCompilers: Display: Worker (10/13): shaders left to compile 12
[2025.09.27-11.52.19:331][863]LogShaderCompilers: Display: Worker (11/13): shaders left to compile 11
[2025.09.27-11.52.19:331][863]LogShaderCompilers: Display: Worker (12/13): shaders left to compile 10
[2025.09.27-11.52.19:333][863]LogMaterial: Display: Missing cached shader map for material FMatExpressionPreview MaterialExpressionTextureSample_2, compiling. 
[2025.09.27-11.52.19:452][870]LogShaderCompilers: Display: Worker (8/13): shaders left to compile 13
[2025.09.27-11.52.19:501][873]LogShaderCompilers: Display: Worker (3/13): shaders left to compile 12
[2025.09.27-11.52.19:521][874]LogShaderCompilers: Display: Worker (9/13): shaders left to compile 11
[2025.09.27-11.52.19:521][874]LogShaderCompilers: Display: Worker (7/13): shaders left to compile 10
[2025.09.27-11.52.19:521][874]LogShaderCompilers: Display: Worker (1/13): shaders left to compile 9
[2025.09.27-11.52.19:521][874]LogShaderCompilers: Display: Worker (2/13): shaders left to compile 8
[2025.09.27-11.52.19:521][874]LogShaderCompilers: Display: Worker (4/13): shaders left to compile 7
[2025.09.27-11.52.19:521][874]LogShaderCompilers: Display: Worker (5/13): shaders left to compile 6
[2025.09.27-11.52.19:521][874]LogShaderCompilers: Display: Worker (6/13): shaders left to compile 5
[2025.09.27-11.52.19:534][875]LogShaderCompilers: Display: Worker (12/13): shaders left to compile 4
[2025.09.27-11.52.19:661][884]LogShaderCompilers: Display: Worker (10/13): shaders left to compile 3
[2025.09.27-11.52.19:661][884]LogShaderCompilers: Display: Worker (11/13): shaders left to compile 2
[2025.09.27-11.52.19:711][887]LogShaderCompilers: Display: Worker (9/13): shaders left to compile 1
[2025.09.27-11.52.19:829][896]MaterialEditorStats: Base pass shader: 128 instructions
[2025.09.27-11.52.19:829][896]MaterialEditorStats: Base pass shader with Volumetric Lightmap: 202 instructions
[2025.09.27-11.52.19:829][896]MaterialEditorStats: Base pass vertex shader: 44 instructions
[2025.09.27-11.52.19:829][896]MaterialEditorStats: Texture samplers: 6/16
[2025.09.27-11.52.19:829][896]MaterialEditorStats: Texture Lookups (Est.): VS(0), PS(3)
[2025.09.27-11.52.19:829][896]MaterialEditorStats: User interpolators: 2/4 Scalars (1/4 Vectors) (TexCoords: 2, Custom: 0)
[2025.09.27-11.52.21:009][ 36]LogMaterial: Display: Missing cached shader map for material M_asphalt, compiling. 
[2025.09.27-11.52.21:023][ 36]LogMaterial: Display: Missing cached shader map for material FMatExpressionPreview MaterialExpressionTextureSample_2, compiling. 
[2025.09.27-11.52.21:027][ 36]LogShaderCompilers: Display: Worker (1/13): shaders left to compile 21
[2025.09.27-11.52.21:027][ 36]LogShaderCompilers: Display: Worker (2/13): shaders left to compile 20
[2025.09.27-11.52.21:027][ 36]LogShaderCompilers: Display: Worker (3/13): shaders left to compile 19
[2025.09.27-11.52.21:027][ 36]LogShaderCompilers: Display: Worker (4/13): shaders left to compile 18
[2025.09.27-11.52.21:027][ 36]LogShaderCompilers: Display: Worker (5/13): shaders left to compile 17
[2025.09.27-11.52.21:027][ 36]LogShaderCompilers: Display: Worker (6/13): shaders left to compile 16
[2025.09.27-11.52.21:027][ 36]LogShaderCompilers: Display: Worker (7/13): shaders left to compile 15
[2025.09.27-11.52.21:027][ 36]LogShaderCompilers: Display: Worker (8/13): shaders left to compile 14
[2025.09.27-11.52.21:027][ 36]LogShaderCompilers: Display: Worker (9/13): shaders left to compile 13
[2025.09.27-11.52.21:027][ 36]LogShaderCompilers: Display: Worker (10/13): shaders left to compile 12
[2025.09.27-11.52.21:027][ 36]LogShaderCompilers: Display: Worker (11/13): shaders left to compile 11
[2025.09.27-11.52.21:027][ 36]LogShaderCompilers: Display: Worker (12/13): shaders left to compile 10
[2025.09.27-11.52.21:134][ 44]LogShaderCompilers: Display: Worker (8/13): shaders left to compile 13
[2025.09.27-11.52.21:186][ 47]LogShaderCompilers: Display: Worker (9/13): shaders left to compile 12
[2025.09.27-11.52.21:187][ 47]LogShaderCompilers: Display: Worker (2/13): shaders left to compile 11
[2025.09.27-11.52.21:187][ 47]LogShaderCompilers: Display: Worker (4/13): shaders left to compile 10
[2025.09.27-11.52.21:198][ 48]LogShaderCompilers: Display: Worker (1/13): shaders left to compile 9
[2025.09.27-11.52.21:199][ 48]LogShaderCompilers: Display: Worker (3/13): shaders left to compile 8
[2025.09.27-11.52.21:199][ 48]LogShaderCompilers: Display: Worker (5/13): shaders left to compile 7
[2025.09.27-11.52.21:211][ 49]LogShaderCompilers: Display: Worker (7/13): shaders left to compile 6
[2025.09.27-11.52.21:211][ 49]LogShaderCompilers: Display: Worker (6/13): shaders left to compile 5
[2025.09.27-11.52.21:246][ 51]LogShaderCompilers: Display: Worker (12/13): shaders left to compile 4
[2025.09.27-11.52.21:320][ 55]LogShaderCompilers: Display: Worker (10/13): shaders left to compile 3
[2025.09.27-11.52.21:353][ 57]LogShaderCompilers: Display: Worker (11/13): shaders left to compile 2
[2025.09.27-11.52.21:377][ 58]LogShaderCompilers: Display: Worker (2/13): shaders left to compile 1
[2025.09.27-11.52.21:507][ 66]MaterialEditorStats: Base pass shader: 128 instructions
[2025.09.27-11.52.21:507][ 66]MaterialEditorStats: Base pass shader with Volumetric Lightmap: 204 instructions
[2025.09.27-11.52.21:507][ 66]MaterialEditorStats: Base pass vertex shader: 44 instructions
[2025.09.27-11.52.21:507][ 66]MaterialEditorStats: Texture samplers: 6/16
[2025.09.27-11.52.21:507][ 66]MaterialEditorStats: Texture Lookups (Est.): VS(0), PS(3)
[2025.09.27-11.52.21:507][ 66]MaterialEditorStats: User interpolators: 2/4 Scalars (1/4 Vectors) (TexCoords: 2, Custom: 0)
[2025.09.27-11.52.22:174][145]LogMaterialEditor: Saving and Compiling material M_asphalt
[2025.09.27-11.52.22:342][145]LogMaterial: Display: Missing cached shader map for material M_asphalt, compiling. 
[2025.09.27-11.52.22:370][145]LogShaderCompilers: Display: Worker (1/13): shaders left to compile 21
[2025.09.27-11.52.22:370][145]LogShaderCompilers: Display: Worker (2/13): shaders left to compile 20
[2025.09.27-11.52.22:370][145]LogShaderCompilers: Display: Worker (3/13): shaders left to compile 19
[2025.09.27-11.52.22:370][145]LogShaderCompilers: Display: Worker (4/13): shaders left to compile 18
[2025.09.27-11.52.22:370][145]LogShaderCompilers: Display: Worker (5/13): shaders left to compile 17
[2025.09.27-11.52.22:370][145]LogShaderCompilers: Display: Worker (6/13): shaders left to compile 16
[2025.09.27-11.52.22:370][145]LogShaderCompilers: Display: Worker (7/13): shaders left to compile 15
[2025.09.27-11.52.22:370][145]LogShaderCompilers: Display: Worker (8/13): shaders left to compile 14
[2025.09.27-11.52.22:370][145]LogShaderCompilers: Display: Worker (9/13): shaders left to compile 13
[2025.09.27-11.52.22:370][145]LogShaderCompilers: Display: Worker (10/13): shaders left to compile 12
[2025.09.27-11.52.22:370][145]LogShaderCompilers: Display: Worker (11/13): shaders left to compile 11
[2025.09.27-11.52.22:370][145]LogShaderCompilers: Display: Worker (12/13): shaders left to compile 10
[2025.09.27-11.52.22:376][145]LogMaterial: Display: Missing cached shader map for material M_asphalt, compiling. 
[2025.09.27-11.52.22:394][145]LogMaterial: Display: Missing cached shader map for material M_asphalt, compiling. 
[2025.09.27-11.52.22:432][145]LogUObjectHash: Compacting FUObjectHashTables data took   1.76ms
[2025.09.27-11.52.22:439][145]LogMaterial: Display: Missing cached shader map for material DebugViewMode MaterialTexCoordScale, compiling. 
[2025.09.27-11.52.22:773][145]LogShaderCompilers: Display: Worker (8/13): shaders left to compile 33
[2025.09.27-11.52.22:773][145]LogShaderCompilers: Display: Worker (2/13): shaders left to compile 32
[2025.09.27-11.52.22:773][145]LogShaderCompilers: Display: Worker (4/13): shaders left to compile 31
[2025.09.27-11.52.22:773][145]LogShaderCompilers: Display: Worker (7/13): shaders left to compile 30
[2025.09.27-11.52.22:773][145]LogShaderCompilers: Display: Worker (1/13): shaders left to compile 29
[2025.09.27-11.52.22:773][145]LogShaderCompilers: Display: Worker (3/13): shaders left to compile 28
[2025.09.27-11.52.22:773][145]LogShaderCompilers: Display: Worker (6/13): shaders left to compile 27
[2025.09.27-11.52.22:773][145]LogShaderCompilers: Display: Worker (9/13): shaders left to compile 26
[2025.09.27-11.52.22:773][145]LogShaderCompilers: Display: Worker (5/13): shaders left to compile 25
[2025.09.27-11.52.22:773][145]LogShaderCompilers: Display: Worker (12/13): shaders left to compile 24
[2025.09.27-11.52.22:773][145]LogShaderCompilers: Display: Worker (10/13): shaders left to compile 23
[2025.09.27-11.52.22:773][145]LogShaderCompilers: Display: Worker (11/13): shaders left to compile 22
[2025.09.27-11.52.22:773][145]LogShaderCompilers: Display: Worker (4/13): shaders left to compile 20
[2025.09.27-11.52.22:773][145]LogShaderCompilers: Display: Worker (12/13): shaders left to compile 18
[2025.09.27-11.52.22:773][145]LogShaderCompilers: Display: Worker (3/13): shaders left to compile 16
[2025.09.27-11.52.22:773][145]LogShaderCompilers: Display: Worker (5/13): shaders left to compile 14
[2025.09.27-11.52.22:773][145]LogShaderCompilers: Display: Worker (8/13): shaders left to compile 12
[2025.09.27-11.52.22:773][145]LogShaderCompilers: Display: Worker (10/13): shaders left to compile 10
[2025.09.27-11.52.22:773][145]LogShaderCompilers: Display: Worker (6/13): shaders left to compile 9
[2025.09.27-11.52.22:776][145]TextureStreamingBuild: Display: Compiling optional shaders took 0.344 seconds.
[2025.09.27-11.52.22:800][145]LogShaderCompilers: Display: Worker (9/13): shaders left to compile 8
[2025.09.27-11.52.22:800][145]LogUObjectHash: Compacting FUObjectHashTables data took   0.58ms
[2025.09.27-11.52.22:801][145]LogShaderCompilers: Display: Worker (2/13): shaders left to compile 7
[2025.09.27-11.52.22:822][145]LogShaderCompilers: Display: Worker (7/13): shaders left to compile 6
[2025.09.27-11.52.23:139][145]LogShaderCompilers: Display: Worker (1/13): shaders left to compile 5
[2025.09.27-11.52.23:139][145]LogShaderCompilers: Display: Worker (3/13): shaders left to compile 4
[2025.09.27-11.52.23:139][145]LogShaderCompilers: Display: Worker (11/13): shaders left to compile 3
[2025.09.27-11.52.23:139][145]LogShaderCompilers: Display: Worker (9/13): shaders left to compile 2
[2025.09.27-11.52.23:139][145]LogShaderCompilers: Display: Worker (12/13): shaders left to compile 1
[2025.09.27-11.52.23:147][145]Cmd: OBJ SAVEPACKAGE PACKAGE="/Game/LevelAssets/Materials/asphalt/M_asphalt" FILE="E:/GameDev/hggjam/GameJamHGGUnreal4.23.1/GameJamCrew/Content/LevelAssets/Materials/asphalt/M_asphalt.uasset" SILENT=true
[2025.09.27-11.52.23:154][145]LogSavePackage: Moving 'E:/GameDev/hggjam/GameJamHGGUnreal4.23.1/GameJamCrew/Saved/M_asphalt0D1CE9204BC11327B3B53294F7A356D1.tmp' to 'E:/GameDev/hggjam/GameJamHGGUnreal4.23.1/GameJamCrew/Content/LevelAssets/Materials/asphalt/M_asphalt.uasset'
[2025.09.27-11.52.24:120][256]LogSlate: Window 'M_asphalt' being destroyed
[2025.09.27-11.52.24:127][256]LogSlate: Window 'M_asphalt' being destroyed
[2025.09.27-11.52.24:139][256]LogWorld: UWorld::CleanupWorld for World_10, bSessionEnded=true, bCleanupResources=true
[2025.09.27-11.52.25:656][436]LogSlate: FSceneViewport::OnFocusLost() reason 0
[2025.09.27-11.52.26:037][478]LogMaterial: Display: Material /Game/LevelAssets/Materials/asphalt/M_asphalt.M_asphalt needed to have new flag set bUsedWithStaticLighting !
[2025.09.27-11.52.26:038][478]LogMaterial: Display: Missing cached shader map for material M_asphalt, compiling. 
[2025.09.27-11.52.26:055][478]LogShaderCompilers: Display: Worker (1/13): shaders left to compile 31
[2025.09.27-11.52.26:055][478]LogShaderCompilers: Display: Worker (2/13): shaders left to compile 28
[2025.09.27-11.52.26:055][478]LogShaderCompilers: Display: Worker (3/13): shaders left to compile 25
[2025.09.27-11.52.26:055][478]LogShaderCompilers: Display: Worker (4/13): shaders left to compile 22
[2025.09.27-11.52.26:055][478]LogShaderCompilers: Display: Worker (5/13): shaders left to compile 19
[2025.09.27-11.52.26:055][478]LogShaderCompilers: Display: Worker (6/13): shaders left to compile 16
[2025.09.27-11.52.26:055][478]LogShaderCompilers: Display: Worker (7/13): shaders left to compile 13
[2025.09.27-11.52.26:055][478]LogShaderCompilers: Display: Worker (8/13): shaders left to compile 10
[2025.09.27-11.52.26:055][478]LogShaderCompilers: Display: Worker (9/13): shaders left to compile 7
[2025.09.27-11.52.26:055][478]LogShaderCompilers: Display: Worker (10/13): shaders left to compile 4
[2025.09.27-11.52.26:055][478]LogShaderCompilers: Display: Worker (11/13): shaders left to compile 1
[2025.09.27-11.52.26:810][567]LogEditorViewport: Clicking on Actor (LMB): StaticMeshActor (floor01_2x117)
[2025.09.27-11.52.28:002][706]LogEditorViewport: Clicking on Actor (LMB): StaticMeshActor (floor01_2x124)
[2025.09.27-11.52.39:346][  8]LogSlate: FSceneViewport::OnFocusLost() reason 0
[2025.09.27-11.52.40:821][182]LogEditorViewport: Clicking on Actor (LMB): StaticMeshActor (floor01_2x63)
[2025.09.27-11.52.43:039][444]LogEditorViewport: Clicking on Actor (LMB): StaticMeshActor (floor01_2x14)
[2025.09.27-11.52.45:840][763]LogSlate: FSceneViewport::OnFocusLost() reason 0
[2025.09.27-11.52.47:181][922]LogEditorViewport: Clicking on Actor (LMB): StaticMeshActor (floor01_2x3)
[2025.09.27-11.52.49:848][238]LogEditorViewport: Clicking on Actor (LMB): StaticMeshActor (floor01_2x15)
[2025.09.27-11.53.00:856][546]LogEditorViewport: Clicking on Actor (LMB): PostProcessVolume (PostProcessVolume)
[2025.09.27-11.53.01:960][674]Cmd: DELETE
[2025.09.27-11.53.01:960][674]Cmd: ACTOR DELETE
[2025.09.27-11.53.01:967][674]LogEditorActor: Deleted Actor: PostProcessVolume
[2025.09.27-11.53.01:987][674]LogUObjectHash: Compacting FUObjectHashTables data took   0.83ms
[2025.09.27-11.53.01:987][674]LogEditorActor: Deleted 1 Actors (0.027 secs)
[2025.09.27-11.53.08:495][454]Cmd: TRANSACTION UNDO
[2025.09.27-11.53.08:495][454]LogEditorTransaction: Undo Delete Actors
[2025.09.27-11.53.30:762][741]LogSlate: FSceneViewport::OnFocusLost() reason 5
[2025.09.27-11.53.34:687][176]LogEditorFactories: Performing atomic reimport of [E:/GameDev/hggjam/KlixXsrc/materials/asphalt/asphalt_color.tga]
[2025.09.27-11.53.34:689][176]LogFactory: FactoryCreateFile: Texture2D with ReimportTextureFactory (0 0 E:/GameDev/hggjam/KlixXsrc/materials/asphalt/asphalt_color.tga)
[2025.09.27-11.53.34:692][176]LogTexture: Display: Building textures: asphalt_color (AutoDXT, 512X512)
[2025.09.27-11.53.34:716][176]LogEditorFactories: -- imported successfully
[2025.09.27-11.53.35:364][249]LogEditorViewport: Clicking on Actor (LMB): StaticMeshActor (floor01_2x11)
[2025.09.27-11.53.42:120][ 46]LogEditorViewport: Clicking on Actor (LMB): PostProcessVolume (PostProcessVolume)
[2025.09.27-11.53.42:959][142]LogSlate: FSceneViewport::OnFocusLost() reason 5
[2025.09.27-11.53.42:991][142]LogUObjectHash: Compacting FUObjectHashTables data took   0.54ms
[2025.09.27-11.53.43:195][142]LogSavePackage: Moving 'E:/GameDev/hggjam/GameJamHGGUnreal4.23.1/GameJamCrew/Saved/CheeseFactory_001_Auto1DA651AB44E834129DEF185B93A46D13B.tmp' to 'E:/GameDev/hggjam/GameJamHGGUnreal4.23.1/GameJamCrew/Saved/Autosaves/Game/Levels/CheeseFactory_001_Auto1.umap'
[2025.09.27-11.53.43:197][142]LogFileHelpers: Editor autosave (incl. sublevels) for '/Game/Levels/CheeseFactory_001' took 0.226
[2025.09.27-11.53.43:197][142]LogFileHelpers: Editor autosave (incl. sublevels) for all levels took 0.226
[2025.09.27-11.53.43:198][142]OBJ SavePackage: Generating thumbnails for [1] asset(s) in package [/Game/LevelAssets/Materials/asphalt/asphalt_normal] ([1] browsable assets)...
[2025.09.27-11.53.43:200][142]OBJ SavePackage:     Rendered thumbnail for [Texture2D /Game/LevelAssets/Materials/asphalt/asphalt_normal.asphalt_normal]
[2025.09.27-11.53.43:200][142]OBJ SavePackage: Finished generating thumbnails for package [/Game/LevelAssets/Materials/asphalt/asphalt_normal]
[2025.09.27-11.53.43:206][142]LogSavePackage: Moving 'E:/GameDev/hggjam/GameJamHGGUnreal4.23.1/GameJamCrew/Saved/asphalt_normal_Auto19EB7F0A941725CB5CA3AA2B716B6D4A1.tmp' to 'E:/GameDev/hggjam/GameJamHGGUnreal4.23.1/GameJamCrew/Saved/Autosaves/Game/LevelAssets/Materials/asphalt/asphalt_normal_Auto1.uasset'
[2025.09.27-11.53.43:206][142]OBJ SavePackage: Generating thumbnails for [1] asset(s) in package [/Game/LevelAssets/Materials/asphalt/asphalt_color] ([1] browsable assets)...
[2025.09.27-11.53.43:209][142]OBJ SavePackage:     Rendered thumbnail for [Texture2D /Game/LevelAssets/Materials/asphalt/asphalt_color.asphalt_color]
[2025.09.27-11.53.43:209][142]OBJ SavePackage: Finished generating thumbnails for package [/Game/LevelAssets/Materials/asphalt/asphalt_color]
[2025.09.27-11.53.43:214][142]LogSavePackage: Moving 'E:/GameDev/hggjam/GameJamHGGUnreal4.23.1/GameJamCrew/Saved/asphalt_color_Auto1CBB67E5D41DFDF719DC16588509F638D.tmp' to 'E:/GameDev/hggjam/GameJamHGGUnreal4.23.1/GameJamCrew/Saved/Autosaves/Game/LevelAssets/Materials/asphalt/asphalt_color_Auto1.uasset'
[2025.09.27-11.53.43:214][142]OBJ SavePackage: Generating thumbnails for [1] asset(s) in package [/Game/LevelAssets/Materials/asphalt/asphalt_mixed] ([1] browsable assets)...
[2025.09.27-11.53.43:216][142]OBJ SavePackage:     Rendered thumbnail for [Texture2D /Game/LevelAssets/Materials/asphalt/asphalt_mixed.asphalt_mixed]
[2025.09.27-11.53.43:216][142]OBJ SavePackage: Finished generating thumbnails for package [/Game/LevelAssets/Materials/asphalt/asphalt_mixed]
[2025.09.27-11.53.43:224][142]LogSavePackage: Moving 'E:/GameDev/hggjam/GameJamHGGUnreal4.23.1/GameJamCrew/Saved/asphalt_mixed_Auto1D85D586A4F18DE439F8B7E95B3E1A1AA.tmp' to 'E:/GameDev/hggjam/GameJamHGGUnreal4.23.1/GameJamCrew/Saved/Autosaves/Game/LevelAssets/Materials/asphalt/asphalt_mixed_Auto1.uasset'
[2025.09.27-11.53.43:224][142]OBJ SavePackage: Generating thumbnails for [0] asset(s) in package [/Game/LevelAssets/Materials/asphalt/M_asphalt] ([1] browsable assets)...
[2025.09.27-11.53.43:224][142]OBJ SavePackage: Finished generating thumbnails for package [/Game/LevelAssets/Materials/asphalt/M_asphalt]
[2025.09.27-11.53.43:227][142]LogSavePackage: Moving 'E:/GameDev/hggjam/GameJamHGGUnreal4.23.1/GameJamCrew/Saved/M_asphalt_Auto19BF92EDC449A33F6DABDACBDA9E4EB64.tmp' to 'E:/GameDev/hggjam/GameJamHGGUnreal4.23.1/GameJamCrew/Saved/Autosaves/Game/LevelAssets/Materials/asphalt/M_asphalt_Auto1.uasset'
[2025.09.27-11.53.43:227][142]LogFileHelpers: Auto-saving content packages took 0.030
[2025.09.27-11.53.57:047][792]LogSlate: FSceneViewport::OnFocusLost() reason 5
[2025.09.27-11.54.10:116][354]LogSlate: FSceneViewport::OnFocusLost() reason 0
[2025.09.27-11.54.10:164][360]LogSlate: Window 'Color Picker' being destroyed
[2025.09.27-11.55.32:428][985]LogSlate: FSceneViewport::OnFocusLost() reason 5
[2025.09.27-11.55.35:243][305]LogEditorFactories: Performing atomic reimport of [E:/GameDev/hggjam/KlixXsrc/materials/asphalt/asphalt_mixed.tga]
[2025.09.27-11.55.35:266][305]LogFactory: FactoryCreateFile: Texture2D with ReimportTextureFactory (0 0 E:/GameDev/hggjam/KlixXsrc/materials/asphalt/asphalt_mixed.tga)
[2025.09.27-11.55.35:279][305]LogTexture: Display: Building textures: asphalt_mixed (AutoDXT, 2048X2048)
[2025.09.27-11.55.35:639][305]LogEditorFactories: -- imported successfully
[2025.09.27-11.56.58:161][780]LogSlate: FSceneViewport::OnFocusLost() reason 5
[2025.09.27-11.57.01:382][139]LogEditorFactories: Performing atomic reimport of [E:/GameDev/hggjam/KlixXsrc/materials/asphalt/asphalt_mixed.tga]
[2025.09.27-11.57.01:406][139]LogFactory: FactoryCreateFile: Texture2D with ReimportTextureFactory (0 0 E:/GameDev/hggjam/KlixXsrc/materials/asphalt/asphalt_mixed.tga)
[2025.09.27-11.57.01:418][139]LogTexture: Display: Building textures: asphalt_mixed (AutoDXT, 2048X2048)
[2025.09.27-11.57.01:784][139]LogEditorFactories: -- imported successfully
[2025.09.27-11.57.31:425][282]LogSlate: FSceneViewport::OnFocusLost() reason 5
[2025.09.27-11.57.34:200][582]LogEditorFactories: Performing atomic reimport of [E:/GameDev/hggjam/KlixXsrc/materials/asphalt/asphalt_mixed.tga]
[2025.09.27-11.57.34:223][582]LogFactory: FactoryCreateFile: Texture2D with ReimportTextureFactory (0 0 E:/GameDev/hggjam/KlixXsrc/materials/asphalt/asphalt_mixed.tga)
[2025.09.27-11.57.34:236][582]LogTexture: Display: Building textures: asphalt_mixed (AutoDXT, 2048X2048)
[2025.09.27-11.57.34:597][582]LogEditorFactories: -- imported successfully
[2025.09.27-11.57.58:389][792]LogSlate: FSceneViewport::OnFocusLost() reason 5
[2025.09.27-11.58.24:776][407]LogEditorFactories: Performing atomic reimport of [E:/GameDev/hggjam/KlixXsrc/materials/asphalt/asphalt_color.tga]
[2025.09.27-11.58.24:777][407]LogFactory: FactoryCreateFile: Texture2D with ReimportTextureFactory (0 0 E:/GameDev/hggjam/KlixXsrc/materials/asphalt/asphalt_color.tga)
[2025.09.27-11.58.24:779][407]LogTexture: Display: Building textures: asphalt_color (AutoDXT, 512X512)
[2025.09.27-11.58.24:805][407]LogEditorFactories: -- imported successfully
[2025.09.27-11.58.47:736][270]LogSlate: FSceneViewport::OnFocusLost() reason 5
[2025.09.27-11.58.51:716][736]LogEditorFactories: Performing atomic reimport of [E:/GameDev/hggjam/KlixXsrc/materials/asphalt/asphalt_mixed.tga]
[2025.09.27-11.58.51:740][736]LogFactory: FactoryCreateFile: Texture2D with ReimportTextureFactory (0 0 E:/GameDev/hggjam/KlixXsrc/materials/asphalt/asphalt_mixed.tga)
[2025.09.27-11.58.51:753][736]LogTexture: Display: Building textures: asphalt_mixed (AutoDXT, 2048X2048)
[2025.09.27-11.58.52:112][736]LogEditorFactories: -- imported successfully
[2025.09.27-11.59.02:380][961]LogEditorViewport: Clicking on Actor (LMB): StaticMeshActor (floor01_2x60)
[2025.09.27-11.59.04:181][169]LogSlate: FSceneViewport::OnFocusLost() reason 0
[2025.09.27-11.59.11:479][ 38]LogEditorViewport: Clicking on Actor (LMB): StaticMeshActor (floor01_2x4)
[2025.09.27-11.59.12:978][212]LogSlate: FSceneViewport::OnFocusLost() reason 5
[2025.09.27-11.59.12:985][212]Cmd: OBJ SAVEPACKAGE PACKAGE="/Game/Levels/CheeseFactory_001" FILE="E:/GameDev/hggjam/GameJamHGGUnreal4.23.1/GameJamCrew/Content/Levels/CheeseFactory_001.umap" SILENT=true AUTOSAVING=false KEEPDIRTY=false
[2025.09.27-11.59.13:007][212]LogUObjectHash: Compacting FUObjectHashTables data took   1.57ms
[2025.09.27-11.59.13:206][212]LogSavePackage: Moving 'E:/GameDev/hggjam/GameJamHGGUnreal4.23.1/GameJamCrew/Saved/CheeseFactory_0014C0EBDE848C88036DABC26B54D86EDB7.tmp' to 'E:/GameDev/hggjam/GameJamHGGUnreal4.23.1/GameJamCrew/Content/Levels/CheeseFactory_001.umap'
[2025.09.27-11.59.13:217][212]Cmd: OBJ SAVEPACKAGE PACKAGE="/Game/Levels/CheeseFactory_001_BuiltData" FILE="E:/GameDev/hggjam/GameJamHGGUnreal4.23.1/GameJamCrew/Content/Levels/CheeseFactory_001_BuiltData.uasset" SILENT=true
[2025.09.27-11.59.13:755][212]LogSavePackage: Moving 'E:/GameDev/hggjam/GameJamHGGUnreal4.23.1/GameJamCrew/Saved/CheeseFactory_001_BuiltDataFD40AEFC483F0DF3117086BA98B04863.tmp' to 'E:/GameDev/hggjam/GameJamHGGUnreal4.23.1/GameJamCrew/Content/Levels/CheeseFactory_001_BuiltData.uasset'
[2025.09.27-11.59.25:592][614]LogSlate: FSceneViewport::OnFocusLost() reason 2
[2025.09.27-11.59.28:184][925]MapCheck: New page: Map Check
[2025.09.27-11.59.28:197][925]LogSlate: FSceneViewport::OnFocusLost() reason 5
[2025.09.27-11.59.28:200][925]LightingResults: New page: Lighting Build - Sep 27, 2025, 5:59:28 PM
[2025.09.27-11.59.28:205][925]LogSwarmInterface: [OpenConnection] Registering TCP channel ...
[2025.09.27-11.59.28:209][925]LogSwarmInterface: [OpenConnection] Connecting to agent ...
[2025.09.27-11.59.28:209][925]LogSwarmInterface: [TryOpenConnection] Testing the Agent
[2025.09.27-11.59.28:210][925]LogSwarmInterface: [TryOpenConnection] Opening Connection to Agent
[2025.09.27-11.59.28:210][925]LogSwarmInterface: [TryOpenConnection] Local Process ID is 24552
[2025.09.27-11.59.32:749][925]LogStaticLightingSystem: Running Lightmass w/ ImmediateImport mode ENABLED
[2025.09.27-11.59.32:749][925]LogStaticLightingSystem: Running Lightmass w/ ImmediateProcess mode ENABLED
[2025.09.27-11.59.32:749][925]LogStaticLightingSystem: Running Lightmass w/ Sorting mode ENABLED
[2025.09.27-11.59.32:749][925]LogStaticLightingSystem: Running Lightmass w/ Mapping paddings ENABLED
[2025.09.27-11.59.32:749][925]LogStaticLightingSystem: Running Lightmass w/ Mapping debug paddings DISABLED
[2025.09.27-11.59.32:831][925]LogEditorBuildUtils: Build time 0:04
[2025.09.27-11.59.32:839][925]LogMaterial: Display: Missing cached shader map for material FLightmassMaterialRenderer M_asphalt, compiling. 
[2025.09.27-11.59.32:843][925]LogMaterial: Display: Missing cached shader map for material FLightmassMaterialRenderer M_asphalt, compiling. 
[2025.09.27-11.59.33:021][925]LogShaderCompilers: Display: Worker (1/13): shaders left to compile 4
[2025.09.27-11.59.33:021][925]LogShaderCompilers: Display: Worker (2/13): shaders left to compile 3
[2025.09.27-11.59.33:021][925]LogShaderCompilers: Display: Worker (3/13): shaders left to compile 2
[2025.09.27-11.59.33:021][925]LogShaderCompilers: Display: Worker (4/13): shaders left to compile 1
[2025.09.27-11.59.33:386][927]LogUObjectHash: Compacting FUObjectHashTables data took   0.99ms
[2025.09.27-11.59.50:499][978]LightingResults: Warning: cylinder Object has overlapping UVs.
[2025.09.27-11.59.50:499][978]LightingResults: cylinder Lightmap UV are overlapping by 8.7%. Please adjust content - Enable Error Coloring to visualize.
[2025.09.27-12.00.44:614][741]Job is a success!
[2025.09.27-12.00.45:004][742]LogVolumetricLightmapImport: Imported Volumetric Lightmap in 0.003s
[2025.09.27-12.00.45:004][742]LogVolumetricLightmapImport:      Indirection Texture 16x16x16 = 0.0Mb
[2025.09.27-12.00.45:004][742]LogVolumetricLightmapImport:      BrickData 85x5x5 = 0.1Mb
[2025.09.27-12.00.45:004][742]LogVolumetricLightmapImport:      Bricks at Level
[2025.09.27-12.00.45:004][742]LogVolumetricLightmapImport:          0: 5.9% covering 100.0% of volume
[2025.09.27-12.00.45:004][742]LogVolumetricLightmapImport:          1: 5.9% covering 1.6% of volume
[2025.09.27-12.00.45:004][742]LogVolumetricLightmapImport:          2: 88.2% covering 0.4% of volume
[2025.09.27-12.00.46:888][742]LogTexture: Display: Building textures: HQ_Lightmap1_1 (AutoDXT, 1024X1024)
[2025.09.27-12.00.46:888][742]LogTexture: Display: Building textures: LQ_Lightmap_1_1 (DXT1, 1024X1024)
[2025.09.27-12.00.46:888][742]LogTexture: Display: Building textures: HQ_Lightmap1_2 (AutoDXT, 1024X1024)
[2025.09.27-12.00.46:888][742]LogTexture: Display: Building textures: LQ_Lightmap_1_2 (DXT1, 1024X1024)
[2025.09.27-12.00.46:888][742]LogTexture: Display: Building textures: HQ_Lightmap1_3 (AutoDXT, 1024X1024)
[2025.09.27-12.00.46:888][742]LogTexture: Display: Building textures: LQ_Lightmap_1_3 (DXT1, 1024X1024)
[2025.09.27-12.00.46:888][742]LogTexture: Display: Building textures: HQ_Lightmap1_4 (AutoDXT, 1024X1024)
[2025.09.27-12.00.46:888][742]LogTexture: Display: Building textures: LQ_Lightmap_1_4 (DXT1, 1024X1024)
[2025.09.27-12.00.46:888][742]LogTexture: Display: Building textures: HQ_Lightmap1_5 (AutoDXT, 1024X1024)
[2025.09.27-12.00.46:888][742]LogTexture: Display: Building textures: LQ_Lightmap_1_5 (DXT1, 1024X1024)
[2025.09.27-12.00.46:888][742]LogTexture: Display: Building textures: HQ_Lightmap1_6 (AutoDXT, 1024X1024)
[2025.09.27-12.00.46:888][742]LogTexture: Display: Building textures: LQ_Lightmap_1_6 (DXT1, 1024X1024)
[2025.09.27-12.00.46:888][742]LogTexture: Display: Building textures: HQ_Lightmap1_7 (AutoDXT, 1024X1024)
[2025.09.27-12.00.46:888][742]LogTexture: Display: Building textures: LQ_Lightmap_1_7 (DXT1, 1024X1024)
[2025.09.27-12.00.46:888][742]LogTexture: Display: Building textures: LQ_Lightmap_1_8 (DXT1, 1024X1024)
[2025.09.27-12.00.46:888][742]LogTexture: Display: Building textures: HQ_Lightmap1_8 (AutoDXT, 1024X1024)
[2025.09.27-12.00.46:888][742]LogTexture: Display: Building textures: HQ_Lightmap1_9 (AutoDXT, 1024X1024)
[2025.09.27-12.00.46:888][742]LogTexture: Display: Building textures: LQ_Lightmap_1_9 (DXT1, 1024X1024)
[2025.09.27-12.00.46:888][742]LogTexture: Display: Building textures: HQ_Lightmap1_10 (AutoDXT, 1024X1024)
[2025.09.27-12.00.46:888][742]LogTexture: Display: Building textures: LQ_Lightmap_1_10 (DXT1, 1024X1024)
[2025.09.27-12.00.46:888][742]LogTexture: Display: Building textures: HQ_Lightmap1_11 (AutoDXT, 1024X1024)
[2025.09.27-12.00.46:888][742]LogTexture: Display: Building textures: LQ_Lightmap_1_11 (DXT1, 1024X1024)
[2025.09.27-12.00.46:888][742]LogTexture: Display: Building textures: HQ_Lightmap1_12 (AutoDXT, 1024X1024)
[2025.09.27-12.00.46:888][742]LogTexture: Display: Building textures: LQ_Lightmap_1_12 (DXT1, 1024X1024)
[2025.09.27-12.00.46:888][742]LogTexture: Display: Building textures: HQ_Lightmap1_13 (AutoDXT, 1024X1024)
[2025.09.27-12.00.46:888][742]LogTexture: Display: Building textures: LQ_Lightmap_1_13 (DXT1, 1024X1024)
[2025.09.27-12.00.46:889][742]LogTexture: Display: Building textures: HQ_Lightmap1_14 (AutoDXT, 1024X1024)
[2025.09.27-12.00.46:889][742]LogTexture: Display: Building textures: LQ_Lightmap_1_14 (DXT1, 1024X1024)
[2025.09.27-12.00.46:889][742]LogTexture: Display: Building textures: HQ_Lightmap1_15 (AutoDXT, 1024X1024)
[2025.09.27-12.00.46:889][742]LogTexture: Display: Building textures: LQ_Lightmap_1_15 (DXT1, 1024X1024)
[2025.09.27-12.00.46:889][742]LogTexture: Display: Building textures: HQ_Lightmap1_16 (AutoDXT, 1024X1024)
[2025.09.27-12.00.46:889][742]LogTexture: Display: Building textures: LQ_Lightmap_1_16 (DXT1, 1024X1024)
[2025.09.27-12.00.46:889][742]LogTexture: Display: Building textures: HQ_Lightmap1_17 (AutoDXT, 512X512)
[2025.09.27-12.00.46:889][742]LogTexture: Display: Building textures: LQ_Lightmap_1_17 (DXT1, 512X512)
[2025.09.27-12.00.46:889][742]LogTexture: Display: Building textures: HQ_Lightmap0_18 (AutoDXT, 64X64)
[2025.09.27-12.00.46:889][742]LogTexture: Display: Building textures: LQ_Lightmap_0_18 (DXT1, 64X64)
[2025.09.27-12.00.47:015][742]LogTexture: Display: Building textures: ShadowMapTexture2D_41 (G8, 32X32)
[2025.09.27-12.00.47:015][742]LogTexture: Display: Building textures: ShadowMapTexture2D_39 (G8, 1024X1024)
[2025.09.27-12.00.47:015][742]LogTexture: Display: Building textures: ShadowMapTexture2D_37 (G8, 1024X1024)
[2025.09.27-12.00.47:015][742]LogTexture: Display: Building textures: ShadowMapTexture2D_36 (G8, 1024X1024)
[2025.09.27-12.00.47:015][742]LogTexture: Display: Building textures: ShadowMapTexture2D_38 (G8, 1024X1024)
[2025.09.27-12.00.47:015][742]LogTexture: Display: Building textures: ShadowMapTexture2D_40 (G8, 1024X1024)
[2025.09.27-12.00.47:034][742]LogStaticLightingSystem: CheeseFactory_001_BuiltData storing lightmap data for 877 meshes in 39 LightmapResourceClusters (22.5 Meshes per cluster).
[2025.09.27-12.00.47:057][742]Lightmass on CECOMAIN: 1:13 min total, 90 ms importing, 38 ms setup, 3.52 sec photons, 1:09 min processing, 0 ms extra exporting [877/877 mappings]. Threads: 17:25 min total, 12:40 min processing.
[2025.09.27-12.00.47:059][742]LogUObjectHash: Compacting FUObjectHashTables data took   0.85ms
[2025.09.27-12.00.47:063][742]LogStaticLightingSystem: Illumination: 1:18 min (1.48 sec encoding lightmaps, 121 ms encoding shadowmaps)
[2025.09.27-12.00.47:063][742]LogStaticLightingSystem: Lightmap texture memory:  32.5 MB (32.5 MB streaming, 0.0 MB non-streaming), 36 textures
[2025.09.27-12.00.47:063][742]LogStaticLightingSystem: Shadowmap texture memory: 6.7 MB (6.7 MB streaming, 0.0 MB non-streaming), 6 textures
[2025.09.27-12.00.47:813][742]DumpUnbuiltLightIteractions
[2025.09.27-12.00.47:813][742]Lights with unbuilt interactions: 0
[2025.09.27-12.00.47:813][742]
[2025.09.27-12.00.47:813][742]Primitives with unbuilt interactions: 0
[2025.09.27-12.00.48:035][743]Cmd: MAP CHECK NOTIFYRESULTS
[2025.09.27-12.00.48:035][743]MapCheck: New page: CheeseFactory_001 - Sep 27, 2025, 6:00:48 PM
[2025.09.27-12.00.48:037][743]MapCheck: Warning: Rail_2m_Side_76 Static mesh actor has NULL StaticMesh property 
[2025.09.27-12.00.48:037][743]MapCheck: Warning: Rail_2m_Side2 Static mesh actor has NULL StaticMesh property 
[2025.09.27-12.00.48:037][743]MapCheck: Warning: Rail_2m_Side3 Static mesh actor has NULL StaticMesh property 
[2025.09.27-12.00.48:037][743]MapCheck: Warning: Rail_2m_Side4 Static mesh actor has NULL StaticMesh property 
[2025.09.27-12.00.48:037][743]MapCheck: Warning: Rail_2m_Side5 Static mesh actor has NULL StaticMesh property 
[2025.09.27-12.00.48:037][743]MapCheck: Warning: Rail_2m_Side6 Static mesh actor has NULL StaticMesh property 
[2025.09.27-12.00.48:037][743]MapCheck: Warning: Rail_2m_Side7 Static mesh actor has NULL StaticMesh property 
[2025.09.27-12.00.48:037][743]MapCheck: Warning: Rail_2m_Side8_98 Static mesh actor has NULL StaticMesh property 
[2025.09.27-12.00.48:037][743]MapCheck: Warning: Rail_2m_Side9 Static mesh actor has NULL StaticMesh property 
[2025.09.27-12.00.48:037][743]MapCheck: Warning: Rail_2m_Side10 Static mesh actor has NULL StaticMesh property 
[2025.09.27-12.00.48:037][743]MapCheck: Warning: Rail_2m_Side11 Static mesh actor has NULL StaticMesh property 
[2025.09.27-12.00.48:037][743]MapCheck: Warning: Rail_2m_Side12 Static mesh actor has NULL StaticMesh property 
[2025.09.27-12.00.48:037][743]MapCheck: Warning: Rail_2m_Side13 Static mesh actor has NULL StaticMesh property 
[2025.09.27-12.00.48:037][743]MapCheck: Warning: Rail_2m_Side14 Static mesh actor has NULL StaticMesh property 
[2025.09.27-12.00.48:037][743]MapCheck: Warning: Rail_2m_Side15 Static mesh actor has NULL StaticMesh property 
[2025.09.27-12.00.48:037][743]MapCheck: Warning: Rail_2m_Side17 Static mesh actor has NULL StaticMesh property 
[2025.09.27-12.00.48:037][743]MapCheck: Warning: Rail_2m_Side18 Static mesh actor has NULL StaticMesh property 
[2025.09.27-12.00.48:037][743]MapCheck: Warning: Rail_2m_Side16 Static mesh actor has NULL StaticMesh property 
[2025.09.27-12.00.48:037][743]MapCheck: Warning: Rail_2m_Side19 Static mesh actor has NULL StaticMesh property 
[2025.09.27-12.00.48:037][743]MapCheck: Warning: Rail_2m_Side20 Static mesh actor has NULL StaticMesh property 
[2025.09.27-12.00.48:038][743]MapCheck: Warning: Rail_2m_Side21 Static mesh actor has NULL StaticMesh property 
[2025.09.27-12.00.48:038][743]MapCheck: Warning: Rail_2m_Side22 Static mesh actor has NULL StaticMesh property 
[2025.09.27-12.00.48:038][743]MapCheck: Warning: Rail_2m_Side24_203 Static mesh actor has NULL StaticMesh property 
[2025.09.27-12.00.48:038][743]MapCheck: Warning: Rail_2m_Side25 Static mesh actor has NULL StaticMesh property 
[2025.09.27-12.00.48:038][743]MapCheck: Map check complete: 0 Error(s), 24 Warning(s), took 2.897ms to complete.
[2025.09.27-12.05.30:613][726]LogSlate: FSceneViewport::OnFocusLost() reason 0
[2025.09.27-12.05.30:687][735]LogSlate: Window 'Message Log' being destroyed
[2025.09.27-12.05.30:693][735]LogSlate: Window 'Message Log' being destroyed
[2025.09.27-12.05.39:487][788]LogEditorViewport: Clicking on Actor (LMB): StaticMeshActor (floor01_2x95)
[2025.09.27-12.05.44:266][356]LogEditorViewport: Clicking on Actor (LMB): StaticMeshActor (wall01_2x21)
[2025.09.27-12.06.05:897][930]LogSlate: FSceneViewport::OnFocusLost() reason 0
[2025.09.27-12.06.18:573][436]LogEditorViewport: Clicking on Actor (LMB): StaticMeshActor (wall01_2x36)
[2025.09.27-12.06.19:131][500]LogEditorViewport: Clicking on Actor (context menu): StaticMeshActor (wall01_2x36)
[2025.09.27-12.06.19:145][500]LogSlate: FSceneViewport::OnFocusLost() reason 5
[2025.09.27-12.06.19:924][593]LogEditorViewport: Clicking on Actor (LMB): StaticMeshActor (wall01_2x37)
[2025.09.27-12.06.28:667][624]LogSlate: FSceneViewport::OnFocusLost() reason 2
[2025.09.27-12.06.39:562][915]LogEditorViewport: Clicking on Actor (LMB): StaticMeshActor (wall01_2x37)
[2025.09.27-12.06.41:776][175]LogEditorViewport: Clicking on Actor (LMB): StaticMeshActor (wall01_2x36)
[2025.09.27-12.06.42:642][276]LogEditorViewport: Clicking on Actor (LMB): StaticMeshActor (wall01_2x37)
[2025.09.27-12.06.43:705][401]Cmd: DELETE
[2025.09.27-12.06.43:705][401]Cmd: ACTOR DELETE
[2025.09.27-12.06.43:711][401]LogEditorActor: Deleted Actor: StaticMeshActor
[2025.09.27-12.06.43:731][401]LogUObjectHash: Compacting FUObjectHashTables data took   0.91ms
[2025.09.27-12.06.43:732][401]LogEditorActor: Deleted 1 Actors (0.027 secs)
[2025.09.27-12.06.44:574][502]LogEditorViewport: Clicking on Actor (LMB): StaticMeshActor (wall01_2x38)
[2025.09.27-12.06.49:577][ 92]LogEditorViewport: Clicking on Actor (LMB): StaticMeshActor (wall01_2x36)
[2025.09.27-12.06.50:125][153]LogEditorViewport: Clicking on Actor (LMB): StaticMeshActor (wall01_2x39)
[2025.09.27-12.06.53:929][600]LogEditorViewport: Clicking on Actor (LMB): StaticMeshActor (wall01_2x39)
[2025.09.27-12.06.56:905][949]LogEditorViewport: Clicking on Actor (LMB): StaticMeshActor (Skim_Milk2)
[2025.09.27-12.06.59:423][243]LogEditorViewport: Clicking on Actor (LMB): StaticMeshActor (wall01_2x38)
[2025.09.27-12.07.04:304][820]LogEditorViewport: Clicking on Actor (LMB): StaticMeshActor (wall01_2x39)
[2025.09.27-12.07.07:218][159]LogEditorViewport: Clicking on Actor (LMB): StaticMeshActor (wall01_2x36)
[2025.09.27-12.07.08:273][282]Cmd: DELETE
[2025.09.27-12.07.08:273][282]Cmd: ACTOR DELETE
[2025.09.27-12.07.08:280][282]LogEditorActor: Deleted Actor: StaticMeshActor
[2025.09.27-12.07.08:301][282]LogUObjectHash: Compacting FUObjectHashTables data took   0.76ms
[2025.09.27-12.07.08:302][282]LogEditorActor: Deleted 1 Actors (0.028 secs)
[2025.09.27-12.07.11:717][691]LogEditorViewport: Clicking on Actor (LMB): StaticMeshActor (wall01_2x53)
[2025.09.27-12.07.27:313][537]Cmd: TRANSACTION UNDO
[2025.09.27-12.07.27:313][537]LogEditorTransaction: Undo Move Actors
[2025.09.27-12.07.27:537][557]Cmd: TRANSACTION UNDO
[2025.09.27-12.07.27:537][557]LogEditorTransaction: Undo Move Actors
[2025.09.27-12.07.27:728][568]Cmd: TRANSACTION UNDO
[2025.09.27-12.07.27:728][568]LogEditorTransaction: Undo Move Actors
[2025.09.27-12.07.27:911][583]Cmd: TRANSACTION UNDO
[2025.09.27-12.07.27:911][583]LogEditorTransaction: Undo Clicking on Actors
[2025.09.27-12.07.28:101][605]Cmd: TRANSACTION UNDO
[2025.09.27-12.07.28:101][605]LogEditorTransaction: Undo Delete Actors
[2025.09.27-12.07.28:292][623]Cmd: TRANSACTION UNDO
[2025.09.27-12.07.28:292][623]LogEditorTransaction: Undo Clicking on Actors
[2025.09.27-12.07.28:691][668]Cmd: TRANSACTION UNDO
[2025.09.27-12.07.28:691][668]LogEditorTransaction: Undo Move Actors
[2025.09.27-12.07.29:040][709]Cmd: TRANSACTION UNDO
[2025.09.27-12.07.29:040][709]LogEditorTransaction: Undo Clicking on Actors
[2025.09.27-12.07.29:306][738]Cmd: TRANSACTION UNDO
[2025.09.27-12.07.29:306][738]LogEditorTransaction: Undo Clicking on Actors
[2025.09.27-12.07.29:590][770]Cmd: TRANSACTION UNDO
[2025.09.27-12.07.29:590][770]LogEditorTransaction: Undo Move Actors
[2025.09.27-12.07.29:840][799]Cmd: TRANSACTION UNDO
[2025.09.27-12.07.29:840][799]LogEditorTransaction: Undo Clicking on Actors
[2025.09.27-12.07.30:080][825]Cmd: TRANSACTION UNDO
[2025.09.27-12.07.30:080][825]LogEditorTransaction: Undo Clicking on Actors
[2025.09.27-12.07.30:512][874]Cmd: TRANSACTION UNDO
[2025.09.27-12.07.30:512][874]LogEditorTransaction: Undo Move Actors
[2025.09.27-12.07.30:867][912]Cmd: TRANSACTION UNDO
[2025.09.27-12.07.30:867][912]LogEditorTransaction: Undo Clicking on Actors
[2025.09.27-12.07.31:246][955]Cmd: TRANSACTION UNDO
[2025.09.27-12.07.31:246][955]LogEditorTransaction: Undo Move Actors
[2025.09.27-12.07.31:841][ 26]Cmd: TRANSACTION UNDO
[2025.09.27-12.07.31:841][ 26]LogEditorTransaction: Undo Clicking on Actors
[2025.09.27-12.07.32:288][ 77]Cmd: TRANSACTION UNDO
[2025.09.27-12.07.32:288][ 77]LogEditorTransaction: Undo Clicking on Actors
[2025.09.27-12.07.32:733][128]Cmd: TRANSACTION UNDO
[2025.09.27-12.07.32:733][128]LogEditorTransaction: Undo Clicking on Actors
[2025.09.27-12.07.33:075][167]Cmd: TRANSACTION UNDO
[2025.09.27-12.07.33:075][167]LogEditorTransaction: Undo Move Actors
[2025.09.27-12.07.34:716][357]Cmd: TRANSACTION UNDO
[2025.09.27-12.07.34:716][357]LogEditorTransaction: Undo Move Actors
[2025.09.27-12.07.35:148][406]Cmd: TRANSACTION UNDO
[2025.09.27-12.07.35:148][406]LogEditorTransaction: Undo Clicking on Actors
[2025.09.27-12.07.36:033][512]LogEditorViewport: Clicking on Actor (LMB): StaticMeshActor (wall01_2x38)
[2025.09.27-12.07.37:759][716]Cmd: DELETE
[2025.09.27-12.07.37:759][716]Cmd: ACTOR DELETE
[2025.09.27-12.07.37:765][716]LogEditorActor: Deleted Actor: StaticMeshActor
[2025.09.27-12.07.37:785][716]LogUObjectHash: Compacting FUObjectHashTables data took   0.42ms
[2025.09.27-12.07.37:785][716]LogEditorActor: Deleted 1 Actors (0.026 secs)
[2025.09.27-12.07.37:994][741]LogEditorViewport: Clicking on Actor (LMB): StaticMeshActor (wall01_2x36)
[2025.09.27-12.07.44:728][532]LogEditorViewport: Clicking on Actor (LMB): StaticMeshActor (wall01_2x36)
[2025.09.27-12.08.13:025][882]LogEditorViewport: Clicking on Actor (LMB): StaticMeshActor (wall01_2x36)
[2025.09.27-12.08.28:357][673]LogEditorViewport: Clicking on Actor (LMB): StaticMeshActor (wall01_2x105)
[2025.09.27-12.08.33:492][274]LogEditorViewport: Clicking on Actor (LMB): StaticMeshActor (wall01_2x176)
[2025.09.27-12.08.39:918][ 32]LogEditorViewport: Clicking on Actor (LMB): StaticMeshActor (wall01_2x178)
[2025.09.27-12.09.06:697][209]LogEditorViewport: Clicking on Actor (LMB): StaticMeshActor (wall01_2x180)
[2025.09.27-12.09.08:683][442]LogEditorViewport: Clicking on Actor (LMB): StaticMeshActor (wall01_2x37)
[2025.09.27-12.09.25:579][457]LogEditorViewport: Clicking on Actor (LMB): StaticMeshActor (wall01_2x53)
[2025.09.27-12.09.30:353][ 15]LogEditorViewport: Clicking on Actor (LMB): StaticMeshActor (wall01_2x53)
[2025.09.27-12.09.32:296][242]LogEditorViewport: Clicking on Actor (LMB): StaticMeshActor (wall01_2x53)
[2025.09.27-12.09.54:221][824]LogEditorViewport: Clicking on Actor (LMB): StaticMeshActor (wall01_2x186)
[2025.09.27-12.09.56:117][ 46]LogEditorViewport: Clicking on Actor (LMB): StaticMeshActor (shelf2)
[2025.09.27-12.09.56:354][ 70]Cmd: ACTOR HIDE SELECTED
[2025.09.27-12.09.56:830][127]LogEditorViewport: Clicking on Actor (LMB): StaticMeshActor (wall01_2x186)
[2025.09.27-12.10.00:330][538]LogSlate: FSceneViewport::OnFocusLost() reason 2
[2025.09.27-12.10.04:849][ 72]LogEditorViewport: Clicking on Actor (LMB): StaticMeshActor (floor01_2x71)
[2025.09.27-12.10.08:316][485]Cmd: TRANSACTION UNDO
[2025.09.27-12.10.08:316][485]LogEditorTransaction: Undo Clicking on Actors
[2025.09.27-12.10.08:652][522]Cmd: TRANSACTION UNDO
[2025.09.27-12.10.08:652][522]LogEditorTransaction: Undo Move Actors
[2025.09.27-12.10.10:433][735]Cmd: TRANSACTION REDO
[2025.09.27-12.10.10:433][735]LogEditorTransaction: Redo Move Actors
[2025.09.27-12.10.11:958][915]LogSlate: FSceneViewport::OnFocusLost() reason 5
[2025.09.27-12.10.15:223][306]Cmd: TRANSACTION UNDO
[2025.09.27-12.10.15:223][306]LogEditorTransaction: Undo Move Actors
[2025.09.27-12.10.15:624][353]Cmd: TRANSACTION UNDO
[2025.09.27-12.10.15:624][353]LogEditorTransaction: Undo Edit Static Mesh
[2025.09.27-12.10.16:153][415]Cmd: TRANSACTION UNDO
[2025.09.27-12.10.16:153][415]LogEditorTransaction: Undo Move Actors
[2025.09.27-12.10.16:659][471]Cmd: TRANSACTION UNDO
[2025.09.27-12.10.16:659][471]LogEditorTransaction: Undo Clicking on Actors
[2025.09.27-12.10.17:010][512]Cmd: TRANSACTION UNDO
[2025.09.27-12.10.17:010][512]LogEditorTransaction: Undo Hide Selected
[2025.09.27-12.10.18:083][638]LogEditorViewport: Clicking on Actor (LMB): StaticMeshActor (wall01_2x185)
[2025.09.27-12.10.21:480][ 36]LogEditorViewport: Clicking on Actor (LMB): StaticMeshActor (wall01_2x186)
[2025.09.27-12.10.24:770][412]LogSlate: FSceneViewport::OnFocusLost() reason 2
[2025.09.27-12.10.36:186][763]LogEditorViewport: Clicking on Actor (LMB): StaticMeshActor (wall01_2x184)
[2025.09.27-12.10.48:812][226]LogEditorViewport: Clicking on Actor (LMB): StaticMeshActor (wall01_2x191)
[2025.09.27-12.10.53:559][777]LogEditorViewport: Clicking on Actor (LMB): StaticMeshActor (wall01_2x187)
[2025.09.27-12.10.57:879][278]LogEditorViewport: Clicking on Actor (LMB): StaticMeshActor (wall01_2x191)
[2025.09.27-12.11.24:954][493]LogEditorViewport: Clicking on Actor (LMB): StaticMeshActor (shelf4)
[2025.09.27-12.11.40:692][365]LogEditorViewport: Clicking on Actor (LMB): StaticMeshActor (wall01_2x37)
[2025.09.27-12.11.47:260][138]LogSlate: FSceneViewport::OnFocusLost() reason 2
[2025.09.27-12.11.48:636][303]MapCheck: New page: Map Check
[2025.09.27-12.11.48:648][303]LogSlate: FSceneViewport::OnFocusLost() reason 5
[2025.09.27-12.11.48:650][303]LightingResults: New page: Lighting Build - Sep 27, 2025, 6:11:48 PM
[2025.09.27-12.11.48:655][303]LogSwarmInterface: [OpenConnection] Registering TCP channel ...
[2025.09.27-12.11.48:660][303]LogSwarmInterface: [OpenConnection] Connecting to agent ...
[2025.09.27-12.11.48:660][303]LogSwarmInterface: [TryOpenConnection] Testing the Agent
[2025.09.27-12.11.48:660][303]LogSwarmInterface: [TryOpenConnection] Opening Connection to Agent
[2025.09.27-12.11.48:660][303]LogSwarmInterface: [TryOpenConnection] Local Process ID is 24552
[2025.09.27-12.11.53:236][303]LogStaticLightingSystem: Running Lightmass w/ ImmediateImport mode ENABLED
[2025.09.27-12.11.53:237][303]LogStaticLightingSystem: Running Lightmass w/ ImmediateProcess mode ENABLED
[2025.09.27-12.11.53:237][303]LogStaticLightingSystem: Running Lightmass w/ Sorting mode ENABLED
[2025.09.27-12.11.53:237][303]LogStaticLightingSystem: Running Lightmass w/ Mapping paddings ENABLED
[2025.09.27-12.11.53:237][303]LogStaticLightingSystem: Running Lightmass w/ Mapping debug paddings DISABLED
[2025.09.27-12.11.53:317][303]LogEditorBuildUtils: Build time 0:04
[2025.09.27-12.11.53:366][304]LogUObjectHash: Compacting FUObjectHashTables data took   1.10ms
[2025.09.27-12.12.13:499][364]LogUObjectHash: Compacting FUObjectHashTables data took   0.56ms
[2025.09.27-12.12.13:892][364]LogSavePackage: Moving 'E:/GameDev/hggjam/GameJamHGGUnreal4.23.1/GameJamCrew/Saved/CheeseFactory_001_Auto27FA17AC94D68DD7E845EA6AAC712BF79.tmp' to 'E:/GameDev/hggjam/GameJamHGGUnreal4.23.1/GameJamCrew/Saved/Autosaves/Game/Levels/CheeseFactory_001_Auto2.umap'
[2025.09.27-12.12.13:895][364]LogFileHelpers: Editor autosave (incl. sublevels) for '/Game/Levels/CheeseFactory_001' took 0.417
[2025.09.27-12.12.13:895][364]LogFileHelpers: Editor autosave (incl. sublevels) for all levels took 0.417
[2025.09.27-12.12.13:896][364]OBJ SavePackage: Generating thumbnails for [1] asset(s) in package [/Game/LevelAssets/Materials/asphalt/asphalt_color] ([1] browsable assets)...
[2025.09.27-12.12.13:901][364]OBJ SavePackage:     Rendered thumbnail for [Texture2D /Game/LevelAssets/Materials/asphalt/asphalt_color.asphalt_color]
[2025.09.27-12.12.13:901][364]OBJ SavePackage: Finished generating thumbnails for package [/Game/LevelAssets/Materials/asphalt/asphalt_color]
[2025.09.27-12.12.13:909][364]LogSavePackage: Moving 'E:/GameDev/hggjam/GameJamHGGUnreal4.23.1/GameJamCrew/Saved/asphalt_color_Auto2C8A3D46842D473656B39618FCDBF8710.tmp' to 'E:/GameDev/hggjam/GameJamHGGUnreal4.23.1/GameJamCrew/Saved/Autosaves/Game/LevelAssets/Materials/asphalt/asphalt_color_Auto2.uasset'
[2025.09.27-12.12.13:909][364]OBJ SavePackage: Generating thumbnails for [1] asset(s) in package [/Game/LevelAssets/Materials/asphalt/asphalt_mixed] ([1] browsable assets)...
[2025.09.27-12.12.13:914][364]OBJ SavePackage:     Rendered thumbnail for [Texture2D /Game/LevelAssets/Materials/asphalt/asphalt_mixed.asphalt_mixed]
[2025.09.27-12.12.13:914][364]OBJ SavePackage: Finished generating thumbnails for package [/Game/LevelAssets/Materials/asphalt/asphalt_mixed]
[2025.09.27-12.12.13:927][364]LogSavePackage: Moving 'E:/GameDev/hggjam/GameJamHGGUnreal4.23.1/GameJamCrew/Saved/asphalt_mixed_Auto2B97FF2C54BE2A7A254B202817767B44C.tmp' to 'E:/GameDev/hggjam/GameJamHGGUnreal4.23.1/GameJamCrew/Saved/Autosaves/Game/LevelAssets/Materials/asphalt/asphalt_mixed_Auto2.uasset'
[2025.09.27-12.12.13:930][364]LogFileHelpers: Auto-saving content packages took 0.035
[2025.09.27-12.13.01:656][727]LightingResults: Warning: cylinder Object has overlapping UVs.
[2025.09.27-12.13.01:656][727]LightingResults: cylinder Lightmap UV are overlapping by 8.7%. Please adjust content - Enable Error Coloring to visualize.
[2025.09.27-12.13.04:348][736]Job is a success!
[2025.09.27-12.13.05:065][737]LogVolumetricLightmapImport: Imported Volumetric Lightmap in 0.003s
[2025.09.27-12.13.05:065][737]LogVolumetricLightmapImport:      Indirection Texture 16x16x16 = 0.0Mb
[2025.09.27-12.13.05:065][737]LogVolumetricLightmapImport:      BrickData 85x5x5 = 0.1Mb
[2025.09.27-12.13.05:065][737]LogVolumetricLightmapImport:      Bricks at Level
[2025.09.27-12.13.05:065][737]LogVolumetricLightmapImport:          0: 5.9% covering 100.0% of volume
[2025.09.27-12.13.05:065][737]LogVolumetricLightmapImport:          1: 5.9% covering 1.6% of volume
[2025.09.27-12.13.05:065][737]LogVolumetricLightmapImport:          2: 88.2% covering 0.4% of volume
[2025.09.27-12.13.06:993][737]LogTexture: Display: Building textures: HQ_Lightmap0_1 (AutoDXT, 1024X1024)
[2025.09.27-12.13.06:993][737]LogTexture: Display: Building textures: LQ_Lightmap_0_1 (DXT1, 1024X1024)
[2025.09.27-12.13.06:993][737]LogTexture: Display: Building textures: HQ_Lightmap0_2 (AutoDXT, 1024X1024)
[2025.09.27-12.13.06:993][737]LogTexture: Display: Building textures: LQ_Lightmap_0_2 (DXT1, 1024X1024)
[2025.09.27-12.13.06:993][737]LogTexture: Display: Building textures: HQ_Lightmap0_3 (AutoDXT, 1024X1024)
[2025.09.27-12.13.06:993][737]LogTexture: Display: Building textures: LQ_Lightmap_0_3 (DXT1, 1024X1024)
[2025.09.27-12.13.06:993][737]LogTexture: Display: Building textures: HQ_Lightmap0_4 (AutoDXT, 1024X1024)
[2025.09.27-12.13.06:993][737]LogTexture: Display: Building textures: LQ_Lightmap_0_4 (DXT1, 1024X1024)
[2025.09.27-12.13.06:993][737]LogTexture: Display: Building textures: HQ_Lightmap0_5 (AutoDXT, 1024X1024)
[2025.09.27-12.13.06:993][737]LogTexture: Display: Building textures: LQ_Lightmap_0_5 (DXT1, 1024X1024)
[2025.09.27-12.13.06:993][737]LogTexture: Display: Building textures: HQ_Lightmap0_6 (AutoDXT, 1024X1024)
[2025.09.27-12.13.06:993][737]LogTexture: Display: Building textures: LQ_Lightmap_0_6 (DXT1, 1024X1024)
[2025.09.27-12.13.06:993][737]LogTexture: Display: Building textures: HQ_Lightmap0_7 (AutoDXT, 1024X1024)
[2025.09.27-12.13.06:993][737]LogTexture: Display: Building textures: LQ_Lightmap_0_7 (DXT1, 1024X1024)
[2025.09.27-12.13.06:993][737]LogTexture: Display: Building textures: HQ_Lightmap0_8 (AutoDXT, 1024X1024)
[2025.09.27-12.13.06:993][737]LogTexture: Display: Building textures: LQ_Lightmap_0_8 (DXT1, 1024X1024)
[2025.09.27-12.13.06:993][737]LogTexture: Display: Building textures: HQ_Lightmap0_9 (AutoDXT, 1024X1024)
[2025.09.27-12.13.06:993][737]LogTexture: Display: Building textures: LQ_Lightmap_0_9 (DXT1, 1024X1024)
[2025.09.27-12.13.06:993][737]LogTexture: Display: Building textures: HQ_Lightmap0_10 (AutoDXT, 1024X1024)
[2025.09.27-12.13.06:993][737]LogTexture: Display: Building textures: LQ_Lightmap_0_10 (DXT1, 1024X1024)
[2025.09.27-12.13.06:993][737]LogTexture: Display: Building textures: HQ_Lightmap0_11 (AutoDXT, 1024X1024)
[2025.09.27-12.13.06:993][737]LogTexture: Display: Building textures: LQ_Lightmap_0_11 (DXT1, 1024X1024)
[2025.09.27-12.13.06:993][737]LogTexture: Display: Building textures: HQ_Lightmap0_12 (AutoDXT, 1024X1024)
[2025.09.27-12.13.06:993][737]LogTexture: Display: Building textures: LQ_Lightmap_0_12 (DXT1, 1024X1024)
[2025.09.27-12.13.06:993][737]LogTexture: Display: Building textures: HQ_Lightmap0_13 (AutoDXT, 1024X1024)
[2025.09.27-12.13.06:993][737]LogTexture: Display: Building textures: LQ_Lightmap_0_13 (DXT1, 1024X1024)
[2025.09.27-12.13.06:993][737]LogTexture: Display: Building textures: HQ_Lightmap0_14 (AutoDXT, 1024X1024)
[2025.09.27-12.13.06:993][737]LogTexture: Display: Building textures: LQ_Lightmap_0_14 (DXT1, 1024X1024)
[2025.09.27-12.13.06:993][737]LogTexture: Display: Building textures: HQ_Lightmap0_15 (AutoDXT, 1024X1024)
[2025.09.27-12.13.06:993][737]LogTexture: Display: Building textures: LQ_Lightmap_0_15 (DXT1, 1024X1024)
[2025.09.27-12.13.06:993][737]LogTexture: Display: Building textures: HQ_Lightmap0_16 (AutoDXT, 1024X1024)
[2025.09.27-12.13.06:993][737]LogTexture: Display: Building textures: LQ_Lightmap_0_16 (DXT1, 1024X1024)
[2025.09.27-12.13.06:993][737]LogTexture: Display: Building textures: HQ_Lightmap0_17 (AutoDXT, 1024X1024)
[2025.09.27-12.13.06:993][737]LogTexture: Display: Building textures: LQ_Lightmap_0_17 (DXT1, 1024X1024)
[2025.09.27-12.13.06:993][737]LogTexture: Display: Building textures: HQ_Lightmap1_18 (AutoDXT, 64X64)
[2025.09.27-12.13.06:993][737]LogTexture: Display: Building textures: LQ_Lightmap_1_18 (DXT1, 64X64)
[2025.09.27-12.13.07:117][737]LogTexture: Display: Building textures: ShadowMapTexture2D_47 (G8, 32X32)
[2025.09.27-12.13.07:117][737]LogTexture: Display: Building textures: ShadowMapTexture2D_46 (G8, 1024X1024)
[2025.09.27-12.13.07:117][737]LogTexture: Display: Building textures: ShadowMapTexture2D_44 (G8, 1024X1024)
[2025.09.27-12.13.07:117][737]LogTexture: Display: Building textures: ShadowMapTexture2D_45 (G8, 1024X1024)
[2025.09.27-12.13.07:117][737]LogTexture: Display: Building textures: ShadowMapTexture2D_43 (G8, 1024X1024)
[2025.09.27-12.13.07:117][737]LogTexture: Display: Building textures: ShadowMapTexture2D_42 (G8, 1024X1024)
[2025.09.27-12.13.07:133][737]Lightmass on CECOMAIN: 1:13 min total, 89 ms importing, 37 ms setup, 3.79 sec photons, 1:09 min processing, 0 ms extra exporting [907/907 mappings]. Threads: 17:23 min total, 12:42 min processing.
[2025.09.27-12.13.07:140][737]LogStaticLightingSystem: CheeseFactory_001_BuiltData storing lightmap data for 907 meshes in 41 LightmapResourceClusters (22.1 Meshes per cluster).
[2025.09.27-12.13.07:164][737]LogUObjectHash: Compacting FUObjectHashTables data took   1.09ms
[2025.09.27-12.13.07:167][737]LogStaticLightingSystem: Illumination: 1:18 min (1.52 sec encoding lightmaps, 120 ms encoding shadowmaps)
[2025.09.27-12.13.07:167][737]LogStaticLightingSystem: Lightmap texture memory:  34.0 MB (34.0 MB streaming, 0.0 MB non-streaming), 36 textures
[2025.09.27-12.13.07:167][737]LogStaticLightingSystem: Shadowmap texture memory: 6.7 MB (6.7 MB streaming, 0.0 MB non-streaming), 6 textures
[2025.09.27-12.13.07:302][737]DumpUnbuiltLightIteractions
[2025.09.27-12.13.07:302][737]Lights with unbuilt interactions: 0
[2025.09.27-12.13.07:302][737]
[2025.09.27-12.13.07:302][737]Primitives with unbuilt interactions: 0
[2025.09.27-12.13.07:522][738]Cmd: MAP CHECK NOTIFYRESULTS
[2025.09.27-12.13.07:522][738]MapCheck: New page: CheeseFactory_001 - Sep 27, 2025, 6:13:07 PM
[2025.09.27-12.13.07:524][738]MapCheck: Warning: Rail_2m_Side_76 Static mesh actor has NULL StaticMesh property 
[2025.09.27-12.13.07:524][738]MapCheck: Warning: Rail_2m_Side2 Static mesh actor has NULL StaticMesh property 
[2025.09.27-12.13.07:524][738]MapCheck: Warning: Rail_2m_Side3 Static mesh actor has NULL StaticMesh property 
[2025.09.27-12.13.07:524][738]MapCheck: Warning: Rail_2m_Side4 Static mesh actor has NULL StaticMesh property 
[2025.09.27-12.13.07:524][738]MapCheck: Warning: Rail_2m_Side5 Static mesh actor has NULL StaticMesh property 
[2025.09.27-12.13.07:524][738]MapCheck: Warning: Rail_2m_Side6 Static mesh actor has NULL StaticMesh property 
[2025.09.27-12.13.07:524][738]MapCheck: Warning: Rail_2m_Side7 Static mesh actor has NULL StaticMesh property 
[2025.09.27-12.13.07:524][738]MapCheck: Warning: Rail_2m_Side8_98 Static mesh actor has NULL StaticMesh property 
[2025.09.27-12.13.07:524][738]MapCheck: Warning: Rail_2m_Side9 Static mesh actor has NULL StaticMesh property 
[2025.09.27-12.13.07:524][738]MapCheck: Warning: Rail_2m_Side10 Static mesh actor has NULL StaticMesh property 
[2025.09.27-12.13.07:524][738]MapCheck: Warning: Rail_2m_Side11 Static mesh actor has NULL StaticMesh property 
[2025.09.27-12.13.07:524][738]MapCheck: Warning: Rail_2m_Side12 Static mesh actor has NULL StaticMesh property 
[2025.09.27-12.13.07:524][738]MapCheck: Warning: Rail_2m_Side13 Static mesh actor has NULL StaticMesh property 
[2025.09.27-12.13.07:524][738]MapCheck: Warning: Rail_2m_Side14 Static mesh actor has NULL StaticMesh property 
[2025.09.27-12.13.07:524][738]MapCheck: Warning: Rail_2m_Side15 Static mesh actor has NULL StaticMesh property 
[2025.09.27-12.13.07:524][738]MapCheck: Warning: Rail_2m_Side17 Static mesh actor has NULL StaticMesh property 
[2025.09.27-12.13.07:524][738]MapCheck: Warning: Rail_2m_Side18 Static mesh actor has NULL StaticMesh property 
[2025.09.27-12.13.07:524][738]MapCheck: Warning: Rail_2m_Side16 Static mesh actor has NULL StaticMesh property 
[2025.09.27-12.13.07:524][738]MapCheck: Warning: Rail_2m_Side19 Static mesh actor has NULL StaticMesh property 
[2025.09.27-12.13.07:524][738]MapCheck: Warning: Rail_2m_Side20 Static mesh actor has NULL StaticMesh property 
[2025.09.27-12.13.07:524][738]MapCheck: Warning: Rail_2m_Side21 Static mesh actor has NULL StaticMesh property 
[2025.09.27-12.13.07:524][738]MapCheck: Warning: Rail_2m_Side22 Static mesh actor has NULL StaticMesh property 
[2025.09.27-12.13.07:524][738]MapCheck: Warning: Rail_2m_Side24_203 Static mesh actor has NULL StaticMesh property 
[2025.09.27-12.13.07:524][738]MapCheck: Warning: Rail_2m_Side25 Static mesh actor has NULL StaticMesh property 
[2025.09.27-12.13.07:524][738]MapCheck: Map check complete: 0 Error(s), 24 Warning(s), took 2.904ms to complete.
[2025.09.27-12.13.10:360][843]LogSlate: FSceneViewport::OnFocusLost() reason 0
[2025.09.27-12.13.10:435][852]LogSlate: Window 'Message Log' being destroyed
[2025.09.27-12.13.10:442][852]LogSlate: Window 'Message Log' being destroyed
[2025.09.27-12.13.10:991][918]LogEditorViewport: Clicking on Actor (LMB): StaticMeshActor (Stair2)
[2025.09.27-12.13.12:690][119]LogEditorViewport: Clicking on Actor (LMB): StaticMeshActor (shelf3)
[2025.09.27-12.13.15:709][474]LogEditorViewport: Clicking on Actor (LMB): StaticMeshActor (Stair2)
[2025.09.27-12.13.18:007][747]LogEditorViewport: Clicking on Actor (LMB): StaticMeshActor (Stair2)
[2025.09.27-12.13.26:967][816]LogEditorViewport: Clicking on Actor (LMB): StaticMeshActor (Stair)
[2025.09.27-12.13.55:034][169]LogEditorViewport: Clicking on Actor (LMB): StaticMeshActor (floor01_2x79)
[2025.09.27-12.14.00:192][781]LogEditorViewport: Clicking on Actor (LMB): StaticMeshActor (floor01_2x70)
[2025.09.27-12.14.02:144][  9]LogEditorViewport: Clicking on Actor (LMB): StaticMeshActor (floor01_2x71)
[2025.09.27-12.14.58:218][741]LogEditorViewport: Clicking on Actor (LMB): StaticMeshActor (wall01_2x193)
[2025.09.27-12.15.03:360][352]LogEditorViewport: Clicking on Actor (LMB): StaticMeshActor (floor01_2x88)
[2025.09.27-12.15.19:204][241]LogEditorViewport: Clicking on Actor (LMB): StaticMeshActor (floor01_2x31)
[2025.09.27-12.15.19:937][325]LogEditorViewport: Clicking on Actor (LMB): StaticMeshActor (floor01_2x35)
[2025.09.27-12.15.24:772][902]LogEditorViewport: Clicking on Actor (LMB): StaticMeshActor (floor01_2x34)
[2025.09.27-12.15.27:724][251]LogEditorViewport: Clicking on Actor (LMB): StaticMeshActor (floor01_2x37)
[2025.09.27-12.15.34:648][883]LogSlate: FSceneViewport::OnFocusLost() reason 0
[2025.09.27-12.15.47:990][480]LogEditorViewport: Clicking on Actor (LMB): StaticMeshActor (floor01_2x23)
[2025.09.27-12.15.49:612][671]LogSlate: FSceneViewport::OnFocusLost() reason 0
[2025.09.27-12.15.53:481][115]LogSlate: FSceneViewport::OnFocusLost() reason 0
[2025.09.27-12.15.55:356][334]LogSlate: FSceneViewport::OnFocusLost() reason 0
[2025.09.27-12.15.57:319][566]LogEditorViewport: Clicking on Actor (LMB): StaticMeshActor (floor01_2x24)
[2025.09.27-12.15.59:858][866]LogEditorViewport: Clicking on Actor (LMB): StaticMeshActor (floor01_2x28)
[2025.09.27-12.16.02:245][148]LogSlate: FSceneViewport::OnFocusLost() reason 2
[2025.09.27-12.16.06:368][636]LogEditorViewport: Clicking on Actor (LMB): StaticMeshActor (floor01_2x29)
[2025.09.27-12.16.13:735][517]Cmd: DELETE
[2025.09.27-12.16.13:735][517]Cmd: ACTOR DELETE
[2025.09.27-12.16.13:743][517]LogEditorActor: Deleted Actor: StaticMeshActor
[2025.09.27-12.16.13:762][517]LogUObjectHash: Compacting FUObjectHashTables data took   0.62ms
[2025.09.27-12.16.13:762][517]LogEditorActor: Deleted 1 Actors (0.027 secs)
[2025.09.27-12.16.14:595][617]LogEditorViewport: Clicking on Actor (LMB): StaticMeshActor (floor01_2x28)
[2025.09.27-12.16.19:566][206]LogEditorViewport: Clicking on Actor (LMB): StaticMeshActor (floor01_2x30)
[2025.09.27-12.16.21:735][459]Cmd: DELETE
[2025.09.27-12.16.21:735][459]Cmd: ACTOR DELETE
[2025.09.27-12.16.21:741][459]LogEditorActor: Deleted Actor: StaticMeshActor
[2025.09.27-12.16.21:741][459]LogEditorActor: Deleted Actor: StaticMeshActor
[2025.09.27-12.16.21:761][459]LogUObjectHash: Compacting FUObjectHashTables data took   0.72ms
[2025.09.27-12.16.21:762][459]LogEditorActor: Deleted 2 Actors (0.027 secs)
[2025.09.27-12.16.22:695][571]LogEditorViewport: Clicking on Actor (LMB): StaticMeshActor (Skim_Milk2)
[2025.09.27-12.16.23:329][644]Cmd: ACTOR HIDE SELECTED
[2025.09.27-12.16.24:305][761]Cmd: TRANSACTION UNDO
[2025.09.27-12.16.24:305][761]LogEditorTransaction: Undo Hide Selected
[2025.09.27-12.16.25:245][870]LogEditorViewport: Clicking on Actor (LMB): StaticMeshActor (floor01_2x28)
[2025.09.27-12.16.38:078][383]LogSlate: FSceneViewport::OnFocusLost() reason 0
[2025.09.27-12.16.50:961][917]Cmd: TRANSACTION UNDO
[2025.09.27-12.16.50:961][917]LogEditorTransaction: Undo Create Actors
[2025.09.27-12.16.52:282][ 63]LogSlate: FSceneViewport::OnFocusLost() reason 0
[2025.09.27-12.16.57:946][730]LogSlate: FSceneViewport::OnFocusLost() reason 0
[2025.09.27-12.17.00:162][990]LogSlate: FSceneViewport::OnFocusLost() reason 0
[2025.09.27-12.17.02:108][217]LogSlate: FSceneViewport::OnFocusLost() reason 0
[2025.09.27-12.17.05:698][642]LogSlate: FSceneViewport::OnFocusLost() reason 0
[2025.09.27-12.17.15:396][798]LogEditorViewport: Clicking on Actor (LMB): StaticMeshActor (floor01_2x35)
[2025.09.27-12.17.25:175][943]Cmd: DELETE
[2025.09.27-12.17.25:175][943]Cmd: ACTOR DELETE
[2025.09.27-12.17.25:181][943]LogEditorActor: Deleted Actor: StaticMeshActor
[2025.09.27-12.17.25:181][943]LogEditorActor: Deleted Actor: StaticMeshActor
[2025.09.27-12.17.25:181][943]LogEditorActor: Deleted Actor: StaticMeshActor
[2025.09.27-12.17.25:182][943]LogEditorActor: Deleted Actor: StaticMeshActor
[2025.09.27-12.17.25:182][943]LogEditorActor: Deleted Actor: StaticMeshActor
[2025.09.27-12.17.25:182][943]LogEditorActor: Deleted Actor: StaticMeshActor
[2025.09.27-12.17.25:182][943]LogEditorActor: Deleted Actor: StaticMeshActor
[2025.09.27-12.17.25:202][943]LogUObjectHash: Compacting FUObjectHashTables data took   0.73ms
[2025.09.27-12.17.25:202][943]LogEditorActor: Deleted 7 Actors (0.027 secs)
[2025.09.27-12.17.26:901][146]LogEditorViewport: Clicking on Actor (LMB): StaticMeshActor (floor01_2x41)
[2025.09.27-12.17.28:329][304]Cmd: DELETE
[2025.09.27-12.17.28:329][304]Cmd: ACTOR DELETE
[2025.09.27-12.17.28:335][304]LogEditorActor: Deleted Actor: StaticMeshActor
[2025.09.27-12.17.28:336][304]LogEditorActor: Deleted Actor: StaticMeshActor
[2025.09.27-12.17.28:336][304]LogEditorActor: Deleted Actor: StaticMeshActor
[2025.09.27-12.17.28:355][304]LogUObjectHash: Compacting FUObjectHashTables data took   0.41ms
[2025.09.27-12.17.28:355][304]LogEditorActor: Deleted 3 Actors (0.027 secs)
[2025.09.27-12.17.30:136][517]LogEditorViewport: Clicking on Actor (LMB): StaticMeshActor (floor01_2x30)
[2025.09.27-12.17.32:320][773]LogEditorViewport: Clicking on Actor (LMB): StaticMeshActor (floor01_2x204)
[2025.09.27-12.17.51:006][984]LogEditorViewport: Clicking on Actor (LMB): StaticMeshActor (floor01_2x204)
[2025.09.27-12.18.00:068][ 38]LogEditorViewport: Clicking on Actor (LMB): StaticMeshActor (floor01_2x31)
[2025.09.27-12.18.09:313][ 98]LogEditorViewport: Clicking on Actor (LMB): StaticMeshActor (floor01_2x36)
[2025.09.27-12.18.17:933][ 97]LogEditorViewport: Clicking on Actor (LMB): StaticMeshActor (floor01_2x32)
[2025.09.27-12.18.22:827][672]LogEditorViewport: Clicking on Actor (LMB): StaticMeshActor (floor01_2x41)
[2025.09.27-12.18.28:276][303]LogEditorViewport: Clicking on Actor (LMB): StaticMeshActor (floor01_2x34)
[2025.09.27-12.18.30:802][598]LogEditorViewport: Clicking on Actor (LMB): StaticMeshActor (floor01_2x94)
[2025.09.27-12.18.31:611][691]Cmd: TRANSACTION UNDO
[2025.09.27-12.18.31:611][691]LogEditorTransaction: Undo Clicking on Actors
[2025.09.27-12.18.32:980][849]Cmd: TRANSACTION UNDO
[2025.09.27-12.18.32:980][849]LogEditorTransaction: Undo Clicking on Actors
[2025.09.27-12.18.41:178][815]LogEditorViewport: Clicking on Actor (LMB): StaticMeshActor (floor01_2x39)
[2025.09.27-12.18.42:007][911]LogEditorViewport: Clicking on Actor (LMB): StaticMeshActor (floor01_2x209)
[2025.09.27-12.18.43:558][ 93]LogEditorViewport: Clicking on Actor (LMB): StaticMeshActor (floor01_2x39)
[2025.09.27-12.18.50:004][844]LogEditorViewport: Clicking on Actor (LMB): StaticMeshActor (floor01_2x92)
[2025.09.27-12.18.54:985][407]LogEditorViewport: Clicking on Actor (LMB): StaticMeshActor (floor01_2x38)
[2025.09.27-12.18.58:045][736]LogEditorViewport: Clicking on Actor (LMB): StaticMeshActor (floor01_2x41)
[2025.09.27-12.19.06:963][768]LogSlate: FSceneViewport::OnFocusLost() reason 5
[2025.09.27-12.19.06:969][768]Cmd: OBJ SAVEPACKAGE PACKAGE="/Game/Levels/CheeseFactory_001" FILE="E:/GameDev/hggjam/GameJamHGGUnreal4.23.1/GameJamCrew/Content/Levels/CheeseFactory_001.umap" SILENT=true AUTOSAVING=false KEEPDIRTY=false
[2025.09.27-12.19.06:990][768]LogUObjectHash: Compacting FUObjectHashTables data took   0.75ms
[2025.09.27-12.19.07:196][768]LogSavePackage: Moving 'E:/GameDev/hggjam/GameJamHGGUnreal4.23.1/GameJamCrew/Saved/CheeseFactory_0010E11FB174BC766EBAEA1C6A62AA7225A.tmp' to 'E:/GameDev/hggjam/GameJamHGGUnreal4.23.1/GameJamCrew/Content/Levels/CheeseFactory_001.umap'
[2025.09.27-12.19.07:208][768]Cmd: OBJ SAVEPACKAGE PACKAGE="/Game/Levels/CheeseFactory_001_BuiltData" FILE="E:/GameDev/hggjam/GameJamHGGUnreal4.23.1/GameJamCrew/Content/Levels/CheeseFactory_001_BuiltData.uasset" SILENT=true
[2025.09.27-12.19.07:753][768]LogSavePackage: Moving 'E:/GameDev/hggjam/GameJamHGGUnreal4.23.1/GameJamCrew/Saved/CheeseFactory_001_BuiltDataB84721D54D284427F78636B1CCFCD891.tmp' to 'E:/GameDev/hggjam/GameJamHGGUnreal4.23.1/GameJamCrew/Content/Levels/CheeseFactory_001_BuiltData.uasset'
[2025.09.27-12.19.08:756][885]LogSlate: FSceneViewport::OnFocusLost() reason 2
[2025.09.27-12.19.11:235][181]MapCheck: New page: Map Check
[2025.09.27-12.19.11:245][181]LogSlate: FSceneViewport::OnFocusLost() reason 5
[2025.09.27-12.19.11:248][181]LightingResults: New page: Lighting Build - Sep 27, 2025, 6:19:11 PM
[2025.09.27-12.19.11:253][181]LogSwarmInterface: [OpenConnection] Registering TCP channel ...
[2025.09.27-12.19.11:257][181]LogSwarmInterface: [OpenConnection] Connecting to agent ...
[2025.09.27-12.19.11:257][181]LogSwarmInterface: [TryOpenConnection] Testing the Agent
[2025.09.27-12.19.11:258][181]LogSwarmInterface: [TryOpenConnection] Opening Connection to Agent
[2025.09.27-12.19.11:258][181]LogSwarmInterface: [TryOpenConnection] Local Process ID is 24552
[2025.09.27-12.19.15:822][181]LogStaticLightingSystem: Running Lightmass w/ ImmediateImport mode ENABLED
[2025.09.27-12.19.15:822][181]LogStaticLightingSystem: Running Lightmass w/ ImmediateProcess mode ENABLED
[2025.09.27-12.19.15:822][181]LogStaticLightingSystem: Running Lightmass w/ Sorting mode ENABLED
[2025.09.27-12.19.15:822][181]LogStaticLightingSystem: Running Lightmass w/ Mapping paddings ENABLED
[2025.09.27-12.19.15:822][181]LogStaticLightingSystem: Running Lightmass w/ Mapping debug paddings DISABLED
[2025.09.27-12.19.15:903][181]LogEditorBuildUtils: Build time 0:04
[2025.09.27-12.19.15:949][182]LogUObjectHash: Compacting FUObjectHashTables data took   1.00ms
[2025.09.27-12.20.06:635][528]LightingResults: Warning: cylinder Object has overlapping UVs.
[2025.09.27-12.20.06:635][528]LightingResults: cylinder Lightmap UV are overlapping by 8.7%. Please adjust content - Enable Error Coloring to visualize.
[2025.09.27-12.20.30:063][ 20]Job is a success!
[2025.09.27-12.20.30:087][ 22]LogSlate: FSceneViewport::OnFocusLost() reason 5
[2025.09.27-12.20.30:132][ 22]LogVolumetricLightmapImport: Imported Volumetric Lightmap in 0.003s
[2025.09.27-12.20.30:132][ 22]LogVolumetricLightmapImport:      Indirection Texture 16x16x16 = 0.0Mb
[2025.09.27-12.20.30:132][ 22]LogVolumetricLightmapImport:      BrickData 85x5x5 = 0.1Mb
[2025.09.27-12.20.30:132][ 22]LogVolumetricLightmapImport:      Bricks at Level
[2025.09.27-12.20.30:132][ 22]LogVolumetricLightmapImport:          0: 5.9% covering 100.0% of volume
[2025.09.27-12.20.30:132][ 22]LogVolumetricLightmapImport:          1: 5.9% covering 1.6% of volume
[2025.09.27-12.20.30:132][ 22]LogVolumetricLightmapImport:          2: 88.2% covering 0.4% of volume
[2025.09.27-12.20.32:015][ 22]LogTexture: Display: Building textures: HQ_Lightmap1_1 (AutoDXT, 1024X1024)
[2025.09.27-12.20.32:015][ 22]LogTexture: Display: Building textures: LQ_Lightmap_1_1 (DXT1, 1024X1024)
[2025.09.27-12.20.32:015][ 22]LogTexture: Display: Building textures: HQ_Lightmap1_2 (AutoDXT, 1024X1024)
[2025.09.27-12.20.32:015][ 22]LogTexture: Display: Building textures: LQ_Lightmap_1_2 (DXT1, 1024X1024)
[2025.09.27-12.20.32:015][ 22]LogTexture: Display: Building textures: HQ_Lightmap1_3 (AutoDXT, 1024X1024)
[2025.09.27-12.20.32:015][ 22]LogTexture: Display: Building textures: LQ_Lightmap_1_3 (DXT1, 1024X1024)
[2025.09.27-12.20.32:015][ 22]LogTexture: Display: Building textures: HQ_Lightmap1_4 (AutoDXT, 1024X1024)
[2025.09.27-12.20.32:015][ 22]LogTexture: Display: Building textures: LQ_Lightmap_1_4 (DXT1, 1024X1024)
[2025.09.27-12.20.32:015][ 22]LogTexture: Display: Building textures: HQ_Lightmap1_5 (AutoDXT, 1024X1024)
[2025.09.27-12.20.32:015][ 22]LogTexture: Display: Building textures: LQ_Lightmap_1_5 (DXT1, 1024X1024)
[2025.09.27-12.20.32:015][ 22]LogTexture: Display: Building textures: HQ_Lightmap1_6 (AutoDXT, 1024X1024)
[2025.09.27-12.20.32:015][ 22]LogTexture: Display: Building textures: LQ_Lightmap_1_6 (DXT1, 1024X1024)
[2025.09.27-12.20.32:015][ 22]LogTexture: Display: Building textures: HQ_Lightmap1_7 (AutoDXT, 1024X1024)
[2025.09.27-12.20.32:015][ 22]LogTexture: Display: Building textures: LQ_Lightmap_1_7 (DXT1, 1024X1024)
[2025.09.27-12.20.32:015][ 22]LogTexture: Display: Building textures: HQ_Lightmap1_8 (AutoDXT, 1024X1024)
[2025.09.27-12.20.32:015][ 22]LogTexture: Display: Building textures: LQ_Lightmap_1_8 (DXT1, 1024X1024)
[2025.09.27-12.20.32:015][ 22]LogTexture: Display: Building textures: HQ_Lightmap1_9 (AutoDXT, 1024X1024)
[2025.09.27-12.20.32:015][ 22]LogTexture: Display: Building textures: LQ_Lightmap_1_9 (DXT1, 1024X1024)
[2025.09.27-12.20.32:015][ 22]LogTexture: Display: Building textures: HQ_Lightmap1_10 (AutoDXT, 1024X1024)
[2025.09.27-12.20.32:015][ 22]LogTexture: Display: Building textures: LQ_Lightmap_1_10 (DXT1, 1024X1024)
[2025.09.27-12.20.32:015][ 22]LogTexture: Display: Building textures: HQ_Lightmap1_11 (AutoDXT, 1024X1024)
[2025.09.27-12.20.32:015][ 22]LogTexture: Display: Building textures: LQ_Lightmap_1_11 (DXT1, 1024X1024)
[2025.09.27-12.20.32:015][ 22]LogTexture: Display: Building textures: HQ_Lightmap1_12 (AutoDXT, 1024X1024)
[2025.09.27-12.20.32:015][ 22]LogTexture: Display: Building textures: LQ_Lightmap_1_12 (DXT1, 1024X1024)
[2025.09.27-12.20.32:015][ 22]LogTexture: Display: Building textures: HQ_Lightmap1_13 (AutoDXT, 1024X1024)
[2025.09.27-12.20.32:015][ 22]LogTexture: Display: Building textures: LQ_Lightmap_1_13 (DXT1, 1024X1024)
[2025.09.27-12.20.32:015][ 22]LogTexture: Display: Building textures: HQ_Lightmap1_14 (AutoDXT, 1024X1024)
[2025.09.27-12.20.32:015][ 22]LogTexture: Display: Building textures: LQ_Lightmap_1_14 (DXT1, 1024X1024)
[2025.09.27-12.20.32:015][ 22]LogTexture: Display: Building textures: HQ_Lightmap1_15 (AutoDXT, 1024X1024)
[2025.09.27-12.20.32:015][ 22]LogTexture: Display: Building textures: LQ_Lightmap_1_15 (DXT1, 1024X1024)
[2025.09.27-12.20.32:015][ 22]LogTexture: Display: Building textures: HQ_Lightmap1_16 (AutoDXT, 1024X1024)
[2025.09.27-12.20.32:015][ 22]LogTexture: Display: Building textures: LQ_Lightmap_1_16 (DXT1, 1024X1024)
[2025.09.27-12.20.32:015][ 22]LogTexture: Display: Building textures: HQ_Lightmap1_17 (AutoDXT, 1024X1024)
[2025.09.27-12.20.32:015][ 22]LogTexture: Display: Building textures: LQ_Lightmap_1_17 (DXT1, 1024X1024)
[2025.09.27-12.20.32:015][ 22]LogTexture: Display: Building textures: HQ_Lightmap0_18 (AutoDXT, 64X64)
[2025.09.27-12.20.32:015][ 22]LogTexture: Display: Building textures: LQ_Lightmap_0_18 (DXT1, 64X64)
[2025.09.27-12.20.32:140][ 22]LogTexture: Display: Building textures: ShadowMapTexture2D_53 (G8, 32X32)
[2025.09.27-12.20.32:140][ 22]LogTexture: Display: Building textures: ShadowMapTexture2D_50 (G8, 1024X1024)
[2025.09.27-12.20.32:140][ 22]LogTexture: Display: Building textures: ShadowMapTexture2D_51 (G8, 1024X1024)
[2025.09.27-12.20.32:140][ 22]LogTexture: Display: Building textures: ShadowMapTexture2D_49 (G8, 1024X1024)
[2025.09.27-12.20.32:140][ 22]LogTexture: Display: Building textures: ShadowMapTexture2D_48 (G8, 1024X1024)
[2025.09.27-12.20.32:140][ 22]LogTexture: Display: Building textures: ShadowMapTexture2D_52 (G8, 1024X1024)
[2025.09.27-12.20.32:161][ 22]Lightmass on CECOMAIN: 1:16 min total, 92 ms importing, 38 ms setup, 3.74 sec photons, 1:12 min processing, 0 ms extra exporting [915/915 mappings]. Threads: 18:01 min total, 13:15 min processing.
[2025.09.27-12.20.32:169][ 22]LogStaticLightingSystem: CheeseFactory_001_BuiltData storing lightmap data for 915 meshes in 39 LightmapResourceClusters (23.5 Meshes per cluster).
[2025.09.27-12.20.32:195][ 22]LogUObjectHash: Compacting FUObjectHashTables data took   0.86ms
[2025.09.27-12.20.32:200][ 22]LogStaticLightingSystem: Illumination: 1:20 min (1.48 sec encoding lightmaps, 118 ms encoding shadowmaps)
[2025.09.27-12.20.32:200][ 22]LogStaticLightingSystem: Lightmap texture memory:  34.0 MB (34.0 MB streaming, 0.0 MB non-streaming), 36 textures
[2025.09.27-12.20.32:200][ 22]LogStaticLightingSystem: Shadowmap texture memory: 6.7 MB (6.7 MB streaming, 0.0 MB non-streaming), 6 textures
[2025.09.27-12.20.37:888][ 22]DumpUnbuiltLightIteractions
[2025.09.27-12.20.37:888][ 22]Lights with unbuilt interactions: 0
[2025.09.27-12.20.37:889][ 22]
[2025.09.27-12.20.37:889][ 22]Primitives with unbuilt interactions: 0
[2025.09.27-12.20.38:137][ 23]Cmd: MAP CHECK NOTIFYRESULTS
[2025.09.27-12.20.38:137][ 23]MapCheck: New page: CheeseFactory_001 - Sep 27, 2025, 6:20:38 PM
[2025.09.27-12.20.38:139][ 23]MapCheck: Warning: Rail_2m_Side_76 Static mesh actor has NULL StaticMesh property 
[2025.09.27-12.20.38:140][ 23]MapCheck: Warning: Rail_2m_Side2 Static mesh actor has NULL StaticMesh property 
[2025.09.27-12.20.38:140][ 23]MapCheck: Warning: Rail_2m_Side3 Static mesh actor has NULL StaticMesh property 
[2025.09.27-12.20.38:140][ 23]MapCheck: Warning: Rail_2m_Side4 Static mesh actor has NULL StaticMesh property 
[2025.09.27-12.20.38:140][ 23]MapCheck: Warning: Rail_2m_Side5 Static mesh actor has NULL StaticMesh property 
[2025.09.27-12.20.38:140][ 23]MapCheck: Warning: Rail_2m_Side6 Static mesh actor has NULL StaticMesh property 
[2025.09.27-12.20.38:140][ 23]MapCheck: Warning: Rail_2m_Side7 Static mesh actor has NULL StaticMesh property 
[2025.09.27-12.20.38:140][ 23]MapCheck: Warning: Rail_2m_Side8_98 Static mesh actor has NULL StaticMesh property 
[2025.09.27-12.20.38:140][ 23]MapCheck: Warning: Rail_2m_Side9 Static mesh actor has NULL StaticMesh property 
[2025.09.27-12.20.38:140][ 23]MapCheck: Warning: Rail_2m_Side10 Static mesh actor has NULL StaticMesh property 
[2025.09.27-12.20.38:140][ 23]MapCheck: Warning: Rail_2m_Side11 Static mesh actor has NULL StaticMesh property 
[2025.09.27-12.20.38:140][ 23]MapCheck: Warning: Rail_2m_Side12 Static mesh actor has NULL StaticMesh property 
[2025.09.27-12.20.38:140][ 23]MapCheck: Warning: Rail_2m_Side13 Static mesh actor has NULL StaticMesh property 
[2025.09.27-12.20.38:140][ 23]MapCheck: Warning: Rail_2m_Side14 Static mesh actor has NULL StaticMesh property 
[2025.09.27-12.20.38:140][ 23]MapCheck: Warning: Rail_2m_Side15 Static mesh actor has NULL StaticMesh property 
[2025.09.27-12.20.38:140][ 23]MapCheck: Warning: Rail_2m_Side17 Static mesh actor has NULL StaticMesh property 
[2025.09.27-12.20.38:140][ 23]MapCheck: Warning: Rail_2m_Side18 Static mesh actor has NULL StaticMesh property 
[2025.09.27-12.20.38:140][ 23]MapCheck: Warning: Rail_2m_Side16 Static mesh actor has NULL StaticMesh property 
[2025.09.27-12.20.38:140][ 23]MapCheck: Warning: Rail_2m_Side19 Static mesh actor has NULL StaticMesh property 
[2025.09.27-12.20.38:140][ 23]MapCheck: Warning: Rail_2m_Side20 Static mesh actor has NULL StaticMesh property 
[2025.09.27-12.20.38:140][ 23]MapCheck: Warning: Rail_2m_Side21 Static mesh actor has NULL StaticMesh property 
[2025.09.27-12.20.38:140][ 23]MapCheck: Warning: Rail_2m_Side22 Static mesh actor has NULL StaticMesh property 
[2025.09.27-12.20.38:140][ 23]MapCheck: Warning: Rail_2m_Side24_203 Static mesh actor has NULL StaticMesh property 
[2025.09.27-12.20.38:140][ 23]MapCheck: Warning: Rail_2m_Side25 Static mesh actor has NULL StaticMesh property 
[2025.09.27-12.20.38:141][ 23]MapCheck: Map check complete: 0 Error(s), 24 Warning(s), took 3.33ms to complete.
[2025.09.27-12.20.40:419][295]LogSlate: FSceneViewport::OnFocusLost() reason 0
[2025.09.27-12.20.40:466][301]LogSlate: Window 'Message Log' being destroyed
[2025.09.27-12.20.40:471][301]LogSlate: Window 'Message Log' being destroyed
[2025.09.27-12.20.40:870][349]LogEditorViewport: Clicking on Actor (LMB): StaticMeshActor (shelf01_full28)
[2025.09.27-12.20.53:813][894]LogEditorViewport: Clicking on Actor (LMB): StaticMeshActor (wall01_2x39)
[2025.09.27-12.21.12:473][ 72]Cmd: DELETE
[2025.09.27-12.21.12:474][ 72]Cmd: ACTOR DELETE
[2025.09.27-12.21.12:481][ 72]LogEditorActor: Deleted Actor: StaticMeshActor
[2025.09.27-12.21.12:481][ 72]LogEditorActor: Deleted Actor: StaticMeshActor
[2025.09.27-12.21.12:482][ 72]LogEditorActor: Deleted Actor: StaticMeshActor
[2025.09.27-12.21.12:482][ 72]LogEditorActor: Deleted Actor: StaticMeshActor
[2025.09.27-12.21.12:482][ 72]LogEditorActor: Deleted Actor: StaticMeshActor
[2025.09.27-12.21.12:482][ 72]LogEditorActor: Deleted Actor: StaticMeshActor
[2025.09.27-12.21.12:482][ 72]LogEditorActor: Deleted Actor: StaticMeshActor
[2025.09.27-12.21.12:482][ 72]LogEditorActor: Deleted Actor: StaticMeshActor
[2025.09.27-12.21.12:482][ 72]LogEditorActor: Deleted Actor: StaticMeshActor
[2025.09.27-12.21.12:482][ 72]LogEditorActor: Deleted Actor: StaticMeshActor
[2025.09.27-12.21.12:482][ 72]LogEditorActor: Deleted Actor: StaticMeshActor
[2025.09.27-12.21.12:482][ 72]LogEditorActor: Deleted Actor: StaticMeshActor
[2025.09.27-12.21.12:482][ 72]LogEditorActor: Deleted Actor: StaticMeshActor
[2025.09.27-12.21.12:482][ 72]LogEditorActor: Deleted Actor: StaticMeshActor
[2025.09.27-12.21.12:482][ 72]LogEditorActor: Deleted Actor: StaticMeshActor
[2025.09.27-12.21.12:482][ 72]LogEditorActor: Deleted Actor: StaticMeshActor
[2025.09.27-12.21.12:502][ 72]LogUObjectHash: Compacting FUObjectHashTables data took   0.40ms
[2025.09.27-12.21.12:502][ 72]LogEditorActor: Deleted 16 Actors (0.028 secs)
[2025.09.27-12.21.14:306][288]LogEditorViewport: Clicking on Actor (LMB): StaticMeshActor (floor01_2x212)
[2025.09.27-12.21.33:123][489]Cmd: DELETE
[2025.09.27-12.21.33:123][489]Cmd: ACTOR DELETE
[2025.09.27-12.21.33:130][489]LogEditorActor: Deleted Actor: StaticMeshActor
[2025.09.27-12.21.33:130][489]LogEditorActor: Deleted Actor: StaticMeshActor
[2025.09.27-12.21.33:130][489]LogEditorActor: Deleted Actor: StaticMeshActor
[2025.09.27-12.21.33:131][489]LogEditorActor: Deleted Actor: StaticMeshActor
[2025.09.27-12.21.33:131][489]LogEditorActor: Deleted Actor: StaticMeshActor
[2025.09.27-12.21.33:131][489]LogEditorActor: Deleted Actor: StaticMeshActor
[2025.09.27-12.21.33:131][489]LogEditorActor: Deleted Actor: StaticMeshActor
[2025.09.27-12.21.33:131][489]LogEditorActor: Deleted Actor: StaticMeshActor
[2025.09.27-12.21.33:131][489]LogEditorActor: Deleted Actor: StaticMeshActor
[2025.09.27-12.21.33:131][489]LogEditorActor: Deleted Actor: StaticMeshActor
[2025.09.27-12.21.33:131][489]LogEditorActor: Deleted Actor: StaticMeshActor
[2025.09.27-12.21.33:131][489]LogEditorActor: Deleted Actor: StaticMeshActor
[2025.09.27-12.21.33:131][489]LogEditorActor: Deleted Actor: StaticMeshActor
[2025.09.27-12.21.33:131][489]LogEditorActor: Deleted Actor: StaticMeshActor
[2025.09.27-12.21.33:131][489]LogEditorActor: Deleted Actor: StaticMeshActor
[2025.09.27-12.21.33:131][489]LogEditorActor: Deleted Actor: StaticMeshActor
[2025.09.27-12.21.33:151][489]LogUObjectHash: Compacting FUObjectHashTables data took   0.49ms
[2025.09.27-12.21.33:151][489]LogEditorActor: Deleted 16 Actors (0.028 secs)
[2025.09.27-12.21.34:840][691]LogEditorViewport: Clicking on Actor (LMB): StaticMeshActor (floor01_2x94)
[2025.09.27-12.21.43:914][744]LogEditorViewport: Clicking on Actor (CTRL LMB): StaticMeshActor (Skim_Milk2)
[2025.09.27-12.22.07:617][701]LogEditorViewport: Clicking on Actor (LMB): StaticMeshActor (floor01_2x94)
[2025.09.27-12.22.15:540][629]LogEditorViewport: Clicking on Actor (LMB): StaticMeshActor (floor01_2x204)
[2025.09.27-12.22.16:004][680]LogEditorViewport: Clicking on Actor (LMB): StaticMeshActor (floor01_2x204)
[2025.09.27-12.22.22:451][417]LogSlate: FSceneViewport::OnFocusLost() reason 5
[2025.09.27-12.22.22:458][417]Cmd: OBJ SAVEPACKAGE PACKAGE="/Game/Levels/CheeseFactory_001" FILE="E:/GameDev/hggjam/GameJamHGGUnreal4.23.1/GameJamCrew/Content/Levels/CheeseFactory_001.umap" SILENT=true AUTOSAVING=false KEEPDIRTY=false
[2025.09.27-12.22.22:478][417]LogUObjectHash: Compacting FUObjectHashTables data took   0.80ms
[2025.09.27-12.22.22:676][417]LogSavePackage: Moving 'E:/GameDev/hggjam/GameJamHGGUnreal4.23.1/GameJamCrew/Saved/CheeseFactory_001A89132404731E9E703EE19996BF287AE.tmp' to 'E:/GameDev/hggjam/GameJamHGGUnreal4.23.1/GameJamCrew/Content/Levels/CheeseFactory_001.umap'
[2025.09.27-12.22.22:688][417]Cmd: OBJ SAVEPACKAGE PACKAGE="/Game/Levels/CheeseFactory_001_BuiltData" FILE="E:/GameDev/hggjam/GameJamHGGUnreal4.23.1/GameJamCrew/Content/Levels/CheeseFactory_001_BuiltData.uasset" SILENT=true
[2025.09.27-12.22.23:203][417]LogSavePackage: Moving 'E:/GameDev/hggjam/GameJamHGGUnreal4.23.1/GameJamCrew/Saved/CheeseFactory_001_BuiltData28DC53E44ACA2021A1098DA9CB6F7C3B.tmp' to 'E:/GameDev/hggjam/GameJamHGGUnreal4.23.1/GameJamCrew/Content/Levels/CheeseFactory_001_BuiltData.uasset'
[2025.09.27-12.22.25:569][694]LogEditorViewport: Clicking on Actor (LMB): StaticMeshActor (wall01_2x192)
[2025.09.27-12.22.40:947][457]Cmd: DELETE
[2025.09.27-12.22.40:947][457]Cmd: ACTOR DELETE
[2025.09.27-12.22.40:954][457]LogEditorActor: Deleted Actor: StaticMeshActor
[2025.09.27-12.22.40:954][457]LogEditorActor: Deleted Actor: StaticMeshActor
[2025.09.27-12.22.40:954][457]LogEditorActor: Deleted Actor: StaticMeshActor
[2025.09.27-12.22.40:954][457]LogEditorActor: Deleted Actor: StaticMeshActor
[2025.09.27-12.22.40:954][457]LogEditorActor: Deleted Actor: StaticMeshActor
[2025.09.27-12.22.40:955][457]LogEditorActor: Deleted Actor: StaticMeshActor
[2025.09.27-12.22.40:955][457]LogEditorActor: Deleted Actor: StaticMeshActor
[2025.09.27-12.22.40:955][457]LogEditorActor: Deleted Actor: StaticMeshActor
[2025.09.27-12.22.40:955][457]LogEditorActor: Deleted Actor: StaticMeshActor
[2025.09.27-12.22.40:955][457]LogEditorActor: Deleted Actor: StaticMeshActor
[2025.09.27-12.22.40:955][457]LogEditorActor: Deleted Actor: StaticMeshActor
[2025.09.27-12.22.40:955][457]LogEditorActor: Deleted Actor: StaticMeshActor
[2025.09.27-12.22.40:955][457]LogEditorActor: Deleted Actor: StaticMeshActor
[2025.09.27-12.22.40:955][457]LogEditorActor: Deleted Actor: StaticMeshActor
[2025.09.27-12.22.40:975][457]LogUObjectHash: Compacting FUObjectHashTables data took   0.98ms
[2025.09.27-12.22.40:975][457]LogEditorActor: Deleted 14 Actors (0.028 secs)
[2025.09.27-12.22.43:315][737]LogEditorViewport: Clicking on Actor (LMB): StaticMeshActor (Stair)
[2025.09.27-12.22.47:941][276]LogEditorViewport: Clicking on Actor (LMB): StaticMeshActor (Stair2)
[2025.09.27-12.22.50:117][519]LogSlate: FSceneViewport::OnFocusLost() reason 5
[2025.09.27-12.22.50:123][519]Cmd: OBJ SAVEPACKAGE PACKAGE="/Game/Levels/CheeseFactory_001" FILE="E:/GameDev/hggjam/GameJamHGGUnreal4.23.1/GameJamCrew/Content/Levels/CheeseFactory_001.umap" SILENT=true AUTOSAVING=false KEEPDIRTY=false
[2025.09.27-12.22.50:144][519]LogUObjectHash: Compacting FUObjectHashTables data took   0.44ms
[2025.09.27-12.22.50:341][519]LogSavePackage: Moving 'E:/GameDev/hggjam/GameJamHGGUnreal4.23.1/GameJamCrew/Saved/CheeseFactory_001558211B14B300DBA835D0EB51087EDCD.tmp' to 'E:/GameDev/hggjam/GameJamHGGUnreal4.23.1/GameJamCrew/Content/Levels/CheeseFactory_001.umap'
[2025.09.27-12.22.50:353][519]Cmd: OBJ SAVEPACKAGE PACKAGE="/Game/Levels/CheeseFactory_001_BuiltData" FILE="E:/GameDev/hggjam/GameJamHGGUnreal4.23.1/GameJamCrew/Content/Levels/CheeseFactory_001_BuiltData.uasset" SILENT=true
[2025.09.27-12.22.50:872][519]LogSavePackage: Moving 'E:/GameDev/hggjam/GameJamHGGUnreal4.23.1/GameJamCrew/Saved/CheeseFactory_001_BuiltDataB70E52BE41F351A0A5A5FF86FF603769.tmp' to 'E:/GameDev/hggjam/GameJamHGGUnreal4.23.1/GameJamCrew/Content/Levels/CheeseFactory_001_BuiltData.uasset'
[2025.09.27-12.22.57:380][287]LogSlate: FSceneViewport::OnFocusLost() reason 2
[2025.09.27-12.22.58:022][364]MapCheck: New page: Map Check
[2025.09.27-12.22.58:035][364]LogSlate: FSceneViewport::OnFocusLost() reason 5
[2025.09.27-12.22.58:037][364]LightingResults: New page: Lighting Build - Sep 27, 2025, 6:22:58 PM
[2025.09.27-12.22.58:042][364]LogSwarmInterface: [OpenConnection] Registering TCP channel ...
[2025.09.27-12.22.58:046][364]LogSwarmInterface: [OpenConnection] Connecting to agent ...
[2025.09.27-12.22.58:046][364]LogSwarmInterface: [TryOpenConnection] Testing the Agent
[2025.09.27-12.22.58:047][364]LogSwarmInterface: [TryOpenConnection] Opening Connection to Agent
[2025.09.27-12.22.58:047][364]LogSwarmInterface: [TryOpenConnection] Local Process ID is 24552
[2025.09.27-12.23.02:623][364]LogStaticLightingSystem: Running Lightmass w/ ImmediateImport mode ENABLED
[2025.09.27-12.23.02:623][364]LogStaticLightingSystem: Running Lightmass w/ ImmediateProcess mode ENABLED
[2025.09.27-12.23.02:623][364]LogStaticLightingSystem: Running Lightmass w/ Sorting mode ENABLED
[2025.09.27-12.23.02:623][364]LogStaticLightingSystem: Running Lightmass w/ Mapping paddings ENABLED
[2025.09.27-12.23.02:623][364]LogStaticLightingSystem: Running Lightmass w/ Mapping debug paddings DISABLED
[2025.09.27-12.23.02:705][364]LogEditorBuildUtils: Build time 0:04
[2025.09.27-12.23.02:750][365]LogUObjectHash: Compacting FUObjectHashTables data took   1.03ms
[2025.09.27-12.23.37:892][652]LightingResults: Warning: cylinder Object has overlapping UVs.
[2025.09.27-12.23.37:892][652]LightingResults: cylinder Lightmap UV are overlapping by 8.7%. Please adjust content - Enable Error Coloring to visualize.
[2025.09.27-12.24.17:205][323]Job is a success!
[2025.09.27-12.24.17:239][324]LogSlate: FSceneViewport::OnFocusLost() reason 5
[2025.09.27-12.24.17:287][324]LogVolumetricLightmapImport: Imported Volumetric Lightmap in 0.003s
[2025.09.27-12.24.17:287][324]LogVolumetricLightmapImport:      Indirection Texture 16x16x16 = 0.0Mb
[2025.09.27-12.24.17:287][324]LogVolumetricLightmapImport:      BrickData 85x5x5 = 0.1Mb
[2025.09.27-12.24.17:287][324]LogVolumetricLightmapImport:      Bricks at Level
[2025.09.27-12.24.17:287][324]LogVolumetricLightmapImport:          0: 5.9% covering 100.0% of volume
[2025.09.27-12.24.17:287][324]LogVolumetricLightmapImport:          1: 5.9% covering 1.6% of volume
[2025.09.27-12.24.17:287][324]LogVolumetricLightmapImport:          2: 88.2% covering 0.4% of volume
[2025.09.27-12.24.19:175][324]LogTexture: Display: Building textures: HQ_Lightmap0_1 (AutoDXT, 1024X1024)
[2025.09.27-12.24.19:175][324]LogTexture: Display: Building textures: LQ_Lightmap_0_1 (DXT1, 1024X1024)
[2025.09.27-12.24.19:175][324]LogTexture: Display: Building textures: HQ_Lightmap0_2 (AutoDXT, 1024X1024)
[2025.09.27-12.24.19:175][324]LogTexture: Display: Building textures: LQ_Lightmap_0_2 (DXT1, 1024X1024)
[2025.09.27-12.24.19:175][324]LogTexture: Display: Building textures: HQ_Lightmap0_3 (AutoDXT, 1024X1024)
[2025.09.27-12.24.19:175][324]LogTexture: Display: Building textures: LQ_Lightmap_0_3 (DXT1, 1024X1024)
[2025.09.27-12.24.19:175][324]LogTexture: Display: Building textures: HQ_Lightmap0_4 (AutoDXT, 1024X1024)
[2025.09.27-12.24.19:175][324]LogTexture: Display: Building textures: LQ_Lightmap_0_4 (DXT1, 1024X1024)
[2025.09.27-12.24.19:175][324]LogTexture: Display: Building textures: HQ_Lightmap0_5 (AutoDXT, 1024X1024)
[2025.09.27-12.24.19:175][324]LogTexture: Display: Building textures: LQ_Lightmap_0_5 (DXT1, 1024X1024)
[2025.09.27-12.24.19:175][324]LogTexture: Display: Building textures: HQ_Lightmap0_6 (AutoDXT, 1024X1024)
[2025.09.27-12.24.19:175][324]LogTexture: Display: Building textures: LQ_Lightmap_0_6 (DXT1, 1024X1024)
[2025.09.27-12.24.19:175][324]LogTexture: Display: Building textures: HQ_Lightmap0_7 (AutoDXT, 1024X1024)
[2025.09.27-12.24.19:175][324]LogTexture: Display: Building textures: LQ_Lightmap_0_7 (DXT1, 1024X1024)
[2025.09.27-12.24.19:175][324]LogTexture: Display: Building textures: HQ_Lightmap0_8 (AutoDXT, 1024X1024)
[2025.09.27-12.24.19:175][324]LogTexture: Display: Building textures: LQ_Lightmap_0_8 (DXT1, 1024X1024)
[2025.09.27-12.24.19:175][324]LogTexture: Display: Building textures: HQ_Lightmap0_9 (AutoDXT, 1024X1024)
[2025.09.27-12.24.19:175][324]LogTexture: Display: Building textures: LQ_Lightmap_0_9 (DXT1, 1024X1024)
[2025.09.27-12.24.19:175][324]LogTexture: Display: Building textures: HQ_Lightmap0_10 (AutoDXT, 1024X1024)
[2025.09.27-12.24.19:175][324]LogTexture: Display: Building textures: LQ_Lightmap_0_10 (DXT1, 1024X1024)
[2025.09.27-12.24.19:175][324]LogTexture: Display: Building textures: HQ_Lightmap0_11 (AutoDXT, 1024X1024)
[2025.09.27-12.24.19:175][324]LogTexture: Display: Building textures: LQ_Lightmap_0_11 (DXT1, 1024X1024)
[2025.09.27-12.24.19:175][324]LogTexture: Display: Building textures: HQ_Lightmap0_12 (AutoDXT, 1024X1024)
[2025.09.27-12.24.19:175][324]LogTexture: Display: Building textures: LQ_Lightmap_0_12 (DXT1, 1024X1024)
[2025.09.27-12.24.19:175][324]LogTexture: Display: Building textures: HQ_Lightmap0_13 (AutoDXT, 1024X1024)
[2025.09.27-12.24.19:175][324]LogTexture: Display: Building textures: LQ_Lightmap_0_13 (DXT1, 1024X1024)
[2025.09.27-12.24.19:175][324]LogTexture: Display: Building textures: HQ_Lightmap0_14 (AutoDXT, 1024X1024)
[2025.09.27-12.24.19:175][324]LogTexture: Display: Building textures: LQ_Lightmap_0_14 (DXT1, 1024X1024)
[2025.09.27-12.24.19:175][324]LogTexture: Display: Building textures: HQ_Lightmap0_15 (AutoDXT, 1024X1024)
[2025.09.27-12.24.19:175][324]LogTexture: Display: Building textures: LQ_Lightmap_0_15 (DXT1, 1024X1024)
[2025.09.27-12.24.19:175][324]LogTexture: Display: Building textures: HQ_Lightmap0_16 (AutoDXT, 1024X1024)
[2025.09.27-12.24.19:175][324]LogTexture: Display: Building textures: LQ_Lightmap_0_16 (DXT1, 1024X1024)
[2025.09.27-12.24.19:175][324]LogTexture: Display: Building textures: HQ_Lightmap0_17 (AutoDXT, 512X512)
[2025.09.27-12.24.19:175][324]LogTexture: Display: Building textures: LQ_Lightmap_0_17 (DXT1, 512X512)
[2025.09.27-12.24.19:175][324]LogTexture: Display: Building textures: HQ_Lightmap1_18 (AutoDXT, 64X64)
[2025.09.27-12.24.19:175][324]LogTexture: Display: Building textures: LQ_Lightmap_1_18 (DXT1, 64X64)
[2025.09.27-12.24.19:311][324]LogTexture: Display: Building textures: ShadowMapTexture2D_59 (G8, 32X32)
[2025.09.27-12.24.19:311][324]LogTexture: Display: Building textures: ShadowMapTexture2D_54 (G8, 1024X1024)
[2025.09.27-12.24.19:311][324]LogTexture: Display: Building textures: ShadowMapTexture2D_57 (G8, 1024X1024)
[2025.09.27-12.24.19:311][324]LogTexture: Display: Building textures: ShadowMapTexture2D_55 (G8, 1024X1024)
[2025.09.27-12.24.19:311][324]LogTexture: Display: Building textures: ShadowMapTexture2D_56 (G8, 1024X1024)
[2025.09.27-12.24.19:311][324]LogTexture: Display: Building textures: ShadowMapTexture2D_58 (G8, 1024X1024)
[2025.09.27-12.24.19:325][324]Lightmass on CECOMAIN: 1:16 min total, 89 ms importing, 37 ms setup, 3.74 sec photons, 1:12 min processing, 0 ms extra exporting [877/877 mappings]. Threads: 18:06 min total, 13:17 min processing.
[2025.09.27-12.24.19:332][324]LogStaticLightingSystem: CheeseFactory_001_BuiltData storing lightmap data for 877 meshes in 38 LightmapResourceClusters (23.1 Meshes per cluster).
[2025.09.27-12.24.19:357][324]LogUObjectHash: Compacting FUObjectHashTables data took   0.86ms
[2025.09.27-12.24.19:361][324]LogStaticLightingSystem: Illumination: 1:21 min (1.50 sec encoding lightmaps, 127 ms encoding shadowmaps)
[2025.09.27-12.24.19:361][324]LogStaticLightingSystem: Lightmap texture memory:  32.5 MB (32.5 MB streaming, 0.0 MB non-streaming), 36 textures
[2025.09.27-12.24.19:361][324]LogStaticLightingSystem: Shadowmap texture memory: 6.7 MB (6.7 MB streaming, 0.0 MB non-streaming), 6 textures
[2025.09.27-12.24.19:693][324]DumpUnbuiltLightIteractions
[2025.09.27-12.24.19:693][324]Lights with unbuilt interactions: 0
[2025.09.27-12.24.19:693][324]
[2025.09.27-12.24.19:693][324]Primitives with unbuilt interactions: 0
[2025.09.27-12.24.19:933][325]Cmd: MAP CHECK NOTIFYRESULTS
[2025.09.27-12.24.19:933][325]MapCheck: New page: CheeseFactory_001 - Sep 27, 2025, 6:24:19 PM
[2025.09.27-12.24.19:934][325]MapCheck: Warning: Rail_2m_Side_76 Static mesh actor has NULL StaticMesh property 
[2025.09.27-12.24.19:934][325]MapCheck: Warning: Rail_2m_Side2 Static mesh actor has NULL StaticMesh property 
[2025.09.27-12.24.19:934][325]MapCheck: Warning: Rail_2m_Side3 Static mesh actor has NULL StaticMesh property 
[2025.09.27-12.24.19:935][325]MapCheck: Warning: Rail_2m_Side4 Static mesh actor has NULL StaticMesh property 
[2025.09.27-12.24.19:935][325]MapCheck: Warning: Rail_2m_Side5 Static mesh actor has NULL StaticMesh property 
[2025.09.27-12.24.19:935][325]MapCheck: Warning: Rail_2m_Side6 Static mesh actor has NULL StaticMesh property 
[2025.09.27-12.24.19:935][325]MapCheck: Warning: Rail_2m_Side7 Static mesh actor has NULL StaticMesh property 
[2025.09.27-12.24.19:935][325]MapCheck: Warning: Rail_2m_Side8_98 Static mesh actor has NULL StaticMesh property 
[2025.09.27-12.24.19:935][325]MapCheck: Warning: Rail_2m_Side9 Static mesh actor has NULL StaticMesh property 
[2025.09.27-12.24.19:935][325]MapCheck: Warning: Rail_2m_Side10 Static mesh actor has NULL StaticMesh property 
[2025.09.27-12.24.19:935][325]MapCheck: Warning: Rail_2m_Side11 Static mesh actor has NULL StaticMesh property 
[2025.09.27-12.24.19:935][325]MapCheck: Warning: Rail_2m_Side12 Static mesh actor has NULL StaticMesh property 
[2025.09.27-12.24.19:935][325]MapCheck: Warning: Rail_2m_Side13 Static mesh actor has NULL StaticMesh property 
[2025.09.27-12.24.19:935][325]MapCheck: Warning: Rail_2m_Side14 Static mesh actor has NULL StaticMesh property 
[2025.09.27-12.24.19:935][325]MapCheck: Warning: Rail_2m_Side15 Static mesh actor has NULL StaticMesh property 
[2025.09.27-12.24.19:935][325]MapCheck: Warning: Rail_2m_Side17 Static mesh actor has NULL StaticMesh property 
[2025.09.27-12.24.19:935][325]MapCheck: Warning: Rail_2m_Side18 Static mesh actor has NULL StaticMesh property 
[2025.09.27-12.24.19:935][325]MapCheck: Warning: Rail_2m_Side16 Static mesh actor has NULL StaticMesh property 
[2025.09.27-12.24.19:935][325]MapCheck: Warning: Rail_2m_Side19 Static mesh actor has NULL StaticMesh property 
[2025.09.27-12.24.19:935][325]MapCheck: Warning: Rail_2m_Side20 Static mesh actor has NULL StaticMesh property 
[2025.09.27-12.24.19:935][325]MapCheck: Warning: Rail_2m_Side21 Static mesh actor has NULL StaticMesh property 
[2025.09.27-12.24.19:935][325]MapCheck: Warning: Rail_2m_Side22 Static mesh actor has NULL StaticMesh property 
[2025.09.27-12.24.19:935][325]MapCheck: Warning: Rail_2m_Side24_203 Static mesh actor has NULL StaticMesh property 
[2025.09.27-12.24.19:935][325]MapCheck: Warning: Rail_2m_Side25 Static mesh actor has NULL StaticMesh property 
[2025.09.27-12.24.19:935][325]MapCheck: Map check complete: 0 Error(s), 24 Warning(s), took 2.767ms to complete.
[2025.09.27-12.24.21:597][523]LogSlate: FSceneViewport::OnFocusLost() reason 0
[2025.09.27-12.24.21:677][533]LogSlate: Window 'Message Log' being destroyed
[2025.09.27-12.24.21:685][533]LogSlate: Window 'Message Log' being destroyed
[2025.09.27-12.24.22:025][569]LogEditorViewport: Clicking on Actor (LMB): StaticMeshActor (box)
[2025.09.27-12.24.40:882][820]LogEditorViewport: Clicking on Actor (LMB): StaticMeshActor (switch3)
[2025.09.27-12.24.48:673][735]LogSlate: FSceneViewport::OnFocusLost() reason 2
[2025.09.27-12.25.09:068][161]LogEditorViewport: Clicking on Actor (LMB): StaticMeshActor (wall01_2x54)
[2025.09.27-12.25.25:843][168]LogEditorViewport: Clicking on Actor (LMB): StaticMeshActor (box7)
[2025.09.27-12.25.36:373][425]LogSlate: FSceneViewport::OnFocusLost() reason 5
[2025.09.27-12.25.36:379][425]Cmd: OBJ SAVEPACKAGE PACKAGE="/Game/Levels/CheeseFactory_001" FILE="E:/GameDev/hggjam/GameJamHGGUnreal4.23.1/GameJamCrew/Content/Levels/CheeseFactory_001.umap" SILENT=true AUTOSAVING=false KEEPDIRTY=false
[2025.09.27-12.25.36:398][425]LogUObjectHash: Compacting FUObjectHashTables data took   0.77ms
[2025.09.27-12.25.36:596][425]LogSavePackage: Moving 'E:/GameDev/hggjam/GameJamHGGUnreal4.23.1/GameJamCrew/Saved/CheeseFactory_001A5D154044F38BA02A5CF19ABCCC44706.tmp' to 'E:/GameDev/hggjam/GameJamHGGUnreal4.23.1/GameJamCrew/Content/Levels/CheeseFactory_001.umap'
[2025.09.27-12.25.36:608][425]Cmd: OBJ SAVEPACKAGE PACKAGE="/Game/Levels/CheeseFactory_001_BuiltData" FILE="E:/GameDev/hggjam/GameJamHGGUnreal4.23.1/GameJamCrew/Content/Levels/CheeseFactory_001_BuiltData.uasset" SILENT=true
[2025.09.27-12.25.37:149][425]LogSavePackage: Moving 'E:/GameDev/hggjam/GameJamHGGUnreal4.23.1/GameJamCrew/Saved/CheeseFactory_001_BuiltDataA2F9CB7B40829BE50F18BF964062B080.tmp' to 'E:/GameDev/hggjam/GameJamHGGUnreal4.23.1/GameJamCrew/Content/Levels/CheeseFactory_001_BuiltData.uasset'
[2025.09.27-12.31.19:030][132]LogEditorViewport: Clicking on Actor (LMB): StaticMeshActor (floor01_2x34)
[2025.09.27-12.58.43:370][987]LogEditorViewport: Clicking on Actor (LMB): StaticMeshActor (floor01_2x173)
[2025.09.27-12.58.49:819][751]LogSlate: FSceneViewport::OnFocusLost() reason 0
[2025.09.27-12.58.51:317][929]LogEditorViewport: Clicking on Actor (LMB): StaticMeshActor (floor01_2x114)
[2025.09.27-12.58.53:782][209]LogSlate: FSceneViewport::OnFocusLost() reason 0
[2025.09.27-12.58.55:300][389]LogEditorViewport: Clicking on Actor (LMB): StaticMeshActor (wall01_garage_arch2)
[2025.09.27-12.59.02:869][291]LogEditorViewport: Clicking on Actor (LMB): StaticMeshActor (floor01_2x7)
[2025.09.27-12.59.07:482][836]Cmd: TRANSACTION UNDO
[2025.09.27-12.59.07:482][836]LogEditorTransaction: Undo Rotate Actors
[2025.09.27-12.59.08:326][934]LogEditorViewport: Clicking on Actor (LMB): StaticMeshActor (floor01_2x8)
[2025.09.27-12.59.11:378][295]LogEditorViewport: Clicking on Actor (LMB): StaticMeshActor (floor01_2x4)
[2025.09.27-12.59.20:785][389]LogSlate: FSceneViewport::OnFocusLost() reason 0
[2025.09.27-12.59.28:733][340]LogEditorViewport: Clicking on Actor (LMB): StaticMeshActor (floor01_2x6)
[2025.09.27-12.59.37:024][295]LogSlate: FSceneViewport::OnFocusLost() reason 0
[2025.09.27-12.59.41:383][805]LogEditorViewport: Clicking on Actor (LMB): StaticMeshActor (floor01_2x173)
[2025.09.27-12.59.48:444][626]LogSlate: FSceneViewport::OnFocusLost() reason 0
[2025.09.27-12.59.51:829][ 31]LogEditorViewport: Clicking on Actor (LMB): StaticMeshActor (floor01_2x116)
[2025.09.27-12.59.55:018][388]LogSlate: FSceneViewport::OnFocusLost() reason 0
[2025.09.27-13.00.00:122][995]Cmd: TRANSACTION UNDO
[2025.09.27-13.00.00:122][995]LogEditorTransaction: Undo Edit Static Mesh
[2025.09.27-13.00.02:374][259]LogEditorViewport: Clicking on Actor (LMB): StaticMeshActor (floor01_2x120)
[2025.09.27-13.00.40:383][954]LogSlate: FSceneViewport::OnFocusLost() reason 2
[2025.09.27-13.00.41:930][132]LogEditorViewport: Clicking on Actor (LMB): StaticMeshActor (floor01_2x123)
[2025.09.27-13.00.45:573][564]LogEditorViewport: Clicking on Actor (LMB): StaticMeshActor (floor01_2x60)
[2025.09.27-13.00.46:872][715]LogEditorViewport: Clicking on Actor (LMB): StaticMeshActor (floor01_2x3)
[2025.09.27-13.00.52:386][364]LogEditorViewport: Clicking on Actor (LMB): StaticMeshActor (floor01_2x116)
[2025.09.27-13.01.04:123][731]LogSlate: FSceneViewport::OnFocusLost() reason 2
[2025.09.27-13.01.06:285][987]LogEditorViewport: Clicking on Actor (LMB): StaticMeshActor (floor01_2x6)
[2025.09.27-13.01.07:449][122]LogEditorViewport: Clicking on Actor (LMB): StaticMeshActor (box8)
[2025.09.27-13.01.17:081][266]LogSlate: FSceneViewport::OnFocusLost() reason 0
[2025.09.27-13.01.19:815][593]LogEditorViewport: Clicking on Actor (LMB): StaticMeshActor (floor01_2x173)
[2025.09.27-13.01.25:758][280]LogSlate: FSceneViewport::OnFocusLost() reason 0
[2025.09.27-13.01.28:793][643]MapCheck: New page: Map Check
[2025.09.27-13.01.28:804][643]LightingResults: New page: Lighting Build - Sep 27, 2025, 7:01:28 PM
[2025.09.27-13.01.28:809][643]LogSwarmInterface: [OpenConnection] Registering TCP channel ...
[2025.09.27-13.01.28:812][643]LogSwarmInterface: [OpenConnection] Connecting to agent ...
[2025.09.27-13.01.28:812][643]LogSwarmInterface: [TryOpenConnection] Testing the Agent
[2025.09.27-13.01.28:814][643]LogSwarmInterface: [TryOpenConnection] Opening Connection to Agent
[2025.09.27-13.01.28:814][643]LogSwarmInterface: [TryOpenConnection] Local Process ID is 24552
[2025.09.27-13.01.33:387][643]LogStaticLightingSystem: Running Lightmass w/ ImmediateImport mode ENABLED
[2025.09.27-13.01.33:387][643]LogStaticLightingSystem: Running Lightmass w/ ImmediateProcess mode ENABLED
[2025.09.27-13.01.33:387][643]LogStaticLightingSystem: Running Lightmass w/ Sorting mode ENABLED
[2025.09.27-13.01.33:387][643]LogStaticLightingSystem: Running Lightmass w/ Mapping paddings ENABLED
[2025.09.27-13.01.33:387][643]LogStaticLightingSystem: Running Lightmass w/ Mapping debug paddings DISABLED
[2025.09.27-13.01.33:470][643]LogEditorBuildUtils: Build time 0:04
[2025.09.27-13.01.33:510][644]LogUObjectHash: Compacting FUObjectHashTables data took   1.33ms
[2025.09.27-13.01.57:790][790]LogUObjectHash: Compacting FUObjectHashTables data took   0.57ms
[2025.09.27-13.01.58:171][790]LogSavePackage: Moving 'E:/GameDev/hggjam/GameJamHGGUnreal4.23.1/GameJamCrew/Saved/CheeseFactory_001_Auto36E144080465B5919D6FD3BB7A30D021F.tmp' to 'E:/GameDev/hggjam/GameJamHGGUnreal4.23.1/GameJamCrew/Saved/Autosaves/Game/Levels/CheeseFactory_001_Auto3.umap'
[2025.09.27-13.01.58:173][790]LogFileHelpers: Editor autosave (incl. sublevels) for '/Game/Levels/CheeseFactory_001' took 0.405
[2025.09.27-13.01.58:174][790]LogFileHelpers: Editor autosave (incl. sublevels) for all levels took 0.405
[2025.09.27-13.02.11:308][830]LightingResults: Warning: cylinder Object has overlapping UVs.
[2025.09.27-13.02.11:308][830]LightingResults: cylinder Lightmap UV are overlapping by 8.7%. Please adjust content - Enable Error Coloring to visualize.
[2025.09.27-13.02.42:453][923]Job is a success!
[2025.09.27-13.02.42:846][924]LogVolumetricLightmapImport: Imported Volumetric Lightmap in 0.003s
[2025.09.27-13.02.42:846][924]LogVolumetricLightmapImport:      Indirection Texture 16x16x16 = 0.0Mb
[2025.09.27-13.02.42:846][924]LogVolumetricLightmapImport:      BrickData 85x5x5 = 0.1Mb
[2025.09.27-13.02.42:846][924]LogVolumetricLightmapImport:      Bricks at Level
[2025.09.27-13.02.42:846][924]LogVolumetricLightmapImport:          0: 5.9% covering 100.0% of volume
[2025.09.27-13.02.42:846][924]LogVolumetricLightmapImport:          1: 5.9% covering 1.6% of volume
[2025.09.27-13.02.42:846][924]LogVolumetricLightmapImport:          2: 88.2% covering 0.4% of volume
[2025.09.27-13.02.44:750][924]LogTexture: Display: Building textures: HQ_Lightmap1_1 (AutoDXT, 1024X1024)
[2025.09.27-13.02.44:750][924]LogTexture: Display: Building textures: LQ_Lightmap_1_1 (DXT1, 1024X1024)
[2025.09.27-13.02.44:750][924]LogTexture: Display: Building textures: HQ_Lightmap1_2 (AutoDXT, 1024X1024)
[2025.09.27-13.02.44:750][924]LogTexture: Display: Building textures: LQ_Lightmap_1_2 (DXT1, 1024X1024)
[2025.09.27-13.02.44:750][924]LogTexture: Display: Building textures: HQ_Lightmap1_3 (AutoDXT, 1024X1024)
[2025.09.27-13.02.44:750][924]LogTexture: Display: Building textures: LQ_Lightmap_1_3 (DXT1, 1024X1024)
[2025.09.27-13.02.44:750][924]LogTexture: Display: Building textures: HQ_Lightmap1_4 (AutoDXT, 1024X1024)
[2025.09.27-13.02.44:750][924]LogTexture: Display: Building textures: LQ_Lightmap_1_4 (DXT1, 1024X1024)
[2025.09.27-13.02.44:750][924]LogTexture: Display: Building textures: HQ_Lightmap1_5 (AutoDXT, 1024X1024)
[2025.09.27-13.02.44:750][924]LogTexture: Display: Building textures: LQ_Lightmap_1_5 (DXT1, 1024X1024)
[2025.09.27-13.02.44:750][924]LogTexture: Display: Building textures: HQ_Lightmap1_6 (AutoDXT, 1024X1024)
[2025.09.27-13.02.44:750][924]LogTexture: Display: Building textures: LQ_Lightmap_1_6 (DXT1, 1024X1024)
[2025.09.27-13.02.44:750][924]LogTexture: Display: Building textures: HQ_Lightmap1_7 (AutoDXT, 1024X1024)
[2025.09.27-13.02.44:750][924]LogTexture: Display: Building textures: LQ_Lightmap_1_7 (DXT1, 1024X1024)
[2025.09.27-13.02.44:750][924]LogTexture: Display: Building textures: HQ_Lightmap1_8 (AutoDXT, 1024X1024)
[2025.09.27-13.02.44:750][924]LogTexture: Display: Building textures: LQ_Lightmap_1_8 (DXT1, 1024X1024)
[2025.09.27-13.02.44:750][924]LogTexture: Display: Building textures: HQ_Lightmap1_9 (AutoDXT, 1024X1024)
[2025.09.27-13.02.44:750][924]LogTexture: Display: Building textures: LQ_Lightmap_1_9 (DXT1, 1024X1024)
[2025.09.27-13.02.44:750][924]LogTexture: Display: Building textures: HQ_Lightmap1_10 (AutoDXT, 1024X1024)
[2025.09.27-13.02.44:750][924]LogTexture: Display: Building textures: LQ_Lightmap_1_10 (DXT1, 1024X1024)
[2025.09.27-13.02.44:750][924]LogTexture: Display: Building textures: HQ_Lightmap1_11 (AutoDXT, 1024X1024)
[2025.09.27-13.02.44:750][924]LogTexture: Display: Building textures: LQ_Lightmap_1_11 (DXT1, 1024X1024)
[2025.09.27-13.02.44:750][924]LogTexture: Display: Building textures: HQ_Lightmap1_12 (AutoDXT, 1024X1024)
[2025.09.27-13.02.44:750][924]LogTexture: Display: Building textures: LQ_Lightmap_1_12 (DXT1, 1024X1024)
[2025.09.27-13.02.44:750][924]LogTexture: Display: Building textures: HQ_Lightmap1_13 (AutoDXT, 1024X1024)
[2025.09.27-13.02.44:750][924]LogTexture: Display: Building textures: LQ_Lightmap_1_13 (DXT1, 1024X1024)
[2025.09.27-13.02.44:750][924]LogTexture: Display: Building textures: HQ_Lightmap1_14 (AutoDXT, 1024X1024)
[2025.09.27-13.02.44:750][924]LogTexture: Display: Building textures: LQ_Lightmap_1_14 (DXT1, 1024X1024)
[2025.09.27-13.02.44:750][924]LogTexture: Display: Building textures: HQ_Lightmap1_15 (AutoDXT, 1024X1024)
[2025.09.27-13.02.44:750][924]LogTexture: Display: Building textures: LQ_Lightmap_1_15 (DXT1, 1024X1024)
[2025.09.27-13.02.44:750][924]LogTexture: Display: Building textures: HQ_Lightmap1_16 (AutoDXT, 1024X1024)
[2025.09.27-13.02.44:750][924]LogTexture: Display: Building textures: LQ_Lightmap_1_16 (DXT1, 1024X1024)
[2025.09.27-13.02.44:750][924]LogTexture: Display: Building textures: HQ_Lightmap1_17 (AutoDXT, 512X512)
[2025.09.27-13.02.44:750][924]LogTexture: Display: Building textures: LQ_Lightmap_1_17 (DXT1, 512X512)
[2025.09.27-13.02.44:750][924]LogTexture: Display: Building textures: HQ_Lightmap0_18 (AutoDXT, 64X64)
[2025.09.27-13.02.44:750][924]LogTexture: Display: Building textures: LQ_Lightmap_0_18 (DXT1, 64X64)
[2025.09.27-13.02.44:878][924]LogTexture: Display: Building textures: ShadowMapTexture2D_65 (G8, 32X32)
[2025.09.27-13.02.44:878][924]LogTexture: Display: Building textures: ShadowMapTexture2D_60 (G8, 1024X1024)
[2025.09.27-13.02.44:878][924]LogTexture: Display: Building textures: ShadowMapTexture2D_63 (G8, 1024X1024)
[2025.09.27-13.02.44:878][924]LogTexture: Display: Building textures: ShadowMapTexture2D_61 (G8, 1024X1024)
[2025.09.27-13.02.44:878][924]LogTexture: Display: Building textures: ShadowMapTexture2D_62 (G8, 1024X1024)
[2025.09.27-13.02.44:878][924]LogTexture: Display: Building textures: ShadowMapTexture2D_64 (G8, 1024X1024)
[2025.09.27-13.02.44:896][924]Lightmass on CECOMAIN: 1:11 min total, 91 ms importing, 37 ms setup, 3.78 sec photons, 1:07 min processing, 0 ms extra exporting [878/878 mappings]. Threads: 16:48 min total, 12:10 min processing.
[2025.09.27-13.02.44:899][924]LogStaticLightingSystem: CheeseFactory_001_BuiltData storing lightmap data for 878 meshes in 39 LightmapResourceClusters (22.5 Meshes per cluster).
[2025.09.27-13.02.44:924][924]LogUObjectHash: Compacting FUObjectHashTables data took   0.98ms
[2025.09.27-13.02.44:929][924]LogStaticLightingSystem: Illumination: 1:15 min (1.50 sec encoding lightmaps, 121 ms encoding shadowmaps)
[2025.09.27-13.02.44:929][924]LogStaticLightingSystem: Lightmap texture memory:  32.5 MB (32.5 MB streaming, 0.0 MB non-streaming), 36 textures
[2025.09.27-13.02.44:929][924]LogStaticLightingSystem: Shadowmap texture memory: 6.7 MB (6.7 MB streaming, 0.0 MB non-streaming), 6 textures
[2025.09.27-13.02.45:445][924]DumpUnbuiltLightIteractions
[2025.09.27-13.02.45:445][924]Lights with unbuilt interactions: 0
[2025.09.27-13.02.45:445][924]
[2025.09.27-13.02.45:445][924]Primitives with unbuilt interactions: 0
[2025.09.27-13.02.45:670][925]Cmd: MAP CHECK NOTIFYRESULTS
[2025.09.27-13.02.45:670][925]MapCheck: New page: CheeseFactory_001 - Sep 27, 2025, 7:02:45 PM
[2025.09.27-13.02.45:673][925]MapCheck: Warning: Rail_2m_Side_76 Static mesh actor has NULL StaticMesh property 
[2025.09.27-13.02.45:673][925]MapCheck: Warning: Rail_2m_Side2 Static mesh actor has NULL StaticMesh property 
[2025.09.27-13.02.45:673][925]MapCheck: Warning: Rail_2m_Side3 Static mesh actor has NULL StaticMesh property 
[2025.09.27-13.02.45:673][925]MapCheck: Warning: Rail_2m_Side4 Static mesh actor has NULL StaticMesh property 
[2025.09.27-13.02.45:673][925]MapCheck: Warning: Rail_2m_Side5 Static mesh actor has NULL StaticMesh property 
[2025.09.27-13.02.45:673][925]MapCheck: Warning: Rail_2m_Side6 Static mesh actor has NULL StaticMesh property 
[2025.09.27-13.02.45:673][925]MapCheck: Warning: Rail_2m_Side7 Static mesh actor has NULL StaticMesh property 
[2025.09.27-13.02.45:673][925]MapCheck: Warning: Rail_2m_Side8_98 Static mesh actor has NULL StaticMesh property 
[2025.09.27-13.02.45:673][925]MapCheck: Warning: Rail_2m_Side9 Static mesh actor has NULL StaticMesh property 
[2025.09.27-13.02.45:673][925]MapCheck: Warning: Rail_2m_Side10 Static mesh actor has NULL StaticMesh property 
[2025.09.27-13.02.45:673][925]MapCheck: Warning: Rail_2m_Side11 Static mesh actor has NULL StaticMesh property 
[2025.09.27-13.02.45:673][925]MapCheck: Warning: Rail_2m_Side12 Static mesh actor has NULL StaticMesh property 
[2025.09.27-13.02.45:673][925]MapCheck: Warning: Rail_2m_Side13 Static mesh actor has NULL StaticMesh property 
[2025.09.27-13.02.45:673][925]MapCheck: Warning: Rail_2m_Side14 Static mesh actor has NULL StaticMesh property 
[2025.09.27-13.02.45:673][925]MapCheck: Warning: Rail_2m_Side15 Static mesh actor has NULL StaticMesh property 
[2025.09.27-13.02.45:673][925]MapCheck: Warning: Rail_2m_Side17 Static mesh actor has NULL StaticMesh property 
[2025.09.27-13.02.45:673][925]MapCheck: Warning: Rail_2m_Side18 Static mesh actor has NULL StaticMesh property 
[2025.09.27-13.02.45:673][925]MapCheck: Warning: Rail_2m_Side16 Static mesh actor has NULL StaticMesh property 
[2025.09.27-13.02.45:673][925]MapCheck: Warning: Rail_2m_Side19 Static mesh actor has NULL StaticMesh property 
[2025.09.27-13.02.45:673][925]MapCheck: Warning: Rail_2m_Side20 Static mesh actor has NULL StaticMesh property 
[2025.09.27-13.02.45:673][925]MapCheck: Warning: Rail_2m_Side21 Static mesh actor has NULL StaticMesh property 
[2025.09.27-13.02.45:673][925]MapCheck: Warning: Rail_2m_Side22 Static mesh actor has NULL StaticMesh property 
[2025.09.27-13.02.45:673][925]MapCheck: Warning: Rail_2m_Side24_203 Static mesh actor has NULL StaticMesh property 
[2025.09.27-13.02.45:673][925]MapCheck: Warning: Rail_2m_Side25 Static mesh actor has NULL StaticMesh property 
[2025.09.27-13.02.45:674][925]MapCheck: Map check complete: 0 Error(s), 24 Warning(s), took 3.139ms to complete.
[2025.09.27-13.02.47:166][103]LogSlate: Window 'Message Log' being destroyed
[2025.09.27-13.02.47:172][103]LogSlate: Window 'Message Log' being destroyed
[2025.09.27-13.03.26:247][786]LogEditorViewport: Clicking on Actor (LMB): StaticMeshActor (shelf4)
[2025.09.27-13.03.26:620][828]LogEditorViewport: Clicking on Actor (context menu): StaticMeshActor (shelf4)
[2025.09.27-13.03.26:634][828]LogSlate: FSceneViewport::OnFocusLost() reason 5
[2025.09.27-13.04.14:924][845]LogSlate: Window 'FBX Export Options' being destroyed
[2025.09.27-13.04.14:939][845]LogFbx: Warning: FBX version number for this version of the FBX SDK is 7.5.0


[2025.09.27-13.12.01:374][564]LogUObjectHash: Compacting FUObjectHashTables data took   1.03ms
[2025.09.27-13.12.01:578][564]LogSavePackage: Moving 'E:/GameDev/hggjam/GameJamHGGUnreal4.23.1/GameJamCrew/Saved/CheeseFactory_001_Auto47D5450EE492A1BD94638D1AF2567DD74.tmp' to 'E:/GameDev/hggjam/GameJamHGGUnreal4.23.1/GameJamCrew/Saved/Autosaves/Game/Levels/CheeseFactory_001_Auto4.umap'
[2025.09.27-13.12.01:579][564]LogFileHelpers: Editor autosave (incl. sublevels) for '/Game/Levels/CheeseFactory_001' took 0.225
[2025.09.27-13.12.01:579][564]LogFileHelpers: Editor autosave (incl. sublevels) for all levels took 0.225
[2025.09.27-13.21.59:288][501]LogEditorViewport: Clicking on Actor (LMB): StaticMeshActor (shelf2)
[2025.09.27-13.22.01:548][758]LogSlate: FSceneViewport::OnFocusLost() reason 0
[2025.09.27-13.22.14:267][  4]LogUObjectHash: Compacting FUObjectHashTables data took   1.36ms
[2025.09.27-13.22.14:267][  4]LogFileHelpers: Editor autosave (incl. sublevels) for '/Game/Levels/CheeseFactory_001' took 0.022
[2025.09.27-13.22.14:268][  4]OBJ SavePackage: Generating thumbnails for [1] asset(s) in package [/Game/LevelAssets/Models/Props/shelf01] ([1] browsable assets)...
[2025.09.27-13.22.14:273][  4]OBJ SavePackage:     Rendered thumbnail for [StaticMesh /Game/LevelAssets/Models/Props/shelf01.shelf01]
[2025.09.27-13.22.14:273][  4]OBJ SavePackage: Finished generating thumbnails for package [/Game/LevelAssets/Models/Props/shelf01]
[2025.09.27-13.22.14:283][  4]LogSavePackage: Moving 'E:/GameDev/hggjam/GameJamHGGUnreal4.23.1/GameJamCrew/Saved/shelf01_Auto56BFE589340645FA067810991FB282C90.tmp' to 'E:/GameDev/hggjam/GameJamHGGUnreal4.23.1/GameJamCrew/Saved/Autosaves/Game/LevelAssets/Models/Props/shelf01_Auto5.uasset'
[2025.09.27-13.22.14:284][  4]LogFileHelpers: Auto-saving content packages took 0.016
[2025.09.27-13.22.32:944][979]LogEditorViewport: Clicking on Actor (context menu): StaticMeshActor (shelf2)
[2025.09.27-13.22.32:959][979]LogSlate: FSceneViewport::OnFocusLost() reason 5
[2025.09.27-13.22.39:566][763]LogEditorViewport: Clicking on Actor (LMB): StaticMeshActor (shelf2)
[2025.09.27-13.22.40:351][856]LogEditorViewport: Clicking on Actor (LMB): StaticMeshActor (floor01_2x71)
[2025.09.27-13.22.41:341][971]LogSlate: FSceneViewport::OnFocusLost() reason 0
[2025.09.27-13.22.42:006][ 51]LogEditorViewport: Clicking on Actor (LMB): StaticMeshActor (shelf2)
[2025.09.27-13.22.45:518][466]LogSlate: FSceneViewport::OnFocusLost() reason 0
[2025.09.27-13.22.51:595][ 42]LogEditorViewport: Clicking on Actor (LMB): StaticMeshActor (shelf2)
[2025.09.27-13.22.52:286][123]LogSlate: FSceneViewport::OnFocusLost() reason 0
[2025.09.27-13.22.52:955][203]LogEditorViewport: Clicking on Actor (context menu): StaticMeshActor (shelf2)
[2025.09.27-13.22.52:968][203]LogSlate: FSceneViewport::OnFocusLost() reason 5
[2025.09.27-13.22.58:205][808]LogAssetEditorManager: Opening Asset editor for StaticMesh /Game/LevelAssets/Models/Props/shelf01.shelf01
[2025.09.27-13.23.00:897][115]LogSlate: FSceneViewport::OnFocusLost() reason 0
[2025.09.27-13.23.00:965][123]LogSlate: Window 'shelf01' being destroyed
[2025.09.27-13.23.00:969][123]LogSlate: Window 'shelf01' being destroyed
[2025.09.27-13.23.00:973][123]LogWorld: UWorld::CleanupWorld for World_11, bSessionEnded=true, bCleanupResources=true
[2025.09.27-13.23.55:375][450]LogSlate: FSceneViewport::OnFocusLost() reason 0
[2025.09.27-13.23.59:251][906]LogUObjectHash: Compacting FUObjectHashTables data took   0.97ms
[2025.09.27-13.24.01:276][906]LogSlate: Window 'Delete Assets' being destroyed
[2025.09.27-13.24.01:975][906]LogUObjectGlobals: Force Deleting 1 Package(s):
	Asset Name: /Game/LevelAssets/Models/Props/shelf01.shelf01
[2025.09.27-13.24.02:604][906]LogUObjectHash: Compacting FUObjectHashTables data took   1.10ms
[2025.09.27-13.24.02:625][906]LogUObjectHash: Compacting FUObjectHashTables data took   0.82ms
[2025.09.27-13.24.02:644][906]LogUObjectHash: Compacting FUObjectHashTables data took   0.42ms
[2025.09.27-13.24.04:851][166]LogSlate: FSceneViewport::OnFocusLost() reason 0
[2025.09.27-13.24.08:947][331]LogFactory: FactoryCreateFile: StaticMesh with FbxFactory (0 0 E:\GameDev\hggjam\KlixXsrc\models\props\shelf01.fbx)
[2025.09.27-13.24.08:951][331]LogFbx: Loading FBX Scene from E:\GameDev\hggjam\KlixXsrc\models\props\shelf01.fbx
[2025.09.27-13.24.08:956][331]LogFbx: FBX Scene Loaded Succesfully
[2025.09.27-13.24.11:098][331]LogSlate: Window 'FBX Import Options' being destroyed
[2025.09.27-13.24.11:119][331]LogFbx: Display: Triangulating static mesh shelf01
[2025.09.27-13.24.11:124][331]LogStaticMesh: Building static mesh shelf01...
[2025.09.27-13.24.11:130][331]LogStaticMesh: Built static mesh [0.01s] /Game/LevelAssets/Models/Props/shelf01.shelf01
[2025.09.27-13.24.11:135][331]FBXImport: Warning: No smoothing group information was found in this FBX scene.  Please make sure to enable the 'Export Smoothing Groups' option in the FBX Exporter plug-in before exporting the file.  Even for tools that don't support smoothing groups, the FBX Exporter will generate appropriate smoothing data at export-time so that correct vertex normals can be inferred while importing. 
[2025.09.27-13.24.13:824][639]LogSlate: Window 'Message Log' being destroyed
[2025.09.27-13.24.13:830][639]LogSlate: Window 'Message Log' being destroyed
[2025.09.27-13.24.14:607][729]LogActorFactory: Actor Factory created shelf01
[2025.09.27-13.24.14:622][729]LogActorFactory: Actor Factory created shelf01
[2025.09.27-13.24.14:623][729]LogSlate: FSceneViewport::OnFocusLost() reason 2
[2025.09.27-13.24.15:333][813]LogActorFactory: Actor Factory created shelf01
[2025.09.27-13.24.33:061][917]LogSlate: FSceneViewport::OnFocusLost() reason 0
[2025.09.27-13.24.33:214][934]LogAssetEditorManager: Opening Asset editor for StaticMesh /Game/LevelAssets/Models/Props/shelf01.shelf01
[2025.09.27-13.24.38:302][518]Cmd: OBJ SAVEPACKAGE PACKAGE="/Game/LevelAssets/Models/Props/shelf01" FILE="E:/GameDev/hggjam/GameJamHGGUnreal4.23.1/GameJamCrew/Content/LevelAssets/Models/Props/shelf01.uasset" SILENT=true
[2025.09.27-13.24.38:309][518]LogSavePackage: Moving 'E:/GameDev/hggjam/GameJamHGGUnreal4.23.1/GameJamCrew/Saved/shelf016D7D4749474D2DB8B9A6E8A6AE9EF3FD.tmp' to 'E:/GameDev/hggjam/GameJamHGGUnreal4.23.1/GameJamCrew/Content/LevelAssets/Models/Props/shelf01.uasset'
[2025.09.27-13.24.39:330][633]LogSlate: Window 'shelf01' being destroyed
[2025.09.27-13.24.39:336][633]LogSlate: Window 'shelf01' being destroyed
[2025.09.27-13.24.39:339][633]LogWorld: UWorld::CleanupWorld for World_12, bSessionEnded=true, bCleanupResources=true
[2025.09.27-13.24.39:957][704]LogEditorViewport: Clicking on Actor (LMB): StaticMeshActor (floor01_2x71)
[2025.09.27-13.24.40:831][801]LogEditorViewport: Clicking on Actor (LMB): StaticMeshActor (shelf6)
[2025.09.27-13.25.11:249][101]LogSlate: FSceneViewport::OnFocusLost() reason 0
[2025.09.27-13.25.13:744][396]LogEditorFactories: Performing atomic reimport of [E:/GameDev/hggjam/KlixXsrc/models/props/shelf01.fbx]
[2025.09.27-13.25.13:762][396]LogFbx: Loading FBX Scene from E:/GameDev/hggjam/KlixXsrc/models/props/shelf01.fbx
[2025.09.27-13.25.13:764][396]LogFbx: FBX Scene Loaded Succesfully
[2025.09.27-13.25.13:765][396]LogFbx: Display: Triangulating static mesh shelf01
[2025.09.27-13.25.13:777][396]LogStaticMesh: Building static mesh shelf01...
[2025.09.27-13.25.13:784][396]LogStaticMesh: Built static mesh [0.01s] /Game/LevelAssets/Models/Props/shelf01.shelf01
[2025.09.27-13.25.13:791][396]LogEditorFactories: -- imported successfully
[2025.09.27-13.25.13:792][396]FBXImport: Warning: No smoothing group information was found in this FBX scene.  Please make sure to enable the 'Export Smoothing Groups' option in the FBX Exporter plug-in before exporting the file.  Even for tools that don't support smoothing groups, the FBX Exporter will generate appropriate smoothing data at export-time so that correct vertex normals can be inferred while importing. 
[2025.09.27-13.25.46:898][135]LogSlate: FSceneViewport::OnFocusLost() reason 5
[2025.09.27-13.26.14:763][567]LogEditorFactories: Performing atomic reimport of [E:/GameDev/hggjam/KlixXsrc/models/props/shelf01.fbx]
[2025.09.27-13.26.14:780][567]LogFbx: Loading FBX Scene from E:/GameDev/hggjam/KlixXsrc/models/props/shelf01.fbx
[2025.09.27-13.26.14:783][567]LogFbx: FBX Scene Loaded Succesfully
[2025.09.27-13.26.14:784][567]LogFbx: Display: Triangulating static mesh shelf01
[2025.09.27-13.26.14:797][567]LogStaticMesh: Building static mesh shelf01...
[2025.09.27-13.26.14:803][567]LogStaticMesh: Built static mesh [0.01s] /Game/LevelAssets/Models/Props/shelf01.shelf01
[2025.09.27-13.26.14:811][567]LogEditorFactories: -- imported successfully
[2025.09.27-13.26.14:812][567]FBXImport: Warning: No smoothing group information was found in this FBX scene.  Please make sure to enable the 'Export Smoothing Groups' option in the FBX Exporter plug-in before exporting the file.  Even for tools that don't support smoothing groups, the FBX Exporter will generate appropriate smoothing data at export-time so that correct vertex normals can be inferred while importing. 
[2025.09.27-13.26.15:261][618]LogEditorViewport: Clicking on Actor (LMB): StaticMeshActor (floor01_2x80)
[2025.09.27-13.26.17:081][828]LogEditorViewport: Clicking on Actor (LMB): StaticMeshActor (shelf6)
[2025.09.27-13.26.39:490][470]LogEditorViewport: Clicking on Actor (LMB): StaticMeshActor (shelf7)
[2025.09.27-13.27.04:477][430]LogEditorViewport: Clicking on Actor (LMB): StaticMeshActor (shelf8)
[2025.09.27-13.27.33:031][275]LogSlate: FSceneViewport::OnFocusLost() reason 5
[2025.09.27-13.27.34:811][459]LogEditorViewport: Clicking on Actor (context menu): StaticMeshActor (shelf10)
[2025.09.27-13.27.34:825][459]LogSlate: FSceneViewport::OnFocusLost() reason 5
[2025.09.27-13.27.37:816][807]LogEditorFactories: Performing atomic reimport of [E:/GameDev/hggjam/KlixXsrc/models/props/shelf01.fbx]
[2025.09.27-13.27.37:833][807]LogFbx: Loading FBX Scene from E:/GameDev/hggjam/KlixXsrc/models/props/shelf01.fbx
[2025.09.27-13.27.37:835][807]LogFbx: FBX Scene Loaded Succesfully
[2025.09.27-13.27.37:835][807]LogFbx: Display: Triangulating static mesh shelf01
[2025.09.27-13.27.37:848][807]LogStaticMesh: Building static mesh shelf01...
[2025.09.27-13.27.37:855][807]LogStaticMesh: Built static mesh [0.01s] /Game/LevelAssets/Models/Props/shelf01.shelf01
[2025.09.27-13.27.37:862][807]LogEditorFactories: -- imported successfully
[2025.09.27-13.27.37:862][807]FBXImport: Warning: No smoothing group information was found in this FBX scene.  Please make sure to enable the 'Export Smoothing Groups' option in the FBX Exporter plug-in before exporting the file.  Even for tools that don't support smoothing groups, the FBX Exporter will generate appropriate smoothing data at export-time so that correct vertex normals can be inferred while importing. 
[2025.09.27-13.27.39:100][948]LogEditorViewport: Clicking on Actor (LMB): StaticMeshActor (floor01_2x47)
[2025.09.27-13.27.48:383][ 47]LogEditorViewport: Clicking on Actor (LMB): StaticMeshActor (shelf7)
[2025.09.27-13.27.50:538][294]LogSlate: FSceneViewport::OnFocusLost() reason 5
[2025.09.27-13.27.50:544][294]Cmd: OBJ SAVEPACKAGE PACKAGE="/Game/Levels/CheeseFactory_001" FILE="E:/GameDev/hggjam/GameJamHGGUnreal4.23.1/GameJamCrew/Content/Levels/CheeseFactory_001.umap" SILENT=true AUTOSAVING=false KEEPDIRTY=false
[2025.09.27-13.27.50:565][294]LogUObjectHash: Compacting FUObjectHashTables data took   0.97ms
[2025.09.27-13.27.50:774][294]LogSavePackage: Moving 'E:/GameDev/hggjam/GameJamHGGUnreal4.23.1/GameJamCrew/Saved/CheeseFactory_0013819CB9047B45595FCBB34A10D67AC8F.tmp' to 'E:/GameDev/hggjam/GameJamHGGUnreal4.23.1/GameJamCrew/Content/Levels/CheeseFactory_001.umap'
[2025.09.27-13.27.50:785][294]Cmd: OBJ SAVEPACKAGE PACKAGE="/Game/Levels/CheeseFactory_001_BuiltData" FILE="E:/GameDev/hggjam/GameJamHGGUnreal4.23.1/GameJamCrew/Content/Levels/CheeseFactory_001_BuiltData.uasset" SILENT=true
[2025.09.27-13.27.51:317][294]LogSavePackage: Moving 'E:/GameDev/hggjam/GameJamHGGUnreal4.23.1/GameJamCrew/Saved/CheeseFactory_001_BuiltData45A5336D4E78902E64C7CB9A074F554A.tmp' to 'E:/GameDev/hggjam/GameJamHGGUnreal4.23.1/GameJamCrew/Content/Levels/CheeseFactory_001_BuiltData.uasset'
[2025.09.27-13.28.04:165][825]LogSlate: FSceneViewport::OnFocusLost() reason 2
[2025.09.27-13.28.06:518][104]LogEditorViewport: Clicking on Actor (LMB): StaticMeshActor (floor01_2x81)
[2025.09.27-13.28.07:501][217]LogSlate: FSceneViewport::OnFocusLost() reason 5
[2025.09.27-13.28.07:506][217]Cmd: OBJ SAVEPACKAGE PACKAGE="/Game/Levels/CheeseFactory_001" FILE="E:/GameDev/hggjam/GameJamHGGUnreal4.23.1/GameJamCrew/Content/Levels/CheeseFactory_001.umap" SILENT=true AUTOSAVING=false KEEPDIRTY=false
[2025.09.27-13.28.07:526][217]LogUObjectHash: Compacting FUObjectHashTables data took   0.98ms
[2025.09.27-13.28.07:729][217]LogSavePackage: Moving 'E:/GameDev/hggjam/GameJamHGGUnreal4.23.1/GameJamCrew/Saved/CheeseFactory_001EAB55008419C4C12B172C2A5CF8DDEFD.tmp' to 'E:/GameDev/hggjam/GameJamHGGUnreal4.23.1/GameJamCrew/Content/Levels/CheeseFactory_001.umap'
[2025.09.27-13.28.07:740][217]Cmd: OBJ SAVEPACKAGE PACKAGE="/Game/Levels/CheeseFactory_001_BuiltData" FILE="E:/GameDev/hggjam/GameJamHGGUnreal4.23.1/GameJamCrew/Content/Levels/CheeseFactory_001_BuiltData.uasset" SILENT=true
[2025.09.27-13.28.08:248][217]LogSavePackage: Moving 'E:/GameDev/hggjam/GameJamHGGUnreal4.23.1/GameJamCrew/Saved/CheeseFactory_001_BuiltData233ABFA948AA7AEC6875B6A525169135.tmp' to 'E:/GameDev/hggjam/GameJamHGGUnreal4.23.1/GameJamCrew/Content/Levels/CheeseFactory_001_BuiltData.uasset'
[2025.09.27-13.29.05:318][339]LogEditorViewport: Clicking on Actor (LMB): StaticMeshActor (Channel149)
[2025.09.27-13.29.48:117][415]LogEditorViewport: Clicking on Actor (LMB): StaticMeshActor (Channel102)
[2025.09.27-13.31.12:081][274]LogEditorViewport: Clicking on Actor (LMB): StaticMeshActor (Channel37)
[2025.09.27-13.31.13:959][494]LogEditorViewport: Clicking on Actor (LMB): StaticMeshActor (Channel36)
[2025.09.27-13.31.14:458][551]LogEditorViewport: Clicking on Actor (LMB): StaticMeshActor (Channel38)
[2025.09.27-13.31.37:079][223]LogEditorViewport: Clicking on Actor (LMB): StaticMeshActor (Channel40)
[2025.09.27-13.32.03:656][387]LogEditorViewport: Clicking on Actor (LMB): StaticMeshActor (Channel160)
[2025.09.27-13.32.59:451][770]LogEditorViewport: Clicking on Actor (LMB): StaticMeshActor (Channel183)
[2025.09.27-13.33.05:035][398]LogSlate: FSceneViewport::OnFocusLost() reason 5
[2025.09.27-13.33.05:040][398]Cmd: OBJ SAVEPACKAGE PACKAGE="/Game/Levels/CheeseFactory_001" FILE="E:/GameDev/hggjam/GameJamHGGUnreal4.23.1/GameJamCrew/Content/Levels/CheeseFactory_001.umap" SILENT=true AUTOSAVING=false KEEPDIRTY=false
[2025.09.27-13.33.05:061][398]LogUObjectHash: Compacting FUObjectHashTables data took   1.02ms
[2025.09.27-13.33.05:267][398]LogSavePackage: Moving 'E:/GameDev/hggjam/GameJamHGGUnreal4.23.1/GameJamCrew/Saved/CheeseFactory_00136571ADC4CD0A9D74EA79D9187A693F5.tmp' to 'E:/GameDev/hggjam/GameJamHGGUnreal4.23.1/GameJamCrew/Content/Levels/CheeseFactory_001.umap'
[2025.09.27-13.33.05:281][398]Cmd: OBJ SAVEPACKAGE PACKAGE="/Game/Levels/CheeseFactory_001_BuiltData" FILE="E:/GameDev/hggjam/GameJamHGGUnreal4.23.1/GameJamCrew/Content/Levels/CheeseFactory_001_BuiltData.uasset" SILENT=true
[2025.09.27-13.33.05:819][398]LogSavePackage: Moving 'E:/GameDev/hggjam/GameJamHGGUnreal4.23.1/GameJamCrew/Saved/CheeseFactory_001_BuiltData482284BD421878C657BFEA9A3E500A60.tmp' to 'E:/GameDev/hggjam/GameJamHGGUnreal4.23.1/GameJamCrew/Content/Levels/CheeseFactory_001_BuiltData.uasset'
[2025.09.27-13.33.06:244][446]LogEditorViewport: Clicking on Actor (LMB): StaticMeshActor (wall01_2x102)
[2025.09.27-13.33.49:972][678]LogEditorViewport: Clicking on Actor (LMB): StaticMeshActor (floor01_2x117)
[2025.09.27-13.33.50:768][768]LogSlate: FSceneViewport::OnFocusLost() reason 5
[2025.09.27-13.33.50:774][768]Cmd: OBJ SAVEPACKAGE PACKAGE="/Game/Levels/CheeseFactory_001" FILE="E:/GameDev/hggjam/GameJamHGGUnreal4.23.1/GameJamCrew/Content/Levels/CheeseFactory_001.umap" SILENT=true AUTOSAVING=false KEEPDIRTY=false
[2025.09.27-13.33.50:794][768]LogUObjectHash: Compacting FUObjectHashTables data took   1.06ms
[2025.09.27-13.33.50:995][768]LogSavePackage: Moving 'E:/GameDev/hggjam/GameJamHGGUnreal4.23.1/GameJamCrew/Saved/CheeseFactory_00140F3E17B4EDDC3B76623FF9C812F5849.tmp' to 'E:/GameDev/hggjam/GameJamHGGUnreal4.23.1/GameJamCrew/Content/Levels/CheeseFactory_001.umap'
[2025.09.27-13.33.51:007][768]Cmd: OBJ SAVEPACKAGE PACKAGE="/Game/Levels/CheeseFactory_001_BuiltData" FILE="E:/GameDev/hggjam/GameJamHGGUnreal4.23.1/GameJamCrew/Content/Levels/CheeseFactory_001_BuiltData.uasset" SILENT=true
[2025.09.27-13.33.51:515][768]LogSavePackage: Moving 'E:/GameDev/hggjam/GameJamHGGUnreal4.23.1/GameJamCrew/Saved/CheeseFactory_001_BuiltDataED1C049046FFDABC0142F1ADCC111920.tmp' to 'E:/GameDev/hggjam/GameJamHGGUnreal4.23.1/GameJamCrew/Content/Levels/CheeseFactory_001_BuiltData.uasset'
[2025.09.27-13.33.52:277][856]LogSlate: FSceneViewport::OnFocusLost() reason 0
[2025.09.27-13.33.53:678][ 23]MapCheck: New page: Map Check
[2025.09.27-13.33.53:689][ 23]LightingResults: New page: Lighting Build - Sep 27, 2025, 7:33:53 PM
[2025.09.27-13.33.53:695][ 23]LogSwarmInterface: [OpenConnection] Registering TCP channel ...
[2025.09.27-13.33.53:698][ 23]LogSwarmInterface: [OpenConnection] Connecting to agent ...
[2025.09.27-13.33.53:698][ 23]LogSwarmInterface: [TryOpenConnection] Testing the Agent
[2025.09.27-13.33.53:699][ 23]LogSwarmInterface: [TryOpenConnection] Opening Connection to Agent
[2025.09.27-13.33.53:699][ 23]LogSwarmInterface: [TryOpenConnection] Local Process ID is 24552
[2025.09.27-13.33.58:272][ 23]LogStaticLightingSystem: Running Lightmass w/ ImmediateImport mode ENABLED
[2025.09.27-13.33.58:272][ 23]LogStaticLightingSystem: Running Lightmass w/ ImmediateProcess mode ENABLED
[2025.09.27-13.33.58:272][ 23]LogStaticLightingSystem: Running Lightmass w/ Sorting mode ENABLED
[2025.09.27-13.33.58:272][ 23]LogStaticLightingSystem: Running Lightmass w/ Mapping paddings ENABLED
[2025.09.27-13.33.58:272][ 23]LogStaticLightingSystem: Running Lightmass w/ Mapping debug paddings DISABLED
[2025.09.27-13.33.58:352][ 23]LogEditorBuildUtils: Build time 0:04
[2025.09.27-13.33.58:397][ 24]LogUObjectHash: Compacting FUObjectHashTables data took   1.18ms
[2025.09.27-13.35.01:391][453]LightingResults: Warning: cylinder Object has overlapping UVs.
[2025.09.27-13.35.01:391][453]LightingResults: cylinder Lightmap UV are overlapping by 8.7%. Please adjust content - Enable Error Coloring to visualize.
[2025.09.27-13.35.17:331][621]Job is a success!
[2025.09.27-13.35.17:720][622]LogVolumetricLightmapImport: Imported Volumetric Lightmap in 0.003s
[2025.09.27-13.35.17:720][622]LogVolumetricLightmapImport:      Indirection Texture 16x16x16 = 0.0Mb
[2025.09.27-13.35.17:720][622]LogVolumetricLightmapImport:      BrickData 85x5x5 = 0.1Mb
[2025.09.27-13.35.17:720][622]LogVolumetricLightmapImport:      Bricks at Level
[2025.09.27-13.35.17:720][622]LogVolumetricLightmapImport:          0: 5.9% covering 100.0% of volume
[2025.09.27-13.35.17:720][622]LogVolumetricLightmapImport:          1: 5.9% covering 1.6% of volume
[2025.09.27-13.35.17:720][622]LogVolumetricLightmapImport:          2: 88.2% covering 0.4% of volume
[2025.09.27-13.35.19:699][622]LogTexture: Display: Building textures: HQ_Lightmap0_1 (AutoDXT, 1024X1024)
[2025.09.27-13.35.19:699][622]LogTexture: Display: Building textures: LQ_Lightmap_0_1 (DXT1, 1024X1024)
[2025.09.27-13.35.19:699][622]LogTexture: Display: Building textures: HQ_Lightmap0_2 (AutoDXT, 1024X1024)
[2025.09.27-13.35.19:699][622]LogTexture: Display: Building textures: LQ_Lightmap_0_2 (DXT1, 1024X1024)
[2025.09.27-13.35.19:699][622]LogTexture: Display: Building textures: HQ_Lightmap0_3 (AutoDXT, 1024X1024)
[2025.09.27-13.35.19:699][622]LogTexture: Display: Building textures: LQ_Lightmap_0_3 (DXT1, 1024X1024)
[2025.09.27-13.35.19:699][622]LogTexture: Display: Building textures: HQ_Lightmap0_4 (AutoDXT, 1024X1024)
[2025.09.27-13.35.19:699][622]LogTexture: Display: Building textures: LQ_Lightmap_0_4 (DXT1, 1024X1024)
[2025.09.27-13.35.19:700][622]LogTexture: Display: Building textures: HQ_Lightmap0_5 (AutoDXT, 1024X1024)
[2025.09.27-13.35.19:700][622]LogTexture: Display: Building textures: LQ_Lightmap_0_5 (DXT1, 1024X1024)
[2025.09.27-13.35.19:700][622]LogTexture: Display: Building textures: HQ_Lightmap0_6 (AutoDXT, 1024X1024)
[2025.09.27-13.35.19:700][622]LogTexture: Display: Building textures: LQ_Lightmap_0_6 (DXT1, 1024X1024)
[2025.09.27-13.35.19:700][622]LogTexture: Display: Building textures: HQ_Lightmap0_7 (AutoDXT, 1024X1024)
[2025.09.27-13.35.19:700][622]LogTexture: Display: Building textures: LQ_Lightmap_0_7 (DXT1, 1024X1024)
[2025.09.27-13.35.19:700][622]LogTexture: Display: Building textures: HQ_Lightmap0_8 (AutoDXT, 1024X1024)
[2025.09.27-13.35.19:700][622]LogTexture: Display: Building textures: LQ_Lightmap_0_8 (DXT1, 1024X1024)
[2025.09.27-13.35.19:700][622]LogTexture: Display: Building textures: HQ_Lightmap0_9 (AutoDXT, 1024X1024)
[2025.09.27-13.35.19:700][622]LogTexture: Display: Building textures: LQ_Lightmap_0_9 (DXT1, 1024X1024)
[2025.09.27-13.35.19:700][622]LogTexture: Display: Building textures: HQ_Lightmap0_10 (AutoDXT, 1024X1024)
[2025.09.27-13.35.19:700][622]LogTexture: Display: Building textures: LQ_Lightmap_0_10 (DXT1, 1024X1024)
[2025.09.27-13.35.19:700][622]LogTexture: Display: Building textures: HQ_Lightmap0_11 (AutoDXT, 1024X1024)
[2025.09.27-13.35.19:700][622]LogTexture: Display: Building textures: LQ_Lightmap_0_11 (DXT1, 1024X1024)
[2025.09.27-13.35.19:700][622]LogTexture: Display: Building textures: HQ_Lightmap0_12 (AutoDXT, 1024X1024)
[2025.09.27-13.35.19:700][622]LogTexture: Display: Building textures: LQ_Lightmap_0_12 (DXT1, 1024X1024)
[2025.09.27-13.35.19:700][622]LogTexture: Display: Building textures: HQ_Lightmap0_13 (AutoDXT, 1024X1024)
[2025.09.27-13.35.19:700][622]LogTexture: Display: Building textures: LQ_Lightmap_0_13 (DXT1, 1024X1024)
[2025.09.27-13.35.19:700][622]LogTexture: Display: Building textures: HQ_Lightmap0_14 (AutoDXT, 1024X1024)
[2025.09.27-13.35.19:700][622]LogTexture: Display: Building textures: LQ_Lightmap_0_14 (DXT1, 1024X1024)
[2025.09.27-13.35.19:700][622]LogTexture: Display: Building textures: HQ_Lightmap0_15 (AutoDXT, 1024X1024)
[2025.09.27-13.35.19:700][622]LogTexture: Display: Building textures: LQ_Lightmap_0_15 (DXT1, 1024X1024)
[2025.09.27-13.35.19:700][622]LogTexture: Display: Building textures: HQ_Lightmap0_16 (AutoDXT, 1024X1024)
[2025.09.27-13.35.19:700][622]LogTexture: Display: Building textures: LQ_Lightmap_0_16 (DXT1, 1024X1024)
[2025.09.27-13.35.19:700][622]LogTexture: Display: Building textures: HQ_Lightmap0_17 (AutoDXT, 1024X1024)
[2025.09.27-13.35.19:700][622]LogTexture: Display: Building textures: LQ_Lightmap_0_17 (DXT1, 1024X1024)
[2025.09.27-13.35.19:700][622]LogTexture: Display: Building textures: HQ_Lightmap1_18 (AutoDXT, 64X64)
[2025.09.27-13.35.19:700][622]LogTexture: Display: Building textures: LQ_Lightmap_1_18 (DXT1, 64X64)
[2025.09.27-13.35.19:824][622]LogTexture: Display: Building textures: ShadowMapTexture2D_71 (G8, 32X32)
[2025.09.27-13.35.19:824][622]LogTexture: Display: Building textures: ShadowMapTexture2D_67 (G8, 1024X1024)
[2025.09.27-13.35.19:824][622]LogTexture: Display: Building textures: ShadowMapTexture2D_70 (G8, 1024X1024)
[2025.09.27-13.35.19:824][622]LogTexture: Display: Building textures: ShadowMapTexture2D_68 (G8, 1024X1024)
[2025.09.27-13.35.19:824][622]LogTexture: Display: Building textures: ShadowMapTexture2D_69 (G8, 1024X1024)
[2025.09.27-13.35.19:824][622]LogTexture: Display: Building textures: ShadowMapTexture2D_66 (G8, 1024X1024)
[2025.09.27-13.35.19:843][622]LogStaticLightingSystem: CheeseFactory_001_BuiltData storing lightmap data for 921 meshes in 39 LightmapResourceClusters (23.6 Meshes per cluster).
[2025.09.27-13.35.19:867][622]Lightmass on CECOMAIN: 1:21 min total, 90 ms importing, 37 ms setup, 3.69 sec photons, 1:17 min processing, 0 ms extra exporting [921/921 mappings]. Threads: 19:20 min total, 14:08 min processing.
[2025.09.27-13.35.19:869][622]LogUObjectHash: Compacting FUObjectHashTables data took   0.84ms
[2025.09.27-13.35.19:873][622]LogStaticLightingSystem: Illumination: 1:25 min (1.57 sec encoding lightmaps, 122 ms encoding shadowmaps)
[2025.09.27-13.35.19:873][622]LogStaticLightingSystem: Lightmap texture memory:  34.0 MB (34.0 MB streaming, 0.0 MB non-streaming), 36 textures
[2025.09.27-13.35.19:873][622]LogStaticLightingSystem: Shadowmap texture memory: 6.7 MB (6.7 MB streaming, 0.0 MB non-streaming), 6 textures
[2025.09.27-13.35.20:338][622]DumpUnbuiltLightIteractions
[2025.09.27-13.35.20:338][622]Lights with unbuilt interactions: 0
[2025.09.27-13.35.20:338][622]
[2025.09.27-13.35.20:338][622]Primitives with unbuilt interactions: 0
[2025.09.27-13.35.20:560][623]Cmd: MAP CHECK NOTIFYRESULTS
[2025.09.27-13.35.20:560][623]MapCheck: New page: CheeseFactory_001 - Sep 27, 2025, 7:35:20 PM
[2025.09.27-13.35.20:562][623]MapCheck: Warning: shelf01_50 Static mesh actor has NULL StaticMesh property 
[2025.09.27-13.35.20:562][623]MapCheck: Warning: shelf2 Static mesh actor has NULL StaticMesh property 
[2025.09.27-13.35.20:562][623]MapCheck: Warning: Rail_2m_Side_76 Static mesh actor has NULL StaticMesh property 
[2025.09.27-13.35.20:562][623]MapCheck: Warning: Rail_2m_Side2 Static mesh actor has NULL StaticMesh property 
[2025.09.27-13.35.20:562][623]MapCheck: Warning: Rail_2m_Side3 Static mesh actor has NULL StaticMesh property 
[2025.09.27-13.35.20:562][623]MapCheck: Warning: Rail_2m_Side4 Static mesh actor has NULL StaticMesh property 
[2025.09.27-13.35.20:562][623]MapCheck: Warning: Rail_2m_Side5 Static mesh actor has NULL StaticMesh property 
[2025.09.27-13.35.20:562][623]MapCheck: Warning: Rail_2m_Side6 Static mesh actor has NULL StaticMesh property 
[2025.09.27-13.35.20:562][623]MapCheck: Warning: Rail_2m_Side7 Static mesh actor has NULL StaticMesh property 
[2025.09.27-13.35.20:562][623]MapCheck: Warning: Rail_2m_Side8_98 Static mesh actor has NULL StaticMesh property 
[2025.09.27-13.35.20:562][623]MapCheck: Warning: Rail_2m_Side9 Static mesh actor has NULL StaticMesh property 
[2025.09.27-13.35.20:562][623]MapCheck: Warning: Rail_2m_Side10 Static mesh actor has NULL StaticMesh property 
[2025.09.27-13.35.20:562][623]MapCheck: Warning: Rail_2m_Side11 Static mesh actor has NULL StaticMesh property 
[2025.09.27-13.35.20:562][623]MapCheck: Warning: Rail_2m_Side12 Static mesh actor has NULL StaticMesh property 
[2025.09.27-13.35.20:562][623]MapCheck: Warning: Rail_2m_Side13 Static mesh actor has NULL StaticMesh property 
[2025.09.27-13.35.20:562][623]MapCheck: Warning: Rail_2m_Side14 Static mesh actor has NULL StaticMesh property 
[2025.09.27-13.35.20:562][623]MapCheck: Warning: Rail_2m_Side15 Static mesh actor has NULL StaticMesh property 
[2025.09.27-13.35.20:562][623]MapCheck: Warning: Rail_2m_Side17 Static mesh actor has NULL StaticMesh property 
[2025.09.27-13.35.20:562][623]MapCheck: Warning: shelf3_120 Static mesh actor has NULL StaticMesh property 
[2025.09.27-13.35.20:562][623]MapCheck: Warning: shelf4 Static mesh actor has NULL StaticMesh property 
[2025.09.27-13.35.20:562][623]MapCheck: Warning: Rail_2m_Side18 Static mesh actor has NULL StaticMesh property 
[2025.09.27-13.35.20:562][623]MapCheck: Warning: Rail_2m_Side16 Static mesh actor has NULL StaticMesh property 
[2025.09.27-13.35.20:562][623]MapCheck: Warning: Rail_2m_Side19 Static mesh actor has NULL StaticMesh property 
[2025.09.27-13.35.20:562][623]MapCheck: Warning: Rail_2m_Side20 Static mesh actor has NULL StaticMesh property 
[2025.09.27-13.35.20:562][623]MapCheck: Warning: Rail_2m_Side21 Static mesh actor has NULL StaticMesh property 
[2025.09.27-13.35.20:562][623]MapCheck: Warning: Rail_2m_Side22 Static mesh actor has NULL StaticMesh property 
[2025.09.27-13.35.20:562][623]MapCheck: Warning: Rail_2m_Side24_203 Static mesh actor has NULL StaticMesh property 
[2025.09.27-13.35.20:562][623]MapCheck: Warning: Rail_2m_Side25 Static mesh actor has NULL StaticMesh property 
[2025.09.27-13.35.20:562][623]MapCheck: Warning: shelf5 Static mesh actor has NULL StaticMesh property 
[2025.09.27-13.35.20:563][623]MapCheck: Map check complete: 0 Error(s), 29 Warning(s), took 3.102ms to complete.
[2025.09.27-13.35.42:203][942]LogSlate: Window 'Message Log' being destroyed
[2025.09.27-13.35.42:209][942]LogSlate: Window 'Message Log' being destroyed
[2025.09.27-13.36.11:069][402]LogEditorViewport: Clicking on Actor (LMB): StaticMeshActor (floor01_2x105)
[2025.09.27-13.36.12:939][620]LogEditorViewport: Clicking on Actor (LMB): StaticMeshActor (wall01_2x67)
[2025.09.27-13.36.25:282][ 78]LogEditorViewport: Clicking on Actor (LMB): StaticMeshActor (pillar01_half62)
[2025.09.27-13.36.35:757][309]LogEditorViewport: Clicking on Actor (LMB): StaticMeshActor (Channel79)
[2025.09.27-13.36.54:156][446]LogEditorViewport: Clicking on Actor (LMB): StaticMeshActor (Channel54)
[2025.09.27-13.36.57:293][814]Cmd: TRANSACTION UNDO
[2025.09.27-13.36.57:293][814]LogEditorTransaction: Undo Clicking on Actors
[2025.09.27-13.36.57:542][840]Cmd: TRANSACTION UNDO
[2025.09.27-13.36.57:542][840]LogEditorTransaction: Undo Clicking on Actors
[2025.09.27-13.36.57:779][864]Cmd: TRANSACTION UNDO
[2025.09.27-13.36.57:779][864]LogEditorTransaction: Undo Move Actors
[2025.09.27-13.36.58:982][995]LogEditorViewport: Clicking on Actor (LMB): StaticMeshActor (Channel79)
[2025.09.27-13.37.02:839][427]LogEditorViewport: Clicking on Actor (LMB): StaticMeshActor (Channel53)
[2025.09.27-13.37.10:240][303]LogEditorViewport: Clicking on Actor (LMB): StaticMeshActor (shelf01_full24)
[2025.09.27-13.37.31:316][798]LogEditorViewport: Clicking on Actor (LMB): StaticMeshActor (shelf01_full67)
[2025.09.27-13.37.39:384][747]LogSlate: FSceneViewport::OnFocusLost() reason 5
[2025.09.27-13.37.39:391][747]Cmd: OBJ SAVEPACKAGE PACKAGE="/Game/Levels/CheeseFactory_001" FILE="E:/GameDev/hggjam/GameJamHGGUnreal4.23.1/GameJamCrew/Content/Levels/CheeseFactory_001.umap" SILENT=true AUTOSAVING=false KEEPDIRTY=false
[2025.09.27-13.37.39:411][747]LogUObjectHash: Compacting FUObjectHashTables data took   0.74ms
[2025.09.27-13.37.39:617][747]LogSavePackage: Moving 'E:/GameDev/hggjam/GameJamHGGUnreal4.23.1/GameJamCrew/Saved/CheeseFactory_0013496EACF46643BF26315E5844C741FB8.tmp' to 'E:/GameDev/hggjam/GameJamHGGUnreal4.23.1/GameJamCrew/Content/Levels/CheeseFactory_001.umap'
[2025.09.27-13.37.39:630][747]Cmd: OBJ SAVEPACKAGE PACKAGE="/Game/Levels/CheeseFactory_001_BuiltData" FILE="E:/GameDev/hggjam/GameJamHGGUnreal4.23.1/GameJamCrew/Content/Levels/CheeseFactory_001_BuiltData.uasset" SILENT=true
[2025.09.27-13.37.40:148][747]LogSavePackage: Moving 'E:/GameDev/hggjam/GameJamHGGUnreal4.23.1/GameJamCrew/Saved/CheeseFactory_001_BuiltDataD615A96F48C336AE1B08FE882BB76ED8.tmp' to 'E:/GameDev/hggjam/GameJamHGGUnreal4.23.1/GameJamCrew/Content/Levels/CheeseFactory_001_BuiltData.uasset'
[2025.09.27-13.37.47:084][554]LogSlate: FSceneViewport::OnFocusLost() reason 0
[2025.09.27-13.37.48:245][692]MapCheck: New page: Map Check
[2025.09.27-13.37.48:259][692]LightingResults: New page: Lighting Build - Sep 27, 2025, 7:37:48 PM
[2025.09.27-13.37.48:265][692]LogSwarmInterface: [OpenConnection] Registering TCP channel ...
[2025.09.27-13.37.48:269][692]LogSwarmInterface: [OpenConnection] Connecting to agent ...
[2025.09.27-13.37.48:269][692]LogSwarmInterface: [TryOpenConnection] Testing the Agent
[2025.09.27-13.37.48:269][692]LogSwarmInterface: [TryOpenConnection] Opening Connection to Agent
[2025.09.27-13.37.48:269][692]LogSwarmInterface: [TryOpenConnection] Local Process ID is 24552
[2025.09.27-13.37.52:827][692]LogStaticLightingSystem: Running Lightmass w/ ImmediateImport mode ENABLED
[2025.09.27-13.37.52:827][692]LogStaticLightingSystem: Running Lightmass w/ ImmediateProcess mode ENABLED
[2025.09.27-13.37.52:827][692]LogStaticLightingSystem: Running Lightmass w/ Sorting mode ENABLED
[2025.09.27-13.37.52:827][692]LogStaticLightingSystem: Running Lightmass w/ Mapping paddings ENABLED
[2025.09.27-13.37.52:827][692]LogStaticLightingSystem: Running Lightmass w/ Mapping debug paddings DISABLED
[2025.09.27-13.37.52:906][692]LogEditorBuildUtils: Build time 0:04
[2025.09.27-13.37.52:952][693]LogUObjectHash: Compacting FUObjectHashTables data took   1.20ms
[2025.09.27-13.38.58:125][ 98]LightingResults: Warning: cylinder Object has overlapping UVs.
[2025.09.27-13.38.58:125][ 98]LightingResults: cylinder Lightmap UV are overlapping by 8.7%. Please adjust content - Enable Error Coloring to visualize.
[2025.09.27-13.39.03:824][115]Job is a success!
[2025.09.27-13.39.04:214][116]LogVolumetricLightmapImport: Imported Volumetric Lightmap in 0.003s
[2025.09.27-13.39.04:214][116]LogVolumetricLightmapImport:      Indirection Texture 16x16x16 = 0.0Mb
[2025.09.27-13.39.04:214][116]LogVolumetricLightmapImport:      BrickData 85x5x5 = 0.1Mb
[2025.09.27-13.39.04:214][116]LogVolumetricLightmapImport:      Bricks at Level
[2025.09.27-13.39.04:214][116]LogVolumetricLightmapImport:          0: 5.9% covering 100.0% of volume
[2025.09.27-13.39.04:214][116]LogVolumetricLightmapImport:          1: 5.9% covering 1.6% of volume
[2025.09.27-13.39.04:214][116]LogVolumetricLightmapImport:          2: 88.2% covering 0.4% of volume
[2025.09.27-13.39.06:152][116]LogTexture: Display: Building textures: HQ_Lightmap1_1 (AutoDXT, 1024X1024)
[2025.09.27-13.39.06:152][116]LogTexture: Display: Building textures: LQ_Lightmap_1_1 (DXT1, 1024X1024)
[2025.09.27-13.39.06:152][116]LogTexture: Display: Building textures: HQ_Lightmap1_2 (AutoDXT, 1024X1024)
[2025.09.27-13.39.06:152][116]LogTexture: Display: Building textures: LQ_Lightmap_1_2 (DXT1, 1024X1024)
[2025.09.27-13.39.06:152][116]LogTexture: Display: Building textures: HQ_Lightmap1_3 (AutoDXT, 1024X1024)
[2025.09.27-13.39.06:152][116]LogTexture: Display: Building textures: LQ_Lightmap_1_3 (DXT1, 1024X1024)
[2025.09.27-13.39.06:152][116]LogTexture: Display: Building textures: HQ_Lightmap1_4 (AutoDXT, 1024X1024)
[2025.09.27-13.39.06:152][116]LogTexture: Display: Building textures: LQ_Lightmap_1_4 (DXT1, 1024X1024)
[2025.09.27-13.39.06:152][116]LogTexture: Display: Building textures: HQ_Lightmap1_5 (AutoDXT, 1024X1024)
[2025.09.27-13.39.06:152][116]LogTexture: Display: Building textures: LQ_Lightmap_1_5 (DXT1, 1024X1024)
[2025.09.27-13.39.06:152][116]LogTexture: Display: Building textures: HQ_Lightmap1_6 (AutoDXT, 1024X1024)
[2025.09.27-13.39.06:152][116]LogTexture: Display: Building textures: LQ_Lightmap_1_6 (DXT1, 1024X1024)
[2025.09.27-13.39.06:152][116]LogTexture: Display: Building textures: HQ_Lightmap1_7 (AutoDXT, 1024X1024)
[2025.09.27-13.39.06:152][116]LogTexture: Display: Building textures: LQ_Lightmap_1_7 (DXT1, 1024X1024)
[2025.09.27-13.39.06:152][116]LogTexture: Display: Building textures: HQ_Lightmap1_8 (AutoDXT, 1024X1024)
[2025.09.27-13.39.06:152][116]LogTexture: Display: Building textures: LQ_Lightmap_1_8 (DXT1, 1024X1024)
[2025.09.27-13.39.06:152][116]LogTexture: Display: Building textures: HQ_Lightmap1_9 (AutoDXT, 1024X1024)
[2025.09.27-13.39.06:152][116]LogTexture: Display: Building textures: LQ_Lightmap_1_9 (DXT1, 1024X1024)
[2025.09.27-13.39.06:152][116]LogTexture: Display: Building textures: HQ_Lightmap1_10 (AutoDXT, 1024X1024)
[2025.09.27-13.39.06:152][116]LogTexture: Display: Building textures: LQ_Lightmap_1_10 (DXT1, 1024X1024)
[2025.09.27-13.39.06:152][116]LogTexture: Display: Building textures: HQ_Lightmap1_11 (AutoDXT, 1024X1024)
[2025.09.27-13.39.06:152][116]LogTexture: Display: Building textures: LQ_Lightmap_1_11 (DXT1, 1024X1024)
[2025.09.27-13.39.06:152][116]LogTexture: Display: Building textures: HQ_Lightmap1_12 (AutoDXT, 1024X1024)
[2025.09.27-13.39.06:152][116]LogTexture: Display: Building textures: LQ_Lightmap_1_12 (DXT1, 1024X1024)
[2025.09.27-13.39.06:152][116]LogTexture: Display: Building textures: HQ_Lightmap1_13 (AutoDXT, 1024X1024)
[2025.09.27-13.39.06:152][116]LogTexture: Display: Building textures: LQ_Lightmap_1_13 (DXT1, 1024X1024)
[2025.09.27-13.39.06:152][116]LogTexture: Display: Building textures: HQ_Lightmap1_14 (AutoDXT, 1024X1024)
[2025.09.27-13.39.06:152][116]LogTexture: Display: Building textures: LQ_Lightmap_1_14 (DXT1, 1024X1024)
[2025.09.27-13.39.06:152][116]LogTexture: Display: Building textures: HQ_Lightmap1_15 (AutoDXT, 1024X1024)
[2025.09.27-13.39.06:152][116]LogTexture: Display: Building textures: LQ_Lightmap_1_15 (DXT1, 1024X1024)
[2025.09.27-13.39.06:152][116]LogTexture: Display: Building textures: HQ_Lightmap1_16 (AutoDXT, 1024X1024)
[2025.09.27-13.39.06:152][116]LogTexture: Display: Building textures: LQ_Lightmap_1_16 (DXT1, 1024X1024)
[2025.09.27-13.39.06:152][116]LogTexture: Display: Building textures: HQ_Lightmap1_17 (AutoDXT, 1024X1024)
[2025.09.27-13.39.06:152][116]LogTexture: Display: Building textures: LQ_Lightmap_1_17 (DXT1, 1024X1024)
[2025.09.27-13.39.06:152][116]LogTexture: Display: Building textures: HQ_Lightmap0_18 (AutoDXT, 64X64)
[2025.09.27-13.39.06:152][116]LogTexture: Display: Building textures: LQ_Lightmap_0_18 (DXT1, 64X64)
[2025.09.27-13.39.06:273][116]LogTexture: Display: Building textures: ShadowMapTexture2D_77 (G8, 32X32)
[2025.09.27-13.39.06:273][116]LogTexture: Display: Building textures: ShadowMapTexture2D_73 (G8, 1024X1024)
[2025.09.27-13.39.06:273][116]LogTexture: Display: Building textures: ShadowMapTexture2D_72 (G8, 1024X1024)
[2025.09.27-13.39.06:273][116]LogTexture: Display: Building textures: ShadowMapTexture2D_76 (G8, 1024X1024)
[2025.09.27-13.39.06:273][116]LogTexture: Display: Building textures: ShadowMapTexture2D_75 (G8, 1024X1024)
[2025.09.27-13.39.06:273][116]LogTexture: Display: Building textures: ShadowMapTexture2D_74 (G8, 1024X1024)
[2025.09.27-13.39.06:293][116]LogStaticLightingSystem: CheeseFactory_001_BuiltData storing lightmap data for 926 meshes in 41 LightmapResourceClusters (22.6 Meshes per cluster).
[2025.09.27-13.39.06:317][116]Lightmass on CECOMAIN: 1:13 min total, 89 ms importing, 39 ms setup, 4.03 sec photons, 1:08 min processing, 0 ms extra exporting [926/926 mappings]. Threads: 17:13 min total, 12:36 min processing.
[2025.09.27-13.39.06:319][116]LogUObjectHash: Compacting FUObjectHashTables data took   0.88ms
[2025.09.27-13.39.06:323][116]LogStaticLightingSystem: Illumination: 1:17 min (1.53 sec encoding lightmaps, 119 ms encoding shadowmaps)
[2025.09.27-13.39.06:323][116]LogStaticLightingSystem: Lightmap texture memory:  34.0 MB (34.0 MB streaming, 0.0 MB non-streaming), 36 textures
[2025.09.27-13.39.06:323][116]LogStaticLightingSystem: Shadowmap texture memory: 6.7 MB (6.7 MB streaming, 0.0 MB non-streaming), 6 textures
[2025.09.27-13.39.06:884][116]DumpUnbuiltLightIteractions
[2025.09.27-13.39.06:884][116]Lights with unbuilt interactions: 0
[2025.09.27-13.39.06:884][116]
[2025.09.27-13.39.06:884][116]Primitives with unbuilt interactions: 0
[2025.09.27-13.39.07:095][117]Cmd: MAP CHECK NOTIFYRESULTS
[2025.09.27-13.39.07:095][117]MapCheck: New page: CheeseFactory_001 - Sep 27, 2025, 7:39:07 PM
[2025.09.27-13.39.07:097][117]MapCheck: Warning: shelf01_50 Static mesh actor has NULL StaticMesh property 
[2025.09.27-13.39.07:097][117]MapCheck: Warning: shelf2 Static mesh actor has NULL StaticMesh property 
[2025.09.27-13.39.07:097][117]MapCheck: Warning: Rail_2m_Side_76 Static mesh actor has NULL StaticMesh property 
[2025.09.27-13.39.07:097][117]MapCheck: Warning: Rail_2m_Side2 Static mesh actor has NULL StaticMesh property 
[2025.09.27-13.39.07:097][117]MapCheck: Warning: Rail_2m_Side3 Static mesh actor has NULL StaticMesh property 
[2025.09.27-13.39.07:097][117]MapCheck: Warning: Rail_2m_Side4 Static mesh actor has NULL StaticMesh property 
[2025.09.27-13.39.07:097][117]MapCheck: Warning: Rail_2m_Side5 Static mesh actor has NULL StaticMesh property 
[2025.09.27-13.39.07:097][117]MapCheck: Warning: Rail_2m_Side6 Static mesh actor has NULL StaticMesh property 
[2025.09.27-13.39.07:097][117]MapCheck: Warning: Rail_2m_Side7 Static mesh actor has NULL StaticMesh property 
[2025.09.27-13.39.07:097][117]MapCheck: Warning: Rail_2m_Side8_98 Static mesh actor has NULL StaticMesh property 
[2025.09.27-13.39.07:097][117]MapCheck: Warning: Rail_2m_Side9 Static mesh actor has NULL StaticMesh property 
[2025.09.27-13.39.07:097][117]MapCheck: Warning: Rail_2m_Side10 Static mesh actor has NULL StaticMesh property 
[2025.09.27-13.39.07:097][117]MapCheck: Warning: Rail_2m_Side11 Static mesh actor has NULL StaticMesh property 
[2025.09.27-13.39.07:097][117]MapCheck: Warning: Rail_2m_Side12 Static mesh actor has NULL StaticMesh property 
[2025.09.27-13.39.07:097][117]MapCheck: Warning: Rail_2m_Side13 Static mesh actor has NULL StaticMesh property 
[2025.09.27-13.39.07:097][117]MapCheck: Warning: Rail_2m_Side14 Static mesh actor has NULL StaticMesh property 
[2025.09.27-13.39.07:097][117]MapCheck: Warning: Rail_2m_Side15 Static mesh actor has NULL StaticMesh property 
[2025.09.27-13.39.07:097][117]MapCheck: Warning: Rail_2m_Side17 Static mesh actor has NULL StaticMesh property 
[2025.09.27-13.39.07:098][117]MapCheck: Warning: shelf3_120 Static mesh actor has NULL StaticMesh property 
[2025.09.27-13.39.07:098][117]MapCheck: Warning: shelf4 Static mesh actor has NULL StaticMesh property 
[2025.09.27-13.39.07:098][117]MapCheck: Warning: Rail_2m_Side18 Static mesh actor has NULL StaticMesh property 
[2025.09.27-13.39.07:098][117]MapCheck: Warning: Rail_2m_Side16 Static mesh actor has NULL StaticMesh property 
[2025.09.27-13.39.07:098][117]MapCheck: Warning: Rail_2m_Side19 Static mesh actor has NULL StaticMesh property 
[2025.09.27-13.39.07:098][117]MapCheck: Warning: Rail_2m_Side20 Static mesh actor has NULL StaticMesh property 
[2025.09.27-13.39.07:098][117]MapCheck: Warning: Rail_2m_Side21 Static mesh actor has NULL StaticMesh property 
[2025.09.27-13.39.07:098][117]MapCheck: Warning: Rail_2m_Side22 Static mesh actor has NULL StaticMesh property 
[2025.09.27-13.39.07:098][117]MapCheck: Warning: Rail_2m_Side24_203 Static mesh actor has NULL StaticMesh property 
[2025.09.27-13.39.07:098][117]MapCheck: Warning: Rail_2m_Side25 Static mesh actor has NULL StaticMesh property 
[2025.09.27-13.39.07:098][117]MapCheck: Warning: shelf5 Static mesh actor has NULL StaticMesh property 
[2025.09.27-13.39.07:098][117]MapCheck: Map check complete: 0 Error(s), 29 Warning(s), took 3.047ms to complete.
[2025.09.27-13.43.33:071][910]LogSlate: Window 'Message Log' being destroyed
[2025.09.27-13.43.33:077][910]LogSlate: Window 'Message Log' being destroyed
[2025.09.27-13.44.58:934][586]LogSlate: FSceneViewport::OnFocusLost() reason 5
[2025.09.27-13.45.39:742][443]LogEditorViewport: Clicking on Actor (LMB): StaticMeshActor (floor01_2x11)
[2025.09.27-13.45.43:455][884]LogEditorViewport: Clicking on Actor (LMB): StaticMeshActor (floor01_2x126)
[2025.09.27-13.45.44:118][960]LogEditorViewport: Clicking on Actor (LMB): StaticMeshActor (floor01_2x125)
[2025.09.27-13.45.49:624][616]LogSlate: FSceneViewport::OnFocusLost() reason 0
[2025.09.27-13.45.49:702][624]Cmd: OBJ SAVEPACKAGE PACKAGE="/Game/Levels/CheeseFactory_001" FILE="E:/GameDev/hggjam/GameJamHGGUnreal4.23.1/GameJamCrew/Content/Levels/CheeseFactory_001.umap" SILENT=true AUTOSAVING=false KEEPDIRTY=false
[2025.09.27-13.45.49:722][624]LogUObjectHash: Compacting FUObjectHashTables data took   0.53ms
[2025.09.27-13.45.49:924][624]LogSavePackage: Moving 'E:/GameDev/hggjam/GameJamHGGUnreal4.23.1/GameJamCrew/Saved/CheeseFactory_001BA4BE0A24D60E6E83CCDCE8FE5C112A1.tmp' to 'E:/GameDev/hggjam/GameJamHGGUnreal4.23.1/GameJamCrew/Content/Levels/CheeseFactory_001.umap'
[2025.09.27-13.45.49:936][624]Cmd: OBJ SAVEPACKAGE PACKAGE="/Game/Levels/CheeseFactory_001_BuiltData" FILE="E:/GameDev/hggjam/GameJamHGGUnreal4.23.1/GameJamCrew/Content/Levels/CheeseFactory_001_BuiltData.uasset" SILENT=true
[2025.09.27-13.45.50:489][624]LogSavePackage: Moving 'E:/GameDev/hggjam/GameJamHGGUnreal4.23.1/GameJamCrew/Saved/CheeseFactory_001_BuiltDataD4381D6B47702DB0BD308F925B7794A0.tmp' to 'E:/GameDev/hggjam/GameJamHGGUnreal4.23.1/GameJamCrew/Content/Levels/CheeseFactory_001_BuiltData.uasset'
[2025.09.27-13.45.51:296][716]LogUObjectHash: Compacting FUObjectHashTables data took   0.97ms
[2025.09.27-13.45.52:840][716]LogSlate: Window 'Save Content' being destroyed
[2025.09.27-13.45.52:876][716]LogSavePackage: Moving 'E:/GameDev/hggjam/GameJamHGGUnreal4.23.1/GameJamCrew/Saved/asphalt_color21D383D1483B47F7EB0DFABD2B77EB2D.tmp' to 'E:/GameDev/hggjam/GameJamHGGUnreal4.23.1/GameJamCrew/Content/LevelAssets/Materials/asphalt/asphalt_color.uasset'
[2025.09.27-13.45.53:082][716]LogSavePackage: Moving 'E:/GameDev/hggjam/GameJamHGGUnreal4.23.1/GameJamCrew/Saved/asphalt_mixedADA4CE5D43108BB5CAEC888D685B6224.tmp' to 'E:/GameDev/hggjam/GameJamHGGUnreal4.23.1/GameJamCrew/Content/LevelAssets/Materials/asphalt/asphalt_mixed.uasset'
[2025.09.27-13.45.53:108][716]LogSavePackage: Moving 'E:/GameDev/hggjam/GameJamHGGUnreal4.23.1/GameJamCrew/Saved/asphalt_normalD772BEEC4CE11A26D8EBEBB37D7D1CB2.tmp' to 'E:/GameDev/hggjam/GameJamHGGUnreal4.23.1/GameJamCrew/Content/LevelAssets/Materials/asphalt/asphalt_normal.uasset'
[2025.09.27-13.45.53:110][716]Cmd: OBJ SAVEPACKAGE PACKAGE="/Game/LevelAssets/Materials/asphalt/M_asphalt" FILE="E:/GameDev/hggjam/GameJamHGGUnreal4.23.1/GameJamCrew/Content/LevelAssets/Materials/asphalt/M_asphalt.uasset" SILENT=true
[2025.09.27-13.45.53:112][716]LogSavePackage: Moving 'E:/GameDev/hggjam/GameJamHGGUnreal4.23.1/GameJamCrew/Saved/M_asphaltB75BC2274D4C346EA8E88D988B792931.tmp' to 'E:/GameDev/hggjam/GameJamHGGUnreal4.23.1/GameJamCrew/Content/LevelAssets/Materials/asphalt/M_asphalt.uasset'
[2025.09.27-13.45.53:119][716]Cmd: OBJ SAVEPACKAGE PACKAGE="/Game/LevelAssets/Models/Props/lever" FILE="E:/GameDev/hggjam/GameJamHGGUnreal4.23.1/GameJamCrew/Content/LevelAssets/Models/Props/lever.uasset" SILENT=true
[2025.09.27-13.45.53:127][716]LogSavePackage: Moving 'E:/GameDev/hggjam/GameJamHGGUnreal4.23.1/GameJamCrew/Saved/lever4FD116664025E4DAF7DD19A11879FD50.tmp' to 'E:/GameDev/hggjam/GameJamHGGUnreal4.23.1/GameJamCrew/Content/LevelAssets/Models/Props/lever.uasset'
[2025.09.27-13.45.53:133][716]Cmd: OBJ SAVEPACKAGE PACKAGE="/Game/LevelAssets/Models/Props/shelf01" FILE="E:/GameDev/hggjam/GameJamHGGUnreal4.23.1/GameJamCrew/Content/LevelAssets/Models/Props/shelf01.uasset" SILENT=true
[2025.09.27-13.45.53:139][716]LogSavePackage: Moving 'E:/GameDev/hggjam/GameJamHGGUnreal4.23.1/GameJamCrew/Saved/shelf014101D96A45F88B3A32754FA1C82609D7.tmp' to 'E:/GameDev/hggjam/GameJamHGGUnreal4.23.1/GameJamCrew/Content/LevelAssets/Models/Props/shelf01.uasset'
[2025.09.27-13.45.53:202][716]LogSlate: Window 'GameJamCrew - Unreal Editor' being destroyed
[2025.09.27-13.45.53:373][717]Cmd: QUIT_EDITOR
[2025.09.27-13.45.53:386][717]LogWindowsTextInputMethodSystem: Display: IME system now deactivated.
[2025.09.27-13.45.53:392][717]LogExit: Preparing to exit.
[2025.09.27-13.45.54:316][717]LogActorComponent: UnregisterComponent: (None.None) Not registered. Aborting.
[2025.09.27-13.45.54:316][717]LogActorComponent: UnregisterComponent: (None.None) Not registered. Aborting.
[2025.09.27-13.45.54:316][717]LogActorComponent: UnregisterComponent: (None.None) Not registered. Aborting.
[2025.09.27-13.45.54:316][717]LogActorComponent: UnregisterComponent: (None.None) Not registered. Aborting.
[2025.09.27-13.45.54:316][717]LogActorComponent: UnregisterComponent: (None.None) Not registered. Aborting.
[2025.09.27-13.45.54:316][717]LogActorComponent: UnregisterComponent: (None.None) Not registered. Aborting.
[2025.09.27-13.45.54:316][717]LogActorComponent: UnregisterComponent: (None.None) Not registered. Aborting.
[2025.09.27-13.45.54:316][717]LogWorld: UWorld::CleanupWorld for None, bSessionEnded=true, bCleanupResources=true
[2025.09.27-13.45.54:316][717]LogWorld: UWorld::CleanupWorld for World_9, bSessionEnded=true, bCleanupResources=true
[2025.09.27-13.45.54:316][717]LogActorComponent: UnregisterComponent: (None.None) Not registered. Aborting.
[2025.09.27-13.45.54:316][717]LogActorComponent: UnregisterComponent: (None.None) Not registered. Aborting.
[2025.09.27-13.45.54:316][717]LogActorComponent: UnregisterComponent: (None.None) Not registered. Aborting.
[2025.09.27-13.45.54:316][717]LogActorComponent: UnregisterComponent: (None.None) Not registered. Aborting.
[2025.09.27-13.45.54:316][717]LogActorComponent: UnregisterComponent: (None.None) Not registered. Aborting.
[2025.09.27-13.45.54:316][717]LogActorComponent: UnregisterComponent: (None.None) Not registered. Aborting.
[2025.09.27-13.45.54:316][717]LogActorComponent: UnregisterComponent: (None.None) Not registered. Aborting.
[2025.09.27-13.45.54:316][717]LogWorld: UWorld::CleanupWorld for World_0, bSessionEnded=true, bCleanupResources=true
[2025.09.27-13.45.54:320][717]LogDemo: Cleaned up 0 splitscreen connections with owner deletion
[2025.09.27-13.45.54:324][717]LogWorld: UWorld::CleanupWorld for None, bSessionEnded=true, bCleanupResources=true
[2025.09.27-13.45.54:324][717]LogExit: Editor shut down
[2025.09.27-13.45.54:325][717]LogExit: Transaction tracking system shut down
[2025.09.27-13.45.54:474][717]LogExit: Object subsystem successfully closed.
[2025.09.27-13.45.54:490][717]LogShaderCompilers: Display: Shaders left to compile 0
[2025.09.27-13.45.54:500][717]LogModuleManager: Shutting down and abandoning module HierarchicalLODUtilities (674)
[2025.09.27-13.45.54:501][717]LogModuleManager: Shutting down and abandoning module MeshBuilder (672)
[2025.09.27-13.45.54:501][717]LogModuleManager: Shutting down and abandoning module StaticMeshEditor (670)
[2025.09.27-13.45.54:501][717]LogModuleManager: Shutting down and abandoning module HierarchicalLODOutliner (668)
[2025.09.27-13.45.54:501][717]LogModuleManager: Shutting down and abandoning module SceneOutliner (666)
[2025.09.27-13.45.54:501][717]LogModuleManager: Shutting down and abandoning module AddContentDialog (664)
[2025.09.27-13.45.54:502][717]LogModuleManager: Shutting down and abandoning module WidgetCarousel (663)
[2025.09.27-13.45.54:502][717]LogModuleManager: Shutting down and abandoning module EditorWidgets (660)
[2025.09.27-13.45.54:502][717]LogModuleManager: Shutting down and abandoning module CollectionManager (658)
[2025.09.27-13.45.54:502][717]LogModuleManager: Shutting down and abandoning module StatsViewer (656)
[2025.09.27-13.45.54:502][717]LogModuleManager: Shutting down and abandoning module VirtualTexturingEditor (654)
[2025.09.27-13.45.54:502][717]LogModuleManager: Shutting down and abandoning module FoliageEdit (652)
[2025.09.27-13.45.54:502][717]LogModuleManager: Shutting down and abandoning module LandscapeEditor (650)
[2025.09.27-13.45.54:502][717]LogModuleManager: Shutting down and abandoning module MeshPaintMode (648)
[2025.09.27-13.45.54:502][717]LogModuleManager: Shutting down and abandoning module SceneDepthPickerMode (646)
[2025.09.27-13.45.54:502][717]LogModuleManager: Shutting down and abandoning module ActorPickerMode (644)
[2025.09.27-13.45.54:502][717]LogModuleManager: Shutting down and abandoning module GeometryMode (642)
[2025.09.27-13.45.54:502][717]LogModuleManager: Shutting down and abandoning module TextureAlignMode (640)
[2025.09.27-13.45.54:502][717]LogModuleManager: Shutting down and abandoning module BspMode (638)
[2025.09.27-13.45.54:502][717]LogModuleManager: Shutting down and abandoning module PIEPreviewDeviceProfileSelector (636)
[2025.09.27-13.45.54:502][717]LogModuleManager: Shutting down and abandoning module SequenceRecorderSections (634)
[2025.09.27-13.45.54:502][717]LogModuleManager: Shutting down and abandoning module AutomationWorker (632)
[2025.09.27-13.45.54:502][717]LogModuleManager: Shutting down and abandoning module OculusMR (630)
[2025.09.27-13.45.54:502][717]LogModuleManager: Shutting down and abandoning module AudioCaptureEditor (628)
[2025.09.27-13.45.54:502][717]LogModuleManager: Shutting down and abandoning module MatineeToLevelSequence (626)
[2025.09.27-13.45.54:502][717]LogModuleManager: Shutting down and abandoning module LevelSequenceEditor (624)
[2025.09.27-13.45.54:502][717]LogModuleManager: Shutting down and abandoning module PlacementMode (623)
[2025.09.27-13.45.54:502][717]LogModuleManager: Shutting down and abandoning module MaterialEditor (622)
[2025.09.27-13.45.54:502][717]LogModuleManager: Shutting down and abandoning module ActorSequenceEditor (618)
[2025.09.27-13.45.54:502][717]LogModuleManager: Shutting down and abandoning module WmfMediaFactory (616)
[2025.09.27-13.45.54:502][717]LogModuleManager: Shutting down and abandoning module WmfMediaEditor (614)
[2025.09.27-13.45.54:502][717]LogModuleManager: Shutting down and abandoning module WebMMediaFactory (612)
[2025.09.27-13.45.54:502][717]LogModuleManager: Shutting down and abandoning module WebMMediaEditor (610)
[2025.09.27-13.45.54:502][717]LogModuleManager: Shutting down and abandoning module WebMMedia (608)
[2025.09.27-13.45.54:502][717]LogModuleManager: Shutting down and abandoning module MediaPlayerEditor (606)
[2025.09.27-13.45.54:502][717]LogModuleManager: Shutting down and abandoning module MediaCompositingEditor (604)
[2025.09.27-13.45.54:502][717]LogModuleManager: Shutting down and abandoning module SequenceRecorder (603)
[2025.09.27-13.45.54:502][717]LogModuleManager: Shutting down and abandoning module OpenExrWrapper (600)
[2025.09.27-13.45.54:502][717]LogModuleManager: Shutting down and abandoning module ImgMediaFactory (598)
[2025.09.27-13.45.54:502][717]LogModuleManager: Shutting down and abandoning module ImgMediaEditor (596)
[2025.09.27-13.45.54:502][717]LogModuleManager: Shutting down and abandoning module AvfMediaFactory (594)
[2025.09.27-13.45.54:502][717]LogModuleManager: Shutting down and abandoning module AvfMediaEditor (592)
[2025.09.27-13.45.54:502][717]LogModuleManager: Shutting down and abandoning module AndroidMediaFactory (590)
[2025.09.27-13.45.54:502][717]LogModuleManager: Shutting down and abandoning module AndroidMediaEditor (588)
[2025.09.27-13.45.54:502][717]LogModuleManager: Shutting down and abandoning module MagicLeapCameraPreviewFactory (586)
[2025.09.27-13.45.54:502][717]LogModuleManager: Shutting down and abandoning module MagicLeapMediaCodecFactory (584)
[2025.09.27-13.45.54:502][717]LogModuleManager: Shutting down and abandoning module MagicLeapMediaFactory (582)
[2025.09.27-13.45.54:503][717]LogModuleManager: Shutting down and abandoning module MagicLeapMediaEditor (580)
[2025.09.27-13.45.54:503][717]LogModuleManager: Shutting down and abandoning module CharacterAI (578)
[2025.09.27-13.45.54:503][717]LogModuleManager: Shutting down and abandoning module SmartSnapping (576)
[2025.09.27-13.45.54:503][717]LogModuleManager: Shutting down and abandoning module SessionServices (574)
[2025.09.27-13.45.54:503][717]LogModuleManager: Shutting down and abandoning module MeshPaint (572)
[2025.09.27-13.45.54:503][717]LogModuleManager: Shutting down and abandoning module ViewportSnapping (570)
[2025.09.27-13.45.54:503][717]LogModuleManager: Shutting down and abandoning module ViewportInteraction (568)
[2025.09.27-13.45.54:503][717]LogModuleManager: Shutting down and abandoning module ClothPainter (566)
[2025.09.27-13.45.54:503][717]LogModuleManager: Shutting down and abandoning module SkeletalMeshEditor (565)
[2025.09.27-13.45.54:503][717]LogModuleManager: Shutting down and abandoning module LogVisualizer (562)
[2025.09.27-13.45.54:503][717]LogModuleManager: Shutting down and abandoning module IntroTutorials (560)
[2025.09.27-13.45.54:503][717]LogModuleManager: Shutting down and abandoning module GameProjectGeneration (559)
[2025.09.27-13.45.54:503][717]LogModuleManager: Shutting down and abandoning module LuminPlatformEditor (556)
[2025.09.27-13.45.54:503][717]LogModuleManager: Shutting down and abandoning module IOSPlatformEditor (554)
[2025.09.27-13.45.54:503][717]LogModuleManager: Shutting down and abandoning module HTML5PlatformEditor (552)
[2025.09.27-13.45.54:503][717]LogModuleManager: Shutting down and abandoning module AndroidPlatformEditor (550)
[2025.09.27-13.45.54:503][717]LogModuleManager: Shutting down and abandoning module AndroidDeviceDetection (549)
[2025.09.27-13.45.56:068][717]LogModuleManager: Shutting down and abandoning module WindowsPlatformEditor (546)
[2025.09.27-13.45.56:068][717]LogModuleManager: Shutting down and abandoning module LuminRuntimeSettings (544)
[2025.09.27-13.45.56:068][717]LogModuleManager: Shutting down and abandoning module IOSRuntimeSettings (542)
[2025.09.27-13.45.56:068][717]LogModuleManager: Shutting down and abandoning module AndroidRuntimeSettings (540)
[2025.09.27-13.45.56:068][717]LogModuleManager: Shutting down and abandoning module TimeManagementEditor (538)
[2025.09.27-13.45.56:068][717]LogModuleManager: Shutting down and abandoning module InputBindingEditor (536)
[2025.09.27-13.45.56:068][717]LogModuleManager: Shutting down and abandoning module MergeActors (534)
[2025.09.27-13.45.56:068][717]LogModuleManager: Shutting down and abandoning module LocalizationDashboard (532)
[2025.09.27-13.45.56:068][717]LogModuleManager: Shutting down and abandoning module LocalizationService (531)
[2025.09.27-13.45.56:068][717]LogModuleManager: Shutting down and abandoning module HardwareTargeting (528)
[2025.09.27-13.45.56:068][717]LogModuleManager: Shutting down and abandoning module DeviceProfileEditor (526)
[2025.09.27-13.45.56:068][717]LogModuleManager: Shutting down and abandoning module UndoHistory (524)
[2025.09.27-13.45.56:068][717]LogModuleManager: Shutting down and abandoning module XmlParser (522)
[2025.09.27-13.45.56:068][717]LogModuleManager: Shutting down and abandoning module Blutility (520)
[2025.09.27-13.45.56:068][717]LogModuleManager: Shutting down and abandoning module ProjectSettingsViewer (518)
[2025.09.27-13.45.56:068][717]LogModuleManager: Shutting down and abandoning module ProjectTargetPlatformEditor (517)
[2025.09.27-13.45.56:069][717]LogModuleManager: Shutting down and abandoning module EditorSettingsViewer (514)
[2025.09.27-13.45.56:069][717]LogModuleManager: Shutting down and abandoning module SettingsEditor (512)
[2025.09.27-13.45.56:069][717]LogModuleManager: Shutting down and abandoning module ProjectLauncher (510)
[2025.09.27-13.45.56:069][717]LogModuleManager: Shutting down and abandoning module SessionFrontend (508)
[2025.09.27-13.45.56:069][717]LogModuleManager: Shutting down and abandoning module ProfilerClient (506)
[2025.09.27-13.45.56:069][717]LogModuleManager: Shutting down and abandoning module DeviceManager (504)
[2025.09.27-13.45.56:069][717]LogModuleManager: Shutting down and abandoning module TargetDeviceServices (503)
[2025.09.27-13.45.56:113][717]LogModuleManager: Shutting down and abandoning module AutomationController (500)
[2025.09.27-13.45.56:113][717]LogModuleManager: Shutting down and abandoning module AutomationWindow (498)
[2025.09.27-13.45.56:113][717]LogModuleManager: Shutting down and abandoning module Layers (496)
[2025.09.27-13.45.56:113][717]LogModuleManager: Shutting down and abandoning module ComponentVisualizers (494)
[2025.09.27-13.45.56:113][717]LogModuleManager: Shutting down and abandoning module DetailCustomizations (492)
[2025.09.27-13.45.56:113][717]LogModuleManager: Shutting down and abandoning module PackagesDialog (490)
[2025.09.27-13.45.56:113][717]LogModuleManager: Shutting down and abandoning module AnimationBlueprintEditor (488)
[2025.09.27-13.45.56:113][717]LogModuleManager: Shutting down and abandoning module Persona (486)
[2025.09.27-13.45.56:113][717]LogModuleManager: Shutting down and abandoning module AdvancedPreviewScene (485)
[2025.09.27-13.45.56:113][717]LogModuleManager: Shutting down and abandoning module AnimGraph (483)
[2025.09.27-13.45.56:113][717]LogModuleManager: Shutting down and abandoning module Kismet (480)
[2025.09.27-13.45.56:113][717]LogModuleManager: Shutting down and abandoning module KismetWidgets (479)
[2025.09.27-13.45.56:113][717]LogModuleManager: Shutting down and abandoning module GraphEditor (476)
[2025.09.27-13.45.56:113][717]LogModuleManager: Shutting down and abandoning module StructViewer (474)
[2025.09.27-13.45.56:113][717]LogModuleManager: Shutting down and abandoning module ClassViewer (472)
[2025.09.27-13.45.56:113][717]LogModuleManager: Shutting down and abandoning module Toolbox (470)
[2025.09.27-13.45.56:113][717]LogModuleManager: Shutting down and abandoning module ModuleUI (468)
[2025.09.27-13.45.56:113][717]LogModuleManager: Shutting down and abandoning module MovieSceneTools (466)
[2025.09.27-13.45.56:113][717]LogModuleManager: Shutting down and abandoning module OutputLog (464)
[2025.09.27-13.45.56:115][717]LogModuleManager: Shutting down and abandoning module GammaUI (462)
[2025.09.27-13.45.56:115][717]LogModuleManager: Shutting down and abandoning module Documentation (460)
[2025.09.27-13.45.56:115][717]LogModuleManager: Shutting down and abandoning module LiveCoding (458)
[2025.09.27-13.45.56:115][717]LogModuleManager: Shutting down and abandoning module LevelSequence (456)
[2025.09.27-13.45.56:115][717]LogModuleManager: Shutting down and abandoning module MovieSceneTracks (454)
[2025.09.27-13.45.56:115][717]LogModuleManager: Shutting down and abandoning module MovieScene (452)
[2025.09.27-13.45.56:115][717]LogModuleManager: Shutting down and abandoning module StreamingPauseRendering (450)
[2025.09.27-13.45.56:115][717]LogModuleManager: Shutting down and abandoning module LauncherPlatform (448)
[2025.09.27-13.45.56:115][717]LogModuleManager: Shutting down and abandoning module AnalyticsET (446)
[2025.09.27-13.45.56:115][717]LogModuleManager: Shutting down and abandoning module PortalServices (444)
[2025.09.27-13.45.56:115][717]LogModuleManager: Shutting down and abandoning module PortalRpc (442)
[2025.09.27-13.45.56:115][717]LogModuleManager: Shutting down and abandoning module MessagingRpc (440)
[2025.09.27-13.45.56:115][717]LogModuleManager: Shutting down and abandoning module AIModule (438)
[2025.09.27-13.45.56:115][717]LogModuleManager: Shutting down and abandoning module GameplayDebugger (437)
[2025.09.27-13.45.56:115][717]LogModuleManager: Shutting down and abandoning module AITestSuite (435)
[2025.09.27-13.45.56:115][717]LogModuleManager: Shutting down and abandoning module NavigationSystem (433)
[2025.09.27-13.45.56:115][717]LogModuleManager: Shutting down and abandoning module DesktopPlatform (430)
[2025.09.27-13.45.56:115][717]LogModuleManager: Shutting down and abandoning module ImageWriteQueue (428)
[2025.09.27-13.45.56:117][717]LogModuleManager: Shutting down and abandoning module ProfilerService (426)
[2025.09.27-13.45.56:336][717]LogModuleManager: Shutting down and abandoning module TaskGraph (424)
[2025.09.27-13.45.56:336][717]LogModuleManager: Shutting down and abandoning module ScreenshotTools (422)
[2025.09.27-13.45.56:336][717]LogModuleManager: Shutting down and abandoning module SteamVRController (420)
[2025.09.27-13.45.56:336][717]LogModuleManager: Shutting down and abandoning module ProceduralMeshComponentEditor (418)
[2025.09.27-13.45.56:336][717]LogModuleManager: Shutting down and abandoning module ProceduralMeshComponent (416)
[2025.09.27-13.45.56:336][717]LogModuleManager: Shutting down and abandoning module OculusEditor (414)
[2025.09.27-13.45.56:336][717]LogModuleManager: Shutting down and abandoning module OculusInput (412)
[2025.09.27-13.45.56:336][717]LogModuleManager: Shutting down and abandoning module MobilePatchingUtils (410)
[2025.09.27-13.45.56:336][717]LogModuleManager: Shutting down and abandoning module EditableMesh (408)
[2025.09.27-13.45.56:336][717]LogModuleManager: Shutting down and abandoning module CustomMeshComponent (406)
[2025.09.27-13.45.56:336][717]LogModuleManager: Shutting down and abandoning module CableComponent (404)
[2025.09.27-13.45.56:336][717]LogModuleManager: Shutting down and abandoning module AudioCapture (402)
[2025.09.27-13.45.56:336][717]LogModuleManager: Shutting down and abandoning module ArchVisCharacter (400)
[2025.09.27-13.45.56:336][717]LogModuleManager: Shutting down and abandoning module AppleImageUtilsBlueprintSupport (398)
[2025.09.27-13.45.56:336][717]LogModuleManager: Shutting down and abandoning module AppleImageUtils (396)
[2025.09.27-13.45.56:336][717]LogModuleManager: Shutting down and abandoning module AndroidPermission (394)
[2025.09.27-13.45.56:336][717]LogModuleManager: Shutting down and abandoning module NUTUnrealEngine4 (392)
[2025.09.27-13.45.56:336][717]LogModuleManager: Shutting down and abandoning module NetcodeUnitTest (390)
[2025.09.27-13.45.56:336][717]LogModuleManager: Shutting down and abandoning module MediaCompositing (388)
[2025.09.27-13.45.56:336][717]LogModuleManager: Shutting down and abandoning module ImgMedia (386)
[2025.09.27-13.45.56:337][717]LogModuleManager: Shutting down and abandoning module MagicLeapHelperVulkan (384)
[2025.09.27-13.45.56:337][717]LogModuleManager: Shutting down and abandoning module MagicLeapHelperOpenGL (382)
[2025.09.27-13.45.56:337][717]LogModuleManager: Shutting down and abandoning module MagicLeapAudio (380)
[2025.09.27-13.45.56:337][717]LogModuleManager: Shutting down and abandoning module HTML5Networking (378)
[2025.09.27-13.45.56:337][717]LogModuleManager: Shutting down and abandoning module GeometryCacheTracks (376)
[2025.09.27-13.45.56:337][717]LogModuleManager: Shutting down and abandoning module GeometryCacheSequencer (374)
[2025.09.27-13.45.56:337][717]LogModuleManager: Shutting down and abandoning module BackChannel (372)
[2025.09.27-13.45.56:337][717]LogModuleManager: Shutting down and abandoning module AutomationUtilsEditor (370)
[2025.09.27-13.45.56:337][717]LogModuleManager: Shutting down and abandoning module AutomationUtils (368)
[2025.09.27-13.45.56:337][717]LogModuleManager: Shutting down and abandoning module AlembicImporter (366)
[2025.09.27-13.45.56:337][717]LogModuleManager: Shutting down and abandoning module AlembicLibrary (365)
[2025.09.27-13.45.56:337][717]LogModuleManager: Shutting down and abandoning module GeometryCache (364)
[2025.09.27-13.45.56:337][717]LogModuleManager: Shutting down and abandoning module GeometryCacheEd (363)
[2025.09.27-13.45.56:337][717]LogModuleManager: Shutting down and abandoning module VariantManagerContent (358)
[2025.09.27-13.45.56:337][717]LogModuleManager: Shutting down and abandoning module DatasmithContentEditor (356)
[2025.09.27-13.45.56:337][717]LogModuleManager: Shutting down and abandoning module SpeedTreeImporter (354)
[2025.09.27-13.45.56:337][717]LogModuleManager: Shutting down and abandoning module PluginBrowser (352)
[2025.09.27-13.45.56:337][717]LogModuleManager: Shutting down and abandoning module MobileLauncherProfileWizard (350)
[2025.09.27-13.45.56:337][717]LogModuleManager: Shutting down and abandoning module MaterialAnalyzer (348)
[2025.09.27-13.45.56:337][717]LogModuleManager: Shutting down and abandoning module CurveEditorTools (346)
[2025.09.27-13.45.56:337][717]LogModuleManager: Shutting down and abandoning module CurveEditor (345)
[2025.09.27-13.45.56:337][717]LogModuleManager: Shutting down and abandoning module CryptoKeysOpenSSL (342)
[2025.09.27-13.45.56:337][717]LogModuleManager: Shutting down and abandoning module CryptoKeys (340)
[2025.09.27-13.45.56:337][717]LogModuleManager: Shutting down and abandoning module VisualStudioSourceCodeAccess (338)
[2025.09.27-13.45.56:337][717]LogModuleManager: Shutting down and abandoning module VisualStudioCodeSourceCodeAccess (336)
[2025.09.27-13.45.56:337][717]LogModuleManager: Shutting down and abandoning module UObjectPlugin (334)
[2025.09.27-13.45.56:337][717]LogModuleManager: Shutting down and abandoning module SubversionSourceControl (332)
[2025.09.27-13.45.56:337][717]LogModuleManager: Shutting down and abandoning module PerforceSourceControl (330)
[2025.09.27-13.45.56:337][717]LogModuleManager: Shutting down and abandoning module GitSourceControl (328)
[2025.09.27-13.45.56:337][717]LogModuleManager: Shutting down and abandoning module SourceControl (327)
[2025.09.27-13.45.56:337][717]LogModuleManager: Shutting down and abandoning module CLionSourceCodeAccess (324)
[2025.09.27-13.45.56:337][717]LogModuleManager: Shutting down and abandoning module AnimationSharingEd (322)
[2025.09.27-13.45.56:337][717]LogModuleManager: Shutting down and abandoning module ActorLayerUtilitiesEditor (320)
[2025.09.27-13.45.56:337][717]LogModuleManager: Shutting down and abandoning module ActorLayerUtilities (318)
[2025.09.27-13.45.56:337][717]LogModuleManager: Shutting down and abandoning module LightPropagationVolumeEditor (316)
[2025.09.27-13.45.56:337][717]LogModuleManager: Shutting down and abandoning module PaperTiledImporter (314)
[2025.09.27-13.45.56:337][717]LogModuleManager: Shutting down and abandoning module PaperSpriteSheetImporter (312)
[2025.09.27-13.45.56:337][717]LogModuleManager: Shutting down and abandoning module Paper2DEditor (310)
[2025.09.27-13.45.56:337][717]LogModuleManager: Shutting down and abandoning module SignificanceManager (308)
[2025.09.27-13.45.56:337][717]LogModuleManager: Shutting down and abandoning module RuntimePhysXCooking (306)
[2025.09.27-13.45.56:337][717]LogModuleManager: Shutting down and abandoning module PhysXVehiclesEditor (304)
[2025.09.27-13.45.56:337][717]LogModuleManager: Shutting down and abandoning module LocationServicesBPLibrary (300)
[2025.09.27-13.45.56:337][717]LogModuleManager: Shutting down and abandoning module ActorSequence (298)
[2025.09.27-13.45.56:337][717]LogModuleManager: Shutting down and abandoning module UdpMessaging (296)
[2025.09.27-13.45.56:438][717]LogModuleManager: Shutting down and abandoning module TcpMessaging (294)
[2025.09.27-13.45.56:539][717]LogModuleManager: Shutting down and abandoning module MagicLeapIdentity (292)
[2025.09.27-13.45.56:539][717]LogModuleManager: Shutting down and abandoning module MagicLeapSecureStorage (290)
[2025.09.27-13.45.56:539][717]LogModuleManager: Shutting down and abandoning module MagicLeapHandTracking (288)
[2025.09.27-13.45.56:539][717]LogModuleManager: Shutting down and abandoning module MagicLeapEyeTracker (286)
[2025.09.27-13.45.56:539][717]LogModuleManager: Shutting down and abandoning module MagicLeapController (284)
[2025.09.27-13.45.56:539][717]LogSlate: Slate User Destroyed.  User Index 0, Is Virtual User: 0
[2025.09.27-13.45.56:539][717]LogModuleManager: Shutting down and abandoning module MagicLeapAR (282)
[2025.09.27-13.45.56:539][717]LogModuleManager: Shutting down and abandoning module AugmentedReality (281)
[2025.09.27-13.45.56:539][717]LogModuleManager: Shutting down and abandoning module GameplayTagsEditor (278)
[2025.09.27-13.45.56:539][717]LogModuleManager: Shutting down and abandoning module FacialAnimationEditor (276)
[2025.09.27-13.45.56:539][717]LogModuleManager: Shutting down and abandoning module FacialAnimation (274)
[2025.09.27-13.45.56:539][717]LogModuleManager: Shutting down and abandoning module DataValidation (272)
[2025.09.27-13.45.56:539][717]LogModuleManager: Shutting down and abandoning module AssetManagerEditor (270)
[2025.09.27-13.45.56:539][717]LogModuleManager: Shutting down and abandoning module LevelEditor (269)
[2025.09.27-13.45.56:539][717]LogModuleManager: Shutting down and abandoning module PixelInspectorModule (268)
[2025.09.27-13.45.56:539][717]LogModuleManager: Shutting down and abandoning module CommonMenuExtensions (266)
[2025.09.27-13.45.56:539][717]LogModuleManager: Shutting down and abandoning module MainFrame (264)
[2025.09.27-13.45.56:539][717]LogModuleManager: Shutting down and abandoning module HotReload (263)
[2025.09.27-13.45.56:539][717]LogModuleManager: Shutting down and abandoning module ContentBrowser (259)
[2025.09.27-13.45.56:540][717]LogModuleManager: Shutting down and abandoning module TreeMap (257)
[2025.09.27-13.45.56:540][717]LogModuleManager: Shutting down and abandoning module AnimationSharing (254)
[2025.09.27-13.45.56:540][717]LogModuleManager: Shutting down and abandoning module LightPropagationVolumeRuntime (252)
[2025.09.27-13.45.56:540][717]LogModuleManager: Shutting down and abandoning module Paper2D (250)
[2025.09.27-13.45.56:540][717]LogModuleManager: Shutting down and abandoning module WindowsMoviePlayer (248)
[2025.09.27-13.45.56:541][717]LogModuleManager: Shutting down and abandoning module WebMMoviePlayer (246)
[2025.09.27-13.45.56:541][717]LogModuleManager: Shutting down and abandoning module NetworkReplayStreaming (244)
[2025.09.27-13.45.56:541][717]LogModuleManager: Shutting down and abandoning module PacketHandler (242)
[2025.09.27-13.45.56:541][717]LogModuleManager: Shutting down and abandoning module ClothingSystemEditor (240)
[2025.09.27-13.45.56:541][717]LogModuleManager: Shutting down and abandoning module ClothingSystemRuntime (238)
[2025.09.27-13.45.56:541][717]LogModuleManager: Shutting down and abandoning module MediaAssets (236)
[2025.09.27-13.45.56:541][717]LogModuleManager: Shutting down and abandoning module Overlay (234)
[2025.09.27-13.45.56:541][717]LogModuleManager: Shutting down and abandoning module OverlayEditor (233)
[2025.09.27-13.45.56:541][717]LogModuleManager: Shutting down and abandoning module VREditor (230)
[2025.09.27-13.45.56:541][717]LogModuleManager: Shutting down and abandoning module StringTableEditor (228)
[2025.09.27-13.45.56:541][717]LogModuleManager: Shutting down and abandoning module GameplayTasksEditor (226)
[2025.09.27-13.45.56:541][717]LogModuleManager: Shutting down and abandoning module BehaviorTreeEditor (224)
[2025.09.27-13.45.56:541][717]LogModuleManager: Shutting down and abandoning module FunctionalTesting (222)
[2025.09.27-13.45.56:541][717]LogModuleManager: Shutting down and abandoning module CollisionAnalyzer (220)
[2025.09.27-13.45.56:541][717]LogModuleManager: Shutting down and abandoning module WorkspaceMenuStructure (219)
[2025.09.27-13.45.56:541][717]LogModuleManager: Shutting down and abandoning module UMG (216)
[2025.09.27-13.45.56:541][717]LogModuleManager: Shutting down and abandoning module UMGEditor (215)
[2025.09.27-13.45.56:541][717]LogModuleManager: Shutting down and abandoning module Sequencer (214)
[2025.09.27-13.45.56:541][717]LogModuleManager: Shutting down and abandoning module MessageLog (211)
[2025.09.27-13.45.56:541][717]LogModuleManager: Shutting down and abandoning module SlateReflector (206)
[2025.09.27-13.45.56:541][717]LogModuleManager: Shutting down and abandoning module Slate (204)
[2025.09.27-13.45.56:541][717]LogModuleManager: Shutting down and abandoning module LandscapeEditorUtilities (202)
[2025.09.27-13.45.56:541][717]LogModuleManager: Shutting down and abandoning module EditorStyle (200)
[2025.09.27-13.45.56:542][717]LogModuleManager: Shutting down and abandoning module UnrealEd (198)
[2025.09.27-13.45.56:542][717]LogModuleManager: Shutting down and abandoning module MRMesh (196)
[2025.09.27-13.45.56:542][717]LogModuleManager: Shutting down and abandoning module SourceCodeAccess (194)
[2025.09.27-13.45.56:542][717]LogModuleManager: Shutting down and abandoning module HeadMountedDisplay (192)
[2025.09.27-13.45.56:542][717]LogModuleManager: Shutting down and abandoning module XAudio2 (190)
[2025.09.27-13.45.56:542][717]LogModuleManager: Shutting down and abandoning module Networking (188)
[2025.09.27-13.45.56:542][717]LogModuleManager: Shutting down and abandoning module Core (186)
[2025.09.27-13.45.56:542][717]LogModuleManager: Shutting down and abandoning module KismetCompiler (184)
[2025.09.27-13.45.56:542][717]LogModuleManager: Shutting down and abandoning module MeshUtilities (182)
[2025.09.27-13.45.56:542][717]LogModuleManager: Shutting down and abandoning module MeshMergeUtilities (181)
[2025.09.27-13.45.56:542][717]LogModuleManager: Shutting down and abandoning module MeshReductionInterface (180)
[2025.09.27-13.45.56:542][717]LogModuleManager: Shutting down and abandoning module SkeletalMeshReduction (179)
[2025.09.27-13.45.56:542][717]LogModuleManager: Shutting down and abandoning module ProxyLODMeshReduction (177)
[2025.09.27-13.45.56:542][717]LogModuleManager: Shutting down and abandoning module QuadricMeshReduction (175)
[2025.09.27-13.45.56:542][717]LogModuleManager: Shutting down and abandoning module MaterialBaking (171)
[2025.09.27-13.45.56:542][717]LogModuleManager: Shutting down and abandoning module NullInstallBundleManager (166)
[2025.09.27-13.45.56:542][717]LogModuleManager: Shutting down and abandoning module DerivedDataCache (164)
[2025.09.27-13.45.56:542][717]LogDerivedDataCache: Shutdown
[2025.09.27-13.45.56:542][717]LogModuleManager: Shutting down and abandoning module XGEController (162)
[2025.09.27-13.45.56:542][717]LogModuleManager: Shutting down and abandoning module TargetPlatform (160)
[2025.09.27-13.45.56:542][717]LogModuleManager: Shutting down and abandoning module VulkanShaderFormat (159)
[2025.09.27-13.45.56:542][717]LogModuleManager: Shutting down and abandoning module ShaderFormatVectorVM (157)
[2025.09.27-13.45.56:542][717]LogModuleManager: Shutting down and abandoning module ShaderFormatOpenGL (155)
[2025.09.27-13.45.56:542][717]LogModuleManager: Shutting down and abandoning module ShaderFormatD3D (153)
[2025.09.27-13.45.56:542][717]LogModuleManager: Shutting down and abandoning module MetalShaderFormat (151)
[2025.09.27-13.45.56:542][717]LogModuleManager: Shutting down and abandoning module TextureFormatUncompressed (149)
[2025.09.27-13.45.56:542][717]LogModuleManager: Shutting down and abandoning module TextureFormatPVR (147)
[2025.09.27-13.45.56:542][717]LogModuleManager: Shutting down and abandoning module TextureFormatDXT (145)
[2025.09.27-13.45.56:542][717]LogModuleManager: Shutting down and abandoning module TextureFormatIntelISPCTexComp (143)
[2025.09.27-13.45.56:542][717]LogModuleManager: Shutting down and abandoning module TextureFormatASTC (141)
[2025.09.27-13.45.56:542][717]LogModuleManager: Shutting down and abandoning module ImageWrapper (140)
[2025.09.27-13.45.56:542][717]LogModuleManager: Shutting down and abandoning module TextureFormatAndroid (137)
[2025.09.27-13.45.56:542][717]LogModuleManager: Shutting down and abandoning module AudioFormatOpus (135)
[2025.09.27-13.45.56:542][717]LogModuleManager: Shutting down and abandoning module AudioFormatOgg (133)
[2025.09.27-13.45.56:542][717]LogModuleManager: Shutting down and abandoning module AudioFormatADPCM (131)
[2025.09.27-13.45.56:542][717]LogModuleManager: Shutting down and abandoning module LuminTargetPlatform (129)
[2025.09.27-13.45.56:542][717]LogModuleManager: Shutting down and abandoning module LinuxTargetPlatform (127)
[2025.09.27-13.45.56:542][717]LogModuleManager: Shutting down and abandoning module LinuxServerTargetPlatform (125)
[2025.09.27-13.45.56:542][717]LogModuleManager: Shutting down and abandoning module LinuxNoEditorTargetPlatform (123)
[2025.09.27-13.45.56:542][717]LogModuleManager: Shutting down and abandoning module LinuxClientTargetPlatform (121)
[2025.09.27-13.45.56:542][717]LogModuleManager: Shutting down and abandoning module TVOSTargetPlatform (119)
[2025.09.27-13.45.56:543][717]LogModuleManager: Shutting down and abandoning module Messaging (117)
[2025.09.27-13.45.56:543][717]LogModuleManager: Shutting down and abandoning module IOSTargetPlatform (115)
[2025.09.27-13.45.56:543][717]LogModuleManager: Shutting down and abandoning module HTML5TargetPlatform (113)
[2025.09.27-13.45.56:543][717]LogModuleManager: Shutting down and abandoning module AndroidTargetPlatform (111)
[2025.09.27-13.45.56:547][717]LogModuleManager: Shutting down and abandoning module WindowsTargetPlatform (109)
[2025.09.27-13.45.56:547][717]LogModuleManager: Shutting down and abandoning module WindowsServerTargetPlatform (107)
[2025.09.27-13.45.56:547][717]LogModuleManager: Shutting down and abandoning module WindowsNoEditorTargetPlatform (105)
[2025.09.27-13.45.56:547][717]LogModuleManager: Shutting down and abandoning module WindowsClientTargetPlatform (103)
[2025.09.27-13.45.56:547][717]LogModuleManager: Shutting down and abandoning module MacTargetPlatform (101)
[2025.09.27-13.45.56:547][717]LogModuleManager: Shutting down and abandoning module MacServerTargetPlatform (99)
[2025.09.27-13.45.56:547][717]LogModuleManager: Shutting down and abandoning module MacNoEditorTargetPlatform (97)
[2025.09.27-13.45.56:547][717]LogModuleManager: Shutting down and abandoning module MacClientTargetPlatform (95)
[2025.09.27-13.45.56:547][717]LogModuleManager: Shutting down and abandoning module AllDesktopTargetPlatform (93)
[2025.09.27-13.45.56:547][717]LogModuleManager: Shutting down and abandoning module InputCore (90)
[2025.09.27-13.45.56:547][717]LogModuleManager: Shutting down and abandoning module Settings (88)
[2025.09.27-13.45.56:547][717]LogModuleManager: Shutting down and abandoning module DirectoryWatcher (86)
[2025.09.27-13.45.56:547][717]LogModuleManager: Shutting down and abandoning module PhysXCooking (84)
[2025.09.27-13.45.56:547][717]LogModuleManager: Shutting down and abandoning module WindowsPlatformFeatures (82)
[2025.09.27-13.45.56:547][717]LogModuleManager: Shutting down and abandoning module GameplayMediaEncoder (81)
[2025.09.27-13.45.56:547][717]LogModuleManager: Shutting down and abandoning module SteamVR (78)
[2025.09.27-13.45.56:547][717]LogHMD: Freeing OpenVRDLLHandle.
[2025.09.27-13.45.56:547][717]LogModuleManager: Shutting down and abandoning module OculusHMD (76)
[2025.09.27-13.45.56:547][717]LogModuleManager: Shutting down and abandoning module ExampleDeviceProfileSelector (74)
[2025.09.27-13.45.56:547][717]LogModuleManager: Shutting down and abandoning module LauncherChunkInstaller (72)
[2025.09.27-13.45.56:547][717]LogModuleManager: Shutting down and abandoning module OnlineBlueprintSupport (70)
[2025.09.27-13.45.56:547][717]LogModuleManager: Shutting down and abandoning module OnlineSubsystem (66)
[2025.09.27-13.45.56:548][717]LogModuleManager: Shutting down and abandoning module XMPP (61)
[2025.09.27-13.45.56:548][717]LogModuleManager: Shutting down and abandoning module WebSockets (60)
[2025.09.27-13.45.56:563][717]LogModuleManager: Shutting down and abandoning module HTTP (57)
[2025.09.27-13.45.56:563][717]LogHttp: Display: Http module shutting down, but needs to wait on 1 outstanding Http requests:
[2025.09.27-13.45.56:563][717]LogHttp: Display: 	verb=[POST] url=[https://datarouter.ol.epicgames.com/datarouter/api/v1/public/data?SessionID=%7B6FBA9A0C-419C-2FCB-395C-FF8A534C0B71%7D&AppID=UEEditor.Rocket.Release&AppVersion=4.23.1-9631420%2B%2B%2BUE4%2BRelease-4.23&UserID=fcf63f4f4aa3b52c2cf4428b646ed4b7%7C817ac0c8b8ec4586b1a7d191863bddae%7C716e1537-9eef-4754-8647-18858cea8326&AppEnvironment=datacollector-binary&UploadType=eteventstream] status=Processing
[2025.09.27-13.45.56:594][717]LogModuleManager: Shutting down and abandoning module SSL (56)
[2025.09.27-13.45.56:595][717]LogModuleManager: Shutting down and abandoning module WmfMedia (52)
[2025.09.27-13.45.56:596][717]LogModuleManager: Shutting down and abandoning module Media (51)
[2025.09.27-13.45.56:596][717]LogModuleManager: Shutting down and abandoning module MagicLeap (48)
[2025.09.27-13.45.56:596][717]LogModuleManager: Shutting down and abandoning module DatasmithContent (46)
[2025.09.27-13.45.56:597][717]LogModuleManager: Shutting down and abandoning module AISupportModule (44)
[2025.09.27-13.45.56:597][717]LogModuleManager: Shutting down and abandoning module PlatformCryptoOpenSSL (42)
[2025.09.27-13.45.56:597][717]LogModuleManager: Shutting down and abandoning module PlatformCrypto (40)
[2025.09.27-13.45.56:597][717]LogModuleManager: Shutting down and abandoning module AnimationModifiers (38)
[2025.09.27-13.45.56:597][717]LogModuleManager: Shutting down and abandoning module PropertyEditor (37)
[2025.09.27-13.45.56:597][717]LogModuleManager: Shutting down and abandoning module AudioEditor (34)
[2025.09.27-13.45.56:597][717]LogModuleManager: Shutting down and abandoning module TextureCompressor (32)
[2025.09.27-13.45.56:597][717]LogModuleManager: Shutting down and abandoning module RenderCore (30)
[2025.09.27-13.45.56:597][717]LogModuleManager: Shutting down and abandoning module Landscape (28)
[2025.09.27-13.45.56:597][717]LogModuleManager: Shutting down and abandoning module SlateRHIRenderer (26)
[2025.09.27-13.45.56:598][717]LogModuleManager: Shutting down and abandoning module OpenGLDrv (24)
[2025.09.27-13.45.56:598][717]LogModuleManager: Shutting down and abandoning module D3D11RHI (22)
[2025.09.27-13.45.56:598][717]LogModuleManager: Shutting down and abandoning module AnimGraphRuntime (20)
[2025.09.27-13.45.56:598][717]LogModuleManager: Shutting down and abandoning module Renderer (18)
[2025.09.27-13.45.56:598][717]LogModuleManager: Shutting down and abandoning module Engine (16)
[2025.09.27-13.45.56:598][717]LogModuleManager: Shutting down and abandoning module CoreUObject (14)
[2025.09.27-13.45.56:598][717]LogModuleManager: Shutting down and abandoning module NetworkFile (12)
[2025.09.27-13.45.56:598][717]LogModuleManager: Shutting down and abandoning module CookedIterativeFile (10)
[2025.09.27-13.45.56:598][717]LogModuleManager: Shutting down and abandoning module StreamingFile (8)
[2025.09.27-13.45.56:598][717]LogModuleManager: Shutting down and abandoning module SandboxFile (6)
[2025.09.27-13.45.56:598][717]LogModuleManager: Shutting down and abandoning module PakFile (4)
[2025.09.27-13.45.56:598][717]LogModuleManager: Shutting down and abandoning module RSA (3)
[2025.09.27-13.45.56:599][717]LogD3D11RHI: Shutdown
[2025.09.27-13.45.56:599][717]LogD3D11RHI: CleanupD3DDevice
[2025.09.27-13.45.56:600][717]LogRendererCore: FGlobalDynamicReadBuffer::Cleanup()
[2025.09.27-13.45.56:600][717]LogRendererCore: FGlobalDynamicReadBuffer::Cleanup()
[2025.09.27-13.45.56:600][717]LogRendererCore: FGlobalDynamicReadBuffer::Cleanup()
[2025.09.27-13.45.56:601][717]LogD3D11RHI: ~FD3D11DynamicRHI
[2025.09.27-13.45.56:608][717]LogExit: Exiting.
[2025.09.27-13.45.56:617][717]Log file closed, 09/27/25 16:45:56
