Log file open, 09/22/25 18:31:05
LogWindows: Failed to load 'aqProf.dll' (GetLastError=126)
LogWindows: File 'aqProf.dll' does not exist
LogWindows: Failed to load 'VtuneApi.dll' (GetLastError=126)
LogWindows: File 'VtuneApi.dll' does not exist
LogWindows: Failed to load 'VtuneApi32e.dll' (GetLastError=126)
LogWindows: File 'VtuneApi32e.dll' does not exist
LogConsoleResponse: Display: Failed to find resolution value strings in scalability ini. Falling back to default.
LogInit: Display: Running engine for game: GameJamCrew
LogPlatformFile: Not using cached read wrapper
LogTaskGraph: Started task graph with 5 named threads and 47 total threads with 3 sets of task threads.
LogStats: Stats thread started at 0.040949
LogD3D11RHI: Loaded GFSDK_Aftermath_Lib.x64.dll
LogICUInternationalization: ICU TimeZone Detection - Raw Offset: +2:00, Platform Override: ''
LogPluginManager: Mounting plugin Paper2D
LogPluginManager: Mounting plugin AISupport
LogPluginManager: Mounting plugin LightPropagationVolume
LogPluginManager: Mounting plugin ActorLayerUtilities
LogPluginManager: Mounting plugin AnimationSharing
LogPluginManager: Mounting plugin CLionSourceCodeAccess
LogPluginManager: Mounting plugin CodeLiteSourceCodeAccess
LogPluginManager: Mounting plugin GitSourceControl
LogPluginManager: Mounting plugin KDevelopSourceCodeAccess
LogPluginManager: Mounting plugin NullSourceCodeAccess
LogPluginManager: Mounting plugin PerforceSourceControl
LogPluginManager: Mounting plugin SubversionSourceControl
LogPluginManager: Mounting plugin UObjectPlugin
LogPluginManager: Mounting plugin VisualStudioCodeSourceCodeAccess
LogPluginManager: Mounting plugin VisualStudioSourceCodeAccess
LogPluginManager: Mounting plugin XCodeSourceCodeAccess
LogPluginManager: Mounting plugin AssetManagerEditor
LogPluginManager: Mounting plugin CryptoKeys
LogPluginManager: Mounting plugin CurveEditorTools
LogPluginManager: Mounting plugin DataValidation
LogPluginManager: Mounting plugin FacialAnimation
LogPluginManager: Mounting plugin GameplayTagsEditor
LogPluginManager: Mounting plugin MacGraphicsSwitching
LogPluginManager: Mounting plugin MaterialAnalyzer
LogPluginManager: Mounting plugin MobileLauncherProfileWizard
LogPluginManager: Mounting plugin PluginBrowser
LogPluginManager: Mounting plugin SpeedTreeImporter
LogPluginManager: Mounting plugin DatasmithContent
LogPluginManager: Mounting plugin VariantManagerContent
LogPluginManager: Mounting plugin AlembicImporter
LogPluginManager: Mounting plugin AutomationUtils
LogPluginManager: Mounting plugin BackChannel
LogPluginManager: Mounting plugin CharacterAI
LogPluginManager: Mounting plugin GeometryCache
LogPluginManager: Mounting plugin HTML5Networking
LogPluginManager: Mounting plugin PlatformCrypto
LogPluginManager: Mounting plugin ProxyLODPlugin
LogPluginManager: Mounting plugin SkeletalReduction
LogPluginManager: Mounting plugin MagicLeap
LogPluginManager: Mounting plugin MagicLeapMedia
LogPluginManager: Mounting plugin AndroidMedia
LogPluginManager: Mounting plugin AvfMedia
LogPluginManager: Mounting plugin ImgMedia
LogPluginManager: Mounting plugin MediaCompositing
LogPluginManager: Mounting plugin MediaPlayerEditor
LogPluginManager: Mounting plugin WebMMedia
LogPluginManager: Mounting plugin WmfMedia
LogPluginManager: Mounting plugin TcpMessaging
LogPluginManager: Mounting plugin UdpMessaging
LogPluginManager: Mounting plugin ActorSequence
LogPluginManager: Mounting plugin LevelSequenceEditor
LogPluginManager: Mounting plugin MatineeToLevelSequence
LogPluginManager: Mounting plugin NetcodeUnitTest
LogPluginManager: Mounting plugin NUTUnrealEngine4
LogPluginManager: Mounting plugin OnlineSubsystemGooglePlay
LogPluginManager: Mounting plugin OnlineSubsystemIOS
LogPluginManager: Mounting plugin OnlineSubsystem
LogPluginManager: Mounting plugin OnlineSubsystemNull
LogPluginManager: Mounting plugin OnlineSubsystemUtils
LogPluginManager: Mounting plugin LauncherChunkInstaller
LogPluginManager: Mounting plugin AndroidDeviceProfileSelector
LogPluginManager: Mounting plugin AndroidMoviePlayer
LogPluginManager: Mounting plugin AndroidPermission
LogPluginManager: Mounting plugin AppleImageUtils
LogPluginManager: Mounting plugin AppleMoviePlayer
LogPluginManager: Mounting plugin ArchVisCharacter
LogPluginManager: Mounting plugin AudioCapture
LogPluginManager: Mounting plugin CableComponent
LogPluginManager: Mounting plugin CustomMeshComponent
LogPluginManager: Mounting plugin EditableMesh
LogPluginManager: Mounting plugin ExampleDeviceProfileSelector
LogPluginManager: Mounting plugin GoogleCloudMessaging
LogPluginManager: Mounting plugin IOSDeviceProfileSelector
LogPluginManager: Mounting plugin LinuxDeviceProfileSelector
LogPluginManager: Mounting plugin LocationServicesBPLibrary
LogPluginManager: Mounting plugin MobilePatchingUtils
LogPluginManager: Mounting plugin OculusVR
LogPluginManager: Mounting plugin PhysXVehicles
LogPluginManager: Mounting plugin ProceduralMeshComponent
LogPluginManager: Mounting plugin RuntimePhysXCooking
LogPluginManager: Mounting plugin SignificanceManager
LogPluginManager: Mounting plugin SteamVR
LogPluginManager: Mounting plugin WebMMoviePlayer
LogPluginManager: Mounting plugin WindowsMoviePlayer
LogPluginManager: Mounting plugin ScreenshotTools
LogInit: Using libcurl 7.55.1-DEV
LogInit:  - built for x86_64-pc-win32
LogInit:  - supports SSL with OpenSSL/1.1.1
LogInit:  - supports HTTP deflate (compression) using libz 1.2.8
LogInit:  - other features:
LogInit:      CURL_VERSION_SSL
LogInit:      CURL_VERSION_LIBZ
LogInit:      CURL_VERSION_IPV6
LogInit:      CURL_VERSION_ASYNCHDNS
LogInit:      CURL_VERSION_LARGEFILE
LogInit:      CURL_VERSION_IDN
LogInit:  CurlRequestOptions (configurable via config and command line):
LogInit:  - bVerifyPeer = true  - Libcurl will verify peer certificate
LogInit:  - bUseHttpProxy = false  - Libcurl will NOT use HTTP proxy
LogInit:  - bDontReuseConnections = false  - Libcurl will reuse connections
LogInit:  - MaxHostConnections = 16  - Libcurl will limit the number of connections to a host
LogInit:  - LocalHostAddr = Default
LogInit:  - BufferSize = 65536
LogOnline: OSS: Creating online subsystem instance for: NULL
LogInit: WinSock: version 1.1 (2.2), MaxSocks=32767, MaxUdp=65467
LogInit: Build: ++UE4+Release-4.23-CL-9631420
LogInit: Engine Version: 4.23.1-9631420+++UE4+Release-4.23
LogInit: Compatible Engine Version: 4.23.0-8386587+++UE4+Release-4.23
LogInit: Net CL: 8386587
LogInit: OS: Windows 10 (Release 2009) (), CPU: AMD Ryzen 7 9700X 8-Core Processor             , GPU: NVIDIA GeForce RTX 5070
LogInit: Compiled (64-bit): Oct 18 2019 02:07:44
LogInit: Compiled with Visual C++: 19.16.27030.01
LogInit: Build Configuration: Development
LogInit: Branch Name: ++UE4+Release-4.23
LogInit: Command Line:  -AUTH_LOGIN=unused -AUTH_PASSWORD=bcdfb171f3994cebb76091445c8f8741 -AUTH_TYPE=exchangecode -epicapp=UE_4.23 -epicenv=Prod -EpicPortal -epicusername=KLIX100 -epicuserid=817ac0c8b8ec4586b1a7d191863bddae -epiclocale=en -epicsandboxid=ue
LogInit: Base Directory: C:/Program Files/Epic Games/UE_4.23/Engine/Binaries/Win64/
LogInit: Installed Engine Build: 1
LogDevObjectVersion: Number of dev versions registered: 23
LogDevObjectVersion:   Dev-Blueprints (B0D832E4-1F89-4F0D-ACCF-7EB736FD4AA2): 10
LogDevObjectVersion:   Dev-Build (E1C64328-A22C-4D53-A36C-8E866417BD8C): 0
LogDevObjectVersion:   Dev-Core (375EC13C-06E4-48FB-B500-84F0262A717E): 3
LogDevObjectVersion:   Dev-Editor (E4B068ED-F494-42E9-A231-DA0B2E46BB41): 34
LogDevObjectVersion:   Dev-Framework (CFFC743F-43B0-4480-9391-14DF171D2073): 35
LogDevObjectVersion:   Dev-Mobile (B02B49B5-BB20-44E9-A304-32B752E40360): 2
LogDevObjectVersion:   Dev-Networking (A4E4105C-59A1-49B5-A7C5-40C4547EDFEE): 0
LogDevObjectVersion:   Dev-Online (39C831C9-5AE6-47DC-9A44-9C173E1C8E7C): 0
LogDevObjectVersion:   Dev-Physics (78F01B33-EBEA-4F98-B9B4-84EACCB95AA2): 0
LogDevObjectVersion:   Dev-Platform (6631380F-2D4D-43E0-8009-CF276956A95A): 0
LogDevObjectVersion:   Dev-Rendering (12F88B9F-8875-4AFC-A67C-D90C383ABD29): 31
LogDevObjectVersion:   Dev-Sequencer (7B5AE74C-D270-4C10-A958-57980B212A5A): 11
LogDevObjectVersion:   Dev-VR (D7296918-1DD6-4BDD-9DE2-64A83CC13884): 2
LogDevObjectVersion:   Dev-LoadTimes (C2A15278-BFE7-4AFE-6C17-90FF531DF755): 1
LogDevObjectVersion:   Private-Geometry (6EACA3D4-40EC-4CC1-B786-8BED09428FC5): 3
LogDevObjectVersion:   Dev-AnimPhys (29E575DD-E0A3-4627-9D10-D276232CDCEA): 17
LogDevObjectVersion:   Dev-Anim (AF43A65D-7FD3-4947-9873-3E8ED9C1BB05): 2
LogDevObjectVersion:   Dev-ReflectionCapture (6B266CEC-1EC7-4B8F-A30B-E4D90942FC07): 1
LogDevObjectVersion:   Dev-Automation (0DF73D61-A23F-47EA-B727-89E90C41499A): 1
LogDevObjectVersion:   FortniteMain (601D1886-AC64-4F84-AA16-D3DE0DEAC7D6): 27
LogDevObjectVersion:   Dev-Enterprise (9DFFBCD6-494F-0158-E221-12823C92A888): 6
LogDevObjectVersion:   Dev-Niagara (F2AED0AC-9AFE-416F-8664-AA7FFA26D6FC): 1
LogDevObjectVersion:   Dev-Destruction (174F1F0B-B4C6-45A5-B13F-2EE8D0FB917D): 9
LogInit: Presizing for max 16777216 objects, including 0 objects not considered by GC, pre-allocating 0 bytes for permanent pool.
LogInit: Object subsystem initialized
LogConfig: Setting CVar [[con.DebugEarlyDefault:1]]
LogConfig: Setting CVar [[r.setres:1280x720]]
[2025.09.22-15.31.05:978][  0]LogConfig: Setting CVar [[r.VSync:0]]
[2025.09.22-15.31.05:978][  0]LogConfig: Setting CVar [[r.RHICmdBypass:0]]
[2025.09.22-15.31.05:978][  0]LogConfig: Applying CVar settings from Section [/Script/Engine.RendererSettings] File [E:/GameDev/hggjam/GameJamHGGUnreal4.23.1/GameJamCrew/Saved/Config/Windows/Engine.ini]
[2025.09.22-15.31.05:978][  0]LogConfig: Setting CVar [[r.GPUCrashDebugging:0]]
[2025.09.22-15.31.05:978][  0]LogConfig: Applying CVar settings from Section [/Script/Engine.RendererOverrideSettings] File [E:/GameDev/hggjam/GameJamHGGUnreal4.23.1/GameJamCrew/Saved/Config/Windows/Engine.ini]
[2025.09.22-15.31.05:978][  0]LogConfig: Applying CVar settings from Section [/Script/Engine.StreamingSettings] File [E:/GameDev/hggjam/GameJamHGGUnreal4.23.1/GameJamCrew/Saved/Config/Windows/Engine.ini]
[2025.09.22-15.31.05:978][  0]LogConfig: Setting CVar [[s.MinBulkDataSizeForAsyncLoading:131072]]
[2025.09.22-15.31.05:978][  0]LogConfig: Setting CVar [[s.AsyncLoadingThreadEnabled:0]]
[2025.09.22-15.31.05:978][  0]LogConfig: Setting CVar [[s.EventDrivenLoaderEnabled:1]]
[2025.09.22-15.31.05:978][  0]LogConfig: Setting CVar [[s.WarnIfTimeLimitExceeded:0]]
[2025.09.22-15.31.05:978][  0]LogConfig: Setting CVar [[s.TimeLimitExceededMultiplier:1.5]]
[2025.09.22-15.31.05:978][  0]LogConfig: Setting CVar [[s.TimeLimitExceededMinTime:0.005]]
[2025.09.22-15.31.05:978][  0]LogConfig: Setting CVar [[s.UseBackgroundLevelStreaming:1]]
[2025.09.22-15.31.05:978][  0]LogConfig: Setting CVar [[s.PriorityAsyncLoadingExtraTime:15.0]]
[2025.09.22-15.31.05:978][  0]LogConfig: Setting CVar [[s.LevelStreamingActorsUpdateTimeLimit:5.0]]
[2025.09.22-15.31.05:978][  0]LogConfig: Setting CVar [[s.PriorityLevelStreamingActorsUpdateExtraTime:5.0]]
[2025.09.22-15.31.05:978][  0]LogConfig: Setting CVar [[s.LevelStreamingComponentsRegistrationGranularity:10]]
[2025.09.22-15.31.05:978][  0]LogConfig: Setting CVar [[s.UnregisterComponentsTimeLimit:1.0]]
[2025.09.22-15.31.05:978][  0]LogConfig: Setting CVar [[s.LevelStreamingComponentsUnregistrationGranularity:5]]
[2025.09.22-15.31.05:978][  0]LogConfig: Applying CVar settings from Section [/Script/Engine.GarbageCollectionSettings] File [E:/GameDev/hggjam/GameJamHGGUnreal4.23.1/GameJamCrew/Saved/Config/Windows/Engine.ini]
[2025.09.22-15.31.05:978][  0]LogConfig: Setting CVar [[gc.MaxObjectsNotConsideredByGC:1]]
[2025.09.22-15.31.05:978][  0]LogConfig: Setting CVar [[gc.SizeOfPermanentObjectPool:0]]
[2025.09.22-15.31.05:978][  0]LogConfig: Setting CVar [[gc.FlushStreamingOnGC:0]]
[2025.09.22-15.31.05:978][  0]LogConfig: Setting CVar [[gc.NumRetriesBeforeForcingGC:10]]
[2025.09.22-15.31.05:978][  0]LogConfig: Setting CVar [[gc.AllowParallelGC:1]]
[2025.09.22-15.31.05:978][  0]LogConfig: Setting CVar [[gc.TimeBetweenPurgingPendingKillObjects:61.1]]
[2025.09.22-15.31.05:978][  0]LogConfig: Setting CVar [[gc.MaxObjectsInEditor:16777216]]
[2025.09.22-15.31.05:978][  0]LogConfig: Setting CVar [[gc.IncrementalBeginDestroyEnabled:1]]
[2025.09.22-15.31.05:978][  0]LogConfig: Setting CVar [[gc.CreateGCClusters:1]]
[2025.09.22-15.31.05:978][  0]LogConfig: Setting CVar [[gc.MinGCClusterSize:5]]
[2025.09.22-15.31.05:978][  0]LogConfig: Setting CVar [[gc.ActorClusteringEnabled:0]]
[2025.09.22-15.31.05:978][  0]LogConfig: Setting CVar [[gc.BlueprintClusteringEnabled:0]]
[2025.09.22-15.31.05:978][  0]LogConfig: Setting CVar [[gc.UseDisregardForGCOnDedicatedServers:0]]
[2025.09.22-15.31.05:978][  0]LogConfig: Applying CVar settings from Section [/Script/Engine.NetworkSettings] File [E:/GameDev/hggjam/GameJamHGGUnreal4.23.1/GameJamCrew/Saved/Config/Windows/Engine.ini]
[2025.09.22-15.31.05:978][  0]LogConfig: Applying CVar settings from Section [/Script/UnrealEd.CookerSettings] File [E:/GameDev/hggjam/GameJamHGGUnreal4.23.1/GameJamCrew/Saved/Config/Windows/Engine.ini]
[2025.09.22-15.31.05:979][  0]LogConfig: Applying CVar settings from Section [ViewDistanceQuality@3] File [E:/GameDev/hggjam/GameJamHGGUnreal4.23.1/GameJamCrew/Saved/Config/Windows/Scalability.ini]
[2025.09.22-15.31.05:979][  0]LogConfig: Setting CVar [[r.SkeletalMeshLODBias:0]]
[2025.09.22-15.31.05:979][  0]LogConfig: Setting CVar [[r.ViewDistanceScale:1.0]]
[2025.09.22-15.31.05:979][  0]LogConfig: Applying CVar settings from Section [AntiAliasingQuality@3] File [E:/GameDev/hggjam/GameJamHGGUnreal4.23.1/GameJamCrew/Saved/Config/Windows/Scalability.ini]
[2025.09.22-15.31.05:979][  0]LogConfig: Setting CVar [[r.PostProcessAAQuality:4]]
[2025.09.22-15.31.05:979][  0]LogConfig: Applying CVar settings from Section [ShadowQuality@3] File [E:/GameDev/hggjam/GameJamHGGUnreal4.23.1/GameJamCrew/Saved/Config/Windows/Scalability.ini]
[2025.09.22-15.31.05:979][  0]LogConfig: Setting CVar [[r.LightFunctionQuality:1]]
[2025.09.22-15.31.05:979][  0]LogConfig: Setting CVar [[r.ShadowQuality:5]]
[2025.09.22-15.31.05:979][  0]LogConfig: Setting CVar [[r.Shadow.CSM.MaxCascades:10]]
[2025.09.22-15.31.05:979][  0]LogConfig: Setting CVar [[r.Shadow.MaxResolution:2048]]
[2025.09.22-15.31.05:979][  0]LogConfig: Setting CVar [[r.Shadow.MaxCSMResolution:2048]]
[2025.09.22-15.31.05:979][  0]LogConfig: Setting CVar [[r.Shadow.RadiusThreshold:0.01]]
[2025.09.22-15.31.05:979][  0]LogConfig: Setting CVar [[r.Shadow.DistanceScale:1.0]]
[2025.09.22-15.31.05:979][  0]LogConfig: Setting CVar [[r.Shadow.CSM.TransitionScale:1.0]]
[2025.09.22-15.31.05:979][  0]LogConfig: Setting CVar [[r.Shadow.PreShadowResolutionFactor:1.0]]
[2025.09.22-15.31.05:979][  0]LogConfig: Setting CVar [[r.DistanceFieldShadowing:1]]
[2025.09.22-15.31.05:979][  0]LogConfig: Setting CVar [[r.DistanceFieldAO:1]]
[2025.09.22-15.31.05:979][  0]LogConfig: Setting CVar [[r.AOQuality:2]]
[2025.09.22-15.31.05:979][  0]LogConfig: Setting CVar [[r.VolumetricFog:1]]
[2025.09.22-15.31.05:979][  0]LogConfig: Setting CVar [[r.VolumetricFog.GridPixelSize:8]]
[2025.09.22-15.31.05:979][  0]LogConfig: Setting CVar [[r.VolumetricFog.GridSizeZ:128]]
[2025.09.22-15.31.05:979][  0]LogConfig: Setting CVar [[r.VolumetricFog.HistoryMissSupersampleCount:4]]
[2025.09.22-15.31.05:979][  0]LogConfig: Setting CVar [[r.LightMaxDrawDistanceScale:1]]
[2025.09.22-15.31.05:979][  0]LogConfig: Setting CVar [[r.CapsuleShadows:1]]
[2025.09.22-15.31.05:979][  0]LogConfig: Applying CVar settings from Section [PostProcessQuality@3] File [E:/GameDev/hggjam/GameJamHGGUnreal4.23.1/GameJamCrew/Saved/Config/Windows/Scalability.ini]
[2025.09.22-15.31.05:979][  0]LogConfig: Setting CVar [[r.MotionBlurQuality:4]]
[2025.09.22-15.31.05:979][  0]LogConfig: Setting CVar [[r.AmbientOcclusionMipLevelFactor:0.4]]
[2025.09.22-15.31.05:979][  0]LogConfig: Setting CVar [[r.AmbientOcclusionMaxQuality:100]]
[2025.09.22-15.31.05:979][  0]LogConfig: Setting CVar [[r.AmbientOcclusionLevels:-1]]
[2025.09.22-15.31.05:980][  0]LogConfig: Setting CVar [[r.AmbientOcclusionRadiusScale:1.0]]
[2025.09.22-15.31.05:980][  0]LogConfig: Setting CVar [[r.DepthOfFieldQuality:2]]
[2025.09.22-15.31.05:980][  0]LogConfig: Setting CVar [[r.RenderTargetPoolMin:400]]
[2025.09.22-15.31.05:980][  0]LogConfig: Setting CVar [[r.LensFlareQuality:2]]
[2025.09.22-15.31.05:980][  0]LogConfig: Setting CVar [[r.SceneColorFringeQuality:1]]
[2025.09.22-15.31.05:980][  0]LogConfig: Setting CVar [[r.EyeAdaptationQuality:2]]
[2025.09.22-15.31.05:980][  0]LogConfig: Setting CVar [[r.BloomQuality:5]]
[2025.09.22-15.31.05:980][  0]LogConfig: Setting CVar [[r.FastBlurThreshold:100]]
[2025.09.22-15.31.05:980][  0]LogConfig: Setting CVar [[r.Upscale.Quality:3]]
[2025.09.22-15.31.05:980][  0]LogConfig: Setting CVar [[r.Tonemapper.GrainQuantization:1]]
[2025.09.22-15.31.05:980][  0]LogConfig: Setting CVar [[r.LightShaftQuality:1]]
[2025.09.22-15.31.05:980][  0]LogConfig: Setting CVar [[r.Filter.SizeScale:1]]
[2025.09.22-15.31.05:980][  0]LogConfig: Setting CVar [[r.Tonemapper.Quality:5]]
[2025.09.22-15.31.05:980][  0]LogConfig: Setting CVar [[r.DOF.Gather.AccumulatorQuality:1        ; higher gathering accumulator quality]]
[2025.09.22-15.31.05:980][  0]LogConfig: Setting CVar [[r.DOF.Gather.PostfilterMethod:1          ; Median3x3 postfilering method]]
[2025.09.22-15.31.05:980][  0]LogConfig: Setting CVar [[r.DOF.Gather.EnableBokehSettings:0       ; no bokeh simulation when gathering]]
[2025.09.22-15.31.05:980][  0]LogConfig: Setting CVar [[r.DOF.Gather.RingCount:4                 ; medium number of samples when gathering]]
[2025.09.22-15.31.05:980][  0]LogConfig: Setting CVar [[r.DOF.Scatter.ForegroundCompositing:1    ; additive foreground scattering]]
[2025.09.22-15.31.05:980][  0]LogConfig: Setting CVar [[r.DOF.Scatter.BackgroundCompositing:2    ; additive background scattering]]
[2025.09.22-15.31.05:980][  0]LogConfig: Setting CVar [[r.DOF.Scatter.EnableBokehSettings:1      ; bokeh simulation when scattering]]
[2025.09.22-15.31.05:980][  0]LogConfig: Setting CVar [[r.DOF.Scatter.MaxSpriteRatio:0.1         ; only a maximum of 10% of scattered bokeh]]
[2025.09.22-15.31.05:980][  0]LogConfig: Setting CVar [[r.DOF.Recombine.Quality:1                ; cheap slight out of focus]]
[2025.09.22-15.31.05:980][  0]LogConfig: Setting CVar [[r.DOF.Recombine.EnableBokehSettings:0    ; no bokeh simulation on slight out of focus]]
[2025.09.22-15.31.05:980][  0]LogConfig: Setting CVar [[r.DOF.TemporalAAQuality:1                ; more stable temporal accumulation]]
[2025.09.22-15.31.05:980][  0]LogConfig: Setting CVar [[r.DOF.Kernel.MaxForegroundRadius:0.025]]
[2025.09.22-15.31.05:980][  0]LogConfig: Setting CVar [[r.DOF.Kernel.MaxBackgroundRadius:0.025]]
[2025.09.22-15.31.05:980][  0]LogConfig: Applying CVar settings from Section [TextureQuality@3] File [E:/GameDev/hggjam/GameJamHGGUnreal4.23.1/GameJamCrew/Saved/Config/Windows/Scalability.ini]
[2025.09.22-15.31.05:980][  0]LogConfig: Setting CVar [[r.Streaming.MipBias:0]]
[2025.09.22-15.31.05:980][  0]LogConfig: Setting CVar [[r.Streaming.AmortizeCPUToGPUCopy:0]]
[2025.09.22-15.31.05:980][  0]LogConfig: Setting CVar [[r.Streaming.MaxNumTexturesToStreamPerFrame:0]]
[2025.09.22-15.31.05:980][  0]LogConfig: Setting CVar [[r.Streaming.Boost:1]]
[2025.09.22-15.31.05:980][  0]LogConfig: Setting CVar [[r.MaxAnisotropy:8]]
[2025.09.22-15.31.05:980][  0]LogConfig: Setting CVar [[r.Streaming.LimitPoolSizeToVRAM:0]]
[2025.09.22-15.31.05:980][  0]LogConfig: Setting CVar [[r.Streaming.PoolSize:1000]]
[2025.09.22-15.31.05:980][  0]LogConfig: Setting CVar [[r.Streaming.MaxEffectiveScreenSize:0]]
[2025.09.22-15.31.05:980][  0]LogConfig: Applying CVar settings from Section [EffectsQuality@3] File [E:/GameDev/hggjam/GameJamHGGUnreal4.23.1/GameJamCrew/Saved/Config/Windows/Scalability.ini]
[2025.09.22-15.31.05:980][  0]LogConfig: Setting CVar [[r.TranslucencyLightingVolumeDim:64]]
[2025.09.22-15.31.05:980][  0]LogConfig: Setting CVar [[r.RefractionQuality:2]]
[2025.09.22-15.31.05:980][  0]LogConfig: Setting CVar [[r.SSR.Quality:3]]
[2025.09.22-15.31.05:980][  0]LogConfig: Setting CVar [[r.SceneColorFormat:4]]
[2025.09.22-15.31.05:980][  0]LogConfig: Setting CVar [[r.DetailMode:2]]
[2025.09.22-15.31.05:980][  0]LogConfig: Setting CVar [[r.TranslucencyVolumeBlur:1]]
[2025.09.22-15.31.05:980][  0]LogConfig: Setting CVar [[r.MaterialQualityLevel:1 ; High quality]]
[2025.09.22-15.31.05:980][  0]LogConfig: Setting CVar [[r.SSS.Scale:1]]
[2025.09.22-15.31.05:980][  0]LogConfig: Setting CVar [[r.SSS.SampleSet:2]]
[2025.09.22-15.31.05:980][  0]LogConfig: Setting CVar [[r.SSS.Quality:1]]
[2025.09.22-15.31.05:980][  0]LogConfig: Setting CVar [[r.SSS.HalfRes:1]]
[2025.09.22-15.31.05:980][  0]LogConfig: Setting CVar [[r.EmitterSpawnRateScale:1.0]]
[2025.09.22-15.31.05:980][  0]LogConfig: Setting CVar [[r.ParticleLightQuality:2]]
[2025.09.22-15.31.05:980][  0]LogConfig: Applying CVar settings from Section [FoliageQuality@3] File [E:/GameDev/hggjam/GameJamHGGUnreal4.23.1/GameJamCrew/Saved/Config/Windows/Scalability.ini]
[2025.09.22-15.31.05:980][  0]LogConfig: Setting CVar [[foliage.DensityScale:1.0]]
[2025.09.22-15.31.05:980][  0]LogConfig: Setting CVar [[grass.DensityScale:1.0]]
[2025.09.22-15.31.05:980][  0]LogInit: Selected Device Profile: [Windows]
[2025.09.22-15.31.05:980][  0]LogInit: Applying CVar settings loaded from the selected device profile: [Windows]
[2025.09.22-15.31.05:982][  0]LogHAL: Display: Platform has ~ 62 GB [66126716928 / 68719476736 / 62], which maps to Largest [LargestMinGB=32, LargerMinGB=12, DefaultMinGB=8, SmallerMinGB=6, SmallestMinGB=0)
[2025.09.22-15.31.05:982][  0]LogInit: Going up to parent DeviceProfile []
[2025.09.22-15.31.05:982][  0]LogConfig: Applying CVar settings from Section [ViewDistanceQuality@3] File [E:/GameDev/hggjam/GameJamHGGUnreal4.23.1/GameJamCrew/Saved/Config/Windows/Scalability.ini]
[2025.09.22-15.31.05:982][  0]LogConfig: Setting CVar [[r.SkeletalMeshLODBias:0]]
[2025.09.22-15.31.05:982][  0]LogConfig: Setting CVar [[r.ViewDistanceScale:1.0]]
[2025.09.22-15.31.05:982][  0]LogConfig: Applying CVar settings from Section [AntiAliasingQuality@3] File [E:/GameDev/hggjam/GameJamHGGUnreal4.23.1/GameJamCrew/Saved/Config/Windows/Scalability.ini]
[2025.09.22-15.31.05:982][  0]LogConfig: Setting CVar [[r.PostProcessAAQuality:4]]
[2025.09.22-15.31.05:982][  0]LogConfig: Applying CVar settings from Section [ShadowQuality@3] File [E:/GameDev/hggjam/GameJamHGGUnreal4.23.1/GameJamCrew/Saved/Config/Windows/Scalability.ini]
[2025.09.22-15.31.05:982][  0]LogConfig: Setting CVar [[r.LightFunctionQuality:1]]
[2025.09.22-15.31.05:982][  0]LogConfig: Setting CVar [[r.ShadowQuality:5]]
[2025.09.22-15.31.05:982][  0]LogConfig: Setting CVar [[r.Shadow.CSM.MaxCascades:10]]
[2025.09.22-15.31.05:982][  0]LogConfig: Setting CVar [[r.Shadow.MaxResolution:2048]]
[2025.09.22-15.31.05:982][  0]LogConfig: Setting CVar [[r.Shadow.MaxCSMResolution:2048]]
[2025.09.22-15.31.05:982][  0]LogConfig: Setting CVar [[r.Shadow.RadiusThreshold:0.01]]
[2025.09.22-15.31.05:982][  0]LogConfig: Setting CVar [[r.Shadow.DistanceScale:1.0]]
[2025.09.22-15.31.05:982][  0]LogConfig: Setting CVar [[r.Shadow.CSM.TransitionScale:1.0]]
[2025.09.22-15.31.05:982][  0]LogConfig: Setting CVar [[r.Shadow.PreShadowResolutionFactor:1.0]]
[2025.09.22-15.31.05:982][  0]LogConfig: Setting CVar [[r.DistanceFieldShadowing:1]]
[2025.09.22-15.31.05:982][  0]LogConfig: Setting CVar [[r.DistanceFieldAO:1]]
[2025.09.22-15.31.05:982][  0]LogConfig: Setting CVar [[r.AOQuality:2]]
[2025.09.22-15.31.05:982][  0]LogConfig: Setting CVar [[r.VolumetricFog:1]]
[2025.09.22-15.31.05:982][  0]LogConfig: Setting CVar [[r.VolumetricFog.GridPixelSize:8]]
[2025.09.22-15.31.05:982][  0]LogConfig: Setting CVar [[r.VolumetricFog.GridSizeZ:128]]
[2025.09.22-15.31.05:982][  0]LogConfig: Setting CVar [[r.VolumetricFog.HistoryMissSupersampleCount:4]]
[2025.09.22-15.31.05:982][  0]LogConfig: Setting CVar [[r.LightMaxDrawDistanceScale:1]]
[2025.09.22-15.31.05:982][  0]LogConfig: Setting CVar [[r.CapsuleShadows:1]]
[2025.09.22-15.31.05:982][  0]LogConfig: Applying CVar settings from Section [PostProcessQuality@3] File [E:/GameDev/hggjam/GameJamHGGUnreal4.23.1/GameJamCrew/Saved/Config/Windows/Scalability.ini]
[2025.09.22-15.31.05:982][  0]LogConfig: Setting CVar [[r.MotionBlurQuality:4]]
[2025.09.22-15.31.05:982][  0]LogConfig: Setting CVar [[r.AmbientOcclusionMipLevelFactor:0.4]]
[2025.09.22-15.31.05:982][  0]LogConfig: Setting CVar [[r.AmbientOcclusionMaxQuality:100]]
[2025.09.22-15.31.05:982][  0]LogConfig: Setting CVar [[r.AmbientOcclusionLevels:-1]]
[2025.09.22-15.31.05:982][  0]LogConfig: Setting CVar [[r.AmbientOcclusionRadiusScale:1.0]]
[2025.09.22-15.31.05:982][  0]LogConfig: Setting CVar [[r.DepthOfFieldQuality:2]]
[2025.09.22-15.31.05:982][  0]LogConfig: Setting CVar [[r.RenderTargetPoolMin:400]]
[2025.09.22-15.31.05:982][  0]LogConfig: Setting CVar [[r.LensFlareQuality:2]]
[2025.09.22-15.31.05:982][  0]LogConfig: Setting CVar [[r.SceneColorFringeQuality:1]]
[2025.09.22-15.31.05:982][  0]LogConfig: Setting CVar [[r.EyeAdaptationQuality:2]]
[2025.09.22-15.31.05:982][  0]LogConfig: Setting CVar [[r.BloomQuality:5]]
[2025.09.22-15.31.05:982][  0]LogConfig: Setting CVar [[r.FastBlurThreshold:100]]
[2025.09.22-15.31.05:982][  0]LogConfig: Setting CVar [[r.Upscale.Quality:3]]
[2025.09.22-15.31.05:982][  0]LogConfig: Setting CVar [[r.Tonemapper.GrainQuantization:1]]
[2025.09.22-15.31.05:982][  0]LogConfig: Setting CVar [[r.LightShaftQuality:1]]
[2025.09.22-15.31.05:982][  0]LogConfig: Setting CVar [[r.Filter.SizeScale:1]]
[2025.09.22-15.31.05:982][  0]LogConfig: Setting CVar [[r.Tonemapper.Quality:5]]
[2025.09.22-15.31.05:982][  0]LogConfig: Setting CVar [[r.DOF.Gather.AccumulatorQuality:1        ; higher gathering accumulator quality]]
[2025.09.22-15.31.05:982][  0]LogConfig: Setting CVar [[r.DOF.Gather.PostfilterMethod:1          ; Median3x3 postfilering method]]
[2025.09.22-15.31.05:982][  0]LogConfig: Setting CVar [[r.DOF.Gather.EnableBokehSettings:0       ; no bokeh simulation when gathering]]
[2025.09.22-15.31.05:982][  0]LogConfig: Setting CVar [[r.DOF.Gather.RingCount:4                 ; medium number of samples when gathering]]
[2025.09.22-15.31.05:982][  0]LogConfig: Setting CVar [[r.DOF.Scatter.ForegroundCompositing:1    ; additive foreground scattering]]
[2025.09.22-15.31.05:982][  0]LogConfig: Setting CVar [[r.DOF.Scatter.BackgroundCompositing:2    ; additive background scattering]]
[2025.09.22-15.31.05:982][  0]LogConfig: Setting CVar [[r.DOF.Scatter.EnableBokehSettings:1      ; bokeh simulation when scattering]]
[2025.09.22-15.31.05:982][  0]LogConfig: Setting CVar [[r.DOF.Scatter.MaxSpriteRatio:0.1         ; only a maximum of 10% of scattered bokeh]]
[2025.09.22-15.31.05:982][  0]LogConfig: Setting CVar [[r.DOF.Recombine.Quality:1                ; cheap slight out of focus]]
[2025.09.22-15.31.05:982][  0]LogConfig: Setting CVar [[r.DOF.Recombine.EnableBokehSettings:0    ; no bokeh simulation on slight out of focus]]
[2025.09.22-15.31.05:982][  0]LogConfig: Setting CVar [[r.DOF.TemporalAAQuality:1                ; more stable temporal accumulation]]
[2025.09.22-15.31.05:982][  0]LogConfig: Setting CVar [[r.DOF.Kernel.MaxForegroundRadius:0.025]]
[2025.09.22-15.31.05:982][  0]LogConfig: Setting CVar [[r.DOF.Kernel.MaxBackgroundRadius:0.025]]
[2025.09.22-15.31.05:982][  0]LogConfig: Applying CVar settings from Section [TextureQuality@3] File [E:/GameDev/hggjam/GameJamHGGUnreal4.23.1/GameJamCrew/Saved/Config/Windows/Scalability.ini]
[2025.09.22-15.31.05:982][  0]LogConfig: Setting CVar [[r.Streaming.MipBias:0]]
[2025.09.22-15.31.05:982][  0]LogConfig: Setting CVar [[r.Streaming.AmortizeCPUToGPUCopy:0]]
[2025.09.22-15.31.05:982][  0]LogConfig: Setting CVar [[r.Streaming.MaxNumTexturesToStreamPerFrame:0]]
[2025.09.22-15.31.05:982][  0]LogConfig: Setting CVar [[r.Streaming.Boost:1]]
[2025.09.22-15.31.05:982][  0]LogConfig: Setting CVar [[r.MaxAnisotropy:8]]
[2025.09.22-15.31.05:982][  0]LogConfig: Setting CVar [[r.Streaming.LimitPoolSizeToVRAM:0]]
[2025.09.22-15.31.05:982][  0]LogConfig: Setting CVar [[r.Streaming.PoolSize:1000]]
[2025.09.22-15.31.05:982][  0]LogConfig: Setting CVar [[r.Streaming.MaxEffectiveScreenSize:0]]
[2025.09.22-15.31.05:982][  0]LogConfig: Applying CVar settings from Section [EffectsQuality@3] File [E:/GameDev/hggjam/GameJamHGGUnreal4.23.1/GameJamCrew/Saved/Config/Windows/Scalability.ini]
[2025.09.22-15.31.05:982][  0]LogConfig: Setting CVar [[r.TranslucencyLightingVolumeDim:64]]
[2025.09.22-15.31.05:982][  0]LogConfig: Setting CVar [[r.RefractionQuality:2]]
[2025.09.22-15.31.05:982][  0]LogConfig: Setting CVar [[r.SSR.Quality:3]]
[2025.09.22-15.31.05:982][  0]LogConfig: Setting CVar [[r.SceneColorFormat:4]]
[2025.09.22-15.31.05:982][  0]LogConfig: Setting CVar [[r.DetailMode:2]]
[2025.09.22-15.31.05:982][  0]LogConfig: Setting CVar [[r.TranslucencyVolumeBlur:1]]
[2025.09.22-15.31.05:982][  0]LogConfig: Setting CVar [[r.MaterialQualityLevel:1 ; High quality]]
[2025.09.22-15.31.05:982][  0]LogConfig: Setting CVar [[r.SSS.Scale:1]]
[2025.09.22-15.31.05:982][  0]LogConfig: Setting CVar [[r.SSS.SampleSet:2]]
[2025.09.22-15.31.05:982][  0]LogConfig: Setting CVar [[r.SSS.Quality:1]]
[2025.09.22-15.31.05:982][  0]LogConfig: Setting CVar [[r.SSS.HalfRes:1]]
[2025.09.22-15.31.05:982][  0]LogConfig: Setting CVar [[r.EmitterSpawnRateScale:1.0]]
[2025.09.22-15.31.05:982][  0]LogConfig: Setting CVar [[r.ParticleLightQuality:2]]
[2025.09.22-15.31.05:982][  0]LogConfig: Applying CVar settings from Section [FoliageQuality@3] File [E:/GameDev/hggjam/GameJamHGGUnreal4.23.1/GameJamCrew/Saved/Config/Windows/Scalability.ini]
[2025.09.22-15.31.05:982][  0]LogConfig: Setting CVar [[foliage.DensityScale:1.0]]
[2025.09.22-15.31.05:982][  0]LogConfig: Setting CVar [[grass.DensityScale:1.0]]
[2025.09.22-15.31.05:982][  0]LogConfig: Applying CVar settings from Section [Startup] File [../../../Engine/Config/ConsoleVariables.ini]
[2025.09.22-15.31.05:982][  0]LogConfig: Setting CVar [[net.UseAdaptiveNetUpdateFrequency:0]]
[2025.09.22-15.31.05:982][  0]LogConfig: Setting CVar [[p.chaos.AllowCreatePhysxBodies:1]]
[2025.09.22-15.31.05:982][  0]LogConfig: Applying CVar settings from Section [ConsoleVariables] File [E:/GameDev/hggjam/GameJamHGGUnreal4.23.1/GameJamCrew/Saved/Config/Windows/Engine.ini]
[2025.09.22-15.31.05:982][  0]LogInit: Computer: CECOMAIN
[2025.09.22-15.31.05:982][  0]LogInit: User: Цветан
[2025.09.22-15.31.05:982][  0]LogInit: CPU Page size=4096, Cores=8
[2025.09.22-15.31.05:982][  0]LogInit: High frequency timer resolution =10.000000 MHz
[2025.09.22-15.31.05:982][  0]LogMemory: Memory total: Physical=61.6GB (62GB approx)
[2025.09.22-15.31.05:982][  0]LogMemory: Platform Memory Stats for Windows
[2025.09.22-15.31.05:982][  0]LogMemory: Process Physical Memory: 108.40 MB used, 108.40 MB peak
[2025.09.22-15.31.05:982][  0]LogMemory: Process Virtual Memory: 101.05 MB used, 101.05 MB peak
[2025.09.22-15.31.05:982][  0]LogMemory: Physical Memory: 17696.62 MB used,  45366.73 MB free, 63063.35 MB total
[2025.09.22-15.31.05:982][  0]LogMemory: Virtual Memory: 4713.26 MB used,  134213016.00 MB free, 134217728.00 MB total
[2025.09.22-15.31.05:983][  0]LogWindows: WindowsPlatformFeatures enabled
[2025.09.22-15.31.06:005][  0]LogInit: Using OS detected language (en-GB).
[2025.09.22-15.31.06:005][  0]LogInit: Using OS detected locale (en-US).
[2025.09.22-15.31.06:006][  0]LogTextLocalizationManager: No specific localization for 'en-GB' exists, so the 'en' localization will be used.
[2025.09.22-15.31.06:081][  0]LogInit: Setting process to per monitor DPI aware
[2025.09.22-15.31.06:107][  0]LogSlate: New Slate User Created.  User Index 0, Is Virtual User: 0
[2025.09.22-15.31.06:107][  0]LogSlate: Slate User Registered.  User Index 0, Is Virtual User: 0
[2025.09.22-15.31.06:182][  0]LogHMD: Failed to initialize OpenVR with code 110
[2025.09.22-15.31.06:182][  0]LogD3D11RHI: D3D11 adapters:
[2025.09.22-15.31.06:293][  0]LogD3D11RHI:    0. 'NVIDIA GeForce RTX 5070' (Feature Level 11_0)
[2025.09.22-15.31.06:293][  0]LogD3D11RHI:       11855/0/31531 MB DedicatedVideo/DedicatedSystem/SharedSystem, Outputs:2, VendorId:0x10de
[2025.09.22-15.31.06:330][  0]LogD3D11RHI:    1. 'AMD Radeon(TM) Graphics' (Feature Level 11_0)
[2025.09.22-15.31.06:330][  0]LogD3D11RHI:       2021/0/31531 MB DedicatedVideo/DedicatedSystem/SharedSystem, Outputs:0, VendorId:0x1002
[2025.09.22-15.31.06:333][  0]LogD3D11RHI:    2. 'Microsoft Basic Render Driver' (Feature Level 11_0)
[2025.09.22-15.31.06:333][  0]LogD3D11RHI:       0/0/31531 MB DedicatedVideo/DedicatedSystem/SharedSystem, Outputs:0, VendorId:0x1414
[2025.09.22-15.31.06:333][  0]LogD3D11RHI: Chosen D3D11 Adapter: 0
[2025.09.22-15.31.06:339][  0]LogD3D11RHI: Creating new Direct3DDevice
[2025.09.22-15.31.06:339][  0]LogD3D11RHI:     GPU DeviceId: 0x2f04 (for the marketing name, search the web for "GPU Device Id")
[2025.09.22-15.31.06:339][  0]LogWindows: EnumDisplayDevices:
[2025.09.22-15.31.06:339][  0]LogWindows:    0. 'NVIDIA GeForce RTX 5070' (P:0 D:1)
[2025.09.22-15.31.06:339][  0]LogWindows:    1. 'NVIDIA GeForce RTX 5070' (P:1 D:1)
[2025.09.22-15.31.06:339][  0]LogWindows:    2. 'NVIDIA GeForce RTX 5070' (P:0 D:0)
[2025.09.22-15.31.06:340][  0]LogWindows:    3. 'NVIDIA GeForce RTX 5070' (P:0 D:0)
[2025.09.22-15.31.06:340][  0]LogWindows:    4. 'AMD Radeon(TM) Graphics' (P:0 D:0)
[2025.09.22-15.31.06:340][  0]LogWindows:    5. 'AMD Radeon(TM) Graphics' (P:0 D:0)
[2025.09.22-15.31.06:340][  0]LogWindows:    6. 'AMD Radeon(TM) Graphics' (P:0 D:0)
[2025.09.22-15.31.06:341][  0]LogWindows:    7. 'AMD Radeon(TM) Graphics' (P:0 D:0)
[2025.09.22-15.31.06:341][  0]LogWindows:    8. 'AMD Radeon(TM) Graphics' (P:0 D:0)
[2025.09.22-15.31.06:341][  0]LogWindows: DebugString: PrimaryIsNotTheChoosenAdapter PrimaryIsNotTheChoosenAdapter PrimaryIsNotTheChoosenAdapter PrimaryIsNotTheChoosenAdapter PrimaryIsNotTheChoosenAdapter FoundDriverCount:4 
[2025.09.22-15.31.06:341][  0]LogD3D11RHI:     Adapter Name: NVIDIA GeForce RTX 5070
[2025.09.22-15.31.06:341][  0]LogD3D11RHI:   Driver Version: 581.15 (internal:32.0.15.8115, unified:581.15)
[2025.09.22-15.31.06:341][  0]LogD3D11RHI:      Driver Date: 8-21-2025
[2025.09.22-15.31.06:341][  0]LogRHI: Texture pool is 8298 MB (70% of 11855 MB)
[2025.09.22-15.31.06:407][  0]LogD3D11RHI: Async texture creation enabled
[2025.09.22-15.31.06:416][  0]LogD3D11RHI: GPU Timing Frequency: 1000.000000 (Debug: 2 1)
[2025.09.22-15.31.06:580][  0]LogTemp: Display: Module 'AllDesktopTargetPlatform' loaded TargetPlatform 'AllDesktop'
[2025.09.22-15.31.06:583][  0]LogTemp: Display: Module 'MacClientTargetPlatform' loaded TargetPlatform 'MacClient'
[2025.09.22-15.31.06:588][  0]LogTemp: Display: Module 'MacNoEditorTargetPlatform' loaded TargetPlatform 'MacNoEditor'
[2025.09.22-15.31.06:591][  0]LogTemp: Display: Module 'MacServerTargetPlatform' loaded TargetPlatform 'MacServer'
[2025.09.22-15.31.06:595][  0]LogTemp: Display: Module 'MacTargetPlatform' loaded TargetPlatform 'Mac'
[2025.09.22-15.31.06:598][  0]LogTemp: Display: Module 'WindowsClientTargetPlatform' loaded TargetPlatform 'WindowsClient'
[2025.09.22-15.31.06:602][  0]LogTemp: Display: Module 'WindowsNoEditorTargetPlatform' loaded TargetPlatform 'WindowsNoEditor'
[2025.09.22-15.31.06:606][  0]LogTemp: Display: Module 'WindowsServerTargetPlatform' loaded TargetPlatform 'WindowsServer'
[2025.09.22-15.31.06:607][  0]LogTemp: Display: Module 'WindowsTargetPlatform' loaded TargetPlatform 'Windows'
[2025.09.22-15.31.06:622][  0]LogTemp: Display: Module 'AndroidTargetPlatform' loaded TargetPlatform 'Android'
[2025.09.22-15.31.06:622][  0]LogTemp: Display: Module 'AndroidTargetPlatform' loaded TargetPlatform 'Android_ASTC'
[2025.09.22-15.31.06:622][  0]LogTemp: Display: Module 'AndroidTargetPlatform' loaded TargetPlatform 'Android_ATC'
[2025.09.22-15.31.06:622][  0]LogTemp: Display: Module 'AndroidTargetPlatform' loaded TargetPlatform 'Android_DXT'
[2025.09.22-15.31.06:622][  0]LogTemp: Display: Module 'AndroidTargetPlatform' loaded TargetPlatform 'Android_ETC1'
[2025.09.22-15.31.06:622][  0]LogTemp: Display: Module 'AndroidTargetPlatform' loaded TargetPlatform 'Android_ETC1a'
[2025.09.22-15.31.06:622][  0]LogTemp: Display: Module 'AndroidTargetPlatform' loaded TargetPlatform 'Android_ETC2'
[2025.09.22-15.31.06:622][  0]LogTemp: Display: Module 'AndroidTargetPlatform' loaded TargetPlatform 'Android_PVRTC'
[2025.09.22-15.31.06:622][  0]LogTemp: Display: Module 'AndroidTargetPlatform' loaded TargetPlatform 'AndroidClient'
[2025.09.22-15.31.06:622][  0]LogTemp: Display: Module 'AndroidTargetPlatform' loaded TargetPlatform 'Android_ASTCClient'
[2025.09.22-15.31.06:622][  0]LogTemp: Display: Module 'AndroidTargetPlatform' loaded TargetPlatform 'Android_ATCClient'
[2025.09.22-15.31.06:622][  0]LogTemp: Display: Module 'AndroidTargetPlatform' loaded TargetPlatform 'Android_DXTClient'
[2025.09.22-15.31.06:622][  0]LogTemp: Display: Module 'AndroidTargetPlatform' loaded TargetPlatform 'Android_ETC1Client'
[2025.09.22-15.31.06:622][  0]LogTemp: Display: Module 'AndroidTargetPlatform' loaded TargetPlatform 'Android_ETC1aClient'
[2025.09.22-15.31.06:622][  0]LogTemp: Display: Module 'AndroidTargetPlatform' loaded TargetPlatform 'Android_ETC2Client'
[2025.09.22-15.31.06:622][  0]LogTemp: Display: Module 'AndroidTargetPlatform' loaded TargetPlatform 'Android_PVRTCClient'
[2025.09.22-15.31.06:622][  0]LogTemp: Display: Module 'AndroidTargetPlatform' loaded TargetPlatform 'Android_Multi'
[2025.09.22-15.31.06:622][  0]LogTemp: Display: Module 'AndroidTargetPlatform' loaded TargetPlatform 'Android_MultiClient'
[2025.09.22-15.31.06:624][  0]LogTemp: Display: Module 'HTML5TargetPlatform' loaded TargetPlatform 'HTML5'
[2025.09.22-15.31.06:632][  0]LogTemp: Display: Module 'IOSTargetPlatform' loaded TargetPlatform 'IOSClient'
[2025.09.22-15.31.06:632][  0]LogTemp: Display: Module 'IOSTargetPlatform' loaded TargetPlatform 'IOS'
[2025.09.22-15.31.06:637][  0]LogTemp: Display: Module 'TVOSTargetPlatform' loaded TargetPlatform 'TVOSClient'
[2025.09.22-15.31.06:637][  0]LogTemp: Display: Module 'TVOSTargetPlatform' loaded TargetPlatform 'TVOS'
[2025.09.22-15.31.06:640][  0]LogTemp: Display: Module 'LinuxClientTargetPlatform' loaded TargetPlatform 'LinuxClient'
[2025.09.22-15.31.06:643][  0]LogTemp: Display: Module 'LinuxNoEditorTargetPlatform' loaded TargetPlatform 'LinuxNoEditor'
[2025.09.22-15.31.06:646][  0]LogTemp: Display: Module 'LinuxServerTargetPlatform' loaded TargetPlatform 'LinuxServer'
[2025.09.22-15.31.06:650][  0]LogTemp: Display: Module 'LinuxTargetPlatform' loaded TargetPlatform 'Linux'
[2025.09.22-15.31.06:660][  0]LogTemp: Display: Module 'LuminTargetPlatform' loaded TargetPlatform 'Lumin'
[2025.09.22-15.31.06:660][  0]LogTemp: Display: Module 'LuminTargetPlatform' loaded TargetPlatform 'LuminClient'
[2025.09.22-15.31.06:660][  0]LogTargetPlatformManager: Display: Building Assets For Windows
[2025.09.22-15.31.06:664][  0]LogAudioDebug: Display: Lib vorbis DLL was dynamically loaded.
[2025.09.22-15.31.06:683][  0]LogShaderCompilers: Guid format shader working directory is -5 characters bigger than the processId version (E:/GameDev/hggjam/GameJamHGGUnreal4.23.1/GameJamCrew/Intermediate/Shaders/WorkingDirectory/3656/).
[2025.09.22-15.31.06:683][  0]LogShaderCompilers: Cleaned the shader compiler working directory 'C:/Users/Цветан/AppData/Local/Temp/UnrealShaderWorkingDir/5F10F6E64584706BE2FFBCB53AA392DD/'.
[2025.09.22-15.31.06:684][  0]LogXGEController: Cannot use XGE Controller as Incredibuild is not installed on this machine.
[2025.09.22-15.31.06:684][  0]LogShaderCompilers: Cannot use XGE Shader Compiler as Incredibuild is not installed on this machine.
[2025.09.22-15.31.06:684][  0]LogShaderCompilers: Display: Using Local Shader Compiler.
[2025.09.22-15.31.06:938][  0]LogDerivedDataCache: Display: Max Cache Size: 512 MB
[2025.09.22-15.31.06:961][  0]LogDerivedDataCache: Loaded boot cache 0.02s 73MB C:/Users/Цветан/AppData/Local/UnrealEngine/4.23/DerivedDataCache/Boot.ddc.
[2025.09.22-15.31.06:961][  0]LogDerivedDataCache: Display: Loaded Boot cache: C:/Users/Цветан/AppData/Local/UnrealEngine/4.23/DerivedDataCache/Boot.ddc
[2025.09.22-15.31.06:961][  0]LogDerivedDataCache: FDerivedDataBackendGraph:  Pak pak cache file E:/GameDev/hggjam/GameJamHGGUnreal4.23.1/GameJamCrew/DerivedDataCache/DDC.ddp not found, will not use a pak cache.
[2025.09.22-15.31.06:961][  0]LogDerivedDataCache: Unable to find inner node Pak for hierarchical cache Hierarchy.
[2025.09.22-15.31.06:961][  0]LogDerivedDataCache: FDerivedDataBackendGraph:  CompressedPak pak cache file E:/GameDev/hggjam/GameJamHGGUnreal4.23.1/GameJamCrew/DerivedDataCache/Compressed.ddp not found, will not use a pak cache.
[2025.09.22-15.31.06:961][  0]LogDerivedDataCache: Unable to find inner node CompressedPak for hierarchical cache Hierarchy.
[2025.09.22-15.31.06:968][  0]LogDerivedDataCache: Display: Pak cache opened for reading ../../../Engine/DerivedDataCache/Compressed.ddp.
[2025.09.22-15.31.06:968][  0]LogDerivedDataCache: FDerivedDataBackendGraph:  EnterprisePak pak cache file ../../../Enterprise/DerivedDataCache/Compressed.ddp not found, will not use a pak cache.
[2025.09.22-15.31.06:968][  0]LogDerivedDataCache: Unable to find inner node EnterprisePak for hierarchical cache Hierarchy.
[2025.09.22-15.31.06:969][  0]LogDerivedDataCache: Using Local data cache path C:/Users/Цветан/AppData/Local/UnrealEngine/Common/DerivedDataCache: Writable
[2025.09.22-15.31.06:969][  0]LogDerivedDataCache: Shared data cache path not found in *engine.ini, will not use an Shared cache.
[2025.09.22-15.31.06:969][  0]LogDerivedDataCache: Unable to find inner node Shared for hierarchical cache Hierarchy.
[2025.09.22-15.31.06:979][  0]LogMaterial: Verifying Global Shaders for PCD3D_SM5
[2025.09.22-15.31.06:980][  0]LogSlate: Using FreeType 2.6.0
[2025.09.22-15.31.06:981][  0]LogSlate: SlateFontServices - WITH_FREETYPE: 1, WITH_HARFBUZZ: 1
[2025.09.22-15.31.07:007][  0]LogAssetRegistry: FAssetRegistry took 0.0015 seconds to start up
[2025.09.22-15.31.07:134][  0]LogInit: Selected Device Profile: [Windows]
[2025.09.22-15.31.07:198][  0]LogMeshReduction: Using QuadricMeshReduction for automatic static mesh reduction
[2025.09.22-15.31.07:198][  0]LogMeshReduction: Using SimplygonMeshReduction for automatic skeletal mesh reduction
[2025.09.22-15.31.07:198][  0]LogMeshReduction: Using ProxyLODMeshReduction for automatic mesh merging
[2025.09.22-15.31.07:198][  0]LogMeshReduction: No distributed automatic mesh merging module available
[2025.09.22-15.31.07:198][  0]LogMeshMerging: No distributed automatic mesh merging module available
[2025.09.22-15.31.07:203][  0]LogNetVersion: GameJamCrew 1.0.0, NetCL: 8386587, EngineNetVer: 11, GameNetVer: 0 (Checksum: 118800057)
[2025.09.22-15.31.07:365][  0]LogPackageLocalizationCache: Processed 12 localized package path(s) for 1 prioritized culture(s) in 0.011658 seconds
[2025.09.22-15.31.07:368][  0]LogUObjectArray: 43444 objects as part of root set at end of initial load.
[2025.09.22-15.31.07:368][  0]LogUObjectAllocator: 7548648 out of 0 bytes used by permanent object pool.
[2025.09.22-15.31.07:368][  0]LogUObjectArray: CloseDisregardForGC: 0/0 objects in disregard for GC pool
[2025.09.22-15.31.07:733][  0]LogTcpMessaging: Initializing TcpMessaging bridge
[2025.09.22-15.31.07:734][  0]LogUdpMessaging: Initializing bridge on interface 0.0.0.0:0 to multicast group 230.0.0.1:6666.
[2025.09.22-15.31.07:754][  0]SourceControl: Source control is disabled
[2025.09.22-15.31.07:754][  0]SourceControl: Source control is disabled
[2025.09.22-15.31.07:754][  0]SourceControl: Source control is disabled
[2025.09.22-15.31.07:755][  0]SourceControl: Source control is disabled
[2025.09.22-15.31.07:787][  0]LogAndroidPermission: UAndroidPermissionCallbackProxy::GetInstance
[2025.09.22-15.31.07:845][  0]LogOcInput: OculusInput pre-init called
[2025.09.22-15.31.07:847][  0]LogWindows: Failed to load 'OVRPlugin.dll' (GetLastError=126)
[2025.09.22-15.31.07:847][  0]LogWindows: File 'OVRPlugin.dll' does not exist
[2025.09.22-15.31.07:877][  0]LogEngine: Initializing Engine...
[2025.09.22-15.31.07:877][  0]LogHMD: Failed to initialize OpenVR with code 110
[2025.09.22-15.31.07:878][  0]LogStats: UGameplayTagsManager::InitializeManager -  0.000 s
[2025.09.22-15.31.07:953][  0]LogInit: Initializing FReadOnlyCVARCache
[2025.09.22-15.31.07:962][  0]LogAIModule: Creating AISystem for world Untitled
[2025.09.22-15.31.07:971][  0]LogInit: XAudio2 using 'Speakers (Realtek(R) Audio)' : 2 channels at 48 kHz using 32 bits per sample (channel mask 0x3)
[2025.09.22-15.31.07:984][  0]LogInit: FAudioDevice initialized.
[2025.09.22-15.31.07:985][  0]LogNetVersion: Set ProjectVersion to 1.0.0.0. Version Checksum will be recalculated on next use.
[2025.09.22-15.31.08:013][  0]LogDerivedDataCache: Saved boot cache 0.03s 73MB C:/Users/Цветан/AppData/Local/UnrealEngine/4.23/DerivedDataCache/Boot.ddc.
[2025.09.22-15.31.08:014][  0]LogInit: Texture streaming: Enabled
[2025.09.22-15.31.08:023][  0]LogEngineSessionManager: EngineSessionManager initialized
[2025.09.22-15.31.08:023][  0]LogEditorSessionSummary: Verbose: Initializing EditorSessionSummaryWriter for editor session tracking
[2025.09.22-15.31.08:024][  0]LogEditorSessionSummary: EditorSessionSummaryWriter initialized
[2025.09.22-15.31.08:043][  0]LogInit: Transaction tracking system initialized
[2025.09.22-15.31.08:057][  0]BlueprintLog: New page: Editor Load
[2025.09.22-15.31.08:088][  0]LocalizationService: Localization service is disabled
[2025.09.22-15.31.08:170][  0]LogFileCache: Scanning file cache for directory 'E:/GameDev/hggjam/GameJamHGGUnreal4.23.1/GameJamCrew/Content/' took 0.00s
[2025.09.22-15.31.08:170][  0]LogCook: Display: Max memory allowance for cook 16384mb min free memory 0mb
[2025.09.22-15.31.08:170][  0]LogCook: Display: Mobile HDR setting 1
[2025.09.22-15.31.08:246][  0]SourceControl: Source control is disabled
[2025.09.22-15.31.08:246][  0]Cmd: MAP LOAD FILE="E:/GameDev/hggjam/GameJamHGGUnreal4.23.1/GameJamCrew/Content/ThirdPersonBP/Maps/ThirdPersonExampleMap.umap" TEMPLATE=0 SHOWPROGRESS=1 FEATURELEVEL=3
[2025.09.22-15.31.08:246][  0]LightingResults: New page: Lighting Build
[2025.09.22-15.31.08:248][  0]LogWorld: UWorld::CleanupWorld for Untitled, bSessionEnded=true, bCleanupResources=true
[2025.09.22-15.31.08:248][  0]MapCheck: New page: Map Check
[2025.09.22-15.31.08:248][  0]LightingResults: New page: Lighting Build
[2025.09.22-15.31.08:268][  0]LogUObjectHash: Compacting FUObjectHashTables data took   0.81ms
[2025.09.22-15.31.08:375][  0]LogAIModule: Creating AISystem for world ThirdPersonExampleMap
[2025.09.22-15.31.08:382][  0]LogEditorServer: Finished looking for orphan Actors (0.000 secs)
[2025.09.22-15.31.08:403][  0]LogUObjectHash: Compacting FUObjectHashTables data took   1.04ms
[2025.09.22-15.31.08:404][  0]Cmd: MAP CHECKDEP NOCLEARLOG
[2025.09.22-15.31.08:404][  0]MapCheck: Map check complete: 0 Error(s), 0 Warning(s), took 0.07ms to complete.
[2025.09.22-15.31.08:404][  0]LogFileHelpers: Loading map 'ThirdPersonExampleMap' took 0.158
[2025.09.22-15.31.08:497][  0]LogSlate: Updating window title bar state: overlay mode, drag disabled, window buttons hidden, title bar hidden
[2025.09.22-15.31.08:499][  0]LogSlate: Updating window title bar state: overlay mode, drag disabled, window buttons hidden, title bar hidden
[2025.09.22-15.31.08:504][  0]LogSlate: Updating window title bar state: overlay mode, drag disabled, window buttons hidden, title bar hidden
[2025.09.22-15.31.08:507][  0]LogSlate: Updating window title bar state: overlay mode, drag disabled, window buttons hidden, title bar hidden
[2025.09.22-15.31.08:510][  0]LogSlate: Updating window title bar state: overlay mode, drag disabled, window buttons hidden, title bar hidden
[2025.09.22-15.31.08:513][  0]LogSlate: Updating window title bar state: overlay mode, drag disabled, window buttons hidden, title bar hidden
[2025.09.22-15.31.08:516][  0]LogSlate: Updating window title bar state: overlay mode, drag disabled, window buttons hidden, title bar hidden
[2025.09.22-15.31.08:519][  0]LogSlate: Updating window title bar state: overlay mode, drag disabled, window buttons hidden, title bar hidden
[2025.09.22-15.31.08:522][  0]LogSlate: Updating window title bar state: overlay mode, drag disabled, window buttons hidden, title bar hidden
[2025.09.22-15.31.08:525][  0]LogSlate: Updating window title bar state: overlay mode, drag disabled, window buttons hidden, title bar hidden
[2025.09.22-15.31.08:527][  0]LogSlate: Updating window title bar state: overlay mode, drag disabled, window buttons hidden, title bar hidden
[2025.09.22-15.31.08:530][  0]LogSlate: Updating window title bar state: overlay mode, drag disabled, window buttons hidden, title bar hidden
[2025.09.22-15.31.08:533][  0]LogCollectionManager: Loaded 0 collections in 0.000708 seconds
[2025.09.22-15.31.08:536][  0]LogFileCache: Scanning file cache for directory 'E:/GameDev/hggjam/GameJamHGGUnreal4.23.1/GameJamCrew/Saved/Collections/' took 0.00s
[2025.09.22-15.31.08:536][  0]LogFileCache: Scanning file cache for directory 'E:/GameDev/hggjam/GameJamHGGUnreal4.23.1/GameJamCrew/Content/Developers/Цветан/Collections/' took 0.00s
[2025.09.22-15.31.08:536][  0]LogFileCache: Scanning file cache for directory 'E:/GameDev/hggjam/GameJamHGGUnreal4.23.1/GameJamCrew/Content/Collections/' took 0.00s
[2025.09.22-15.31.08:536][  0]LogCollectionManager: Rebuilt the GUID cache for 0 collections in 0.000001 seconds
[2025.09.22-15.31.08:542][  0]LogContentBrowser: Native class hierarchy populated in 0.0045 seconds. Added 2863 classes and 680 folders.
[2025.09.22-15.31.08:544][  0]LogContentBrowser: Native class hierarchy updated for 'WidgetCarousel' in 0.0001 seconds. Added 0 classes and 0 folders.
[2025.09.22-15.31.08:561][  0]LogContentBrowser: Native class hierarchy updated for 'AddContentDialog' in 0.0001 seconds. Added 0 classes and 0 folders.
[2025.09.22-15.31.08:564][  0]LogContentBrowser: Native class hierarchy updated for 'SceneOutliner' in 0.0001 seconds. Added 1 classes and 2 folders.
[2025.09.22-15.31.08:574][  0]LogSlate: Took 0.000122 seconds to synchronously load lazily loaded font '../../../Engine/Content/Slate/Fonts/Roboto-Regular.ttf' (155K)
[2025.09.22-15.31.08:575][  0]LogSlate: Took 0.000089 seconds to synchronously load lazily loaded font '../../../Engine/Content/Slate/Fonts/Roboto-Bold.ttf' (160K)
[2025.09.22-15.31.08:578][  0]LogSlate: Took 0.000120 seconds to synchronously load lazily loaded font '../../../Engine/Content/Editor/Slate/Fonts/FontAwesome.ttf' (139K)
[2025.09.22-15.31.08:601][  0]LogRenderer: Reallocating scene render targets to support 884x76 Format 10 NumSamples 1 (Frame:1).
[2025.09.22-15.31.08:610][  0]LogSlate: Took 0.000175 seconds to synchronously load lazily loaded font '../../../Engine/Content/Slate/Fonts/Roboto-Light.ttf' (167K)
[2025.09.22-15.31.08:637][  0]LogContentBrowser: Native class hierarchy updated for 'HierarchicalLODOutliner' in 0.0001 seconds. Added 0 classes and 0 folders.
[2025.09.22-15.31.08:637][  0]LogLoad: (Engine Initialization) Total time: 3.09 seconds
[2025.09.22-15.31.08:637][  0]LogLoad: (Engine Initialization) Total Blueprint compile time: 0.00 seconds
[2025.09.22-15.31.08:673][  0]LogAssetRegistry: Asset discovery search completed in 1.6663 seconds
[2025.09.22-15.31.08:674][  0]LogCollectionManager: Rebuilt the object cache for 0 collections in 0.000003 seconds (found 0 objects)
[2025.09.22-15.31.08:674][  0]LogCollectionManager: Fixed up redirectors for 0 collections in 0.000021 seconds (updated 0 objects)
[2025.09.22-15.31.08:679][  0]LogContentStreaming: Texture pool size now 1000 MB
[2025.09.22-15.31.08:706][  1]LogRenderer: Reallocating scene render targets to support 1776x796 Format 10 NumSamples 1 (Frame:5).
[2025.09.22-15.31.11:717][ 10]LogSlate: FSceneViewport::OnFocusLost() reason 5
[2025.09.22-15.31.14:791][344]LogSlate: FSceneViewport::OnFocusLost() reason 5
[2025.09.22-15.31.14:813][344]LogSlate: Took 0.000188 seconds to synchronously load lazily loaded font '../../../Engine/Content/Slate/Fonts/Roboto-Light.ttf' (167K)
[2025.09.22-15.31.16:030][486]LogUObjectHash: Compacting FUObjectHashTables data took   0.46ms
[2025.09.22-15.31.16:031][486]Cmd: MAP LOAD FILE="E:/GameDev/hggjam/GameJamHGGUnreal4.23.1/GameJamCrew/Content/Levels/CheeseFactory_001.umap" TEMPLATE=0 SHOWPROGRESS=1 FEATURELEVEL=3
[2025.09.22-15.31.16:043][486]LightingResults: New page: Lighting Build
[2025.09.22-15.31.16:043][486]LoadErrors: New page: Loading map: CheeseFactory_001.umap
[2025.09.22-15.31.16:044][486]LogWorld: UWorld::CleanupWorld for ThirdPersonExampleMap, bSessionEnded=true, bCleanupResources=true
[2025.09.22-15.31.16:044][486]MapCheck: New page: Map Check
[2025.09.22-15.31.16:044][486]LightingResults: New page: Lighting Build
[2025.09.22-15.31.16:064][486]LogUObjectHash: Compacting FUObjectHashTables data took   0.90ms
[2025.09.22-15.31.16:177][486]LogAIModule: Creating AISystem for world CheeseFactory_001
[2025.09.22-15.31.16:188][486]LogEditorServer: Finished looking for orphan Actors (0.000 secs)
[2025.09.22-15.31.16:211][486]LogUObjectHash: Compacting FUObjectHashTables data took   0.81ms
[2025.09.22-15.31.16:226][486]Cmd: MAP CHECKDEP NOCLEARLOG
[2025.09.22-15.31.16:226][486]MapCheck: Map check complete: 0 Error(s), 0 Warning(s), took 0.09ms to complete.
[2025.09.22-15.31.16:226][486]LogFileHelpers: Loading map 'CheeseFactory_001' took 0.196
[2025.09.22-15.31.16:226][486]LogSlate: Window 'Open Level' being destroyed
[2025.09.22-15.31.17:747][658]LogSlate: FSceneViewport::OnFocusLost() reason 0
[2025.09.22-15.31.21:131][ 64]LogSlate: FSceneViewport::OnFocusLost() reason 0
[2025.09.22-15.31.36:021][517]LogSlate: FSceneViewport::OnFocusLost() reason 5
[2025.09.22-15.31.36:025][517]LogFactory: FactoryCreateFile: StaticMesh with FbxFactory (0 0 E:\GameDev\hggjam\KlixXsrc\models\modular\Cheese_shelves/shelf01_full.fbx)
[2025.09.22-15.31.36:030][517]LogFbx: Loading FBX Scene from E:\GameDev\hggjam\KlixXsrc\models\modular\Cheese_shelves/shelf01_full.fbx
[2025.09.22-15.31.36:033][517]LogFbx: FBX Scene Loaded Succesfully
[2025.09.22-15.31.38:716][517]LogSlate: Window 'FBX Import Options' being destroyed
[2025.09.22-15.31.38:737][517]LogFbx: Display: Triangulating static mesh Cube
[2025.09.22-15.31.38:743][517]LogStaticMesh: Building static mesh shelf01_full...
[2025.09.22-15.31.38:749][517]LogStaticMesh: Built static mesh [0.01s] /Game/LevelAssets/Models/modular/Cheese_shelves/shelf01_full.shelf01_full
[2025.09.22-15.31.38:753][517]FBXImport: Warning: No smoothing group information was found in this FBX scene.  Please make sure to enable the 'Export Smoothing Groups' option in the FBX Exporter plug-in before exporting the file.  Even for tools that don't support smoothing groups, the FBX Exporter will generate appropriate smoothing data at export-time so that correct vertex normals can be inferred while importing. 
[2025.09.22-15.31.38:765][517]LogFactory: FactoryCreateFile: StaticMesh with FbxFactory (0 0 E:\GameDev\hggjam\KlixXsrc\models\modular\Cheese_shelves/shelf01_half.fbx)
[2025.09.22-15.31.38:771][517]LogFbx: Loading FBX Scene from E:\GameDev\hggjam\KlixXsrc\models\modular\Cheese_shelves/shelf01_half.fbx
[2025.09.22-15.31.38:773][517]LogFbx: FBX Scene Loaded Succesfully
[2025.09.22-15.31.38:774][517]LogFbx: Display: Triangulating static mesh Cube.003
[2025.09.22-15.31.38:775][517]LogStaticMesh: Building static mesh shelf01_half...
[2025.09.22-15.31.38:778][517]LogStaticMesh: Built static mesh [0.00s] /Game/LevelAssets/Models/modular/Cheese_shelves/shelf01_half.shelf01_half
[2025.09.22-15.31.38:784][517]FBXImport: Warning: No smoothing group information was found in this FBX scene.  Please make sure to enable the 'Export Smoothing Groups' option in the FBX Exporter plug-in before exporting the file.  Even for tools that don't support smoothing groups, the FBX Exporter will generate appropriate smoothing data at export-time so that correct vertex normals can be inferred while importing. 
[2025.09.22-15.31.38:786][517]LogFactory: FactoryCreateFile: StaticMesh with FbxFactory (0 0 E:\GameDev\hggjam\KlixXsrc\models\modular\Cheese_shelves/shelf01_single.fbx)
[2025.09.22-15.31.38:791][517]LogFbx: Loading FBX Scene from E:\GameDev\hggjam\KlixXsrc\models\modular\Cheese_shelves/shelf01_single.fbx
[2025.09.22-15.31.38:793][517]LogFbx: FBX Scene Loaded Succesfully
[2025.09.22-15.31.38:793][517]LogFbx: Display: Triangulating static mesh Cube.008
[2025.09.22-15.31.38:797][517]LogStaticMesh: Building static mesh shelf01_single...
[2025.09.22-15.31.38:799][517]LogStaticMesh: Built static mesh [0.00s] /Game/LevelAssets/Models/modular/Cheese_shelves/shelf01_single.shelf01_single
[2025.09.22-15.31.38:805][517]FBXImport: Warning: No smoothing group information was found in this FBX scene.  Please make sure to enable the 'Export Smoothing Groups' option in the FBX Exporter plug-in before exporting the file.  Even for tools that don't support smoothing groups, the FBX Exporter will generate appropriate smoothing data at export-time so that correct vertex normals can be inferred while importing. 
[2025.09.22-15.31.38:808][517]LogFactory: FactoryCreateFile: StaticMesh with FbxFactory (0 0 E:\GameDev\hggjam\KlixXsrc\models\modular\Cheese_shelves/shelved_cheese_full.fbx)
[2025.09.22-15.31.38:811][517]LogFbx: Loading FBX Scene from E:\GameDev\hggjam\KlixXsrc\models\modular\Cheese_shelves/shelved_cheese_full.fbx
[2025.09.22-15.31.38:813][517]LogFbx: FBX Scene Loaded Succesfully
[2025.09.22-15.31.38:814][517]LogFbx: Display: Triangulating static mesh Cylinder.013
[2025.09.22-15.31.38:828][517]LogStaticMesh: Building static mesh shelved_cheese_full...
[2025.09.22-15.31.38:838][517]LogStaticMesh: Built static mesh [0.01s] /Game/LevelAssets/Models/modular/Cheese_shelves/shelved_cheese_full.shelved_cheese_full
[2025.09.22-15.31.38:846][517]FBXImport: Warning: No smoothing group information was found in this FBX scene.  Please make sure to enable the 'Export Smoothing Groups' option in the FBX Exporter plug-in before exporting the file.  Even for tools that don't support smoothing groups, the FBX Exporter will generate appropriate smoothing data at export-time so that correct vertex normals can be inferred while importing. 
[2025.09.22-15.31.38:850][517]LogFactory: FactoryCreateFile: StaticMesh with FbxFactory (0 0 E:\GameDev\hggjam\KlixXsrc\models\modular\Cheese_shelves/shelved_cheese_half.fbx)
[2025.09.22-15.31.38:854][517]LogFbx: Loading FBX Scene from E:\GameDev\hggjam\KlixXsrc\models\modular\Cheese_shelves/shelved_cheese_half.fbx
[2025.09.22-15.31.38:856][517]LogFbx: FBX Scene Loaded Succesfully
[2025.09.22-15.31.38:857][517]LogFbx: Display: Triangulating static mesh Cylinder.014
[2025.09.22-15.31.38:864][517]LogStaticMesh: Building static mesh shelved_cheese_half...
[2025.09.22-15.31.38:869][517]LogStaticMesh: Built static mesh [0.01s] /Game/LevelAssets/Models/modular/Cheese_shelves/shelved_cheese_half.shelved_cheese_half
[2025.09.22-15.31.38:874][517]FBXImport: Warning: No smoothing group information was found in this FBX scene.  Please make sure to enable the 'Export Smoothing Groups' option in the FBX Exporter plug-in before exporting the file.  Even for tools that don't support smoothing groups, the FBX Exporter will generate appropriate smoothing data at export-time so that correct vertex normals can be inferred while importing. 
[2025.09.22-15.31.38:877][517]LogFactory: FactoryCreateFile: StaticMesh with FbxFactory (0 0 E:\GameDev\hggjam\KlixXsrc\models\modular\Cheese_shelves/shelved_cheese_singlerow.fbx)
[2025.09.22-15.31.38:881][517]LogFbx: Loading FBX Scene from E:\GameDev\hggjam\KlixXsrc\models\modular\Cheese_shelves/shelved_cheese_singlerow.fbx
[2025.09.22-15.31.38:882][517]LogFbx: FBX Scene Loaded Succesfully
[2025.09.22-15.31.38:883][517]LogFbx: Display: Triangulating static mesh Cylinder.015
[2025.09.22-15.31.38:886][517]LogStaticMesh: Building static mesh shelved_cheese_singlerow...
[2025.09.22-15.31.38:889][517]LogStaticMesh: Built static mesh [0.00s] /Game/LevelAssets/Models/modular/Cheese_shelves/shelved_cheese_singlerow.shelved_cheese_singlerow
[2025.09.22-15.31.38:894][517]FBXImport: Warning: No smoothing group information was found in this FBX scene.  Please make sure to enable the 'Export Smoothing Groups' option in the FBX Exporter plug-in before exporting the file.  Even for tools that don't support smoothing groups, the FBX Exporter will generate appropriate smoothing data at export-time so that correct vertex normals can be inferred while importing. 
[2025.09.22-15.31.41:841][868]LogSlate: Window 'Message Log' being destroyed
[2025.09.22-15.31.41:846][868]LogSlate: Window 'Message Log' being destroyed
[2025.09.22-15.31.44:132][141]LogSlate: FSceneViewport::OnFocusLost() reason 0
[2025.09.22-15.32.03:132][410]LogAssetEditorManager: Opening Asset editor for Material /Game/LevelAssets/Materials/wood/wood_trimsheet02/M_wood_trimsheet02.M_wood_trimsheet02
[2025.09.22-15.32.03:132][410]LogMaterial: Display: Missing cached shader map for material M_wood_trimsheet02, compiling. 
[2025.09.22-15.32.03:269][410]LogMaterial: Display: Missing cached shader map for material M_wood_trimsheet02, compiling. 
[2025.09.22-15.32.03:276][410]LogMaterial: Display: Missing cached shader map for material M_wood_trimsheet02, compiling. 
[2025.09.22-15.32.03:286][410]LogShaderCompilers: Display: Worker (1/13): shaders left to compile 21
[2025.09.22-15.32.03:286][410]LogShaderCompilers: Display: Worker (2/13): shaders left to compile 20
[2025.09.22-15.32.03:286][410]LogShaderCompilers: Display: Worker (3/13): shaders left to compile 19
[2025.09.22-15.32.03:286][410]LogShaderCompilers: Display: Worker (4/13): shaders left to compile 18
[2025.09.22-15.32.03:286][410]LogShaderCompilers: Display: Worker (5/13): shaders left to compile 17
[2025.09.22-15.32.03:286][410]LogShaderCompilers: Display: Worker (6/13): shaders left to compile 16
[2025.09.22-15.32.03:286][410]LogShaderCompilers: Display: Worker (7/13): shaders left to compile 15
[2025.09.22-15.32.03:286][410]LogShaderCompilers: Display: Worker (8/13): shaders left to compile 14
[2025.09.22-15.32.03:286][410]LogShaderCompilers: Display: Worker (9/13): shaders left to compile 13
[2025.09.22-15.32.03:286][410]LogShaderCompilers: Display: Worker (10/13): shaders left to compile 12
[2025.09.22-15.32.03:286][410]LogShaderCompilers: Display: Worker (11/13): shaders left to compile 11
[2025.09.22-15.32.03:286][410]LogShaderCompilers: Display: Worker (12/13): shaders left to compile 10
[2025.09.22-15.32.03:302][410]LogSlate: Took 0.000194 seconds to synchronously load lazily loaded font '../../../Engine/Content/Slate/Fonts/Roboto-BoldCondensed.ttf' (158K)
[2025.09.22-15.32.03:515][421]LogShaderCompilers: Display: Worker (3/13): shaders left to compile 9
[2025.09.22-15.32.03:515][421]LogShaderCompilers: Display: Worker (1/13): shaders left to compile 8
[2025.09.22-15.32.03:533][422]LogShaderCompilers: Display: Worker (2/13): shaders left to compile 7
[2025.09.22-15.32.03:533][422]LogShaderCompilers: Display: Worker (8/13): shaders left to compile 6
[2025.09.22-15.32.03:556][424]LogShaderCompilers: Display: Worker (4/13): shaders left to compile 5
[2025.09.22-15.32.03:556][424]LogShaderCompilers: Display: Worker (5/13): shaders left to compile 4
[2025.09.22-15.32.03:590][427]LogShaderCompilers: Display: Worker (7/13): shaders left to compile 3
[2025.09.22-15.32.03:590][427]LogShaderCompilers: Display: Worker (6/13): shaders left to compile 2
[2025.09.22-15.32.03:590][427]LogShaderCompilers: Display: Worker (9/13): shaders left to compile 1
[2025.09.22-15.32.03:835][446]MaterialEditorStats: Base pass shader: 117 instructions
[2025.09.22-15.32.03:835][446]MaterialEditorStats: Base pass shader with Volumetric Lightmap: 191 instructions
[2025.09.22-15.32.03:835][446]MaterialEditorStats: Base pass vertex shader: 40 instructions
[2025.09.22-15.32.03:835][446]MaterialEditorStats: Texture samplers: 3/16
[2025.09.22-15.32.07:685][874]LogMaterial: Display: Missing cached shader map for material M_wood_trimsheet02, compiling. 
[2025.09.22-15.32.07:693][874]LogShaderCompilers: Display: Worker (1/13): shaders left to compile 21
[2025.09.22-15.32.07:693][874]LogShaderCompilers: Display: Worker (2/13): shaders left to compile 20
[2025.09.22-15.32.07:693][874]LogShaderCompilers: Display: Worker (3/13): shaders left to compile 19
[2025.09.22-15.32.07:693][874]LogShaderCompilers: Display: Worker (4/13): shaders left to compile 18
[2025.09.22-15.32.07:693][874]LogShaderCompilers: Display: Worker (5/13): shaders left to compile 17
[2025.09.22-15.32.07:693][874]LogShaderCompilers: Display: Worker (6/13): shaders left to compile 16
[2025.09.22-15.32.07:693][874]LogShaderCompilers: Display: Worker (7/13): shaders left to compile 15
[2025.09.22-15.32.07:693][874]LogShaderCompilers: Display: Worker (8/13): shaders left to compile 14
[2025.09.22-15.32.07:693][874]LogShaderCompilers: Display: Worker (9/13): shaders left to compile 13
[2025.09.22-15.32.07:693][874]LogMaterial: Display: Missing cached shader map for material FMatExpressionPreview MaterialExpressionTextureSample_0, compiling. 
[2025.09.22-15.32.07:700][874]LogShaderCompilers: Display: Worker (10/13): shaders left to compile 12
[2025.09.22-15.32.07:700][874]LogShaderCompilers: Display: Worker (11/13): shaders left to compile 11
[2025.09.22-15.32.07:700][874]LogShaderCompilers: Display: Worker (12/13): shaders left to compile 10
[2025.09.22-15.32.07:704][874]LogMaterial: Display: Missing cached shader map for material FMatExpressionPreview MaterialExpressionTextureSample_0, compiling. 
[2025.09.22-15.32.07:715][874]LogMaterial: Display: Missing cached shader map for material M_wood_trimsheet02, compiling. 
[2025.09.22-15.32.07:727][874]LogMaterial: Display: Missing cached shader map for material FMatExpressionPreview MaterialExpressionTextureSample_1, compiling. 
[2025.09.22-15.32.07:734][874]LogMaterial: Display: Missing cached shader map for material FMatExpressionPreview MaterialExpressionTextureSample_0, compiling. 
[2025.09.22-15.32.07:739][874]LogMaterial: Display: Missing cached shader map for material FMatExpressionPreview MaterialExpressionTextureSample_1, compiling. 
[2025.09.22-15.32.07:751][874]LogMaterial: Display: Missing cached shader map for material M_wood_trimsheet02, compiling. 
[2025.09.22-15.32.07:762][874]LogShaderCompilers: Display: Worker (8/13): shaders left to compile 8
[2025.09.22-15.32.07:764][874]LogMaterial: Display: Missing cached shader map for material FMatExpressionPreview MaterialExpressionTextureSample_2, compiling. 
[2025.09.22-15.32.07:780][874]LogMaterial: Display: Missing cached shader map for material FMatExpressionPreview MaterialExpressionTextureSample_0, compiling. 
[2025.09.22-15.32.07:785][874]LogMaterial: Display: Missing cached shader map for material FMatExpressionPreview MaterialExpressionTextureSample_1, compiling. 
[2025.09.22-15.32.07:790][874]LogMaterial: Display: Missing cached shader map for material FMatExpressionPreview MaterialExpressionTextureSample_2, compiling. 
[2025.09.22-15.32.07:827][875]LogShaderCompilers: Display: Worker (3/13): shaders left to compile 33
[2025.09.22-15.32.07:847][876]LogShaderCompilers: Display: Worker (9/13): shaders left to compile 32
[2025.09.22-15.32.07:847][876]LogShaderCompilers: Display: Worker (2/13): shaders left to compile 31
[2025.09.22-15.32.07:847][876]LogShaderCompilers: Display: Worker (1/13): shaders left to compile 30
[2025.09.22-15.32.07:847][876]LogShaderCompilers: Display: Worker (5/13): shaders left to compile 29
[2025.09.22-15.32.07:847][876]LogShaderCompilers: Display: Worker (7/13): shaders left to compile 28
[2025.09.22-15.32.07:848][876]LogShaderCompilers: Display: Worker (6/13): shaders left to compile 27
[2025.09.22-15.32.07:848][876]LogShaderCompilers: Display: Worker (4/13): shaders left to compile 26
[2025.09.22-15.32.07:870][877]LogShaderCompilers: Display: Worker (12/13): shaders left to compile 25
[2025.09.22-15.32.07:928][881]LogShaderCompilers: Display: Worker (4/13): shaders left to compile 24
[2025.09.22-15.32.07:952][883]LogShaderCompilers: Display: Worker (3/13): shaders left to compile 23
[2025.09.22-15.32.07:964][884]LogShaderCompilers: Display: Worker (10/13): shaders left to compile 22
[2025.09.22-15.32.07:964][884]LogShaderCompilers: Display: Worker (2/13): shaders left to compile 21
[2025.09.22-15.32.07:973][885]LogShaderCompilers: Display: Worker (11/13): shaders left to compile 20
[2025.09.22-15.32.07:973][885]LogShaderCompilers: Display: Worker (8/13): shaders left to compile 19
[2025.09.22-15.32.07:973][885]LogShaderCompilers: Display: Worker (9/13): shaders left to compile 18
[2025.09.22-15.32.07:985][886]LogShaderCompilers: Display: Worker (1/13): shaders left to compile 17
[2025.09.22-15.32.08:004][888]LogShaderCompilers: Display: Worker (5/13): shaders left to compile 16
[2025.09.22-15.32.08:004][888]LogShaderCompilers: Display: Worker (6/13): shaders left to compile 15
[2025.09.22-15.32.08:004][888]LogShaderCompilers: Display: Worker (7/13): shaders left to compile 14
[2025.09.22-15.32.08:004][888]LogShaderCompilers: Display: Worker (12/13): shaders left to compile 13
[2025.09.22-15.32.08:128][896]LogShaderCompilers: Display: Worker (10/13): shaders left to compile 12
[2025.09.22-15.32.08:159][898]LogShaderCompilers: Display: Worker (8/13): shaders left to compile 11
[2025.09.22-15.32.08:189][900]LogShaderCompilers: Display: Worker (4/13): shaders left to compile 10
[2025.09.22-15.32.08:189][900]LogShaderCompilers: Display: Worker (5/13): shaders left to compile 9
[2025.09.22-15.32.08:201][901]LogShaderCompilers: Display: Worker (12/13): shaders left to compile 8
[2025.09.22-15.32.08:268][907]LogShaderCompilers: Display: Worker (7/13): shaders left to compile 7
[2025.09.22-15.32.08:268][907]LogShaderCompilers: Display: Worker (9/13): shaders left to compile 6
[2025.09.22-15.32.08:268][907]LogShaderCompilers: Display: Worker (6/13): shaders left to compile 5
[2025.09.22-15.32.08:268][907]LogShaderCompilers: Display: Worker (2/13): shaders left to compile 4
[2025.09.22-15.32.08:268][907]LogShaderCompilers: Display: Worker (3/13): shaders left to compile 3
[2025.09.22-15.32.08:281][908]LogShaderCompilers: Display: Worker (11/13): shaders left to compile 2
[2025.09.22-15.32.08:301][909]LogShaderCompilers: Display: Worker (1/13): shaders left to compile 1
[2025.09.22-15.32.08:301][909]MaterialEditorStats: Base pass shader: 117 instructions
[2025.09.22-15.32.08:301][909]MaterialEditorStats: Base pass shader with Volumetric Lightmap: 191 instructions
[2025.09.22-15.32.08:301][909]MaterialEditorStats: Base pass vertex shader: 40 instructions
[2025.09.22-15.32.08:301][909]MaterialEditorStats: Texture samplers: 3/16
[2025.09.22-15.32.08:635][943]LogEditorSessionSummary: EditorSessionSummary sent report. Type=Shutdown, SessionId={8D33F1DA-4DD1-9C66-2DE9-FDB1FD7560DC}
[2025.09.22-15.32.13:816][564]LogMaterial: Display: Missing cached shader map for material M_wood_trimsheet02, compiling. 
[2025.09.22-15.32.13:829][564]LogShaderCompilers: Display: Worker (1/13): shaders left to compile 21
[2025.09.22-15.32.13:829][564]LogShaderCompilers: Display: Worker (2/13): shaders left to compile 20
[2025.09.22-15.32.13:829][564]LogShaderCompilers: Display: Worker (3/13): shaders left to compile 19
[2025.09.22-15.32.13:829][564]LogShaderCompilers: Display: Worker (4/13): shaders left to compile 18
[2025.09.22-15.32.13:829][564]LogShaderCompilers: Display: Worker (5/13): shaders left to compile 17
[2025.09.22-15.32.13:829][564]LogShaderCompilers: Display: Worker (6/13): shaders left to compile 16
[2025.09.22-15.32.13:829][564]LogShaderCompilers: Display: Worker (7/13): shaders left to compile 15
[2025.09.22-15.32.13:829][564]LogShaderCompilers: Display: Worker (8/13): shaders left to compile 14
[2025.09.22-15.32.13:829][564]LogShaderCompilers: Display: Worker (9/13): shaders left to compile 13
[2025.09.22-15.32.13:829][564]LogShaderCompilers: Display: Worker (10/13): shaders left to compile 12
[2025.09.22-15.32.13:829][564]LogShaderCompilers: Display: Worker (11/13): shaders left to compile 11
[2025.09.22-15.32.13:829][564]LogShaderCompilers: Display: Worker (12/13): shaders left to compile 10
[2025.09.22-15.32.13:830][564]LogMaterial: Display: Missing cached shader map for material FMatExpressionPreview MaterialExpressionTextureSample_0, compiling. 
[2025.09.22-15.32.13:914][569]LogShaderCompilers: Display: Worker (8/13): shaders left to compile 13
[2025.09.22-15.32.13:985][574]LogShaderCompilers: Display: Worker (3/13): shaders left to compile 12
[2025.09.22-15.32.13:995][575]LogShaderCompilers: Display: Worker (2/13): shaders left to compile 11
[2025.09.22-15.32.13:995][575]LogShaderCompilers: Display: Worker (4/13): shaders left to compile 10
[2025.09.22-15.32.13:995][575]LogShaderCompilers: Display: Worker (7/13): shaders left to compile 9
[2025.09.22-15.32.13:995][575]LogShaderCompilers: Display: Worker (9/13): shaders left to compile 8
[2025.09.22-15.32.13:995][575]LogShaderCompilers: Display: Worker (1/13): shaders left to compile 7
[2025.09.22-15.32.13:995][575]LogShaderCompilers: Display: Worker (6/13): shaders left to compile 6
[2025.09.22-15.32.14:006][576]LogShaderCompilers: Display: Worker (5/13): shaders left to compile 5
[2025.09.22-15.32.14:018][577]LogShaderCompilers: Display: Worker (12/13): shaders left to compile 4
[2025.09.22-15.32.14:135][584]LogShaderCompilers: Display: Worker (11/13): shaders left to compile 3
[2025.09.22-15.32.14:135][584]LogShaderCompilers: Display: Worker (10/13): shaders left to compile 2
[2025.09.22-15.32.14:186][588]LogShaderCompilers: Display: Worker (8/13): shaders left to compile 1
[2025.09.22-15.32.14:275][596]MaterialEditorStats: Base pass shader: 123 instructions
[2025.09.22-15.32.14:275][596]MaterialEditorStats: Base pass shader with Volumetric Lightmap: 197 instructions
[2025.09.22-15.32.14:275][596]MaterialEditorStats: Base pass vertex shader: 44 instructions
[2025.09.22-15.32.14:275][596]MaterialEditorStats: Texture samplers: 4/16
[2025.09.22-15.32.14:275][596]MaterialEditorStats: Texture Lookups (Est.): VS(0), PS(1)
[2025.09.22-15.32.14:275][596]MaterialEditorStats: User interpolators: 2/4 Scalars (1/4 Vectors) (TexCoords: 2, Custom: 0)
[2025.09.22-15.32.15:272][715]LogMaterial: Display: Missing cached shader map for material M_wood_trimsheet02, compiling. 
[2025.09.22-15.32.15:281][715]LogMaterial: Display: Missing cached shader map for material FMatExpressionPreview MaterialExpressionTextureSample_2, compiling. 
[2025.09.22-15.32.15:291][716]LogShaderCompilers: Display: Worker (1/13): shaders left to compile 25
[2025.09.22-15.32.15:291][716]LogShaderCompilers: Display: Worker (2/13): shaders left to compile 24
[2025.09.22-15.32.15:291][716]LogShaderCompilers: Display: Worker (3/13): shaders left to compile 23
[2025.09.22-15.32.15:291][716]LogShaderCompilers: Display: Worker (4/13): shaders left to compile 22
[2025.09.22-15.32.15:291][716]LogShaderCompilers: Display: Worker (5/13): shaders left to compile 21
[2025.09.22-15.32.15:291][716]LogShaderCompilers: Display: Worker (6/13): shaders left to compile 20
[2025.09.22-15.32.15:291][716]LogShaderCompilers: Display: Worker (7/13): shaders left to compile 19
[2025.09.22-15.32.15:291][716]LogShaderCompilers: Display: Worker (8/13): shaders left to compile 18
[2025.09.22-15.32.15:291][716]LogShaderCompilers: Display: Worker (9/13): shaders left to compile 17
[2025.09.22-15.32.15:291][716]LogShaderCompilers: Display: Worker (10/13): shaders left to compile 16
[2025.09.22-15.32.15:291][716]LogShaderCompilers: Display: Worker (11/13): shaders left to compile 15
[2025.09.22-15.32.15:291][716]LogShaderCompilers: Display: Worker (12/13): shaders left to compile 14
[2025.09.22-15.32.15:382][722]LogShaderCompilers: Display: Worker (8/13): shaders left to compile 13
[2025.09.22-15.32.15:446][727]LogShaderCompilers: Display: Worker (3/13): shaders left to compile 12
[2025.09.22-15.32.15:447][727]LogShaderCompilers: Display: Worker (1/13): shaders left to compile 11
[2025.09.22-15.32.15:447][727]LogShaderCompilers: Display: Worker (2/13): shaders left to compile 10
[2025.09.22-15.32.15:447][727]LogShaderCompilers: Display: Worker (4/13): shaders left to compile 9
[2025.09.22-15.32.15:447][727]LogShaderCompilers: Display: Worker (9/13): shaders left to compile 8
[2025.09.22-15.32.15:457][728]LogShaderCompilers: Display: Worker (6/13): shaders left to compile 7
[2025.09.22-15.32.15:457][728]LogShaderCompilers: Display: Worker (7/13): shaders left to compile 6
[2025.09.22-15.32.15:457][728]LogShaderCompilers: Display: Worker (5/13): shaders left to compile 5
[2025.09.22-15.32.15:490][729]LogShaderCompilers: Display: Worker (12/13): shaders left to compile 4
[2025.09.22-15.32.15:570][734]LogShaderCompilers: Display: Worker (10/13): shaders left to compile 3
[2025.09.22-15.32.15:599][736]LogShaderCompilers: Display: Worker (11/13): shaders left to compile 2
[2025.09.22-15.32.15:623][738]LogShaderCompilers: Display: Worker (1/13): shaders left to compile 1
[2025.09.22-15.32.15:735][747]MaterialEditorStats: Base pass shader: 126 instructions
[2025.09.22-15.32.15:735][747]MaterialEditorStats: Base pass shader with Volumetric Lightmap: 200 instructions
[2025.09.22-15.32.15:735][747]MaterialEditorStats: Base pass vertex shader: 44 instructions
[2025.09.22-15.32.15:735][747]MaterialEditorStats: Texture samplers: 5/16
[2025.09.22-15.32.15:735][747]MaterialEditorStats: Texture Lookups (Est.): VS(0), PS(2)
[2025.09.22-15.32.15:735][747]MaterialEditorStats: User interpolators: 2/4 Scalars (1/4 Vectors) (TexCoords: 2, Custom: 0)
[2025.09.22-15.32.18:307][ 55]LogMaterial: Display: Missing cached shader map for material M_wood_trimsheet02, compiling. 
[2025.09.22-15.32.18:319][ 55]LogMaterial: Display: Missing cached shader map for material FMatExpressionPreview MaterialExpressionTextureSample_1, compiling. 
[2025.09.22-15.32.18:322][ 55]LogShaderCompilers: Display: Worker (1/13): shaders left to compile 21
[2025.09.22-15.32.18:322][ 55]LogShaderCompilers: Display: Worker (2/13): shaders left to compile 20
[2025.09.22-15.32.18:322][ 55]LogShaderCompilers: Display: Worker (3/13): shaders left to compile 19
[2025.09.22-15.32.18:322][ 55]LogShaderCompilers: Display: Worker (4/13): shaders left to compile 18
[2025.09.22-15.32.18:322][ 55]LogShaderCompilers: Display: Worker (5/13): shaders left to compile 17
[2025.09.22-15.32.18:322][ 55]LogShaderCompilers: Display: Worker (6/13): shaders left to compile 16
[2025.09.22-15.32.18:322][ 55]LogShaderCompilers: Display: Worker (7/13): shaders left to compile 15
[2025.09.22-15.32.18:322][ 55]LogShaderCompilers: Display: Worker (8/13): shaders left to compile 14
[2025.09.22-15.32.18:322][ 55]LogShaderCompilers: Display: Worker (9/13): shaders left to compile 13
[2025.09.22-15.32.18:322][ 55]LogShaderCompilers: Display: Worker (10/13): shaders left to compile 12
[2025.09.22-15.32.18:322][ 55]LogShaderCompilers: Display: Worker (11/13): shaders left to compile 11
[2025.09.22-15.32.18:322][ 55]LogShaderCompilers: Display: Worker (12/13): shaders left to compile 10
[2025.09.22-15.32.18:408][ 60]LogShaderCompilers: Display: Worker (8/13): shaders left to compile 13
[2025.09.22-15.32.18:463][ 64]LogShaderCompilers: Display: Worker (2/13): shaders left to compile 12
[2025.09.22-15.32.18:476][ 65]LogShaderCompilers: Display: Worker (3/13): shaders left to compile 11
[2025.09.22-15.32.18:476][ 65]LogShaderCompilers: Display: Worker (1/13): shaders left to compile 10
[2025.09.22-15.32.18:485][ 66]LogShaderCompilers: Display: Worker (9/13): shaders left to compile 9
[2025.09.22-15.32.18:485][ 66]LogShaderCompilers: Display: Worker (5/13): shaders left to compile 8
[2025.09.22-15.32.18:485][ 66]LogShaderCompilers: Display: Worker (6/13): shaders left to compile 7
[2025.09.22-15.32.18:485][ 66]LogShaderCompilers: Display: Worker (7/13): shaders left to compile 6
[2025.09.22-15.32.18:496][ 67]LogShaderCompilers: Display: Worker (4/13): shaders left to compile 5
[2025.09.22-15.32.18:506][ 68]LogShaderCompilers: Display: Worker (12/13): shaders left to compile 4
[2025.09.22-15.32.18:609][ 74]LogShaderCompilers: Display: Worker (10/13): shaders left to compile 3
[2025.09.22-15.32.18:609][ 74]LogShaderCompilers: Display: Worker (11/13): shaders left to compile 2
[2025.09.22-15.32.18:662][ 78]LogShaderCompilers: Display: Worker (3/13): shaders left to compile 1
[2025.09.22-15.32.18:763][ 88]MaterialEditorStats: Base pass shader: 126 instructions
[2025.09.22-15.32.18:763][ 88]MaterialEditorStats: Base pass shader with Volumetric Lightmap: 200 instructions
[2025.09.22-15.32.18:763][ 88]MaterialEditorStats: Base pass vertex shader: 44 instructions
[2025.09.22-15.32.18:763][ 88]MaterialEditorStats: Texture samplers: 5/16
[2025.09.22-15.32.18:763][ 88]MaterialEditorStats: Texture Lookups (Est.): VS(0), PS(2)
[2025.09.22-15.32.18:763][ 88]MaterialEditorStats: User interpolators: 2/4 Scalars (1/4 Vectors) (TexCoords: 2, Custom: 0)
[2025.09.22-15.32.28:482][253]LogMaterial: Display: Missing cached shader map for material M_wood_trimsheet02, compiling. 
[2025.09.22-15.32.28:495][253]LogShaderCompilers: Display: Worker (1/13): shaders left to compile 21
[2025.09.22-15.32.28:495][253]LogShaderCompilers: Display: Worker (2/13): shaders left to compile 20
[2025.09.22-15.32.28:495][253]LogShaderCompilers: Display: Worker (3/13): shaders left to compile 19
[2025.09.22-15.32.28:495][253]LogShaderCompilers: Display: Worker (4/13): shaders left to compile 18
[2025.09.22-15.32.28:495][253]LogShaderCompilers: Display: Worker (5/13): shaders left to compile 17
[2025.09.22-15.32.28:495][253]LogShaderCompilers: Display: Worker (6/13): shaders left to compile 16
[2025.09.22-15.32.28:495][253]LogShaderCompilers: Display: Worker (7/13): shaders left to compile 15
[2025.09.22-15.32.28:495][253]LogShaderCompilers: Display: Worker (8/13): shaders left to compile 14
[2025.09.22-15.32.28:495][253]LogShaderCompilers: Display: Worker (9/13): shaders left to compile 13
[2025.09.22-15.32.28:495][253]LogShaderCompilers: Display: Worker (10/13): shaders left to compile 12
[2025.09.22-15.32.28:495][253]LogShaderCompilers: Display: Worker (11/13): shaders left to compile 11
[2025.09.22-15.32.28:495][253]LogShaderCompilers: Display: Worker (12/13): shaders left to compile 10
[2025.09.22-15.32.28:497][253]LogMaterial: Display: Missing cached shader map for material FMatExpressionPreview MaterialExpressionTextureSample_2, compiling. 
[2025.09.22-15.32.28:590][259]LogShaderCompilers: Display: Worker (8/13): shaders left to compile 13
[2025.09.22-15.32.28:631][262]LogShaderCompilers: Display: Worker (3/13): shaders left to compile 12
[2025.09.22-15.32.28:642][263]LogShaderCompilers: Display: Worker (2/13): shaders left to compile 11
[2025.09.22-15.32.28:655][264]LogShaderCompilers: Display: Worker (4/13): shaders left to compile 10
[2025.09.22-15.32.28:655][264]LogShaderCompilers: Display: Worker (1/13): shaders left to compile 9
[2025.09.22-15.32.28:655][264]LogShaderCompilers: Display: Worker (5/13): shaders left to compile 8
[2025.09.22-15.32.28:655][264]LogShaderCompilers: Display: Worker (6/13): shaders left to compile 7
[2025.09.22-15.32.28:655][264]LogShaderCompilers: Display: Worker (7/13): shaders left to compile 6
[2025.09.22-15.32.28:655][264]LogShaderCompilers: Display: Worker (9/13): shaders left to compile 5
[2025.09.22-15.32.28:686][267]LogShaderCompilers: Display: Worker (12/13): shaders left to compile 4
[2025.09.22-15.32.28:776][273]LogShaderCompilers: Display: Worker (10/13): shaders left to compile 3
[2025.09.22-15.32.28:803][274]LogShaderCompilers: Display: Worker (11/13): shaders left to compile 2
[2025.09.22-15.32.28:820][275]LogShaderCompilers: Display: Worker (2/13): shaders left to compile 1
[2025.09.22-15.32.28:938][286]MaterialEditorStats: Base pass shader: 126 instructions
[2025.09.22-15.32.28:938][286]MaterialEditorStats: Base pass shader with Volumetric Lightmap: 204 instructions
[2025.09.22-15.32.28:938][286]MaterialEditorStats: Base pass vertex shader: 44 instructions
[2025.09.22-15.32.28:938][286]MaterialEditorStats: Texture samplers: 6/16
[2025.09.22-15.32.28:938][286]MaterialEditorStats: Texture Lookups (Est.): VS(0), PS(3)
[2025.09.22-15.32.28:938][286]MaterialEditorStats: User interpolators: 2/4 Scalars (1/4 Vectors) (TexCoords: 2, Custom: 0)
[2025.09.22-15.32.29:868][397]LogMaterial: Display: Missing cached shader map for material M_wood_trimsheet02, compiling. 
[2025.09.22-15.32.29:876][397]LogShaderCompilers: Display: Worker (1/13): shaders left to compile 21
[2025.09.22-15.32.29:876][397]LogShaderCompilers: Display: Worker (2/13): shaders left to compile 20
[2025.09.22-15.32.29:876][397]LogShaderCompilers: Display: Worker (3/13): shaders left to compile 19
[2025.09.22-15.32.29:876][397]LogShaderCompilers: Display: Worker (4/13): shaders left to compile 18
[2025.09.22-15.32.29:876][397]LogShaderCompilers: Display: Worker (5/13): shaders left to compile 17
[2025.09.22-15.32.29:876][397]LogShaderCompilers: Display: Worker (6/13): shaders left to compile 16
[2025.09.22-15.32.29:876][397]LogShaderCompilers: Display: Worker (7/13): shaders left to compile 15
[2025.09.22-15.32.29:876][397]LogShaderCompilers: Display: Worker (8/13): shaders left to compile 14
[2025.09.22-15.32.29:876][397]LogShaderCompilers: Display: Worker (9/13): shaders left to compile 13
[2025.09.22-15.32.29:876][397]LogShaderCompilers: Display: Worker (10/13): shaders left to compile 12
[2025.09.22-15.32.29:876][397]LogShaderCompilers: Display: Worker (11/13): shaders left to compile 11
[2025.09.22-15.32.29:876][397]LogShaderCompilers: Display: Worker (12/13): shaders left to compile 10
[2025.09.22-15.32.29:878][397]LogMaterial: Display: Missing cached shader map for material FMatExpressionPreview MaterialExpressionTextureSample_2, compiling. 
[2025.09.22-15.32.29:964][403]LogShaderCompilers: Display: Worker (8/13): shaders left to compile 13
[2025.09.22-15.32.30:020][407]LogShaderCompilers: Display: Worker (2/13): shaders left to compile 12
[2025.09.22-15.32.30:034][408]LogShaderCompilers: Display: Worker (9/13): shaders left to compile 11
[2025.09.22-15.32.30:034][408]LogShaderCompilers: Display: Worker (3/13): shaders left to compile 10
[2025.09.22-15.32.30:034][408]LogShaderCompilers: Display: Worker (4/13): shaders left to compile 9
[2025.09.22-15.32.30:045][409]LogShaderCompilers: Display: Worker (7/13): shaders left to compile 8
[2025.09.22-15.32.30:045][409]LogShaderCompilers: Display: Worker (5/13): shaders left to compile 7
[2025.09.22-15.32.30:045][409]LogShaderCompilers: Display: Worker (6/13): shaders left to compile 6
[2025.09.22-15.32.30:045][409]LogShaderCompilers: Display: Worker (1/13): shaders left to compile 5
[2025.09.22-15.32.30:080][412]LogShaderCompilers: Display: Worker (12/13): shaders left to compile 4
[2025.09.22-15.32.30:193][418]LogShaderCompilers: Display: Worker (11/13): shaders left to compile 3
[2025.09.22-15.32.30:193][418]LogShaderCompilers: Display: Worker (10/13): shaders left to compile 2
[2025.09.22-15.32.30:208][419]LogShaderCompilers: Display: Worker (9/13): shaders left to compile 1
[2025.09.22-15.32.30:323][428]MaterialEditorStats: Base pass shader: 128 instructions
[2025.09.22-15.32.30:323][428]MaterialEditorStats: Base pass shader with Volumetric Lightmap: 204 instructions
[2025.09.22-15.32.30:323][428]MaterialEditorStats: Base pass vertex shader: 44 instructions
[2025.09.22-15.32.30:323][428]MaterialEditorStats: Texture samplers: 6/16
[2025.09.22-15.32.30:323][428]MaterialEditorStats: Texture Lookups (Est.): VS(0), PS(3)
[2025.09.22-15.32.30:323][428]MaterialEditorStats: User interpolators: 2/4 Scalars (1/4 Vectors) (TexCoords: 2, Custom: 0)
[2025.09.22-15.32.32:089][639]LogMaterialEditor: Saving and Compiling material M_wood_trimsheet02
[2025.09.22-15.32.32:250][639]LogMaterial: Display: Missing cached shader map for material M_wood_trimsheet02, compiling. 
[2025.09.22-15.32.32:278][639]LogShaderCompilers: Display: Worker (1/13): shaders left to compile 21
[2025.09.22-15.32.32:278][639]LogShaderCompilers: Display: Worker (2/13): shaders left to compile 20
[2025.09.22-15.32.32:278][639]LogShaderCompilers: Display: Worker (3/13): shaders left to compile 19
[2025.09.22-15.32.32:278][639]LogShaderCompilers: Display: Worker (4/13): shaders left to compile 18
[2025.09.22-15.32.32:278][639]LogShaderCompilers: Display: Worker (5/13): shaders left to compile 17
[2025.09.22-15.32.32:278][639]LogShaderCompilers: Display: Worker (6/13): shaders left to compile 16
[2025.09.22-15.32.32:278][639]LogShaderCompilers: Display: Worker (7/13): shaders left to compile 15
[2025.09.22-15.32.32:278][639]LogShaderCompilers: Display: Worker (8/13): shaders left to compile 14
[2025.09.22-15.32.32:278][639]LogShaderCompilers: Display: Worker (9/13): shaders left to compile 13
[2025.09.22-15.32.32:278][639]LogShaderCompilers: Display: Worker (10/13): shaders left to compile 12
[2025.09.22-15.32.32:278][639]LogShaderCompilers: Display: Worker (11/13): shaders left to compile 11
[2025.09.22-15.32.32:278][639]LogShaderCompilers: Display: Worker (12/13): shaders left to compile 10
[2025.09.22-15.32.32:285][639]LogMaterial: Display: Missing cached shader map for material M_wood_trimsheet02, compiling. 
[2025.09.22-15.32.32:301][639]LogMaterial: Display: Missing cached shader map for material M_wood_trimsheet02, compiling. 
[2025.09.22-15.32.32:328][639]LogUObjectHash: Compacting FUObjectHashTables data took   1.51ms
[2025.09.22-15.32.32:333][639]LogMaterial: Display: Missing cached shader map for material DebugViewMode MaterialTexCoordScale, compiling. 
[2025.09.22-15.32.32:647][639]LogShaderCompilers: Display: Worker (8/13): shaders left to compile 33
[2025.09.22-15.32.32:647][639]LogShaderCompilers: Display: Worker (9/13): shaders left to compile 32
[2025.09.22-15.32.32:647][639]LogShaderCompilers: Display: Worker (1/13): shaders left to compile 31
[2025.09.22-15.32.32:647][639]LogShaderCompilers: Display: Worker (2/13): shaders left to compile 30
[2025.09.22-15.32.32:647][639]LogShaderCompilers: Display: Worker (6/13): shaders left to compile 29
[2025.09.22-15.32.32:647][639]LogShaderCompilers: Display: Worker (4/13): shaders left to compile 28
[2025.09.22-15.32.32:647][639]LogShaderCompilers: Display: Worker (5/13): shaders left to compile 27
[2025.09.22-15.32.32:647][639]LogShaderCompilers: Display: Worker (3/13): shaders left to compile 26
[2025.09.22-15.32.32:647][639]LogShaderCompilers: Display: Worker (7/13): shaders left to compile 25
[2025.09.22-15.32.32:647][639]LogShaderCompilers: Display: Worker (12/13): shaders left to compile 24
[2025.09.22-15.32.32:647][639]LogShaderCompilers: Display: Worker (10/13): shaders left to compile 23
[2025.09.22-15.32.32:647][639]LogShaderCompilers: Display: Worker (11/13): shaders left to compile 22
[2025.09.22-15.32.32:647][639]LogShaderCompilers: Display: Worker (8/13): shaders left to compile 20
[2025.09.22-15.32.32:647][639]LogShaderCompilers: Display: Worker (1/13): shaders left to compile 18
[2025.09.22-15.32.32:647][639]LogShaderCompilers: Display: Worker (12/13): shaders left to compile 16
[2025.09.22-15.32.32:647][639]LogShaderCompilers: Display: Worker (7/13): shaders left to compile 14
[2025.09.22-15.32.32:647][639]LogShaderCompilers: Display: Worker (4/13): shaders left to compile 12
[2025.09.22-15.32.32:647][639]LogShaderCompilers: Display: Worker (10/13): shaders left to compile 10
[2025.09.22-15.32.32:652][639]TextureStreamingBuild: Display: Compiling optional shaders took 0.324 seconds.
[2025.09.22-15.32.32:654][639]LogShaderCompilers: Display: Worker (5/13): shaders left to compile 9
[2025.09.22-15.32.32:677][639]LogShaderCompilers: Display: Worker (3/13): shaders left to compile 8
[2025.09.22-15.32.32:677][639]LogUObjectHash: Compacting FUObjectHashTables data took   0.69ms
[2025.09.22-15.32.32:704][639]LogShaderCompilers: Display: Worker (9/13): shaders left to compile 7
[2025.09.22-15.32.32:986][639]LogShaderCompilers: Display: Worker (2/13): shaders left to compile 6
[2025.09.22-15.32.32:986][639]LogShaderCompilers: Display: Worker (6/13): shaders left to compile 5
[2025.09.22-15.32.32:986][639]LogShaderCompilers: Display: Worker (12/13): shaders left to compile 4
[2025.09.22-15.32.32:986][639]LogShaderCompilers: Display: Worker (11/13): shaders left to compile 3
[2025.09.22-15.32.32:986][639]LogShaderCompilers: Display: Worker (1/13): shaders left to compile 2
[2025.09.22-15.32.32:986][639]LogShaderCompilers: Display: Worker (3/13): shaders left to compile 1
[2025.09.22-15.32.32:998][639]LogSavePackage: Moving 'E:/GameDev/hggjam/GameJamHGGUnreal4.23.1/GameJamCrew/Saved/M_wood_trimsheet02296469BB46B71380F9C415BD8B234379.tmp' to 'E:/GameDev/hggjam/GameJamHGGUnreal4.23.1/GameJamCrew/Content/LevelAssets/Materials/wood/wood_trimsheet02/M_wood_trimsheet02.uasset'
[2025.09.22-15.32.39:126][371]LogSlate: Window 'M_wood_trimsheet02' being destroyed
[2025.09.22-15.32.39:131][371]LogSlate: Window 'M_wood_trimsheet02' being destroyed
[2025.09.22-15.32.39:143][371]LogWorld: UWorld::CleanupWorld for World_2, bSessionEnded=true, bCleanupResources=true
[2025.09.22-15.32.48:256][460]LogAssetEditorManager: Opening Asset editor for StaticMesh /Game/LevelAssets/Models/modular/Cheese_shelves/shelf01_full.shelf01_full
[2025.09.22-15.32.48:353][460]LogSlate: Took 0.000149 seconds to synchronously load lazily loaded font '../../../Engine/Content/Slate/Fonts/Roboto-Italic.ttf' (157K)
[2025.09.22-15.32.56:429][419]LogSavePackage: Moving 'E:/GameDev/hggjam/GameJamHGGUnreal4.23.1/GameJamCrew/Saved/shelf01_fullA1ED18F1491DD4C1FC59ECACA23BC861.tmp' to 'E:/GameDev/hggjam/GameJamHGGUnreal4.23.1/GameJamCrew/Content/LevelAssets/Models/modular/Cheese_shelves/shelf01_full.uasset'
[2025.09.22-15.32.57:510][546]LogAssetEditorManager: Opening Asset editor for StaticMesh /Game/LevelAssets/Models/modular/Cheese_shelves/shelf01_half.shelf01_half
[2025.09.22-15.33.04:071][314]LogSavePackage: Moving 'E:/GameDev/hggjam/GameJamHGGUnreal4.23.1/GameJamCrew/Saved/shelf01_half9FBE7A99435A03B241054BA36EEDF27C.tmp' to 'E:/GameDev/hggjam/GameJamHGGUnreal4.23.1/GameJamCrew/Content/LevelAssets/Models/modular/Cheese_shelves/shelf01_half.uasset'
[2025.09.22-15.33.06:287][574]LogAssetEditorManager: Opening Asset editor for StaticMesh /Game/LevelAssets/Models/modular/Cheese_shelves/shelf01_single.shelf01_single
[2025.09.22-15.33.12:190][262]LogSavePackage: Moving 'E:/GameDev/hggjam/GameJamHGGUnreal4.23.1/GameJamCrew/Saved/shelf01_single2A07FAAC4B168CB5680632B84BBE7621.tmp' to 'E:/GameDev/hggjam/GameJamHGGUnreal4.23.1/GameJamCrew/Content/LevelAssets/Models/modular/Cheese_shelves/shelf01_single.uasset'
[2025.09.22-15.33.13:271][389]LogSlate: Window 'shelf01_single' being destroyed
[2025.09.22-15.33.13:275][389]LogSlate: Window 'shelf01_single' being destroyed
[2025.09.22-15.33.13:279][389]LogWorld: UWorld::CleanupWorld for World_3, bSessionEnded=true, bCleanupResources=true
[2025.09.22-15.33.13:318][389]LogWorld: UWorld::CleanupWorld for World_4, bSessionEnded=true, bCleanupResources=true
[2025.09.22-15.33.13:353][389]LogWorld: UWorld::CleanupWorld for World_5, bSessionEnded=true, bCleanupResources=true
[2025.09.22-15.33.14:359][505]LogActorFactory: Actor Factory created shelf01_full
[2025.09.22-15.33.14:397][509]LogActorFactory: Actor Factory created shelf01_full
[2025.09.22-15.33.14:398][509]LogSlate: FSceneViewport::OnFocusLost() reason 2
[2025.09.22-15.33.14:887][567]LogActorFactory: Actor Factory created shelf01_full
[2025.09.22-15.33.40:848][669]LogEditorViewport: Clicking on Actor (LMB): StaticMeshActor (shelf01_full)
[2025.09.22-15.33.46:421][330]LogEditorViewport: Clicking on Actor (LMB): StaticMeshActor (shelf01_full2)
[2025.09.22-15.33.49:840][737]LogEditorViewport: Clicking on Actor (LMB): StaticMeshActor (shelf01_full3)
[2025.09.22-15.33.58:021][705]LogSlate: FSceneViewport::OnFocusLost() reason 0
[2025.09.22-15.33.58:174][722]LogActorFactory: Actor Factory created shelf01_single
[2025.09.22-15.33.58:258][731]LogActorFactory: Actor Factory created shelf01_single
[2025.09.22-15.33.58:259][731]LogSlate: FSceneViewport::OnFocusLost() reason 2
[2025.09.22-15.34.00:066][947]LogEditorViewport: Clicking on Actor (LMB): StaticMeshActor (shelf01_full)
[2025.09.22-15.34.13:407][533]Cmd: TRANSACTION UNDO
[2025.09.22-15.34.13:407][533]LogEditorTransaction: Undo Move Actors
[2025.09.22-15.34.18:941][187]LogEditorViewport: Clicking on Actor (LMB): StaticMeshActor (shelf01_full6)
[2025.09.22-15.34.24:439][837]LogSlate: FSceneViewport::OnFocusLost() reason 0
[2025.09.22-15.34.24:586][854]LogActorFactory: Actor Factory created shelf01_half
[2025.09.22-15.34.24:668][863]LogActorFactory: Actor Factory created shelf01_half
[2025.09.22-15.34.24:669][863]LogSlate: FSceneViewport::OnFocusLost() reason 2
[2025.09.22-15.34.28:631][337]LogEditorViewport: Clicking on Actor (LMB): StaticMeshActor (shelf01_full6)
[2025.09.22-15.34.29:594][449]LogSlate: FSceneViewport::OnFocusLost() reason 0
[2025.09.22-15.34.29:698][459]LogActorFactory: Actor Factory created shelf01_single
[2025.09.22-15.34.29:764][466]LogActorFactory: Actor Factory created shelf01_single
[2025.09.22-15.34.29:765][466]LogSlate: FSceneViewport::OnFocusLost() reason 2
[2025.09.22-15.34.34:937][ 80]LogEditorViewport: Clicking on Actor (LMB): StaticMeshActor (shelf01_full9)
[2025.09.22-15.34.36:323][236]LogSlate: FSceneViewport::OnFocusLost() reason 0
[2025.09.22-15.34.36:503][257]LogActorFactory: Actor Factory created shelf01_half
[2025.09.22-15.34.36:517][258]LogActorFactory: Actor Factory created shelf01_half
[2025.09.22-15.34.36:518][258]LogSlate: FSceneViewport::OnFocusLost() reason 2
[2025.09.22-15.34.36:601][267]LogActorFactory: Actor Factory created shelf01_half
[2025.09.22-15.34.36:602][267]LogSlate: FSceneViewport::OnFocusLost() reason 2
[2025.09.22-15.34.39:022][555]LogEditorViewport: Clicking on Actor (LMB): StaticMeshActor (shelf01_full11)
[2025.09.22-15.34.51:224][990]LogEditorViewport: Clicking on Actor (LMB): StaticMeshActor (shelf01_full20)
[2025.09.22-15.34.52:560][145]LogEditorViewport: Clicking on Actor (LMB): StaticMeshActor (shelf01_full22)
[2025.09.22-15.35.01:673][221]LogEditorViewport: Clicking on Actor (LMB): StaticMeshActor (wall01_2x125)
[2025.09.22-15.35.02:504][318]LogEditorViewport: Clicking on Actor (LMB): StaticMeshActor (shelf01_full5)
[2025.09.22-15.35.07:564][918]LogEditorViewport: Clicking on Actor (LMB): StaticMeshActor (shelf01_full10)
[2025.09.22-15.35.22:954][715]LogSlate: FSceneViewport::OnFocusLost() reason 0
[2025.09.22-15.35.23:136][736]LogActorFactory: Actor Factory created shelf01_single
[2025.09.22-15.35.23:152][737]LogActorFactory: Actor Factory created shelf01_single
[2025.09.22-15.35.23:153][737]LogSlate: FSceneViewport::OnFocusLost() reason 2
[2025.09.22-15.35.23:197][741]LogActorFactory: Actor Factory created shelf01_single
[2025.09.22-15.35.23:197][741]LogSlate: FSceneViewport::OnFocusLost() reason 2
[2025.09.22-15.35.25:290][986]LogEditorViewport: Clicking on Actor (LMB): StaticMeshActor (shelf01_full16)
[2025.09.22-15.35.29:398][473]LogEditorViewport: Clicking on Actor (LMB): StaticMeshActor (shelf01_full19)
[2025.09.22-15.35.32:325][806]Cmd: DELETE
[2025.09.22-15.35.32:325][806]Cmd: ACTOR DELETE
[2025.09.22-15.35.32:330][806]LogEditorActor: Deleted Actor: StaticMeshActor
[2025.09.22-15.35.32:330][806]LogEditorActor: Deleted Actor: StaticMeshActor
[2025.09.22-15.35.32:330][806]LogEditorActor: Deleted Actor: StaticMeshActor
[2025.09.22-15.35.32:352][806]LogUObjectHash: Compacting FUObjectHashTables data took   0.96ms
[2025.09.22-15.35.32:352][806]LogEditorActor: Deleted 3 Actors (0.027 secs)
[2025.09.22-15.35.37:327][402]LogEditorViewport: Clicking on Actor (LMB): StaticMeshActor (shelf01_full15)
[2025.09.22-15.35.54:975][466]LogEditorViewport: Clicking on Actor (LMB): StaticMeshActor (shelf01_full37)
[2025.09.22-15.36.22:796][702]LogSlate: FSceneViewport::OnFocusLost() reason 0
[2025.09.22-15.36.22:980][723]LogActorFactory: Actor Factory created shelved_cheese_full
[2025.09.22-15.36.24:128][858]LogSlate: FSceneViewport::OnFocusLost() reason 0
[2025.09.22-15.36.24:780][936]LogEditorViewport: Clicking on Actor (LMB): StaticMeshActor (floor01_2x103)
[2025.09.22-15.36.26:438][120]LogEditorViewport: Clicking on Actor (LMB): StaticMeshActor (shelf01_full51)
[2025.09.22-15.36.43:450][132]LogEditorViewport: Clicking on Actor (LMB): StaticMeshActor (shelf01_full19)
[2025.09.22-15.36.43:946][184]Cmd: DELETE
[2025.09.22-15.36.43:946][184]Cmd: ACTOR DELETE
[2025.09.22-15.36.43:951][184]LogEditorActor: Deleted Actor: StaticMeshActor
[2025.09.22-15.36.43:970][184]LogUObjectHash: Compacting FUObjectHashTables data took   0.73ms
[2025.09.22-15.36.43:970][184]LogEditorActor: Deleted 1 Actors (0.025 secs)
[2025.09.22-15.36.44:274][220]LogEditorViewport: Clicking on Actor (LMB): StaticMeshActor (shelf01_full55)
[2025.09.22-15.36.44:334][224]Cmd: DELETE
[2025.09.22-15.36.44:334][224]Cmd: ACTOR DELETE
[2025.09.22-15.36.44:339][224]LogEditorActor: Deleted Actor: StaticMeshActor
[2025.09.22-15.36.44:358][224]LogUObjectHash: Compacting FUObjectHashTables data took   0.41ms
[2025.09.22-15.36.44:358][224]LogEditorActor: Deleted 1 Actors (0.024 secs)
[2025.09.22-15.36.44:685][263]LogEditorViewport: Clicking on Actor (LMB): StaticMeshActor (shelf01_full37)
[2025.09.22-15.36.44:736][266]Cmd: DELETE
[2025.09.22-15.36.44:736][266]Cmd: ACTOR DELETE
[2025.09.22-15.36.44:741][266]LogEditorActor: Deleted Actor: StaticMeshActor
[2025.09.22-15.36.44:760][266]LogUObjectHash: Compacting FUObjectHashTables data took   0.41ms
[2025.09.22-15.36.44:760][266]LogEditorActor: Deleted 1 Actors (0.024 secs)
[2025.09.22-15.36.45:094][306]LogEditorViewport: Clicking on Actor (LMB): StaticMeshActor (shelf01_full56)
[2025.09.22-15.36.45:152][310]Cmd: DELETE
[2025.09.22-15.36.45:152][310]Cmd: ACTOR DELETE
[2025.09.22-15.36.45:157][310]LogEditorActor: Deleted Actor: StaticMeshActor
[2025.09.22-15.36.45:176][310]LogUObjectHash: Compacting FUObjectHashTables data took   0.40ms
[2025.09.22-15.36.45:177][310]LogEditorActor: Deleted 1 Actors (0.024 secs)
[2025.09.22-15.36.45:494][348]LogEditorViewport: Clicking on Actor (LMB): StaticMeshActor (shelf01_full40)
[2025.09.22-15.36.45:553][352]Cmd: DELETE
[2025.09.22-15.36.45:553][352]Cmd: ACTOR DELETE
[2025.09.22-15.36.45:558][352]LogEditorActor: Deleted Actor: StaticMeshActor
[2025.09.22-15.36.45:576][352]LogUObjectHash: Compacting FUObjectHashTables data took   0.40ms
[2025.09.22-15.36.45:577][352]LogEditorActor: Deleted 1 Actors (0.024 secs)
[2025.09.22-15.36.45:945][396]LogEditorViewport: Clicking on Actor (LMB): StaticMeshActor (shelf01_full57)
[2025.09.22-15.36.46:020][402]Cmd: DELETE
[2025.09.22-15.36.46:020][402]Cmd: ACTOR DELETE
[2025.09.22-15.36.46:025][402]LogEditorActor: Deleted Actor: StaticMeshActor
[2025.09.22-15.36.46:043][402]LogUObjectHash: Compacting FUObjectHashTables data took   0.40ms
[2025.09.22-15.36.46:043][402]LogEditorActor: Deleted 1 Actors (0.023 secs)
[2025.09.22-15.36.46:568][465]LogEditorViewport: Clicking on Actor (LMB): StaticMeshActor (shelf01_full21)
[2025.09.22-15.36.46:668][474]Cmd: DELETE
[2025.09.22-15.36.46:668][474]Cmd: ACTOR DELETE
[2025.09.22-15.36.46:673][474]LogEditorActor: Deleted Actor: StaticMeshActor
[2025.09.22-15.36.46:692][474]LogUObjectHash: Compacting FUObjectHashTables data took   0.40ms
[2025.09.22-15.36.46:693][474]LogEditorActor: Deleted 1 Actors (0.024 secs)
[2025.09.22-15.36.47:051][517]LogEditorViewport: Clicking on Actor (LMB): StaticMeshActor (shelf01_full38)
[2025.09.22-15.36.47:128][523]Cmd: DELETE
[2025.09.22-15.36.47:128][523]Cmd: ACTOR DELETE
[2025.09.22-15.36.47:133][523]LogEditorActor: Deleted Actor: StaticMeshActor
[2025.09.22-15.36.47:152][523]LogUObjectHash: Compacting FUObjectHashTables data took   0.75ms
[2025.09.22-15.36.47:152][523]LogEditorActor: Deleted 1 Actors (0.024 secs)
[2025.09.22-15.36.47:465][560]LogEditorViewport: Clicking on Actor (LMB): StaticMeshActor (shelf01_full41)
[2025.09.22-15.36.47:547][567]Cmd: DELETE
[2025.09.22-15.36.47:547][567]Cmd: ACTOR DELETE
[2025.09.22-15.36.47:552][567]LogEditorActor: Deleted Actor: StaticMeshActor
[2025.09.22-15.36.47:570][567]LogUObjectHash: Compacting FUObjectHashTables data took   0.40ms
[2025.09.22-15.36.47:571][567]LogEditorActor: Deleted 1 Actors (0.024 secs)
[2025.09.22-15.36.48:162][638]LogEditorViewport: Clicking on Actor (LMB): StaticMeshActor (wall01_2x127)
[2025.09.22-15.36.48:716][701]LogEditorViewport: Clicking on Actor (LMB): StaticMeshActor (shelf01_full39)
[2025.09.22-15.36.48:924][723]Cmd: DELETE
[2025.09.22-15.36.48:924][723]Cmd: ACTOR DELETE
[2025.09.22-15.36.48:929][723]LogEditorActor: Deleted Actor: StaticMeshActor
[2025.09.22-15.36.48:949][723]LogUObjectHash: Compacting FUObjectHashTables data took   0.43ms
[2025.09.22-15.36.48:950][723]LogEditorActor: Deleted 1 Actors (0.025 secs)
[2025.09.22-15.36.49:254][759]LogEditorViewport: Clicking on Actor (LMB): StaticMeshActor (shelf01_full42)
[2025.09.22-15.36.49:369][770]Cmd: DELETE
[2025.09.22-15.36.49:369][770]Cmd: ACTOR DELETE
[2025.09.22-15.36.49:374][770]LogEditorActor: Deleted Actor: StaticMeshActor
[2025.09.22-15.36.49:394][770]LogUObjectHash: Compacting FUObjectHashTables data took   0.43ms
[2025.09.22-15.36.49:394][770]LogEditorActor: Deleted 1 Actors (0.024 secs)
[2025.09.22-15.36.50:106][855]LogEditorViewport: Clicking on Actor (LMB): StaticMeshActor (shelf01_full33)
[2025.09.22-15.36.50:180][861]Cmd: DELETE
[2025.09.22-15.36.50:180][861]Cmd: ACTOR DELETE
[2025.09.22-15.36.50:186][861]LogEditorActor: Deleted Actor: StaticMeshActor
[2025.09.22-15.36.50:205][861]LogUObjectHash: Compacting FUObjectHashTables data took   0.40ms
[2025.09.22-15.36.50:205][861]LogEditorActor: Deleted 1 Actors (0.024 secs)
[2025.09.22-15.36.51:774][ 49]Cmd: TRANSACTION UNDO
[2025.09.22-15.36.51:774][ 49]LogEditorTransaction: Undo Delete Actors
[2025.09.22-15.36.51:986][ 69]Cmd: TRANSACTION UNDO
[2025.09.22-15.36.51:986][ 69]LogEditorTransaction: Undo Clicking on Actors
[2025.09.22-15.36.52:170][ 90]Cmd: TRANSACTION UNDO
[2025.09.22-15.36.52:170][ 90]LogEditorTransaction: Undo Delete Actors
[2025.09.22-15.36.52:319][104]Cmd: TRANSACTION UNDO
[2025.09.22-15.36.52:319][104]LogEditorTransaction: Undo Clicking on Actors
[2025.09.22-15.36.52:477][122]Cmd: TRANSACTION UNDO
[2025.09.22-15.36.52:477][122]LogEditorTransaction: Undo Delete Actors
[2025.09.22-15.36.52:640][137]Cmd: TRANSACTION UNDO
[2025.09.22-15.36.52:640][137]LogEditorTransaction: Undo Clicking on Actors
[2025.09.22-15.36.52:799][153]Cmd: TRANSACTION UNDO
[2025.09.22-15.36.52:799][153]LogEditorTransaction: Undo Clicking on Actors
[2025.09.22-15.36.52:968][173]Cmd: TRANSACTION UNDO
[2025.09.22-15.36.52:968][173]LogEditorTransaction: Undo Delete Actors
[2025.09.22-15.36.53:141][189]Cmd: TRANSACTION UNDO
[2025.09.22-15.36.53:141][189]LogEditorTransaction: Undo Clicking on Actors
[2025.09.22-15.36.53:322][210]Cmd: TRANSACTION UNDO
[2025.09.22-15.36.53:322][210]LogEditorTransaction: Undo Delete Actors
[2025.09.22-15.36.53:492][226]Cmd: TRANSACTION UNDO
[2025.09.22-15.36.53:492][226]LogEditorTransaction: Undo Clicking on Actors
[2025.09.22-15.36.53:661][246]Cmd: TRANSACTION UNDO
[2025.09.22-15.36.53:661][246]LogEditorTransaction: Undo Delete Actors
[2025.09.22-15.36.53:838][263]Cmd: TRANSACTION UNDO
[2025.09.22-15.36.53:838][263]LogEditorTransaction: Undo Clicking on Actors
[2025.09.22-15.36.54:020][284]Cmd: TRANSACTION UNDO
[2025.09.22-15.36.54:020][284]LogEditorTransaction: Undo Delete Actors
[2025.09.22-15.36.54:193][300]Cmd: TRANSACTION UNDO
[2025.09.22-15.36.54:193][300]LogEditorTransaction: Undo Clicking on Actors
[2025.09.22-15.36.54:378][322]Cmd: TRANSACTION UNDO
[2025.09.22-15.36.54:378][322]LogEditorTransaction: Undo Delete Actors
[2025.09.22-15.36.54:559][339]Cmd: TRANSACTION UNDO
[2025.09.22-15.36.54:559][339]LogEditorTransaction: Undo Clicking on Actors
[2025.09.22-15.36.54:731][359]Cmd: TRANSACTION UNDO
[2025.09.22-15.36.54:731][359]LogEditorTransaction: Undo Delete Actors
[2025.09.22-15.36.54:902][375]Cmd: TRANSACTION UNDO
[2025.09.22-15.36.54:902][375]LogEditorTransaction: Undo Clicking on Actors
[2025.09.22-15.36.55:084][396]Cmd: TRANSACTION UNDO
[2025.09.22-15.36.55:084][396]LogEditorTransaction: Undo Delete Actors
[2025.09.22-15.36.55:264][413]Cmd: TRANSACTION UNDO
[2025.09.22-15.36.55:264][413]LogEditorTransaction: Undo Clicking on Actors
[2025.09.22-15.36.55:461][436]Cmd: TRANSACTION UNDO
[2025.09.22-15.36.55:461][436]LogEditorTransaction: Undo Delete Actors
[2025.09.22-15.36.55:749][466]Cmd: TRANSACTION UNDO
[2025.09.22-15.36.55:749][466]LogEditorTransaction: Undo Clicking on Actors
[2025.09.22-15.36.56:097][507]Cmd: TRANSACTION UNDO
[2025.09.22-15.36.56:097][507]LogEditorTransaction: Undo Delete Actors
[2025.09.22-15.36.58:766][807]LogEditorViewport: Clicking on Actor (LMB): StaticMeshActor (shelf01_full50)
[2025.09.22-15.37.17:596][943]LogSlate: FSceneViewport::OnFocusLost() reason 0
[2025.09.22-15.37.17:752][961]LogActorFactory: Actor Factory created shelved_cheese_half
[2025.09.22-15.37.17:797][965]LogActorFactory: Actor Factory created shelved_cheese_half
[2025.09.22-15.37.17:798][965]LogSlate: FSceneViewport::OnFocusLost() reason 2
[2025.09.22-15.37.26:010][931]LogSlate: FSceneViewport::OnFocusLost() reason 5
[2025.09.22-15.37.26:015][931]Cmd: OBJ SAVEPACKAGE PACKAGE="/Game/Levels/CheeseFactory_001" FILE="E:/GameDev/hggjam/GameJamHGGUnreal4.23.1/GameJamCrew/Content/Levels/CheeseFactory_001.umap" SILENT=true AUTOSAVING=false KEEPDIRTY=false
[2025.09.22-15.37.26:034][931]LogUObjectHash: Compacting FUObjectHashTables data took   0.71ms
[2025.09.22-15.37.26:197][931]LogSavePackage: Moving 'E:/GameDev/hggjam/GameJamHGGUnreal4.23.1/GameJamCrew/Saved/CheeseFactory_00141CA2619403EA2E50E8BFCA5EE0AA65E.tmp' to 'E:/GameDev/hggjam/GameJamHGGUnreal4.23.1/GameJamCrew/Content/Levels/CheeseFactory_001.umap'
[2025.09.22-15.37.26:211][931]Cmd: OBJ SAVEPACKAGE PACKAGE="/Game/Levels/CheeseFactory_001_BuiltData" FILE="E:/GameDev/hggjam/GameJamHGGUnreal4.23.1/GameJamCrew/Content/Levels/CheeseFactory_001_BuiltData.uasset" SILENT=true
[2025.09.22-15.37.26:989][931]LogSavePackage: Moving 'E:/GameDev/hggjam/GameJamHGGUnreal4.23.1/GameJamCrew/Saved/CheeseFactory_001_BuiltData19811A6C4F52EEAA2282B1B4CFFB3788.tmp' to 'E:/GameDev/hggjam/GameJamHGGUnreal4.23.1/GameJamCrew/Content/Levels/CheeseFactory_001_BuiltData.uasset'
[2025.09.22-15.37.29:859][255]LogSlate: FSceneViewport::OnFocusLost() reason 2
[2025.09.22-15.37.30:558][339]MapCheck: New page: Map Check
[2025.09.22-15.37.30:565][339]LogSlate: FSceneViewport::OnFocusLost() reason 5
[2025.09.22-15.37.30:567][339]LightingResults: New page: Lighting Build - Sep 22, 2025, 9:37:30 PM
[2025.09.22-15.37.30:586][339]LogSwarmInterface: [OpenConnection] Registering TCP channel ...
[2025.09.22-15.37.30:618][339]LogSwarmInterface: [OpenConnection] Connecting to agent ...
[2025.09.22-15.37.30:624][339]LogSwarmInterface: [TryOpenConnection] Testing the Agent
[2025.09.22-15.37.31:131][339]LogSwarmInterface: [TryOpenConnection] Opening Connection to Agent
[2025.09.22-15.37.31:131][339]LogSwarmInterface: [TryOpenConnection] Local Process ID is 3656
[2025.09.22-15.37.37:938][339]LogStaticLightingSystem: Running Lightmass w/ ImmediateImport mode ENABLED
[2025.09.22-15.37.37:938][339]LogStaticLightingSystem: Running Lightmass w/ ImmediateProcess mode ENABLED
[2025.09.22-15.37.37:938][339]LogStaticLightingSystem: Running Lightmass w/ Sorting mode ENABLED
[2025.09.22-15.37.37:938][339]LogStaticLightingSystem: Running Lightmass w/ Mapping paddings ENABLED
[2025.09.22-15.37.37:938][339]LogStaticLightingSystem: Running Lightmass w/ Mapping debug paddings DISABLED
[2025.09.22-15.37.38:046][339]LogEditorBuildUtils: Build time 0:07
[2025.09.22-15.37.38:056][339]LogMaterial: Display: Missing cached shader map for material FLightmassMaterialRenderer M_wood_trimsheet02, compiling. 
[2025.09.22-15.37.38:059][339]LogMaterial: Display: Missing cached shader map for material FLightmassMaterialRenderer M_wood_trimsheet02, compiling. 
[2025.09.22-15.37.38:228][339]LogShaderCompilers: Display: Worker (1/13): shaders left to compile 2
[2025.09.22-15.37.38:228][339]LogShaderCompilers: Display: Worker (2/13): shaders left to compile 1
[2025.09.22-15.37.38:228][339]LogShaderCompilers: Display: Worker (3/13): shaders left to compile 2
[2025.09.22-15.37.38:228][339]LogShaderCompilers: Display: Worker (4/13): shaders left to compile 1
[2025.09.22-15.37.38:300][342]LogUObjectHash: Compacting FUObjectHashTables data took   1.21ms
[2025.09.22-15.38.02:167][571]LightingResults: Warning: Skim_Milk Object has overlapping UVs.
[2025.09.22-15.38.02:167][571]LightingResults: Skim_Milk Lightmap UV are overlapping by 1.1%. Please adjust content - Enable Error Coloring to visualize.
[2025.09.22-15.38.02:859][636]LightingResults: Warning: Skim_Milk Object has overlapping UVs.
[2025.09.22-15.38.02:859][636]LightingResults: Skim_Milk Lightmap UV are overlapping by 1.1%. Please adjust content - Enable Error Coloring to visualize.
[2025.09.22-15.38.04:797][818]LightingResults: Warning: Skim_Milk Object has overlapping UVs.
[2025.09.22-15.38.04:797][818]LightingResults: Skim_Milk Lightmap UV are overlapping by 1.1%. Please adjust content - Enable Error Coloring to visualize.
[2025.09.22-15.38.08:571][172]LightingResults: Warning: cylinder Object has overlapping UVs.
[2025.09.22-15.38.08:571][172]LightingResults: cylinder Lightmap UV are overlapping by 6.0%. Please adjust content - Enable Error Coloring to visualize.
[2025.09.22-15.38.19:017][155]LightingResults: Warning: Cheese_box_without_Cheese Object has overlapping UVs.
[2025.09.22-15.38.19:017][155]LightingResults: Cheese_box_without_Cheese Lightmap UV are overlapping by 30.2%. Please adjust content - Enable Error Coloring to visualize.
[2025.09.22-15.38.19:752][224]LightingResults: Warning: Cheese_box_without_Cheese Object has overlapping UVs.
[2025.09.22-15.38.19:752][224]LightingResults: Cheese_box_without_Cheese Lightmap UV are overlapping by 30.2%. Please adjust content - Enable Error Coloring to visualize.
[2025.09.22-15.38.20:361][281]LightingResults: Warning: Cheese_box_without_Cheese Object has overlapping UVs.
[2025.09.22-15.38.20:361][281]LightingResults: Cheese_box_without_Cheese Lightmap UV are overlapping by 30.2%. Please adjust content - Enable Error Coloring to visualize.
[2025.09.22-15.38.21:724][409]LightingResults: Warning: Cheese_box_with_Cheese Object has overlapping UVs.
[2025.09.22-15.38.21:724][409]LightingResults: Cheese_box_with_Cheese Lightmap UV are overlapping by 20.1%. Please adjust content - Enable Error Coloring to visualize.
[2025.09.22-15.38.22:227][456]LightingResults: Warning: Cheese_box_without_Cheese Object has overlapping UVs.
[2025.09.22-15.38.22:227][456]LightingResults: Cheese_box_without_Cheese Lightmap UV are overlapping by 30.2%. Please adjust content - Enable Error Coloring to visualize.
[2025.09.22-15.38.22:708][501]LightingResults: Warning: Cheese_box_without_Cheese Object has overlapping UVs.
[2025.09.22-15.38.22:708][501]LightingResults: Cheese_box_without_Cheese Lightmap UV are overlapping by 30.2%. Please adjust content - Enable Error Coloring to visualize.
[2025.09.22-15.38.25:956][807]Job is a success!
[2025.09.22-15.38.25:984][808]LogSlate: FSceneViewport::OnFocusLost() reason 5
[2025.09.22-15.38.26:042][808]LogVolumetricLightmapImport: Imported Volumetric Lightmap in 0.003s
[2025.09.22-15.38.26:042][808]LogVolumetricLightmapImport:      Indirection Texture 16x16x16 = 0.0Mb
[2025.09.22-15.38.26:042][808]LogVolumetricLightmapImport:      BrickData 90x5x5 = 0.1Mb
[2025.09.22-15.38.26:042][808]LogVolumetricLightmapImport:      Bricks at Level
[2025.09.22-15.38.26:042][808]LogVolumetricLightmapImport:          0: 5.6% covering 100.0% of volume
[2025.09.22-15.38.26:042][808]LogVolumetricLightmapImport:          1: 5.6% covering 1.6% of volume
[2025.09.22-15.38.26:042][808]LogVolumetricLightmapImport:          2: 88.9% covering 0.4% of volume
[2025.09.22-15.38.27:752][808]LogTexture: Display: Building textures: HQ_Lightmap1_1 (AutoDXT, 1024X1024)
[2025.09.22-15.38.27:752][808]LogTexture: Display: Building textures: LQ_Lightmap_1_1 (DXT1, 1024X1024)
[2025.09.22-15.38.27:752][808]LogTexture: Display: Building textures: HQ_Lightmap1_2 (AutoDXT, 1024X1024)
[2025.09.22-15.38.27:752][808]LogTexture: Display: Building textures: LQ_Lightmap_1_2 (DXT1, 1024X1024)
[2025.09.22-15.38.27:752][808]LogTexture: Display: Building textures: HQ_Lightmap1_3 (AutoDXT, 1024X1024)
[2025.09.22-15.38.27:752][808]LogTexture: Display: Building textures: LQ_Lightmap_1_3 (DXT1, 1024X1024)
[2025.09.22-15.38.27:752][808]LogTexture: Display: Building textures: HQ_Lightmap1_4 (AutoDXT, 1024X1024)
[2025.09.22-15.38.27:752][808]LogTexture: Display: Building textures: LQ_Lightmap_1_4 (DXT1, 1024X1024)
[2025.09.22-15.38.27:752][808]LogTexture: Display: Building textures: HQ_Lightmap1_5 (AutoDXT, 1024X1024)
[2025.09.22-15.38.27:752][808]LogTexture: Display: Building textures: LQ_Lightmap_1_5 (DXT1, 1024X1024)
[2025.09.22-15.38.27:752][808]LogTexture: Display: Building textures: HQ_Lightmap1_6 (AutoDXT, 1024X1024)
[2025.09.22-15.38.27:752][808]LogTexture: Display: Building textures: LQ_Lightmap_1_6 (DXT1, 1024X1024)
[2025.09.22-15.38.27:752][808]LogTexture: Display: Building textures: HQ_Lightmap1_7 (AutoDXT, 1024X1024)
[2025.09.22-15.38.27:752][808]LogTexture: Display: Building textures: LQ_Lightmap_1_7 (DXT1, 1024X1024)
[2025.09.22-15.38.27:752][808]LogTexture: Display: Building textures: HQ_Lightmap1_8 (AutoDXT, 1024X1024)
[2025.09.22-15.38.27:752][808]LogTexture: Display: Building textures: LQ_Lightmap_1_8 (DXT1, 1024X1024)
[2025.09.22-15.38.27:752][808]LogTexture: Display: Building textures: HQ_Lightmap1_9 (AutoDXT, 1024X1024)
[2025.09.22-15.38.27:752][808]LogTexture: Display: Building textures: LQ_Lightmap_1_9 (DXT1, 1024X1024)
[2025.09.22-15.38.27:752][808]LogTexture: Display: Building textures: HQ_Lightmap1_10 (AutoDXT, 1024X1024)
[2025.09.22-15.38.27:752][808]LogTexture: Display: Building textures: LQ_Lightmap_1_10 (DXT1, 1024X1024)
[2025.09.22-15.38.27:752][808]LogTexture: Display: Building textures: HQ_Lightmap1_11 (AutoDXT, 1024X1024)
[2025.09.22-15.38.27:752][808]LogTexture: Display: Building textures: LQ_Lightmap_1_11 (DXT1, 1024X1024)
[2025.09.22-15.38.27:752][808]LogTexture: Display: Building textures: HQ_Lightmap1_12 (AutoDXT, 1024X1024)
[2025.09.22-15.38.27:752][808]LogTexture: Display: Building textures: LQ_Lightmap_1_12 (DXT1, 1024X1024)
[2025.09.22-15.38.27:752][808]LogTexture: Display: Building textures: HQ_Lightmap1_13 (AutoDXT, 1024X1024)
[2025.09.22-15.38.27:752][808]LogTexture: Display: Building textures: LQ_Lightmap_1_13 (DXT1, 1024X1024)
[2025.09.22-15.38.27:752][808]LogTexture: Display: Building textures: HQ_Lightmap1_14 (AutoDXT, 1024X1024)
[2025.09.22-15.38.27:752][808]LogTexture: Display: Building textures: LQ_Lightmap_1_14 (DXT1, 1024X1024)
[2025.09.22-15.38.27:752][808]LogTexture: Display: Building textures: HQ_Lightmap1_15 (AutoDXT, 1024X1024)
[2025.09.22-15.38.27:752][808]LogTexture: Display: Building textures: LQ_Lightmap_1_15 (DXT1, 1024X1024)
[2025.09.22-15.38.27:752][808]LogTexture: Display: Building textures: HQ_Lightmap1_16 (AutoDXT, 1024X1024)
[2025.09.22-15.38.27:752][808]LogTexture: Display: Building textures: LQ_Lightmap_1_16 (DXT1, 1024X1024)
[2025.09.22-15.38.27:752][808]LogTexture: Display: Building textures: HQ_Lightmap1_17 (AutoDXT, 512X512)
[2025.09.22-15.38.27:752][808]LogTexture: Display: Building textures: LQ_Lightmap_1_17 (DXT1, 512X512)
[2025.09.22-15.38.27:752][808]LogTexture: Display: Building textures: HQ_Lightmap0_18 (AutoDXT, 64X64)
[2025.09.22-15.38.27:752][808]LogTexture: Display: Building textures: LQ_Lightmap_0_18 (DXT1, 64X64)
[2025.09.22-15.38.27:894][808]LogTexture: Display: Building textures: ShadowMapTexture2D_6 (G8, 32X32)
[2025.09.22-15.38.27:894][808]LogTexture: Display: Building textures: ShadowMapTexture2D_5 (G8, 1024X512)
[2025.09.22-15.38.27:894][808]LogTexture: Display: Building textures: ShadowMapTexture2D_4 (G8, 1024X1024)
[2025.09.22-15.38.27:894][808]LogTexture: Display: Building textures: ShadowMapTexture2D_1 (G8, 1024X1024)
[2025.09.22-15.38.27:894][808]LogTexture: Display: Building textures: ShadowMapTexture2D_0 (G8, 1024X1024)
[2025.09.22-15.38.27:894][808]LogTexture: Display: Building textures: ShadowMapTexture2D_2 (G8, 1024X1024)
[2025.09.22-15.38.27:894][808]LogTexture: Display: Building textures: ShadowMapTexture2D_3 (G8, 1024X1024)
[2025.09.22-15.38.27:919][808]Lightmass on CECOMAIN: 49.3 sec total, 87 ms importing, 35 ms setup, 3.11 sec photons, 46.0 sec processing, 0 ms extra exporting [735/735 mappings]. Threads: 11:31 min total, 8:22 min processing.
[2025.09.22-15.38.27:928][808]LogStaticLightingSystem: CheeseFactory_001_BuiltData storing lightmap data for 735 meshes in 38 LightmapResourceClusters (19.3 Meshes per cluster).
[2025.09.22-15.38.27:931][808]LogMaterial: Display: Material /Game/LevelAssets/Materials/wood/wood_trimsheet02/M_wood_trimsheet02.M_wood_trimsheet02 needed to have new flag set bUsedWithStaticLighting !
[2025.09.22-15.38.27:940][808]LogMaterial: Display: Missing cached shader map for material M_wood_trimsheet02, compiling. 
[2025.09.22-15.38.27:975][808]LogShaderCompilers: Display: Worker (1/13): shaders left to compile 31
[2025.09.22-15.38.27:975][808]LogShaderCompilers: Display: Worker (2/13): shaders left to compile 28
[2025.09.22-15.38.27:975][808]LogShaderCompilers: Display: Worker (3/13): shaders left to compile 25
[2025.09.22-15.38.27:975][808]LogShaderCompilers: Display: Worker (4/13): shaders left to compile 22
[2025.09.22-15.38.27:975][808]LogShaderCompilers: Display: Worker (5/13): shaders left to compile 19
[2025.09.22-15.38.27:975][808]LogShaderCompilers: Display: Worker (6/13): shaders left to compile 16
[2025.09.22-15.38.27:975][808]LogShaderCompilers: Display: Worker (7/13): shaders left to compile 13
[2025.09.22-15.38.27:975][808]LogShaderCompilers: Display: Worker (8/13): shaders left to compile 10
[2025.09.22-15.38.27:975][808]LogShaderCompilers: Display: Worker (9/13): shaders left to compile 7
[2025.09.22-15.38.27:975][808]LogShaderCompilers: Display: Worker (10/13): shaders left to compile 4
[2025.09.22-15.38.27:975][808]LogShaderCompilers: Display: Worker (11/13): shaders left to compile 1
[2025.09.22-15.38.27:977][808]LogUObjectHash: Compacting FUObjectHashTables data took   0.87ms
[2025.09.22-15.38.27:980][808]LogStaticLightingSystem: Illumination: 57.3 sec (1.35 sec encoding lightmaps, 126 ms encoding shadowmaps)
[2025.09.22-15.38.27:980][808]LogStaticLightingSystem: Lightmap texture memory:  32.5 MB (32.5 MB streaming, 0.0 MB non-streaming), 36 textures
[2025.09.22-15.38.27:980][808]LogStaticLightingSystem: Shadowmap texture memory: 7.3 MB (7.3 MB streaming, 0.0 MB non-streaming), 7 textures
[2025.09.22-15.38.28:984][808]DumpUnbuiltLightIteractions
[2025.09.22-15.38.28:984][808]Lights with unbuilt interactions: 0
[2025.09.22-15.38.28:984][808]
[2025.09.22-15.38.28:984][808]Primitives with unbuilt interactions: 0
[2025.09.22-15.38.29:106][809]Cmd: MAP CHECK NOTIFYRESULTS
[2025.09.22-15.38.29:106][809]MapCheck: New page: CheeseFactory_001 - Sep 22, 2025, 9:38:29 PM
[2025.09.22-15.38.29:108][809]MapCheck: Map check complete: 0 Error(s), 0 Warning(s), took 2.015ms to complete.
[2025.09.22-15.38.44:288][625]LogSlate: FSceneViewport::OnFocusLost() reason 0
[2025.09.22-15.38.44:360][634]LogSlate: Window 'Message Log' being destroyed
[2025.09.22-15.38.44:364][634]LogSlate: Window 'Message Log' being destroyed
[2025.09.22-15.38.47:538][ 14]LogEditorViewport: Clicking on Actor (LMB): StaticMeshActor (wall01_2x107)
[2025.09.22-15.38.55:242][935]LogEditorViewport: Clicking on Actor (LMB): StaticMeshActor (floor01_2x104)
[2025.09.22-15.39.01:707][705]LogEditorViewport: Clicking on Actor (LMB): StaticMeshActor (shelf01_full19)
[2025.09.22-15.39.06:097][227]LogEditorViewport: Clicking on Actor (LMB): StaticMeshActor (shelf01_full67)
[2025.09.22-15.39.08:521][514]LogEditorViewport: Clicking on Actor (LMB): StaticMeshActor (shelf01_full21)
[2025.09.22-15.39.09:553][635]Cmd: DELETE
[2025.09.22-15.39.09:553][635]Cmd: ACTOR DELETE
[2025.09.22-15.39.09:559][635]LogEditorActor: Deleted Actor: StaticMeshActor
[2025.09.22-15.39.09:579][635]LogUObjectHash: Compacting FUObjectHashTables data took   0.83ms
[2025.09.22-15.39.09:579][635]LogEditorActor: Deleted 1 Actors (0.026 secs)
[2025.09.22-15.39.09:932][677]LogEditorViewport: Clicking on Actor (LMB): StaticMeshActor (shelf01_full33)
[2025.09.22-15.39.10:489][741]LogEditorViewport: Clicking on Actor (LMB): StaticMeshActor (shelf01_full67)
[2025.09.22-15.39.10:802][776]Cmd: DELETE
[2025.09.22-15.39.10:802][776]Cmd: ACTOR DELETE
[2025.09.22-15.39.10:807][776]LogEditorActor: Deleted Actor: StaticMeshActor
[2025.09.22-15.39.10:827][776]LogUObjectHash: Compacting FUObjectHashTables data took   0.41ms
[2025.09.22-15.39.10:827][776]LogEditorActor: Deleted 1 Actors (0.025 secs)
[2025.09.22-15.39.11:070][805]LogEditorViewport: Clicking on Actor (LMB): StaticMeshActor (shelf01_full33)
[2025.09.22-15.39.13:843][133]LogEditorViewport: Clicking on Actor (LMB): StaticMeshActor (shelf01_full55)
[2025.09.22-15.39.25:987][576]LogEditorViewport: Clicking on Actor (LMB): StaticMeshActor (shelf01_full67)
[2025.09.22-15.39.27:526][758]LogEditorViewport: Clicking on Actor (LMB): StaticMeshActor (shelf01_full21)
[2025.09.22-15.39.28:055][819]LogEditorViewport: Clicking on Actor (LMB): StaticMeshActor (shelf01_full70)
[2025.09.22-15.39.29:334][969]LogSlate: FSceneViewport::OnFocusLost() reason 0
[2025.09.22-15.39.30:514][108]LogActorFactory: Actor Factory created shelved_cheese_full
[2025.09.22-15.39.32:802][380]LogSlate: FSceneViewport::OnFocusLost() reason 0
[2025.09.22-15.39.32:996][402]LogActorFactory: Actor Factory created shelved_cheese_half
[2025.09.22-15.39.34:216][548]LogSlate: FSceneViewport::OnFocusLost() reason 0
[2025.09.22-15.39.34:301][558]LogEditorViewport: Clicking on Actor (LMB): StaticMeshActor (shelf01_full21)
[2025.09.22-15.39.35:406][687]LogSlate: FSceneViewport::OnFocusLost() reason 0
[2025.09.22-15.39.35:598][709]LogActorFactory: Actor Factory created shelf01_half
[2025.09.22-15.39.36:862][860]LogSlate: FSceneViewport::OnFocusLost() reason 0
[2025.09.22-15.39.36:939][869]LogEditorViewport: Clicking on Actor (LMB): StaticMeshActor (shelf01_full67)
[2025.09.22-15.39.56:746][239]LogSlate: FSceneViewport::OnFocusLost() reason 5
[2025.09.22-15.39.56:752][239]Cmd: OBJ SAVEPACKAGE PACKAGE="/Game/Levels/CheeseFactory_001" FILE="E:/GameDev/hggjam/GameJamHGGUnreal4.23.1/GameJamCrew/Content/Levels/CheeseFactory_001.umap" SILENT=true AUTOSAVING=false KEEPDIRTY=false
[2025.09.22-15.39.56:773][239]LogUObjectHash: Compacting FUObjectHashTables data took   0.71ms
[2025.09.22-15.39.56:933][239]LogSavePackage: Moving 'E:/GameDev/hggjam/GameJamHGGUnreal4.23.1/GameJamCrew/Saved/CheeseFactory_001B3F5CEF143326903A8FED6B45C3606FF.tmp' to 'E:/GameDev/hggjam/GameJamHGGUnreal4.23.1/GameJamCrew/Content/Levels/CheeseFactory_001.umap'
[2025.09.22-15.39.56:946][239]Cmd: OBJ SAVEPACKAGE PACKAGE="/Game/Levels/CheeseFactory_001_BuiltData" FILE="E:/GameDev/hggjam/GameJamHGGUnreal4.23.1/GameJamCrew/Content/Levels/CheeseFactory_001_BuiltData.uasset" SILENT=true
[2025.09.22-15.39.57:424][239]LogSavePackage: Moving 'E:/GameDev/hggjam/GameJamHGGUnreal4.23.1/GameJamCrew/Saved/CheeseFactory_001_BuiltData2B275CED4FFED139AB3FD08DAA5B0591.tmp' to 'E:/GameDev/hggjam/GameJamHGGUnreal4.23.1/GameJamCrew/Content/Levels/CheeseFactory_001_BuiltData.uasset'
[2025.09.22-15.40.04:981][142]LogSlate: FSceneViewport::OnFocusLost() reason 2
[2025.09.22-15.40.05:723][231]MapCheck: New page: Map Check
[2025.09.22-15.40.05:730][231]LogSlate: FSceneViewport::OnFocusLost() reason 5
[2025.09.22-15.40.05:733][231]LightingResults: New page: Lighting Build - Sep 22, 2025, 9:40:05 PM
[2025.09.22-15.40.05:737][231]LogSwarmInterface: [OpenConnection] Registering TCP channel ...
[2025.09.22-15.40.05:741][231]LogSwarmInterface: [OpenConnection] Connecting to agent ...
[2025.09.22-15.40.05:741][231]LogSwarmInterface: [TryOpenConnection] Testing the Agent
[2025.09.22-15.40.05:742][231]LogSwarmInterface: [TryOpenConnection] Opening Connection to Agent
[2025.09.22-15.40.05:742][231]LogSwarmInterface: [TryOpenConnection] Local Process ID is 3656
[2025.09.22-15.40.10:314][231]LogStaticLightingSystem: Running Lightmass w/ ImmediateImport mode ENABLED
[2025.09.22-15.40.10:314][231]LogStaticLightingSystem: Running Lightmass w/ ImmediateProcess mode ENABLED
[2025.09.22-15.40.10:314][231]LogStaticLightingSystem: Running Lightmass w/ Sorting mode ENABLED
[2025.09.22-15.40.10:314][231]LogStaticLightingSystem: Running Lightmass w/ Mapping paddings ENABLED
[2025.09.22-15.40.10:314][231]LogStaticLightingSystem: Running Lightmass w/ Mapping debug paddings DISABLED
[2025.09.22-15.40.10:387][231]LogEditorBuildUtils: Build time 0:04
[2025.09.22-15.40.10:395][231]LogMaterial: Display: Missing cached shader map for material FLightmassMaterialRenderer M_wood_trimsheet02, compiling. 
[2025.09.22-15.40.10:398][231]LogMaterial: Display: Missing cached shader map for material FLightmassMaterialRenderer M_wood_trimsheet02, compiling. 
[2025.09.22-15.40.10:557][231]LogShaderCompilers: Display: Worker (1/13): shaders left to compile 4
[2025.09.22-15.40.10:557][231]LogShaderCompilers: Display: Worker (2/13): shaders left to compile 3
[2025.09.22-15.40.10:557][231]LogShaderCompilers: Display: Worker (3/13): shaders left to compile 2
[2025.09.22-15.40.10:557][231]LogShaderCompilers: Display: Worker (4/13): shaders left to compile 1
[2025.09.22-15.40.10:602][233]LogUObjectHash: Compacting FUObjectHashTables data took   0.98ms
[2025.09.22-15.40.35:137][528]LightingResults: Warning: Skim_Milk Object has overlapping UVs.
[2025.09.22-15.40.35:137][528]LightingResults: Skim_Milk Lightmap UV are overlapping by 1.1%. Please adjust content - Enable Error Coloring to visualize.
[2025.09.22-15.40.35:693][580]LightingResults: Warning: Skim_Milk Object has overlapping UVs.
[2025.09.22-15.40.35:693][580]LightingResults: Skim_Milk Lightmap UV are overlapping by 1.1%. Please adjust content - Enable Error Coloring to visualize.
[2025.09.22-15.40.37:990][796]LightingResults: Warning: Skim_Milk Object has overlapping UVs.
[2025.09.22-15.40.37:990][796]LightingResults: Skim_Milk Lightmap UV are overlapping by 1.1%. Please adjust content - Enable Error Coloring to visualize.
[2025.09.22-15.40.40:679][ 48]LightingResults: Warning: cylinder Object has overlapping UVs.
[2025.09.22-15.40.40:679][ 48]LightingResults: cylinder Lightmap UV are overlapping by 6.0%. Please adjust content - Enable Error Coloring to visualize.
[2025.09.22-15.40.50:846][  2]LightingResults: Warning: Cheese_box_without_Cheese Object has overlapping UVs.
[2025.09.22-15.40.50:846][  2]LightingResults: Cheese_box_without_Cheese Lightmap UV are overlapping by 30.2%. Please adjust content - Enable Error Coloring to visualize.
[2025.09.22-15.40.51:342][ 48]LightingResults: Warning: Cheese_box_without_Cheese Object has overlapping UVs.
[2025.09.22-15.40.51:342][ 48]LightingResults: Cheese_box_without_Cheese Lightmap UV are overlapping by 30.2%. Please adjust content - Enable Error Coloring to visualize.
[2025.09.22-15.40.52:517][158]LightingResults: Warning: Cheese_box_without_Cheese Object has overlapping UVs.
[2025.09.22-15.40.52:517][158]LightingResults: Cheese_box_without_Cheese Lightmap UV are overlapping by 30.2%. Please adjust content - Enable Error Coloring to visualize.
[2025.09.22-15.40.53:446][245]LightingResults: Warning: Cheese_box_with_Cheese Object has overlapping UVs.
[2025.09.22-15.40.53:446][245]LightingResults: Cheese_box_with_Cheese Lightmap UV are overlapping by 20.1%. Please adjust content - Enable Error Coloring to visualize.
[2025.09.22-15.40.53:909][288]LightingResults: Warning: Cheese_box_without_Cheese Object has overlapping UVs.
[2025.09.22-15.40.53:909][288]LightingResults: Cheese_box_without_Cheese Lightmap UV are overlapping by 30.2%. Please adjust content - Enable Error Coloring to visualize.
[2025.09.22-15.40.54:530][346]LightingResults: Warning: Cheese_box_without_Cheese Object has overlapping UVs.
[2025.09.22-15.40.54:530][346]LightingResults: Cheese_box_without_Cheese Lightmap UV are overlapping by 30.2%. Please adjust content - Enable Error Coloring to visualize.
[2025.09.22-15.40.56:219][504]Job is a success!
[2025.09.22-15.40.56:240][506]LogSlate: FSceneViewport::OnFocusLost() reason 5
[2025.09.22-15.40.56:282][506]LogVolumetricLightmapImport: Imported Volumetric Lightmap in 0.003s
[2025.09.22-15.40.56:282][506]LogVolumetricLightmapImport:      Indirection Texture 16x16x16 = 0.0Mb
[2025.09.22-15.40.56:282][506]LogVolumetricLightmapImport:      BrickData 90x5x5 = 0.1Mb
[2025.09.22-15.40.56:282][506]LogVolumetricLightmapImport:      Bricks at Level
[2025.09.22-15.40.56:282][506]LogVolumetricLightmapImport:          0: 5.6% covering 100.0% of volume
[2025.09.22-15.40.56:282][506]LogVolumetricLightmapImport:          1: 5.6% covering 1.6% of volume
[2025.09.22-15.40.56:282][506]LogVolumetricLightmapImport:          2: 88.9% covering 0.4% of volume
[2025.09.22-15.40.57:989][506]LogTexture: Display: Building textures: HQ_Lightmap0_1 (AutoDXT, 1024X1024)
[2025.09.22-15.40.57:989][506]LogTexture: Display: Building textures: LQ_Lightmap_0_1 (DXT1, 1024X1024)
[2025.09.22-15.40.57:989][506]LogTexture: Display: Building textures: HQ_Lightmap0_2 (AutoDXT, 1024X1024)
[2025.09.22-15.40.57:989][506]LogTexture: Display: Building textures: LQ_Lightmap_0_2 (DXT1, 1024X1024)
[2025.09.22-15.40.57:989][506]LogTexture: Display: Building textures: HQ_Lightmap0_3 (AutoDXT, 1024X1024)
[2025.09.22-15.40.57:989][506]LogTexture: Display: Building textures: LQ_Lightmap_0_3 (DXT1, 1024X1024)
[2025.09.22-15.40.57:989][506]LogTexture: Display: Building textures: HQ_Lightmap0_4 (AutoDXT, 1024X1024)
[2025.09.22-15.40.57:989][506]LogTexture: Display: Building textures: LQ_Lightmap_0_4 (DXT1, 1024X1024)
[2025.09.22-15.40.57:989][506]LogTexture: Display: Building textures: HQ_Lightmap0_5 (AutoDXT, 1024X1024)
[2025.09.22-15.40.57:989][506]LogTexture: Display: Building textures: HQ_Lightmap0_6 (AutoDXT, 1024X1024)
[2025.09.22-15.40.57:989][506]LogTexture: Display: Building textures: LQ_Lightmap_0_5 (DXT1, 1024X1024)
[2025.09.22-15.40.57:989][506]LogTexture: Display: Building textures: LQ_Lightmap_0_6 (DXT1, 1024X1024)
[2025.09.22-15.40.57:989][506]LogTexture: Display: Building textures: HQ_Lightmap0_7 (AutoDXT, 1024X1024)
[2025.09.22-15.40.57:989][506]LogTexture: Display: Building textures: LQ_Lightmap_0_7 (DXT1, 1024X1024)
[2025.09.22-15.40.57:989][506]LogTexture: Display: Building textures: HQ_Lightmap0_8 (AutoDXT, 1024X1024)
[2025.09.22-15.40.57:989][506]LogTexture: Display: Building textures: LQ_Lightmap_0_8 (DXT1, 1024X1024)
[2025.09.22-15.40.57:989][506]LogTexture: Display: Building textures: HQ_Lightmap0_9 (AutoDXT, 1024X1024)
[2025.09.22-15.40.57:989][506]LogTexture: Display: Building textures: LQ_Lightmap_0_9 (DXT1, 1024X1024)
[2025.09.22-15.40.57:989][506]LogTexture: Display: Building textures: HQ_Lightmap0_10 (AutoDXT, 1024X1024)
[2025.09.22-15.40.57:989][506]LogTexture: Display: Building textures: LQ_Lightmap_0_10 (DXT1, 1024X1024)
[2025.09.22-15.40.57:989][506]LogTexture: Display: Building textures: HQ_Lightmap0_11 (AutoDXT, 1024X1024)
[2025.09.22-15.40.57:989][506]LogTexture: Display: Building textures: LQ_Lightmap_0_11 (DXT1, 1024X1024)
[2025.09.22-15.40.57:989][506]LogTexture: Display: Building textures: HQ_Lightmap0_12 (AutoDXT, 1024X1024)
[2025.09.22-15.40.57:989][506]LogTexture: Display: Building textures: LQ_Lightmap_0_12 (DXT1, 1024X1024)
[2025.09.22-15.40.57:989][506]LogTexture: Display: Building textures: HQ_Lightmap0_13 (AutoDXT, 1024X1024)
[2025.09.22-15.40.57:989][506]LogTexture: Display: Building textures: LQ_Lightmap_0_13 (DXT1, 1024X1024)
[2025.09.22-15.40.57:989][506]LogTexture: Display: Building textures: HQ_Lightmap0_14 (AutoDXT, 1024X1024)
[2025.09.22-15.40.57:989][506]LogTexture: Display: Building textures: LQ_Lightmap_0_14 (DXT1, 1024X1024)
[2025.09.22-15.40.57:989][506]LogTexture: Display: Building textures: HQ_Lightmap0_15 (AutoDXT, 1024X1024)
[2025.09.22-15.40.57:989][506]LogTexture: Display: Building textures: LQ_Lightmap_0_15 (DXT1, 1024X1024)
[2025.09.22-15.40.57:989][506]LogTexture: Display: Building textures: HQ_Lightmap0_16 (AutoDXT, 1024X1024)
[2025.09.22-15.40.57:989][506]LogTexture: Display: Building textures: LQ_Lightmap_0_16 (DXT1, 1024X1024)
[2025.09.22-15.40.57:989][506]LogTexture: Display: Building textures: HQ_Lightmap0_17 (AutoDXT, 512X512)
[2025.09.22-15.40.57:989][506]LogTexture: Display: Building textures: LQ_Lightmap_0_17 (DXT1, 512X512)
[2025.09.22-15.40.57:989][506]LogTexture: Display: Building textures: HQ_Lightmap1_18 (AutoDXT, 64X64)
[2025.09.22-15.40.57:989][506]LogTexture: Display: Building textures: LQ_Lightmap_1_18 (DXT1, 64X64)
[2025.09.22-15.40.58:128][506]LogTexture: Display: Building textures: ShadowMapTexture2D_13 (G8, 32X32)
[2025.09.22-15.40.58:128][506]LogTexture: Display: Building textures: ShadowMapTexture2D_12 (G8, 1024X512)
[2025.09.22-15.40.58:128][506]LogTexture: Display: Building textures: ShadowMapTexture2D_8 (G8, 1024X1024)
[2025.09.22-15.40.58:128][506]LogTexture: Display: Building textures: ShadowMapTexture2D_9 (G8, 1024X1024)
[2025.09.22-15.40.58:128][506]LogTexture: Display: Building textures: ShadowMapTexture2D_11 (G8, 1024X1024)
[2025.09.22-15.40.58:128][506]LogTexture: Display: Building textures: ShadowMapTexture2D_10 (G8, 1024X1024)
[2025.09.22-15.40.58:128][506]LogTexture: Display: Building textures: ShadowMapTexture2D_7 (G8, 1024X1024)
[2025.09.22-15.40.58:147][506]Lightmass on CECOMAIN: 47.3 sec total, 84 ms importing, 36 ms setup, 2.87 sec photons, 44.2 sec processing, 0 ms extra exporting [736/736 mappings]. Threads: 11:04 min total, 8:04 min processing.
[2025.09.22-15.40.58:150][506]LogStaticLightingSystem: CheeseFactory_001_BuiltData storing lightmap data for 736 meshes in 38 LightmapResourceClusters (19.4 Meshes per cluster).
[2025.09.22-15.40.58:173][506]LogUObjectHash: Compacting FUObjectHashTables data took   0.88ms
[2025.09.22-15.40.58:177][506]LogStaticLightingSystem: Illumination: 52.4 sec (1.34 sec encoding lightmaps, 132 ms encoding shadowmaps)
[2025.09.22-15.40.58:177][506]LogStaticLightingSystem: Lightmap texture memory:  32.5 MB (32.5 MB streaming, 0.0 MB non-streaming), 36 textures
[2025.09.22-15.40.58:177][506]LogStaticLightingSystem: Shadowmap texture memory: 7.3 MB (7.3 MB streaming, 0.0 MB non-streaming), 7 textures
[2025.09.22-15.40.58:351][506]DumpUnbuiltLightIteractions
[2025.09.22-15.40.58:351][506]Lights with unbuilt interactions: 0
[2025.09.22-15.40.58:351][506]
[2025.09.22-15.40.58:351][506]Primitives with unbuilt interactions: 0
[2025.09.22-15.40.58:471][507]Cmd: MAP CHECK NOTIFYRESULTS
[2025.09.22-15.40.58:471][507]MapCheck: New page: CheeseFactory_001 - Sep 22, 2025, 9:40:58 PM
[2025.09.22-15.40.58:473][507]MapCheck: Map check complete: 0 Error(s), 0 Warning(s), took 2.383ms to complete.
[2025.09.22-15.41.06:266][440]LogSlate: FSceneViewport::OnFocusLost() reason 0
[2025.09.22-15.41.06:390][454]LogSlate: FSceneViewport::OnFocusLost() reason 2
[2025.09.22-15.41.10:564][953]LogEditorSessionSummary: EditorSessionSummary sent report. Type=Shutdown, SessionId={FEB92869-4595-73A6-E676-B885905BA073}
[2025.09.22-15.41.12:530][189]LogSlate: Window 'Message Log' being destroyed
[2025.09.22-15.41.12:534][189]LogSlate: Window 'Message Log' being destroyed
[2025.09.22-15.41.13:275][277]LogSlate: FSceneViewport::OnFocusLost() reason 5
[2025.09.22-15.41.13:279][277]Cmd: OBJ SAVEPACKAGE PACKAGE="/Game/Levels/CheeseFactory_001" FILE="E:/GameDev/hggjam/GameJamHGGUnreal4.23.1/GameJamCrew/Content/Levels/CheeseFactory_001.umap" SILENT=true AUTOSAVING=false KEEPDIRTY=false
[2025.09.22-15.41.13:299][277]LogUObjectHash: Compacting FUObjectHashTables data took   0.81ms
[2025.09.22-15.41.13:457][277]LogSavePackage: Moving 'E:/GameDev/hggjam/GameJamHGGUnreal4.23.1/GameJamCrew/Saved/CheeseFactory_0014C51ABB344766B4AEBDF93A39D71D0B8.tmp' to 'E:/GameDev/hggjam/GameJamHGGUnreal4.23.1/GameJamCrew/Content/Levels/CheeseFactory_001.umap'
[2025.09.22-15.41.13:470][277]Cmd: OBJ SAVEPACKAGE PACKAGE="/Game/Levels/CheeseFactory_001_BuiltData" FILE="E:/GameDev/hggjam/GameJamHGGUnreal4.23.1/GameJamCrew/Content/Levels/CheeseFactory_001_BuiltData.uasset" SILENT=true
[2025.09.22-15.41.13:947][277]LogSavePackage: Moving 'E:/GameDev/hggjam/GameJamHGGUnreal4.23.1/GameJamCrew/Saved/CheeseFactory_001_BuiltDataC96FA70348EA5D45395E81A494A3E40D.tmp' to 'E:/GameDev/hggjam/GameJamHGGUnreal4.23.1/GameJamCrew/Content/Levels/CheeseFactory_001_BuiltData.uasset'
[2025.09.22-15.41.19:139][898]LogEditorViewport: Clicking on Actor (LMB): StaticMeshActor (floor01_2x110)
[2025.09.22-15.41.23:208][382]LogEditorViewport: Clicking on Actor (LMB): StaticMeshActor (shelf01_full55)
[2025.09.22-15.41.34:899][780]LogSlate: FSceneViewport::OnFocusLost() reason 0
[2025.09.22-15.41.39:235][297]LogActorFactory: Actor Factory created shelved_cheese_half
[2025.09.22-15.41.39:326][307]LogActorFactory: Actor Factory created shelved_cheese_half
[2025.09.22-15.41.39:327][307]LogSlate: FSceneViewport::OnFocusLost() reason 2
[2025.09.22-15.41.45:086][991]LogSlate: FSceneViewport::OnFocusLost() reason 0
[2025.09.22-15.41.45:233][  8]LogActorFactory: Actor Factory created shelved_cheese_singlerow
[2025.09.22-15.41.45:263][ 11]LogActorFactory: Actor Factory created shelved_cheese_singlerow
[2025.09.22-15.41.45:264][ 11]LogSlate: FSceneViewport::OnFocusLost() reason 2
[2025.09.22-15.41.45:323][ 17]LogActorFactory: Actor Factory created shelved_cheese_singlerow
[2025.09.22-15.41.45:324][ 17]LogSlate: FSceneViewport::OnFocusLost() reason 2
[2025.09.22-15.41.48:298][371]LogEditorViewport: Clicking on Actor (LMB): StaticMeshActor (shelf01_full56)
[2025.09.22-15.41.48:735][421]Cmd: DELETE
[2025.09.22-15.41.48:735][421]Cmd: ACTOR DELETE
[2025.09.22-15.41.48:740][421]LogEditorActor: Deleted Actor: StaticMeshActor
[2025.09.22-15.41.48:761][421]LogUObjectHash: Compacting FUObjectHashTables data took   1.06ms
[2025.09.22-15.41.48:761][421]LogEditorActor: Deleted 1 Actors (0.026 secs)
[2025.09.22-15.41.49:114][463]LogEditorViewport: Clicking on Actor (LMB): StaticMeshActor (shelf01_full57)
[2025.09.22-15.41.49:252][477]Cmd: DELETE
[2025.09.22-15.41.49:252][477]Cmd: ACTOR DELETE
[2025.09.22-15.41.49:258][477]LogEditorActor: Deleted Actor: StaticMeshActor
[2025.09.22-15.41.49:277][477]LogUObjectHash: Compacting FUObjectHashTables data took   0.40ms
[2025.09.22-15.41.49:277][477]LogEditorActor: Deleted 1 Actors (0.025 secs)
[2025.09.22-15.41.49:713][529]LogEditorViewport: Clicking on Actor (LMB): StaticMeshActor (shelf01_full55)
[2025.09.22-15.42.01:842][961]LogEditorViewport: Clicking on Actor (LMB): StaticMeshActor (shelf01_full37)
[2025.09.22-15.42.05:345][377]LogEditorViewport: Clicking on Actor (LMB): StaticMeshActor (floor01_2x104)
[2025.09.22-15.42.05:950][445]LogSlate: FSceneViewport::OnFocusLost() reason 5
[2025.09.22-15.42.05:956][445]Cmd: OBJ SAVEPACKAGE PACKAGE="/Game/Levels/CheeseFactory_001" FILE="E:/GameDev/hggjam/GameJamHGGUnreal4.23.1/GameJamCrew/Content/Levels/CheeseFactory_001.umap" SILENT=true AUTOSAVING=false KEEPDIRTY=false
[2025.09.22-15.42.05:975][445]LogUObjectHash: Compacting FUObjectHashTables data took   0.73ms
[2025.09.22-15.42.06:134][445]LogSavePackage: Moving 'E:/GameDev/hggjam/GameJamHGGUnreal4.23.1/GameJamCrew/Saved/CheeseFactory_001A1A103B14CE88C047CBF8FB335A861A5.tmp' to 'E:/GameDev/hggjam/GameJamHGGUnreal4.23.1/GameJamCrew/Content/Levels/CheeseFactory_001.umap'
[2025.09.22-15.42.06:147][445]Cmd: OBJ SAVEPACKAGE PACKAGE="/Game/Levels/CheeseFactory_001_BuiltData" FILE="E:/GameDev/hggjam/GameJamHGGUnreal4.23.1/GameJamCrew/Content/Levels/CheeseFactory_001_BuiltData.uasset" SILENT=true
[2025.09.22-15.42.06:625][445]LogSavePackage: Moving 'E:/GameDev/hggjam/GameJamHGGUnreal4.23.1/GameJamCrew/Saved/CheeseFactory_001_BuiltData2F95F3DB423353FF9505BBA65CC3375E.tmp' to 'E:/GameDev/hggjam/GameJamHGGUnreal4.23.1/GameJamCrew/Content/Levels/CheeseFactory_001_BuiltData.uasset'
[2025.09.22-15.42.08:595][678]LogEditorViewport: Clicking on Actor (LMB): StaticMeshActor (shelf01_full70)
[2025.09.22-15.42.13:882][305]LogSlate: FSceneViewport::OnFocusLost() reason 0
[2025.09.22-15.42.16:804][654]LogActorFactory: Actor Factory created shelved_cheese_singlerow
[2025.09.22-15.42.16:864][660]LogActorFactory: Actor Factory created shelved_cheese_singlerow
[2025.09.22-15.42.16:865][660]LogSlate: FSceneViewport::OnFocusLost() reason 2
[2025.09.22-15.42.18:391][841]LogSlate: FSceneViewport::OnFocusLost() reason 5
[2025.09.22-15.42.18:395][841]Cmd: OBJ SAVEPACKAGE PACKAGE="/Game/Levels/CheeseFactory_001" FILE="E:/GameDev/hggjam/GameJamHGGUnreal4.23.1/GameJamCrew/Content/Levels/CheeseFactory_001.umap" SILENT=true AUTOSAVING=false KEEPDIRTY=false
[2025.09.22-15.42.18:415][841]LogUObjectHash: Compacting FUObjectHashTables data took   0.95ms
[2025.09.22-15.42.18:574][841]LogSavePackage: Moving 'E:/GameDev/hggjam/GameJamHGGUnreal4.23.1/GameJamCrew/Saved/CheeseFactory_001F9DE5641453F65B966DCA29C5E75BA19.tmp' to 'E:/GameDev/hggjam/GameJamHGGUnreal4.23.1/GameJamCrew/Content/Levels/CheeseFactory_001.umap'
[2025.09.22-15.42.18:586][841]Cmd: OBJ SAVEPACKAGE PACKAGE="/Game/Levels/CheeseFactory_001_BuiltData" FILE="E:/GameDev/hggjam/GameJamHGGUnreal4.23.1/GameJamCrew/Content/Levels/CheeseFactory_001_BuiltData.uasset" SILENT=true
[2025.09.22-15.42.19:064][841]LogSavePackage: Moving 'E:/GameDev/hggjam/GameJamHGGUnreal4.23.1/GameJamCrew/Saved/CheeseFactory_001_BuiltData56050569491104CA9E51AEADED18C319.tmp' to 'E:/GameDev/hggjam/GameJamHGGUnreal4.23.1/GameJamCrew/Content/Levels/CheeseFactory_001_BuiltData.uasset'
[2025.09.22-15.42.24:361][467]LogEditorViewport: Clicking on Actor (LMB): StaticMeshActor (floor01_2x174)
[2025.09.22-15.42.34:486][649]LogSlate: FSceneViewport::OnFocusLost() reason 0
[2025.09.22-15.42.40:458][362]Cmd: TRANSACTION UNDO
[2025.09.22-15.42.40:458][362]LogEditorTransaction: Undo Create Actors
[2025.09.22-15.42.40:762][397]LogSlate: FSceneViewport::OnFocusLost() reason 0
[2025.09.22-15.42.42:806][639]LogEditorViewport: Clicking on Actor (LMB): StaticMeshActor (wall01_2x127)
[2025.09.22-15.42.45:890][  4]LogSlate: FSceneViewport::OnFocusLost() reason 5
[2025.09.22-15.42.45:895][  4]Cmd: OBJ SAVEPACKAGE PACKAGE="/Game/Levels/CheeseFactory_001" FILE="E:/GameDev/hggjam/GameJamHGGUnreal4.23.1/GameJamCrew/Content/Levels/CheeseFactory_001.umap" SILENT=true AUTOSAVING=false KEEPDIRTY=false
[2025.09.22-15.42.45:914][  4]LogUObjectHash: Compacting FUObjectHashTables data took   0.93ms
[2025.09.22-15.42.46:075][  4]LogSavePackage: Moving 'E:/GameDev/hggjam/GameJamHGGUnreal4.23.1/GameJamCrew/Saved/CheeseFactory_00132B8EFC044C712E0833AF28ACF5787F9.tmp' to 'E:/GameDev/hggjam/GameJamHGGUnreal4.23.1/GameJamCrew/Content/Levels/CheeseFactory_001.umap'
[2025.09.22-15.42.46:086][  4]Cmd: OBJ SAVEPACKAGE PACKAGE="/Game/Levels/CheeseFactory_001_BuiltData" FILE="E:/GameDev/hggjam/GameJamHGGUnreal4.23.1/GameJamCrew/Content/Levels/CheeseFactory_001_BuiltData.uasset" SILENT=true
[2025.09.22-15.42.46:588][  4]LogSavePackage: Moving 'E:/GameDev/hggjam/GameJamHGGUnreal4.23.1/GameJamCrew/Saved/CheeseFactory_001_BuiltData62DF31B54A8A5A320BE69AA0176E426A.tmp' to 'E:/GameDev/hggjam/GameJamHGGUnreal4.23.1/GameJamCrew/Content/Levels/CheeseFactory_001_BuiltData.uasset'
[2025.09.22-15.42.51:890][634]LogSlate: FSceneViewport::OnFocusLost() reason 2
[2025.09.22-15.42.53:387][813]MapCheck: New page: Map Check
[2025.09.22-15.42.53:398][813]LogSlate: FSceneViewport::OnFocusLost() reason 5
[2025.09.22-15.42.53:401][813]LightingResults: New page: Lighting Build - Sep 22, 2025, 9:42:53 PM
[2025.09.22-15.42.53:405][813]LogSwarmInterface: [OpenConnection] Registering TCP channel ...
[2025.09.22-15.42.53:409][813]LogSwarmInterface: [OpenConnection] Connecting to agent ...
[2025.09.22-15.42.53:409][813]LogSwarmInterface: [TryOpenConnection] Testing the Agent
[2025.09.22-15.42.53:410][813]LogSwarmInterface: [TryOpenConnection] Opening Connection to Agent
[2025.09.22-15.42.53:410][813]LogSwarmInterface: [TryOpenConnection] Local Process ID is 3656
[2025.09.22-15.42.57:979][813]LogStaticLightingSystem: Running Lightmass w/ ImmediateImport mode ENABLED
[2025.09.22-15.42.57:979][813]LogStaticLightingSystem: Running Lightmass w/ ImmediateProcess mode ENABLED
[2025.09.22-15.42.57:979][813]LogStaticLightingSystem: Running Lightmass w/ Sorting mode ENABLED
[2025.09.22-15.42.57:979][813]LogStaticLightingSystem: Running Lightmass w/ Mapping paddings ENABLED
[2025.09.22-15.42.57:979][813]LogStaticLightingSystem: Running Lightmass w/ Mapping debug paddings DISABLED
[2025.09.22-15.42.58:056][813]LogEditorBuildUtils: Build time 0:04
[2025.09.22-15.42.58:096][814]LogUObjectHash: Compacting FUObjectHashTables data took   0.99ms
[2025.09.22-15.43.01:936][164]LightingResults: Warning: Cheese_box_without_Cheese Object has overlapping UVs.
[2025.09.22-15.43.01:936][164]LightingResults: Cheese_box_without_Cheese Lightmap UV are overlapping by 30.2%. Please adjust content - Enable Error Coloring to visualize.
[2025.09.22-15.43.02:344][202]LightingResults: Warning: Cheese_box_without_Cheese Object has overlapping UVs.
[2025.09.22-15.43.02:356][203]LightingResults: Cheese_box_without_Cheese Lightmap UV are overlapping by 30.2%. Please adjust content - Enable Error Coloring to visualize.
[2025.09.22-15.43.25:785][401]LightingResults: Warning: Skim_Milk Object has overlapping UVs.
[2025.09.22-15.43.25:785][401]LightingResults: Skim_Milk Lightmap UV are overlapping by 1.1%. Please adjust content - Enable Error Coloring to visualize.
[2025.09.22-15.43.26:552][473]LightingResults: Warning: Skim_Milk Object has overlapping UVs.
[2025.09.22-15.43.26:552][473]LightingResults: Skim_Milk Lightmap UV are overlapping by 1.1%. Please adjust content - Enable Error Coloring to visualize.
[2025.09.22-15.43.28:311][638]LightingResults: Warning: Skim_Milk Object has overlapping UVs.
[2025.09.22-15.43.28:311][638]LightingResults: Skim_Milk Lightmap UV are overlapping by 1.1%. Please adjust content - Enable Error Coloring to visualize.
[2025.09.22-15.43.30:850][876]LightingResults: Warning: cylinder Object has overlapping UVs.
[2025.09.22-15.43.30:850][876]LightingResults: cylinder Lightmap UV are overlapping by 6.0%. Please adjust content - Enable Error Coloring to visualize.
[2025.09.22-15.43.40:377][771]LightingResults: Warning: Cheese_box_without_Cheese Object has overlapping UVs.
[2025.09.22-15.43.40:377][771]LightingResults: Cheese_box_without_Cheese Lightmap UV are overlapping by 30.2%. Please adjust content - Enable Error Coloring to visualize.
[2025.09.22-15.43.41:337][861]LightingResults: Warning: Cheese_box_without_Cheese Object has overlapping UVs.
[2025.09.22-15.43.41:337][861]LightingResults: Cheese_box_without_Cheese Lightmap UV are overlapping by 30.2%. Please adjust content - Enable Error Coloring to visualize.
[2025.09.22-15.43.42:206][942]LightingResults: Warning: Cheese_box_without_Cheese Object has overlapping UVs.
[2025.09.22-15.43.42:206][942]LightingResults: Cheese_box_without_Cheese Lightmap UV are overlapping by 30.2%. Please adjust content - Enable Error Coloring to visualize.
[2025.09.22-15.43.43:176][ 33]LightingResults: Warning: Cheese_box_with_Cheese Object has overlapping UVs.
[2025.09.22-15.43.43:176][ 33]LightingResults: Cheese_box_with_Cheese Lightmap UV are overlapping by 20.1%. Please adjust content - Enable Error Coloring to visualize.
[2025.09.22-15.43.43:969][108]Job is a success!
[2025.09.22-15.43.43:992][109]LogSlate: FSceneViewport::OnFocusLost() reason 5
[2025.09.22-15.43.44:031][109]LogVolumetricLightmapImport: Imported Volumetric Lightmap in 0.003s
[2025.09.22-15.43.44:031][109]LogVolumetricLightmapImport:      Indirection Texture 16x16x16 = 0.0Mb
[2025.09.22-15.43.44:031][109]LogVolumetricLightmapImport:      BrickData 90x5x5 = 0.1Mb
[2025.09.22-15.43.44:031][109]LogVolumetricLightmapImport:      Bricks at Level
[2025.09.22-15.43.44:031][109]LogVolumetricLightmapImport:          0: 5.6% covering 100.0% of volume
[2025.09.22-15.43.44:031][109]LogVolumetricLightmapImport:          1: 5.6% covering 1.6% of volume
[2025.09.22-15.43.44:031][109]LogVolumetricLightmapImport:          2: 88.9% covering 0.4% of volume
[2025.09.22-15.43.45:735][109]LogTexture: Display: Building textures: HQ_Lightmap1_1 (AutoDXT, 1024X1024)
[2025.09.22-15.43.45:735][109]LogTexture: Display: Building textures: LQ_Lightmap_1_1 (DXT1, 1024X1024)
[2025.09.22-15.43.45:735][109]LogTexture: Display: Building textures: HQ_Lightmap1_2 (AutoDXT, 1024X1024)
[2025.09.22-15.43.45:735][109]LogTexture: Display: Building textures: LQ_Lightmap_1_2 (DXT1, 1024X1024)
[2025.09.22-15.43.45:735][109]LogTexture: Display: Building textures: HQ_Lightmap1_3 (AutoDXT, 1024X1024)
[2025.09.22-15.43.45:735][109]LogTexture: Display: Building textures: LQ_Lightmap_1_3 (DXT1, 1024X1024)
[2025.09.22-15.43.45:735][109]LogTexture: Display: Building textures: HQ_Lightmap1_4 (AutoDXT, 1024X1024)
[2025.09.22-15.43.45:735][109]LogTexture: Display: Building textures: LQ_Lightmap_1_4 (DXT1, 1024X1024)
[2025.09.22-15.43.45:735][109]LogTexture: Display: Building textures: HQ_Lightmap1_5 (AutoDXT, 1024X1024)
[2025.09.22-15.43.45:735][109]LogTexture: Display: Building textures: LQ_Lightmap_1_5 (DXT1, 1024X1024)
[2025.09.22-15.43.45:735][109]LogTexture: Display: Building textures: HQ_Lightmap1_6 (AutoDXT, 1024X1024)
[2025.09.22-15.43.45:735][109]LogTexture: Display: Building textures: LQ_Lightmap_1_6 (DXT1, 1024X1024)
[2025.09.22-15.43.45:735][109]LogTexture: Display: Building textures: HQ_Lightmap1_7 (AutoDXT, 1024X1024)
[2025.09.22-15.43.45:735][109]LogTexture: Display: Building textures: LQ_Lightmap_1_7 (DXT1, 1024X1024)
[2025.09.22-15.43.45:735][109]LogTexture: Display: Building textures: HQ_Lightmap1_8 (AutoDXT, 1024X1024)
[2025.09.22-15.43.45:735][109]LogTexture: Display: Building textures: LQ_Lightmap_1_8 (DXT1, 1024X1024)
[2025.09.22-15.43.45:735][109]LogTexture: Display: Building textures: HQ_Lightmap1_9 (AutoDXT, 1024X1024)
[2025.09.22-15.43.45:735][109]LogTexture: Display: Building textures: HQ_Lightmap1_10 (AutoDXT, 1024X1024)
[2025.09.22-15.43.45:735][109]LogTexture: Display: Building textures: LQ_Lightmap_1_9 (DXT1, 1024X1024)
[2025.09.22-15.43.45:735][109]LogTexture: Display: Building textures: LQ_Lightmap_1_10 (DXT1, 1024X1024)
[2025.09.22-15.43.45:735][109]LogTexture: Display: Building textures: HQ_Lightmap1_11 (AutoDXT, 1024X1024)
[2025.09.22-15.43.45:735][109]LogTexture: Display: Building textures: LQ_Lightmap_1_11 (DXT1, 1024X1024)
[2025.09.22-15.43.45:735][109]LogTexture: Display: Building textures: HQ_Lightmap1_12 (AutoDXT, 1024X1024)
[2025.09.22-15.43.45:735][109]LogTexture: Display: Building textures: LQ_Lightmap_1_12 (DXT1, 1024X1024)
[2025.09.22-15.43.45:735][109]LogTexture: Display: Building textures: HQ_Lightmap1_13 (AutoDXT, 1024X1024)
[2025.09.22-15.43.45:735][109]LogTexture: Display: Building textures: LQ_Lightmap_1_13 (DXT1, 1024X1024)
[2025.09.22-15.43.45:735][109]LogTexture: Display: Building textures: HQ_Lightmap1_14 (AutoDXT, 1024X1024)
[2025.09.22-15.43.45:735][109]LogTexture: Display: Building textures: LQ_Lightmap_1_14 (DXT1, 1024X1024)
[2025.09.22-15.43.45:735][109]LogTexture: Display: Building textures: HQ_Lightmap1_15 (AutoDXT, 1024X1024)
[2025.09.22-15.43.45:735][109]LogTexture: Display: Building textures: LQ_Lightmap_1_15 (DXT1, 1024X1024)
[2025.09.22-15.43.45:735][109]LogTexture: Display: Building textures: HQ_Lightmap1_16 (AutoDXT, 1024X1024)
[2025.09.22-15.43.45:735][109]LogTexture: Display: Building textures: LQ_Lightmap_1_16 (DXT1, 1024X1024)
[2025.09.22-15.43.45:735][109]LogTexture: Display: Building textures: HQ_Lightmap1_17 (AutoDXT, 512X512)
[2025.09.22-15.43.45:735][109]LogTexture: Display: Building textures: LQ_Lightmap_1_17 (DXT1, 512X512)
[2025.09.22-15.43.45:735][109]LogTexture: Display: Building textures: HQ_Lightmap0_18 (AutoDXT, 64X64)
[2025.09.22-15.43.45:735][109]LogTexture: Display: Building textures: LQ_Lightmap_0_18 (DXT1, 64X64)
[2025.09.22-15.43.45:868][109]LogTexture: Display: Building textures: ShadowMapTexture2D_20 (G8, 32X32)
[2025.09.22-15.43.45:868][109]LogTexture: Display: Building textures: ShadowMapTexture2D_19 (G8, 1024X512)
[2025.09.22-15.43.45:868][109]LogTexture: Display: Building textures: ShadowMapTexture2D_16 (G8, 1024X1024)
[2025.09.22-15.43.45:868][109]LogTexture: Display: Building textures: ShadowMapTexture2D_15 (G8, 1024X1024)
[2025.09.22-15.43.45:868][109]LogTexture: Display: Building textures: ShadowMapTexture2D_18 (G8, 1024X1024)
[2025.09.22-15.43.45:868][109]LogTexture: Display: Building textures: ShadowMapTexture2D_14 (G8, 1024X1024)
[2025.09.22-15.43.45:868][109]LogTexture: Display: Building textures: ShadowMapTexture2D_17 (G8, 1024X1024)
[2025.09.22-15.43.45:889][109]LogStaticLightingSystem: CheeseFactory_001_BuiltData storing lightmap data for 739 meshes in 38 LightmapResourceClusters (19.4 Meshes per cluster).
[2025.09.22-15.43.45:913][109]Lightmass on CECOMAIN: 47.6 sec total, 84 ms importing, 35 ms setup, 2.96 sec photons, 44.4 sec processing, 0 ms extra exporting [739/739 mappings]. Threads: 11:06 min total, 8:02 min processing.
[2025.09.22-15.43.45:915][109]LogUObjectHash: Compacting FUObjectHashTables data took   0.82ms
[2025.09.22-15.43.45:919][109]LogStaticLightingSystem: Illumination: 52.5 sec (1.34 sec encoding lightmaps, 126 ms encoding shadowmaps)
[2025.09.22-15.43.45:919][109]LogStaticLightingSystem: Lightmap texture memory:  32.5 MB (32.5 MB streaming, 0.0 MB non-streaming), 36 textures
[2025.09.22-15.43.45:919][109]LogStaticLightingSystem: Shadowmap texture memory: 7.3 MB (7.3 MB streaming, 0.0 MB non-streaming), 7 textures
[2025.09.22-15.43.46:024][109]DumpUnbuiltLightIteractions
[2025.09.22-15.43.46:024][109]Lights with unbuilt interactions: 0
[2025.09.22-15.43.46:024][109]
[2025.09.22-15.43.46:024][109]Primitives with unbuilt interactions: 0
[2025.09.22-15.43.46:134][110]Cmd: MAP CHECK NOTIFYRESULTS
[2025.09.22-15.43.46:134][110]MapCheck: New page: CheeseFactory_001 - Sep 22, 2025, 9:43:46 PM
[2025.09.22-15.43.46:136][110]MapCheck: Map check complete: 0 Error(s), 0 Warning(s), took 1.897ms to complete.
[2025.09.22-15.43.48:448][387]LogSlate: FSceneViewport::OnFocusLost() reason 0
[2025.09.22-15.43.48:538][398]LogSlate: Window 'Message Log' being destroyed
[2025.09.22-15.43.48:543][398]LogSlate: Window 'Message Log' being destroyed
[2025.09.22-15.43.53:706][ 15]LogEditorViewport: Clicking on Actor (LMB): StaticMeshActor (shelf01_full60)
[2025.09.22-15.43.59:156][663]LogEditorViewport: Clicking on Actor (LMB): StaticMeshActor (wall01_2x113)
[2025.09.22-15.44.10:435][ 12]LogSlate: FSceneViewport::OnFocusLost() reason 5
[2025.09.22-15.44.12:142][214]LogSlate: Updating window title bar state: overlay mode, drag disabled, window buttons hidden, title bar hidden
[2025.09.22-15.44.12:146][214]LogSlate: Updating window title bar state: overlay mode, drag disabled, window buttons hidden, title bar hidden
[2025.09.22-15.44.12:148][214]LogSlate: Updating window title bar state: overlay mode, drag disabled, window buttons hidden, title bar hidden
[2025.09.22-15.44.12:152][214]LogSlate: Updating window title bar state: overlay mode, drag disabled, window buttons hidden, title bar hidden
[2025.09.22-15.44.12:153][214]LogSlate: FSceneViewport::OnFocusLost() reason 2
[2025.09.22-15.44.12:194][215]LogRenderer: Reallocating scene render targets to support 1776x888 Format 10 NumSamples 1 (Frame:158729).
[2025.09.22-15.44.17:562][855]LogSlate: FSceneViewport::OnFocusLost() reason 5
[2025.09.22-15.44.18:528][968]LogSlate: Updating window title bar state: overlay mode, drag disabled, window buttons hidden, title bar hidden
[2025.09.22-15.44.18:529][968]LogSlate: Updating window title bar state: overlay mode, drag disabled, window buttons hidden, title bar hidden
[2025.09.22-15.44.18:534][968]LogSlate: Updating window title bar state: overlay mode, drag disabled, window buttons hidden, title bar hidden
[2025.09.22-15.44.18:537][968]LogSlate: Updating window title bar state: overlay mode, drag disabled, window buttons hidden, title bar hidden
[2025.09.22-15.44.18:538][968]LogSlate: FSceneViewport::OnFocusLost() reason 2
[2025.09.22-15.44.32:159][598]LogEditorViewport: Clicking on Actor (LMB): StaticMeshActor (Channel31)
[2025.09.22-15.45.05:508][574]LogEditorViewport: Clicking on Actor (LMB): StaticMeshActor (Channel45)
[2025.09.22-15.45.18:824][157]LogEditorViewport: Clicking on Actor (LMB): StaticMeshActor (Channel42)
[2025.09.22-15.45.38:698][512]LogEditorViewport: Clicking on Actor (LMB): StaticMeshActor (wall01_2x128)
[2025.09.22-15.45.42:193][928]LogEditorViewport: Clicking on Actor (LMB): StaticMeshActor (pillar01_half47)
[2025.09.22-15.46.27:417][312]LogEditorViewport: Clicking on Actor (LMB): StaticMeshActor (shelf01_full65)
[2025.09.22-15.46.42:277][ 81]Cmd: TRANSACTION UNDO
[2025.09.22-15.46.42:277][ 81]LogEditorTransaction: Undo Move Actors
[2025.09.22-15.46.43:725][238]LogEditorViewport: Clicking on Actor (LMB): StaticMeshActor (wall01_2x67)
[2025.09.22-15.46.48:739][833]LogEditorViewport: Clicking on Actor (LMB): StaticMeshActor (Channel48)
[2025.09.22-15.46.51:530][164]Cmd: DELETE
[2025.09.22-15.46.51:530][164]Cmd: ACTOR DELETE
[2025.09.22-15.46.51:536][164]LogEditorActor: Deleted Actor: StaticMeshActor
[2025.09.22-15.46.51:556][164]LogUObjectHash: Compacting FUObjectHashTables data took   0.75ms
[2025.09.22-15.46.51:557][164]LogEditorActor: Deleted 1 Actors (0.026 secs)
[2025.09.22-15.46.51:916][207]LogEditorViewport: Clicking on Actor (LMB): StaticMeshActor (Channel47)
[2025.09.22-15.47.02:417][464]LogSlate: FSceneViewport::OnFocusLost() reason 0
[2025.09.22-15.47.07:014][ 15]LogEditorViewport: Clicking on Actor (LMB): StaticMeshActor (Channel46)
[2025.09.22-15.47.10:212][394]Cmd: DELETE
[2025.09.22-15.47.10:212][394]Cmd: ACTOR DELETE
[2025.09.22-15.47.10:218][394]LogEditorActor: Deleted Actor: StaticMeshActor
[2025.09.22-15.47.10:237][394]LogUObjectHash: Compacting FUObjectHashTables data took   0.72ms
[2025.09.22-15.47.10:238][394]LogEditorActor: Deleted 1 Actors (0.025 secs)
[2025.09.22-15.47.10:436][418]LogEditorViewport: Clicking on Actor (LMB): StaticMeshActor (Channel47)
[2025.09.22-15.47.16:044][ 85]LogEditorViewport: Clicking on Actor (LMB): StaticMeshActor (Channel54)
[2025.09.22-15.47.16:562][145]Cmd: DELETE
[2025.09.22-15.47.16:562][145]Cmd: ACTOR DELETE
[2025.09.22-15.47.16:568][145]LogEditorActor: Deleted Actor: StaticMeshActor
[2025.09.22-15.47.16:587][145]LogUObjectHash: Compacting FUObjectHashTables data took   0.81ms
[2025.09.22-15.47.16:587][145]LogEditorActor: Deleted 1 Actors (0.025 secs)
[2025.09.22-15.47.16:778][168]LogEditorViewport: Clicking on Actor (LMB): StaticMeshActor (Channel55)
[2025.09.22-15.47.16:803][169]Cmd: DELETE
[2025.09.22-15.47.16:803][169]Cmd: ACTOR DELETE
[2025.09.22-15.47.16:809][169]LogEditorActor: Deleted Actor: StaticMeshActor
[2025.09.22-15.47.16:828][169]LogUObjectHash: Compacting FUObjectHashTables data took   0.40ms
[2025.09.22-15.47.16:828][169]LogEditorActor: Deleted 1 Actors (0.025 secs)
[2025.09.22-15.47.17:946][303]LogEditorViewport: Clicking on Actor (LMB): StaticMeshActor (Channel47)
[2025.09.22-15.47.22:432][831]LogSlate: FSceneViewport::OnFocusLost() reason 5
[2025.09.22-15.47.22:437][831]Cmd: OBJ SAVEPACKAGE PACKAGE="/Game/Levels/CheeseFactory_001" FILE="E:/GameDev/hggjam/GameJamHGGUnreal4.23.1/GameJamCrew/Content/Levels/CheeseFactory_001.umap" SILENT=true AUTOSAVING=false KEEPDIRTY=false
[2025.09.22-15.47.22:456][831]LogUObjectHash: Compacting FUObjectHashTables data took   0.72ms
[2025.09.22-15.47.22:621][831]LogSavePackage: Moving 'E:/GameDev/hggjam/GameJamHGGUnreal4.23.1/GameJamCrew/Saved/CheeseFactory_0010AEA14E84684C95B12B8128500E1FE84.tmp' to 'E:/GameDev/hggjam/GameJamHGGUnreal4.23.1/GameJamCrew/Content/Levels/CheeseFactory_001.umap'
[2025.09.22-15.47.22:633][831]Cmd: OBJ SAVEPACKAGE PACKAGE="/Game/Levels/CheeseFactory_001_BuiltData" FILE="E:/GameDev/hggjam/GameJamHGGUnreal4.23.1/GameJamCrew/Content/Levels/CheeseFactory_001_BuiltData.uasset" SILENT=true
[2025.09.22-15.47.23:114][831]LogSavePackage: Moving 'E:/GameDev/hggjam/GameJamHGGUnreal4.23.1/GameJamCrew/Saved/CheeseFactory_001_BuiltDataA075092E48C4C4080E30188B1BC75E63.tmp' to 'E:/GameDev/hggjam/GameJamHGGUnreal4.23.1/GameJamCrew/Content/Levels/CheeseFactory_001_BuiltData.uasset'
[2025.09.22-15.47.29:132][550]LogEditorViewport: Clicking on Actor (LMB): StaticMeshActor (Channel49)
[2025.09.22-15.48.06:681][ 11]LogSlate: FSceneViewport::OnFocusLost() reason 0
[2025.09.22-15.48.12:732][727]LogActorFactory: Actor Factory created I_Beam
[2025.09.22-15.48.12:753][728]LogActorFactory: Actor Factory created I_Beam
[2025.09.22-15.48.12:754][728]LogSlate: FSceneViewport::OnFocusLost() reason 2
[2025.09.22-15.48.12:833][736]LogActorFactory: Actor Factory created I_Beam
[2025.09.22-15.48.12:834][736]LogSlate: FSceneViewport::OnFocusLost() reason 2
[2025.09.22-15.48.23:404][  0]LogEditorViewport: Clicking on Actor (LMB): StaticMeshActor (Channel62)
[2025.09.22-15.48.32:026][ 27]LogSlate: FSceneViewport::OnFocusLost() reason 0
[2025.09.22-15.48.32:196][ 46]LogAssetEditorManager: Opening Asset editor for StaticMesh /Game/LevelAssets/Models/Props/Beams/Wide_beam.Wide_beam
[2025.09.22-15.48.34:058][256]LogSlate: Window 'Wide_beam' being destroyed
[2025.09.22-15.48.34:063][256]LogSlate: Window 'Wide_beam' being destroyed
[2025.09.22-15.48.34:067][256]LogWorld: UWorld::CleanupWorld for World_6, bSessionEnded=true, bCleanupResources=true
[2025.09.22-15.48.34:937][354]LogActorFactory: Actor Factory created Wide_beam
[2025.09.22-15.48.34:997][360]LogActorFactory: Actor Factory created Wide_beam
[2025.09.22-15.48.34:998][360]LogSlate: FSceneViewport::OnFocusLost() reason 2
[2025.09.22-15.48.39:281][872]Cmd: TRANSACTION UNDO
[2025.09.22-15.48.39:281][872]LogEditorTransaction: Undo Edit Static Mesh
[2025.09.22-15.48.39:544][898]Cmd: TRANSACTION UNDO
[2025.09.22-15.48.39:544][898]LogEditorTransaction: Undo Rotate Actors
[2025.09.22-15.48.39:777][916]Cmd: TRANSACTION UNDO
[2025.09.22-15.48.39:778][916]LogEditorTransaction: Undo Clicking on Actors
[2025.09.22-15.48.44:077][427]LogSlate: FSceneViewport::OnFocusLost() reason 0
[2025.09.22-15.48.44:210][442]LogActorFactory: Actor Factory created Wide_beam
[2025.09.22-15.48.44:227][443]LogActorFactory: Actor Factory created Wide_beam
[2025.09.22-15.48.44:228][443]LogSlate: FSceneViewport::OnFocusLost() reason 2
[2025.09.22-15.48.44:266][447]LogActorFactory: Actor Factory created Wide_beam
[2025.09.22-15.48.44:267][447]LogSlate: FSceneViewport::OnFocusLost() reason 2
[2025.09.22-15.48.49:943][124]LogSlate: FSceneViewport::OnFocusLost() reason 0
[2025.09.22-15.48.50:051][136]LogActorFactory: Actor Factory created I_Beam
[2025.09.22-15.48.50:085][139]LogActorFactory: Actor Factory created I_Beam
[2025.09.22-15.48.50:085][139]LogSlate: FSceneViewport::OnFocusLost() reason 2
[2025.09.22-15.48.52:634][444]LogActorFactory: Actor Factory created I_Beam
[2025.09.22-15.48.54:038][610]Cmd: DELETE
[2025.09.22-15.48.54:038][610]Cmd: ACTOR DELETE
[2025.09.22-15.48.54:043][610]LogEditorActor: Deleted Actor: StaticMeshActor
[2025.09.22-15.48.54:063][610]LogUObjectHash: Compacting FUObjectHashTables data took   1.00ms
[2025.09.22-15.48.54:063][610]LogEditorActor: Deleted 1 Actors (0.026 secs)
[2025.09.22-15.48.54:306][639]LogEditorViewport: Clicking on Actor (LMB): StaticMeshActor (Channel62)
[2025.09.22-15.48.58:890][180]LogSlate: FSceneViewport::OnFocusLost() reason 0
[2025.09.22-15.48.59:064][200]LogActorFactory: Actor Factory created I_Beam
[2025.09.22-15.48.59:080][201]LogActorFactory: Actor Factory created I_Beam
[2025.09.22-15.48.59:082][201]LogSlate: FSceneViewport::OnFocusLost() reason 2
[2025.09.22-15.48.59:138][207]LogActorFactory: Actor Factory created I_Beam
[2025.09.22-15.48.59:139][207]LogSlate: FSceneViewport::OnFocusLost() reason 2
[2025.09.22-15.49.07:032][151]LogSlate: FSceneViewport::OnFocusLost() reason 0
[2025.09.22-15.49.08:385][313]LogEditorViewport: Clicking on Actor (LMB): StaticMeshActor (wall01_2x127)
[2025.09.22-15.49.09:357][427]LogEditorViewport: Clicking on Actor (LMB): StaticMeshActor (Channel76)
[2025.09.22-15.49.14:491][ 39]LogSlate: FSceneViewport::OnFocusLost() reason 0
[2025.09.22-15.49.14:722][ 66]LogActorFactory: Actor Factory created HSS_Hole_Through_
[2025.09.22-15.49.15:181][121]LogActorFactory: Actor Factory created HSS_Hole_Through_
[2025.09.22-15.49.16:957][331]Cmd: DELETE
[2025.09.22-15.49.16:957][331]Cmd: ACTOR DELETE
[2025.09.22-15.49.16:962][331]LogEditorActor: Deleted Actor: StaticMeshActor
[2025.09.22-15.49.16:982][331]LogUObjectHash: Compacting FUObjectHashTables data took   0.83ms
[2025.09.22-15.49.16:982][331]LogEditorActor: Deleted 1 Actors (0.025 secs)
[2025.09.22-15.49.22:134][948]LogEditorViewport: Clicking on Actor (LMB): StaticMeshActor (Channel76)
[2025.09.22-15.49.25:385][334]LogSlate: FSceneViewport::OnFocusLost() reason 0
[2025.09.22-15.49.26:722][494]Cmd: TRANSACTION UNDO
[2025.09.22-15.49.26:722][494]LogEditorTransaction: Undo Set Scale
[2025.09.22-15.49.28:401][691]Cmd: TRANSACTION UNDO
[2025.09.22-15.49.28:401][691]LogEditorTransaction: Undo Set Scale
[2025.09.22-15.49.49:777][245]LogSlate: FSceneViewport::OnFocusLost() reason 0
[2025.09.22-15.49.54:568][815]LogSlate: FSceneViewport::OnFocusLost() reason 0
[2025.09.22-15.50.01:661][660]Cmd: TRANSACTION UNDO
[2025.09.22-15.50.01:661][660]LogEditorTransaction: Undo Move Actors
[2025.09.22-15.50.04:571][  6]Cmd: TRANSACTION UNDO
[2025.09.22-15.50.04:571][  6]LogEditorTransaction: Undo Move Actors
[2025.09.22-15.50.05:102][ 69]LogSlate: FSceneViewport::OnFocusLost() reason 0
[2025.09.22-15.50.22:759][171]LogSlate: FSceneViewport::OnFocusLost() reason 5
[2025.09.22-15.50.22:766][171]Cmd: OBJ SAVEPACKAGE PACKAGE="/Game/Levels/CheeseFactory_001" FILE="E:/GameDev/hggjam/GameJamHGGUnreal4.23.1/GameJamCrew/Content/Levels/CheeseFactory_001.umap" SILENT=true AUTOSAVING=false KEEPDIRTY=false
[2025.09.22-15.50.22:785][171]LogUObjectHash: Compacting FUObjectHashTables data took   0.74ms
[2025.09.22-15.50.22:954][171]LogSavePackage: Moving 'E:/GameDev/hggjam/GameJamHGGUnreal4.23.1/GameJamCrew/Saved/CheeseFactory_00120331796455D53F5949FB4B6BC22037B.tmp' to 'E:/GameDev/hggjam/GameJamHGGUnreal4.23.1/GameJamCrew/Content/Levels/CheeseFactory_001.umap'
[2025.09.22-15.50.22:965][171]Cmd: OBJ SAVEPACKAGE PACKAGE="/Game/Levels/CheeseFactory_001_BuiltData" FILE="E:/GameDev/hggjam/GameJamHGGUnreal4.23.1/GameJamCrew/Content/Levels/CheeseFactory_001_BuiltData.uasset" SILENT=true
[2025.09.22-15.50.23:467][171]LogSavePackage: Moving 'E:/GameDev/hggjam/GameJamHGGUnreal4.23.1/GameJamCrew/Saved/CheeseFactory_001_BuiltDataC85638A54F95C0E462193083A8B578CB.tmp' to 'E:/GameDev/hggjam/GameJamHGGUnreal4.23.1/GameJamCrew/Content/Levels/CheeseFactory_001_BuiltData.uasset'
[2025.09.22-15.50.41:081][280]LogEditorViewport: Clicking on Actor (LMB): StaticMeshActor (wall01_2x76)
[2025.09.22-15.50.44:062][634]LogEditorViewport: Clicking on Actor (LMB): StaticMeshActor (Channel83)
[2025.09.22-15.50.53:077][712]LogEditorViewport: Clicking on Actor (LMB): StaticMeshActor (Channel76)
[2025.09.22-15.50.54:747][909]LogEditorViewport: Clicking on Actor (LMB): StaticMeshActor (Channel42)
[2025.09.22-15.51.04:416][ 58]LogSlate: FSceneViewport::OnFocusLost() reason 0
[2025.09.22-15.51.12:880][ 72]LogEditorViewport: Clicking on Actor (LMB): StaticMeshActor (pillar01_half45)
[2025.09.22-15.51.13:839][184]Cmd: TRANSACTION UNDO
[2025.09.22-15.51.13:839][184]LogEditorTransaction: Undo Clicking on Actors
[2025.09.22-15.51.14:213][217]Cmd: TRANSACTION UNDO
[2025.09.22-15.51.14:213][217]LogEditorTransaction: Undo Set Scale
[2025.09.22-15.51.15:406][358]LogSlate: FSceneViewport::OnFocusLost() reason 0
[2025.09.22-15.51.46:380][ 58]Cmd: DELETE
[2025.09.22-15.51.46:380][ 58]Cmd: ACTOR DELETE
[2025.09.22-15.51.46:387][ 58]LogEditorActor: Deleted Actor: StaticMeshActor
[2025.09.22-15.51.46:387][ 58]LogEditorActor: Deleted Actor: StaticMeshActor
[2025.09.22-15.51.46:407][ 58]LogUObjectHash: Compacting FUObjectHashTables data took   1.07ms
[2025.09.22-15.51.46:408][ 58]LogEditorActor: Deleted 2 Actors (0.026 secs)
[2025.09.22-15.51.47:044][134]Cmd: TRANSACTION UNDO
[2025.09.22-15.51.47:044][134]LogEditorTransaction: Undo Delete Actors
[2025.09.22-15.51.47:473][180]Cmd: TRANSACTION UNDO
[2025.09.22-15.51.47:473][180]LogEditorTransaction: Undo Move Actors
[2025.09.22-15.52.11:312][  6]LogSlate: FSceneViewport::OnFocusLost() reason 5
[2025.09.22-15.52.11:316][  6]Cmd: OBJ SAVEPACKAGE PACKAGE="/Game/Levels/CheeseFactory_001" FILE="E:/GameDev/hggjam/GameJamHGGUnreal4.23.1/GameJamCrew/Content/Levels/CheeseFactory_001.umap" SILENT=true AUTOSAVING=false KEEPDIRTY=false
[2025.09.22-15.52.11:337][  6]LogUObjectHash: Compacting FUObjectHashTables data took   0.83ms
[2025.09.22-15.52.11:504][  6]LogSavePackage: Moving 'E:/GameDev/hggjam/GameJamHGGUnreal4.23.1/GameJamCrew/Saved/CheeseFactory_0013F1EFFE8494F522B862E1CB119101330.tmp' to 'E:/GameDev/hggjam/GameJamHGGUnreal4.23.1/GameJamCrew/Content/Levels/CheeseFactory_001.umap'
[2025.09.22-15.52.11:516][  6]Cmd: OBJ SAVEPACKAGE PACKAGE="/Game/Levels/CheeseFactory_001_BuiltData" FILE="E:/GameDev/hggjam/GameJamHGGUnreal4.23.1/GameJamCrew/Content/Levels/CheeseFactory_001_BuiltData.uasset" SILENT=true
[2025.09.22-15.52.11:999][  6]LogSavePackage: Moving 'E:/GameDev/hggjam/GameJamHGGUnreal4.23.1/GameJamCrew/Saved/CheeseFactory_001_BuiltDataF7A304C34869C0C4C9435D9209DF9343.tmp' to 'E:/GameDev/hggjam/GameJamHGGUnreal4.23.1/GameJamCrew/Content/Levels/CheeseFactory_001_BuiltData.uasset'
[2025.09.22-15.52.15:244][391]MapCheck: New page: Map Check
[2025.09.22-15.52.15:254][391]LightingResults: New page: Lighting Build - Sep 22, 2025, 9:52:15 PM
[2025.09.22-15.52.15:259][391]LogSwarmInterface: [OpenConnection] Registering TCP channel ...
[2025.09.22-15.52.15:265][391]LogSwarmInterface: [OpenConnection] Connecting to agent ...
[2025.09.22-15.52.15:265][391]LogSwarmInterface: [TryOpenConnection] Testing the Agent
[2025.09.22-15.52.15:266][391]LogSwarmInterface: [TryOpenConnection] Opening Connection to Agent
[2025.09.22-15.52.15:266][391]LogSwarmInterface: [TryOpenConnection] Local Process ID is 3656
[2025.09.22-15.52.19:824][391]LogStaticLightingSystem: Running Lightmass w/ ImmediateImport mode ENABLED
[2025.09.22-15.52.19:824][391]LogStaticLightingSystem: Running Lightmass w/ ImmediateProcess mode ENABLED
[2025.09.22-15.52.19:824][391]LogStaticLightingSystem: Running Lightmass w/ Sorting mode ENABLED
[2025.09.22-15.52.19:824][391]LogStaticLightingSystem: Running Lightmass w/ Mapping paddings ENABLED
[2025.09.22-15.52.19:824][391]LogStaticLightingSystem: Running Lightmass w/ Mapping debug paddings DISABLED
[2025.09.22-15.52.19:903][391]LogEditorBuildUtils: Build time 0:04
[2025.09.22-15.52.19:943][392]LogUObjectHash: Compacting FUObjectHashTables data took   1.00ms
[2025.09.22-15.52.26:624][ 10]LightingResults: Warning: Cheese_box_without_Cheese Object has overlapping UVs.
[2025.09.22-15.52.26:624][ 10]LightingResults: Cheese_box_without_Cheese Lightmap UV are overlapping by 30.2%. Please adjust content - Enable Error Coloring to visualize.
[2025.09.22-15.52.27:240][ 68]LightingResults: Warning: Cheese_box_without_Cheese Object has overlapping UVs.
[2025.09.22-15.52.27:240][ 68]LightingResults: Cheese_box_without_Cheese Lightmap UV are overlapping by 30.2%. Please adjust content - Enable Error Coloring to visualize.
[2025.09.22-15.52.27:861][126]LightingResults: Warning: Cheese_box_without_Cheese Object has overlapping UVs.
[2025.09.22-15.52.27:861][126]LightingResults: Cheese_box_without_Cheese Lightmap UV are overlapping by 30.2%. Please adjust content - Enable Error Coloring to visualize.
[2025.09.22-15.52.29:103][242]LightingResults: Warning: Cheese_box_with_Cheese Object has overlapping UVs.
[2025.09.22-15.52.29:103][242]LightingResults: Cheese_box_with_Cheese Lightmap UV are overlapping by 20.1%. Please adjust content - Enable Error Coloring to visualize.
[2025.09.22-15.52.29:519][281]LightingResults: Warning: Cheese_box_without_Cheese Object has overlapping UVs.
[2025.09.22-15.52.29:519][281]LightingResults: Cheese_box_without_Cheese Lightmap UV are overlapping by 30.2%. Please adjust content - Enable Error Coloring to visualize.
[2025.09.22-15.52.30:179][343]LightingResults: Warning: Cheese_box_without_Cheese Object has overlapping UVs.
[2025.09.22-15.52.30:179][343]LightingResults: Cheese_box_without_Cheese Lightmap UV are overlapping by 30.2%. Please adjust content - Enable Error Coloring to visualize.
[2025.09.22-15.52.49:471][158]LightingResults: Warning: Skim_Milk Object has overlapping UVs.
[2025.09.22-15.52.49:471][158]LightingResults: Skim_Milk Lightmap UV are overlapping by 1.1%. Please adjust content - Enable Error Coloring to visualize.
[2025.09.22-15.52.50:621][266]LightingResults: Warning: Skim_Milk Object has overlapping UVs.
[2025.09.22-15.52.50:621][266]LightingResults: Skim_Milk Lightmap UV are overlapping by 1.1%. Please adjust content - Enable Error Coloring to visualize.
[2025.09.22-15.52.52:251][419]LightingResults: Warning: Skim_Milk Object has overlapping UVs.
[2025.09.22-15.52.52:251][419]LightingResults: Skim_Milk Lightmap UV are overlapping by 1.1%. Please adjust content - Enable Error Coloring to visualize.
[2025.09.22-15.52.57:274][891]LightingResults: Warning: cylinder Object has overlapping UVs.
[2025.09.22-15.52.57:274][891]LightingResults: cylinder Lightmap UV are overlapping by 6.0%. Please adjust content - Enable Error Coloring to visualize.
[2025.09.22-15.53.10:732][157]Job is a success!
[2025.09.22-15.53.10:801][158]LogVolumetricLightmapImport: Imported Volumetric Lightmap in 0.003s
[2025.09.22-15.53.10:801][158]LogVolumetricLightmapImport:      Indirection Texture 16x16x16 = 0.0Mb
[2025.09.22-15.53.10:801][158]LogVolumetricLightmapImport:      BrickData 90x5x5 = 0.1Mb
[2025.09.22-15.53.10:801][158]LogVolumetricLightmapImport:      Bricks at Level
[2025.09.22-15.53.10:801][158]LogVolumetricLightmapImport:          0: 5.6% covering 100.0% of volume
[2025.09.22-15.53.10:801][158]LogVolumetricLightmapImport:          1: 5.6% covering 1.6% of volume
[2025.09.22-15.53.10:801][158]LogVolumetricLightmapImport:          2: 88.9% covering 0.4% of volume
[2025.09.22-15.53.12:580][158]LogTexture: Display: Building textures: HQ_Lightmap0_1 (AutoDXT, 1024X1024)
[2025.09.22-15.53.12:580][158]LogTexture: Display: Building textures: LQ_Lightmap_0_1 (DXT1, 1024X1024)
[2025.09.22-15.53.12:580][158]LogTexture: Display: Building textures: HQ_Lightmap0_2 (AutoDXT, 1024X1024)
[2025.09.22-15.53.12:580][158]LogTexture: Display: Building textures: LQ_Lightmap_0_2 (DXT1, 1024X1024)
[2025.09.22-15.53.12:580][158]LogTexture: Display: Building textures: HQ_Lightmap0_3 (AutoDXT, 1024X1024)
[2025.09.22-15.53.12:580][158]LogTexture: Display: Building textures: LQ_Lightmap_0_3 (DXT1, 1024X1024)
[2025.09.22-15.53.12:580][158]LogTexture: Display: Building textures: HQ_Lightmap0_4 (AutoDXT, 1024X1024)
[2025.09.22-15.53.12:580][158]LogTexture: Display: Building textures: LQ_Lightmap_0_4 (DXT1, 1024X1024)
[2025.09.22-15.53.12:580][158]LogTexture: Display: Building textures: HQ_Lightmap0_5 (AutoDXT, 1024X1024)
[2025.09.22-15.53.12:580][158]LogTexture: Display: Building textures: LQ_Lightmap_0_5 (DXT1, 1024X1024)
[2025.09.22-15.53.12:580][158]LogTexture: Display: Building textures: HQ_Lightmap0_6 (AutoDXT, 1024X1024)
[2025.09.22-15.53.12:580][158]LogTexture: Display: Building textures: LQ_Lightmap_0_6 (DXT1, 1024X1024)
[2025.09.22-15.53.12:580][158]LogTexture: Display: Building textures: HQ_Lightmap0_7 (AutoDXT, 1024X1024)
[2025.09.22-15.53.12:580][158]LogTexture: Display: Building textures: LQ_Lightmap_0_7 (DXT1, 1024X1024)
[2025.09.22-15.53.12:580][158]LogTexture: Display: Building textures: HQ_Lightmap0_8 (AutoDXT, 1024X1024)
[2025.09.22-15.53.12:580][158]LogTexture: Display: Building textures: LQ_Lightmap_0_8 (DXT1, 1024X1024)
[2025.09.22-15.53.12:580][158]LogTexture: Display: Building textures: HQ_Lightmap0_9 (AutoDXT, 1024X1024)
[2025.09.22-15.53.12:580][158]LogTexture: Display: Building textures: LQ_Lightmap_0_9 (DXT1, 1024X1024)
[2025.09.22-15.53.12:580][158]LogTexture: Display: Building textures: HQ_Lightmap0_10 (AutoDXT, 1024X1024)
[2025.09.22-15.53.12:580][158]LogTexture: Display: Building textures: LQ_Lightmap_0_10 (DXT1, 1024X1024)
[2025.09.22-15.53.12:580][158]LogTexture: Display: Building textures: HQ_Lightmap0_11 (AutoDXT, 1024X1024)
[2025.09.22-15.53.12:580][158]LogTexture: Display: Building textures: LQ_Lightmap_0_11 (DXT1, 1024X1024)
[2025.09.22-15.53.12:580][158]LogTexture: Display: Building textures: HQ_Lightmap0_12 (AutoDXT, 1024X1024)
[2025.09.22-15.53.12:580][158]LogTexture: Display: Building textures: LQ_Lightmap_0_12 (DXT1, 1024X1024)
[2025.09.22-15.53.12:580][158]LogTexture: Display: Building textures: HQ_Lightmap0_13 (AutoDXT, 1024X1024)
[2025.09.22-15.53.12:580][158]LogTexture: Display: Building textures: LQ_Lightmap_0_13 (DXT1, 1024X1024)
[2025.09.22-15.53.12:580][158]LogTexture: Display: Building textures: HQ_Lightmap0_14 (AutoDXT, 1024X1024)
[2025.09.22-15.53.12:580][158]LogTexture: Display: Building textures: LQ_Lightmap_0_14 (DXT1, 1024X1024)
[2025.09.22-15.53.12:580][158]LogTexture: Display: Building textures: HQ_Lightmap0_15 (AutoDXT, 1024X1024)
[2025.09.22-15.53.12:580][158]LogTexture: Display: Building textures: LQ_Lightmap_0_15 (DXT1, 1024X1024)
[2025.09.22-15.53.12:580][158]LogTexture: Display: Building textures: HQ_Lightmap0_16 (AutoDXT, 1024X1024)
[2025.09.22-15.53.12:580][158]LogTexture: Display: Building textures: LQ_Lightmap_0_16 (DXT1, 1024X1024)
[2025.09.22-15.53.12:580][158]LogTexture: Display: Building textures: HQ_Lightmap0_17 (AutoDXT, 1024X1024)
[2025.09.22-15.53.12:580][158]LogTexture: Display: Building textures: LQ_Lightmap_0_17 (DXT1, 1024X1024)
[2025.09.22-15.53.12:580][158]LogTexture: Display: Building textures: HQ_Lightmap1_18 (AutoDXT, 64X64)
[2025.09.22-15.53.12:580][158]LogTexture: Display: Building textures: LQ_Lightmap_1_18 (DXT1, 64X64)
[2025.09.22-15.53.12:716][158]LogTexture: Display: Building textures: ShadowMapTexture2D_27 (G8, 32X32)
[2025.09.22-15.53.12:716][158]LogTexture: Display: Building textures: ShadowMapTexture2D_26 (G8, 1024X512)
[2025.09.22-15.53.12:716][158]LogTexture: Display: Building textures: ShadowMapTexture2D_21 (G8, 1024X1024)
[2025.09.22-15.53.12:716][158]LogTexture: Display: Building textures: ShadowMapTexture2D_23 (G8, 1024X1024)
[2025.09.22-15.53.12:716][158]LogTexture: Display: Building textures: ShadowMapTexture2D_24 (G8, 1024X1024)
[2025.09.22-15.53.12:716][158]LogTexture: Display: Building textures: ShadowMapTexture2D_25 (G8, 1024X1024)
[2025.09.22-15.53.12:716][158]LogTexture: Display: Building textures: ShadowMapTexture2D_22 (G8, 1024X1024)
[2025.09.22-15.53.12:738][158]LogStaticLightingSystem: CheeseFactory_001_BuiltData storing lightmap data for 797 meshes in 39 LightmapResourceClusters (20.4 Meshes per cluster).
[2025.09.22-15.53.12:762][158]Lightmass on CECOMAIN: 52.6 sec total, 84 ms importing, 35 ms setup, 3.19 sec photons, 49.2 sec processing, 0 ms extra exporting [797/797 mappings]. Threads: 12:18 min total, 9:04 min processing.
[2025.09.22-15.53.12:763][158]LogUObjectHash: Compacting FUObjectHashTables data took   0.87ms
[2025.09.22-15.53.12:767][158]LogStaticLightingSystem: Illumination: 57.4 sec (1.39 sec encoding lightmaps, 129 ms encoding shadowmaps)
[2025.09.22-15.53.12:767][158]LogStaticLightingSystem: Lightmap texture memory:  34.0 MB (34.0 MB streaming, 0.0 MB non-streaming), 36 textures
[2025.09.22-15.53.12:767][158]LogStaticLightingSystem: Shadowmap texture memory: 7.3 MB (7.3 MB streaming, 0.0 MB non-streaming), 7 textures
[2025.09.22-15.53.12:867][158]DumpUnbuiltLightIteractions
[2025.09.22-15.53.12:867][158]Lights with unbuilt interactions: 0
[2025.09.22-15.53.12:867][158]
[2025.09.22-15.53.12:867][158]Primitives with unbuilt interactions: 0
[2025.09.22-15.53.12:978][159]Cmd: MAP CHECK NOTIFYRESULTS
[2025.09.22-15.53.12:978][159]MapCheck: New page: CheeseFactory_001 - Sep 22, 2025, 9:53:12 PM
[2025.09.22-15.53.12:981][159]MapCheck: Map check complete: 0 Error(s), 0 Warning(s), took 2.451ms to complete.
[2025.09.22-15.53.15:217][427]LogSlate: Window 'Message Log' being destroyed
[2025.09.22-15.53.15:222][427]LogSlate: Window 'Message Log' being destroyed
[2025.09.22-15.53.30:359][242]LogEditorViewport: Clicking on Actor (LMB): StaticMeshActor (Channel81)
[2025.09.22-15.53.32:319][474]LogEditorViewport: Clicking on Actor (LMB): StaticMeshActor (Channel71)
[2025.09.22-15.53.36:305][949]LogEditorViewport: Clicking on Actor (LMB): StaticMeshActor (Channel34)
[2025.09.22-15.54.05:328][416]LogEditorViewport: Clicking on Actor (LMB): StaticMeshActor (Channel62)
[2025.09.22-15.54.11:681][175]LogEditorViewport: Clicking on Actor (LMB): StaticMeshActor (Channel96)
[2025.09.22-15.54.41:015][675]LogEditorViewport: Clicking on Actor (LMB): StaticMeshActor (Channel97)
[2025.09.22-15.54.45:585][215]Cmd: TRANSACTION UNDO
[2025.09.22-15.54.45:585][215]LogEditorTransaction: Undo Clicking on Actors
[2025.09.22-15.55.05:215][559]LogEditorViewport: Clicking on Actor (LMB): StaticMeshActor (wall01_2x113)
[2025.09.22-15.55.12:420][420]LogEditorViewport: Clicking on Actor (LMB): StaticMeshActor (Channel100)
[2025.09.22-15.55.17:769][ 49]Cmd: TRANSACTION UNDO
[2025.09.22-15.55.17:769][ 49]LogEditorTransaction: Undo Clicking on Actors
[2025.09.22-15.55.53:243][280]LogEditorViewport: Clicking on Actor (LMB): StaticMeshActor (wall01_2x149)
[2025.09.22-15.55.56:013][608]LogEditorViewport: Clicking on Actor (LMB): StaticMeshActor (Channel62)
[2025.09.22-15.56.00:248][111]LogEditorViewport: Clicking on Actor (LMB): StaticMeshActor (floor01_2x175)
[2025.09.22-15.56.23:915][947]LogSlate: FSceneViewport::OnFocusLost() reason 5
[2025.09.22-15.56.23:923][947]Cmd: OBJ SAVEPACKAGE PACKAGE="/Game/Levels/CheeseFactory_001" FILE="E:/GameDev/hggjam/GameJamHGGUnreal4.23.1/GameJamCrew/Content/Levels/CheeseFactory_001.umap" SILENT=true AUTOSAVING=false KEEPDIRTY=false
[2025.09.22-15.56.23:944][947]LogUObjectHash: Compacting FUObjectHashTables data took   0.73ms
[2025.09.22-15.56.24:115][947]LogSavePackage: Moving 'E:/GameDev/hggjam/GameJamHGGUnreal4.23.1/GameJamCrew/Saved/CheeseFactory_001D566EF6040C4C25DF680B190F3393386.tmp' to 'E:/GameDev/hggjam/GameJamHGGUnreal4.23.1/GameJamCrew/Content/Levels/CheeseFactory_001.umap'
[2025.09.22-15.56.24:127][947]Cmd: OBJ SAVEPACKAGE PACKAGE="/Game/Levels/CheeseFactory_001_BuiltData" FILE="E:/GameDev/hggjam/GameJamHGGUnreal4.23.1/GameJamCrew/Content/Levels/CheeseFactory_001_BuiltData.uasset" SILENT=true
[2025.09.22-15.56.24:649][947]LogSavePackage: Moving 'E:/GameDev/hggjam/GameJamHGGUnreal4.23.1/GameJamCrew/Saved/CheeseFactory_001_BuiltData11000230405E5C27AF4715AF5EFBCD00.tmp' to 'E:/GameDev/hggjam/GameJamHGGUnreal4.23.1/GameJamCrew/Content/Levels/CheeseFactory_001_BuiltData.uasset'
[2025.09.22-15.56.31:167][724]LogSlate: FSceneViewport::OnFocusLost() reason 2
[2025.09.22-15.56.31:958][819]MapCheck: New page: Map Check
[2025.09.22-15.56.31:967][819]LogSlate: FSceneViewport::OnFocusLost() reason 5
[2025.09.22-15.56.31:970][819]LightingResults: New page: Lighting Build - Sep 22, 2025, 9:56:31 PM
[2025.09.22-15.56.31:974][819]LogSwarmInterface: [OpenConnection] Registering TCP channel ...
[2025.09.22-15.56.31:978][819]LogSwarmInterface: [OpenConnection] Connecting to agent ...
[2025.09.22-15.56.31:978][819]LogSwarmInterface: [TryOpenConnection] Testing the Agent
[2025.09.22-15.56.31:979][819]LogSwarmInterface: [TryOpenConnection] Opening Connection to Agent
[2025.09.22-15.56.31:979][819]LogSwarmInterface: [TryOpenConnection] Local Process ID is 3656
[2025.09.22-15.56.36:520][819]LogStaticLightingSystem: Running Lightmass w/ ImmediateImport mode ENABLED
[2025.09.22-15.56.36:520][819]LogStaticLightingSystem: Running Lightmass w/ ImmediateProcess mode ENABLED
[2025.09.22-15.56.36:520][819]LogStaticLightingSystem: Running Lightmass w/ Sorting mode ENABLED
[2025.09.22-15.56.36:520][819]LogStaticLightingSystem: Running Lightmass w/ Mapping paddings ENABLED
[2025.09.22-15.56.36:520][819]LogStaticLightingSystem: Running Lightmass w/ Mapping debug paddings DISABLED
[2025.09.22-15.56.36:595][819]LogEditorBuildUtils: Build time 0:04
[2025.09.22-15.56.36:634][820]LogUObjectHash: Compacting FUObjectHashTables data took   1.09ms
[2025.09.22-15.56.48:708][945]LightingResults: Warning: Cheese_box_without_Cheese Object has overlapping UVs.
[2025.09.22-15.56.48:708][945]LightingResults: Cheese_box_without_Cheese Lightmap UV are overlapping by 30.2%. Please adjust content - Enable Error Coloring to visualize.
[2025.09.22-15.56.49:991][ 66]LightingResults: Warning: Cheese_box_without_Cheese Object has overlapping UVs.
[2025.09.22-15.56.49:991][ 66]LightingResults: Cheese_box_without_Cheese Lightmap UV are overlapping by 30.2%. Please adjust content - Enable Error Coloring to visualize.
[2025.09.22-15.56.51:214][181]LightingResults: Warning: Cheese_box_without_Cheese Object has overlapping UVs.
[2025.09.22-15.56.51:214][181]LightingResults: Cheese_box_without_Cheese Lightmap UV are overlapping by 30.2%. Please adjust content - Enable Error Coloring to visualize.
[2025.09.22-15.56.52:814][331]LightingResults: Warning: Cheese_box_with_Cheese Object has overlapping UVs.
[2025.09.22-15.56.52:814][331]LightingResults: Cheese_box_with_Cheese Lightmap UV are overlapping by 20.1%. Please adjust content - Enable Error Coloring to visualize.
[2025.09.22-15.56.53:020][350]LightingResults: Warning: Cheese_box_without_Cheese Object has overlapping UVs.
[2025.09.22-15.56.53:020][350]LightingResults: Cheese_box_without_Cheese Lightmap UV are overlapping by 30.2%. Please adjust content - Enable Error Coloring to visualize.
[2025.09.22-15.56.54:139][455]LightingResults: Warning: Cheese_box_without_Cheese Object has overlapping UVs.
[2025.09.22-15.56.54:139][455]LightingResults: Cheese_box_without_Cheese Lightmap UV are overlapping by 30.2%. Please adjust content - Enable Error Coloring to visualize.
[2025.09.22-15.57.10:831][ 25]LightingResults: Warning: Skim_Milk Object has overlapping UVs.
[2025.09.22-15.57.10:831][ 25]LightingResults: Skim_Milk Lightmap UV are overlapping by 1.1%. Please adjust content - Enable Error Coloring to visualize.
[2025.09.22-15.57.12:400][172]LightingResults: Warning: Skim_Milk Object has overlapping UVs.
[2025.09.22-15.57.12:400][172]LightingResults: Skim_Milk Lightmap UV are overlapping by 1.1%. Please adjust content - Enable Error Coloring to visualize.
[2025.09.22-15.57.13:519][277]LightingResults: Warning: Skim_Milk Object has overlapping UVs.
[2025.09.22-15.57.13:519][277]LightingResults: Skim_Milk Lightmap UV are overlapping by 1.1%. Please adjust content - Enable Error Coloring to visualize.
[2025.09.22-15.57.19:685][857]LightingResults: Warning: cylinder Object has overlapping UVs.
[2025.09.22-15.57.19:685][857]LightingResults: cylinder Lightmap UV are overlapping by 6.0%. Please adjust content - Enable Error Coloring to visualize.
[2025.09.22-15.57.27:938][632]Job is a success!
[2025.09.22-15.57.27:962][634]LogSlate: FSceneViewport::OnFocusLost() reason 5
[2025.09.22-15.57.28:005][634]LogVolumetricLightmapImport: Imported Volumetric Lightmap in 0.003s
[2025.09.22-15.57.28:005][634]LogVolumetricLightmapImport:      Indirection Texture 16x16x16 = 0.0Mb
[2025.09.22-15.57.28:005][634]LogVolumetricLightmapImport:      BrickData 90x5x5 = 0.1Mb
[2025.09.22-15.57.28:005][634]LogVolumetricLightmapImport:      Bricks at Level
[2025.09.22-15.57.28:005][634]LogVolumetricLightmapImport:          0: 5.6% covering 100.0% of volume
[2025.09.22-15.57.28:005][634]LogVolumetricLightmapImport:          1: 5.6% covering 1.6% of volume
[2025.09.22-15.57.28:005][634]LogVolumetricLightmapImport:          2: 88.9% covering 0.4% of volume
[2025.09.22-15.57.29:800][634]LogTexture: Display: Building textures: HQ_Lightmap1_1 (AutoDXT, 1024X1024)
[2025.09.22-15.57.29:800][634]LogTexture: Display: Building textures: LQ_Lightmap_1_1 (DXT1, 1024X1024)
[2025.09.22-15.57.29:800][634]LogTexture: Display: Building textures: HQ_Lightmap1_2 (AutoDXT, 1024X1024)
[2025.09.22-15.57.29:800][634]LogTexture: Display: Building textures: LQ_Lightmap_1_2 (DXT1, 1024X1024)
[2025.09.22-15.57.29:800][634]LogTexture: Display: Building textures: HQ_Lightmap1_3 (AutoDXT, 1024X1024)
[2025.09.22-15.57.29:800][634]LogTexture: Display: Building textures: LQ_Lightmap_1_3 (DXT1, 1024X1024)
[2025.09.22-15.57.29:800][634]LogTexture: Display: Building textures: HQ_Lightmap1_4 (AutoDXT, 1024X1024)
[2025.09.22-15.57.29:800][634]LogTexture: Display: Building textures: LQ_Lightmap_1_4 (DXT1, 1024X1024)
[2025.09.22-15.57.29:800][634]LogTexture: Display: Building textures: HQ_Lightmap1_5 (AutoDXT, 1024X1024)
[2025.09.22-15.57.29:800][634]LogTexture: Display: Building textures: LQ_Lightmap_1_5 (DXT1, 1024X1024)
[2025.09.22-15.57.29:800][634]LogTexture: Display: Building textures: HQ_Lightmap1_6 (AutoDXT, 1024X1024)
[2025.09.22-15.57.29:800][634]LogTexture: Display: Building textures: LQ_Lightmap_1_6 (DXT1, 1024X1024)
[2025.09.22-15.57.29:800][634]LogTexture: Display: Building textures: HQ_Lightmap1_7 (AutoDXT, 1024X1024)
[2025.09.22-15.57.29:800][634]LogTexture: Display: Building textures: LQ_Lightmap_1_7 (DXT1, 1024X1024)
[2025.09.22-15.57.29:800][634]LogTexture: Display: Building textures: HQ_Lightmap1_8 (AutoDXT, 1024X1024)
[2025.09.22-15.57.29:800][634]LogTexture: Display: Building textures: LQ_Lightmap_1_8 (DXT1, 1024X1024)
[2025.09.22-15.57.29:800][634]LogTexture: Display: Building textures: HQ_Lightmap1_9 (AutoDXT, 1024X1024)
[2025.09.22-15.57.29:800][634]LogTexture: Display: Building textures: LQ_Lightmap_1_9 (DXT1, 1024X1024)
[2025.09.22-15.57.29:800][634]LogTexture: Display: Building textures: HQ_Lightmap1_10 (AutoDXT, 1024X1024)
[2025.09.22-15.57.29:800][634]LogTexture: Display: Building textures: LQ_Lightmap_1_10 (DXT1, 1024X1024)
[2025.09.22-15.57.29:800][634]LogTexture: Display: Building textures: HQ_Lightmap1_11 (AutoDXT, 1024X1024)
[2025.09.22-15.57.29:800][634]LogTexture: Display: Building textures: LQ_Lightmap_1_11 (DXT1, 1024X1024)
[2025.09.22-15.57.29:800][634]LogTexture: Display: Building textures: HQ_Lightmap1_12 (AutoDXT, 1024X1024)
[2025.09.22-15.57.29:800][634]LogTexture: Display: Building textures: LQ_Lightmap_1_12 (DXT1, 1024X1024)
[2025.09.22-15.57.29:800][634]LogTexture: Display: Building textures: HQ_Lightmap1_13 (AutoDXT, 1024X1024)
[2025.09.22-15.57.29:800][634]LogTexture: Display: Building textures: LQ_Lightmap_1_13 (DXT1, 1024X1024)
[2025.09.22-15.57.29:800][634]LogTexture: Display: Building textures: HQ_Lightmap1_14 (AutoDXT, 1024X1024)
[2025.09.22-15.57.29:800][634]LogTexture: Display: Building textures: LQ_Lightmap_1_14 (DXT1, 1024X1024)
[2025.09.22-15.57.29:800][634]LogTexture: Display: Building textures: HQ_Lightmap1_15 (AutoDXT, 1024X1024)
[2025.09.22-15.57.29:800][634]LogTexture: Display: Building textures: LQ_Lightmap_1_15 (DXT1, 1024X1024)
[2025.09.22-15.57.29:802][634]LogTexture: Display: Building textures: HQ_Lightmap1_16 (AutoDXT, 1024X1024)
[2025.09.22-15.57.29:802][634]LogTexture: Display: Building textures: LQ_Lightmap_1_16 (DXT1, 1024X1024)
[2025.09.22-15.57.29:802][634]LogTexture: Display: Building textures: HQ_Lightmap1_17 (AutoDXT, 1024X1024)
[2025.09.22-15.57.29:802][634]LogTexture: Display: Building textures: LQ_Lightmap_1_17 (DXT1, 1024X1024)
[2025.09.22-15.57.29:802][634]LogTexture: Display: Building textures: HQ_Lightmap0_18 (AutoDXT, 64X64)
[2025.09.22-15.57.29:802][634]LogTexture: Display: Building textures: LQ_Lightmap_0_18 (DXT1, 64X64)
[2025.09.22-15.57.29:948][634]LogTexture: Display: Building textures: ShadowMapTexture2D_34 (G8, 32X32)
[2025.09.22-15.57.29:948][634]LogTexture: Display: Building textures: ShadowMapTexture2D_33 (G8, 1024X512)
[2025.09.22-15.57.29:948][634]LogTexture: Display: Building textures: ShadowMapTexture2D_29 (G8, 1024X1024)
[2025.09.22-15.57.29:948][634]LogTexture: Display: Building textures: ShadowMapTexture2D_31 (G8, 1024X1024)
[2025.09.22-15.57.29:948][634]LogTexture: Display: Building textures: ShadowMapTexture2D_28 (G8, 1024X1024)
[2025.09.22-15.57.29:948][634]LogTexture: Display: Building textures: ShadowMapTexture2D_32 (G8, 1024X1024)
[2025.09.22-15.57.29:948][634]LogTexture: Display: Building textures: ShadowMapTexture2D_30 (G8, 1024X1024)
[2025.09.22-15.57.29:966][634]Lightmass on CECOMAIN: 53.1 sec total, 85 ms importing, 35 ms setup, 3.16 sec photons, 49.7 sec processing, 0 ms extra exporting [809/809 mappings]. Threads: 12:26 min total, 9:10 min processing.
[2025.09.22-15.57.29:969][634]LogStaticLightingSystem: CheeseFactory_001_BuiltData storing lightmap data for 809 meshes in 39 LightmapResourceClusters (20.7 Meshes per cluster).
[2025.09.22-15.57.29:994][634]LogUObjectHash: Compacting FUObjectHashTables data took   0.81ms
[2025.09.22-15.57.29:998][634]LogStaticLightingSystem: Illumination: 58.0 sec (1.41 sec encoding lightmaps, 137 ms encoding shadowmaps)
[2025.09.22-15.57.29:998][634]LogStaticLightingSystem: Lightmap texture memory:  34.0 MB (34.0 MB streaming, 0.0 MB non-streaming), 36 textures
[2025.09.22-15.57.29:998][634]LogStaticLightingSystem: Shadowmap texture memory: 7.3 MB (7.3 MB streaming, 0.0 MB non-streaming), 7 textures
[2025.09.22-15.57.30:564][634]DumpUnbuiltLightIteractions
[2025.09.22-15.57.30:564][634]Lights with unbuilt interactions: 0
[2025.09.22-15.57.30:564][634]
[2025.09.22-15.57.30:564][634]Primitives with unbuilt interactions: 0
[2025.09.22-15.57.30:686][635]Cmd: MAP CHECK NOTIFYRESULTS
[2025.09.22-15.57.30:686][635]MapCheck: New page: CheeseFactory_001 - Sep 22, 2025, 9:57:30 PM
[2025.09.22-15.57.30:689][635]MapCheck: Map check complete: 0 Error(s), 0 Warning(s), took 2.456ms to complete.
[2025.09.22-15.57.34:158][ 51]LogSlate: FSceneViewport::OnFocusLost() reason 0
[2025.09.22-15.57.34:248][ 62]LogSlate: Window 'Message Log' being destroyed
[2025.09.22-15.57.34:252][ 62]LogSlate: Window 'Message Log' being destroyed
[2025.09.22-15.57.35:320][190]LogEditorViewport: Clicking on Actor (LMB): StaticMeshActor (shelf01_full23)
[2025.09.22-15.57.42:497][ 48]LogEditorViewport: Clicking on Actor (LMB): StaticMeshActor (wall01_2x72)
[2025.09.22-15.57.48:021][708]LogEditorViewport: Clicking on Actor (LMB): StaticMeshActor (floor01_2x174)
[2025.09.22-15.58.03:594][573]LogEditorViewport: Clicking on Actor (LMB): StaticMeshActor (wall01_2x135)
[2025.09.22-15.58.20:662][616]LogSlate: FSceneViewport::OnFocusLost() reason 5
[2025.09.22-15.58.20:667][616]Cmd: OBJ SAVEPACKAGE PACKAGE="/Game/Levels/CheeseFactory_001" FILE="E:/GameDev/hggjam/GameJamHGGUnreal4.23.1/GameJamCrew/Content/Levels/CheeseFactory_001.umap" SILENT=true AUTOSAVING=false KEEPDIRTY=false
[2025.09.22-15.58.20:687][616]LogUObjectHash: Compacting FUObjectHashTables data took   0.40ms
[2025.09.22-15.58.20:858][616]LogSavePackage: Moving 'E:/GameDev/hggjam/GameJamHGGUnreal4.23.1/GameJamCrew/Saved/CheeseFactory_001586B31004DD91A72FFC90BA1A94E5B97.tmp' to 'E:/GameDev/hggjam/GameJamHGGUnreal4.23.1/GameJamCrew/Content/Levels/CheeseFactory_001.umap'
[2025.09.22-15.58.20:869][616]Cmd: OBJ SAVEPACKAGE PACKAGE="/Game/Levels/CheeseFactory_001_BuiltData" FILE="E:/GameDev/hggjam/GameJamHGGUnreal4.23.1/GameJamCrew/Content/Levels/CheeseFactory_001_BuiltData.uasset" SILENT=true
[2025.09.22-15.58.21:372][616]LogSavePackage: Moving 'E:/GameDev/hggjam/GameJamHGGUnreal4.23.1/GameJamCrew/Saved/CheeseFactory_001_BuiltData80BF26544FCFD14F15916AA41FFCAAA7.tmp' to 'E:/GameDev/hggjam/GameJamHGGUnreal4.23.1/GameJamCrew/Content/Levels/CheeseFactory_001_BuiltData.uasset'
[2025.09.22-15.58.31:418][818]LogEditorViewport: Clicking on Actor (LMB): BP_Sky_Sphere_C (BP_Sky_Sphere)
[2025.09.22-15.58.32:896][993]LogSlate: FSceneViewport::OnFocusLost() reason 0
[2025.09.22-15.58.32:961][  1]LogEditorViewport: Clicking Background
[2025.09.22-15.58.33:447][ 59]LogSlate: FSceneViewport::OnFocusLost() reason 0
[2025.09.22-16.01.34:595][981]LogEditorViewport: Clicking on Actor (LMB): StaticMeshActor (vent01_80x127)
[2025.09.22-16.01.37:899][374]LogEditorViewport: Clicking on Actor (LMB): StaticMeshActor (Skim_Milk3)
[2025.09.22-16.01.40:081][632]Cmd: TRANSACTION UNDO
[2025.09.22-16.01.40:081][632]LogEditorTransaction: Undo Move Actors
[2025.09.22-16.01.45:290][253]LogEditorViewport: Clicking on Actor (LMB): StaticMeshActor (vent01_80x127)
[2025.09.22-16.01.47:605][527]LogEditorViewport: Clicking on Actor (LMB): StaticMeshActor (vent01_80x105)
[2025.09.22-16.01.49:534][756]LogEditorViewport: Clicking on Actor (LMB): StaticMeshActor (vent01_80x94)
[2025.09.22-16.01.57:007][642]LogSlate: FSceneViewport::OnFocusLost() reason 5
[2025.09.22-16.01.57:876][743]LogSlate: Updating window title bar state: overlay mode, drag disabled, window buttons hidden, title bar hidden
[2025.09.22-16.01.57:879][743]LogSlate: Updating window title bar state: overlay mode, drag disabled, window buttons hidden, title bar hidden
[2025.09.22-16.01.57:883][743]LogSlate: Updating window title bar state: overlay mode, drag disabled, window buttons hidden, title bar hidden
[2025.09.22-16.01.57:886][743]LogSlate: Updating window title bar state: overlay mode, drag disabled, window buttons hidden, title bar hidden
[2025.09.22-16.01.57:886][743]LogSlate: FSceneViewport::OnFocusLost() reason 2
[2025.09.22-16.02.32:082][816]LogEditorViewport: Clicking on Actor (LMB): StaticMeshActor (vent01_80x127)
[2025.09.22-16.02.34:248][ 72]LogEditorViewport: Clicking on Actor (LMB): StaticMeshActor (vent01_80x128)
[2025.09.22-16.02.39:012][640]LogEditorViewport: Clicking on Actor (LMB): StaticMeshActor (vent01_80x133)
[2025.09.22-16.02.42:316][ 33]Cmd: TRANSACTION UNDO
[2025.09.22-16.02.42:316][ 33]LogEditorTransaction: Undo Move Actors
[2025.09.22-16.02.43:767][203]LogEditorViewport: Clicking on Actor (LMB): StaticMeshActor (vent01_80x134)
[2025.09.22-16.02.46:002][465]LogEditorViewport: Clicking on Actor (LMB): SpotLight (SpotLight29)
[2025.09.22-16.02.54:807][509]LogEditorViewport: Clicking on Actor (LMB): StaticMeshActor (vent01_80x133)
[2025.09.22-16.02.56:834][747]LogEditorViewport: Clicking on Actor (LMB): StaticMeshActor (vent01_80x127)
[2025.09.22-16.03.01:383][286]LogEditorViewport: Clicking on Actor (LMB): StaticMeshActor (vent01_80x126)
[2025.09.22-16.03.06:343][876]LogEditorViewport: Clicking on Actor (LMB): StaticMeshActor (vent01_80x128)
[2025.09.22-16.03.09:879][293]LogEditorViewport: Clicking on Actor (LMB): StaticMeshActor (wall01_2x57)
[2025.09.22-16.03.11:266][455]LogEditorViewport: Clicking on Actor (LMB): StaticMeshActor (vent01_80x128)
[2025.09.22-16.03.15:844][998]LogSlate: FSceneViewport::OnFocusLost() reason 0
[2025.09.22-16.03.24:310][ 13]LogSlate: FSceneViewport::OnFocusLost() reason 0
[2025.09.22-16.03.33:148][ 64]LogActorFactory: Actor Factory created vent01_80x50_trim
[2025.09.22-16.03.33:197][ 69]LogActorFactory: Actor Factory created vent01_80x50_trim
[2025.09.22-16.03.33:199][ 69]LogSlate: FSceneViewport::OnFocusLost() reason 2
[2025.09.22-16.03.35:513][345]LogEditorViewport: Clicking on Actor (LMB): StaticMeshActor (wall01_2x57)
[2025.09.22-16.03.36:970][516]LogEditorViewport: Clicking on Actor (LMB): StaticMeshActor (vent01_80x134)
[2025.09.22-16.03.41:094][  5]LogEditorViewport: Clicking on Actor (LMB): StaticMeshActor (vent01_80x126)
[2025.09.22-16.03.41:971][107]LogEditorViewport: Clicking on Actor (LMB): StaticMeshActor (vent01_80x126)
[2025.09.22-16.03.42:578][179]LogEditorViewport: Clicking on Actor (LMB): StaticMeshActor (vent01_80x127)
[2025.09.22-16.03.45:148][477]LogEditorViewport: Clicking on Actor (LMB): StaticMeshActor (vent01_80x126)
[2025.09.22-16.03.46:474][630]LogEditorViewport: Clicking on Actor (LMB): StaticMeshActor (vent01_80x127)
[2025.09.22-16.03.49:486][984]LogEditorViewport: Clicking on Actor (LMB): StaticMeshActor (vent01_80x133)
[2025.09.22-16.03.54:295][552]LogEditorViewport: Clicking on Actor (LMB): SpotLight (SpotLight28)
[2025.09.22-16.03.55:459][689]LogEditorViewport: Clicking on Actor (LMB): StaticMeshActor (vent01_80x133)
[2025.09.22-16.03.55:550][697]Cmd: DELETE
[2025.09.22-16.03.55:550][697]Cmd: ACTOR DELETE
[2025.09.22-16.03.55:556][697]LogEditorActor: Deleted Actor: StaticMeshActor
[2025.09.22-16.03.55:577][697]LogUObjectHash: Compacting FUObjectHashTables data took   1.13ms
[2025.09.22-16.03.55:577][697]LogEditorActor: Deleted 1 Actors (0.026 secs)
[2025.09.22-16.03.56:280][781]LogEditorViewport: Clicking on Actor (LMB): StaticMeshActor (vent01_80x135)
[2025.09.22-16.03.56:376][790]Cmd: DELETE
[2025.09.22-16.03.56:376][790]Cmd: ACTOR DELETE
[2025.09.22-16.03.56:383][790]LogEditorActor: Deleted Actor: StaticMeshActor
[2025.09.22-16.03.56:403][790]LogUObjectHash: Compacting FUObjectHashTables data took   0.41ms
[2025.09.22-16.03.56:403][790]LogEditorActor: Deleted 1 Actors (0.026 secs)
[2025.09.22-16.03.56:673][822]LogEditorViewport: Clicking on Actor (LMB): SpotLight (SpotLight28)
[2025.09.22-16.03.56:718][825]Cmd: DELETE
[2025.09.22-16.03.56:718][825]Cmd: ACTOR DELETE
[2025.09.22-16.03.56:723][825]LogEditorActor: Deleted Actor: SpotLight
[2025.09.22-16.03.56:743][825]LogUObjectHash: Compacting FUObjectHashTables data took   0.43ms
[2025.09.22-16.03.56:743][825]LogEditorActor: Deleted 1 Actors (0.025 secs)
[2025.09.22-16.03.57:238][884]LogEditorViewport: Clicking on Actor (LMB): StaticMeshActor (vent01_80x134)
[2025.09.22-16.03.57:318][891]Cmd: DELETE
[2025.09.22-16.03.57:318][891]Cmd: ACTOR DELETE
[2025.09.22-16.03.57:325][891]LogEditorActor: Deleted Actor: StaticMeshActor
[2025.09.22-16.03.57:346][891]LogUObjectHash: Compacting FUObjectHashTables data took   0.41ms
[2025.09.22-16.03.57:346][891]LogEditorActor: Deleted 1 Actors (0.027 secs)
[2025.09.22-16.03.58:116][983]LogEditorViewport: Clicking on Actor (LMB): StaticMeshActor (vent01_80x136)
[2025.09.22-16.03.58:477][ 24]Cmd: DELETE
[2025.09.22-16.03.58:477][ 24]Cmd: ACTOR DELETE
[2025.09.22-16.03.58:482][ 24]LogEditorActor: Deleted Actor: StaticMeshActor
[2025.09.22-16.03.58:502][ 24]LogUObjectHash: Compacting FUObjectHashTables data took   0.42ms
[2025.09.22-16.03.58:502][ 24]LogEditorActor: Deleted 1 Actors (0.025 secs)
[2025.09.22-16.03.59:227][111]LogEditorViewport: Clicking on Actor (LMB): SpotLight (SpotLight29)
[2025.09.22-16.03.59:731][169]Cmd: DELETE
[2025.09.22-16.03.59:731][169]Cmd: ACTOR DELETE
[2025.09.22-16.03.59:736][169]LogEditorActor: Deleted Actor: SpotLight
[2025.09.22-16.03.59:757][169]LogUObjectHash: Compacting FUObjectHashTables data took   0.41ms
[2025.09.22-16.03.59:758][169]LogEditorActor: Deleted 1 Actors (0.026 secs)
[2025.09.22-16.04.00:549][264]LogEditorViewport: Clicking on Actor (LMB): StaticMeshActor (vent01_80x127)
[2025.09.22-16.04.05:823][885]LogSlate: FSceneViewport::OnFocusLost() reason 0
[2025.09.22-16.04.05:935][897]LogActorFactory: Actor Factory created vent01_80x50_out_side
[2025.09.22-16.04.05:966][900]LogActorFactory: Actor Factory created vent01_80x50_out_side
[2025.09.22-16.04.05:967][900]LogSlate: FSceneViewport::OnFocusLost() reason 2
[2025.09.22-16.04.05:998][903]LogActorFactory: Actor Factory created vent01_80x50_out_side
[2025.09.22-16.04.05:999][903]LogSlate: FSceneViewport::OnFocusLost() reason 2
[2025.09.22-16.04.15:277][  0]LogSlate: FSceneViewport::OnFocusLost() reason 0
[2025.09.22-16.04.15:380][ 11]LogActorFactory: Actor Factory created vent01_80x50_out_side_outlet
[2025.09.22-16.04.15:398][ 12]LogActorFactory: Actor Factory created vent01_80x50_out_side_outlet
[2025.09.22-16.04.15:399][ 12]LogSlate: FSceneViewport::OnFocusLost() reason 2
[2025.09.22-16.04.15:431][ 15]LogActorFactory: Actor Factory created vent01_80x50_out_side_outlet
[2025.09.22-16.04.15:432][ 15]LogSlate: FSceneViewport::OnFocusLost() reason 2
[2025.09.22-16.04.16:950][196]LogSlate: FSceneViewport::OnFocusLost() reason 0
[2025.09.22-16.04.22:494][860]LogEditorViewport: Clicking on Actor (LMB): SpotLight (SpotLight22)
[2025.09.22-16.04.38:616][755]LogEditorViewport: Clicking on Actor (LMB): StaticMeshActor (vent01_80x128)
[2025.09.22-16.04.43:360][312]LogEditorViewport: Clicking on Actor (LMB): StaticMeshActor (vent01_80x138)
[2025.09.22-16.04.44:957][498]LogSlate: FSceneViewport::OnFocusLost() reason 0
[2025.09.22-16.04.45:072][510]LogActorFactory: Actor Factory created vent01_80x50
[2025.09.22-16.04.45:122][515]LogActorFactory: Actor Factory created vent01_80x50
[2025.09.22-16.04.45:123][515]LogSlate: FSceneViewport::OnFocusLost() reason 2
[2025.09.22-16.04.54:463][624]LogSlate: FSceneViewport::OnFocusLost() reason 0
[2025.09.22-16.04.54:671][648]LogActorFactory: Actor Factory created vent01_80x50_half
[2025.09.22-16.04.54:763][658]LogActorFactory: Actor Factory created vent01_80x50_half
[2025.09.22-16.04.54:764][658]LogSlate: FSceneViewport::OnFocusLost() reason 2
[2025.09.22-16.04.58:444][ 96]LogEditorViewport: Clicking on Actor (LMB): StaticMeshActor (vent01_80x139)
[2025.09.22-16.05.03:025][638]LogSlate: FSceneViewport::OnFocusLost() reason 0
[2025.09.22-16.05.03:174][655]LogActorFactory: Actor Factory created vent01_80x50_outlet
[2025.09.22-16.05.03:257][664]LogActorFactory: Actor Factory created vent01_80x50_outlet
[2025.09.22-16.05.03:258][664]LogSlate: FSceneViewport::OnFocusLost() reason 2
[2025.09.22-16.05.07:765][202]LogEditorViewport: Clicking on Actor (LMB): StaticMeshActor (vent01_80x128)
[2025.09.22-16.05.20:008][663]LogEditorViewport: Clicking on Actor (LMB): StaticMeshActor (vent01_80x141)
[2025.09.22-16.05.22:827][994]LogSlate: FSceneViewport::OnFocusLost() reason 5
[2025.09.22-16.05.22:832][994]Cmd: OBJ SAVEPACKAGE PACKAGE="/Game/Levels/CheeseFactory_001" FILE="E:/GameDev/hggjam/GameJamHGGUnreal4.23.1/GameJamCrew/Content/Levels/CheeseFactory_001.umap" SILENT=true AUTOSAVING=false KEEPDIRTY=false
[2025.09.22-16.05.22:851][994]LogUObjectHash: Compacting FUObjectHashTables data took   0.97ms
[2025.09.22-16.05.23:029][994]LogSavePackage: Moving 'E:/GameDev/hggjam/GameJamHGGUnreal4.23.1/GameJamCrew/Saved/CheeseFactory_0016CFCFD8649F3CACE1E5AF69555297DDE.tmp' to 'E:/GameDev/hggjam/GameJamHGGUnreal4.23.1/GameJamCrew/Content/Levels/CheeseFactory_001.umap'
[2025.09.22-16.05.23:041][994]Cmd: OBJ SAVEPACKAGE PACKAGE="/Game/Levels/CheeseFactory_001_BuiltData" FILE="E:/GameDev/hggjam/GameJamHGGUnreal4.23.1/GameJamCrew/Content/Levels/CheeseFactory_001_BuiltData.uasset" SILENT=true
[2025.09.22-16.05.23:565][994]LogSavePackage: Moving 'E:/GameDev/hggjam/GameJamHGGUnreal4.23.1/GameJamCrew/Saved/CheeseFactory_001_BuiltData3DAA5B114E1EE547D6E5E186A6CEC2E4.tmp' to 'E:/GameDev/hggjam/GameJamHGGUnreal4.23.1/GameJamCrew/Content/Levels/CheeseFactory_001_BuiltData.uasset'
[2025.09.22-16.05.24:250][ 74]LogEditorViewport: Clicking on Actor (LMB): StaticMeshActor (Channel41)
[2025.09.22-16.05.30:243][787]LogSlate: FSceneViewport::OnFocusLost() reason 2
[2025.09.22-16.05.31:118][892]MapCheck: New page: Map Check
[2025.09.22-16.05.31:129][892]LogSlate: FSceneViewport::OnFocusLost() reason 5
[2025.09.22-16.05.31:133][892]LightingResults: New page: Lighting Build - Sep 22, 2025, 10:05:31 PM
[2025.09.22-16.05.31:138][892]LogSwarmInterface: [OpenConnection] Registering TCP channel ...
[2025.09.22-16.05.31:142][892]LogSwarmInterface: [OpenConnection] Connecting to agent ...
[2025.09.22-16.05.31:142][892]LogSwarmInterface: [TryOpenConnection] Testing the Agent
[2025.09.22-16.05.31:142][892]LogSwarmInterface: [TryOpenConnection] Opening Connection to Agent
[2025.09.22-16.05.31:142][892]LogSwarmInterface: [TryOpenConnection] Local Process ID is 3656
[2025.09.22-16.05.35:726][892]LogStaticLightingSystem: Running Lightmass w/ ImmediateImport mode ENABLED
[2025.09.22-16.05.35:726][892]LogStaticLightingSystem: Running Lightmass w/ ImmediateProcess mode ENABLED
[2025.09.22-16.05.35:726][892]LogStaticLightingSystem: Running Lightmass w/ Sorting mode ENABLED
[2025.09.22-16.05.35:726][892]LogStaticLightingSystem: Running Lightmass w/ Mapping paddings ENABLED
[2025.09.22-16.05.35:726][892]LogStaticLightingSystem: Running Lightmass w/ Mapping debug paddings DISABLED
[2025.09.22-16.05.35:804][892]LogEditorBuildUtils: Build time 0:04
[2025.09.22-16.05.35:847][893]LogUObjectHash: Compacting FUObjectHashTables data took   1.03ms
[2025.09.22-16.05.53:563][546]LightingResults: Warning: Cheese_box_without_Cheese Object has overlapping UVs.
[2025.09.22-16.05.53:563][546]LightingResults: Cheese_box_without_Cheese Lightmap UV are overlapping by 30.2%. Please adjust content - Enable Error Coloring to visualize.
[2025.09.22-16.05.54:484][632]LightingResults: Warning: Cheese_box_without_Cheese Object has overlapping UVs.
[2025.09.22-16.05.54:484][632]LightingResults: Cheese_box_without_Cheese Lightmap UV are overlapping by 30.2%. Please adjust content - Enable Error Coloring to visualize.
[2025.09.22-16.06.08:650][962]LightingResults: Warning: Cheese_box_without_Cheese Object has overlapping UVs.
[2025.09.22-16.06.08:650][962]LightingResults: Cheese_box_without_Cheese Lightmap UV are overlapping by 30.2%. Please adjust content - Enable Error Coloring to visualize.
[2025.09.22-16.06.09:355][ 28]LightingResults: Warning: Cheese_box_without_Cheese Object has overlapping UVs.
[2025.09.22-16.06.09:355][ 28]LightingResults: Cheese_box_without_Cheese Lightmap UV are overlapping by 30.2%. Please adjust content - Enable Error Coloring to visualize.
[2025.09.22-16.06.14:024][466]LightingResults: Warning: Skim_Milk Object has overlapping UVs.
[2025.09.22-16.06.14:024][466]LightingResults: Skim_Milk Lightmap UV are overlapping by 1.1%. Please adjust content - Enable Error Coloring to visualize.
[2025.09.22-16.06.14:582][518]LightingResults: Warning: Skim_Milk Object has overlapping UVs.
[2025.09.22-16.06.14:582][518]LightingResults: Skim_Milk Lightmap UV are overlapping by 1.1%. Please adjust content - Enable Error Coloring to visualize.
[2025.09.22-16.06.16:309][680]LightingResults: Warning: Skim_Milk Object has overlapping UVs.
[2025.09.22-16.06.16:309][680]LightingResults: Skim_Milk Lightmap UV are overlapping by 1.1%. Please adjust content - Enable Error Coloring to visualize.
[2025.09.22-16.06.21:983][213]LightingResults: Warning: Cheese_box_with_Cheese Object has overlapping UVs.
[2025.09.22-16.06.21:997][214]LightingResults: Cheese_box_with_Cheese Lightmap UV are overlapping by 20.1%. Please adjust content - Enable Error Coloring to visualize.
[2025.09.22-16.06.22:075][221]LightingResults: Warning: Cheese_box_without_Cheese Object has overlapping UVs.
[2025.09.22-16.06.22:075][221]LightingResults: Cheese_box_without_Cheese Lightmap UV are overlapping by 30.2%. Please adjust content - Enable Error Coloring to visualize.
[2025.09.22-16.06.23:397][345]LightingResults: Warning: cylinder Object has overlapping UVs.
[2025.09.22-16.06.23:397][345]LightingResults: cylinder Lightmap UV are overlapping by 6.0%. Please adjust content - Enable Error Coloring to visualize.
[2025.09.22-16.06.28:224][799]Job is a success!
[2025.09.22-16.06.28:250][800]LogSlate: FSceneViewport::OnFocusLost() reason 5
[2025.09.22-16.06.28:291][800]LogVolumetricLightmapImport: Imported Volumetric Lightmap in 0.003s
[2025.09.22-16.06.28:291][800]LogVolumetricLightmapImport:      Indirection Texture 16x16x16 = 0.0Mb
[2025.09.22-16.06.28:291][800]LogVolumetricLightmapImport:      BrickData 90x5x5 = 0.1Mb
[2025.09.22-16.06.28:291][800]LogVolumetricLightmapImport:      Bricks at Level
[2025.09.22-16.06.28:291][800]LogVolumetricLightmapImport:          0: 5.6% covering 100.0% of volume
[2025.09.22-16.06.28:291][800]LogVolumetricLightmapImport:          1: 5.6% covering 1.6% of volume
[2025.09.22-16.06.28:291][800]LogVolumetricLightmapImport:          2: 88.9% covering 0.4% of volume
[2025.09.22-16.06.30:110][800]LogTexture: Display: Building textures: HQ_Lightmap0_1 (AutoDXT, 1024X1024)
[2025.09.22-16.06.30:110][800]LogTexture: Display: Building textures: LQ_Lightmap_0_1 (DXT1, 1024X1024)
[2025.09.22-16.06.30:110][800]LogTexture: Display: Building textures: HQ_Lightmap0_2 (AutoDXT, 1024X1024)
[2025.09.22-16.06.30:110][800]LogTexture: Display: Building textures: LQ_Lightmap_0_2 (DXT1, 1024X1024)
[2025.09.22-16.06.30:110][800]LogTexture: Display: Building textures: HQ_Lightmap0_3 (AutoDXT, 1024X1024)
[2025.09.22-16.06.30:110][800]LogTexture: Display: Building textures: LQ_Lightmap_0_3 (DXT1, 1024X1024)
[2025.09.22-16.06.30:110][800]LogTexture: Display: Building textures: HQ_Lightmap0_4 (AutoDXT, 1024X1024)
[2025.09.22-16.06.30:110][800]LogTexture: Display: Building textures: LQ_Lightmap_0_4 (DXT1, 1024X1024)
[2025.09.22-16.06.30:110][800]LogTexture: Display: Building textures: HQ_Lightmap0_5 (AutoDXT, 1024X1024)
[2025.09.22-16.06.30:110][800]LogTexture: Display: Building textures: LQ_Lightmap_0_5 (DXT1, 1024X1024)
[2025.09.22-16.06.30:110][800]LogTexture: Display: Building textures: HQ_Lightmap0_6 (AutoDXT, 1024X1024)
[2025.09.22-16.06.30:110][800]LogTexture: Display: Building textures: LQ_Lightmap_0_6 (DXT1, 1024X1024)
[2025.09.22-16.06.30:110][800]LogTexture: Display: Building textures: HQ_Lightmap0_7 (AutoDXT, 1024X1024)
[2025.09.22-16.06.30:110][800]LogTexture: Display: Building textures: LQ_Lightmap_0_7 (DXT1, 1024X1024)
[2025.09.22-16.06.30:110][800]LogTexture: Display: Building textures: HQ_Lightmap0_8 (AutoDXT, 1024X1024)
[2025.09.22-16.06.30:110][800]LogTexture: Display: Building textures: LQ_Lightmap_0_8 (DXT1, 1024X1024)
[2025.09.22-16.06.30:110][800]LogTexture: Display: Building textures: HQ_Lightmap0_9 (AutoDXT, 1024X1024)
[2025.09.22-16.06.30:110][800]LogTexture: Display: Building textures: LQ_Lightmap_0_9 (DXT1, 1024X1024)
[2025.09.22-16.06.30:110][800]LogTexture: Display: Building textures: HQ_Lightmap0_10 (AutoDXT, 1024X1024)
[2025.09.22-16.06.30:110][800]LogTexture: Display: Building textures: LQ_Lightmap_0_10 (DXT1, 1024X1024)
[2025.09.22-16.06.30:110][800]LogTexture: Display: Building textures: HQ_Lightmap0_11 (AutoDXT, 1024X1024)
[2025.09.22-16.06.30:110][800]LogTexture: Display: Building textures: LQ_Lightmap_0_11 (DXT1, 1024X1024)
[2025.09.22-16.06.30:110][800]LogTexture: Display: Building textures: HQ_Lightmap0_12 (AutoDXT, 1024X1024)
[2025.09.22-16.06.30:110][800]LogTexture: Display: Building textures: LQ_Lightmap_0_12 (DXT1, 1024X1024)
[2025.09.22-16.06.30:110][800]LogTexture: Display: Building textures: HQ_Lightmap0_13 (AutoDXT, 1024X1024)
[2025.09.22-16.06.30:111][800]LogTexture: Display: Building textures: LQ_Lightmap_0_13 (DXT1, 1024X1024)
[2025.09.22-16.06.30:111][800]LogTexture: Display: Building textures: HQ_Lightmap0_14 (AutoDXT, 1024X1024)
[2025.09.22-16.06.30:111][800]LogTexture: Display: Building textures: LQ_Lightmap_0_14 (DXT1, 1024X1024)
[2025.09.22-16.06.30:111][800]LogTexture: Display: Building textures: HQ_Lightmap0_15 (AutoDXT, 1024X1024)
[2025.09.22-16.06.30:111][800]LogTexture: Display: Building textures: LQ_Lightmap_0_15 (DXT1, 1024X1024)
[2025.09.22-16.06.30:111][800]LogTexture: Display: Building textures: HQ_Lightmap0_16 (AutoDXT, 1024X1024)
[2025.09.22-16.06.30:111][800]LogTexture: Display: Building textures: LQ_Lightmap_0_16 (DXT1, 1024X1024)
[2025.09.22-16.06.30:111][800]LogTexture: Display: Building textures: HQ_Lightmap0_17 (AutoDXT, 1024X1024)
[2025.09.22-16.06.30:111][800]LogTexture: Display: Building textures: LQ_Lightmap_0_17 (DXT1, 1024X1024)
[2025.09.22-16.06.30:111][800]LogTexture: Display: Building textures: HQ_Lightmap1_18 (AutoDXT, 64X64)
[2025.09.22-16.06.30:111][800]LogTexture: Display: Building textures: LQ_Lightmap_1_18 (DXT1, 64X64)
[2025.09.22-16.06.30:260][800]LogTexture: Display: Building textures: ShadowMapTexture2D_41 (G8, 32X32)
[2025.09.22-16.06.30:260][800]LogTexture: Display: Building textures: ShadowMapTexture2D_40 (G8, 1024X512)
[2025.09.22-16.06.30:260][800]LogTexture: Display: Building textures: ShadowMapTexture2D_38 (G8, 1024X1024)
[2025.09.22-16.06.30:260][800]LogTexture: Display: Building textures: ShadowMapTexture2D_39 (G8, 1024X1024)
[2025.09.22-16.06.30:260][800]LogTexture: Display: Building textures: ShadowMapTexture2D_36 (G8, 1024X1024)
[2025.09.22-16.06.30:260][800]LogTexture: Display: Building textures: ShadowMapTexture2D_37 (G8, 1024X1024)
[2025.09.22-16.06.30:260][800]LogTexture: Display: Building textures: ShadowMapTexture2D_35 (G8, 1024X1024)
[2025.09.22-16.06.30:277][800]LogStaticLightingSystem: CheeseFactory_001_BuiltData storing lightmap data for 819 meshes in 39 LightmapResourceClusters (21.0 Meshes per cluster).
[2025.09.22-16.06.30:302][800]Lightmass on CECOMAIN: 54.2 sec total, 86 ms importing, 36 ms setup, 3.12 sec photons, 50.9 sec processing, 0 ms extra exporting [819/819 mappings]. Threads: 12:43 min total, 9:20 min processing.
[2025.09.22-16.06.30:303][800]LogUObjectHash: Compacting FUObjectHashTables data took   0.90ms
[2025.09.22-16.06.30:308][800]LogStaticLightingSystem: Illumination: 59.1 sec (1.43 sec encoding lightmaps, 141 ms encoding shadowmaps)
[2025.09.22-16.06.30:308][800]LogStaticLightingSystem: Lightmap texture memory:  34.0 MB (34.0 MB streaming, 0.0 MB non-streaming), 36 textures
[2025.09.22-16.06.30:308][800]LogStaticLightingSystem: Shadowmap texture memory: 7.3 MB (7.3 MB streaming, 0.0 MB non-streaming), 7 textures
[2025.09.22-16.06.30:773][800]DumpUnbuiltLightIteractions
[2025.09.22-16.06.30:773][800]Lights with unbuilt interactions: 0
[2025.09.22-16.06.30:773][800]
[2025.09.22-16.06.30:773][800]Primitives with unbuilt interactions: 0
[2025.09.22-16.06.30:893][801]Cmd: MAP CHECK NOTIFYRESULTS
[2025.09.22-16.06.30:893][801]MapCheck: New page: CheeseFactory_001 - Sep 22, 2025, 10:06:30 PM
[2025.09.22-16.06.30:896][801]MapCheck: Map check complete: 0 Error(s), 0 Warning(s), took 2.162ms to complete.
[2025.09.22-16.09.00:464][747]LogSlate: FSceneViewport::OnFocusLost() reason 0
[2025.09.22-16.09.00:512][753]LogSlate: Window 'Message Log' being destroyed
[2025.09.22-16.09.00:517][753]LogSlate: Window 'Message Log' being destroyed
[2025.09.22-16.09.03:745][140]LogEditorViewport: Clicking on Actor (LMB): StaticMeshActor (Stair2)
[2025.09.22-16.15.25:308][919]LogSlate: FSceneViewport::OnFocusLost() reason 5
[2025.09.22-16.15.25:336][919]LogUObjectHash: Compacting FUObjectHashTables data took   0.68ms
[2025.09.22-16.15.25:514][919]LogSavePackage: Moving 'E:/GameDev/hggjam/GameJamHGGUnreal4.23.1/GameJamCrew/Saved/CheeseFactory_001_Auto1E39D9E8B4FE6A1C08D85809C3471A1EE.tmp' to 'E:/GameDev/hggjam/GameJamHGGUnreal4.23.1/GameJamCrew/Saved/Autosaves/Game/Levels/CheeseFactory_001_Auto1.umap'
[2025.09.22-16.15.25:516][919]LogFileHelpers: Editor autosave (incl. sublevels) for '/Game/Levels/CheeseFactory_001' took 0.200
[2025.09.22-16.15.25:516][919]LogFileHelpers: Editor autosave (incl. sublevels) for all levels took 0.200
[2025.09.22-16.15.25:517][919]OBJ SavePackage: Generating thumbnails for [1] asset(s) in package [/Game/LevelAssets/Models/modular/Cheese_shelves/shelved_cheese_full] ([1] browsable assets)...
[2025.09.22-16.15.25:521][919]OBJ SavePackage:     Rendered thumbnail for [StaticMesh /Game/LevelAssets/Models/modular/Cheese_shelves/shelved_cheese_full.shelved_cheese_full]
[2025.09.22-16.15.25:521][919]OBJ SavePackage: Finished generating thumbnails for package [/Game/LevelAssets/Models/modular/Cheese_shelves/shelved_cheese_full]
[2025.09.22-16.15.25:531][919]LogSavePackage: Moving 'E:/GameDev/hggjam/GameJamHGGUnreal4.23.1/GameJamCrew/Saved/shelved_cheese_full_Auto109487BC54606ACB2A8540C83F159435F.tmp' to 'E:/GameDev/hggjam/GameJamHGGUnreal4.23.1/GameJamCrew/Saved/Autosaves/Game/LevelAssets/Models/modular/Cheese_shelves/shelved_cheese_full_Auto1.uasset'
[2025.09.22-16.15.25:532][919]OBJ SavePackage: Generating thumbnails for [1] asset(s) in package [/Game/LevelAssets/Models/modular/Cheese_shelves/shelved_cheese_half] ([1] browsable assets)...
[2025.09.22-16.15.25:535][919]OBJ SavePackage:     Rendered thumbnail for [StaticMesh /Game/LevelAssets/Models/modular/Cheese_shelves/shelved_cheese_half.shelved_cheese_half]
[2025.09.22-16.15.25:535][919]OBJ SavePackage: Finished generating thumbnails for package [/Game/LevelAssets/Models/modular/Cheese_shelves/shelved_cheese_half]
[2025.09.22-16.15.25:542][919]LogSavePackage: Moving 'E:/GameDev/hggjam/GameJamHGGUnreal4.23.1/GameJamCrew/Saved/shelved_cheese_half_Auto102A69C914BE921D2B6783EB1EDBD90C1.tmp' to 'E:/GameDev/hggjam/GameJamHGGUnreal4.23.1/GameJamCrew/Saved/Autosaves/Game/LevelAssets/Models/modular/Cheese_shelves/shelved_cheese_half_Auto1.uasset'
[2025.09.22-16.15.25:543][919]OBJ SavePackage: Generating thumbnails for [1] asset(s) in package [/Game/LevelAssets/Models/modular/Cheese_shelves/shelved_cheese_singlerow] ([1] browsable assets)...
[2025.09.22-16.15.25:546][919]OBJ SavePackage:     Rendered thumbnail for [StaticMesh /Game/LevelAssets/Models/modular/Cheese_shelves/shelved_cheese_singlerow.shelved_cheese_singlerow]
[2025.09.22-16.15.25:546][919]OBJ SavePackage: Finished generating thumbnails for package [/Game/LevelAssets/Models/modular/Cheese_shelves/shelved_cheese_singlerow]
[2025.09.22-16.15.25:552][919]LogSavePackage: Moving 'E:/GameDev/hggjam/GameJamHGGUnreal4.23.1/GameJamCrew/Saved/shelved_cheese_singlerow_Auto1C47B78054C318336269F51B936B2DC5F.tmp' to 'E:/GameDev/hggjam/GameJamHGGUnreal4.23.1/GameJamCrew/Saved/Autosaves/Game/LevelAssets/Models/modular/Cheese_shelves/shelved_cheese_singlerow_Auto1.uasset'
[2025.09.22-16.15.25:553][919]OBJ SavePackage: Generating thumbnails for [0] asset(s) in package [/Game/LevelAssets/Materials/wood/wood_trimsheet02/M_wood_trimsheet02] ([1] browsable assets)...
[2025.09.22-16.15.25:553][919]OBJ SavePackage: Finished generating thumbnails for package [/Game/LevelAssets/Materials/wood/wood_trimsheet02/M_wood_trimsheet02]
[2025.09.22-16.15.25:555][919]LogSavePackage: Moving 'E:/GameDev/hggjam/GameJamHGGUnreal4.23.1/GameJamCrew/Saved/M_wood_trimsheet02_Auto110DB64CB442017781A44589982F10962.tmp' to 'E:/GameDev/hggjam/GameJamHGGUnreal4.23.1/GameJamCrew/Saved/Autosaves/Game/LevelAssets/Materials/wood/wood_trimsheet02/M_wood_trimsheet02_Auto1.uasset'
[2025.09.22-16.15.25:555][919]LogFileHelpers: Auto-saving content packages took 0.039
[2025.09.22-16.32.59:176][295]LogEditorViewport: Clicking on Actor (LMB): StaticMeshActor (floor01_2x70)
[2025.09.22-16.33.17:869][532]LogEditorViewport: Clicking on Actor (LMB): PointLight (PointLight9)
[2025.09.22-16.33.18:550][611]LogEditorViewport: Clicking on Actor (LMB): StaticMeshActor (lamp8)
[2025.09.22-16.33.20:633][855]LogEditorViewport: Clicking on Actor (LMB): PointLight (PointLight9)
[2025.09.22-16.33.23:168][154]Cmd: TRANSACTION UNDO
[2025.09.22-16.33.23:168][154]LogEditorTransaction: Undo Clicking on Actors
[2025.09.22-16.33.23:501][192]Cmd: TRANSACTION UNDO
[2025.09.22-16.33.23:501][192]LogEditorTransaction: Undo Clicking on Actors
[2025.09.22-16.33.31:685][165]Cmd: TRANSACTION UNDO
[2025.09.22-16.33.31:685][165]LogEditorTransaction: Undo Move Actors
[2025.09.22-16.33.43:710][597]LogEditorViewport: Clicking on Actor (LMB): StaticMeshActor (wall01_2x99)
[2025.09.22-16.33.44:862][730]LogSlate: FSceneViewport::OnFocusLost() reason 5
[2025.09.22-16.33.44:869][730]Cmd: OBJ SAVEPACKAGE PACKAGE="/Game/Levels/CheeseFactory_001" FILE="E:/GameDev/hggjam/GameJamHGGUnreal4.23.1/GameJamCrew/Content/Levels/CheeseFactory_001.umap" SILENT=true AUTOSAVING=false KEEPDIRTY=false
[2025.09.22-16.33.44:890][730]LogUObjectHash: Compacting FUObjectHashTables data took   1.10ms
[2025.09.22-16.33.45:065][730]LogSavePackage: Moving 'E:/GameDev/hggjam/GameJamHGGUnreal4.23.1/GameJamCrew/Saved/CheeseFactory_001DEA525534266C716DEFA419903B5675A.tmp' to 'E:/GameDev/hggjam/GameJamHGGUnreal4.23.1/GameJamCrew/Content/Levels/CheeseFactory_001.umap'
[2025.09.22-16.33.45:077][730]Cmd: OBJ SAVEPACKAGE PACKAGE="/Game/Levels/CheeseFactory_001_BuiltData" FILE="E:/GameDev/hggjam/GameJamHGGUnreal4.23.1/GameJamCrew/Content/Levels/CheeseFactory_001_BuiltData.uasset" SILENT=true
[2025.09.22-16.33.45:607][730]LogSavePackage: Moving 'E:/GameDev/hggjam/GameJamHGGUnreal4.23.1/GameJamCrew/Saved/CheeseFactory_001_BuiltData5C2258CD48D20D3ACDDD8FBC09071898.tmp' to 'E:/GameDev/hggjam/GameJamHGGUnreal4.23.1/GameJamCrew/Content/Levels/CheeseFactory_001_BuiltData.uasset'
[2025.09.22-16.33.51:956][485]LogSlate: FSceneViewport::OnFocusLost() reason 2
[2025.09.22-16.33.52:763][582]MapCheck: New page: Map Check
[2025.09.22-16.33.52:769][582]LogSlate: FSceneViewport::OnFocusLost() reason 5
[2025.09.22-16.33.52:772][582]LightingResults: New page: Lighting Build - Sep 22, 2025, 10:33:52 PM
[2025.09.22-16.33.52:777][582]LogSwarmInterface: [OpenConnection] Registering TCP channel ...
[2025.09.22-16.33.52:781][582]LogSwarmInterface: [OpenConnection] Connecting to agent ...
[2025.09.22-16.33.52:781][582]LogSwarmInterface: [TryOpenConnection] Testing the Agent
[2025.09.22-16.33.52:782][582]LogSwarmInterface: [TryOpenConnection] Opening Connection to Agent
[2025.09.22-16.33.52:782][582]LogSwarmInterface: [TryOpenConnection] Local Process ID is 3656
[2025.09.22-16.33.57:354][582]LogStaticLightingSystem: Running Lightmass w/ ImmediateImport mode ENABLED
[2025.09.22-16.33.57:354][582]LogStaticLightingSystem: Running Lightmass w/ ImmediateProcess mode ENABLED
[2025.09.22-16.33.57:354][582]LogStaticLightingSystem: Running Lightmass w/ Sorting mode ENABLED
[2025.09.22-16.33.57:354][582]LogStaticLightingSystem: Running Lightmass w/ Mapping paddings ENABLED
[2025.09.22-16.33.57:354][582]LogStaticLightingSystem: Running Lightmass w/ Mapping debug paddings DISABLED
[2025.09.22-16.33.57:437][582]LogEditorBuildUtils: Build time 0:04
[2025.09.22-16.33.57:480][583]LogUObjectHash: Compacting FUObjectHashTables data took   1.05ms
[2025.09.22-16.34.14:231][633]LightingResults: Warning: Cheese_box_without_Cheese Object has overlapping UVs.
[2025.09.22-16.34.14:231][633]LightingResults: Cheese_box_without_Cheese Lightmap UV are overlapping by 30.2%. Please adjust content - Enable Error Coloring to visualize.
[2025.09.22-16.34.15:232][636]LightingResults: Warning: Cheese_box_without_Cheese Object has overlapping UVs.
[2025.09.22-16.34.15:232][636]LightingResults: Cheese_box_without_Cheese Lightmap UV are overlapping by 30.2%. Please adjust content - Enable Error Coloring to visualize.
[2025.09.22-16.34.28:279][675]LightingResults: Warning: Cheese_box_without_Cheese Object has overlapping UVs.
[2025.09.22-16.34.28:279][675]LightingResults: Cheese_box_without_Cheese Lightmap UV are overlapping by 30.2%. Please adjust content - Enable Error Coloring to visualize.
[2025.09.22-16.34.29:296][678]LightingResults: Warning: Cheese_box_without_Cheese Object has overlapping UVs.
[2025.09.22-16.34.29:296][678]LightingResults: Cheese_box_without_Cheese Lightmap UV are overlapping by 30.2%. Please adjust content - Enable Error Coloring to visualize.
[2025.09.22-16.34.33:636][691]LightingResults: Warning: Skim_Milk Object has overlapping UVs.
[2025.09.22-16.34.33:636][691]LightingResults: Skim_Milk Lightmap UV are overlapping by 1.1%. Please adjust content - Enable Error Coloring to visualize.
[2025.09.22-16.34.33:970][692]LightingResults: Warning: Skim_Milk Object has overlapping UVs.
[2025.09.22-16.34.33:970][692]LightingResults: Skim_Milk Lightmap UV are overlapping by 1.1%. Please adjust content - Enable Error Coloring to visualize.
[2025.09.22-16.34.35:646][697]LightingResults: Warning: Skim_Milk Object has overlapping UVs.
[2025.09.22-16.34.35:646][697]LightingResults: Skim_Milk Lightmap UV are overlapping by 1.1%. Please adjust content - Enable Error Coloring to visualize.
[2025.09.22-16.34.40:678][712]LightingResults: Warning: Cheese_box_with_Cheese Object has overlapping UVs.
[2025.09.22-16.34.40:678][712]LightingResults: Cheese_box_with_Cheese Lightmap UV are overlapping by 20.1%. Please adjust content - Enable Error Coloring to visualize.
[2025.09.22-16.34.40:678][712]LightingResults: Warning: Cheese_box_without_Cheese Object has overlapping UVs.
[2025.09.22-16.34.40:678][712]LightingResults: Cheese_box_without_Cheese Lightmap UV are overlapping by 30.2%. Please adjust content - Enable Error Coloring to visualize.
[2025.09.22-16.34.42:009][716]LightingResults: Warning: cylinder Object has overlapping UVs.
[2025.09.22-16.34.42:009][716]LightingResults: cylinder Lightmap UV are overlapping by 6.0%. Please adjust content - Enable Error Coloring to visualize.
[2025.09.22-16.34.46:264][780]Job is a success!
[2025.09.22-16.34.46:288][781]LogSlate: FSceneViewport::OnFocusLost() reason 5
[2025.09.22-16.34.46:329][781]LogVolumetricLightmapImport: Imported Volumetric Lightmap in 0.003s
[2025.09.22-16.34.46:329][781]LogVolumetricLightmapImport:      Indirection Texture 16x16x16 = 0.0Mb
[2025.09.22-16.34.46:329][781]LogVolumetricLightmapImport:      BrickData 80x5x5 = 0.1Mb
[2025.09.22-16.34.46:329][781]LogVolumetricLightmapImport:      Bricks at Level
[2025.09.22-16.34.46:329][781]LogVolumetricLightmapImport:          0: 6.3% covering 100.0% of volume
[2025.09.22-16.34.46:329][781]LogVolumetricLightmapImport:          1: 6.3% covering 1.6% of volume
[2025.09.22-16.34.46:329][781]LogVolumetricLightmapImport:          2: 87.5% covering 0.3% of volume
[2025.09.22-16.34.48:128][781]LogTexture: Display: Building textures: HQ_Lightmap1_1 (AutoDXT, 1024X1024)
[2025.09.22-16.34.48:128][781]LogTexture: Display: Building textures: LQ_Lightmap_1_1 (DXT1, 1024X1024)
[2025.09.22-16.34.48:128][781]LogTexture: Display: Building textures: HQ_Lightmap1_2 (AutoDXT, 1024X1024)
[2025.09.22-16.34.48:128][781]LogTexture: Display: Building textures: LQ_Lightmap_1_2 (DXT1, 1024X1024)
[2025.09.22-16.34.48:128][781]LogTexture: Display: Building textures: HQ_Lightmap1_3 (AutoDXT, 1024X1024)
[2025.09.22-16.34.48:128][781]LogTexture: Display: Building textures: LQ_Lightmap_1_3 (DXT1, 1024X1024)
[2025.09.22-16.34.48:128][781]LogTexture: Display: Building textures: HQ_Lightmap1_4 (AutoDXT, 1024X1024)
[2025.09.22-16.34.48:128][781]LogTexture: Display: Building textures: LQ_Lightmap_1_4 (DXT1, 1024X1024)
[2025.09.22-16.34.48:128][781]LogTexture: Display: Building textures: HQ_Lightmap1_5 (AutoDXT, 1024X1024)
[2025.09.22-16.34.48:128][781]LogTexture: Display: Building textures: LQ_Lightmap_1_5 (DXT1, 1024X1024)
[2025.09.22-16.34.48:128][781]LogTexture: Display: Building textures: HQ_Lightmap1_6 (AutoDXT, 1024X1024)
[2025.09.22-16.34.48:128][781]LogTexture: Display: Building textures: LQ_Lightmap_1_6 (DXT1, 1024X1024)
[2025.09.22-16.34.48:128][781]LogTexture: Display: Building textures: HQ_Lightmap1_7 (AutoDXT, 1024X1024)
[2025.09.22-16.34.48:128][781]LogTexture: Display: Building textures: LQ_Lightmap_1_7 (DXT1, 1024X1024)
[2025.09.22-16.34.48:128][781]LogTexture: Display: Building textures: HQ_Lightmap1_8 (AutoDXT, 1024X1024)
[2025.09.22-16.34.48:128][781]LogTexture: Display: Building textures: LQ_Lightmap_1_8 (DXT1, 1024X1024)
[2025.09.22-16.34.48:128][781]LogTexture: Display: Building textures: HQ_Lightmap1_9 (AutoDXT, 1024X1024)
[2025.09.22-16.34.48:128][781]LogTexture: Display: Building textures: LQ_Lightmap_1_9 (DXT1, 1024X1024)
[2025.09.22-16.34.48:128][781]LogTexture: Display: Building textures: HQ_Lightmap1_10 (AutoDXT, 1024X1024)
[2025.09.22-16.34.48:128][781]LogTexture: Display: Building textures: LQ_Lightmap_1_10 (DXT1, 1024X1024)
[2025.09.22-16.34.48:128][781]LogTexture: Display: Building textures: HQ_Lightmap1_11 (AutoDXT, 1024X1024)
[2025.09.22-16.34.48:128][781]LogTexture: Display: Building textures: LQ_Lightmap_1_11 (DXT1, 1024X1024)
[2025.09.22-16.34.48:128][781]LogTexture: Display: Building textures: HQ_Lightmap1_12 (AutoDXT, 1024X1024)
[2025.09.22-16.34.48:128][781]LogTexture: Display: Building textures: LQ_Lightmap_1_12 (DXT1, 1024X1024)
[2025.09.22-16.34.48:128][781]LogTexture: Display: Building textures: HQ_Lightmap1_13 (AutoDXT, 1024X1024)
[2025.09.22-16.34.48:128][781]LogTexture: Display: Building textures: LQ_Lightmap_1_13 (DXT1, 1024X1024)
[2025.09.22-16.34.48:128][781]LogTexture: Display: Building textures: HQ_Lightmap1_14 (AutoDXT, 1024X1024)
[2025.09.22-16.34.48:128][781]LogTexture: Display: Building textures: LQ_Lightmap_1_14 (DXT1, 1024X1024)
[2025.09.22-16.34.48:128][781]LogTexture: Display: Building textures: HQ_Lightmap1_15 (AutoDXT, 1024X1024)
[2025.09.22-16.34.48:128][781]LogTexture: Display: Building textures: LQ_Lightmap_1_15 (DXT1, 1024X1024)
[2025.09.22-16.34.48:128][781]LogTexture: Display: Building textures: HQ_Lightmap1_16 (AutoDXT, 1024X1024)
[2025.09.22-16.34.48:128][781]LogTexture: Display: Building textures: LQ_Lightmap_1_16 (DXT1, 1024X1024)
[2025.09.22-16.34.48:128][781]LogTexture: Display: Building textures: HQ_Lightmap1_17 (AutoDXT, 1024X1024)
[2025.09.22-16.34.48:128][781]LogTexture: Display: Building textures: LQ_Lightmap_1_17 (DXT1, 1024X1024)
[2025.09.22-16.34.48:128][781]LogTexture: Display: Building textures: HQ_Lightmap0_18 (AutoDXT, 64X64)
[2025.09.22-16.34.48:128][781]LogTexture: Display: Building textures: LQ_Lightmap_0_18 (DXT1, 64X64)
[2025.09.22-16.34.48:257][781]LogTexture: Display: Building textures: ShadowMapTexture2D_48 (G8, 32X32)
[2025.09.22-16.34.48:257][781]LogTexture: Display: Building textures: ShadowMapTexture2D_47 (G8, 1024X512)
[2025.09.22-16.34.48:257][781]LogTexture: Display: Building textures: ShadowMapTexture2D_46 (G8, 1024X1024)
[2025.09.22-16.34.48:257][781]LogTexture: Display: Building textures: ShadowMapTexture2D_45 (G8, 1024X1024)
[2025.09.22-16.34.48:257][781]LogTexture: Display: Building textures: ShadowMapTexture2D_43 (G8, 1024X1024)
[2025.09.22-16.34.48:257][781]LogTexture: Display: Building textures: ShadowMapTexture2D_44 (G8, 1024X1024)
[2025.09.22-16.34.48:257][781]LogTexture: Display: Building textures: ShadowMapTexture2D_42 (G8, 1024X1024)
[2025.09.22-16.34.48:277][781]LogStaticLightingSystem: CheeseFactory_001_BuiltData storing lightmap data for 819 meshes in 39 LightmapResourceClusters (21.0 Meshes per cluster).
[2025.09.22-16.34.48:301][781]Lightmass on CECOMAIN: 50.6 sec total, 85 ms importing, 35 ms setup, 3.21 sec photons, 47.2 sec processing, 0 ms extra exporting [819/819 mappings]. Threads: 11:48 min total, 8:43 min processing.
[2025.09.22-16.34.48:304][781]LogUObjectHash: Compacting FUObjectHashTables data took   0.90ms
[2025.09.22-16.34.48:308][781]LogStaticLightingSystem: Illumination: 55.5 sec (1.41 sec encoding lightmaps, 122 ms encoding shadowmaps)
[2025.09.22-16.34.48:308][781]LogStaticLightingSystem: Lightmap texture memory:  34.0 MB (34.0 MB streaming, 0.0 MB non-streaming), 36 textures
[2025.09.22-16.34.48:308][781]LogStaticLightingSystem: Shadowmap texture memory: 7.3 MB (7.3 MB streaming, 0.0 MB non-streaming), 7 textures
[2025.09.22-16.34.48:395][781]DumpUnbuiltLightIteractions
[2025.09.22-16.34.48:395][781]Lights with unbuilt interactions: 0
[2025.09.22-16.34.48:395][781]
[2025.09.22-16.34.48:395][781]Primitives with unbuilt interactions: 0
[2025.09.22-16.34.48:506][782]Cmd: MAP CHECK NOTIFYRESULTS
[2025.09.22-16.34.48:506][782]MapCheck: New page: CheeseFactory_001 - Sep 22, 2025, 10:34:48 PM
[2025.09.22-16.34.48:509][782]MapCheck: Map check complete: 0 Error(s), 0 Warning(s), took 2.154ms to complete.
[2025.09.22-16.34.53:094][330]LogSlate: FSceneViewport::OnFocusLost() reason 0
[2025.09.22-16.34.53:191][342]LogSlate: Window 'Message Log' being destroyed
[2025.09.22-16.34.53:195][342]LogSlate: Window 'Message Log' being destroyed
[2025.09.22-16.34.55:632][634]LogEditorViewport: Clicking on Actor (LMB): StaticMeshActor (wall01_2x101)
[2025.09.22-16.35.25:336][192]LogEditorViewport: Clicking on Actor (LMB): StaticMeshActor (vent01_80x100)
[2025.09.22-16.35.48:515][969]LogSlate: FSceneViewport::OnFocusLost() reason 0
[2025.09.22-16.35.54:159][645]LogEditorViewport: Clicking on Actor (LMB): StaticMeshActor (vent01_80x70)
[2025.09.22-16.35.54:929][734]LogSlate: FSceneViewport::OnFocusLost() reason 5
[2025.09.22-16.35.54:934][734]Cmd: OBJ SAVEPACKAGE PACKAGE="/Game/Levels/CheeseFactory_001" FILE="E:/GameDev/hggjam/GameJamHGGUnreal4.23.1/GameJamCrew/Content/Levels/CheeseFactory_001.umap" SILENT=true AUTOSAVING=false KEEPDIRTY=false
[2025.09.22-16.35.54:954][734]LogUObjectHash: Compacting FUObjectHashTables data took   0.44ms
[2025.09.22-16.35.55:125][734]LogSavePackage: Moving 'E:/GameDev/hggjam/GameJamHGGUnreal4.23.1/GameJamCrew/Saved/CheeseFactory_0010D2E843649B55E0FEE867BAE5ED2DC44.tmp' to 'E:/GameDev/hggjam/GameJamHGGUnreal4.23.1/GameJamCrew/Content/Levels/CheeseFactory_001.umap'
[2025.09.22-16.35.55:136][734]Cmd: OBJ SAVEPACKAGE PACKAGE="/Game/Levels/CheeseFactory_001_BuiltData" FILE="E:/GameDev/hggjam/GameJamHGGUnreal4.23.1/GameJamCrew/Content/Levels/CheeseFactory_001_BuiltData.uasset" SILENT=true
[2025.09.22-16.35.55:640][734]LogSavePackage: Moving 'E:/GameDev/hggjam/GameJamHGGUnreal4.23.1/GameJamCrew/Saved/CheeseFactory_001_BuiltData3C628E3E4B5AD00512179D89DB7EEA9E.tmp' to 'E:/GameDev/hggjam/GameJamHGGUnreal4.23.1/GameJamCrew/Content/Levels/CheeseFactory_001_BuiltData.uasset'
[2025.09.22-16.36.26:214][400]LogEditorViewport: Clicking on Actor (LMB): StaticMeshActor (shelf01_full28)
[2025.09.22-16.37.17:033][470]LogEditorViewport: Clicking on Actor (LMB): StaticMeshActor (shelf01_full43)
[2025.09.22-16.37.39:546][144]LogEditorViewport: Clicking on Actor (LMB): StaticMeshActor (shelf01_full63)
[2025.09.22-16.37.40:042][200]Cmd: DELETE
[2025.09.22-16.37.40:042][200]Cmd: ACTOR DELETE
[2025.09.22-16.37.40:048][200]LogEditorActor: Deleted Actor: StaticMeshActor
[2025.09.22-16.37.40:068][200]LogUObjectHash: Compacting FUObjectHashTables data took   1.06ms
[2025.09.22-16.37.40:068][200]LogEditorActor: Deleted 1 Actors (0.026 secs)
[2025.09.22-16.37.40:310][229]LogEditorViewport: Clicking on Actor (LMB): StaticMeshActor (shelf01_full18)
[2025.09.22-16.37.40:400][237]Cmd: DELETE
[2025.09.22-16.37.40:400][237]Cmd: ACTOR DELETE
[2025.09.22-16.37.40:405][237]LogEditorActor: Deleted Actor: StaticMeshActor
[2025.09.22-16.37.40:424][237]LogUObjectHash: Compacting FUObjectHashTables data took   0.41ms
[2025.09.22-16.37.40:424][237]LogEditorActor: Deleted 1 Actors (0.025 secs)
[2025.09.22-16.37.41:019][308]LogEditorViewport: Clicking on Actor (LMB): StaticMeshActor (shelf01_full51)
[2025.09.22-16.37.41:192][326]Cmd: DELETE
[2025.09.22-16.37.41:192][326]Cmd: ACTOR DELETE
[2025.09.22-16.37.41:198][326]LogEditorActor: Deleted Actor: StaticMeshActor
[2025.09.22-16.37.41:218][326]LogUObjectHash: Compacting FUObjectHashTables data took   0.41ms
[2025.09.22-16.37.41:218][326]LogEditorActor: Deleted 1 Actors (0.025 secs)
[2025.09.22-16.37.41:796][395]LogEditorViewport: Clicking on Actor (LMB): StaticMeshActor (shelf01_full32)
[2025.09.22-16.37.42:096][428]Cmd: DELETE
[2025.09.22-16.37.42:096][428]Cmd: ACTOR DELETE
[2025.09.22-16.37.42:102][428]LogEditorActor: Deleted Actor: StaticMeshActor
[2025.09.22-16.37.42:121][428]LogUObjectHash: Compacting FUObjectHashTables data took   0.42ms
[2025.09.22-16.37.42:121][428]LogEditorActor: Deleted 1 Actors (0.026 secs)
[2025.09.22-16.37.42:599][485]LogEditorViewport: Clicking on Actor (LMB): StaticMeshActor (shelf01_full16)
[2025.09.22-16.37.42:690][493]Cmd: DELETE
[2025.09.22-16.37.42:690][493]Cmd: ACTOR DELETE
[2025.09.22-16.37.42:695][493]LogEditorActor: Deleted Actor: StaticMeshActor
[2025.09.22-16.37.42:714][493]LogUObjectHash: Compacting FUObjectHashTables data took   0.41ms
[2025.09.22-16.37.42:714][493]LogEditorActor: Deleted 1 Actors (0.024 secs)
[2025.09.22-16.37.44:759][737]LogEditorViewport: Clicking on Actor (LMB): StaticMeshActor (shelf01_full17)
[2025.09.22-16.37.45:082][770]Cmd: DELETE
[2025.09.22-16.37.45:082][770]Cmd: ACTOR DELETE
[2025.09.22-16.37.45:088][770]LogEditorActor: Deleted Actor: StaticMeshActor
[2025.09.22-16.37.45:106][770]LogUObjectHash: Compacting FUObjectHashTables data took   0.40ms
[2025.09.22-16.37.45:106][770]LogEditorActor: Deleted 1 Actors (0.024 secs)
[2025.09.22-16.37.45:439][810]LogEditorViewport: Clicking on Actor (LMB): StaticMeshActor (shelf01_full31)
[2025.09.22-16.37.45:531][818]Cmd: DELETE
[2025.09.22-16.37.45:531][818]Cmd: ACTOR DELETE
[2025.09.22-16.37.45:536][818]LogEditorActor: Deleted Actor: StaticMeshActor
[2025.09.22-16.37.45:555][818]LogUObjectHash: Compacting FUObjectHashTables data took   0.41ms
[2025.09.22-16.37.45:556][818]LogEditorActor: Deleted 1 Actors (0.025 secs)
[2025.09.22-16.37.45:809][848]LogEditorViewport: Clicking on Actor (LMB): StaticMeshActor (shelf01_full62)
[2025.09.22-16.37.45:884][854]Cmd: DELETE
[2025.09.22-16.37.45:884][854]Cmd: ACTOR DELETE
[2025.09.22-16.37.45:889][854]LogEditorActor: Deleted Actor: StaticMeshActor
[2025.09.22-16.37.45:909][854]LogUObjectHash: Compacting FUObjectHashTables data took   0.40ms
[2025.09.22-16.37.45:909][854]LogEditorActor: Deleted 1 Actors (0.025 secs)
[2025.09.22-16.37.46:329][904]LogEditorViewport: Clicking on Actor (LMB): StaticMeshActor (shelf01_full50)
[2025.09.22-16.37.46:494][921]Cmd: DELETE
[2025.09.22-16.37.46:495][921]Cmd: ACTOR DELETE
[2025.09.22-16.37.46:501][921]LogEditorActor: Deleted Actor: StaticMeshActor
[2025.09.22-16.37.46:521][921]LogUObjectHash: Compacting FUObjectHashTables data took   0.41ms
[2025.09.22-16.37.46:521][921]LogEditorActor: Deleted 1 Actors (0.026 secs)
[2025.09.22-16.37.46:908][967]LogEditorViewport: Clicking on Actor (LMB): StaticMeshActor (shelf01_full15)
[2025.09.22-16.37.46:984][973]Cmd: DELETE
[2025.09.22-16.37.46:984][973]Cmd: ACTOR DELETE
[2025.09.22-16.37.46:990][973]LogEditorActor: Deleted Actor: StaticMeshActor
[2025.09.22-16.37.47:008][973]LogUObjectHash: Compacting FUObjectHashTables data took   0.40ms
[2025.09.22-16.37.47:009][973]LogEditorActor: Deleted 1 Actors (0.025 secs)
[2025.09.22-16.37.54:427][861]LogSlate: FSceneViewport::OnFocusLost() reason 2
[2025.09.22-16.37.55:293][965]MapCheck: New page: Map Check
[2025.09.22-16.37.55:303][965]LogSlate: FSceneViewport::OnFocusLost() reason 5
[2025.09.22-16.37.55:306][965]LightingResults: New page: Lighting Build - Sep 22, 2025, 10:37:55 PM
[2025.09.22-16.37.55:311][965]LogSwarmInterface: [OpenConnection] Registering TCP channel ...
[2025.09.22-16.37.55:315][965]LogSwarmInterface: [OpenConnection] Connecting to agent ...
[2025.09.22-16.37.55:315][965]LogSwarmInterface: [TryOpenConnection] Testing the Agent
[2025.09.22-16.37.55:316][965]LogSwarmInterface: [TryOpenConnection] Opening Connection to Agent
[2025.09.22-16.37.55:316][965]LogSwarmInterface: [TryOpenConnection] Local Process ID is 3656
[2025.09.22-16.37.59:876][965]LogStaticLightingSystem: Running Lightmass w/ ImmediateImport mode ENABLED
[2025.09.22-16.37.59:876][965]LogStaticLightingSystem: Running Lightmass w/ ImmediateProcess mode ENABLED
[2025.09.22-16.37.59:876][965]LogStaticLightingSystem: Running Lightmass w/ Sorting mode ENABLED
[2025.09.22-16.37.59:876][965]LogStaticLightingSystem: Running Lightmass w/ Mapping paddings ENABLED
[2025.09.22-16.37.59:876][965]LogStaticLightingSystem: Running Lightmass w/ Mapping debug paddings DISABLED
[2025.09.22-16.37.59:950][965]LogEditorBuildUtils: Build time 0:04
[2025.09.22-16.37.59:991][966]LogUObjectHash: Compacting FUObjectHashTables data took   0.77ms
[2025.09.22-16.38.11:869][ 72]LightingResults: Warning: Cheese_box_without_Cheese Object has overlapping UVs.
[2025.09.22-16.38.11:869][ 72]LightingResults: Cheese_box_without_Cheese Lightmap UV are overlapping by 30.2%. Please adjust content - Enable Error Coloring to visualize.
[2025.09.22-16.38.12:861][165]LightingResults: Warning: Cheese_box_without_Cheese Object has overlapping UVs.
[2025.09.22-16.38.12:861][165]LightingResults: Cheese_box_without_Cheese Lightmap UV are overlapping by 30.2%. Please adjust content - Enable Error Coloring to visualize.
[2025.09.22-16.38.14:089][280]LightingResults: Warning: Cheese_box_without_Cheese Object has overlapping UVs.
[2025.09.22-16.38.14:089][280]LightingResults: Cheese_box_without_Cheese Lightmap UV are overlapping by 30.2%. Please adjust content - Enable Error Coloring to visualize.
[2025.09.22-16.38.15:822][443]LightingResults: Warning: Cheese_box_with_Cheese Object has overlapping UVs.
[2025.09.22-16.38.15:822][443]LightingResults: Cheese_box_with_Cheese Lightmap UV are overlapping by 20.1%. Please adjust content - Enable Error Coloring to visualize.
[2025.09.22-16.38.16:115][470]LightingResults: Warning: Cheese_box_without_Cheese Object has overlapping UVs.
[2025.09.22-16.38.16:115][470]LightingResults: Cheese_box_without_Cheese Lightmap UV are overlapping by 30.2%. Please adjust content - Enable Error Coloring to visualize.
[2025.09.22-16.38.17:238][575]LightingResults: Warning: Cheese_box_without_Cheese Object has overlapping UVs.
[2025.09.22-16.38.17:238][575]LightingResults: Cheese_box_without_Cheese Lightmap UV are overlapping by 30.2%. Please adjust content - Enable Error Coloring to visualize.
[2025.09.22-16.38.33:815][134]LightingResults: Warning: Skim_Milk Object has overlapping UVs.
[2025.09.22-16.38.33:815][134]LightingResults: Skim_Milk Lightmap UV are overlapping by 1.1%. Please adjust content - Enable Error Coloring to visualize.
[2025.09.22-16.38.35:298][273]LightingResults: Warning: Skim_Milk Object has overlapping UVs.
[2025.09.22-16.38.35:298][273]LightingResults: Skim_Milk Lightmap UV are overlapping by 1.1%. Please adjust content - Enable Error Coloring to visualize.
[2025.09.22-16.38.36:333][370]LightingResults: Warning: Skim_Milk Object has overlapping UVs.
[2025.09.22-16.38.36:333][370]LightingResults: Skim_Milk Lightmap UV are overlapping by 1.1%. Please adjust content - Enable Error Coloring to visualize.
[2025.09.22-16.38.42:639][800]LightingResults: Warning: cylinder Object has overlapping UVs.
[2025.09.22-16.38.42:639][800]LightingResults: cylinder Lightmap UV are overlapping by 6.0%. Please adjust content - Enable Error Coloring to visualize.
[2025.09.22-16.38.50:692][824]Job is a success!
[2025.09.22-16.38.51:086][825]LogVolumetricLightmapImport: Imported Volumetric Lightmap in 0.003s
[2025.09.22-16.38.51:086][825]LogVolumetricLightmapImport:      Indirection Texture 16x16x16 = 0.0Mb
[2025.09.22-16.38.51:086][825]LogVolumetricLightmapImport:      BrickData 80x5x5 = 0.1Mb
[2025.09.22-16.38.51:086][825]LogVolumetricLightmapImport:      Bricks at Level
[2025.09.22-16.38.51:086][825]LogVolumetricLightmapImport:          0: 6.3% covering 100.0% of volume
[2025.09.22-16.38.51:086][825]LogVolumetricLightmapImport:          1: 6.3% covering 1.6% of volume
[2025.09.22-16.38.51:086][825]LogVolumetricLightmapImport:          2: 87.5% covering 0.3% of volume
[2025.09.22-16.38.52:893][825]LogTexture: Display: Building textures: HQ_Lightmap0_1 (AutoDXT, 1024X1024)
[2025.09.22-16.38.52:893][825]LogTexture: Display: Building textures: LQ_Lightmap_0_1 (DXT1, 1024X1024)
[2025.09.22-16.38.52:893][825]LogTexture: Display: Building textures: HQ_Lightmap0_2 (AutoDXT, 1024X1024)
[2025.09.22-16.38.52:893][825]LogTexture: Display: Building textures: LQ_Lightmap_0_2 (DXT1, 1024X1024)
[2025.09.22-16.38.52:893][825]LogTexture: Display: Building textures: HQ_Lightmap0_3 (AutoDXT, 1024X1024)
[2025.09.22-16.38.52:893][825]LogTexture: Display: Building textures: LQ_Lightmap_0_3 (DXT1, 1024X1024)
[2025.09.22-16.38.52:893][825]LogTexture: Display: Building textures: HQ_Lightmap0_4 (AutoDXT, 1024X1024)
[2025.09.22-16.38.52:893][825]LogTexture: Display: Building textures: LQ_Lightmap_0_4 (DXT1, 1024X1024)
[2025.09.22-16.38.52:893][825]LogTexture: Display: Building textures: HQ_Lightmap0_5 (AutoDXT, 1024X1024)
[2025.09.22-16.38.52:893][825]LogTexture: Display: Building textures: LQ_Lightmap_0_5 (DXT1, 1024X1024)
[2025.09.22-16.38.52:893][825]LogTexture: Display: Building textures: HQ_Lightmap0_6 (AutoDXT, 1024X1024)
[2025.09.22-16.38.52:893][825]LogTexture: Display: Building textures: LQ_Lightmap_0_6 (DXT1, 1024X1024)
[2025.09.22-16.38.52:893][825]LogTexture: Display: Building textures: HQ_Lightmap0_7 (AutoDXT, 1024X1024)
[2025.09.22-16.38.52:893][825]LogTexture: Display: Building textures: LQ_Lightmap_0_7 (DXT1, 1024X1024)
[2025.09.22-16.38.52:893][825]LogTexture: Display: Building textures: HQ_Lightmap0_8 (AutoDXT, 1024X1024)
[2025.09.22-16.38.52:893][825]LogTexture: Display: Building textures: LQ_Lightmap_0_8 (DXT1, 1024X1024)
[2025.09.22-16.38.52:893][825]LogTexture: Display: Building textures: HQ_Lightmap0_9 (AutoDXT, 1024X1024)
[2025.09.22-16.38.52:893][825]LogTexture: Display: Building textures: LQ_Lightmap_0_9 (DXT1, 1024X1024)
[2025.09.22-16.38.52:893][825]LogTexture: Display: Building textures: HQ_Lightmap0_10 (AutoDXT, 1024X1024)
[2025.09.22-16.38.52:893][825]LogTexture: Display: Building textures: LQ_Lightmap_0_10 (DXT1, 1024X1024)
[2025.09.22-16.38.52:893][825]LogTexture: Display: Building textures: HQ_Lightmap0_11 (AutoDXT, 1024X1024)
[2025.09.22-16.38.52:893][825]LogTexture: Display: Building textures: LQ_Lightmap_0_11 (DXT1, 1024X1024)
[2025.09.22-16.38.52:893][825]LogTexture: Display: Building textures: HQ_Lightmap0_12 (AutoDXT, 1024X1024)
[2025.09.22-16.38.52:893][825]LogTexture: Display: Building textures: LQ_Lightmap_0_12 (DXT1, 1024X1024)
[2025.09.22-16.38.52:893][825]LogTexture: Display: Building textures: HQ_Lightmap0_13 (AutoDXT, 1024X1024)
[2025.09.22-16.38.52:893][825]LogTexture: Display: Building textures: LQ_Lightmap_0_13 (DXT1, 1024X1024)
[2025.09.22-16.38.52:893][825]LogTexture: Display: Building textures: HQ_Lightmap0_14 (AutoDXT, 1024X1024)
[2025.09.22-16.38.52:893][825]LogTexture: Display: Building textures: LQ_Lightmap_0_14 (DXT1, 1024X1024)
[2025.09.22-16.38.52:893][825]LogTexture: Display: Building textures: HQ_Lightmap0_15 (AutoDXT, 1024X1024)
[2025.09.22-16.38.52:893][825]LogTexture: Display: Building textures: LQ_Lightmap_0_15 (DXT1, 1024X1024)
[2025.09.22-16.38.52:893][825]LogTexture: Display: Building textures: HQ_Lightmap0_16 (AutoDXT, 1024X1024)
[2025.09.22-16.38.52:893][825]LogTexture: Display: Building textures: HQ_Lightmap0_17 (AutoDXT, 1024X1024)
[2025.09.22-16.38.52:893][825]LogTexture: Display: Building textures: LQ_Lightmap_0_16 (DXT1, 1024X1024)
[2025.09.22-16.38.52:893][825]LogTexture: Display: Building textures: LQ_Lightmap_0_17 (DXT1, 1024X1024)
[2025.09.22-16.38.52:893][825]LogTexture: Display: Building textures: HQ_Lightmap1_18 (AutoDXT, 64X64)
[2025.09.22-16.38.52:893][825]LogTexture: Display: Building textures: LQ_Lightmap_1_18 (DXT1, 64X64)
[2025.09.22-16.38.53:035][825]LogTexture: Display: Building textures: ShadowMapTexture2D_55 (G8, 32X32)
[2025.09.22-16.38.53:036][825]LogTexture: Display: Building textures: ShadowMapTexture2D_54 (G8, 1024X512)
[2025.09.22-16.38.53:036][825]LogTexture: Display: Building textures: ShadowMapTexture2D_51 (G8, 1024X1024)
[2025.09.22-16.38.53:036][825]LogTexture: Display: Building textures: ShadowMapTexture2D_49 (G8, 1024X1024)
[2025.09.22-16.38.53:036][825]LogTexture: Display: Building textures: ShadowMapTexture2D_53 (G8, 1024X1024)
[2025.09.22-16.38.53:036][825]LogTexture: Display: Building textures: ShadowMapTexture2D_50 (G8, 1024X1024)
[2025.09.22-16.38.53:036][825]LogTexture: Display: Building textures: ShadowMapTexture2D_52 (G8, 1024X1024)
[2025.09.22-16.38.53:047][825]Lightmass on CECOMAIN: 52.8 sec total, 87 ms importing, 34 ms setup, 3.07 sec photons, 49.6 sec processing, 0 ms extra exporting [809/809 mappings]. Threads: 12:24 min total, 9:09 min processing.
[2025.09.22-16.38.53:053][825]LogStaticLightingSystem: CheeseFactory_001_BuiltData storing lightmap data for 809 meshes in 39 LightmapResourceClusters (20.7 Meshes per cluster).
[2025.09.22-16.38.53:081][825]LogUObjectHash: Compacting FUObjectHashTables data took   2.00ms
[2025.09.22-16.38.53:087][825]LogStaticLightingSystem: Illumination: 57.4 sec (1.42 sec encoding lightmaps, 139 ms encoding shadowmaps)
[2025.09.22-16.38.53:087][825]LogStaticLightingSystem: Lightmap texture memory:  34.0 MB (34.0 MB streaming, 0.0 MB non-streaming), 36 textures
[2025.09.22-16.38.53:087][825]LogStaticLightingSystem: Shadowmap texture memory: 7.3 MB (7.3 MB streaming, 0.0 MB non-streaming), 7 textures
[2025.09.22-16.38.53:928][825]DumpUnbuiltLightIteractions
[2025.09.22-16.38.53:928][825]Lights with unbuilt interactions: 0
[2025.09.22-16.38.53:928][825]
[2025.09.22-16.38.53:928][825]Primitives with unbuilt interactions: 0
[2025.09.22-16.38.54:039][826]Cmd: MAP CHECK NOTIFYRESULTS
[2025.09.22-16.38.54:039][826]MapCheck: New page: CheeseFactory_001 - Sep 22, 2025, 10:38:54 PM
[2025.09.22-16.38.54:042][826]MapCheck: Map check complete: 0 Error(s), 0 Warning(s), took 2.741ms to complete.
[2025.09.22-16.40.53:642][274]LogSlate: FSceneViewport::OnFocusLost() reason 0
[2025.09.22-16.40.53:733][285]LogSlate: Window 'Message Log' being destroyed
[2025.09.22-16.40.53:737][285]LogSlate: Window 'Message Log' being destroyed
[2025.09.22-16.41.03:846][497]LogSlate: FSceneViewport::OnFocusLost() reason 5
[2025.09.22-16.41.03:851][497]Cmd: OBJ SAVEPACKAGE PACKAGE="/Game/Levels/CheeseFactory_001" FILE="E:/GameDev/hggjam/GameJamHGGUnreal4.23.1/GameJamCrew/Content/Levels/CheeseFactory_001.umap" SILENT=true AUTOSAVING=false KEEPDIRTY=false
[2025.09.22-16.41.03:870][497]LogUObjectHash: Compacting FUObjectHashTables data took   0.43ms
[2025.09.22-16.41.04:048][497]LogSavePackage: Moving 'E:/GameDev/hggjam/GameJamHGGUnreal4.23.1/GameJamCrew/Saved/CheeseFactory_0014B64446540B2A18EFBBFC091A16B9AF3.tmp' to 'E:/GameDev/hggjam/GameJamHGGUnreal4.23.1/GameJamCrew/Content/Levels/CheeseFactory_001.umap'
[2025.09.22-16.41.04:061][497]Cmd: OBJ SAVEPACKAGE PACKAGE="/Game/Levels/CheeseFactory_001_BuiltData" FILE="E:/GameDev/hggjam/GameJamHGGUnreal4.23.1/GameJamCrew/Content/Levels/CheeseFactory_001_BuiltData.uasset" SILENT=true
[2025.09.22-16.41.04:584][497]LogSavePackage: Moving 'E:/GameDev/hggjam/GameJamHGGUnreal4.23.1/GameJamCrew/Saved/CheeseFactory_001_BuiltData31A4EF1A48BC0CCCA3EC759322BED17E.tmp' to 'E:/GameDev/hggjam/GameJamHGGUnreal4.23.1/GameJamCrew/Content/Levels/CheeseFactory_001_BuiltData.uasset'
[2025.09.22-16.41.31:065][672]LogEditorViewport: Clicking on Actor (LMB): StaticMeshActor (wall01_2x72)
[2025.09.22-16.41.34:159][ 33]LogEditorViewport: Clicking on Actor (LMB): StaticMeshActor (wall01_2x73)
[2025.09.22-16.41.38:891][595]LogSlate: FSceneViewport::OnFocusLost() reason 0
[2025.09.22-16.41.41:573][912]LogActorFactory: Actor Factory created wall01_1x3_vent
[2025.09.22-16.41.41:708][927]LogActorFactory: Actor Factory created wall01_1x3_vent
[2025.09.22-16.41.41:709][927]LogSlate: FSceneViewport::OnFocusLost() reason 2
[2025.09.22-16.41.45:386][367]Cmd: TRANSACTION UNDO
[2025.09.22-16.41.45:386][367]LogEditorTransaction: Undo Edit Static Mesh
[2025.09.22-16.41.46:270][461]LogEditorViewport: Clicking on Actor (LMB): StaticMeshActor (wall01_2x74)
[2025.09.22-16.41.48:414][710]LogEditorViewport: Clicking on Actor (LMB): StaticMeshActor (wall01_2x72)
[2025.09.22-16.41.51:041][ 21]LogEditorViewport: Clicking on Actor (LMB): StaticMeshActor (wall01_2x73)
[2025.09.22-16.41.53:398][300]LogEditorViewport: Clicking on Actor (LMB): StaticMeshActor (wall01_2x72)
[2025.09.22-16.41.56:177][630]LogEditorViewport: Clicking on Actor (LMB): StaticMeshActor (floor01_2x232)
[2025.09.22-16.41.56:793][701]LogEditorViewport: Clicking on Actor (LMB): StaticMeshActor (wall01_2x73)
[2025.09.22-16.41.59:304][998]LogSlate: FSceneViewport::OnFocusLost() reason 0
[2025.09.22-16.41.59:514][ 21]LogActorFactory: Actor Factory created wall01_1x3_vent
[2025.09.22-16.41.59:529][ 22]LogActorFactory: Actor Factory created wall01_1x3_vent
[2025.09.22-16.41.59:531][ 22]LogSlate: FSceneViewport::OnFocusLost() reason 2
[2025.09.22-16.41.59:572][ 26]LogActorFactory: Actor Factory created wall01_1x3_vent
[2025.09.22-16.41.59:572][ 26]LogSlate: FSceneViewport::OnFocusLost() reason 2
[2025.09.22-16.42.01:841][295]LogEditorViewport: Clicking on Actor (LMB): StaticMeshActor (wall01_2x72)
[2025.09.22-16.42.08:973][144]LogEditorViewport: Clicking on Actor (LMB): StaticMeshActor (wall01_2x72)
[2025.09.22-16.42.09:623][221]LogEditorViewport: Clicking on Actor (LMB): StaticMeshActor (Channel43)
[2025.09.22-16.42.17:989][219]LogEditorViewport: Clicking on Actor (LMB): StaticMeshActor (vent01_80x50_corner_small)
[2025.09.22-16.42.18:897][325]LogEditorViewport: Clicking on Actor (LMB): StaticMeshActor (vent01_80x50_quarter)
[2025.09.22-16.42.19:500][395]Cmd: EDIT COPY
[2025.09.22-16.42.24:928][ 40]LogSlate: FSceneViewport::OnFocusLost() reason 0
[2025.09.22-16.42.31:853][859]LogActorFactory: Actor Factory created vent01_80x50_quarter
[2025.09.22-16.42.31:895][863]LogActorFactory: Actor Factory created vent01_80x50_quarter
[2025.09.22-16.42.31:896][863]LogSlate: FSceneViewport::OnFocusLost() reason 2
[2025.09.22-16.42.32:245][904]LogActorFactory: Actor Factory created vent01_80x50_quarter
[2025.09.22-16.42.48:647][854]LogEditorViewport: Clicking on Actor (LMB): StaticMeshActor (wall01_2x72)
[2025.09.22-16.42.50:048][ 13]LogEditorViewport: Clicking on Actor (LMB): StaticMeshActor (vent01_80x50_quarter2)
[2025.09.22-16.42.51:654][199]LogSlate: FSceneViewport::OnFocusLost() reason 0
[2025.09.22-16.42.54:571][544]LogEditorViewport: Clicking on Actor (LMB): StaticMeshActor (wall01_2x72)
[2025.09.22-16.42.58:704][ 36]LogEditorViewport: Clicking on Actor (LMB): StaticMeshActor (vent01_80x50_quarter2)
[2025.09.22-16.43.04:628][734]LogSlate: FSceneViewport::OnFocusLost() reason 0
[2025.09.22-16.43.04:743][747]LogActorFactory: Actor Factory created vent01_80x50_trim
[2025.09.22-16.43.04:765][749]LogActorFactory: Actor Factory created vent01_80x50_trim
[2025.09.22-16.43.04:766][749]LogSlate: FSceneViewport::OnFocusLost() reason 2
[2025.09.22-16.43.04:782][750]LogActorFactory: Actor Factory created vent01_80x50_trim
[2025.09.22-16.43.04:783][750]LogSlate: FSceneViewport::OnFocusLost() reason 2
[2025.09.22-16.43.05:745][864]LogActorFactory: Actor Factory created vent01_80x50_trim
[2025.09.22-16.43.09:572][316]LogEditorViewport: Clicking on Actor (LMB): StaticMeshActor (vent01_80x50_quarter2)
[2025.09.22-16.43.10:634][441]Cmd: DELETE
[2025.09.22-16.43.10:634][441]Cmd: ACTOR DELETE
[2025.09.22-16.43.10:639][441]LogEditorActor: Deleted Actor: StaticMeshActor
[2025.09.22-16.43.10:662][441]LogUObjectHash: Compacting FUObjectHashTables data took   1.15ms
[2025.09.22-16.43.10:662][441]LogEditorActor: Deleted 1 Actors (0.028 secs)
[2025.09.22-16.43.12:833][701]LogEditorViewport: Clicking on Actor (LMB): StaticMeshActor (wall01_2x73)
[2025.09.22-16.43.13:208][743]LogEditorViewport: Clicking on Actor (LMB): StaticMeshActor (vent01_80x50_trim)
[2025.09.22-16.43.20:617][621]LogSlate: FSceneViewport::OnFocusLost() reason 0
[2025.09.22-16.43.20:840][647]LogActorFactory: Actor Factory created vent01_support
[2025.09.22-16.43.20:893][652]LogActorFactory: Actor Factory created vent01_support
[2025.09.22-16.43.20:894][652]LogSlate: FSceneViewport::OnFocusLost() reason 2
[2025.09.22-16.43.21:805][760]LogActorFactory: Actor Factory created vent01_support
[2025.09.22-16.43.21:852][765]LogActorFactory: Actor Factory created vent01_support
[2025.09.22-16.43.21:854][765]LogSlate: FSceneViewport::OnFocusLost() reason 2
[2025.09.22-16.43.22:785][876]LogSlate: FSceneViewport::OnFocusLost() reason 5
[2025.09.22-16.43.33:702][173]Cmd: TRANSACTION UNDO
[2025.09.22-16.43.33:702][173]LogEditorTransaction: Undo Move Actors
[2025.09.22-16.43.34:049][213]Cmd: TRANSACTION UNDO
[2025.09.22-16.43.34:049][213]LogEditorTransaction: Undo Clicking on Actors
[2025.09.22-16.43.34:293][239]Cmd: TRANSACTION UNDO
[2025.09.22-16.43.34:293][239]LogEditorTransaction: Undo Clicking on Actors
[2025.09.22-16.43.34:535][268]Cmd: TRANSACTION UNDO
[2025.09.22-16.43.34:535][268]LogEditorTransaction: Undo Delete Actors
[2025.09.22-16.43.36:617][513]LogEditorViewport: Clicking on Actor (LMB): StaticMeshActor (vent01_80x50_trim)
[2025.09.22-16.43.38:954][789]LogEditorViewport: Clicking on Actor (LMB): StaticMeshActor (vent01_80x50_quarter2)
[2025.09.22-16.43.42:151][169]LogSlate: FSceneViewport::OnFocusLost() reason 0
[2025.09.22-16.43.43:661][350]Cmd: TRANSACTION UNDO
[2025.09.22-16.43.43:661][350]LogEditorTransaction: Undo Set Scale
[2025.09.22-16.43.44:845][490]Cmd: TRANSACTION UNDO
[2025.09.22-16.43.44:845][490]LogEditorTransaction: Undo Set Scale
[2025.09.22-16.43.56:350][858]LogSlate: FSceneViewport::OnFocusLost() reason 0
[2025.09.22-16.44.04:280][808]LogEditorViewport: Clicking on Actor (LMB): StaticMeshActor (wall01_2x73)
[2025.09.22-16.44.06:077][ 19]LogEditorViewport: Clicking on Actor (LMB): StaticMeshActor (vent01_80x50_trim)
[2025.09.22-16.44.10:822][580]LogEditorViewport: Clicking on Actor (LMB): StaticMeshActor (vent01_80x50_quarter2)
[2025.09.22-16.44.13:348][880]LogSlate: FSceneViewport::OnFocusLost() reason 0
[2025.09.22-16.44.19:640][630]LogEditorViewport: Clicking on Actor (LMB): StaticMeshActor (Channel63)
[2025.09.22-16.44.21:379][830]LogEditorViewport: Clicking on Actor (LMB): StaticMeshActor (vent01_80x50_quarter2)
[2025.09.22-16.44.24:038][145]LogSlate: FSceneViewport::OnFocusLost() reason 0
[2025.09.22-16.44.28:701][703]LogEditorViewport: Clicking on Actor (LMB): StaticMeshActor (vent01_80x50_quarter2)
[2025.09.22-16.44.29:276][771]LogEditorViewport: Clicking on Actor (LMB): StaticMeshActor (wall01_2x73)
[2025.09.22-16.44.33:146][231]LogEditorViewport: Clicking on Actor (LMB): StaticMeshActor (vent01_80x50_trim)
[2025.09.22-16.44.34:207][355]Cmd: DELETE
[2025.09.22-16.44.34:207][355]Cmd: ACTOR DELETE
[2025.09.22-16.44.34:213][355]LogEditorActor: Deleted Actor: StaticMeshActor
[2025.09.22-16.44.34:232][355]LogUObjectHash: Compacting FUObjectHashTables data took   0.84ms
[2025.09.22-16.44.34:233][355]LogEditorActor: Deleted 1 Actors (0.025 secs)
[2025.09.22-16.44.38:701][891]LogEditorViewport: Clicking on Actor (LMB): StaticMeshActor (vent01_80x50_trim2)
[2025.09.22-16.44.39:485][982]Cmd: DELETE
[2025.09.22-16.44.39:485][982]Cmd: ACTOR DELETE
[2025.09.22-16.44.39:491][982]LogEditorActor: Deleted Actor: StaticMeshActor
[2025.09.22-16.44.39:510][982]LogUObjectHash: Compacting FUObjectHashTables data took   0.40ms
[2025.09.22-16.44.39:511][982]LogEditorActor: Deleted 1 Actors (0.025 secs)
[2025.09.22-16.44.40:194][ 64]LogEditorViewport: Clicking on Actor (LMB): StaticMeshActor (vent01_80x50_quarter2)
[2025.09.22-16.44.43:489][454]LogSlate: FSceneViewport::OnFocusLost() reason 0
[2025.09.22-16.44.48:726][ 82]Cmd: TRANSACTION UNDO
[2025.09.22-16.44.48:726][ 82]LogEditorTransaction: Undo Set Scale
[2025.09.22-16.44.50:792][325]LogSlate: FSceneViewport::OnFocusLost() reason 0
[2025.09.22-16.44.54:295][745]LogEditorViewport: Clicking on Actor (LMB): StaticMeshActor (wall01_2x73)
[2025.09.22-16.44.55:217][853]LogEditorViewport: Clicking on Actor (LMB): StaticMeshActor (Channel43)
[2025.09.22-16.44.58:688][264]LogEditorViewport: Clicking on Actor (LMB): StaticMeshActor (wall01_2x73)
[2025.09.22-16.45.02:501][715]LogEditorViewport: Clicking on Actor (LMB): StaticMeshActor (wall01_2x74)
[2025.09.22-16.45.11:564][ 31]LogSlate: FSceneViewport::OnFocusLost() reason 5
[2025.09.22-16.45.13:347][211]LogSlate: FSceneViewport::OnFocusLost() reason 5
[2025.09.22-16.45.16:276][561]LogSlate: FSceneViewport::OnFocusLost() reason 5
[2025.09.22-16.45.16:281][561]Cmd: OBJ SAVEPACKAGE PACKAGE="/Game/Levels/CheeseFactory_001" FILE="E:/GameDev/hggjam/GameJamHGGUnreal4.23.1/GameJamCrew/Content/Levels/CheeseFactory_001.umap" SILENT=true AUTOSAVING=false KEEPDIRTY=false
[2025.09.22-16.45.16:301][561]LogUObjectHash: Compacting FUObjectHashTables data took   0.41ms
[2025.09.22-16.45.16:474][561]LogSavePackage: Moving 'E:/GameDev/hggjam/GameJamHGGUnreal4.23.1/GameJamCrew/Saved/CheeseFactory_001800215F447BF17204BF10A8CDB416522.tmp' to 'E:/GameDev/hggjam/GameJamHGGUnreal4.23.1/GameJamCrew/Content/Levels/CheeseFactory_001.umap'
[2025.09.22-16.45.16:486][561]Cmd: OBJ SAVEPACKAGE PACKAGE="/Game/Levels/CheeseFactory_001_BuiltData" FILE="E:/GameDev/hggjam/GameJamHGGUnreal4.23.1/GameJamCrew/Content/Levels/CheeseFactory_001_BuiltData.uasset" SILENT=true
[2025.09.22-16.45.16:989][561]LogSavePackage: Moving 'E:/GameDev/hggjam/GameJamHGGUnreal4.23.1/GameJamCrew/Saved/CheeseFactory_001_BuiltData3F07ADD8488CF55E6EFA44B349C191CA.tmp' to 'E:/GameDev/hggjam/GameJamHGGUnreal4.23.1/GameJamCrew/Content/Levels/CheeseFactory_001_BuiltData.uasset'
[2025.09.22-16.45.18:454][734]LogSlate: FSceneViewport::OnFocusLost() reason 5
[2025.09.22-16.45.23:493][335]MapCheck: New page: Map Check
[2025.09.22-16.45.23:504][335]LightingResults: New page: Lighting Build - Sep 22, 2025, 10:45:23 PM
[2025.09.22-16.45.23:508][335]LogSwarmInterface: [OpenConnection] Registering TCP channel ...
[2025.09.22-16.45.23:512][335]LogSwarmInterface: [OpenConnection] Connecting to agent ...
[2025.09.22-16.45.23:512][335]LogSwarmInterface: [TryOpenConnection] Testing the Agent
[2025.09.22-16.45.23:513][335]LogSwarmInterface: [TryOpenConnection] Opening Connection to Agent
[2025.09.22-16.45.23:513][335]LogSwarmInterface: [TryOpenConnection] Local Process ID is 3656
[2025.09.22-16.45.28:086][335]LogStaticLightingSystem: Running Lightmass w/ ImmediateImport mode ENABLED
[2025.09.22-16.45.28:086][335]LogStaticLightingSystem: Running Lightmass w/ ImmediateProcess mode ENABLED
[2025.09.22-16.45.28:086][335]LogStaticLightingSystem: Running Lightmass w/ Sorting mode ENABLED
[2025.09.22-16.45.28:086][335]LogStaticLightingSystem: Running Lightmass w/ Mapping paddings ENABLED
[2025.09.22-16.45.28:086][335]LogStaticLightingSystem: Running Lightmass w/ Mapping debug paddings DISABLED
[2025.09.22-16.45.28:161][335]LogEditorBuildUtils: Build time 0:04
[2025.09.22-16.45.28:205][336]LogUObjectHash: Compacting FUObjectHashTables data took   0.99ms
[2025.09.22-16.45.41:914][377]LightingResults: Warning: Cheese_box_without_Cheese Object has overlapping UVs.
[2025.09.22-16.45.41:914][377]LightingResults: Cheese_box_without_Cheese Lightmap UV are overlapping by 30.2%. Please adjust content - Enable Error Coloring to visualize.
[2025.09.22-16.45.42:582][379]LightingResults: Warning: Cheese_box_without_Cheese Object has overlapping UVs.
[2025.09.22-16.45.42:582][379]LightingResults: Cheese_box_without_Cheese Lightmap UV are overlapping by 30.2%. Please adjust content - Enable Error Coloring to visualize.
[2025.09.22-16.45.43:915][383]LightingResults: Warning: Cheese_box_without_Cheese Object has overlapping UVs.
[2025.09.22-16.45.43:915][383]LightingResults: Cheese_box_without_Cheese Lightmap UV are overlapping by 30.2%. Please adjust content - Enable Error Coloring to visualize.
[2025.09.22-16.45.45:255][387]LightingResults: Warning: Cheese_box_with_Cheese Object has overlapping UVs.
[2025.09.22-16.45.45:255][387]LightingResults: Cheese_box_with_Cheese Lightmap UV are overlapping by 20.1%. Please adjust content - Enable Error Coloring to visualize.
[2025.09.22-16.45.45:588][388]LightingResults: Warning: Cheese_box_without_Cheese Object has overlapping UVs.
[2025.09.22-16.45.45:588][388]LightingResults: Cheese_box_without_Cheese Lightmap UV are overlapping by 30.2%. Please adjust content - Enable Error Coloring to visualize.
[2025.09.22-16.45.46:594][391]LightingResults: Warning: Cheese_box_without_Cheese Object has overlapping UVs.
[2025.09.22-16.45.46:594][391]LightingResults: Cheese_box_without_Cheese Lightmap UV are overlapping by 30.2%. Please adjust content - Enable Error Coloring to visualize.
[2025.09.22-16.46.03:037][440]LightingResults: Warning: Skim_Milk Object has overlapping UVs.
[2025.09.22-16.46.03:037][440]LightingResults: Skim_Milk Lightmap UV are overlapping by 1.1%. Please adjust content - Enable Error Coloring to visualize.
[2025.09.22-16.46.04:384][444]LightingResults: Warning: Skim_Milk Object has overlapping UVs.
[2025.09.22-16.46.04:384][444]LightingResults: Skim_Milk Lightmap UV are overlapping by 1.1%. Please adjust content - Enable Error Coloring to visualize.
[2025.09.22-16.46.10:744][463]LightingResults: Warning: cylinder Object has overlapping UVs.
[2025.09.22-16.46.10:744][463]LightingResults: cylinder Lightmap UV are overlapping by 6.0%. Please adjust content - Enable Error Coloring to visualize.
[2025.09.22-16.46.12:083][467]LightingResults: Warning: Skim_Milk Object has overlapping UVs.
[2025.09.22-16.46.12:083][467]LightingResults: Skim_Milk Lightmap UV are overlapping by 1.1%. Please adjust content - Enable Error Coloring to visualize.
[2025.09.22-16.46.16:759][481]Job is a success!
[2025.09.22-16.46.17:145][482]LogVolumetricLightmapImport: Imported Volumetric Lightmap in 0.003s
[2025.09.22-16.46.17:145][482]LogVolumetricLightmapImport:      Indirection Texture 16x16x16 = 0.0Mb
[2025.09.22-16.46.17:145][482]LogVolumetricLightmapImport:      BrickData 80x5x5 = 0.1Mb
[2025.09.22-16.46.17:145][482]LogVolumetricLightmapImport:      Bricks at Level
[2025.09.22-16.46.17:145][482]LogVolumetricLightmapImport:          0: 6.3% covering 100.0% of volume
[2025.09.22-16.46.17:145][482]LogVolumetricLightmapImport:          1: 6.3% covering 1.6% of volume
[2025.09.22-16.46.17:145][482]LogVolumetricLightmapImport:          2: 87.5% covering 0.3% of volume
[2025.09.22-16.46.18:978][482]LogTexture: Display: Building textures: HQ_Lightmap1_1 (AutoDXT, 1024X1024)
[2025.09.22-16.46.18:978][482]LogTexture: Display: Building textures: LQ_Lightmap_1_1 (DXT1, 1024X1024)
[2025.09.22-16.46.18:978][482]LogTexture: Display: Building textures: HQ_Lightmap1_2 (AutoDXT, 1024X1024)
[2025.09.22-16.46.18:978][482]LogTexture: Display: Building textures: LQ_Lightmap_1_2 (DXT1, 1024X1024)
[2025.09.22-16.46.18:978][482]LogTexture: Display: Building textures: HQ_Lightmap1_3 (AutoDXT, 1024X1024)
[2025.09.22-16.46.18:978][482]LogTexture: Display: Building textures: LQ_Lightmap_1_3 (DXT1, 1024X1024)
[2025.09.22-16.46.18:978][482]LogTexture: Display: Building textures: HQ_Lightmap1_4 (AutoDXT, 1024X1024)
[2025.09.22-16.46.18:978][482]LogTexture: Display: Building textures: LQ_Lightmap_1_4 (DXT1, 1024X1024)
[2025.09.22-16.46.18:978][482]LogTexture: Display: Building textures: HQ_Lightmap1_5 (AutoDXT, 1024X1024)
[2025.09.22-16.46.18:978][482]LogTexture: Display: Building textures: LQ_Lightmap_1_5 (DXT1, 1024X1024)
[2025.09.22-16.46.18:978][482]LogTexture: Display: Building textures: HQ_Lightmap1_6 (AutoDXT, 1024X1024)
[2025.09.22-16.46.18:978][482]LogTexture: Display: Building textures: LQ_Lightmap_1_6 (DXT1, 1024X1024)
[2025.09.22-16.46.18:978][482]LogTexture: Display: Building textures: HQ_Lightmap1_7 (AutoDXT, 1024X1024)
[2025.09.22-16.46.18:978][482]LogTexture: Display: Building textures: LQ_Lightmap_1_7 (DXT1, 1024X1024)
[2025.09.22-16.46.18:978][482]LogTexture: Display: Building textures: HQ_Lightmap1_8 (AutoDXT, 1024X1024)
[2025.09.22-16.46.18:978][482]LogTexture: Display: Building textures: LQ_Lightmap_1_8 (DXT1, 1024X1024)
[2025.09.22-16.46.18:978][482]LogTexture: Display: Building textures: HQ_Lightmap1_9 (AutoDXT, 1024X1024)
[2025.09.22-16.46.18:978][482]LogTexture: Display: Building textures: LQ_Lightmap_1_9 (DXT1, 1024X1024)
[2025.09.22-16.46.18:978][482]LogTexture: Display: Building textures: HQ_Lightmap1_10 (AutoDXT, 1024X1024)
[2025.09.22-16.46.18:978][482]LogTexture: Display: Building textures: LQ_Lightmap_1_10 (DXT1, 1024X1024)
[2025.09.22-16.46.18:978][482]LogTexture: Display: Building textures: HQ_Lightmap1_11 (AutoDXT, 1024X1024)
[2025.09.22-16.46.18:978][482]LogTexture: Display: Building textures: LQ_Lightmap_1_11 (DXT1, 1024X1024)
[2025.09.22-16.46.18:978][482]LogTexture: Display: Building textures: HQ_Lightmap1_12 (AutoDXT, 1024X1024)
[2025.09.22-16.46.18:978][482]LogTexture: Display: Building textures: LQ_Lightmap_1_12 (DXT1, 1024X1024)
[2025.09.22-16.46.18:978][482]LogTexture: Display: Building textures: HQ_Lightmap1_13 (AutoDXT, 1024X1024)
[2025.09.22-16.46.18:978][482]LogTexture: Display: Building textures: LQ_Lightmap_1_13 (DXT1, 1024X1024)
[2025.09.22-16.46.18:978][482]LogTexture: Display: Building textures: HQ_Lightmap1_14 (AutoDXT, 1024X1024)
[2025.09.22-16.46.18:978][482]LogTexture: Display: Building textures: LQ_Lightmap_1_14 (DXT1, 1024X1024)
[2025.09.22-16.46.18:978][482]LogTexture: Display: Building textures: HQ_Lightmap1_15 (AutoDXT, 1024X1024)
[2025.09.22-16.46.18:978][482]LogTexture: Display: Building textures: LQ_Lightmap_1_15 (DXT1, 1024X1024)
[2025.09.22-16.46.18:978][482]LogTexture: Display: Building textures: HQ_Lightmap1_16 (AutoDXT, 1024X1024)
[2025.09.22-16.46.18:978][482]LogTexture: Display: Building textures: LQ_Lightmap_1_16 (DXT1, 1024X1024)
[2025.09.22-16.46.18:978][482]LogTexture: Display: Building textures: HQ_Lightmap1_17 (AutoDXT, 1024X1024)
[2025.09.22-16.46.18:978][482]LogTexture: Display: Building textures: LQ_Lightmap_1_17 (DXT1, 1024X1024)
[2025.09.22-16.46.18:978][482]LogTexture: Display: Building textures: HQ_Lightmap0_18 (AutoDXT, 64X64)
[2025.09.22-16.46.18:978][482]LogTexture: Display: Building textures: LQ_Lightmap_0_18 (DXT1, 64X64)
[2025.09.22-16.46.19:119][482]LogTexture: Display: Building textures: ShadowMapTexture2D_62 (G8, 32X32)
[2025.09.22-16.46.19:119][482]LogTexture: Display: Building textures: ShadowMapTexture2D_61 (G8, 1024X512)
[2025.09.22-16.46.19:119][482]LogTexture: Display: Building textures: ShadowMapTexture2D_58 (G8, 1024X1024)
[2025.09.22-16.46.19:119][482]LogTexture: Display: Building textures: ShadowMapTexture2D_57 (G8, 1024X1024)
[2025.09.22-16.46.19:119][482]LogTexture: Display: Building textures: ShadowMapTexture2D_59 (G8, 1024X1024)
[2025.09.22-16.46.19:119][482]LogTexture: Display: Building textures: ShadowMapTexture2D_60 (G8, 1024X1024)
[2025.09.22-16.46.19:119][482]LogTexture: Display: Building textures: ShadowMapTexture2D_56 (G8, 1024X1024)
[2025.09.22-16.46.19:141][482]Lightmass on CECOMAIN: 50.7 sec total, 87 ms importing, 35 ms setup, 2.96 sec photons, 47.5 sec processing, 0 ms extra exporting [810/810 mappings]. Threads: 11:53 min total, 8:41 min processing.
[2025.09.22-16.46.19:143][482]LogStaticLightingSystem: CheeseFactory_001_BuiltData storing lightmap data for 810 meshes in 39 LightmapResourceClusters (20.8 Meshes per cluster).
[2025.09.22-16.46.19:166][482]LogUObjectHash: Compacting FUObjectHashTables data took   0.88ms
[2025.09.22-16.46.19:170][482]LogStaticLightingSystem: Illumination: 55.3 sec (1.44 sec encoding lightmaps, 139 ms encoding shadowmaps)
[2025.09.22-16.46.19:170][482]LogStaticLightingSystem: Lightmap texture memory:  34.0 MB (34.0 MB streaming, 0.0 MB non-streaming), 36 textures
[2025.09.22-16.46.19:170][482]LogStaticLightingSystem: Shadowmap texture memory: 7.3 MB (7.3 MB streaming, 0.0 MB non-streaming), 7 textures
[2025.09.22-16.46.20:140][482]DumpUnbuiltLightIteractions
[2025.09.22-16.46.20:140][482]Lights with unbuilt interactions: 0
[2025.09.22-16.46.20:140][482]
[2025.09.22-16.46.20:140][482]Primitives with unbuilt interactions: 0
[2025.09.22-16.46.20:250][483]Cmd: MAP CHECK NOTIFYRESULTS
[2025.09.22-16.46.20:250][483]MapCheck: New page: CheeseFactory_001 - Sep 22, 2025, 10:46:20 PM
[2025.09.22-16.46.20:252][483]MapCheck: Map check complete: 0 Error(s), 0 Warning(s), took 2.085ms to complete.
[2025.09.22-16.46.43:709][708]LogSlate: Window 'Message Log' being destroyed
[2025.09.22-16.46.43:714][708]LogSlate: Window 'Message Log' being destroyed
[2025.09.22-16.46.44:164][762]LogEditorViewport: Clicking on Actor (LMB): StaticMeshActor (wall01_2x74)
[2025.09.22-16.46.45:032][865]LogEditorViewport: Clicking on Actor (LMB): StaticMeshActor (shelf01_full7)
[2025.09.22-16.46.59:708][614]LogEditorViewport: Clicking on Actor (LMB): StaticMeshActor (wall01_2x71)
[2025.09.22-16.47.15:653][515]LogSlate: FSceneViewport::OnFocusLost() reason 2
[2025.09.22-16.47.16:338][597]MapCheck: New page: Map Check
[2025.09.22-16.47.16:346][597]LogSlate: FSceneViewport::OnFocusLost() reason 5
[2025.09.22-16.47.16:348][597]LightingResults: New page: Lighting Build - Sep 22, 2025, 10:47:16 PM
[2025.09.22-16.47.16:352][597]LogSwarmInterface: [OpenConnection] Registering TCP channel ...
[2025.09.22-16.47.16:356][597]LogSwarmInterface: [OpenConnection] Connecting to agent ...
[2025.09.22-16.47.16:356][597]LogSwarmInterface: [TryOpenConnection] Testing the Agent
[2025.09.22-16.47.16:357][597]LogSwarmInterface: [TryOpenConnection] Opening Connection to Agent
[2025.09.22-16.47.16:357][597]LogSwarmInterface: [TryOpenConnection] Local Process ID is 3656
[2025.09.22-16.47.20:910][597]LogStaticLightingSystem: Running Lightmass w/ ImmediateImport mode ENABLED
[2025.09.22-16.47.20:910][597]LogStaticLightingSystem: Running Lightmass w/ ImmediateProcess mode ENABLED
[2025.09.22-16.47.20:910][597]LogStaticLightingSystem: Running Lightmass w/ Sorting mode ENABLED
[2025.09.22-16.47.20:910][597]LogStaticLightingSystem: Running Lightmass w/ Mapping paddings ENABLED
[2025.09.22-16.47.20:910][597]LogStaticLightingSystem: Running Lightmass w/ Mapping debug paddings DISABLED
[2025.09.22-16.47.20:986][597]LogEditorBuildUtils: Build time 0:04
[2025.09.22-16.47.21:028][598]LogUObjectHash: Compacting FUObjectHashTables data took   0.44ms
[2025.09.22-16.47.36:051][988]LightingResults: Warning: Cheese_box_without_Cheese Object has overlapping UVs.
[2025.09.22-16.47.36:051][988]LightingResults: Cheese_box_without_Cheese Lightmap UV are overlapping by 30.2%. Please adjust content - Enable Error Coloring to visualize.
[2025.09.22-16.47.37:422][117]LightingResults: Warning: Cheese_box_without_Cheese Object has overlapping UVs.
[2025.09.22-16.47.37:422][117]LightingResults: Cheese_box_without_Cheese Lightmap UV are overlapping by 30.2%. Please adjust content - Enable Error Coloring to visualize.
[2025.09.22-16.47.38:065][177]LightingResults: Warning: Cheese_box_without_Cheese Object has overlapping UVs.
[2025.09.22-16.47.38:065][177]LightingResults: Cheese_box_without_Cheese Lightmap UV are overlapping by 30.2%. Please adjust content - Enable Error Coloring to visualize.
[2025.09.22-16.47.39:758][336]LightingResults: Warning: Cheese_box_with_Cheese Object has overlapping UVs.
[2025.09.22-16.47.39:758][336]LightingResults: Cheese_box_with_Cheese Lightmap UV are overlapping by 20.1%. Please adjust content - Enable Error Coloring to visualize.
[2025.09.22-16.47.40:314][388]LightingResults: Warning: Cheese_box_without_Cheese Object has overlapping UVs.
[2025.09.22-16.47.40:314][388]LightingResults: Cheese_box_without_Cheese Lightmap UV are overlapping by 30.2%. Please adjust content - Enable Error Coloring to visualize.
[2025.09.22-16.47.40:628][417]LightingResults: Warning: Cheese_box_without_Cheese Object has overlapping UVs.
[2025.09.22-16.47.40:628][417]LightingResults: Cheese_box_without_Cheese Lightmap UV are overlapping by 30.2%. Please adjust content - Enable Error Coloring to visualize.
[2025.09.22-16.47.58:869][802]LightingResults: Warning: Skim_Milk Object has overlapping UVs.
[2025.09.22-16.47.58:869][802]LightingResults: Skim_Milk Lightmap UV are overlapping by 1.1%. Please adjust content - Enable Error Coloring to visualize.
[2025.09.22-16.48.00:550][960]LightingResults: Warning: Skim_Milk Object has overlapping UVs.
[2025.09.22-16.48.00:550][960]LightingResults: Skim_Milk Lightmap UV are overlapping by 1.1%. Please adjust content - Enable Error Coloring to visualize.
[2025.09.22-16.48.06:797][546]LightingResults: Warning: cylinder Object has overlapping UVs.
[2025.09.22-16.48.06:797][546]LightingResults: cylinder Lightmap UV are overlapping by 6.0%. Please adjust content - Enable Error Coloring to visualize.
[2025.09.22-16.48.08:182][676]LightingResults: Warning: Skim_Milk Object has overlapping UVs.
[2025.09.22-16.48.08:182][676]LightingResults: Skim_Milk Lightmap UV are overlapping by 1.1%. Please adjust content - Enable Error Coloring to visualize.
[2025.09.22-16.48.13:205][148]Job is a success!
[2025.09.22-16.48.13:228][150]LogSlate: FSceneViewport::OnFocusLost() reason 5
[2025.09.22-16.48.13:269][150]LogVolumetricLightmapImport: Imported Volumetric Lightmap in 0.003s
[2025.09.22-16.48.13:269][150]LogVolumetricLightmapImport:      Indirection Texture 16x16x16 = 0.0Mb
[2025.09.22-16.48.13:269][150]LogVolumetricLightmapImport:      BrickData 80x5x5 = 0.1Mb
[2025.09.22-16.48.13:269][150]LogVolumetricLightmapImport:      Bricks at Level
[2025.09.22-16.48.13:269][150]LogVolumetricLightmapImport:          0: 6.3% covering 100.0% of volume
[2025.09.22-16.48.13:269][150]LogVolumetricLightmapImport:          1: 6.3% covering 1.6% of volume
[2025.09.22-16.48.13:269][150]LogVolumetricLightmapImport:          2: 87.5% covering 0.3% of volume
[2025.09.22-16.48.15:071][150]LogTexture: Display: Building textures: HQ_Lightmap0_1 (AutoDXT, 1024X1024)
[2025.09.22-16.48.15:071][150]LogTexture: Display: Building textures: LQ_Lightmap_0_1 (DXT1, 1024X1024)
[2025.09.22-16.48.15:071][150]LogTexture: Display: Building textures: HQ_Lightmap0_2 (AutoDXT, 1024X1024)
[2025.09.22-16.48.15:071][150]LogTexture: Display: Building textures: LQ_Lightmap_0_2 (DXT1, 1024X1024)
[2025.09.22-16.48.15:071][150]LogTexture: Display: Building textures: HQ_Lightmap0_3 (AutoDXT, 1024X1024)
[2025.09.22-16.48.15:071][150]LogTexture: Display: Building textures: LQ_Lightmap_0_3 (DXT1, 1024X1024)
[2025.09.22-16.48.15:071][150]LogTexture: Display: Building textures: HQ_Lightmap0_4 (AutoDXT, 1024X1024)
[2025.09.22-16.48.15:071][150]LogTexture: Display: Building textures: LQ_Lightmap_0_4 (DXT1, 1024X1024)
[2025.09.22-16.48.15:071][150]LogTexture: Display: Building textures: HQ_Lightmap0_5 (AutoDXT, 1024X1024)
[2025.09.22-16.48.15:071][150]LogTexture: Display: Building textures: LQ_Lightmap_0_5 (DXT1, 1024X1024)
[2025.09.22-16.48.15:071][150]LogTexture: Display: Building textures: HQ_Lightmap0_6 (AutoDXT, 1024X1024)
[2025.09.22-16.48.15:071][150]LogTexture: Display: Building textures: LQ_Lightmap_0_6 (DXT1, 1024X1024)
[2025.09.22-16.48.15:071][150]LogTexture: Display: Building textures: HQ_Lightmap0_7 (AutoDXT, 1024X1024)
[2025.09.22-16.48.15:071][150]LogTexture: Display: Building textures: LQ_Lightmap_0_7 (DXT1, 1024X1024)
[2025.09.22-16.48.15:071][150]LogTexture: Display: Building textures: HQ_Lightmap0_8 (AutoDXT, 1024X1024)
[2025.09.22-16.48.15:071][150]LogTexture: Display: Building textures: LQ_Lightmap_0_8 (DXT1, 1024X1024)
[2025.09.22-16.48.15:071][150]LogTexture: Display: Building textures: HQ_Lightmap0_9 (AutoDXT, 1024X1024)
[2025.09.22-16.48.15:071][150]LogTexture: Display: Building textures: LQ_Lightmap_0_9 (DXT1, 1024X1024)
[2025.09.22-16.48.15:071][150]LogTexture: Display: Building textures: HQ_Lightmap0_10 (AutoDXT, 1024X1024)
[2025.09.22-16.48.15:071][150]LogTexture: Display: Building textures: LQ_Lightmap_0_10 (DXT1, 1024X1024)
[2025.09.22-16.48.15:071][150]LogTexture: Display: Building textures: HQ_Lightmap0_11 (AutoDXT, 1024X1024)
[2025.09.22-16.48.15:071][150]LogTexture: Display: Building textures: LQ_Lightmap_0_11 (DXT1, 1024X1024)
[2025.09.22-16.48.15:071][150]LogTexture: Display: Building textures: HQ_Lightmap0_12 (AutoDXT, 1024X1024)
[2025.09.22-16.48.15:071][150]LogTexture: Display: Building textures: LQ_Lightmap_0_12 (DXT1, 1024X1024)
[2025.09.22-16.48.15:071][150]LogTexture: Display: Building textures: HQ_Lightmap0_13 (AutoDXT, 1024X1024)
[2025.09.22-16.48.15:071][150]LogTexture: Display: Building textures: LQ_Lightmap_0_13 (DXT1, 1024X1024)
[2025.09.22-16.48.15:071][150]LogTexture: Display: Building textures: HQ_Lightmap0_14 (AutoDXT, 1024X1024)
[2025.09.22-16.48.15:071][150]LogTexture: Display: Building textures: LQ_Lightmap_0_14 (DXT1, 1024X1024)
[2025.09.22-16.48.15:071][150]LogTexture: Display: Building textures: HQ_Lightmap0_15 (AutoDXT, 1024X1024)
[2025.09.22-16.48.15:071][150]LogTexture: Display: Building textures: LQ_Lightmap_0_15 (DXT1, 1024X1024)
[2025.09.22-16.48.15:071][150]LogTexture: Display: Building textures: HQ_Lightmap0_16 (AutoDXT, 1024X1024)
[2025.09.22-16.48.15:071][150]LogTexture: Display: Building textures: LQ_Lightmap_0_16 (DXT1, 1024X1024)
[2025.09.22-16.48.15:071][150]LogTexture: Display: Building textures: HQ_Lightmap0_17 (AutoDXT, 1024X1024)
[2025.09.22-16.48.15:071][150]LogTexture: Display: Building textures: LQ_Lightmap_0_17 (DXT1, 1024X1024)
[2025.09.22-16.48.15:071][150]LogTexture: Display: Building textures: HQ_Lightmap1_18 (AutoDXT, 64X64)
[2025.09.22-16.48.15:071][150]LogTexture: Display: Building textures: LQ_Lightmap_1_18 (DXT1, 64X64)
[2025.09.22-16.48.15:215][150]LogTexture: Display: Building textures: ShadowMapTexture2D_69 (G8, 32X32)
[2025.09.22-16.48.15:215][150]LogTexture: Display: Building textures: ShadowMapTexture2D_68 (G8, 1024X512)
[2025.09.22-16.48.15:215][150]LogTexture: Display: Building textures: ShadowMapTexture2D_64 (G8, 1024X1024)
[2025.09.22-16.48.15:215][150]LogTexture: Display: Building textures: ShadowMapTexture2D_65 (G8, 1024X1024)
[2025.09.22-16.48.15:215][150]LogTexture: Display: Building textures: ShadowMapTexture2D_63 (G8, 1024X1024)
[2025.09.22-16.48.15:215][150]LogTexture: Display: Building textures: ShadowMapTexture2D_66 (G8, 1024X1024)
[2025.09.22-16.48.15:215][150]LogTexture: Display: Building textures: ShadowMapTexture2D_67 (G8, 1024X1024)
[2025.09.22-16.48.15:229][150]Lightmass on CECOMAIN: 53.9 sec total, 88 ms importing, 34 ms setup, 3.33 sec photons, 50.4 sec processing, 0 ms extra exporting [810/810 mappings]. Threads: 12:37 min total, 9:18 min processing.
[2025.09.22-16.48.15:237][150]LogStaticLightingSystem: CheeseFactory_001_BuiltData storing lightmap data for 810 meshes in 39 LightmapResourceClusters (20.8 Meshes per cluster).
[2025.09.22-16.48.15:262][150]LogUObjectHash: Compacting FUObjectHashTables data took   0.93ms
[2025.09.22-16.48.15:267][150]LogStaticLightingSystem: Illumination: 58.9 sec (1.42 sec encoding lightmaps, 133 ms encoding shadowmaps)
[2025.09.22-16.48.15:267][150]LogStaticLightingSystem: Lightmap texture memory:  34.0 MB (34.0 MB streaming, 0.0 MB non-streaming), 36 textures
[2025.09.22-16.48.15:267][150]LogStaticLightingSystem: Shadowmap texture memory: 7.3 MB (7.3 MB streaming, 0.0 MB non-streaming), 7 textures
[2025.09.22-16.48.15:954][150]DumpUnbuiltLightIteractions
[2025.09.22-16.48.15:954][150]Lights with unbuilt interactions: 0
[2025.09.22-16.48.15:954][150]
[2025.09.22-16.48.15:954][150]Primitives with unbuilt interactions: 0
[2025.09.22-16.48.16:075][151]Cmd: MAP CHECK NOTIFYRESULTS
[2025.09.22-16.48.16:075][151]MapCheck: New page: CheeseFactory_001 - Sep 22, 2025, 10:48:16 PM
[2025.09.22-16.48.16:079][151]MapCheck: Map check complete: 0 Error(s), 0 Warning(s), took 4.58ms to complete.
[2025.09.22-16.48.57:246][ 90]LogSlate: FSceneViewport::OnFocusLost() reason 0
[2025.09.22-16.48.57:327][100]LogSlate: Window 'Message Log' being destroyed
[2025.09.22-16.48.57:332][100]LogSlate: Window 'Message Log' being destroyed
[2025.09.22-16.48.59:016][302]LogEditorViewport: Clicking on Actor (LMB): StaticMeshActor (wall01_2x72)
[2025.09.22-16.49.16:359][375]LogSlate: FSceneViewport::OnFocusLost() reason 5
[2025.09.22-16.49.16:365][375]Cmd: OBJ SAVEPACKAGE PACKAGE="/Game/Levels/CheeseFactory_001" FILE="E:/GameDev/hggjam/GameJamHGGUnreal4.23.1/GameJamCrew/Content/Levels/CheeseFactory_001.umap" SILENT=true AUTOSAVING=false KEEPDIRTY=false
[2025.09.22-16.49.16:385][375]LogUObjectHash: Compacting FUObjectHashTables data took   0.40ms
[2025.09.22-16.49.16:556][375]LogSavePackage: Moving 'E:/GameDev/hggjam/GameJamHGGUnreal4.23.1/GameJamCrew/Saved/CheeseFactory_0016D5671934761564836C13EBE307853F1.tmp' to 'E:/GameDev/hggjam/GameJamHGGUnreal4.23.1/GameJamCrew/Content/Levels/CheeseFactory_001.umap'
[2025.09.22-16.49.16:569][375]Cmd: OBJ SAVEPACKAGE PACKAGE="/Game/Levels/CheeseFactory_001_BuiltData" FILE="E:/GameDev/hggjam/GameJamHGGUnreal4.23.1/GameJamCrew/Content/Levels/CheeseFactory_001_BuiltData.uasset" SILENT=true
[2025.09.22-16.49.17:094][375]LogSavePackage: Moving 'E:/GameDev/hggjam/GameJamHGGUnreal4.23.1/GameJamCrew/Saved/CheeseFactory_001_BuiltDataB17B8A1A43F13D1684308CBFCFB57870.tmp' to 'E:/GameDev/hggjam/GameJamHGGUnreal4.23.1/GameJamCrew/Content/Levels/CheeseFactory_001_BuiltData.uasset'
[2025.09.22-16.49.45:220][746]LogSlate: FSceneViewport::OnFocusLost() reason 5
[2025.09.22-16.49.45:225][746]Cmd: OBJ SAVEPACKAGE PACKAGE="/Game/Levels/CheeseFactory_001" FILE="E:/GameDev/hggjam/GameJamHGGUnreal4.23.1/GameJamCrew/Content/Levels/CheeseFactory_001.umap" SILENT=true AUTOSAVING=false KEEPDIRTY=false
[2025.09.22-16.49.45:245][746]LogUObjectHash: Compacting FUObjectHashTables data took   0.99ms
[2025.09.22-16.49.45:416][746]LogSavePackage: Moving 'E:/GameDev/hggjam/GameJamHGGUnreal4.23.1/GameJamCrew/Saved/CheeseFactory_00137A3F7BF47ACB6117CBF3E8FF476B0AF.tmp' to 'E:/GameDev/hggjam/GameJamHGGUnreal4.23.1/GameJamCrew/Content/Levels/CheeseFactory_001.umap'
[2025.09.22-16.49.45:428][746]Cmd: OBJ SAVEPACKAGE PACKAGE="/Game/Levels/CheeseFactory_001_BuiltData" FILE="E:/GameDev/hggjam/GameJamHGGUnreal4.23.1/GameJamCrew/Content/Levels/CheeseFactory_001_BuiltData.uasset" SILENT=true
[2025.09.22-16.49.45:926][746]LogSavePackage: Moving 'E:/GameDev/hggjam/GameJamHGGUnreal4.23.1/GameJamCrew/Saved/CheeseFactory_001_BuiltData2A9A94C743CF83658F33A8BA83440B42.tmp' to 'E:/GameDev/hggjam/GameJamHGGUnreal4.23.1/GameJamCrew/Content/Levels/CheeseFactory_001_BuiltData.uasset'
[2025.09.22-16.49.50:302][269]LogSlate: FSceneViewport::OnFocusLost() reason 0
[2025.09.22-16.49.50:439][283]LogUObjectHash: Compacting FUObjectHashTables data took   0.93ms
[2025.09.22-16.49.52:688][283]LogSlate: Window 'Save Content' being destroyed
[2025.09.22-16.49.52:701][283]LogSlate: FSceneViewport::OnFocusLost() reason 5
[2025.09.22-16.49.52:709][283]LogSavePackage: Moving 'E:/GameDev/hggjam/GameJamHGGUnreal4.23.1/GameJamCrew/Saved/M_wood_trimsheet02585868C04BC666A56E4350B31E733CAE.tmp' to 'E:/GameDev/hggjam/GameJamHGGUnreal4.23.1/GameJamCrew/Content/LevelAssets/Materials/wood/wood_trimsheet02/M_wood_trimsheet02.uasset'
[2025.09.22-16.49.52:716][283]LogSavePackage: Moving 'E:/GameDev/hggjam/GameJamHGGUnreal4.23.1/GameJamCrew/Saved/shelved_cheese_fullABBE9B0646DA150990D7C48BE8655152.tmp' to 'E:/GameDev/hggjam/GameJamHGGUnreal4.23.1/GameJamCrew/Content/LevelAssets/Models/modular/Cheese_shelves/shelved_cheese_full.uasset'
[2025.09.22-16.49.52:722][283]LogSavePackage: Moving 'E:/GameDev/hggjam/GameJamHGGUnreal4.23.1/GameJamCrew/Saved/shelved_cheese_half6530059B4CB02EA37FDA1893C7716246.tmp' to 'E:/GameDev/hggjam/GameJamHGGUnreal4.23.1/GameJamCrew/Content/LevelAssets/Models/modular/Cheese_shelves/shelved_cheese_half.uasset'
[2025.09.22-16.49.52:728][283]LogSavePackage: Moving 'E:/GameDev/hggjam/GameJamHGGUnreal4.23.1/GameJamCrew/Saved/shelved_cheese_singlerow5B65027748E98901DF7ACD898379C19C.tmp' to 'E:/GameDev/hggjam/GameJamHGGUnreal4.23.1/GameJamCrew/Content/LevelAssets/Models/modular/Cheese_shelves/shelved_cheese_singlerow.uasset'
[2025.09.22-16.49.52:795][283]LogSlate: Window 'GameJamCrew - Unreal Editor' being destroyed
[2025.09.22-16.49.52:963][284]Cmd: QUIT_EDITOR
[2025.09.22-16.49.52:969][284]LogWindowsTextInputMethodSystem: Display: IME system now deactivated.
[2025.09.22-16.49.52:976][284]LogExit: Preparing to exit.
[2025.09.22-16.49.53:716][284]LogWorld: UWorld::CleanupWorld for World_1, bSessionEnded=true, bCleanupResources=true
[2025.09.22-16.49.53:716][284]LogWorld: UWorld::CleanupWorld for World_0, bSessionEnded=true, bCleanupResources=true
[2025.09.22-16.49.53:725][284]LogDemo: Cleaned up 0 splitscreen connections with owner deletion
[2025.09.22-16.49.53:731][284]LogExit: Editor shut down
[2025.09.22-16.49.53:731][284]LogExit: Transaction tracking system shut down
[2025.09.22-16.49.53:958][284]LogExit: Object subsystem successfully closed.
[2025.09.22-16.49.53:975][284]LogShaderCompilers: Display: Shaders left to compile 0
[2025.09.22-16.49.53:987][284]LogModuleManager: Shutting down and abandoning module HierarchicalLODUtilities (674)
[2025.09.22-16.49.53:987][284]LogModuleManager: Shutting down and abandoning module StaticMeshEditor (672)
[2025.09.22-16.49.53:987][284]LogModuleManager: Shutting down and abandoning module MeshBuilder (670)
[2025.09.22-16.49.53:987][284]LogModuleManager: Shutting down and abandoning module HierarchicalLODOutliner (668)
[2025.09.22-16.49.53:987][284]LogModuleManager: Shutting down and abandoning module SceneOutliner (666)
[2025.09.22-16.49.53:987][284]LogModuleManager: Shutting down and abandoning module AddContentDialog (664)
[2025.09.22-16.49.53:991][284]LogModuleManager: Shutting down and abandoning module WidgetCarousel (663)
[2025.09.22-16.49.53:991][284]LogModuleManager: Shutting down and abandoning module EditorWidgets (660)
[2025.09.22-16.49.53:991][284]LogModuleManager: Shutting down and abandoning module CollectionManager (658)
[2025.09.22-16.49.53:991][284]LogModuleManager: Shutting down and abandoning module StatsViewer (656)
[2025.09.22-16.49.53:991][284]LogModuleManager: Shutting down and abandoning module VirtualTexturingEditor (654)
[2025.09.22-16.49.53:991][284]LogModuleManager: Shutting down and abandoning module FoliageEdit (652)
[2025.09.22-16.49.53:991][284]LogModuleManager: Shutting down and abandoning module LandscapeEditor (650)
[2025.09.22-16.49.53:991][284]LogModuleManager: Shutting down and abandoning module MeshPaintMode (648)
[2025.09.22-16.49.53:991][284]LogModuleManager: Shutting down and abandoning module SceneDepthPickerMode (646)
[2025.09.22-16.49.53:991][284]LogModuleManager: Shutting down and abandoning module ActorPickerMode (644)
[2025.09.22-16.49.53:991][284]LogModuleManager: Shutting down and abandoning module GeometryMode (642)
[2025.09.22-16.49.53:991][284]LogModuleManager: Shutting down and abandoning module TextureAlignMode (640)
[2025.09.22-16.49.53:991][284]LogModuleManager: Shutting down and abandoning module BspMode (638)
[2025.09.22-16.49.53:991][284]LogModuleManager: Shutting down and abandoning module PIEPreviewDeviceProfileSelector (636)
[2025.09.22-16.49.53:991][284]LogModuleManager: Shutting down and abandoning module SequenceRecorderSections (634)
[2025.09.22-16.49.53:991][284]LogModuleManager: Shutting down and abandoning module AutomationWorker (632)
[2025.09.22-16.49.53:991][284]LogModuleManager: Shutting down and abandoning module OculusMR (630)
[2025.09.22-16.49.53:991][284]LogModuleManager: Shutting down and abandoning module AudioCaptureEditor (628)
[2025.09.22-16.49.53:991][284]LogModuleManager: Shutting down and abandoning module MatineeToLevelSequence (626)
[2025.09.22-16.49.53:991][284]LogModuleManager: Shutting down and abandoning module LevelSequenceEditor (624)
[2025.09.22-16.49.53:991][284]LogModuleManager: Shutting down and abandoning module PlacementMode (623)
[2025.09.22-16.49.53:991][284]LogModuleManager: Shutting down and abandoning module MaterialEditor (622)
[2025.09.22-16.49.53:991][284]LogModuleManager: Shutting down and abandoning module ActorSequenceEditor (618)
[2025.09.22-16.49.53:991][284]LogModuleManager: Shutting down and abandoning module WmfMediaFactory (616)
[2025.09.22-16.49.53:991][284]LogModuleManager: Shutting down and abandoning module WmfMediaEditor (614)
[2025.09.22-16.49.53:991][284]LogModuleManager: Shutting down and abandoning module WebMMediaFactory (612)
[2025.09.22-16.49.53:991][284]LogModuleManager: Shutting down and abandoning module WebMMediaEditor (610)
[2025.09.22-16.49.53:991][284]LogModuleManager: Shutting down and abandoning module WebMMedia (608)
[2025.09.22-16.49.53:991][284]LogModuleManager: Shutting down and abandoning module MediaPlayerEditor (606)
[2025.09.22-16.49.53:992][284]LogModuleManager: Shutting down and abandoning module MediaCompositingEditor (604)
[2025.09.22-16.49.53:992][284]LogModuleManager: Shutting down and abandoning module SequenceRecorder (603)
[2025.09.22-16.49.53:992][284]LogModuleManager: Shutting down and abandoning module OpenExrWrapper (600)
[2025.09.22-16.49.53:992][284]LogModuleManager: Shutting down and abandoning module ImgMediaFactory (598)
[2025.09.22-16.49.53:992][284]LogModuleManager: Shutting down and abandoning module ImgMediaEditor (596)
[2025.09.22-16.49.53:992][284]LogModuleManager: Shutting down and abandoning module AvfMediaFactory (594)
[2025.09.22-16.49.53:992][284]LogModuleManager: Shutting down and abandoning module AvfMediaEditor (592)
[2025.09.22-16.49.53:992][284]LogModuleManager: Shutting down and abandoning module AndroidMediaFactory (590)
[2025.09.22-16.49.53:992][284]LogModuleManager: Shutting down and abandoning module AndroidMediaEditor (588)
[2025.09.22-16.49.53:992][284]LogModuleManager: Shutting down and abandoning module MagicLeapCameraPreviewFactory (586)
[2025.09.22-16.49.53:992][284]LogModuleManager: Shutting down and abandoning module MagicLeapMediaCodecFactory (584)
[2025.09.22-16.49.53:992][284]LogModuleManager: Shutting down and abandoning module MagicLeapMediaFactory (582)
[2025.09.22-16.49.53:992][284]LogModuleManager: Shutting down and abandoning module MagicLeapMediaEditor (580)
[2025.09.22-16.49.53:992][284]LogModuleManager: Shutting down and abandoning module CharacterAI (578)
[2025.09.22-16.49.53:992][284]LogModuleManager: Shutting down and abandoning module SmartSnapping (576)
[2025.09.22-16.49.53:992][284]LogModuleManager: Shutting down and abandoning module SessionServices (574)
[2025.09.22-16.49.53:992][284]LogModuleManager: Shutting down and abandoning module MeshPaint (572)
[2025.09.22-16.49.53:992][284]LogModuleManager: Shutting down and abandoning module ViewportSnapping (570)
[2025.09.22-16.49.53:992][284]LogModuleManager: Shutting down and abandoning module ViewportInteraction (568)
[2025.09.22-16.49.53:992][284]LogModuleManager: Shutting down and abandoning module ClothPainter (566)
[2025.09.22-16.49.53:992][284]LogModuleManager: Shutting down and abandoning module SkeletalMeshEditor (565)
[2025.09.22-16.49.53:992][284]LogModuleManager: Shutting down and abandoning module LogVisualizer (562)
[2025.09.22-16.49.53:992][284]LogModuleManager: Shutting down and abandoning module IntroTutorials (560)
[2025.09.22-16.49.53:992][284]LogModuleManager: Shutting down and abandoning module GameProjectGeneration (559)
[2025.09.22-16.49.53:992][284]LogModuleManager: Shutting down and abandoning module LuminPlatformEditor (556)
[2025.09.22-16.49.53:992][284]LogModuleManager: Shutting down and abandoning module IOSPlatformEditor (554)
[2025.09.22-16.49.53:992][284]LogModuleManager: Shutting down and abandoning module HTML5PlatformEditor (552)
[2025.09.22-16.49.53:992][284]LogModuleManager: Shutting down and abandoning module AndroidPlatformEditor (550)
[2025.09.22-16.49.53:992][284]LogModuleManager: Shutting down and abandoning module AndroidDeviceDetection (549)
[2025.09.22-16.49.55:443][284]LogModuleManager: Shutting down and abandoning module WindowsPlatformEditor (546)
[2025.09.22-16.49.55:443][284]LogModuleManager: Shutting down and abandoning module LuminRuntimeSettings (544)
[2025.09.22-16.49.55:443][284]LogModuleManager: Shutting down and abandoning module IOSRuntimeSettings (542)
[2025.09.22-16.49.55:443][284]LogModuleManager: Shutting down and abandoning module AndroidRuntimeSettings (540)
[2025.09.22-16.49.55:443][284]LogModuleManager: Shutting down and abandoning module TimeManagementEditor (538)
[2025.09.22-16.49.55:443][284]LogModuleManager: Shutting down and abandoning module InputBindingEditor (536)
[2025.09.22-16.49.55:443][284]LogModuleManager: Shutting down and abandoning module MergeActors (534)
[2025.09.22-16.49.55:443][284]LogModuleManager: Shutting down and abandoning module LocalizationDashboard (532)
[2025.09.22-16.49.55:443][284]LogModuleManager: Shutting down and abandoning module LocalizationService (531)
[2025.09.22-16.49.55:443][284]LogModuleManager: Shutting down and abandoning module HardwareTargeting (528)
[2025.09.22-16.49.55:443][284]LogModuleManager: Shutting down and abandoning module DeviceProfileEditor (526)
[2025.09.22-16.49.55:443][284]LogModuleManager: Shutting down and abandoning module UndoHistory (524)
[2025.09.22-16.49.55:443][284]LogModuleManager: Shutting down and abandoning module XmlParser (522)
[2025.09.22-16.49.55:443][284]LogModuleManager: Shutting down and abandoning module Blutility (520)
[2025.09.22-16.49.55:443][284]LogModuleManager: Shutting down and abandoning module ProjectSettingsViewer (518)
[2025.09.22-16.49.55:443][284]LogModuleManager: Shutting down and abandoning module ProjectTargetPlatformEditor (517)
[2025.09.22-16.49.55:443][284]LogModuleManager: Shutting down and abandoning module EditorSettingsViewer (514)
[2025.09.22-16.49.55:443][284]LogModuleManager: Shutting down and abandoning module SettingsEditor (512)
[2025.09.22-16.49.55:443][284]LogModuleManager: Shutting down and abandoning module ProjectLauncher (510)
[2025.09.22-16.49.55:444][284]LogModuleManager: Shutting down and abandoning module SessionFrontend (508)
[2025.09.22-16.49.55:444][284]LogModuleManager: Shutting down and abandoning module ProfilerClient (506)
[2025.09.22-16.49.55:444][284]LogModuleManager: Shutting down and abandoning module DeviceManager (504)
[2025.09.22-16.49.55:444][284]LogModuleManager: Shutting down and abandoning module TargetDeviceServices (503)
[2025.09.22-16.49.55:487][284]LogModuleManager: Shutting down and abandoning module AutomationController (500)
[2025.09.22-16.49.55:487][284]LogModuleManager: Shutting down and abandoning module AutomationWindow (498)
[2025.09.22-16.49.55:487][284]LogModuleManager: Shutting down and abandoning module Layers (496)
[2025.09.22-16.49.55:487][284]LogModuleManager: Shutting down and abandoning module ComponentVisualizers (494)
[2025.09.22-16.49.55:487][284]LogModuleManager: Shutting down and abandoning module DetailCustomizations (492)
[2025.09.22-16.49.55:487][284]LogModuleManager: Shutting down and abandoning module PackagesDialog (490)
[2025.09.22-16.49.55:487][284]LogModuleManager: Shutting down and abandoning module AnimationBlueprintEditor (488)
[2025.09.22-16.49.55:487][284]LogModuleManager: Shutting down and abandoning module Persona (486)
[2025.09.22-16.49.55:487][284]LogModuleManager: Shutting down and abandoning module AdvancedPreviewScene (485)
[2025.09.22-16.49.55:487][284]LogModuleManager: Shutting down and abandoning module AnimGraph (483)
[2025.09.22-16.49.55:487][284]LogModuleManager: Shutting down and abandoning module Kismet (480)
[2025.09.22-16.49.55:487][284]LogModuleManager: Shutting down and abandoning module KismetWidgets (479)
[2025.09.22-16.49.55:487][284]LogModuleManager: Shutting down and abandoning module GraphEditor (476)
[2025.09.22-16.49.55:487][284]LogModuleManager: Shutting down and abandoning module StructViewer (474)
[2025.09.22-16.49.55:487][284]LogModuleManager: Shutting down and abandoning module ClassViewer (472)
[2025.09.22-16.49.55:487][284]LogModuleManager: Shutting down and abandoning module Toolbox (470)
[2025.09.22-16.49.55:487][284]LogModuleManager: Shutting down and abandoning module ModuleUI (468)
[2025.09.22-16.49.55:487][284]LogModuleManager: Shutting down and abandoning module MovieSceneTools (466)
[2025.09.22-16.49.55:487][284]LogModuleManager: Shutting down and abandoning module OutputLog (464)
[2025.09.22-16.49.55:488][284]LogModuleManager: Shutting down and abandoning module GammaUI (462)
[2025.09.22-16.49.55:488][284]LogModuleManager: Shutting down and abandoning module Documentation (460)
[2025.09.22-16.49.55:488][284]LogModuleManager: Shutting down and abandoning module LiveCoding (458)
[2025.09.22-16.49.55:488][284]LogModuleManager: Shutting down and abandoning module LevelSequence (456)
[2025.09.22-16.49.55:488][284]LogModuleManager: Shutting down and abandoning module MovieSceneTracks (454)
[2025.09.22-16.49.55:488][284]LogModuleManager: Shutting down and abandoning module MovieScene (452)
[2025.09.22-16.49.55:488][284]LogModuleManager: Shutting down and abandoning module StreamingPauseRendering (450)
[2025.09.22-16.49.55:488][284]LogModuleManager: Shutting down and abandoning module LauncherPlatform (448)
[2025.09.22-16.49.55:488][284]LogModuleManager: Shutting down and abandoning module AnalyticsET (446)
[2025.09.22-16.49.55:488][284]LogModuleManager: Shutting down and abandoning module PortalServices (444)
[2025.09.22-16.49.55:488][284]LogModuleManager: Shutting down and abandoning module PortalRpc (442)
[2025.09.22-16.49.55:488][284]LogModuleManager: Shutting down and abandoning module MessagingRpc (440)
[2025.09.22-16.49.55:488][284]LogModuleManager: Shutting down and abandoning module AIModule (438)
[2025.09.22-16.49.55:488][284]LogModuleManager: Shutting down and abandoning module GameplayDebugger (437)
[2025.09.22-16.49.55:488][284]LogModuleManager: Shutting down and abandoning module AITestSuite (435)
[2025.09.22-16.49.55:488][284]LogModuleManager: Shutting down and abandoning module NavigationSystem (433)
[2025.09.22-16.49.55:488][284]LogModuleManager: Shutting down and abandoning module DesktopPlatform (430)
[2025.09.22-16.49.55:488][284]LogModuleManager: Shutting down and abandoning module ImageWriteQueue (428)
[2025.09.22-16.49.55:491][284]LogModuleManager: Shutting down and abandoning module ProfilerService (426)
[2025.09.22-16.49.55:613][284]LogModuleManager: Shutting down and abandoning module TaskGraph (424)
[2025.09.22-16.49.55:613][284]LogModuleManager: Shutting down and abandoning module ScreenshotTools (422)
[2025.09.22-16.49.55:613][284]LogModuleManager: Shutting down and abandoning module SteamVRController (420)
[2025.09.22-16.49.55:613][284]LogModuleManager: Shutting down and abandoning module ProceduralMeshComponentEditor (418)
[2025.09.22-16.49.55:613][284]LogModuleManager: Shutting down and abandoning module ProceduralMeshComponent (416)
[2025.09.22-16.49.55:613][284]LogModuleManager: Shutting down and abandoning module OculusEditor (414)
[2025.09.22-16.49.55:613][284]LogModuleManager: Shutting down and abandoning module OculusInput (412)
[2025.09.22-16.49.55:613][284]LogModuleManager: Shutting down and abandoning module MobilePatchingUtils (410)
[2025.09.22-16.49.55:613][284]LogModuleManager: Shutting down and abandoning module EditableMesh (408)
[2025.09.22-16.49.55:613][284]LogModuleManager: Shutting down and abandoning module CustomMeshComponent (406)
[2025.09.22-16.49.55:613][284]LogModuleManager: Shutting down and abandoning module CableComponent (404)
[2025.09.22-16.49.55:613][284]LogModuleManager: Shutting down and abandoning module AudioCapture (402)
[2025.09.22-16.49.55:613][284]LogModuleManager: Shutting down and abandoning module ArchVisCharacter (400)
[2025.09.22-16.49.55:613][284]LogModuleManager: Shutting down and abandoning module AppleImageUtilsBlueprintSupport (398)
[2025.09.22-16.49.55:613][284]LogModuleManager: Shutting down and abandoning module AppleImageUtils (396)
[2025.09.22-16.49.55:613][284]LogModuleManager: Shutting down and abandoning module AndroidPermission (394)
[2025.09.22-16.49.55:613][284]LogModuleManager: Shutting down and abandoning module NUTUnrealEngine4 (392)
[2025.09.22-16.49.55:613][284]LogModuleManager: Shutting down and abandoning module NetcodeUnitTest (390)
[2025.09.22-16.49.55:613][284]LogModuleManager: Shutting down and abandoning module MediaCompositing (388)
[2025.09.22-16.49.55:613][284]LogModuleManager: Shutting down and abandoning module ImgMedia (386)
[2025.09.22-16.49.55:613][284]LogModuleManager: Shutting down and abandoning module MagicLeapHelperVulkan (384)
[2025.09.22-16.49.55:613][284]LogModuleManager: Shutting down and abandoning module MagicLeapHelperOpenGL (382)
[2025.09.22-16.49.55:613][284]LogModuleManager: Shutting down and abandoning module MagicLeapAudio (380)
[2025.09.22-16.49.55:613][284]LogModuleManager: Shutting down and abandoning module HTML5Networking (378)
[2025.09.22-16.49.55:613][284]LogModuleManager: Shutting down and abandoning module GeometryCacheTracks (376)
[2025.09.22-16.49.55:613][284]LogModuleManager: Shutting down and abandoning module GeometryCacheSequencer (374)
[2025.09.22-16.49.55:613][284]LogModuleManager: Shutting down and abandoning module BackChannel (372)
[2025.09.22-16.49.55:613][284]LogModuleManager: Shutting down and abandoning module AutomationUtilsEditor (370)
[2025.09.22-16.49.55:613][284]LogModuleManager: Shutting down and abandoning module AutomationUtils (368)
[2025.09.22-16.49.55:613][284]LogModuleManager: Shutting down and abandoning module AlembicImporter (366)
[2025.09.22-16.49.55:613][284]LogModuleManager: Shutting down and abandoning module AlembicLibrary (365)
[2025.09.22-16.49.55:614][284]LogModuleManager: Shutting down and abandoning module GeometryCache (364)
[2025.09.22-16.49.55:614][284]LogModuleManager: Shutting down and abandoning module GeometryCacheEd (363)
[2025.09.22-16.49.55:614][284]LogModuleManager: Shutting down and abandoning module VariantManagerContent (358)
[2025.09.22-16.49.55:614][284]LogModuleManager: Shutting down and abandoning module DatasmithContentEditor (356)
[2025.09.22-16.49.55:614][284]LogModuleManager: Shutting down and abandoning module SpeedTreeImporter (354)
[2025.09.22-16.49.55:614][284]LogModuleManager: Shutting down and abandoning module PluginBrowser (352)
[2025.09.22-16.49.55:614][284]LogModuleManager: Shutting down and abandoning module MobileLauncherProfileWizard (350)
[2025.09.22-16.49.55:614][284]LogModuleManager: Shutting down and abandoning module MaterialAnalyzer (348)
[2025.09.22-16.49.55:614][284]LogModuleManager: Shutting down and abandoning module CurveEditorTools (346)
[2025.09.22-16.49.55:614][284]LogModuleManager: Shutting down and abandoning module CurveEditor (345)
[2025.09.22-16.49.55:614][284]LogModuleManager: Shutting down and abandoning module CryptoKeysOpenSSL (342)
[2025.09.22-16.49.55:614][284]LogModuleManager: Shutting down and abandoning module CryptoKeys (340)
[2025.09.22-16.49.55:614][284]LogModuleManager: Shutting down and abandoning module VisualStudioSourceCodeAccess (338)
[2025.09.22-16.49.55:614][284]LogModuleManager: Shutting down and abandoning module VisualStudioCodeSourceCodeAccess (336)
[2025.09.22-16.49.55:614][284]LogModuleManager: Shutting down and abandoning module UObjectPlugin (334)
[2025.09.22-16.49.55:614][284]LogModuleManager: Shutting down and abandoning module SubversionSourceControl (332)
[2025.09.22-16.49.55:614][284]LogModuleManager: Shutting down and abandoning module PerforceSourceControl (330)
[2025.09.22-16.49.55:614][284]LogModuleManager: Shutting down and abandoning module GitSourceControl (328)
[2025.09.22-16.49.55:614][284]LogModuleManager: Shutting down and abandoning module SourceControl (327)
[2025.09.22-16.49.55:614][284]LogModuleManager: Shutting down and abandoning module CLionSourceCodeAccess (324)
[2025.09.22-16.49.55:614][284]LogModuleManager: Shutting down and abandoning module AnimationSharingEd (322)
[2025.09.22-16.49.55:614][284]LogModuleManager: Shutting down and abandoning module ActorLayerUtilitiesEditor (320)
[2025.09.22-16.49.55:614][284]LogModuleManager: Shutting down and abandoning module ActorLayerUtilities (318)
[2025.09.22-16.49.55:614][284]LogModuleManager: Shutting down and abandoning module LightPropagationVolumeEditor (316)
[2025.09.22-16.49.55:614][284]LogModuleManager: Shutting down and abandoning module PaperTiledImporter (314)
[2025.09.22-16.49.55:614][284]LogModuleManager: Shutting down and abandoning module PaperSpriteSheetImporter (312)
[2025.09.22-16.49.55:614][284]LogModuleManager: Shutting down and abandoning module Paper2DEditor (310)
[2025.09.22-16.49.55:614][284]LogModuleManager: Shutting down and abandoning module SignificanceManager (308)
[2025.09.22-16.49.55:614][284]LogModuleManager: Shutting down and abandoning module RuntimePhysXCooking (306)
[2025.09.22-16.49.55:614][284]LogModuleManager: Shutting down and abandoning module PhysXVehiclesEditor (304)
[2025.09.22-16.49.55:614][284]LogModuleManager: Shutting down and abandoning module LocationServicesBPLibrary (300)
[2025.09.22-16.49.55:614][284]LogModuleManager: Shutting down and abandoning module ActorSequence (298)
[2025.09.22-16.49.55:614][284]LogModuleManager: Shutting down and abandoning module UdpMessaging (296)
[2025.09.22-16.49.55:715][284]LogModuleManager: Shutting down and abandoning module TcpMessaging (294)
[2025.09.22-16.49.55:816][284]LogModuleManager: Shutting down and abandoning module MagicLeapIdentity (292)
[2025.09.22-16.49.55:816][284]LogModuleManager: Shutting down and abandoning module MagicLeapSecureStorage (290)
[2025.09.22-16.49.55:816][284]LogModuleManager: Shutting down and abandoning module MagicLeapHandTracking (288)
[2025.09.22-16.49.55:816][284]LogModuleManager: Shutting down and abandoning module MagicLeapEyeTracker (286)
[2025.09.22-16.49.55:816][284]LogModuleManager: Shutting down and abandoning module MagicLeapController (284)
[2025.09.22-16.49.55:816][284]LogSlate: Slate User Destroyed.  User Index 0, Is Virtual User: 0
[2025.09.22-16.49.55:816][284]LogModuleManager: Shutting down and abandoning module MagicLeapAR (282)
[2025.09.22-16.49.55:816][284]LogModuleManager: Shutting down and abandoning module AugmentedReality (281)
[2025.09.22-16.49.55:816][284]LogModuleManager: Shutting down and abandoning module GameplayTagsEditor (278)
[2025.09.22-16.49.55:816][284]LogModuleManager: Shutting down and abandoning module FacialAnimationEditor (276)
[2025.09.22-16.49.55:816][284]LogModuleManager: Shutting down and abandoning module FacialAnimation (274)
[2025.09.22-16.49.55:816][284]LogModuleManager: Shutting down and abandoning module DataValidation (272)
[2025.09.22-16.49.55:816][284]LogModuleManager: Shutting down and abandoning module AssetManagerEditor (270)
[2025.09.22-16.49.55:816][284]LogModuleManager: Shutting down and abandoning module LevelEditor (269)
[2025.09.22-16.49.55:817][284]LogModuleManager: Shutting down and abandoning module PixelInspectorModule (268)
[2025.09.22-16.49.55:817][284]LogModuleManager: Shutting down and abandoning module CommonMenuExtensions (266)
[2025.09.22-16.49.55:817][284]LogModuleManager: Shutting down and abandoning module MainFrame (264)
[2025.09.22-16.49.55:817][284]LogModuleManager: Shutting down and abandoning module HotReload (263)
[2025.09.22-16.49.55:817][284]LogModuleManager: Shutting down and abandoning module ContentBrowser (259)
[2025.09.22-16.49.55:818][284]LogModuleManager: Shutting down and abandoning module TreeMap (257)
[2025.09.22-16.49.55:818][284]LogModuleManager: Shutting down and abandoning module AnimationSharing (254)
[2025.09.22-16.49.55:818][284]LogModuleManager: Shutting down and abandoning module LightPropagationVolumeRuntime (252)
[2025.09.22-16.49.55:818][284]LogModuleManager: Shutting down and abandoning module Paper2D (250)
[2025.09.22-16.49.55:818][284]LogModuleManager: Shutting down and abandoning module WindowsMoviePlayer (248)
[2025.09.22-16.49.55:820][284]LogModuleManager: Shutting down and abandoning module WebMMoviePlayer (246)
[2025.09.22-16.49.55:820][284]LogModuleManager: Shutting down and abandoning module NetworkReplayStreaming (244)
[2025.09.22-16.49.55:820][284]LogModuleManager: Shutting down and abandoning module PacketHandler (242)
[2025.09.22-16.49.55:820][284]LogModuleManager: Shutting down and abandoning module ClothingSystemEditor (240)
[2025.09.22-16.49.55:820][284]LogModuleManager: Shutting down and abandoning module ClothingSystemRuntime (238)
[2025.09.22-16.49.55:820][284]LogModuleManager: Shutting down and abandoning module MediaAssets (236)
[2025.09.22-16.49.55:820][284]LogModuleManager: Shutting down and abandoning module Overlay (234)
[2025.09.22-16.49.55:820][284]LogModuleManager: Shutting down and abandoning module OverlayEditor (233)
[2025.09.22-16.49.55:820][284]LogModuleManager: Shutting down and abandoning module VREditor (230)
[2025.09.22-16.49.55:820][284]LogModuleManager: Shutting down and abandoning module StringTableEditor (228)
[2025.09.22-16.49.55:820][284]LogModuleManager: Shutting down and abandoning module GameplayTasksEditor (226)
[2025.09.22-16.49.55:820][284]LogModuleManager: Shutting down and abandoning module BehaviorTreeEditor (224)
[2025.09.22-16.49.55:820][284]LogModuleManager: Shutting down and abandoning module FunctionalTesting (222)
[2025.09.22-16.49.55:820][284]LogModuleManager: Shutting down and abandoning module CollisionAnalyzer (220)
[2025.09.22-16.49.55:820][284]LogModuleManager: Shutting down and abandoning module WorkspaceMenuStructure (219)
[2025.09.22-16.49.55:820][284]LogModuleManager: Shutting down and abandoning module UMG (216)
[2025.09.22-16.49.55:820][284]LogModuleManager: Shutting down and abandoning module UMGEditor (215)
[2025.09.22-16.49.55:820][284]LogModuleManager: Shutting down and abandoning module Sequencer (214)
[2025.09.22-16.49.55:820][284]LogModuleManager: Shutting down and abandoning module MessageLog (211)
[2025.09.22-16.49.55:820][284]LogModuleManager: Shutting down and abandoning module SlateReflector (206)
[2025.09.22-16.49.55:820][284]LogModuleManager: Shutting down and abandoning module Slate (204)
[2025.09.22-16.49.55:820][284]LogModuleManager: Shutting down and abandoning module LandscapeEditorUtilities (202)
[2025.09.22-16.49.55:820][284]LogModuleManager: Shutting down and abandoning module EditorStyle (200)
[2025.09.22-16.49.55:821][284]LogModuleManager: Shutting down and abandoning module UnrealEd (198)
[2025.09.22-16.49.55:821][284]LogModuleManager: Shutting down and abandoning module MRMesh (196)
[2025.09.22-16.49.55:821][284]LogModuleManager: Shutting down and abandoning module SourceCodeAccess (194)
[2025.09.22-16.49.55:821][284]LogModuleManager: Shutting down and abandoning module HeadMountedDisplay (192)
[2025.09.22-16.49.55:821][284]LogModuleManager: Shutting down and abandoning module XAudio2 (190)
[2025.09.22-16.49.55:821][284]LogModuleManager: Shutting down and abandoning module Networking (188)
[2025.09.22-16.49.55:821][284]LogModuleManager: Shutting down and abandoning module Core (186)
[2025.09.22-16.49.55:821][284]LogModuleManager: Shutting down and abandoning module KismetCompiler (184)
[2025.09.22-16.49.55:821][284]LogModuleManager: Shutting down and abandoning module MeshUtilities (182)
[2025.09.22-16.49.55:821][284]LogModuleManager: Shutting down and abandoning module MeshMergeUtilities (181)
[2025.09.22-16.49.55:821][284]LogModuleManager: Shutting down and abandoning module MeshReductionInterface (180)
[2025.09.22-16.49.55:821][284]LogModuleManager: Shutting down and abandoning module SkeletalMeshReduction (179)
[2025.09.22-16.49.55:821][284]LogModuleManager: Shutting down and abandoning module ProxyLODMeshReduction (177)
[2025.09.22-16.49.55:821][284]LogModuleManager: Shutting down and abandoning module QuadricMeshReduction (175)
[2025.09.22-16.49.55:821][284]LogModuleManager: Shutting down and abandoning module MaterialBaking (171)
[2025.09.22-16.49.55:821][284]LogModuleManager: Shutting down and abandoning module NullInstallBundleManager (166)
[2025.09.22-16.49.55:821][284]LogModuleManager: Shutting down and abandoning module DerivedDataCache (164)
[2025.09.22-16.49.55:857][284]LogDerivedDataCache: Shutdown
[2025.09.22-16.49.55:857][284]LogModuleManager: Shutting down and abandoning module XGEController (162)
[2025.09.22-16.49.55:857][284]LogModuleManager: Shutting down and abandoning module TargetPlatform (160)
[2025.09.22-16.49.55:858][284]LogModuleManager: Shutting down and abandoning module VulkanShaderFormat (159)
[2025.09.22-16.49.55:858][284]LogModuleManager: Shutting down and abandoning module ShaderFormatVectorVM (157)
[2025.09.22-16.49.55:858][284]LogModuleManager: Shutting down and abandoning module ShaderFormatOpenGL (155)
[2025.09.22-16.49.55:858][284]LogModuleManager: Shutting down and abandoning module ShaderFormatD3D (153)
[2025.09.22-16.49.55:858][284]LogModuleManager: Shutting down and abandoning module MetalShaderFormat (151)
[2025.09.22-16.49.55:858][284]LogModuleManager: Shutting down and abandoning module TextureFormatUncompressed (149)
[2025.09.22-16.49.55:858][284]LogModuleManager: Shutting down and abandoning module TextureFormatPVR (147)
[2025.09.22-16.49.55:858][284]LogModuleManager: Shutting down and abandoning module TextureFormatDXT (145)
[2025.09.22-16.49.55:858][284]LogModuleManager: Shutting down and abandoning module TextureFormatIntelISPCTexComp (143)
[2025.09.22-16.49.55:858][284]LogModuleManager: Shutting down and abandoning module TextureFormatASTC (141)
[2025.09.22-16.49.55:858][284]LogModuleManager: Shutting down and abandoning module ImageWrapper (140)
[2025.09.22-16.49.55:858][284]LogModuleManager: Shutting down and abandoning module TextureFormatAndroid (137)
[2025.09.22-16.49.55:858][284]LogModuleManager: Shutting down and abandoning module AudioFormatOpus (135)
[2025.09.22-16.49.55:858][284]LogModuleManager: Shutting down and abandoning module AudioFormatOgg (133)
[2025.09.22-16.49.55:858][284]LogModuleManager: Shutting down and abandoning module AudioFormatADPCM (131)
[2025.09.22-16.49.55:858][284]LogModuleManager: Shutting down and abandoning module LuminTargetPlatform (129)
[2025.09.22-16.49.55:858][284]LogModuleManager: Shutting down and abandoning module LinuxTargetPlatform (127)
[2025.09.22-16.49.55:858][284]LogModuleManager: Shutting down and abandoning module LinuxServerTargetPlatform (125)
[2025.09.22-16.49.55:858][284]LogModuleManager: Shutting down and abandoning module LinuxNoEditorTargetPlatform (123)
[2025.09.22-16.49.55:858][284]LogModuleManager: Shutting down and abandoning module LinuxClientTargetPlatform (121)
[2025.09.22-16.49.55:858][284]LogModuleManager: Shutting down and abandoning module TVOSTargetPlatform (119)
[2025.09.22-16.49.55:859][284]LogModuleManager: Shutting down and abandoning module Messaging (117)
[2025.09.22-16.49.55:859][284]LogModuleManager: Shutting down and abandoning module IOSTargetPlatform (115)
[2025.09.22-16.49.55:859][284]LogModuleManager: Shutting down and abandoning module HTML5TargetPlatform (113)
[2025.09.22-16.49.55:859][284]LogModuleManager: Shutting down and abandoning module AndroidTargetPlatform (111)
[2025.09.22-16.49.55:863][284]LogModuleManager: Shutting down and abandoning module WindowsTargetPlatform (109)
[2025.09.22-16.49.55:863][284]LogModuleManager: Shutting down and abandoning module WindowsServerTargetPlatform (107)
[2025.09.22-16.49.55:863][284]LogModuleManager: Shutting down and abandoning module WindowsNoEditorTargetPlatform (105)
[2025.09.22-16.49.55:863][284]LogModuleManager: Shutting down and abandoning module WindowsClientTargetPlatform (103)
[2025.09.22-16.49.55:863][284]LogModuleManager: Shutting down and abandoning module MacTargetPlatform (101)
[2025.09.22-16.49.55:863][284]LogModuleManager: Shutting down and abandoning module MacServerTargetPlatform (99)
[2025.09.22-16.49.55:863][284]LogModuleManager: Shutting down and abandoning module MacNoEditorTargetPlatform (97)
[2025.09.22-16.49.55:863][284]LogModuleManager: Shutting down and abandoning module MacClientTargetPlatform (95)
[2025.09.22-16.49.55:863][284]LogModuleManager: Shutting down and abandoning module AllDesktopTargetPlatform (93)
[2025.09.22-16.49.55:863][284]LogModuleManager: Shutting down and abandoning module InputCore (90)
[2025.09.22-16.49.55:863][284]LogModuleManager: Shutting down and abandoning module Settings (88)
[2025.09.22-16.49.55:863][284]LogModuleManager: Shutting down and abandoning module DirectoryWatcher (86)
[2025.09.22-16.49.55:863][284]LogModuleManager: Shutting down and abandoning module PhysXCooking (84)
[2025.09.22-16.49.55:863][284]LogModuleManager: Shutting down and abandoning module WindowsPlatformFeatures (82)
[2025.09.22-16.49.55:863][284]LogModuleManager: Shutting down and abandoning module GameplayMediaEncoder (81)
[2025.09.22-16.49.55:863][284]LogModuleManager: Shutting down and abandoning module SteamVR (78)
[2025.09.22-16.49.55:863][284]LogHMD: Freeing OpenVRDLLHandle.
[2025.09.22-16.49.55:863][284]LogModuleManager: Shutting down and abandoning module OculusHMD (76)
[2025.09.22-16.49.55:863][284]LogModuleManager: Shutting down and abandoning module ExampleDeviceProfileSelector (74)
[2025.09.22-16.49.55:863][284]LogModuleManager: Shutting down and abandoning module LauncherChunkInstaller (72)
[2025.09.22-16.49.55:863][284]LogModuleManager: Shutting down and abandoning module OnlineBlueprintSupport (70)
[2025.09.22-16.49.55:863][284]LogModuleManager: Shutting down and abandoning module OnlineSubsystem (66)
[2025.09.22-16.49.55:864][284]LogModuleManager: Shutting down and abandoning module XMPP (61)
[2025.09.22-16.49.55:864][284]LogModuleManager: Shutting down and abandoning module WebSockets (60)
[2025.09.22-16.49.55:868][284]LogModuleManager: Shutting down and abandoning module HTTP (57)
[2025.09.22-16.49.55:868][284]LogHttp: Display: Http module shutting down, but needs to wait on 1 outstanding Http requests:
[2025.09.22-16.49.55:868][284]LogHttp: Display: 	verb=[POST] url=[https://datarouter.ol.epicgames.com/datarouter/api/v1/public/data?SessionID=%7BC4920842-4956-F196-6A66-338415888B9A%7D&AppID=UEEditor.Rocket.Release&AppVersion=4.23.1-9631420%2B%2B%2BUE4%2BRelease-4.23&UserID=fcf63f4f4aa3b52c2cf4428b646ed4b7%7C817ac0c8b8ec4586b1a7d191863bddae%7C716e1537-9eef-4754-8647-18858cea8326&AppEnvironment=datacollector-binary&UploadType=eteventstream] status=Processing
[2025.09.22-16.49.55:892][284]LogModuleManager: Shutting down and abandoning module SSL (56)
[2025.09.22-16.49.55:893][284]LogModuleManager: Shutting down and abandoning module WmfMedia (52)
[2025.09.22-16.49.55:894][284]LogModuleManager: Shutting down and abandoning module Media (51)
[2025.09.22-16.49.55:895][284]LogModuleManager: Shutting down and abandoning module MagicLeap (48)
[2025.09.22-16.49.55:895][284]LogModuleManager: Shutting down and abandoning module DatasmithContent (46)
[2025.09.22-16.49.55:895][284]LogModuleManager: Shutting down and abandoning module AISupportModule (44)
[2025.09.22-16.49.55:895][284]LogModuleManager: Shutting down and abandoning module PlatformCryptoOpenSSL (42)
[2025.09.22-16.49.55:895][284]LogModuleManager: Shutting down and abandoning module PlatformCrypto (40)
[2025.09.22-16.49.55:895][284]LogModuleManager: Shutting down and abandoning module AnimationModifiers (38)
[2025.09.22-16.49.55:895][284]LogModuleManager: Shutting down and abandoning module PropertyEditor (37)
[2025.09.22-16.49.55:895][284]LogModuleManager: Shutting down and abandoning module AudioEditor (34)
[2025.09.22-16.49.55:896][284]LogModuleManager: Shutting down and abandoning module TextureCompressor (32)
[2025.09.22-16.49.55:896][284]LogModuleManager: Shutting down and abandoning module RenderCore (30)
[2025.09.22-16.49.55:896][284]LogModuleManager: Shutting down and abandoning module Landscape (28)
[2025.09.22-16.49.55:896][284]LogModuleManager: Shutting down and abandoning module SlateRHIRenderer (26)
[2025.09.22-16.49.55:896][284]LogModuleManager: Shutting down and abandoning module OpenGLDrv (24)
[2025.09.22-16.49.55:896][284]LogModuleManager: Shutting down and abandoning module D3D11RHI (22)
[2025.09.22-16.49.55:896][284]LogModuleManager: Shutting down and abandoning module AnimGraphRuntime (20)
[2025.09.22-16.49.55:896][284]LogModuleManager: Shutting down and abandoning module Renderer (18)
[2025.09.22-16.49.55:896][284]LogModuleManager: Shutting down and abandoning module Engine (16)
[2025.09.22-16.49.55:896][284]LogModuleManager: Shutting down and abandoning module CoreUObject (14)
[2025.09.22-16.49.55:896][284]LogModuleManager: Shutting down and abandoning module NetworkFile (12)
[2025.09.22-16.49.55:896][284]LogModuleManager: Shutting down and abandoning module CookedIterativeFile (10)
[2025.09.22-16.49.55:896][284]LogModuleManager: Shutting down and abandoning module StreamingFile (8)
[2025.09.22-16.49.55:896][284]LogModuleManager: Shutting down and abandoning module SandboxFile (6)
[2025.09.22-16.49.55:896][284]LogModuleManager: Shutting down and abandoning module PakFile (4)
[2025.09.22-16.49.55:896][284]LogModuleManager: Shutting down and abandoning module RSA (3)
[2025.09.22-16.49.55:897][284]LogD3D11RHI: Shutdown
[2025.09.22-16.49.55:897][284]LogD3D11RHI: CleanupD3DDevice
[2025.09.22-16.49.55:897][284]LogRendererCore: FGlobalDynamicReadBuffer::Cleanup()
[2025.09.22-16.49.55:897][284]LogRendererCore: FGlobalDynamicReadBuffer::Cleanup()
[2025.09.22-16.49.55:897][284]LogRendererCore: FGlobalDynamicReadBuffer::Cleanup()
[2025.09.22-16.49.55:899][284]LogD3D11RHI: ~FD3D11DynamicRHI
[2025.09.22-16.49.55:906][284]LogExit: Exiting.
[2025.09.22-16.49.55:909][284]Log file closed, 09/22/25 19:49:55
