Log file open, 09/19/25 11:14:13
LogWindows: Failed to load 'aqProf.dll' (GetLastError=126)
LogWindows: File 'aqProf.dll' does not exist
LogWindows: Failed to load 'VtuneApi.dll' (GetLastError=126)
LogWindows: File 'VtuneApi.dll' does not exist
LogWindows: Failed to load 'VtuneApi32e.dll' (GetLastError=126)
LogWindows: File 'VtuneApi32e.dll' does not exist
LogConsoleResponse: Display: Failed to find resolution value strings in scalability ini. Falling back to default.
LogInit: Display: Running engine for game: GameJamCrew
LogPlatformFile: Not using cached read wrapper
LogTaskGraph: Started task graph with 5 named threads and 47 total threads with 3 sets of task threads.
LogStats: Stats thread started at 0.048445
LogD3D11RHI: Loaded GFSDK_Aftermath_Lib.x64.dll
LogICUInternationalization: ICU TimeZone Detection - Raw Offset: +2:00, Platform Override: ''
LogPluginManager: Mounting plugin Paper2D
LogPluginManager: Mounting plugin AISupport
LogPluginManager: Mounting plugin LightPropagationVolume
LogPluginManager: Mounting plugin ActorLayerUtilities
LogPluginManager: Mounting plugin AnimationSharing
LogPluginManager: Mounting plugin CLionSourceCodeAccess
LogPluginManager: Mounting plugin CodeLiteSourceCodeAccess
LogPluginManager: Mounting plugin GitSourceControl
LogPluginManager: Mounting plugin KDevelopSourceCodeAccess
LogPluginManager: Mounting plugin NullSourceCodeAccess
LogPluginManager: Mounting plugin PerforceSourceControl
LogPluginManager: Mounting plugin SubversionSourceControl
LogPluginManager: Mounting plugin UObjectPlugin
LogPluginManager: Mounting plugin VisualStudioCodeSourceCodeAccess
LogPluginManager: Mounting plugin VisualStudioSourceCodeAccess
LogPluginManager: Mounting plugin XCodeSourceCodeAccess
LogPluginManager: Mounting plugin AssetManagerEditor
LogPluginManager: Mounting plugin CryptoKeys
LogPluginManager: Mounting plugin CurveEditorTools
LogPluginManager: Mounting plugin DataValidation
LogPluginManager: Mounting plugin FacialAnimation
LogPluginManager: Mounting plugin GameplayTagsEditor
LogPluginManager: Mounting plugin MacGraphicsSwitching
LogPluginManager: Mounting plugin MaterialAnalyzer
LogPluginManager: Mounting plugin MobileLauncherProfileWizard
LogPluginManager: Mounting plugin PluginBrowser
LogPluginManager: Mounting plugin SpeedTreeImporter
LogPluginManager: Mounting plugin DatasmithContent
LogPluginManager: Mounting plugin VariantManagerContent
LogPluginManager: Mounting plugin AlembicImporter
LogPluginManager: Mounting plugin AutomationUtils
LogPluginManager: Mounting plugin BackChannel
LogPluginManager: Mounting plugin CharacterAI
LogPluginManager: Mounting plugin GeometryCache
LogPluginManager: Mounting plugin HTML5Networking
LogPluginManager: Mounting plugin PlatformCrypto
LogPluginManager: Mounting plugin ProxyLODPlugin
LogPluginManager: Mounting plugin SkeletalReduction
LogPluginManager: Mounting plugin MagicLeap
LogPluginManager: Mounting plugin MagicLeapMedia
LogPluginManager: Mounting plugin AndroidMedia
LogPluginManager: Mounting plugin AvfMedia
LogPluginManager: Mounting plugin ImgMedia
LogPluginManager: Mounting plugin MediaCompositing
LogPluginManager: Mounting plugin MediaPlayerEditor
LogPluginManager: Mounting plugin WebMMedia
LogPluginManager: Mounting plugin WmfMedia
LogPluginManager: Mounting plugin TcpMessaging
LogPluginManager: Mounting plugin UdpMessaging
LogPluginManager: Mounting plugin ActorSequence
LogPluginManager: Mounting plugin LevelSequenceEditor
LogPluginManager: Mounting plugin MatineeToLevelSequence
LogPluginManager: Mounting plugin NetcodeUnitTest
LogPluginManager: Mounting plugin NUTUnrealEngine4
LogPluginManager: Mounting plugin OnlineSubsystemGooglePlay
LogPluginManager: Mounting plugin OnlineSubsystemIOS
LogPluginManager: Mounting plugin OnlineSubsystem
LogPluginManager: Mounting plugin OnlineSubsystemNull
LogPluginManager: Mounting plugin OnlineSubsystemUtils
LogPluginManager: Mounting plugin LauncherChunkInstaller
LogPluginManager: Mounting plugin AndroidDeviceProfileSelector
LogPluginManager: Mounting plugin AndroidMoviePlayer
LogPluginManager: Mounting plugin AndroidPermission
LogPluginManager: Mounting plugin AppleImageUtils
LogPluginManager: Mounting plugin AppleMoviePlayer
LogPluginManager: Mounting plugin ArchVisCharacter
LogPluginManager: Mounting plugin AudioCapture
LogPluginManager: Mounting plugin CableComponent
LogPluginManager: Mounting plugin CustomMeshComponent
LogPluginManager: Mounting plugin EditableMesh
LogPluginManager: Mounting plugin ExampleDeviceProfileSelector
LogPluginManager: Mounting plugin GoogleCloudMessaging
LogPluginManager: Mounting plugin IOSDeviceProfileSelector
LogPluginManager: Mounting plugin LinuxDeviceProfileSelector
LogPluginManager: Mounting plugin LocationServicesBPLibrary
LogPluginManager: Mounting plugin MobilePatchingUtils
LogPluginManager: Mounting plugin OculusVR
LogPluginManager: Mounting plugin PhysXVehicles
LogPluginManager: Mounting plugin ProceduralMeshComponent
LogPluginManager: Mounting plugin RuntimePhysXCooking
LogPluginManager: Mounting plugin SignificanceManager
LogPluginManager: Mounting plugin SteamVR
LogPluginManager: Mounting plugin WebMMoviePlayer
LogPluginManager: Mounting plugin WindowsMoviePlayer
LogPluginManager: Mounting plugin ScreenshotTools
LogInit: Using libcurl 7.55.1-DEV
LogInit:  - built for x86_64-pc-win32
LogInit:  - supports SSL with OpenSSL/1.1.1
LogInit:  - supports HTTP deflate (compression) using libz 1.2.8
LogInit:  - other features:
LogInit:      CURL_VERSION_SSL
LogInit:      CURL_VERSION_LIBZ
LogInit:      CURL_VERSION_IPV6
LogInit:      CURL_VERSION_ASYNCHDNS
LogInit:      CURL_VERSION_LARGEFILE
LogInit:      CURL_VERSION_IDN
LogInit:  CurlRequestOptions (configurable via config and command line):
LogInit:  - bVerifyPeer = true  - Libcurl will verify peer certificate
LogInit:  - bUseHttpProxy = false  - Libcurl will NOT use HTTP proxy
LogInit:  - bDontReuseConnections = false  - Libcurl will reuse connections
LogInit:  - MaxHostConnections = 16  - Libcurl will limit the number of connections to a host
LogInit:  - LocalHostAddr = Default
LogInit:  - BufferSize = 65536
LogOnline: OSS: Creating online subsystem instance for: NULL
LogInit: WinSock: version 1.1 (2.2), MaxSocks=32767, MaxUdp=65467
LogInit: Build: ++UE4+Release-4.23-CL-9631420
LogInit: Engine Version: 4.23.1-9631420+++UE4+Release-4.23
LogInit: Compatible Engine Version: 4.23.0-8386587+++UE4+Release-4.23
LogInit: Net CL: 8386587
LogInit: OS: Windows 10 (Release 2009) (), CPU: AMD Ryzen 7 9700X 8-Core Processor             , GPU: NVIDIA GeForce RTX 5070
LogInit: Compiled (64-bit): Oct 18 2019 02:07:44
LogInit: Compiled with Visual C++: 19.16.27030.01
LogInit: Build Configuration: Development
LogInit: Branch Name: ++UE4+Release-4.23
LogInit: Command Line:  -AUTH_LOGIN=unused -AUTH_PASSWORD=864b64812add4e1fa5c3be87f5ea571f -AUTH_TYPE=exchangecode -epicapp=UE_4.23 -epicenv=Prod -EpicPortal -epicusername=KLIX100 -epicuserid=817ac0c8b8ec4586b1a7d191863bddae -epiclocale=en -epicsandboxid=ue
LogInit: Base Directory: C:/Program Files/Epic Games/UE_4.23/Engine/Binaries/Win64/
LogInit: Installed Engine Build: 1
LogDevObjectVersion: Number of dev versions registered: 23
LogDevObjectVersion:   Dev-Blueprints (B0D832E4-1F89-4F0D-ACCF-7EB736FD4AA2): 10
LogDevObjectVersion:   Dev-Build (E1C64328-A22C-4D53-A36C-8E866417BD8C): 0
LogDevObjectVersion:   Dev-Core (375EC13C-06E4-48FB-B500-84F0262A717E): 3
LogDevObjectVersion:   Dev-Editor (E4B068ED-F494-42E9-A231-DA0B2E46BB41): 34
LogDevObjectVersion:   Dev-Framework (CFFC743F-43B0-4480-9391-14DF171D2073): 35
LogDevObjectVersion:   Dev-Mobile (B02B49B5-BB20-44E9-A304-32B752E40360): 2
LogDevObjectVersion:   Dev-Networking (A4E4105C-59A1-49B5-A7C5-40C4547EDFEE): 0
LogDevObjectVersion:   Dev-Online (39C831C9-5AE6-47DC-9A44-9C173E1C8E7C): 0
LogDevObjectVersion:   Dev-Physics (78F01B33-EBEA-4F98-B9B4-84EACCB95AA2): 0
LogDevObjectVersion:   Dev-Platform (6631380F-2D4D-43E0-8009-CF276956A95A): 0
LogDevObjectVersion:   Dev-Rendering (12F88B9F-8875-4AFC-A67C-D90C383ABD29): 31
LogDevObjectVersion:   Dev-Sequencer (7B5AE74C-D270-4C10-A958-57980B212A5A): 11
LogDevObjectVersion:   Dev-VR (D7296918-1DD6-4BDD-9DE2-64A83CC13884): 2
LogDevObjectVersion:   Dev-LoadTimes (C2A15278-BFE7-4AFE-6C17-90FF531DF755): 1
LogDevObjectVersion:   Private-Geometry (6EACA3D4-40EC-4CC1-B786-8BED09428FC5): 3
LogDevObjectVersion:   Dev-AnimPhys (29E575DD-E0A3-4627-9D10-D276232CDCEA): 17
LogDevObjectVersion:   Dev-Anim (AF43A65D-7FD3-4947-9873-3E8ED9C1BB05): 2
LogDevObjectVersion:   Dev-ReflectionCapture (6B266CEC-1EC7-4B8F-A30B-E4D90942FC07): 1
LogDevObjectVersion:   Dev-Automation (0DF73D61-A23F-47EA-B727-89E90C41499A): 1
LogDevObjectVersion:   FortniteMain (601D1886-AC64-4F84-AA16-D3DE0DEAC7D6): 27
LogDevObjectVersion:   Dev-Enterprise (9DFFBCD6-494F-0158-E221-12823C92A888): 6
LogDevObjectVersion:   Dev-Niagara (F2AED0AC-9AFE-416F-8664-AA7FFA26D6FC): 1
LogDevObjectVersion:   Dev-Destruction (174F1F0B-B4C6-45A5-B13F-2EE8D0FB917D): 9
LogInit: Presizing for max 16777216 objects, including 0 objects not considered by GC, pre-allocating 0 bytes for permanent pool.
LogInit: Object subsystem initialized
LogConfig: Setting CVar [[con.DebugEarlyDefault:1]]
LogConfig: Setting CVar [[r.setres:1280x720]]
[2025.09.19-08.14.13:647][  0]LogConfig: Setting CVar [[r.VSync:0]]
[2025.09.19-08.14.13:647][  0]LogConfig: Setting CVar [[r.RHICmdBypass:0]]
[2025.09.19-08.14.13:647][  0]LogConfig: Applying CVar settings from Section [/Script/Engine.RendererSettings] File [E:/GameDev/hggjam/GameJamHGGUnreal4.23.1/GameJamCrew/Saved/Config/Windows/Engine.ini]
[2025.09.19-08.14.13:647][  0]LogConfig: Setting CVar [[r.GPUCrashDebugging:0]]
[2025.09.19-08.14.13:647][  0]LogConfig: Applying CVar settings from Section [/Script/Engine.RendererOverrideSettings] File [E:/GameDev/hggjam/GameJamHGGUnreal4.23.1/GameJamCrew/Saved/Config/Windows/Engine.ini]
[2025.09.19-08.14.13:647][  0]LogConfig: Applying CVar settings from Section [/Script/Engine.StreamingSettings] File [E:/GameDev/hggjam/GameJamHGGUnreal4.23.1/GameJamCrew/Saved/Config/Windows/Engine.ini]
[2025.09.19-08.14.13:647][  0]LogConfig: Setting CVar [[s.MinBulkDataSizeForAsyncLoading:131072]]
[2025.09.19-08.14.13:647][  0]LogConfig: Setting CVar [[s.AsyncLoadingThreadEnabled:0]]
[2025.09.19-08.14.13:647][  0]LogConfig: Setting CVar [[s.EventDrivenLoaderEnabled:1]]
[2025.09.19-08.14.13:647][  0]LogConfig: Setting CVar [[s.WarnIfTimeLimitExceeded:0]]
[2025.09.19-08.14.13:647][  0]LogConfig: Setting CVar [[s.TimeLimitExceededMultiplier:1.5]]
[2025.09.19-08.14.13:647][  0]LogConfig: Setting CVar [[s.TimeLimitExceededMinTime:0.005]]
[2025.09.19-08.14.13:647][  0]LogConfig: Setting CVar [[s.UseBackgroundLevelStreaming:1]]
[2025.09.19-08.14.13:647][  0]LogConfig: Setting CVar [[s.PriorityAsyncLoadingExtraTime:15.0]]
[2025.09.19-08.14.13:647][  0]LogConfig: Setting CVar [[s.LevelStreamingActorsUpdateTimeLimit:5.0]]
[2025.09.19-08.14.13:647][  0]LogConfig: Setting CVar [[s.PriorityLevelStreamingActorsUpdateExtraTime:5.0]]
[2025.09.19-08.14.13:647][  0]LogConfig: Setting CVar [[s.LevelStreamingComponentsRegistrationGranularity:10]]
[2025.09.19-08.14.13:647][  0]LogConfig: Setting CVar [[s.UnregisterComponentsTimeLimit:1.0]]
[2025.09.19-08.14.13:647][  0]LogConfig: Setting CVar [[s.LevelStreamingComponentsUnregistrationGranularity:5]]
[2025.09.19-08.14.13:647][  0]LogConfig: Applying CVar settings from Section [/Script/Engine.GarbageCollectionSettings] File [E:/GameDev/hggjam/GameJamHGGUnreal4.23.1/GameJamCrew/Saved/Config/Windows/Engine.ini]
[2025.09.19-08.14.13:647][  0]LogConfig: Setting CVar [[gc.MaxObjectsNotConsideredByGC:1]]
[2025.09.19-08.14.13:647][  0]LogConfig: Setting CVar [[gc.SizeOfPermanentObjectPool:0]]
[2025.09.19-08.14.13:647][  0]LogConfig: Setting CVar [[gc.FlushStreamingOnGC:0]]
[2025.09.19-08.14.13:647][  0]LogConfig: Setting CVar [[gc.NumRetriesBeforeForcingGC:10]]
[2025.09.19-08.14.13:647][  0]LogConfig: Setting CVar [[gc.AllowParallelGC:1]]
[2025.09.19-08.14.13:647][  0]LogConfig: Setting CVar [[gc.TimeBetweenPurgingPendingKillObjects:61.1]]
[2025.09.19-08.14.13:647][  0]LogConfig: Setting CVar [[gc.MaxObjectsInEditor:16777216]]
[2025.09.19-08.14.13:647][  0]LogConfig: Setting CVar [[gc.IncrementalBeginDestroyEnabled:1]]
[2025.09.19-08.14.13:647][  0]LogConfig: Setting CVar [[gc.CreateGCClusters:1]]
[2025.09.19-08.14.13:647][  0]LogConfig: Setting CVar [[gc.MinGCClusterSize:5]]
[2025.09.19-08.14.13:647][  0]LogConfig: Setting CVar [[gc.ActorClusteringEnabled:0]]
[2025.09.19-08.14.13:647][  0]LogConfig: Setting CVar [[gc.BlueprintClusteringEnabled:0]]
[2025.09.19-08.14.13:647][  0]LogConfig: Setting CVar [[gc.UseDisregardForGCOnDedicatedServers:0]]
[2025.09.19-08.14.13:647][  0]LogConfig: Applying CVar settings from Section [/Script/Engine.NetworkSettings] File [E:/GameDev/hggjam/GameJamHGGUnreal4.23.1/GameJamCrew/Saved/Config/Windows/Engine.ini]
[2025.09.19-08.14.13:647][  0]LogConfig: Applying CVar settings from Section [/Script/UnrealEd.CookerSettings] File [E:/GameDev/hggjam/GameJamHGGUnreal4.23.1/GameJamCrew/Saved/Config/Windows/Engine.ini]
[2025.09.19-08.14.13:649][  0]LogConfig: Applying CVar settings from Section [ViewDistanceQuality@3] File [E:/GameDev/hggjam/GameJamHGGUnreal4.23.1/GameJamCrew/Saved/Config/Windows/Scalability.ini]
[2025.09.19-08.14.13:649][  0]LogConfig: Setting CVar [[r.SkeletalMeshLODBias:0]]
[2025.09.19-08.14.13:649][  0]LogConfig: Setting CVar [[r.ViewDistanceScale:1.0]]
[2025.09.19-08.14.13:649][  0]LogConfig: Applying CVar settings from Section [AntiAliasingQuality@3] File [E:/GameDev/hggjam/GameJamHGGUnreal4.23.1/GameJamCrew/Saved/Config/Windows/Scalability.ini]
[2025.09.19-08.14.13:649][  0]LogConfig: Setting CVar [[r.PostProcessAAQuality:4]]
[2025.09.19-08.14.13:649][  0]LogConfig: Applying CVar settings from Section [ShadowQuality@3] File [E:/GameDev/hggjam/GameJamHGGUnreal4.23.1/GameJamCrew/Saved/Config/Windows/Scalability.ini]
[2025.09.19-08.14.13:649][  0]LogConfig: Setting CVar [[r.LightFunctionQuality:1]]
[2025.09.19-08.14.13:649][  0]LogConfig: Setting CVar [[r.ShadowQuality:5]]
[2025.09.19-08.14.13:649][  0]LogConfig: Setting CVar [[r.Shadow.CSM.MaxCascades:10]]
[2025.09.19-08.14.13:649][  0]LogConfig: Setting CVar [[r.Shadow.MaxResolution:2048]]
[2025.09.19-08.14.13:649][  0]LogConfig: Setting CVar [[r.Shadow.MaxCSMResolution:2048]]
[2025.09.19-08.14.13:649][  0]LogConfig: Setting CVar [[r.Shadow.RadiusThreshold:0.01]]
[2025.09.19-08.14.13:649][  0]LogConfig: Setting CVar [[r.Shadow.DistanceScale:1.0]]
[2025.09.19-08.14.13:649][  0]LogConfig: Setting CVar [[r.Shadow.CSM.TransitionScale:1.0]]
[2025.09.19-08.14.13:649][  0]LogConfig: Setting CVar [[r.Shadow.PreShadowResolutionFactor:1.0]]
[2025.09.19-08.14.13:649][  0]LogConfig: Setting CVar [[r.DistanceFieldShadowing:1]]
[2025.09.19-08.14.13:649][  0]LogConfig: Setting CVar [[r.DistanceFieldAO:1]]
[2025.09.19-08.14.13:649][  0]LogConfig: Setting CVar [[r.AOQuality:2]]
[2025.09.19-08.14.13:649][  0]LogConfig: Setting CVar [[r.VolumetricFog:1]]
[2025.09.19-08.14.13:649][  0]LogConfig: Setting CVar [[r.VolumetricFog.GridPixelSize:8]]
[2025.09.19-08.14.13:649][  0]LogConfig: Setting CVar [[r.VolumetricFog.GridSizeZ:128]]
[2025.09.19-08.14.13:649][  0]LogConfig: Setting CVar [[r.VolumetricFog.HistoryMissSupersampleCount:4]]
[2025.09.19-08.14.13:650][  0]LogConfig: Setting CVar [[r.LightMaxDrawDistanceScale:1]]
[2025.09.19-08.14.13:650][  0]LogConfig: Setting CVar [[r.CapsuleShadows:1]]
[2025.09.19-08.14.13:650][  0]LogConfig: Applying CVar settings from Section [PostProcessQuality@3] File [E:/GameDev/hggjam/GameJamHGGUnreal4.23.1/GameJamCrew/Saved/Config/Windows/Scalability.ini]
[2025.09.19-08.14.13:650][  0]LogConfig: Setting CVar [[r.MotionBlurQuality:4]]
[2025.09.19-08.14.13:650][  0]LogConfig: Setting CVar [[r.AmbientOcclusionMipLevelFactor:0.4]]
[2025.09.19-08.14.13:650][  0]LogConfig: Setting CVar [[r.AmbientOcclusionMaxQuality:100]]
[2025.09.19-08.14.13:650][  0]LogConfig: Setting CVar [[r.AmbientOcclusionLevels:-1]]
[2025.09.19-08.14.13:650][  0]LogConfig: Setting CVar [[r.AmbientOcclusionRadiusScale:1.0]]
[2025.09.19-08.14.13:650][  0]LogConfig: Setting CVar [[r.DepthOfFieldQuality:2]]
[2025.09.19-08.14.13:650][  0]LogConfig: Setting CVar [[r.RenderTargetPoolMin:400]]
[2025.09.19-08.14.13:650][  0]LogConfig: Setting CVar [[r.LensFlareQuality:2]]
[2025.09.19-08.14.13:650][  0]LogConfig: Setting CVar [[r.SceneColorFringeQuality:1]]
[2025.09.19-08.14.13:650][  0]LogConfig: Setting CVar [[r.EyeAdaptationQuality:2]]
[2025.09.19-08.14.13:650][  0]LogConfig: Setting CVar [[r.BloomQuality:5]]
[2025.09.19-08.14.13:650][  0]LogConfig: Setting CVar [[r.FastBlurThreshold:100]]
[2025.09.19-08.14.13:650][  0]LogConfig: Setting CVar [[r.Upscale.Quality:3]]
[2025.09.19-08.14.13:650][  0]LogConfig: Setting CVar [[r.Tonemapper.GrainQuantization:1]]
[2025.09.19-08.14.13:650][  0]LogConfig: Setting CVar [[r.LightShaftQuality:1]]
[2025.09.19-08.14.13:650][  0]LogConfig: Setting CVar [[r.Filter.SizeScale:1]]
[2025.09.19-08.14.13:650][  0]LogConfig: Setting CVar [[r.Tonemapper.Quality:5]]
[2025.09.19-08.14.13:650][  0]LogConfig: Setting CVar [[r.DOF.Gather.AccumulatorQuality:1        ; higher gathering accumulator quality]]
[2025.09.19-08.14.13:650][  0]LogConfig: Setting CVar [[r.DOF.Gather.PostfilterMethod:1          ; Median3x3 postfilering method]]
[2025.09.19-08.14.13:650][  0]LogConfig: Setting CVar [[r.DOF.Gather.EnableBokehSettings:0       ; no bokeh simulation when gathering]]
[2025.09.19-08.14.13:650][  0]LogConfig: Setting CVar [[r.DOF.Gather.RingCount:4                 ; medium number of samples when gathering]]
[2025.09.19-08.14.13:650][  0]LogConfig: Setting CVar [[r.DOF.Scatter.ForegroundCompositing:1    ; additive foreground scattering]]
[2025.09.19-08.14.13:650][  0]LogConfig: Setting CVar [[r.DOF.Scatter.BackgroundCompositing:2    ; additive background scattering]]
[2025.09.19-08.14.13:650][  0]LogConfig: Setting CVar [[r.DOF.Scatter.EnableBokehSettings:1      ; bokeh simulation when scattering]]
[2025.09.19-08.14.13:650][  0]LogConfig: Setting CVar [[r.DOF.Scatter.MaxSpriteRatio:0.1         ; only a maximum of 10% of scattered bokeh]]
[2025.09.19-08.14.13:650][  0]LogConfig: Setting CVar [[r.DOF.Recombine.Quality:1                ; cheap slight out of focus]]
[2025.09.19-08.14.13:650][  0]LogConfig: Setting CVar [[r.DOF.Recombine.EnableBokehSettings:0    ; no bokeh simulation on slight out of focus]]
[2025.09.19-08.14.13:650][  0]LogConfig: Setting CVar [[r.DOF.TemporalAAQuality:1                ; more stable temporal accumulation]]
[2025.09.19-08.14.13:650][  0]LogConfig: Setting CVar [[r.DOF.Kernel.MaxForegroundRadius:0.025]]
[2025.09.19-08.14.13:650][  0]LogConfig: Setting CVar [[r.DOF.Kernel.MaxBackgroundRadius:0.025]]
[2025.09.19-08.14.13:650][  0]LogConfig: Applying CVar settings from Section [TextureQuality@3] File [E:/GameDev/hggjam/GameJamHGGUnreal4.23.1/GameJamCrew/Saved/Config/Windows/Scalability.ini]
[2025.09.19-08.14.13:650][  0]LogConfig: Setting CVar [[r.Streaming.MipBias:0]]
[2025.09.19-08.14.13:650][  0]LogConfig: Setting CVar [[r.Streaming.AmortizeCPUToGPUCopy:0]]
[2025.09.19-08.14.13:650][  0]LogConfig: Setting CVar [[r.Streaming.MaxNumTexturesToStreamPerFrame:0]]
[2025.09.19-08.14.13:650][  0]LogConfig: Setting CVar [[r.Streaming.Boost:1]]
[2025.09.19-08.14.13:650][  0]LogConfig: Setting CVar [[r.MaxAnisotropy:8]]
[2025.09.19-08.14.13:650][  0]LogConfig: Setting CVar [[r.Streaming.LimitPoolSizeToVRAM:0]]
[2025.09.19-08.14.13:650][  0]LogConfig: Setting CVar [[r.Streaming.PoolSize:1000]]
[2025.09.19-08.14.13:650][  0]LogConfig: Setting CVar [[r.Streaming.MaxEffectiveScreenSize:0]]
[2025.09.19-08.14.13:650][  0]LogConfig: Applying CVar settings from Section [EffectsQuality@3] File [E:/GameDev/hggjam/GameJamHGGUnreal4.23.1/GameJamCrew/Saved/Config/Windows/Scalability.ini]
[2025.09.19-08.14.13:650][  0]LogConfig: Setting CVar [[r.TranslucencyLightingVolumeDim:64]]
[2025.09.19-08.14.13:650][  0]LogConfig: Setting CVar [[r.RefractionQuality:2]]
[2025.09.19-08.14.13:650][  0]LogConfig: Setting CVar [[r.SSR.Quality:3]]
[2025.09.19-08.14.13:650][  0]LogConfig: Setting CVar [[r.SceneColorFormat:4]]
[2025.09.19-08.14.13:650][  0]LogConfig: Setting CVar [[r.DetailMode:2]]
[2025.09.19-08.14.13:650][  0]LogConfig: Setting CVar [[r.TranslucencyVolumeBlur:1]]
[2025.09.19-08.14.13:650][  0]LogConfig: Setting CVar [[r.MaterialQualityLevel:1 ; High quality]]
[2025.09.19-08.14.13:650][  0]LogConfig: Setting CVar [[r.SSS.Scale:1]]
[2025.09.19-08.14.13:650][  0]LogConfig: Setting CVar [[r.SSS.SampleSet:2]]
[2025.09.19-08.14.13:650][  0]LogConfig: Setting CVar [[r.SSS.Quality:1]]
[2025.09.19-08.14.13:650][  0]LogConfig: Setting CVar [[r.SSS.HalfRes:1]]
[2025.09.19-08.14.13:650][  0]LogConfig: Setting CVar [[r.EmitterSpawnRateScale:1.0]]
[2025.09.19-08.14.13:650][  0]LogConfig: Setting CVar [[r.ParticleLightQuality:2]]
[2025.09.19-08.14.13:650][  0]LogConfig: Applying CVar settings from Section [FoliageQuality@3] File [E:/GameDev/hggjam/GameJamHGGUnreal4.23.1/GameJamCrew/Saved/Config/Windows/Scalability.ini]
[2025.09.19-08.14.13:650][  0]LogConfig: Setting CVar [[foliage.DensityScale:1.0]]
[2025.09.19-08.14.13:650][  0]LogConfig: Setting CVar [[grass.DensityScale:1.0]]
[2025.09.19-08.14.13:650][  0]LogInit: Selected Device Profile: [Windows]
[2025.09.19-08.14.13:650][  0]LogInit: Applying CVar settings loaded from the selected device profile: [Windows]
[2025.09.19-08.14.13:651][  0]LogHAL: Display: Platform has ~ 62 GB [66126716928 / 68719476736 / 62], which maps to Largest [LargestMinGB=32, LargerMinGB=12, DefaultMinGB=8, SmallerMinGB=6, SmallestMinGB=0)
[2025.09.19-08.14.13:651][  0]LogInit: Going up to parent DeviceProfile []
[2025.09.19-08.14.13:651][  0]LogConfig: Applying CVar settings from Section [ViewDistanceQuality@3] File [E:/GameDev/hggjam/GameJamHGGUnreal4.23.1/GameJamCrew/Saved/Config/Windows/Scalability.ini]
[2025.09.19-08.14.13:651][  0]LogConfig: Setting CVar [[r.SkeletalMeshLODBias:0]]
[2025.09.19-08.14.13:651][  0]LogConfig: Setting CVar [[r.ViewDistanceScale:1.0]]
[2025.09.19-08.14.13:651][  0]LogConfig: Applying CVar settings from Section [AntiAliasingQuality@3] File [E:/GameDev/hggjam/GameJamHGGUnreal4.23.1/GameJamCrew/Saved/Config/Windows/Scalability.ini]
[2025.09.19-08.14.13:651][  0]LogConfig: Setting CVar [[r.PostProcessAAQuality:4]]
[2025.09.19-08.14.13:651][  0]LogConfig: Applying CVar settings from Section [ShadowQuality@3] File [E:/GameDev/hggjam/GameJamHGGUnreal4.23.1/GameJamCrew/Saved/Config/Windows/Scalability.ini]
[2025.09.19-08.14.13:651][  0]LogConfig: Setting CVar [[r.LightFunctionQuality:1]]
[2025.09.19-08.14.13:651][  0]LogConfig: Setting CVar [[r.ShadowQuality:5]]
[2025.09.19-08.14.13:651][  0]LogConfig: Setting CVar [[r.Shadow.CSM.MaxCascades:10]]
[2025.09.19-08.14.13:651][  0]LogConfig: Setting CVar [[r.Shadow.MaxResolution:2048]]
[2025.09.19-08.14.13:651][  0]LogConfig: Setting CVar [[r.Shadow.MaxCSMResolution:2048]]
[2025.09.19-08.14.13:651][  0]LogConfig: Setting CVar [[r.Shadow.RadiusThreshold:0.01]]
[2025.09.19-08.14.13:651][  0]LogConfig: Setting CVar [[r.Shadow.DistanceScale:1.0]]
[2025.09.19-08.14.13:651][  0]LogConfig: Setting CVar [[r.Shadow.CSM.TransitionScale:1.0]]
[2025.09.19-08.14.13:651][  0]LogConfig: Setting CVar [[r.Shadow.PreShadowResolutionFactor:1.0]]
[2025.09.19-08.14.13:651][  0]LogConfig: Setting CVar [[r.DistanceFieldShadowing:1]]
[2025.09.19-08.14.13:651][  0]LogConfig: Setting CVar [[r.DistanceFieldAO:1]]
[2025.09.19-08.14.13:651][  0]LogConfig: Setting CVar [[r.AOQuality:2]]
[2025.09.19-08.14.13:651][  0]LogConfig: Setting CVar [[r.VolumetricFog:1]]
[2025.09.19-08.14.13:651][  0]LogConfig: Setting CVar [[r.VolumetricFog.GridPixelSize:8]]
[2025.09.19-08.14.13:651][  0]LogConfig: Setting CVar [[r.VolumetricFog.GridSizeZ:128]]
[2025.09.19-08.14.13:651][  0]LogConfig: Setting CVar [[r.VolumetricFog.HistoryMissSupersampleCount:4]]
[2025.09.19-08.14.13:651][  0]LogConfig: Setting CVar [[r.LightMaxDrawDistanceScale:1]]
[2025.09.19-08.14.13:651][  0]LogConfig: Setting CVar [[r.CapsuleShadows:1]]
[2025.09.19-08.14.13:651][  0]LogConfig: Applying CVar settings from Section [PostProcessQuality@3] File [E:/GameDev/hggjam/GameJamHGGUnreal4.23.1/GameJamCrew/Saved/Config/Windows/Scalability.ini]
[2025.09.19-08.14.13:651][  0]LogConfig: Setting CVar [[r.MotionBlurQuality:4]]
[2025.09.19-08.14.13:651][  0]LogConfig: Setting CVar [[r.AmbientOcclusionMipLevelFactor:0.4]]
[2025.09.19-08.14.13:651][  0]LogConfig: Setting CVar [[r.AmbientOcclusionMaxQuality:100]]
[2025.09.19-08.14.13:651][  0]LogConfig: Setting CVar [[r.AmbientOcclusionLevels:-1]]
[2025.09.19-08.14.13:651][  0]LogConfig: Setting CVar [[r.AmbientOcclusionRadiusScale:1.0]]
[2025.09.19-08.14.13:651][  0]LogConfig: Setting CVar [[r.DepthOfFieldQuality:2]]
[2025.09.19-08.14.13:651][  0]LogConfig: Setting CVar [[r.RenderTargetPoolMin:400]]
[2025.09.19-08.14.13:651][  0]LogConfig: Setting CVar [[r.LensFlareQuality:2]]
[2025.09.19-08.14.13:651][  0]LogConfig: Setting CVar [[r.SceneColorFringeQuality:1]]
[2025.09.19-08.14.13:651][  0]LogConfig: Setting CVar [[r.EyeAdaptationQuality:2]]
[2025.09.19-08.14.13:651][  0]LogConfig: Setting CVar [[r.BloomQuality:5]]
[2025.09.19-08.14.13:651][  0]LogConfig: Setting CVar [[r.FastBlurThreshold:100]]
[2025.09.19-08.14.13:651][  0]LogConfig: Setting CVar [[r.Upscale.Quality:3]]
[2025.09.19-08.14.13:651][  0]LogConfig: Setting CVar [[r.Tonemapper.GrainQuantization:1]]
[2025.09.19-08.14.13:651][  0]LogConfig: Setting CVar [[r.LightShaftQuality:1]]
[2025.09.19-08.14.13:651][  0]LogConfig: Setting CVar [[r.Filter.SizeScale:1]]
[2025.09.19-08.14.13:651][  0]LogConfig: Setting CVar [[r.Tonemapper.Quality:5]]
[2025.09.19-08.14.13:651][  0]LogConfig: Setting CVar [[r.DOF.Gather.AccumulatorQuality:1        ; higher gathering accumulator quality]]
[2025.09.19-08.14.13:651][  0]LogConfig: Setting CVar [[r.DOF.Gather.PostfilterMethod:1          ; Median3x3 postfilering method]]
[2025.09.19-08.14.13:651][  0]LogConfig: Setting CVar [[r.DOF.Gather.EnableBokehSettings:0       ; no bokeh simulation when gathering]]
[2025.09.19-08.14.13:651][  0]LogConfig: Setting CVar [[r.DOF.Gather.RingCount:4                 ; medium number of samples when gathering]]
[2025.09.19-08.14.13:651][  0]LogConfig: Setting CVar [[r.DOF.Scatter.ForegroundCompositing:1    ; additive foreground scattering]]
[2025.09.19-08.14.13:651][  0]LogConfig: Setting CVar [[r.DOF.Scatter.BackgroundCompositing:2    ; additive background scattering]]
[2025.09.19-08.14.13:651][  0]LogConfig: Setting CVar [[r.DOF.Scatter.EnableBokehSettings:1      ; bokeh simulation when scattering]]
[2025.09.19-08.14.13:651][  0]LogConfig: Setting CVar [[r.DOF.Scatter.MaxSpriteRatio:0.1         ; only a maximum of 10% of scattered bokeh]]
[2025.09.19-08.14.13:651][  0]LogConfig: Setting CVar [[r.DOF.Recombine.Quality:1                ; cheap slight out of focus]]
[2025.09.19-08.14.13:651][  0]LogConfig: Setting CVar [[r.DOF.Recombine.EnableBokehSettings:0    ; no bokeh simulation on slight out of focus]]
[2025.09.19-08.14.13:651][  0]LogConfig: Setting CVar [[r.DOF.TemporalAAQuality:1                ; more stable temporal accumulation]]
[2025.09.19-08.14.13:651][  0]LogConfig: Setting CVar [[r.DOF.Kernel.MaxForegroundRadius:0.025]]
[2025.09.19-08.14.13:651][  0]LogConfig: Setting CVar [[r.DOF.Kernel.MaxBackgroundRadius:0.025]]
[2025.09.19-08.14.13:651][  0]LogConfig: Applying CVar settings from Section [TextureQuality@3] File [E:/GameDev/hggjam/GameJamHGGUnreal4.23.1/GameJamCrew/Saved/Config/Windows/Scalability.ini]
[2025.09.19-08.14.13:651][  0]LogConfig: Setting CVar [[r.Streaming.MipBias:0]]
[2025.09.19-08.14.13:651][  0]LogConfig: Setting CVar [[r.Streaming.AmortizeCPUToGPUCopy:0]]
[2025.09.19-08.14.13:651][  0]LogConfig: Setting CVar [[r.Streaming.MaxNumTexturesToStreamPerFrame:0]]
[2025.09.19-08.14.13:651][  0]LogConfig: Setting CVar [[r.Streaming.Boost:1]]
[2025.09.19-08.14.13:651][  0]LogConfig: Setting CVar [[r.MaxAnisotropy:8]]
[2025.09.19-08.14.13:651][  0]LogConfig: Setting CVar [[r.Streaming.LimitPoolSizeToVRAM:0]]
[2025.09.19-08.14.13:651][  0]LogConfig: Setting CVar [[r.Streaming.PoolSize:1000]]
[2025.09.19-08.14.13:651][  0]LogConfig: Setting CVar [[r.Streaming.MaxEffectiveScreenSize:0]]
[2025.09.19-08.14.13:651][  0]LogConfig: Applying CVar settings from Section [EffectsQuality@3] File [E:/GameDev/hggjam/GameJamHGGUnreal4.23.1/GameJamCrew/Saved/Config/Windows/Scalability.ini]
[2025.09.19-08.14.13:651][  0]LogConfig: Setting CVar [[r.TranslucencyLightingVolumeDim:64]]
[2025.09.19-08.14.13:651][  0]LogConfig: Setting CVar [[r.RefractionQuality:2]]
[2025.09.19-08.14.13:651][  0]LogConfig: Setting CVar [[r.SSR.Quality:3]]
[2025.09.19-08.14.13:651][  0]LogConfig: Setting CVar [[r.SceneColorFormat:4]]
[2025.09.19-08.14.13:651][  0]LogConfig: Setting CVar [[r.DetailMode:2]]
[2025.09.19-08.14.13:651][  0]LogConfig: Setting CVar [[r.TranslucencyVolumeBlur:1]]
[2025.09.19-08.14.13:651][  0]LogConfig: Setting CVar [[r.MaterialQualityLevel:1 ; High quality]]
[2025.09.19-08.14.13:651][  0]LogConfig: Setting CVar [[r.SSS.Scale:1]]
[2025.09.19-08.14.13:651][  0]LogConfig: Setting CVar [[r.SSS.SampleSet:2]]
[2025.09.19-08.14.13:651][  0]LogConfig: Setting CVar [[r.SSS.Quality:1]]
[2025.09.19-08.14.13:651][  0]LogConfig: Setting CVar [[r.SSS.HalfRes:1]]
[2025.09.19-08.14.13:651][  0]LogConfig: Setting CVar [[r.EmitterSpawnRateScale:1.0]]
[2025.09.19-08.14.13:651][  0]LogConfig: Setting CVar [[r.ParticleLightQuality:2]]
[2025.09.19-08.14.13:651][  0]LogConfig: Applying CVar settings from Section [FoliageQuality@3] File [E:/GameDev/hggjam/GameJamHGGUnreal4.23.1/GameJamCrew/Saved/Config/Windows/Scalability.ini]
[2025.09.19-08.14.13:651][  0]LogConfig: Setting CVar [[foliage.DensityScale:1.0]]
[2025.09.19-08.14.13:651][  0]LogConfig: Setting CVar [[grass.DensityScale:1.0]]
[2025.09.19-08.14.13:651][  0]LogConfig: Applying CVar settings from Section [Startup] File [../../../Engine/Config/ConsoleVariables.ini]
[2025.09.19-08.14.13:651][  0]LogConfig: Setting CVar [[net.UseAdaptiveNetUpdateFrequency:0]]
[2025.09.19-08.14.13:651][  0]LogConfig: Setting CVar [[p.chaos.AllowCreatePhysxBodies:1]]
[2025.09.19-08.14.13:651][  0]LogConfig: Applying CVar settings from Section [ConsoleVariables] File [E:/GameDev/hggjam/GameJamHGGUnreal4.23.1/GameJamCrew/Saved/Config/Windows/Engine.ini]
[2025.09.19-08.14.13:651][  0]LogInit: Computer: CECOMAIN
[2025.09.19-08.14.13:651][  0]LogInit: User: Цветан
[2025.09.19-08.14.13:651][  0]LogInit: CPU Page size=4096, Cores=8
[2025.09.19-08.14.13:651][  0]LogInit: High frequency timer resolution =10.000000 MHz
[2025.09.19-08.14.13:652][  0]LogMemory: Memory total: Physical=61.6GB (62GB approx)
[2025.09.19-08.14.13:652][  0]LogMemory: Platform Memory Stats for Windows
[2025.09.19-08.14.13:652][  0]LogMemory: Process Physical Memory: 109.03 MB used, 109.03 MB peak
[2025.09.19-08.14.13:652][  0]LogMemory: Process Virtual Memory: 101.46 MB used, 101.46 MB peak
[2025.09.19-08.14.13:652][  0]LogMemory: Physical Memory: 14831.67 MB used,  48231.68 MB free, 63063.35 MB total
[2025.09.19-08.14.13:652][  0]LogMemory: Virtual Memory: 4713.26 MB used,  134213016.00 MB free, 134217728.00 MB total
[2025.09.19-08.14.13:653][  0]LogWindows: WindowsPlatformFeatures enabled
[2025.09.19-08.14.13:678][  0]LogInit: Using OS detected language (en-GB).
[2025.09.19-08.14.13:678][  0]LogInit: Using OS detected locale (en-US).
[2025.09.19-08.14.13:678][  0]LogTextLocalizationManager: No specific localization for 'en-GB' exists, so the 'en' localization will be used.
[2025.09.19-08.14.13:763][  0]LogInit: Setting process to per monitor DPI aware
[2025.09.19-08.14.13:786][  0]LogSlate: New Slate User Created.  User Index 0, Is Virtual User: 0
[2025.09.19-08.14.13:786][  0]LogSlate: Slate User Registered.  User Index 0, Is Virtual User: 0
[2025.09.19-08.14.13:861][  0]LogHMD: Failed to initialize OpenVR with code 110
[2025.09.19-08.14.13:862][  0]LogD3D11RHI: D3D11 adapters:
[2025.09.19-08.14.13:971][  0]LogD3D11RHI:    0. 'NVIDIA GeForce RTX 5070' (Feature Level 11_0)
[2025.09.19-08.14.13:971][  0]LogD3D11RHI:       11855/0/31531 MB DedicatedVideo/DedicatedSystem/SharedSystem, Outputs:2, VendorId:0x10de
[2025.09.19-08.14.14:009][  0]LogD3D11RHI:    1. 'AMD Radeon(TM) Graphics' (Feature Level 11_0)
[2025.09.19-08.14.14:009][  0]LogD3D11RHI:       2021/0/31531 MB DedicatedVideo/DedicatedSystem/SharedSystem, Outputs:0, VendorId:0x1002
[2025.09.19-08.14.14:011][  0]LogD3D11RHI:    2. 'Microsoft Basic Render Driver' (Feature Level 11_0)
[2025.09.19-08.14.14:011][  0]LogD3D11RHI:       0/0/31531 MB DedicatedVideo/DedicatedSystem/SharedSystem, Outputs:0, VendorId:0x1414
[2025.09.19-08.14.14:011][  0]LogD3D11RHI: Chosen D3D11 Adapter: 0
[2025.09.19-08.14.14:016][  0]LogD3D11RHI: Creating new Direct3DDevice
[2025.09.19-08.14.14:017][  0]LogD3D11RHI:     GPU DeviceId: 0x2f04 (for the marketing name, search the web for "GPU Device Id")
[2025.09.19-08.14.14:017][  0]LogWindows: EnumDisplayDevices:
[2025.09.19-08.14.14:017][  0]LogWindows:    0. 'NVIDIA GeForce RTX 5070' (P:1 D:1)
[2025.09.19-08.14.14:017][  0]LogWindows:    1. 'NVIDIA GeForce RTX 5070' (P:0 D:1)
[2025.09.19-08.14.14:017][  0]LogWindows:    2. 'NVIDIA GeForce RTX 5070' (P:0 D:0)
[2025.09.19-08.14.14:017][  0]LogWindows:    3. 'NVIDIA GeForce RTX 5070' (P:0 D:0)
[2025.09.19-08.14.14:017][  0]LogWindows:    4. 'AMD Radeon(TM) Graphics' (P:0 D:0)
[2025.09.19-08.14.14:017][  0]LogWindows:    5. 'AMD Radeon(TM) Graphics' (P:0 D:0)
[2025.09.19-08.14.14:017][  0]LogWindows:    6. 'AMD Radeon(TM) Graphics' (P:0 D:0)
[2025.09.19-08.14.14:018][  0]LogWindows:    7. 'AMD Radeon(TM) Graphics' (P:0 D:0)
[2025.09.19-08.14.14:018][  0]LogWindows:    8. 'AMD Radeon(TM) Graphics' (P:0 D:0)
[2025.09.19-08.14.14:018][  0]LogWindows: DebugString: PrimaryIsNotTheChoosenAdapter PrimaryIsNotTheChoosenAdapter PrimaryIsNotTheChoosenAdapter PrimaryIsNotTheChoosenAdapter PrimaryIsNotTheChoosenAdapter FoundDriverCount:4 
[2025.09.19-08.14.14:018][  0]LogD3D11RHI:     Adapter Name: NVIDIA GeForce RTX 5070
[2025.09.19-08.14.14:018][  0]LogD3D11RHI:   Driver Version: 581.15 (internal:32.0.15.8115, unified:581.15)
[2025.09.19-08.14.14:018][  0]LogD3D11RHI:      Driver Date: 8-21-2025
[2025.09.19-08.14.14:018][  0]LogRHI: Texture pool is 8298 MB (70% of 11855 MB)
[2025.09.19-08.14.14:089][  0]LogD3D11RHI: Async texture creation enabled
[2025.09.19-08.14.14:098][  0]LogD3D11RHI: GPU Timing Frequency: 1000.000000 (Debug: 2 1)
[2025.09.19-08.14.14:260][  0]LogTemp: Display: Module 'AllDesktopTargetPlatform' loaded TargetPlatform 'AllDesktop'
[2025.09.19-08.14.14:264][  0]LogTemp: Display: Module 'MacClientTargetPlatform' loaded TargetPlatform 'MacClient'
[2025.09.19-08.14.14:267][  0]LogTemp: Display: Module 'MacNoEditorTargetPlatform' loaded TargetPlatform 'MacNoEditor'
[2025.09.19-08.14.14:271][  0]LogTemp: Display: Module 'MacServerTargetPlatform' loaded TargetPlatform 'MacServer'
[2025.09.19-08.14.14:275][  0]LogTemp: Display: Module 'MacTargetPlatform' loaded TargetPlatform 'Mac'
[2025.09.19-08.14.14:279][  0]LogTemp: Display: Module 'WindowsClientTargetPlatform' loaded TargetPlatform 'WindowsClient'
[2025.09.19-08.14.14:282][  0]LogTemp: Display: Module 'WindowsNoEditorTargetPlatform' loaded TargetPlatform 'WindowsNoEditor'
[2025.09.19-08.14.14:286][  0]LogTemp: Display: Module 'WindowsServerTargetPlatform' loaded TargetPlatform 'WindowsServer'
[2025.09.19-08.14.14:289][  0]LogTemp: Display: Module 'WindowsTargetPlatform' loaded TargetPlatform 'Windows'
[2025.09.19-08.14.14:306][  0]LogTemp: Display: Module 'AndroidTargetPlatform' loaded TargetPlatform 'Android'
[2025.09.19-08.14.14:306][  0]LogTemp: Display: Module 'AndroidTargetPlatform' loaded TargetPlatform 'Android_ASTC'
[2025.09.19-08.14.14:306][  0]LogTemp: Display: Module 'AndroidTargetPlatform' loaded TargetPlatform 'Android_ATC'
[2025.09.19-08.14.14:306][  0]LogTemp: Display: Module 'AndroidTargetPlatform' loaded TargetPlatform 'Android_DXT'
[2025.09.19-08.14.14:306][  0]LogTemp: Display: Module 'AndroidTargetPlatform' loaded TargetPlatform 'Android_ETC1'
[2025.09.19-08.14.14:306][  0]LogTemp: Display: Module 'AndroidTargetPlatform' loaded TargetPlatform 'Android_ETC1a'
[2025.09.19-08.14.14:306][  0]LogTemp: Display: Module 'AndroidTargetPlatform' loaded TargetPlatform 'Android_ETC2'
[2025.09.19-08.14.14:306][  0]LogTemp: Display: Module 'AndroidTargetPlatform' loaded TargetPlatform 'Android_PVRTC'
[2025.09.19-08.14.14:306][  0]LogTemp: Display: Module 'AndroidTargetPlatform' loaded TargetPlatform 'AndroidClient'
[2025.09.19-08.14.14:306][  0]LogTemp: Display: Module 'AndroidTargetPlatform' loaded TargetPlatform 'Android_ASTCClient'
[2025.09.19-08.14.14:306][  0]LogTemp: Display: Module 'AndroidTargetPlatform' loaded TargetPlatform 'Android_ATCClient'
[2025.09.19-08.14.14:306][  0]LogTemp: Display: Module 'AndroidTargetPlatform' loaded TargetPlatform 'Android_DXTClient'
[2025.09.19-08.14.14:306][  0]LogTemp: Display: Module 'AndroidTargetPlatform' loaded TargetPlatform 'Android_ETC1Client'
[2025.09.19-08.14.14:306][  0]LogTemp: Display: Module 'AndroidTargetPlatform' loaded TargetPlatform 'Android_ETC1aClient'
[2025.09.19-08.14.14:306][  0]LogTemp: Display: Module 'AndroidTargetPlatform' loaded TargetPlatform 'Android_ETC2Client'
[2025.09.19-08.14.14:306][  0]LogTemp: Display: Module 'AndroidTargetPlatform' loaded TargetPlatform 'Android_PVRTCClient'
[2025.09.19-08.14.14:306][  0]LogTemp: Display: Module 'AndroidTargetPlatform' loaded TargetPlatform 'Android_Multi'
[2025.09.19-08.14.14:306][  0]LogTemp: Display: Module 'AndroidTargetPlatform' loaded TargetPlatform 'Android_MultiClient'
[2025.09.19-08.14.14:307][  0]LogTemp: Display: Module 'HTML5TargetPlatform' loaded TargetPlatform 'HTML5'
[2025.09.19-08.14.14:315][  0]LogTemp: Display: Module 'IOSTargetPlatform' loaded TargetPlatform 'IOSClient'
[2025.09.19-08.14.14:315][  0]LogTemp: Display: Module 'IOSTargetPlatform' loaded TargetPlatform 'IOS'
[2025.09.19-08.14.14:321][  0]LogTemp: Display: Module 'TVOSTargetPlatform' loaded TargetPlatform 'TVOSClient'
[2025.09.19-08.14.14:321][  0]LogTemp: Display: Module 'TVOSTargetPlatform' loaded TargetPlatform 'TVOS'
[2025.09.19-08.14.14:324][  0]LogTemp: Display: Module 'LinuxClientTargetPlatform' loaded TargetPlatform 'LinuxClient'
[2025.09.19-08.14.14:326][  0]LogTemp: Display: Module 'LinuxNoEditorTargetPlatform' loaded TargetPlatform 'LinuxNoEditor'
[2025.09.19-08.14.14:330][  0]LogTemp: Display: Module 'LinuxServerTargetPlatform' loaded TargetPlatform 'LinuxServer'
[2025.09.19-08.14.14:333][  0]LogTemp: Display: Module 'LinuxTargetPlatform' loaded TargetPlatform 'Linux'
[2025.09.19-08.14.14:343][  0]LogTemp: Display: Module 'LuminTargetPlatform' loaded TargetPlatform 'Lumin'
[2025.09.19-08.14.14:343][  0]LogTemp: Display: Module 'LuminTargetPlatform' loaded TargetPlatform 'LuminClient'
[2025.09.19-08.14.14:343][  0]LogTargetPlatformManager: Display: Building Assets For Windows
[2025.09.19-08.14.14:347][  0]LogAudioDebug: Display: Lib vorbis DLL was dynamically loaded.
[2025.09.19-08.14.14:367][  0]LogShaderCompilers: Guid format shader working directory is -5 characters bigger than the processId version (E:/GameDev/hggjam/GameJamHGGUnreal4.23.1/GameJamCrew/Intermediate/Shaders/WorkingDirectory/3812/).
[2025.09.19-08.14.14:367][  0]LogShaderCompilers: Cleaned the shader compiler working directory 'C:/Users/Цветан/AppData/Local/Temp/UnrealShaderWorkingDir/D6C61EB24350AF43DD5D8A8A816AACE3/'.
[2025.09.19-08.14.14:368][  0]LogXGEController: Cannot use XGE Controller as Incredibuild is not installed on this machine.
[2025.09.19-08.14.14:368][  0]LogShaderCompilers: Cannot use XGE Shader Compiler as Incredibuild is not installed on this machine.
[2025.09.19-08.14.14:368][  0]LogShaderCompilers: Display: Using Local Shader Compiler.
[2025.09.19-08.14.14:634][  0]LogDerivedDataCache: Display: Max Cache Size: 512 MB
[2025.09.19-08.14.14:656][  0]LogDerivedDataCache: Loaded boot cache 0.02s 73MB C:/Users/Цветан/AppData/Local/UnrealEngine/4.23/DerivedDataCache/Boot.ddc.
[2025.09.19-08.14.14:656][  0]LogDerivedDataCache: Display: Loaded Boot cache: C:/Users/Цветан/AppData/Local/UnrealEngine/4.23/DerivedDataCache/Boot.ddc
[2025.09.19-08.14.14:656][  0]LogDerivedDataCache: FDerivedDataBackendGraph:  Pak pak cache file E:/GameDev/hggjam/GameJamHGGUnreal4.23.1/GameJamCrew/DerivedDataCache/DDC.ddp not found, will not use a pak cache.
[2025.09.19-08.14.14:656][  0]LogDerivedDataCache: Unable to find inner node Pak for hierarchical cache Hierarchy.
[2025.09.19-08.14.14:657][  0]LogDerivedDataCache: FDerivedDataBackendGraph:  CompressedPak pak cache file E:/GameDev/hggjam/GameJamHGGUnreal4.23.1/GameJamCrew/DerivedDataCache/Compressed.ddp not found, will not use a pak cache.
[2025.09.19-08.14.14:657][  0]LogDerivedDataCache: Unable to find inner node CompressedPak for hierarchical cache Hierarchy.
[2025.09.19-08.14.14:664][  0]LogDerivedDataCache: Display: Pak cache opened for reading ../../../Engine/DerivedDataCache/Compressed.ddp.
[2025.09.19-08.14.14:664][  0]LogDerivedDataCache: FDerivedDataBackendGraph:  EnterprisePak pak cache file ../../../Enterprise/DerivedDataCache/Compressed.ddp not found, will not use a pak cache.
[2025.09.19-08.14.14:664][  0]LogDerivedDataCache: Unable to find inner node EnterprisePak for hierarchical cache Hierarchy.
[2025.09.19-08.14.14:665][  0]LogDerivedDataCache: Using Local data cache path C:/Users/Цветан/AppData/Local/UnrealEngine/Common/DerivedDataCache: Writable
[2025.09.19-08.14.14:665][  0]LogDerivedDataCache: Shared data cache path not found in *engine.ini, will not use an Shared cache.
[2025.09.19-08.14.14:665][  0]LogDerivedDataCache: Unable to find inner node Shared for hierarchical cache Hierarchy.
[2025.09.19-08.14.14:675][  0]LogMaterial: Verifying Global Shaders for PCD3D_SM5
[2025.09.19-08.14.14:676][  0]LogSlate: Using FreeType 2.6.0
[2025.09.19-08.14.14:676][  0]LogSlate: SlateFontServices - WITH_FREETYPE: 1, WITH_HARFBUZZ: 1
[2025.09.19-08.14.14:701][  0]LogAssetRegistry: FAssetRegistry took 0.0015 seconds to start up
[2025.09.19-08.14.14:825][  0]LogInit: Selected Device Profile: [Windows]
[2025.09.19-08.14.14:887][  0]LogMeshReduction: Using QuadricMeshReduction for automatic static mesh reduction
[2025.09.19-08.14.14:887][  0]LogMeshReduction: Using SimplygonMeshReduction for automatic skeletal mesh reduction
[2025.09.19-08.14.14:887][  0]LogMeshReduction: Using ProxyLODMeshReduction for automatic mesh merging
[2025.09.19-08.14.14:887][  0]LogMeshReduction: No distributed automatic mesh merging module available
[2025.09.19-08.14.14:887][  0]LogMeshMerging: No distributed automatic mesh merging module available
[2025.09.19-08.14.14:892][  0]LogNetVersion: GameJamCrew 1.0.0, NetCL: 8386587, EngineNetVer: 11, GameNetVer: 0 (Checksum: 118800057)
[2025.09.19-08.14.15:061][  0]LogPackageLocalizationCache: Processed 12 localized package path(s) for 1 prioritized culture(s) in 0.018213 seconds
[2025.09.19-08.14.15:064][  0]LogUObjectArray: 43444 objects as part of root set at end of initial load.
[2025.09.19-08.14.15:064][  0]LogUObjectAllocator: 7548648 out of 0 bytes used by permanent object pool.
[2025.09.19-08.14.15:064][  0]LogUObjectArray: CloseDisregardForGC: 0/0 objects in disregard for GC pool
[2025.09.19-08.14.15:415][  0]LogTcpMessaging: Initializing TcpMessaging bridge
[2025.09.19-08.14.15:417][  0]LogUdpMessaging: Initializing bridge on interface 0.0.0.0:0 to multicast group 230.0.0.1:6666.
[2025.09.19-08.14.15:436][  0]SourceControl: Source control is disabled
[2025.09.19-08.14.15:436][  0]SourceControl: Source control is disabled
[2025.09.19-08.14.15:437][  0]SourceControl: Source control is disabled
[2025.09.19-08.14.15:437][  0]SourceControl: Source control is disabled
[2025.09.19-08.14.15:470][  0]LogAndroidPermission: UAndroidPermissionCallbackProxy::GetInstance
[2025.09.19-08.14.15:528][  0]LogOcInput: OculusInput pre-init called
[2025.09.19-08.14.15:531][  0]LogWindows: Failed to load 'OVRPlugin.dll' (GetLastError=126)
[2025.09.19-08.14.15:531][  0]LogWindows: File 'OVRPlugin.dll' does not exist
[2025.09.19-08.14.15:561][  0]LogEngine: Initializing Engine...
[2025.09.19-08.14.15:562][  0]LogHMD: Failed to initialize OpenVR with code 110
[2025.09.19-08.14.15:562][  0]LogStats: UGameplayTagsManager::InitializeManager -  0.000 s
[2025.09.19-08.14.15:637][  0]LogInit: Initializing FReadOnlyCVARCache
[2025.09.19-08.14.15:645][  0]LogAIModule: Creating AISystem for world Untitled
[2025.09.19-08.14.15:654][  0]LogInit: XAudio2 using 'Speakers (Realtek(R) Audio)' : 2 channels at 48 kHz using 32 bits per sample (channel mask 0x3)
[2025.09.19-08.14.15:660][  0]LogInit: FAudioDevice initialized.
[2025.09.19-08.14.15:661][  0]LogNetVersion: Set ProjectVersion to 1.0.0.0. Version Checksum will be recalculated on next use.
[2025.09.19-08.14.15:688][  0]LogDerivedDataCache: Saved boot cache 0.03s 73MB C:/Users/Цветан/AppData/Local/UnrealEngine/4.23/DerivedDataCache/Boot.ddc.
[2025.09.19-08.14.15:691][  0]LogInit: Texture streaming: Enabled
[2025.09.19-08.14.15:699][  0]LogEngineSessionManager: EngineSessionManager initialized
[2025.09.19-08.14.15:699][  0]LogEditorSessionSummary: Verbose: Initializing EditorSessionSummaryWriter for editor session tracking
[2025.09.19-08.14.15:700][  0]LogEditorSessionSummary: EditorSessionSummaryWriter initialized
[2025.09.19-08.14.15:719][  0]LogInit: Transaction tracking system initialized
[2025.09.19-08.14.15:733][  0]BlueprintLog: New page: Editor Load
[2025.09.19-08.14.15:765][  0]LocalizationService: Localization service is disabled
[2025.09.19-08.14.15:878][  0]LogFileCache: Scanning file cache for directory 'E:/GameDev/hggjam/GameJamHGGUnreal4.23.1/GameJamCrew/Content/' took 0.01s
[2025.09.19-08.14.15:878][  0]LogCook: Display: Max memory allowance for cook 16384mb min free memory 0mb
[2025.09.19-08.14.15:878][  0]LogCook: Display: Mobile HDR setting 1
[2025.09.19-08.14.15:948][  0]SourceControl: Source control is disabled
[2025.09.19-08.14.15:948][  0]Cmd: MAP LOAD FILE="E:/GameDev/hggjam/GameJamHGGUnreal4.23.1/GameJamCrew/Content/ThirdPersonBP/Maps/ThirdPersonExampleMap.umap" TEMPLATE=0 SHOWPROGRESS=1 FEATURELEVEL=3
[2025.09.19-08.14.15:954][  0]LightingResults: New page: Lighting Build
[2025.09.19-08.14.15:955][  0]LogWorld: UWorld::CleanupWorld for Untitled, bSessionEnded=true, bCleanupResources=true
[2025.09.19-08.14.15:956][  0]MapCheck: New page: Map Check
[2025.09.19-08.14.15:956][  0]LightingResults: New page: Lighting Build
[2025.09.19-08.14.15:976][  0]LogUObjectHash: Compacting FUObjectHashTables data took   0.81ms
[2025.09.19-08.14.16:140][  0]LogLinker: Warning: While loading 'E:/GameDev/hggjam/GameJamHGGUnreal4.23.1/GameJamCrew/Content/ThirdPersonBP/Maps/ThirdPersonExampleMap.umap' failed to load '/Game/ThirdPersonBP/Maps/ThirdPersonExampleMap_BuiltData': Can't find file.
[2025.09.19-08.14.16:140][  0]LogLinker: Warning: While loading 'E:/GameDev/hggjam/GameJamHGGUnreal4.23.1/GameJamCrew/Content/ThirdPersonBP/Maps/ThirdPersonExampleMap.umap' failed to load '/Game/ThirdPersonBP/Maps/ThirdPersonExampleMap_BuiltData': Can't find file.
[2025.09.19-08.14.16:177][  0]LogLinker: Warning: While loading 'E:/GameDev/hggjam/GameJamHGGUnreal4.23.1/GameJamCrew/Content/ThirdPersonBP/Maps/ThirdPersonExampleMap.umap' failed to load '/Game/ThirdPersonBP/Maps/ThirdPersonExampleMap_BuiltData': Can't find file.
[2025.09.19-08.14.16:177][  0]LogLinker: Warning: While loading 'E:/GameDev/hggjam/GameJamHGGUnreal4.23.1/GameJamCrew/Content/ThirdPersonBP/Maps/ThirdPersonExampleMap.umap' failed to load '/Game/ThirdPersonBP/Maps/ThirdPersonExampleMap_BuiltData': Can't find file.
[2025.09.19-08.14.16:178][  0]LogLinker: Warning: Failed to load '/Game/ThirdPersonBP/Maps/ThirdPersonExampleMap_BuiltData': Can't find file.
[2025.09.19-08.14.16:178][  0]LogLinker: Warning: Failed to load '/Game/ThirdPersonBP/Maps/ThirdPersonExampleMap_BuiltData': Can't find file.
[2025.09.19-08.14.16:178][  0]LogLinker: Warning: Failed to load '/Game/ThirdPersonBP/Maps/ThirdPersonExampleMap_BuiltData': Can't find file.
[2025.09.19-08.14.16:178][  0]LogLinker: Warning: Failed to load '/Game/ThirdPersonBP/Maps/ThirdPersonExampleMap_BuiltData': Can't find file.
[2025.09.19-08.14.16:199][  0]LogLinker: Warning: While loading 'E:/GameDev/hggjam/GameJamHGGUnreal4.23.1/GameJamCrew/Content/ThirdPersonBP/Maps/ThirdPersonExampleMap.umap' failed to load '/Game/ThirdPersonBP/Maps/ThirdPersonExampleMap_BuiltData': Can't find file.
[2025.09.19-08.14.16:199][  0]LoadErrors: Failed to load /Game/ThirdPersonBP/Maps/ThirdPersonExampleMap_BuiltData.ThirdPersonExampleMap_BuiltData Referenced by PersistentLevel
[2025.09.19-08.14.16:199][  0]LogLinker: Warning: While loading 'E:/GameDev/hggjam/GameJamHGGUnreal4.23.1/GameJamCrew/Content/ThirdPersonBP/Maps/ThirdPersonExampleMap.umap' failed to load '/Game/ThirdPersonBP/Maps/ThirdPersonExampleMap_BuiltData': Can't find file.
[2025.09.19-08.14.16:199][  0]LoadErrors: Failed to load /Game/ThirdPersonBP/Maps/ThirdPersonExampleMap_BuiltData.ThirdPersonExampleMap_BuiltData Referenced by PersistentLevel
[2025.09.19-08.14.16:241][  0]LogAIModule: Creating AISystem for world ThirdPersonExampleMap
[2025.09.19-08.14.16:250][  0]LogEditorServer: Finished looking for orphan Actors (0.000 secs)
[2025.09.19-08.14.16:271][  0]LogUObjectHash: Compacting FUObjectHashTables data took   1.02ms
[2025.09.19-08.14.16:271][  0]Cmd: MAP CHECKDEP NOCLEARLOG
[2025.09.19-08.14.16:271][  0]MapCheck: Map check complete: 0 Error(s), 0 Warning(s), took 0.067ms to complete.
[2025.09.19-08.14.16:271][  0]LogFileHelpers: Loading map 'ThirdPersonExampleMap' took 0.324
[2025.09.19-08.14.16:398][  0]LogSlate: Updating window title bar state: overlay mode, drag disabled, window buttons hidden, title bar hidden
[2025.09.19-08.14.16:402][  0]LogSlate: Updating window title bar state: overlay mode, drag disabled, window buttons hidden, title bar hidden
[2025.09.19-08.14.16:405][  0]LogSlate: Updating window title bar state: overlay mode, drag disabled, window buttons hidden, title bar hidden
[2025.09.19-08.14.16:408][  0]LogSlate: Updating window title bar state: overlay mode, drag disabled, window buttons hidden, title bar hidden
[2025.09.19-08.14.16:412][  0]LogSlate: Updating window title bar state: overlay mode, drag disabled, window buttons hidden, title bar hidden
[2025.09.19-08.14.16:415][  0]LogSlate: Updating window title bar state: overlay mode, drag disabled, window buttons hidden, title bar hidden
[2025.09.19-08.14.16:418][  0]LogSlate: Updating window title bar state: overlay mode, drag disabled, window buttons hidden, title bar hidden
[2025.09.19-08.14.16:420][  0]LogSlate: Updating window title bar state: overlay mode, drag disabled, window buttons hidden, title bar hidden
[2025.09.19-08.14.16:424][  0]LogSlate: Updating window title bar state: overlay mode, drag disabled, window buttons hidden, title bar hidden
[2025.09.19-08.14.16:426][  0]LogSlate: Updating window title bar state: overlay mode, drag disabled, window buttons hidden, title bar hidden
[2025.09.19-08.14.16:429][  0]LogSlate: Updating window title bar state: overlay mode, drag disabled, window buttons hidden, title bar hidden
[2025.09.19-08.14.16:432][  0]LogSlate: Updating window title bar state: overlay mode, drag disabled, window buttons hidden, title bar hidden
[2025.09.19-08.14.16:443][  0]LogCollectionManager: Loaded 0 collections in 0.000743 seconds
[2025.09.19-08.14.16:453][  0]LogFileCache: Scanning file cache for directory 'E:/GameDev/hggjam/GameJamHGGUnreal4.23.1/GameJamCrew/Saved/Collections/' took 0.00s
[2025.09.19-08.14.16:453][  0]LogFileCache: Scanning file cache for directory 'E:/GameDev/hggjam/GameJamHGGUnreal4.23.1/GameJamCrew/Content/Developers/Цветан/Collections/' took 0.00s
[2025.09.19-08.14.16:453][  0]LogFileCache: Scanning file cache for directory 'E:/GameDev/hggjam/GameJamHGGUnreal4.23.1/GameJamCrew/Content/Collections/' took 0.00s
[2025.09.19-08.14.16:453][  0]LogCollectionManager: Rebuilt the GUID cache for 0 collections in 0.000001 seconds
[2025.09.19-08.14.16:459][  0]LogContentBrowser: Native class hierarchy populated in 0.0052 seconds. Added 2863 classes and 680 folders.
[2025.09.19-08.14.16:464][  0]LogContentBrowser: Native class hierarchy updated for 'WidgetCarousel' in 0.0001 seconds. Added 0 classes and 0 folders.
[2025.09.19-08.14.16:672][  0]LogContentBrowser: Native class hierarchy updated for 'AddContentDialog' in 0.0003 seconds. Added 0 classes and 0 folders.
[2025.09.19-08.14.16:680][  0]LogContentBrowser: Native class hierarchy updated for 'SceneOutliner' in 0.0001 seconds. Added 1 classes and 2 folders.
[2025.09.19-08.14.16:707][  0]LogSlate: Took 0.000092 seconds to synchronously load lazily loaded font '../../../Engine/Content/Slate/Fonts/Roboto-Regular.ttf' (155K)
[2025.09.19-08.14.16:707][  0]LogSlate: Took 0.000063 seconds to synchronously load lazily loaded font '../../../Engine/Content/Slate/Fonts/Roboto-Bold.ttf' (160K)
[2025.09.19-08.14.16:715][  0]LogSlate: Took 0.005563 seconds to synchronously load lazily loaded font '../../../Engine/Content/Editor/Slate/Fonts/FontAwesome.ttf' (139K)
[2025.09.19-08.14.16:795][  0]LogRenderer: Reallocating scene render targets to support 1604x692 Format 10 NumSamples 1 (Frame:1).
[2025.09.19-08.14.16:829][  0]LogSlate: Took 0.005708 seconds to synchronously load lazily loaded font '../../../Engine/Content/Slate/Fonts/Roboto-Light.ttf' (167K)
[2025.09.19-08.14.16:855][  0]LogContentBrowser: Native class hierarchy updated for 'HierarchicalLODOutliner' in 0.0002 seconds. Added 0 classes and 0 folders.
[2025.09.19-08.14.16:855][  0]LogLoad: (Engine Initialization) Total time: 3.69 seconds
[2025.09.19-08.14.16:855][  0]LogLoad: (Engine Initialization) Total Blueprint compile time: 0.00 seconds
[2025.09.19-08.14.16:920][  0]LogContentStreaming: Texture pool size now 1000 MB
[2025.09.19-08.14.16:922][  0]LogSlate: FSceneViewport::OnFocusLost() reason 5
[2025.09.19-08.14.16:993][  1]LogAssetRegistry: Asset discovery search completed in 2.2916 seconds
[2025.09.19-08.14.16:994][  1]LogCollectionManager: Rebuilt the object cache for 0 collections in 0.000003 seconds (found 0 objects)
[2025.09.19-08.14.16:994][  1]LogCollectionManager: Fixed up redirectors for 0 collections in 0.000025 seconds (updated 0 objects)
[2025.09.19-08.14.23:085][383]LogSlate: Window 'Message Log' being destroyed
[2025.09.19-08.14.23:090][383]LogSlate: Window 'Message Log' being destroyed
[2025.09.19-08.14.24:094][503]LogSlate: FSceneViewport::OnFocusLost() reason 0
[2025.09.19-08.14.25:629][686]LogSlate: FSceneViewport::OnFocusLost() reason 5
[2025.09.19-08.14.31:679][410]LogSlate: FSceneViewport::OnFocusLost() reason 5
[2025.09.19-08.14.31:697][410]LogSlate: Took 0.000138 seconds to synchronously load lazily loaded font '../../../Engine/Content/Slate/Fonts/Roboto-Light.ttf' (167K)
[2025.09.19-08.14.34:187][705]LogUObjectHash: Compacting FUObjectHashTables data took   0.40ms
[2025.09.19-08.14.34:188][705]Cmd: MAP LOAD FILE="E:/GameDev/hggjam/GameJamHGGUnreal4.23.1/GameJamCrew/Content/Levels/CheeseFactory_001.umap" TEMPLATE=0 SHOWPROGRESS=1 FEATURELEVEL=3
[2025.09.19-08.14.34:200][705]LightingResults: New page: Lighting Build
[2025.09.19-08.14.34:201][705]LoadErrors: New page: Loading map: CheeseFactory_001.umap
[2025.09.19-08.14.34:201][705]LogWorld: UWorld::CleanupWorld for ThirdPersonExampleMap, bSessionEnded=true, bCleanupResources=true
[2025.09.19-08.14.34:201][705]MapCheck: New page: Map Check
[2025.09.19-08.14.34:202][705]LightingResults: New page: Lighting Build
[2025.09.19-08.14.34:222][705]LogUObjectHash: Compacting FUObjectHashTables data took   0.88ms
[2025.09.19-08.14.34:647][705]LogAIModule: Creating AISystem for world CheeseFactory_001
[2025.09.19-08.14.34:655][705]LogEditorServer: Finished looking for orphan Actors (0.000 secs)
[2025.09.19-08.14.34:679][705]LogUObjectHash: Compacting FUObjectHashTables data took   0.80ms
[2025.09.19-08.14.34:694][705]Cmd: MAP CHECKDEP NOCLEARLOG
[2025.09.19-08.14.34:694][705]MapCheck: Map check complete: 0 Error(s), 0 Warning(s), took 0.074ms to complete.
[2025.09.19-08.14.34:694][705]LogFileHelpers: Loading map 'CheeseFactory_001' took 0.508
[2025.09.19-08.14.34:695][705]LogSlate: Window 'Open Level' being destroyed
[2025.09.19-08.14.44:858][920]LogSlate: FSceneViewport::OnFocusLost() reason 0
[2025.09.19-08.14.46:898][164]LogStaticMesh: Building static mesh Cat...
[2025.09.19-08.14.46:950][164]LogStaticMesh: Built static mesh [0.05s] /Game/LevelAssets/Cat.Cat
[2025.09.19-08.14.47:008][169]LogActorFactory: Actor Factory created Cat
[2025.09.19-08.14.47:009][169]LogSlate: FSceneViewport::OnFocusLost() reason 2
[2025.09.19-08.14.47:131][183]LogActorFactory: Actor Factory created Cat
[2025.09.19-08.14.47:132][183]LogSlate: FSceneViewport::OnFocusLost() reason 2
[2025.09.19-08.14.47:580][236]LogActorFactory: Actor Factory created Cat
[2025.09.19-08.15.08:839][776]Cmd: DELETE
[2025.09.19-08.15.08:839][776]Cmd: ACTOR DELETE
[2025.09.19-08.15.08:846][776]LogEditorActor: Deleted Actor: StaticMeshActor
[2025.09.19-08.15.08:866][776]LogUObjectHash: Compacting FUObjectHashTables data took   0.79ms
[2025.09.19-08.15.08:866][776]LogEditorActor: Deleted 1 Actors (0.024 secs)
[2025.09.19-08.15.15:885][618]LogSlate: FSceneViewport::OnFocusLost() reason 0
[2025.09.19-08.15.16:853][734]LogEditorSessionSummary: EditorSessionSummary sent report. Type=Shutdown, SessionId={8BF69F24-4C94-E79C-127F-7A9709B9F4B6}
[2025.09.19-08.16.41:420][100]LogFactory: FactoryCreateFile: Texture with ReimportTextureFactory (0 0 E:\GameDev\hggjam\KlixXsrc\materials\bricks/brick02/brick02_color.tga)
[2025.09.19-08.16.41:423][100]LogTexture: Display: Building textures: brick02_color (AutoDXT, 512X512)
[2025.09.19-08.16.41:454][100]LogFactory: FactoryCreateFile: Texture with ReimportTextureFactory (0 0 E:\GameDev\hggjam\KlixXsrc\materials\bricks/brick02/brick02_mixed.tga)
[2025.09.19-08.16.41:455][100]LogTexture: Display: Building textures: brick02_mixed (AutoDXT, 256X256)
[2025.09.19-08.16.41:473][100]LogFactory: FactoryCreateFile: Texture with ReimportTextureFactory (0 0 E:\GameDev\hggjam\KlixXsrc\materials\bricks/brick02/brick02_normal.tga)
[2025.09.19-08.16.41:479][100]LogTexture: Display: Building textures: brick02_normal (BC5, 512X512)
[2025.09.19-08.16.41:490][100]LogFactory: FactoryCreateFile: Texture with ReimportTextureFactory (0 0 E:\GameDev\hggjam\KlixXsrc\materials\metal/metal_panels/metal_panels_corrugated02_color.tga)
[2025.09.19-08.16.41:492][100]LogTexture: Display: Building textures: metal_panels_corrugated02_color (AutoDXT, 512X512)
[2025.09.19-08.16.41:518][100]LogFactory: FactoryCreateFile: Texture with ReimportTextureFactory (0 0 E:\GameDev\hggjam\KlixXsrc\materials\metal/metal_panels/metal_panels_corrugated02_mixed.tga)
[2025.09.19-08.16.41:519][100]LogTexture: Display: Building textures: metal_panels_corrugated02_mixed (AutoDXT, 256X256)
[2025.09.19-08.16.41:540][100]LogFactory: FactoryCreateFile: Texture with ReimportTextureFactory (0 0 E:\GameDev\hggjam\KlixXsrc\materials\metal/metal_panels/metal_panels_corrugated02_normal.tga)
[2025.09.19-08.16.41:546][100]LogTexture: Display: Building textures: metal_panels_corrugated02_normal (BC5, 512X512)
[2025.09.19-08.16.41:558][100]LogFactory: FactoryCreateFile: Texture with ReimportTextureFactory (0 0 E:\GameDev\hggjam\KlixXsrc\materials\metal/metal_trimsheet01/metal_trimsheet01_color.tga)
[2025.09.19-08.16.41:560][100]LogTexture: Display: Building textures: metal_trimsheet01_color (AutoDXT, 512X512)
[2025.09.19-08.16.41:591][100]LogFactory: FactoryCreateFile: Texture with ReimportTextureFactory (0 0 E:\GameDev\hggjam\KlixXsrc\materials\metal/metal_trimsheet01/metal_trimsheet01_mixed.tga)
[2025.09.19-08.16.41:592][100]LogTexture: Display: Building textures: metal_trimsheet01_mixed (AutoDXT, 256X256)
[2025.09.19-08.16.41:621][100]LogFactory: FactoryCreateFile: Texture with ReimportTextureFactory (0 0 E:\GameDev\hggjam\KlixXsrc\materials\metal/metal_trimsheet01/metal_trimsheet01_normal.tga)
[2025.09.19-08.16.41:626][100]LogTexture: Display: Building textures: metal_trimsheet01_normal (BC5, 512X512)
[2025.09.19-08.16.41:641][100]LogFactory: FactoryCreateFile: Texture with ReimportTextureFactory (0 0 E:\GameDev\hggjam\KlixXsrc\materials\tiles/tile01/tiles01_color.tga)
[2025.09.19-08.16.41:643][100]LogTexture: Display: Building textures: tiles01_color (AutoDXT, 512X512)
[2025.09.19-08.16.41:674][100]LogFactory: FactoryCreateFile: Texture with ReimportTextureFactory (0 0 E:\GameDev\hggjam\KlixXsrc\materials\tiles/tile01/tiles01_mixed.tga)
[2025.09.19-08.16.41:675][100]LogTexture: Display: Building textures: tiles01_mixed (AutoDXT, 256X256)
[2025.09.19-08.16.41:718][100]LogFactory: FactoryCreateFile: Texture with ReimportTextureFactory (0 0 E:\GameDev\hggjam\KlixXsrc\materials\tiles/tile01/tiles01_normal.tga)
[2025.09.19-08.16.41:722][100]LogTexture: Display: Building textures: tiles01_normal (BC5, 512X512)
[2025.09.19-08.16.41:745][100]LogFactory: FactoryCreateFile: Texture with ReimportTextureFactory (0 0 E:\GameDev\hggjam\KlixXsrc\materials\wood/wood04/wood04_color.tga)
[2025.09.19-08.16.41:748][100]LogTexture: Display: Building textures: wood04_color (AutoDXT, 512X512)
[2025.09.19-08.16.41:786][100]LogFactory: FactoryCreateFile: Texture with ReimportTextureFactory (0 0 E:\GameDev\hggjam\KlixXsrc\materials\wood/wood04/wood04_mixed.tga)
[2025.09.19-08.16.41:788][100]LogTexture: Display: Building textures: wood04_mixed (AutoDXT, 256X256)
[2025.09.19-08.16.41:826][100]LogFactory: FactoryCreateFile: Texture with ReimportTextureFactory (0 0 E:\GameDev\hggjam\KlixXsrc\materials\wood/wood04/wood04_normal.tga)
[2025.09.19-08.16.41:831][100]LogTexture: Display: Building textures: wood04_normal (BC5, 512X512)
[2025.09.19-08.16.41:862][100]LogFactory: FactoryCreateFile: Texture with ReimportTextureFactory (0 0 E:\GameDev\hggjam\KlixXsrc\materials\wood/wood_siding01/wood_siding01_color.tga)
[2025.09.19-08.16.41:863][100]LogTexture: Display: Building textures: wood_siding01_color (AutoDXT, 512X512)
[2025.09.19-08.16.41:912][100]LogFactory: FactoryCreateFile: Texture with ReimportTextureFactory (0 0 E:\GameDev\hggjam\KlixXsrc\materials\wood/wood_siding01/wood_siding01_mixed.tga)
[2025.09.19-08.16.41:912][100]LogTexture: Display: Building textures: wood_siding01_mixed (AutoDXT, 256X256)
[2025.09.19-08.16.41:957][100]LogFactory: FactoryCreateFile: Texture with ReimportTextureFactory (0 0 E:\GameDev\hggjam\KlixXsrc\materials\wood/wood_siding01/wood_siding01_normal.tga)
[2025.09.19-08.16.41:964][100]LogTexture: Display: Building textures: wood_siding01_normal (BC5, 512X512)
[2025.09.19-08.16.42:002][100]LogFactory: FactoryCreateFile: Texture with ReimportTextureFactory (0 0 E:\GameDev\hggjam\KlixXsrc\materials\wood/wood_trimsheet02/wood_trimsheet02_color.tga)
[2025.09.19-08.16.42:003][100]LogTexture: Display: Building textures: wood_trimsheet02_color (AutoDXT, 512X256)
[2025.09.19-08.16.42:051][100]LogFactory: FactoryCreateFile: Texture with ReimportTextureFactory (0 0 E:\GameDev\hggjam\KlixXsrc\materials\wood/wood_trimsheet02/wood_trimsheet02_mixed.tga)
[2025.09.19-08.16.42:051][100]LogTexture: Display: Building textures: wood_trimsheet02_mixed (AutoDXT, 256X128)
[2025.09.19-08.16.42:093][100]LogFactory: FactoryCreateFile: Texture with ReimportTextureFactory (0 0 E:\GameDev\hggjam\KlixXsrc\materials\wood/wood_trimsheet02/wood_trimsheet02_normal.tga)
[2025.09.19-08.16.42:099][100]LogTexture: Display: Building textures: wood_trimsheet02_normal (BC5, 512X256)
[2025.09.19-08.16.50:187][241]LogSlate: FSceneViewport::OnFocusLost() reason 0
[2025.09.19-08.17.01:103][534]LogAssetEditorManager: Opening Asset editor for Material /Game/LevelAssets/Materials/bricks/brick02/M_brick02.M_brick02
[2025.09.19-08.17.01:105][534]LogMaterial: Display: Missing cached shader map for material M_brick02, compiling. 
[2025.09.19-08.17.01:291][534]LogMaterial: Display: Missing cached shader map for material M_brick02, compiling. 
[2025.09.19-08.17.01:300][534]LogMaterial: Display: Missing cached shader map for material M_brick02, compiling. 
[2025.09.19-08.17.01:310][534]LogShaderCompilers: Display: Worker (1/13): shaders left to compile 21
[2025.09.19-08.17.01:310][534]LogShaderCompilers: Display: Worker (2/13): shaders left to compile 20
[2025.09.19-08.17.01:310][534]LogShaderCompilers: Display: Worker (3/13): shaders left to compile 19
[2025.09.19-08.17.01:310][534]LogShaderCompilers: Display: Worker (4/13): shaders left to compile 18
[2025.09.19-08.17.01:310][534]LogShaderCompilers: Display: Worker (5/13): shaders left to compile 17
[2025.09.19-08.17.01:310][534]LogShaderCompilers: Display: Worker (6/13): shaders left to compile 16
[2025.09.19-08.17.01:310][534]LogShaderCompilers: Display: Worker (7/13): shaders left to compile 15
[2025.09.19-08.17.01:310][534]LogShaderCompilers: Display: Worker (8/13): shaders left to compile 14
[2025.09.19-08.17.01:310][534]LogShaderCompilers: Display: Worker (9/13): shaders left to compile 13
[2025.09.19-08.17.01:310][534]LogShaderCompilers: Display: Worker (10/13): shaders left to compile 12
[2025.09.19-08.17.01:310][534]LogShaderCompilers: Display: Worker (11/13): shaders left to compile 11
[2025.09.19-08.17.01:310][534]LogShaderCompilers: Display: Worker (12/13): shaders left to compile 10
[2025.09.19-08.17.01:333][534]LogSlate: Took 0.004791 seconds to synchronously load lazily loaded font '../../../Engine/Content/Slate/Fonts/Roboto-BoldCondensed.ttf' (158K)
[2025.09.19-08.17.01:615][552]LogShaderCompilers: Display: Worker (8/13): shaders left to compile 9
[2025.09.19-08.17.01:663][555]LogShaderCompilers: Display: Worker (3/13): shaders left to compile 8
[2025.09.19-08.17.01:663][555]LogShaderCompilers: Display: Worker (4/13): shaders left to compile 7
[2025.09.19-08.17.01:663][555]LogShaderCompilers: Display: Worker (7/13): shaders left to compile 6
[2025.09.19-08.17.01:663][555]LogShaderCompilers: Display: Worker (9/13): shaders left to compile 5
[2025.09.19-08.17.01:672][556]LogShaderCompilers: Display: Worker (1/13): shaders left to compile 4
[2025.09.19-08.17.01:672][556]LogShaderCompilers: Display: Worker (2/13): shaders left to compile 3
[2025.09.19-08.17.01:672][556]LogShaderCompilers: Display: Worker (12/13): shaders left to compile 2
[2025.09.19-08.17.01:684][557]LogShaderCompilers: Display: Worker (6/13): shaders left to compile 1
[2025.09.19-08.17.01:924][579]MaterialEditorStats: Base pass shader: 117 instructions
[2025.09.19-08.17.01:924][579]MaterialEditorStats: Base pass shader with Volumetric Lightmap: 191 instructions
[2025.09.19-08.17.01:924][579]MaterialEditorStats: Base pass vertex shader: 40 instructions
[2025.09.19-08.17.01:924][579]MaterialEditorStats: Texture samplers: 3/16
[2025.09.19-08.17.05:759][ 36]LogMaterial: Display: Missing cached shader map for material M_brick02, compiling. 
[2025.09.19-08.17.05:767][ 36]LogMaterial: Display: Missing cached shader map for material FMatExpressionPreview MaterialExpressionTextureSample_0, compiling. 
[2025.09.19-08.17.05:776][ 36]LogShaderCompilers: Display: Worker (1/13): shaders left to compile 25
[2025.09.19-08.17.05:776][ 36]LogShaderCompilers: Display: Worker (2/13): shaders left to compile 24
[2025.09.19-08.17.05:776][ 36]LogShaderCompilers: Display: Worker (3/13): shaders left to compile 23
[2025.09.19-08.17.05:776][ 36]LogShaderCompilers: Display: Worker (4/13): shaders left to compile 22
[2025.09.19-08.17.05:776][ 36]LogShaderCompilers: Display: Worker (5/13): shaders left to compile 21
[2025.09.19-08.17.05:776][ 36]LogShaderCompilers: Display: Worker (6/13): shaders left to compile 20
[2025.09.19-08.17.05:776][ 36]LogShaderCompilers: Display: Worker (7/13): shaders left to compile 19
[2025.09.19-08.17.05:776][ 36]LogShaderCompilers: Display: Worker (8/13): shaders left to compile 18
[2025.09.19-08.17.05:776][ 36]LogShaderCompilers: Display: Worker (9/13): shaders left to compile 17
[2025.09.19-08.17.05:776][ 36]LogShaderCompilers: Display: Worker (10/13): shaders left to compile 16
[2025.09.19-08.17.05:776][ 36]LogShaderCompilers: Display: Worker (11/13): shaders left to compile 15
[2025.09.19-08.17.05:776][ 36]LogShaderCompilers: Display: Worker (12/13): shaders left to compile 14
[2025.09.19-08.17.05:780][ 36]LogMaterial: Display: Missing cached shader map for material FMatExpressionPreview MaterialExpressionTextureSample_0, compiling. 
[2025.09.19-08.17.05:789][ 36]LogMaterial: Display: Missing cached shader map for material M_brick02, compiling. 
[2025.09.19-08.17.05:801][ 36]LogMaterial: Display: Missing cached shader map for material FMatExpressionPreview MaterialExpressionTextureSample_1, compiling. 
[2025.09.19-08.17.05:817][ 36]LogMaterial: Display: Missing cached shader map for material FMatExpressionPreview MaterialExpressionTextureSample_0, compiling. 
[2025.09.19-08.17.05:822][ 36]LogMaterial: Display: Missing cached shader map for material FMatExpressionPreview MaterialExpressionTextureSample_1, compiling. 
[2025.09.19-08.17.05:834][ 36]LogMaterial: Display: Missing cached shader map for material M_brick02, compiling. 
[2025.09.19-08.17.05:847][ 36]LogMaterial: Display: Missing cached shader map for material FMatExpressionPreview MaterialExpressionTextureSample_2, compiling. 
[2025.09.19-08.17.05:856][ 36]LogShaderCompilers: Display: Worker (8/13): shaders left to compile 29
[2025.09.19-08.17.05:861][ 36]LogMaterial: Display: Missing cached shader map for material FMatExpressionPreview MaterialExpressionTextureSample_0, compiling. 
[2025.09.19-08.17.05:867][ 36]LogMaterial: Display: Missing cached shader map for material FMatExpressionPreview MaterialExpressionTextureSample_1, compiling. 
[2025.09.19-08.17.05:872][ 36]LogMaterial: Display: Missing cached shader map for material FMatExpressionPreview MaterialExpressionTextureSample_2, compiling. 
[2025.09.19-08.17.05:911][ 37]LogShaderCompilers: Display: Worker (9/13): shaders left to compile 33
[2025.09.19-08.17.05:912][ 37]LogShaderCompilers: Display: Worker (3/13): shaders left to compile 32
[2025.09.19-08.17.05:930][ 38]LogShaderCompilers: Display: Worker (2/13): shaders left to compile 31
[2025.09.19-08.17.05:930][ 38]LogShaderCompilers: Display: Worker (1/13): shaders left to compile 30
[2025.09.19-08.17.05:930][ 38]LogShaderCompilers: Display: Worker (4/13): shaders left to compile 29
[2025.09.19-08.17.05:930][ 38]LogShaderCompilers: Display: Worker (5/13): shaders left to compile 28
[2025.09.19-08.17.05:930][ 38]LogShaderCompilers: Display: Worker (7/13): shaders left to compile 27
[2025.09.19-08.17.05:940][ 39]LogShaderCompilers: Display: Worker (6/13): shaders left to compile 26
[2025.09.19-08.17.05:950][ 40]LogShaderCompilers: Display: Worker (12/13): shaders left to compile 25
[2025.09.19-08.17.06:017][ 46]LogShaderCompilers: Display: Worker (6/13): shaders left to compile 24
[2025.09.19-08.17.06:049][ 49]LogShaderCompilers: Display: Worker (10/13): shaders left to compile 23
[2025.09.19-08.17.06:061][ 50]LogShaderCompilers: Display: Worker (11/13): shaders left to compile 22
[2025.09.19-08.17.06:070][ 51]LogShaderCompilers: Display: Worker (2/13): shaders left to compile 21
[2025.09.19-08.17.06:070][ 51]LogShaderCompilers: Display: Worker (3/13): shaders left to compile 20
[2025.09.19-08.17.06:081][ 52]LogShaderCompilers: Display: Worker (9/13): shaders left to compile 19
[2025.09.19-08.17.06:081][ 52]LogShaderCompilers: Display: Worker (4/13): shaders left to compile 18
[2025.09.19-08.17.06:081][ 52]LogShaderCompilers: Display: Worker (1/13): shaders left to compile 17
[2025.09.19-08.17.06:090][ 53]LogShaderCompilers: Display: Worker (5/13): shaders left to compile 16
[2025.09.19-08.17.06:099][ 54]LogShaderCompilers: Display: Worker (8/13): shaders left to compile 15
[2025.09.19-08.17.06:099][ 54]LogShaderCompilers: Display: Worker (12/13): shaders left to compile 14
[2025.09.19-08.17.06:099][ 54]LogShaderCompilers: Display: Worker (7/13): shaders left to compile 13
[2025.09.19-08.17.06:236][ 63]LogShaderCompilers: Display: Worker (11/13): shaders left to compile 12
[2025.09.19-08.17.06:292][ 66]LogShaderCompilers: Display: Worker (9/13): shaders left to compile 11
[2025.09.19-08.17.06:292][ 66]LogShaderCompilers: Display: Worker (5/13): shaders left to compile 10
[2025.09.19-08.17.06:306][ 67]LogShaderCompilers: Display: Worker (7/13): shaders left to compile 9
[2025.09.19-08.17.06:344][ 70]LogShaderCompilers: Display: Worker (6/13): shaders left to compile 8
[2025.09.19-08.17.06:370][ 72]LogShaderCompilers: Display: Worker (10/13): shaders left to compile 7
[2025.09.19-08.17.06:370][ 72]LogShaderCompilers: Display: Worker (8/13): shaders left to compile 6
[2025.09.19-08.17.06:384][ 73]LogShaderCompilers: Display: Worker (2/13): shaders left to compile 5
[2025.09.19-08.17.06:384][ 73]LogShaderCompilers: Display: Worker (12/13): shaders left to compile 4
[2025.09.19-08.17.06:397][ 74]LogShaderCompilers: Display: Worker (4/13): shaders left to compile 3
[2025.09.19-08.17.06:397][ 74]LogShaderCompilers: Display: Worker (3/13): shaders left to compile 2
[2025.09.19-08.17.06:422][ 76]LogShaderCompilers: Display: Worker (1/13): shaders left to compile 1
[2025.09.19-08.17.06:442][ 77]MaterialEditorStats: Base pass shader: 117 instructions
[2025.09.19-08.17.06:442][ 77]MaterialEditorStats: Base pass shader with Volumetric Lightmap: 191 instructions
[2025.09.19-08.17.06:442][ 77]MaterialEditorStats: Base pass vertex shader: 40 instructions
[2025.09.19-08.17.06:442][ 77]MaterialEditorStats: Texture samplers: 3/16
[2025.09.19-08.17.17:800][435]LogMaterial: Display: Missing cached shader map for material M_brick02, compiling. 
[2025.09.19-08.17.17:812][435]LogShaderCompilers: Display: Worker (1/13): shaders left to compile 21
[2025.09.19-08.17.17:812][435]LogShaderCompilers: Display: Worker (2/13): shaders left to compile 20
[2025.09.19-08.17.17:812][435]LogShaderCompilers: Display: Worker (3/13): shaders left to compile 19
[2025.09.19-08.17.17:812][435]LogShaderCompilers: Display: Worker (4/13): shaders left to compile 18
[2025.09.19-08.17.17:812][435]LogShaderCompilers: Display: Worker (5/13): shaders left to compile 17
[2025.09.19-08.17.17:812][435]LogShaderCompilers: Display: Worker (6/13): shaders left to compile 16
[2025.09.19-08.17.17:812][435]LogShaderCompilers: Display: Worker (7/13): shaders left to compile 15
[2025.09.19-08.17.17:812][435]LogShaderCompilers: Display: Worker (8/13): shaders left to compile 14
[2025.09.19-08.17.17:812][435]LogShaderCompilers: Display: Worker (9/13): shaders left to compile 13
[2025.09.19-08.17.17:812][435]LogShaderCompilers: Display: Worker (10/13): shaders left to compile 12
[2025.09.19-08.17.17:812][435]LogShaderCompilers: Display: Worker (11/13): shaders left to compile 11
[2025.09.19-08.17.17:812][435]LogShaderCompilers: Display: Worker (12/13): shaders left to compile 10
[2025.09.19-08.17.17:815][435]LogMaterial: Display: Missing cached shader map for material FMatExpressionPreview MaterialExpressionTextureSample_1, compiling. 
[2025.09.19-08.17.17:919][442]LogShaderCompilers: Display: Worker (8/13): shaders left to compile 13
[2025.09.19-08.17.17:980][447]LogShaderCompilers: Display: Worker (9/13): shaders left to compile 12
[2025.09.19-08.17.17:980][447]LogShaderCompilers: Display: Worker (1/13): shaders left to compile 11
[2025.09.19-08.17.17:980][447]LogShaderCompilers: Display: Worker (2/13): shaders left to compile 10
[2025.09.19-08.17.17:980][447]LogShaderCompilers: Display: Worker (3/13): shaders left to compile 9
[2025.09.19-08.17.17:980][447]LogShaderCompilers: Display: Worker (7/13): shaders left to compile 8
[2025.09.19-08.17.17:992][448]LogShaderCompilers: Display: Worker (4/13): shaders left to compile 7
[2025.09.19-08.17.17:992][448]LogShaderCompilers: Display: Worker (5/13): shaders left to compile 6
[2025.09.19-08.17.17:992][448]LogShaderCompilers: Display: Worker (6/13): shaders left to compile 5
[2025.09.19-08.17.17:992][448]LogShaderCompilers: Display: Worker (12/13): shaders left to compile 4
[2025.09.19-08.17.18:124][457]LogShaderCompilers: Display: Worker (10/13): shaders left to compile 3
[2025.09.19-08.17.18:124][457]LogShaderCompilers: Display: Worker (11/13): shaders left to compile 2
[2025.09.19-08.17.18:180][461]LogShaderCompilers: Display: Worker (8/13): shaders left to compile 1
[2025.09.19-08.17.18:278][470]MaterialEditorStats: Base pass shader: 120 instructions
[2025.09.19-08.17.18:278][470]MaterialEditorStats: Base pass shader with Volumetric Lightmap: 194 instructions
[2025.09.19-08.17.18:278][470]MaterialEditorStats: Base pass vertex shader: 44 instructions
[2025.09.19-08.17.18:278][470]MaterialEditorStats: Texture samplers: 4/16
[2025.09.19-08.17.18:278][470]MaterialEditorStats: Texture Lookups (Est.): VS(0), PS(1)
[2025.09.19-08.17.18:278][470]MaterialEditorStats: User interpolators: 2/4 Scalars (1/4 Vectors) (TexCoords: 2, Custom: 0)
[2025.09.19-08.17.20:351][717]LogMaterial: Display: Missing cached shader map for material M_brick02, compiling. 
[2025.09.19-08.17.20:364][717]LogShaderCompilers: Display: Worker (1/13): shaders left to compile 21
[2025.09.19-08.17.20:364][717]LogShaderCompilers: Display: Worker (2/13): shaders left to compile 20
[2025.09.19-08.17.20:364][717]LogShaderCompilers: Display: Worker (3/13): shaders left to compile 19
[2025.09.19-08.17.20:364][717]LogShaderCompilers: Display: Worker (4/13): shaders left to compile 18
[2025.09.19-08.17.20:364][717]LogShaderCompilers: Display: Worker (5/13): shaders left to compile 17
[2025.09.19-08.17.20:364][717]LogShaderCompilers: Display: Worker (6/13): shaders left to compile 16
[2025.09.19-08.17.20:364][717]LogShaderCompilers: Display: Worker (7/13): shaders left to compile 15
[2025.09.19-08.17.20:364][717]LogShaderCompilers: Display: Worker (8/13): shaders left to compile 14
[2025.09.19-08.17.20:364][717]LogShaderCompilers: Display: Worker (9/13): shaders left to compile 13
[2025.09.19-08.17.20:364][717]LogShaderCompilers: Display: Worker (10/13): shaders left to compile 12
[2025.09.19-08.17.20:364][717]LogShaderCompilers: Display: Worker (11/13): shaders left to compile 11
[2025.09.19-08.17.20:364][717]LogShaderCompilers: Display: Worker (12/13): shaders left to compile 10
[2025.09.19-08.17.20:364][717]LogMaterial: Display: Missing cached shader map for material FMatExpressionPreview MaterialExpressionTextureSample_2, compiling. 
[2025.09.19-08.17.20:477][725]LogShaderCompilers: Display: Worker (8/13): shaders left to compile 13
[2025.09.19-08.17.20:537][730]LogShaderCompilers: Display: Worker (1/13): shaders left to compile 12
[2025.09.19-08.17.20:537][730]LogShaderCompilers: Display: Worker (2/13): shaders left to compile 11
[2025.09.19-08.17.20:537][730]LogShaderCompilers: Display: Worker (3/13): shaders left to compile 10
[2025.09.19-08.17.20:537][730]LogShaderCompilers: Display: Worker (4/13): shaders left to compile 9
[2025.09.19-08.17.20:537][730]LogShaderCompilers: Display: Worker (5/13): shaders left to compile 8
[2025.09.19-08.17.20:537][730]LogShaderCompilers: Display: Worker (6/13): shaders left to compile 7
[2025.09.19-08.17.20:537][730]LogShaderCompilers: Display: Worker (7/13): shaders left to compile 6
[2025.09.19-08.17.20:537][730]LogShaderCompilers: Display: Worker (9/13): shaders left to compile 5
[2025.09.19-08.17.20:555][731]LogShaderCompilers: Display: Worker (12/13): shaders left to compile 4
[2025.09.19-08.17.20:672][738]LogShaderCompilers: Display: Worker (10/13): shaders left to compile 3
[2025.09.19-08.17.20:672][738]LogShaderCompilers: Display: Worker (11/13): shaders left to compile 2
[2025.09.19-08.17.20:728][742]LogShaderCompilers: Display: Worker (8/13): shaders left to compile 1
[2025.09.19-08.17.20:829][751]MaterialEditorStats: Base pass shader: 126 instructions
[2025.09.19-08.17.20:829][751]MaterialEditorStats: Base pass shader with Volumetric Lightmap: 200 instructions
[2025.09.19-08.17.20:829][751]MaterialEditorStats: Base pass vertex shader: 44 instructions
[2025.09.19-08.17.20:829][751]MaterialEditorStats: Texture samplers: 5/16
[2025.09.19-08.17.20:829][751]MaterialEditorStats: Texture Lookups (Est.): VS(0), PS(2)
[2025.09.19-08.17.20:829][751]MaterialEditorStats: User interpolators: 2/4 Scalars (1/4 Vectors) (TexCoords: 2, Custom: 0)
[2025.09.19-08.17.27:728][577]LogSlate: FSceneViewport::OnFocusLost() reason 0
[2025.09.19-08.17.35:178][468]LogMaterial: Display: Missing cached shader map for material M_brick02, compiling. 
[2025.09.19-08.17.35:191][468]LogShaderCompilers: Display: Worker (1/13): shaders left to compile 21
[2025.09.19-08.17.35:191][468]LogShaderCompilers: Display: Worker (2/13): shaders left to compile 20
[2025.09.19-08.17.35:191][468]LogShaderCompilers: Display: Worker (3/13): shaders left to compile 19
[2025.09.19-08.17.35:191][468]LogShaderCompilers: Display: Worker (4/13): shaders left to compile 18
[2025.09.19-08.17.35:191][468]LogShaderCompilers: Display: Worker (5/13): shaders left to compile 17
[2025.09.19-08.17.35:191][468]LogShaderCompilers: Display: Worker (6/13): shaders left to compile 16
[2025.09.19-08.17.35:191][468]LogShaderCompilers: Display: Worker (7/13): shaders left to compile 15
[2025.09.19-08.17.35:191][468]LogShaderCompilers: Display: Worker (8/13): shaders left to compile 14
[2025.09.19-08.17.35:191][468]LogShaderCompilers: Display: Worker (9/13): shaders left to compile 13
[2025.09.19-08.17.35:191][468]LogShaderCompilers: Display: Worker (10/13): shaders left to compile 12
[2025.09.19-08.17.35:191][468]LogShaderCompilers: Display: Worker (11/13): shaders left to compile 11
[2025.09.19-08.17.35:191][468]LogShaderCompilers: Display: Worker (12/13): shaders left to compile 10
[2025.09.19-08.17.35:194][468]LogMaterial: Display: Missing cached shader map for material FMatExpressionPreview MaterialExpressionTextureSample_0, compiling. 
[2025.09.19-08.17.35:268][473]LogShaderCompilers: Display: Worker (8/13): shaders left to compile 13
[2025.09.19-08.17.35:337][478]LogShaderCompilers: Display: Worker (9/13): shaders left to compile 12
[2025.09.19-08.17.35:349][479]LogShaderCompilers: Display: Worker (3/13): shaders left to compile 11
[2025.09.19-08.17.35:349][479]LogShaderCompilers: Display: Worker (7/13): shaders left to compile 10
[2025.09.19-08.17.35:349][479]LogShaderCompilers: Display: Worker (1/13): shaders left to compile 9
[2025.09.19-08.17.35:349][479]LogShaderCompilers: Display: Worker (2/13): shaders left to compile 8
[2025.09.19-08.17.35:360][480]LogShaderCompilers: Display: Worker (4/13): shaders left to compile 7
[2025.09.19-08.17.35:360][480]LogShaderCompilers: Display: Worker (5/13): shaders left to compile 6
[2025.09.19-08.17.35:360][480]LogShaderCompilers: Display: Worker (6/13): shaders left to compile 5
[2025.09.19-08.17.35:360][480]LogShaderCompilers: Display: Worker (12/13): shaders left to compile 4
[2025.09.19-08.17.35:481][489]LogShaderCompilers: Display: Worker (10/13): shaders left to compile 3
[2025.09.19-08.17.35:514][491]LogShaderCompilers: Display: Worker (11/13): shaders left to compile 2
[2025.09.19-08.17.35:538][493]LogShaderCompilers: Display: Worker (2/13): shaders left to compile 1
[2025.09.19-08.17.35:660][503]MaterialEditorStats: Base pass shader: 126 instructions
[2025.09.19-08.17.35:660][503]MaterialEditorStats: Base pass shader with Volumetric Lightmap: 204 instructions
[2025.09.19-08.17.35:660][503]MaterialEditorStats: Base pass vertex shader: 44 instructions
[2025.09.19-08.17.35:660][503]MaterialEditorStats: Texture samplers: 6/16
[2025.09.19-08.17.35:660][503]MaterialEditorStats: Texture Lookups (Est.): VS(0), PS(3)
[2025.09.19-08.17.35:660][503]MaterialEditorStats: User interpolators: 2/4 Scalars (1/4 Vectors) (TexCoords: 2, Custom: 0)
[2025.09.19-08.17.37:075][672]LogMaterial: Display: Missing cached shader map for material M_brick02, compiling. 
[2025.09.19-08.17.37:084][672]LogMaterial: Display: Missing cached shader map for material FMatExpressionPreview MaterialExpressionTextureSample_0, compiling. 
[2025.09.19-08.17.37:096][673]LogShaderCompilers: Display: Worker (1/13): shaders left to compile 25
[2025.09.19-08.17.37:096][673]LogShaderCompilers: Display: Worker (2/13): shaders left to compile 24
[2025.09.19-08.17.37:096][673]LogShaderCompilers: Display: Worker (3/13): shaders left to compile 23
[2025.09.19-08.17.37:096][673]LogShaderCompilers: Display: Worker (4/13): shaders left to compile 22
[2025.09.19-08.17.37:096][673]LogShaderCompilers: Display: Worker (5/13): shaders left to compile 21
[2025.09.19-08.17.37:096][673]LogShaderCompilers: Display: Worker (6/13): shaders left to compile 20
[2025.09.19-08.17.37:096][673]LogShaderCompilers: Display: Worker (7/13): shaders left to compile 19
[2025.09.19-08.17.37:096][673]LogShaderCompilers: Display: Worker (8/13): shaders left to compile 18
[2025.09.19-08.17.37:096][673]LogShaderCompilers: Display: Worker (9/13): shaders left to compile 17
[2025.09.19-08.17.37:096][673]LogShaderCompilers: Display: Worker (10/13): shaders left to compile 16
[2025.09.19-08.17.37:096][673]LogShaderCompilers: Display: Worker (11/13): shaders left to compile 15
[2025.09.19-08.17.37:096][673]LogShaderCompilers: Display: Worker (12/13): shaders left to compile 14
[2025.09.19-08.17.37:176][681]LogShaderCompilers: Display: Worker (8/13): shaders left to compile 13
[2025.09.19-08.17.37:249][684]LogShaderCompilers: Display: Worker (3/13): shaders left to compile 12
[2025.09.19-08.17.37:249][684]LogShaderCompilers: Display: Worker (9/13): shaders left to compile 11
[2025.09.19-08.17.37:249][684]LogShaderCompilers: Display: Worker (2/13): shaders left to compile 10
[2025.09.19-08.17.37:249][684]LogShaderCompilers: Display: Worker (6/13): shaders left to compile 9
[2025.09.19-08.17.37:249][684]LogShaderCompilers: Display: Worker (1/13): shaders left to compile 8
[2025.09.19-08.17.37:253][685]LogShaderCompilers: Display: Worker (7/13): shaders left to compile 7
[2025.09.19-08.17.37:268][686]LogShaderCompilers: Display: Worker (4/13): shaders left to compile 6
[2025.09.19-08.17.37:268][686]LogShaderCompilers: Display: Worker (5/13): shaders left to compile 5
[2025.09.19-08.17.37:280][687]LogShaderCompilers: Display: Worker (12/13): shaders left to compile 4
[2025.09.19-08.17.37:398][695]LogShaderCompilers: Display: Worker (10/13): shaders left to compile 3
[2025.09.19-08.17.37:398][695]LogShaderCompilers: Display: Worker (11/13): shaders left to compile 2
[2025.09.19-08.17.37:425][696]LogShaderCompilers: Display: Worker (1/13): shaders left to compile 1
[2025.09.19-08.17.37:539][706]MaterialEditorStats: Base pass shader: 128 instructions
[2025.09.19-08.17.37:539][706]MaterialEditorStats: Base pass shader with Volumetric Lightmap: 204 instructions
[2025.09.19-08.17.37:539][706]MaterialEditorStats: Base pass vertex shader: 44 instructions
[2025.09.19-08.17.37:539][706]MaterialEditorStats: Texture samplers: 6/16
[2025.09.19-08.17.37:539][706]MaterialEditorStats: Texture Lookups (Est.): VS(0), PS(3)
[2025.09.19-08.17.37:539][706]MaterialEditorStats: User interpolators: 2/4 Scalars (1/4 Vectors) (TexCoords: 2, Custom: 0)
[2025.09.19-08.17.45:068][608]LogMaterialEditor: Saving and Compiling material M_brick02
[2025.09.19-08.17.45:232][608]LogMaterial: Display: Missing cached shader map for material M_brick02, compiling. 
[2025.09.19-08.17.45:259][608]LogShaderCompilers: Display: Worker (1/13): shaders left to compile 21
[2025.09.19-08.17.45:259][608]LogShaderCompilers: Display: Worker (2/13): shaders left to compile 20
[2025.09.19-08.17.45:259][608]LogShaderCompilers: Display: Worker (3/13): shaders left to compile 19
[2025.09.19-08.17.45:259][608]LogShaderCompilers: Display: Worker (4/13): shaders left to compile 18
[2025.09.19-08.17.45:259][608]LogShaderCompilers: Display: Worker (5/13): shaders left to compile 17
[2025.09.19-08.17.45:259][608]LogShaderCompilers: Display: Worker (6/13): shaders left to compile 16
[2025.09.19-08.17.45:259][608]LogShaderCompilers: Display: Worker (7/13): shaders left to compile 15
[2025.09.19-08.17.45:259][608]LogShaderCompilers: Display: Worker (8/13): shaders left to compile 14
[2025.09.19-08.17.45:259][608]LogShaderCompilers: Display: Worker (9/13): shaders left to compile 13
[2025.09.19-08.17.45:259][608]LogShaderCompilers: Display: Worker (10/13): shaders left to compile 12
[2025.09.19-08.17.45:259][608]LogShaderCompilers: Display: Worker (11/13): shaders left to compile 11
[2025.09.19-08.17.45:259][608]LogShaderCompilers: Display: Worker (12/13): shaders left to compile 10
[2025.09.19-08.17.45:267][608]LogMaterial: Display: Missing cached shader map for material M_brick02, compiling. 
[2025.09.19-08.17.45:282][608]LogMaterial: Display: Missing cached shader map for material M_brick02, compiling. 
[2025.09.19-08.17.45:315][608]LogUObjectHash: Compacting FUObjectHashTables data took   1.24ms
[2025.09.19-08.17.45:322][608]LogMaterial: Display: Missing cached shader map for material DebugViewMode MaterialTexCoordScale, compiling. 
[2025.09.19-08.17.45:669][608]LogShaderCompilers: Display: Worker (8/13): shaders left to compile 33
[2025.09.19-08.17.45:669][608]LogShaderCompilers: Display: Worker (5/13): shaders left to compile 32
[2025.09.19-08.17.45:669][608]LogShaderCompilers: Display: Worker (9/13): shaders left to compile 31
[2025.09.19-08.17.45:669][608]LogShaderCompilers: Display: Worker (1/13): shaders left to compile 30
[2025.09.19-08.17.45:669][608]LogShaderCompilers: Display: Worker (3/13): shaders left to compile 29
[2025.09.19-08.17.45:669][608]LogShaderCompilers: Display: Worker (2/13): shaders left to compile 28
[2025.09.19-08.17.45:669][608]LogShaderCompilers: Display: Worker (7/13): shaders left to compile 27
[2025.09.19-08.17.45:669][608]LogShaderCompilers: Display: Worker (4/13): shaders left to compile 26
[2025.09.19-08.17.45:669][608]LogShaderCompilers: Display: Worker (6/13): shaders left to compile 25
[2025.09.19-08.17.45:669][608]LogShaderCompilers: Display: Worker (12/13): shaders left to compile 24
[2025.09.19-08.17.45:669][608]LogShaderCompilers: Display: Worker (11/13): shaders left to compile 23
[2025.09.19-08.17.45:669][608]LogShaderCompilers: Display: Worker (10/13): shaders left to compile 22
[2025.09.19-08.17.45:669][608]LogShaderCompilers: Display: Worker (12/13): shaders left to compile 20
[2025.09.19-08.17.45:669][608]LogShaderCompilers: Display: Worker (9/13): shaders left to compile 18
[2025.09.19-08.17.45:669][608]LogShaderCompilers: Display: Worker (2/13): shaders left to compile 16
[2025.09.19-08.17.45:669][608]LogShaderCompilers: Display: Worker (6/13): shaders left to compile 14
[2025.09.19-08.17.45:669][608]LogShaderCompilers: Display: Worker (8/13): shaders left to compile 12
[2025.09.19-08.17.45:669][608]LogShaderCompilers: Display: Worker (11/13): shaders left to compile 10
[2025.09.19-08.17.45:671][608]LogShaderCompilers: Display: Worker (7/13): shaders left to compile 9
[2025.09.19-08.17.45:672][608]TextureStreamingBuild: Display: Compiling optional shaders took 0.356 seconds.
[2025.09.19-08.17.45:674][608]LogShaderCompilers: Display: Worker (1/13): shaders left to compile 8
[2025.09.19-08.17.45:674][608]LogShaderCompilers: Display: Worker (4/13): shaders left to compile 7
[2025.09.19-08.17.45:686][608]LogShaderCompilers: Display: Worker (5/13): shaders left to compile 6
[2025.09.19-08.17.45:688][608]LogShaderCompilers: Display: Worker (3/13): shaders left to compile 5
[2025.09.19-08.17.45:712][608]LogUObjectHash: Compacting FUObjectHashTables data took   0.59ms
[2025.09.19-08.17.46:000][608]LogShaderCompilers: Display: Worker (10/13): shaders left to compile 4
[2025.09.19-08.17.46:000][608]LogShaderCompilers: Display: Worker (2/13): shaders left to compile 3
[2025.09.19-08.17.46:000][608]LogShaderCompilers: Display: Worker (12/13): shaders left to compile 2
[2025.09.19-08.17.46:000][608]LogShaderCompilers: Display: Worker (1/13): shaders left to compile 1
[2025.09.19-08.17.46:014][608]LogSavePackage: Moving 'E:/GameDev/hggjam/GameJamHGGUnreal4.23.1/GameJamCrew/Saved/M_brick0249F7F12F4C57A4D42573FAB064810F8E.tmp' to 'E:/GameDev/hggjam/GameJamHGGUnreal4.23.1/GameJamCrew/Content/LevelAssets/Materials/bricks/brick02/M_brick02.uasset'
[2025.09.19-08.17.50:998][205]LogSlate: Window 'M_brick02' being destroyed
[2025.09.19-08.17.51:003][205]LogSlate: Window 'M_brick02' being destroyed
[2025.09.19-08.17.51:017][205]LogWorld: UWorld::CleanupWorld for World_2, bSessionEnded=true, bCleanupResources=true
[2025.09.19-08.17.51:741][291]LogEditorViewport: Clicking on Actor (LMB): StaticMeshActor (wall01_2x59)
[2025.09.19-08.17.53:668][519]LogSlate: FSceneViewport::OnFocusLost() reason 0
[2025.09.19-08.17.54:435][609]LogMaterial: Display: Material /Game/LevelAssets/Materials/bricks/brick02/M_brick02.M_brick02 needed to have new flag set bUsedWithStaticLighting !
[2025.09.19-08.17.54:436][609]LogMaterial: Display: Missing cached shader map for material M_brick02, compiling. 
[2025.09.19-08.17.54:461][610]LogShaderCompilers: Display: Worker (1/13): shaders left to compile 31
[2025.09.19-08.17.54:461][610]LogShaderCompilers: Display: Worker (2/13): shaders left to compile 28
[2025.09.19-08.17.54:461][610]LogShaderCompilers: Display: Worker (3/13): shaders left to compile 25
[2025.09.19-08.17.54:461][610]LogShaderCompilers: Display: Worker (4/13): shaders left to compile 22
[2025.09.19-08.17.54:461][610]LogShaderCompilers: Display: Worker (5/13): shaders left to compile 19
[2025.09.19-08.17.54:461][610]LogShaderCompilers: Display: Worker (6/13): shaders left to compile 16
[2025.09.19-08.17.54:461][610]LogShaderCompilers: Display: Worker (7/13): shaders left to compile 13
[2025.09.19-08.17.54:461][610]LogShaderCompilers: Display: Worker (8/13): shaders left to compile 10
[2025.09.19-08.17.54:461][610]LogShaderCompilers: Display: Worker (9/13): shaders left to compile 7
[2025.09.19-08.17.54:461][610]LogShaderCompilers: Display: Worker (10/13): shaders left to compile 4
[2025.09.19-08.17.54:461][610]LogShaderCompilers: Display: Worker (11/13): shaders left to compile 1
[2025.09.19-08.17.55:658][739]LogEditorViewport: Clicking on Actor (LMB): StaticMeshActor (floor01_2x36)
[2025.09.19-08.18.15:339][ 97]LogSlate: FSceneViewport::OnFocusLost() reason 0
[2025.09.19-08.18.15:500][115]LogAssetEditorManager: Opening Asset editor for Material /Game/LevelAssets/Materials/bricks/brick02/M_brick02.M_brick02
[2025.09.19-08.18.15:502][115]LogMaterial: Display: Missing cached shader map for material PreviewMaterial_0, compiling. 
[2025.09.19-08.18.15:547][115]LogMaterial: Display: Missing cached shader map for material PreviewMaterial_0, compiling. 
[2025.09.19-08.18.15:559][115]LogMaterial: Display: Missing cached shader map for material PreviewMaterial_0, compiling. 
[2025.09.19-08.18.15:572][115]LogMaterial: Display: Missing cached shader map for material FMatExpressionPreview MaterialExpressionTextureSample_1, compiling. 
[2025.09.19-08.18.15:576][115]LogShaderCompilers: Display: Worker (1/13): shaders left to compile 30
[2025.09.19-08.18.15:576][115]LogShaderCompilers: Display: Worker (2/13): shaders left to compile 29
[2025.09.19-08.18.15:576][115]LogShaderCompilers: Display: Worker (3/13): shaders left to compile 28
[2025.09.19-08.18.15:576][115]LogShaderCompilers: Display: Worker (4/13): shaders left to compile 27
[2025.09.19-08.18.15:576][115]LogShaderCompilers: Display: Worker (5/13): shaders left to compile 26
[2025.09.19-08.18.15:576][115]LogShaderCompilers: Display: Worker (6/13): shaders left to compile 25
[2025.09.19-08.18.15:576][115]LogShaderCompilers: Display: Worker (7/13): shaders left to compile 24
[2025.09.19-08.18.15:576][115]LogShaderCompilers: Display: Worker (8/13): shaders left to compile 23
[2025.09.19-08.18.15:576][115]LogShaderCompilers: Display: Worker (9/13): shaders left to compile 22
[2025.09.19-08.18.15:576][115]LogShaderCompilers: Display: Worker (10/13): shaders left to compile 21
[2025.09.19-08.18.15:576][115]LogShaderCompilers: Display: Worker (11/13): shaders left to compile 20
[2025.09.19-08.18.15:576][115]LogShaderCompilers: Display: Worker (12/13): shaders left to compile 19
[2025.09.19-08.18.15:576][115]LogMaterial: Display: Missing cached shader map for material FMatExpressionPreview MaterialExpressionTextureSample_0, compiling. 
[2025.09.19-08.18.15:579][115]LogMaterial: Display: Missing cached shader map for material FMatExpressionPreview MaterialExpressionTextureSample_2, compiling. 
[2025.09.19-08.18.15:758][124]LogShaderCompilers: Display: Worker (8/13): shaders left to compile 30
[2025.09.19-08.18.15:790][126]LogShaderCompilers: Display: Worker (1/13): shaders left to compile 29
[2025.09.19-08.18.15:790][126]LogShaderCompilers: Display: Worker (3/13): shaders left to compile 28
[2025.09.19-08.18.15:809][127]LogShaderCompilers: Display: Worker (2/13): shaders left to compile 27
[2025.09.19-08.18.15:809][127]LogShaderCompilers: Display: Worker (6/13): shaders left to compile 26
[2025.09.19-08.18.15:828][128]LogShaderCompilers: Display: Worker (4/13): shaders left to compile 25
[2025.09.19-08.18.15:883][131]LogShaderCompilers: Display: Worker (5/13): shaders left to compile 24
[2025.09.19-08.18.15:904][132]LogShaderCompilers: Display: Worker (9/13): shaders left to compile 23
[2025.09.19-08.18.15:923][133]LogShaderCompilers: Display: Worker (7/13): shaders left to compile 22
[2025.09.19-08.18.15:965][135]LogShaderCompilers: Display: Worker (12/13): shaders left to compile 21
[2025.09.19-08.18.16:029][138]LogShaderCompilers: Display: Worker (3/13): shaders left to compile 20
[2025.09.19-08.18.16:085][139]LogShaderCompilers: Display: Worker (4/13): shaders left to compile 19
[2025.09.19-08.18.16:108][140]LogShaderCompilers: Display: Worker (11/13): shaders left to compile 18
[2025.09.19-08.18.16:108][140]LogShaderCompilers: Display: Worker (7/13): shaders left to compile 17
[2025.09.19-08.18.16:108][140]LogShaderCompilers: Display: Worker (2/13): shaders left to compile 16
[2025.09.19-08.18.16:108][140]LogShaderCompilers: Display: Worker (6/13): shaders left to compile 15
[2025.09.19-08.18.16:108][140]LogShaderCompilers: Display: Worker (8/13): shaders left to compile 14
[2025.09.19-08.18.16:108][140]LogShaderCompilers: Display: Worker (10/13): shaders left to compile 13
[2025.09.19-08.18.16:141][142]LogShaderCompilers: Display: Worker (1/13): shaders left to compile 12
[2025.09.19-08.18.16:170][144]LogShaderCompilers: Display: Worker (5/13): shaders left to compile 11
[2025.09.19-08.18.16:203][146]LogShaderCompilers: Display: Worker (9/13): shaders left to compile 10
[2025.09.19-08.18.16:223][147]LogShaderCompilers: Display: Worker (4/13): shaders left to compile 9
[2025.09.19-08.18.16:244][148]LogShaderCompilers: Display: Worker (12/13): shaders left to compile 8
[2025.09.19-08.18.16:294][150]LogShaderCompilers: Display: Worker (10/13): shaders left to compile 7
[2025.09.19-08.18.16:317][151]LogShaderCompilers: Display: Worker (3/13): shaders left to compile 6
[2025.09.19-08.18.16:317][151]LogShaderCompilers: Display: Worker (2/13): shaders left to compile 5
[2025.09.19-08.18.16:376][153]LogShaderCompilers: Display: Worker (1/13): shaders left to compile 4
[2025.09.19-08.18.16:397][154]LogShaderCompilers: Display: Worker (9/13): shaders left to compile 3
[2025.09.19-08.18.16:415][155]LogShaderCompilers: Display: Worker (11/13): shaders left to compile 2
[2025.09.19-08.18.16:415][155]LogShaderCompilers: Display: Worker (4/13): shaders left to compile 1
[2025.09.19-08.18.16:443][157]MaterialEditorStats: Base pass shader: 128 instructions
[2025.09.19-08.18.16:443][157]MaterialEditorStats: Base pass shader with Surface Lightmap: 157 instructions
[2025.09.19-08.18.16:443][157]MaterialEditorStats: Base pass shader with Volumetric Lightmap: 204 instructions
[2025.09.19-08.18.16:443][157]MaterialEditorStats: Base pass vertex shader: 44 instructions
[2025.09.19-08.18.16:443][157]MaterialEditorStats: Texture samplers: 6/16
[2025.09.19-08.18.16:443][157]MaterialEditorStats: Texture Lookups (Est.): VS(0), PS(3)
[2025.09.19-08.18.16:443][157]MaterialEditorStats: User interpolators: 2/4 Scalars (1/4 Vectors) (TexCoords: 2, Custom: 0)
[2025.09.19-08.18.24:776][151]LogMaterial: Display: Missing cached shader map for material PreviewMaterial_0, compiling. 
[2025.09.19-08.18.24:790][151]LogMaterial: Display: Missing cached shader map for material FMatExpressionPreview MaterialExpressionTextureSample_0, compiling. 
[2025.09.19-08.18.24:793][151]LogShaderCompilers: Display: Worker (1/13): shaders left to compile 30
[2025.09.19-08.18.24:793][151]LogShaderCompilers: Display: Worker (2/13): shaders left to compile 29
[2025.09.19-08.18.24:793][151]LogShaderCompilers: Display: Worker (3/13): shaders left to compile 28
[2025.09.19-08.18.24:793][151]LogShaderCompilers: Display: Worker (4/13): shaders left to compile 27
[2025.09.19-08.18.24:793][151]LogShaderCompilers: Display: Worker (5/13): shaders left to compile 26
[2025.09.19-08.18.24:793][151]LogShaderCompilers: Display: Worker (6/13): shaders left to compile 25
[2025.09.19-08.18.24:793][151]LogShaderCompilers: Display: Worker (7/13): shaders left to compile 24
[2025.09.19-08.18.24:793][151]LogShaderCompilers: Display: Worker (8/13): shaders left to compile 23
[2025.09.19-08.18.24:793][151]LogShaderCompilers: Display: Worker (9/13): shaders left to compile 22
[2025.09.19-08.18.24:793][151]LogShaderCompilers: Display: Worker (10/13): shaders left to compile 21
[2025.09.19-08.18.24:793][151]LogShaderCompilers: Display: Worker (11/13): shaders left to compile 20
[2025.09.19-08.18.24:793][151]LogShaderCompilers: Display: Worker (12/13): shaders left to compile 19
[2025.09.19-08.18.24:880][158]LogShaderCompilers: Display: Worker (8/13): shaders left to compile 22
[2025.09.19-08.18.24:943][162]LogShaderCompilers: Display: Worker (2/13): shaders left to compile 21
[2025.09.19-08.18.24:943][162]LogShaderCompilers: Display: Worker (1/13): shaders left to compile 20
[2025.09.19-08.18.24:956][163]LogShaderCompilers: Display: Worker (3/13): shaders left to compile 19
[2025.09.19-08.18.24:956][163]LogShaderCompilers: Display: Worker (9/13): shaders left to compile 18
[2025.09.19-08.18.24:970][164]LogShaderCompilers: Display: Worker (5/13): shaders left to compile 17
[2025.09.19-08.18.24:970][164]LogShaderCompilers: Display: Worker (6/13): shaders left to compile 16
[2025.09.19-08.18.24:970][164]LogShaderCompilers: Display: Worker (4/13): shaders left to compile 15
[2025.09.19-08.18.24:970][164]LogShaderCompilers: Display: Worker (7/13): shaders left to compile 14
[2025.09.19-08.18.25:008][167]LogShaderCompilers: Display: Worker (12/13): shaders left to compile 13
[2025.09.19-08.18.25:136][173]LogShaderCompilers: Display: Worker (10/13): shaders left to compile 12
[2025.09.19-08.18.25:136][173]LogShaderCompilers: Display: Worker (11/13): shaders left to compile 11
[2025.09.19-08.18.25:182][176]LogShaderCompilers: Display: Worker (7/13): shaders left to compile 10
[2025.09.19-08.18.25:182][176]LogShaderCompilers: Display: Worker (8/13): shaders left to compile 9
[2025.09.19-08.18.25:182][176]LogShaderCompilers: Display: Worker (1/13): shaders left to compile 8
[2025.09.19-08.18.25:182][176]LogShaderCompilers: Display: Worker (5/13): shaders left to compile 7
[2025.09.19-08.18.25:248][178]LogShaderCompilers: Display: Worker (3/13): shaders left to compile 6
[2025.09.19-08.18.25:248][178]LogShaderCompilers: Display: Worker (9/13): shaders left to compile 5
[2025.09.19-08.18.25:299][181]LogShaderCompilers: Display: Worker (6/13): shaders left to compile 4
[2025.09.19-08.18.25:299][181]LogShaderCompilers: Display: Worker (2/13): shaders left to compile 3
[2025.09.19-08.18.25:299][181]LogShaderCompilers: Display: Worker (4/13): shaders left to compile 2
[2025.09.19-08.18.25:299][181]LogShaderCompilers: Display: Worker (11/13): shaders left to compile 1
[2025.09.19-08.18.25:483][195]MaterialEditorStats: Base pass shader: 128 instructions
[2025.09.19-08.18.25:483][195]MaterialEditorStats: Base pass shader with Surface Lightmap: 157 instructions
[2025.09.19-08.18.25:483][195]MaterialEditorStats: Base pass shader with Volumetric Lightmap: 204 instructions
[2025.09.19-08.18.25:483][195]MaterialEditorStats: Base pass vertex shader: 44 instructions
[2025.09.19-08.18.25:484][195]MaterialEditorStats: Texture samplers: 6/16
[2025.09.19-08.18.25:484][195]MaterialEditorStats: Texture Lookups (Est.): VS(0), PS(3)
[2025.09.19-08.18.25:484][195]MaterialEditorStats: User interpolators: 2/4 Scalars (1/4 Vectors) (TexCoords: 2, Custom: 0)
[2025.09.19-08.18.28:634][571]LogSlate: FSceneViewport::OnFocusLost() reason 0
[2025.09.19-08.18.30:245][764]LogMaterial: Display: Missing cached shader map for material PreviewMaterial_0, compiling. 
[2025.09.19-08.18.30:259][764]LogShaderCompilers: Display: Worker (1/13): shaders left to compile 30
[2025.09.19-08.18.30:259][764]LogShaderCompilers: Display: Worker (2/13): shaders left to compile 29
[2025.09.19-08.18.30:259][764]LogShaderCompilers: Display: Worker (3/13): shaders left to compile 28
[2025.09.19-08.18.30:259][764]LogShaderCompilers: Display: Worker (4/13): shaders left to compile 27
[2025.09.19-08.18.30:259][764]LogShaderCompilers: Display: Worker (5/13): shaders left to compile 26
[2025.09.19-08.18.30:259][764]LogShaderCompilers: Display: Worker (6/13): shaders left to compile 25
[2025.09.19-08.18.30:259][764]LogShaderCompilers: Display: Worker (7/13): shaders left to compile 24
[2025.09.19-08.18.30:259][764]LogShaderCompilers: Display: Worker (8/13): shaders left to compile 23
[2025.09.19-08.18.30:259][764]LogShaderCompilers: Display: Worker (9/13): shaders left to compile 22
[2025.09.19-08.18.30:259][764]LogShaderCompilers: Display: Worker (10/13): shaders left to compile 21
[2025.09.19-08.18.30:259][764]LogShaderCompilers: Display: Worker (11/13): shaders left to compile 20
[2025.09.19-08.18.30:259][764]LogShaderCompilers: Display: Worker (12/13): shaders left to compile 19
[2025.09.19-08.18.30:261][764]LogMaterial: Display: Missing cached shader map for material FMatExpressionPreview MaterialExpressionTextureSample_0, compiling. 
[2025.09.19-08.18.30:347][770]LogShaderCompilers: Display: Worker (8/13): shaders left to compile 22
[2025.09.19-08.18.30:399][773]LogShaderCompilers: Display: Worker (2/13): shaders left to compile 21
[2025.09.19-08.18.30:412][774]LogShaderCompilers: Display: Worker (3/13): shaders left to compile 20
[2025.09.19-08.18.30:412][774]LogShaderCompilers: Display: Worker (6/13): shaders left to compile 19
[2025.09.19-08.18.30:412][774]LogShaderCompilers: Display: Worker (9/13): shaders left to compile 18
[2025.09.19-08.18.30:426][775]LogShaderCompilers: Display: Worker (1/13): shaders left to compile 17
[2025.09.19-08.18.30:426][775]LogShaderCompilers: Display: Worker (4/13): shaders left to compile 16
[2025.09.19-08.18.30:426][775]LogShaderCompilers: Display: Worker (5/13): shaders left to compile 15
[2025.09.19-08.18.30:440][776]LogShaderCompilers: Display: Worker (7/13): shaders left to compile 14
[2025.09.19-08.18.30:480][779]LogShaderCompilers: Display: Worker (12/13): shaders left to compile 13
[2025.09.19-08.18.30:560][782]LogShaderCompilers: Display: Worker (10/13): shaders left to compile 12
[2025.09.19-08.18.30:601][785]LogShaderCompilers: Display: Worker (11/13): shaders left to compile 11
[2025.09.19-08.18.30:601][785]LogShaderCompilers: Display: Worker (3/13): shaders left to compile 10
[2025.09.19-08.18.30:629][785]LogShaderCompilers: Display: Worker (7/13): shaders left to compile 9
[2025.09.19-08.18.30:629][785]LogShaderCompilers: Display: Worker (1/13): shaders left to compile 8
[2025.09.19-08.18.30:631][785]LogShaderCompilers: Display: Worker (8/13): shaders left to compile 7
[2025.09.19-08.18.30:708][790]LogShaderCompilers: Display: Worker (9/13): shaders left to compile 6
[2025.09.19-08.18.30:708][790]LogShaderCompilers: Display: Worker (6/13): shaders left to compile 5
[2025.09.19-08.18.30:724][791]LogShaderCompilers: Display: Worker (4/13): shaders left to compile 4
[2025.09.19-08.18.30:724][791]LogShaderCompilers: Display: Worker (2/13): shaders left to compile 3
[2025.09.19-08.18.30:754][793]LogShaderCompilers: Display: Worker (12/13): shaders left to compile 2
[2025.09.19-08.18.30:754][793]LogShaderCompilers: Display: Worker (5/13): shaders left to compile 1
[2025.09.19-08.18.30:921][805]MaterialEditorStats: Base pass shader: 128 instructions
[2025.09.19-08.18.30:921][805]MaterialEditorStats: Base pass shader with Surface Lightmap: 157 instructions
[2025.09.19-08.18.30:921][805]MaterialEditorStats: Base pass shader with Volumetric Lightmap: 204 instructions
[2025.09.19-08.18.30:921][805]MaterialEditorStats: Base pass vertex shader: 44 instructions
[2025.09.19-08.18.30:921][805]MaterialEditorStats: Texture samplers: 6/16
[2025.09.19-08.18.30:921][805]MaterialEditorStats: Texture Lookups (Est.): VS(0), PS(3)
[2025.09.19-08.18.30:921][805]MaterialEditorStats: User interpolators: 2/4 Scalars (1/4 Vectors) (TexCoords: 2, Custom: 0)
[2025.09.19-08.18.34:580][122]LogSlate: Window 'Message' being destroyed
[2025.09.19-08.18.34:755][122]LogMaterial: Display: Missing cached shader map for material PreviewMaterial_0, compiling. 
[2025.09.19-08.18.34:792][122]LogShaderCompilers: Display: Worker (1/13): shaders left to compile 30
[2025.09.19-08.18.34:792][122]LogShaderCompilers: Display: Worker (2/13): shaders left to compile 29
[2025.09.19-08.18.34:792][122]LogShaderCompilers: Display: Worker (3/13): shaders left to compile 28
[2025.09.19-08.18.34:792][122]LogShaderCompilers: Display: Worker (4/13): shaders left to compile 27
[2025.09.19-08.18.34:792][122]LogShaderCompilers: Display: Worker (5/13): shaders left to compile 26
[2025.09.19-08.18.34:792][122]LogShaderCompilers: Display: Worker (6/13): shaders left to compile 25
[2025.09.19-08.18.34:792][122]LogShaderCompilers: Display: Worker (7/13): shaders left to compile 24
[2025.09.19-08.18.34:792][122]LogShaderCompilers: Display: Worker (8/13): shaders left to compile 23
[2025.09.19-08.18.34:792][122]LogShaderCompilers: Display: Worker (9/13): shaders left to compile 22
[2025.09.19-08.18.34:792][122]LogShaderCompilers: Display: Worker (10/13): shaders left to compile 21
[2025.09.19-08.18.34:792][122]LogShaderCompilers: Display: Worker (11/13): shaders left to compile 20
[2025.09.19-08.18.34:792][122]LogShaderCompilers: Display: Worker (12/13): shaders left to compile 19
[2025.09.19-08.18.34:795][122]LogMaterial: Display: Missing cached shader map for material M_brick02, compiling. 
[2025.09.19-08.18.34:814][122]LogMaterial: Display: Missing cached shader map for material M_brick02, compiling. 
[2025.09.19-08.18.34:854][122]LogUObjectHash: Compacting FUObjectHashTables data took   1.33ms
[2025.09.19-08.18.34:860][122]LogMaterial: Display: Missing cached shader map for material DebugViewMode MaterialTexCoordScale, compiling. 
[2025.09.19-08.18.35:358][122]LogShaderCompilers: Display: Worker (8/13): shaders left to compile 51
[2025.09.19-08.18.35:358][122]LogShaderCompilers: Display: Worker (2/13): shaders left to compile 50
[2025.09.19-08.18.35:358][122]LogShaderCompilers: Display: Worker (9/13): shaders left to compile 49
[2025.09.19-08.18.35:358][122]LogShaderCompilers: Display: Worker (1/13): shaders left to compile 48
[2025.09.19-08.18.35:358][122]LogShaderCompilers: Display: Worker (3/13): shaders left to compile 47
[2025.09.19-08.18.35:358][122]LogShaderCompilers: Display: Worker (6/13): shaders left to compile 46
[2025.09.19-08.18.35:358][122]LogShaderCompilers: Display: Worker (4/13): shaders left to compile 45
[2025.09.19-08.18.35:358][122]LogShaderCompilers: Display: Worker (7/13): shaders left to compile 44
[2025.09.19-08.18.35:358][122]LogShaderCompilers: Display: Worker (5/13): shaders left to compile 43
[2025.09.19-08.18.35:358][122]LogShaderCompilers: Display: Worker (12/13): shaders left to compile 42
[2025.09.19-08.18.35:358][122]LogShaderCompilers: Display: Worker (10/13): shaders left to compile 41
[2025.09.19-08.18.35:358][122]LogShaderCompilers: Display: Worker (11/13): shaders left to compile 40
[2025.09.19-08.18.35:358][122]LogShaderCompilers: Display: Worker (8/13): shaders left to compile 39
[2025.09.19-08.18.35:358][122]LogShaderCompilers: Display: Worker (5/13): shaders left to compile 38
[2025.09.19-08.18.35:358][122]LogShaderCompilers: Display: Worker (9/13): shaders left to compile 37
[2025.09.19-08.18.35:358][122]LogShaderCompilers: Display: Worker (6/13): shaders left to compile 36
[2025.09.19-08.18.35:358][122]LogShaderCompilers: Display: Worker (1/13): shaders left to compile 35
[2025.09.19-08.18.35:358][122]LogShaderCompilers: Display: Worker (3/13): shaders left to compile 34
[2025.09.19-08.18.35:358][122]LogShaderCompilers: Display: Worker (2/13): shaders left to compile 33
[2025.09.19-08.18.35:358][122]LogShaderCompilers: Display: Worker (4/13): shaders left to compile 32
[2025.09.19-08.18.35:358][122]LogShaderCompilers: Display: Worker (7/13): shaders left to compile 31
[2025.09.19-08.18.35:358][122]LogShaderCompilers: Display: Worker (11/13): shaders left to compile 28
[2025.09.19-08.18.35:358][122]LogShaderCompilers: Display: Worker (12/13): shaders left to compile 25
[2025.09.19-08.18.35:358][122]LogShaderCompilers: Display: Worker (9/13): shaders left to compile 22
[2025.09.19-08.18.35:358][122]LogShaderCompilers: Display: Worker (10/13): shaders left to compile 20
[2025.09.19-08.18.35:358][122]LogShaderCompilers: Display: Worker (2/13): shaders left to compile 18
[2025.09.19-08.18.35:358][122]LogShaderCompilers: Display: Worker (4/13): shaders left to compile 16
[2025.09.19-08.18.35:361][122]TextureStreamingBuild: Display: Compiling optional shaders took 0.506 seconds.
[2025.09.19-08.18.35:361][122]LogShaderCompilers: Display: Worker (8/13): shaders left to compile 14
[2025.09.19-08.18.35:365][122]LogShaderCompilers: Display: Worker (3/13): shaders left to compile 12
[2025.09.19-08.18.35:368][122]LogShaderCompilers: Display: Worker (6/13): shaders left to compile 10
[2025.09.19-08.18.35:394][122]LogUObjectHash: Compacting FUObjectHashTables data took   0.57ms
[2025.09.19-08.18.35:403][122]LogSlate: Window 'M_brick02' being destroyed
[2025.09.19-08.18.35:404][122]LogSlate: Window 'M_brick02' being destroyed
[2025.09.19-08.18.35:414][122]LogShaderCompilers: Display: Worker (5/13): shaders left to compile 9
[2025.09.19-08.18.35:425][122]LogWorld: UWorld::CleanupWorld for World_3, bSessionEnded=true, bCleanupResources=true
[2025.09.19-08.18.35:456][122]LogShaderCompilers: Display: Worker (1/13): shaders left to compile 8
[2025.09.19-08.18.35:609][136]LogShaderCompilers: Display: Worker (12/13): shaders left to compile 7
[2025.09.19-08.18.35:651][141]LogShaderCompilers: Display: Worker (1/13): shaders left to compile 6
[2025.09.19-08.18.35:660][142]LogShaderCompilers: Display: Worker (7/13): shaders left to compile 5
[2025.09.19-08.18.35:679][144]LogShaderCompilers: Display: Worker (6/13): shaders left to compile 4
[2025.09.19-08.18.35:717][148]LogShaderCompilers: Display: Worker (11/13): shaders left to compile 3
[2025.09.19-08.18.35:729][149]LogShaderCompilers: Display: Worker (5/13): shaders left to compile 2
[2025.09.19-08.18.35:841][158]LogShaderCompilers: Display: Worker (8/13): shaders left to compile 1
[2025.09.19-08.18.37:277][329]LogEditorViewport: Clicking on Actor (LMB): StaticMeshActor (wall01_2x56)
[2025.09.19-08.18.41:720][846]LogSlate: FSceneViewport::OnFocusLost() reason 0
[2025.09.19-08.18.43:775][ 92]LogEditorViewport: Clicking on Actor (LMB): StaticMeshActor (floor01_2x93)
[2025.09.19-08.18.50:316][874]LogEditorViewport: Clicking on Actor (LMB): StaticMeshActor (wall01_2x26)
[2025.09.19-08.19.09:175][ 76]LogSlate: FSceneViewport::OnFocusLost() reason 0
[2025.09.19-08.19.14:581][722]LogSlate: FSceneViewport::OnFocusLost() reason 5
[2025.09.19-08.19.14:588][722]Cmd: OBJ SAVEPACKAGE PACKAGE="/Game/Levels/CheeseFactory_001" FILE="E:/GameDev/hggjam/GameJamHGGUnreal4.23.1/GameJamCrew/Content/Levels/CheeseFactory_001.umap" SILENT=true AUTOSAVING=false KEEPDIRTY=false
[2025.09.19-08.19.14:608][722]LogUObjectHash: Compacting FUObjectHashTables data took   0.99ms
[2025.09.19-08.19.14:737][722]LogSavePackage: Moving 'E:/GameDev/hggjam/GameJamHGGUnreal4.23.1/GameJamCrew/Saved/CheeseFactory_001E9B965C24F65A0A3851DA483AF127873.tmp' to 'E:/GameDev/hggjam/GameJamHGGUnreal4.23.1/GameJamCrew/Content/Levels/CheeseFactory_001.umap'
[2025.09.19-08.19.14:749][722]Cmd: OBJ SAVEPACKAGE PACKAGE="/Game/Levels/CheeseFactory_001_BuiltData" FILE="E:/GameDev/hggjam/GameJamHGGUnreal4.23.1/GameJamCrew/Content/Levels/CheeseFactory_001_BuiltData.uasset" SILENT=true
[2025.09.19-08.19.15:361][722]LogSavePackage: Moving 'E:/GameDev/hggjam/GameJamHGGUnreal4.23.1/GameJamCrew/Saved/CheeseFactory_001_BuiltDataE137952E471444EFE92F508D1272713C.tmp' to 'E:/GameDev/hggjam/GameJamHGGUnreal4.23.1/GameJamCrew/Content/Levels/CheeseFactory_001_BuiltData.uasset'
[2025.09.19-08.19.20:455][331]LogEditorViewport: Clicking on Actor (LMB): StaticMeshActor (wall01_2x59)
[2025.09.19-08.19.27:318][150]LogEditorViewport: Clicking on Actor (LMB): StaticMeshActor (wall01_garage_arch)
[2025.09.19-08.19.49:511][763]LogSlate: FSceneViewport::OnFocusLost() reason 0
[2025.09.19-08.19.53:764][272]LogEditorViewport: Clicking on Actor (LMB): StaticMeshActor (wall01_2x125)
[2025.09.19-08.20.11:212][319]LogSlate: FSceneViewport::OnFocusLost() reason 0
[2025.09.19-08.20.14:296][687]LogEditorViewport: Clicking on Actor (LMB): StaticMeshActor (wall01_2x49)
[2025.09.19-08.20.24:387][878]Cmd: TRANSACTION UNDO
[2025.09.19-08.20.24:387][878]LogEditorTransaction: Undo Clicking on Actors
[2025.09.19-08.20.24:654][907]Cmd: TRANSACTION UNDO
[2025.09.19-08.20.24:654][907]LogEditorTransaction: Undo Clicking on Actors
[2025.09.19-08.20.24:926][937]Cmd: TRANSACTION UNDO
[2025.09.19-08.20.24:926][937]LogEditorTransaction: Undo Clicking on Actors
[2025.09.19-08.20.25:328][984]Cmd: TRANSACTION UNDO
[2025.09.19-08.20.25:328][984]LogEditorTransaction: Undo Clicking on Actors
[2025.09.19-08.20.25:697][ 27]Cmd: TRANSACTION UNDO
[2025.09.19-08.20.25:697][ 27]LogEditorTransaction: Undo Clicking on Actors
[2025.09.19-08.20.26:559][129]LogSlate: FSceneViewport::OnFocusLost() reason 0
[2025.09.19-08.20.28:085][311]LogEditorViewport: Clicking on Actor (LMB): StaticMeshActor (wall01_2x73)
[2025.09.19-08.20.34:124][ 13]LogSlate: FSceneViewport::OnFocusLost() reason 0
[2025.09.19-08.20.38:890][583]LogEditorViewport: Clicking on Actor (LMB): StaticMeshActor (wall01_2x10)
[2025.09.19-08.20.48:432][699]LogSlate: FSceneViewport::OnFocusLost() reason 0
[2025.09.19-08.20.52:017][128]LogEditorViewport: Clicking on Actor (LMB): StaticMeshActor (floor01_2x71)
[2025.09.19-08.20.54:640][439]LogSlate: FSceneViewport::OnFocusLost() reason 5
[2025.09.19-08.20.54:646][439]Cmd: OBJ SAVEPACKAGE PACKAGE="/Game/Levels/CheeseFactory_001" FILE="E:/GameDev/hggjam/GameJamHGGUnreal4.23.1/GameJamCrew/Content/Levels/CheeseFactory_001.umap" SILENT=true AUTOSAVING=false KEEPDIRTY=false
[2025.09.19-08.20.54:667][439]LogUObjectHash: Compacting FUObjectHashTables data took   0.98ms
[2025.09.19-08.20.54:785][439]LogSavePackage: Moving 'E:/GameDev/hggjam/GameJamHGGUnreal4.23.1/GameJamCrew/Saved/CheeseFactory_00102EBB53A4BA9BED3446C13B78E3D63F8.tmp' to 'E:/GameDev/hggjam/GameJamHGGUnreal4.23.1/GameJamCrew/Content/Levels/CheeseFactory_001.umap'
[2025.09.19-08.20.54:797][439]Cmd: OBJ SAVEPACKAGE PACKAGE="/Game/Levels/CheeseFactory_001_BuiltData" FILE="E:/GameDev/hggjam/GameJamHGGUnreal4.23.1/GameJamCrew/Content/Levels/CheeseFactory_001_BuiltData.uasset" SILENT=true
[2025.09.19-08.20.55:139][439]LogSavePackage: Moving 'E:/GameDev/hggjam/GameJamHGGUnreal4.23.1/GameJamCrew/Saved/CheeseFactory_001_BuiltDataB1A990AC480E0FEF6540538F5492405F.tmp' to 'E:/GameDev/hggjam/GameJamHGGUnreal4.23.1/GameJamCrew/Content/Levels/CheeseFactory_001_BuiltData.uasset'
[2025.09.19-08.21.16:346][722]LogEditorViewport: Clicking on Actor (LMB): StaticMeshActor (wall01_2x45)
[2025.09.19-08.21.24:420][675]LogSlate: FSceneViewport::OnFocusLost() reason 0
[2025.09.19-08.21.26:941][977]LogEditorViewport: Clicking on Actor (LMB): StaticMeshActor (floor01_2x98)
[2025.09.19-08.21.28:629][176]LogSlate: FSceneViewport::OnFocusLost() reason 5
[2025.09.19-08.21.28:636][176]Cmd: OBJ SAVEPACKAGE PACKAGE="/Game/Levels/CheeseFactory_001" FILE="E:/GameDev/hggjam/GameJamHGGUnreal4.23.1/GameJamCrew/Content/Levels/CheeseFactory_001.umap" SILENT=true AUTOSAVING=false KEEPDIRTY=false
[2025.09.19-08.21.28:655][176]LogUObjectHash: Compacting FUObjectHashTables data took   0.93ms
[2025.09.19-08.21.28:774][176]LogSavePackage: Moving 'E:/GameDev/hggjam/GameJamHGGUnreal4.23.1/GameJamCrew/Saved/CheeseFactory_001F49E94A649850BE680C793A7133058E6.tmp' to 'E:/GameDev/hggjam/GameJamHGGUnreal4.23.1/GameJamCrew/Content/Levels/CheeseFactory_001.umap'
[2025.09.19-08.21.28:787][176]Cmd: OBJ SAVEPACKAGE PACKAGE="/Game/Levels/CheeseFactory_001_BuiltData" FILE="E:/GameDev/hggjam/GameJamHGGUnreal4.23.1/GameJamCrew/Content/Levels/CheeseFactory_001_BuiltData.uasset" SILENT=true
[2025.09.19-08.21.29:128][176]LogSavePackage: Moving 'E:/GameDev/hggjam/GameJamHGGUnreal4.23.1/GameJamCrew/Saved/CheeseFactory_001_BuiltData766B2DB242416DC6AE6590BFA646C2B3.tmp' to 'E:/GameDev/hggjam/GameJamHGGUnreal4.23.1/GameJamCrew/Content/Levels/CheeseFactory_001_BuiltData.uasset'
[2025.09.19-08.21.34:419][807]LogSlate: FSceneViewport::OnFocusLost() reason 2
[2025.09.19-08.21.35:564][943]MapCheck: New page: Map Check
[2025.09.19-08.21.35:573][943]LogSlate: FSceneViewport::OnFocusLost() reason 5
[2025.09.19-08.21.35:581][943]LightingResults: New page: Lighting Build - Sep 19, 2025, 2:21:35 PM
[2025.09.19-08.21.35:610][943]LogSwarmInterface: [OpenConnection] Registering TCP channel ...
[2025.09.19-08.21.35:644][943]LogSwarmInterface: [OpenConnection] Connecting to agent ...
[2025.09.19-08.21.35:651][943]LogSwarmInterface: [TryOpenConnection] Testing the Agent
[2025.09.19-08.21.36:161][943]LogSwarmInterface: [TryOpenConnection] Opening Connection to Agent
[2025.09.19-08.21.36:161][943]LogSwarmInterface: [TryOpenConnection] Local Process ID is 3812
[2025.09.19-08.21.43:327][943]LogStaticLightingSystem: Running Lightmass w/ ImmediateImport mode ENABLED
[2025.09.19-08.21.43:327][943]LogStaticLightingSystem: Running Lightmass w/ ImmediateProcess mode ENABLED
[2025.09.19-08.21.43:327][943]LogStaticLightingSystem: Running Lightmass w/ Sorting mode ENABLED
[2025.09.19-08.21.43:327][943]LogStaticLightingSystem: Running Lightmass w/ Mapping paddings ENABLED
[2025.09.19-08.21.43:327][943]LogStaticLightingSystem: Running Lightmass w/ Mapping debug paddings DISABLED
[2025.09.19-08.21.43:408][943]LogEditorBuildUtils: Build time 0:07
[2025.09.19-08.21.43:417][943]LogMaterial: Display: Missing cached shader map for material FLightmassMaterialRenderer M_brick02, compiling. 
[2025.09.19-08.21.43:421][943]LogMaterial: Display: Missing cached shader map for material FLightmassMaterialRenderer M_brick02, compiling. 
[2025.09.19-08.21.43:454][944]LogShaderCompilers: Display: Worker (1/13): shaders left to compile 4
[2025.09.19-08.21.43:454][944]LogShaderCompilers: Display: Worker (2/13): shaders left to compile 3
[2025.09.19-08.21.43:454][944]LogShaderCompilers: Display: Worker (3/13): shaders left to compile 2
[2025.09.19-08.21.43:454][944]LogShaderCompilers: Display: Worker (4/13): shaders left to compile 1
[2025.09.19-08.21.43:662][947]LogUObjectHash: Compacting FUObjectHashTables data took   0.94ms
[2025.09.19-08.22.01:987][649]Job is a success!
[2025.09.19-08.22.01:998][649]LogSlate: FSceneViewport::OnFocusLost() reason 5
[2025.09.19-08.22.02:030][649]LogVolumetricLightmapImport: Imported Volumetric Lightmap in 0.004s
[2025.09.19-08.22.02:031][649]LogVolumetricLightmapImport:      Indirection Texture 16x16x16 = 0.0Mb
[2025.09.19-08.22.02:031][649]LogVolumetricLightmapImport:      BrickData 70x5x5 = 0.1Mb
[2025.09.19-08.22.02:031][649]LogVolumetricLightmapImport:      Bricks at Level
[2025.09.19-08.22.02:031][649]LogVolumetricLightmapImport:          0: 7.1% covering 100.0% of volume
[2025.09.19-08.22.02:031][649]LogVolumetricLightmapImport:          1: 7.1% covering 1.6% of volume
[2025.09.19-08.22.02:031][649]LogVolumetricLightmapImport:          2: 85.7% covering 0.3% of volume
[2025.09.19-08.22.03:166][649]LogTexture: Display: Building textures: LQ_Lightmap_1_1 (DXT1, 1024X1024)
[2025.09.19-08.22.03:166][649]LogTexture: Display: Building textures: SkyOcclusion0_2 (AutoDXT, 1024X512)
[2025.09.19-08.22.03:166][649]LogTexture: Display: Building textures: HQ_Lightmap1_1 (AutoDXT, 1024X1024)
[2025.09.19-08.22.03:166][649]LogTexture: Display: Building textures: HQ_Lightmap0_2 (AutoDXT, 1024X1024)
[2025.09.19-08.22.03:166][649]LogTexture: Display: Building textures: SkyOcclusion1_1 (AutoDXT, 1024X512)
[2025.09.19-08.22.03:166][649]LogTexture: Display: Building textures: LQ_Lightmap_0_2 (DXT1, 1024X1024)
[2025.09.19-08.22.03:166][649]LogTexture: Display: Building textures: SkyOcclusion0_3 (AutoDXT, 1024X512)
[2025.09.19-08.22.03:166][649]LogTexture: Display: Building textures: HQ_Lightmap0_3 (AutoDXT, 1024X1024)
[2025.09.19-08.22.03:166][649]LogTexture: Display: Building textures: LQ_Lightmap_0_3 (DXT1, 1024X1024)
[2025.09.19-08.22.03:166][649]LogTexture: Display: Building textures: SkyOcclusion1_4 (AutoDXT, 1024X512)
[2025.09.19-08.22.03:166][649]LogTexture: Display: Building textures: HQ_Lightmap1_4 (AutoDXT, 1024X1024)
[2025.09.19-08.22.03:166][649]LogTexture: Display: Building textures: LQ_Lightmap_1_4 (DXT1, 1024X1024)
[2025.09.19-08.22.03:166][649]LogTexture: Display: Building textures: SkyOcclusion0_5 (AutoDXT, 1024X512)
[2025.09.19-08.22.03:166][649]LogTexture: Display: Building textures: HQ_Lightmap0_5 (AutoDXT, 1024X1024)
[2025.09.19-08.22.03:166][649]LogTexture: Display: Building textures: LQ_Lightmap_0_5 (DXT1, 1024X1024)
[2025.09.19-08.22.03:166][649]LogTexture: Display: Building textures: HQ_Lightmap1_6 (AutoDXT, 1024X1024)
[2025.09.19-08.22.03:166][649]LogTexture: Display: Building textures: SkyOcclusion1_6 (AutoDXT, 1024X512)
[2025.09.19-08.22.03:166][649]LogTexture: Display: Building textures: SkyOcclusion1_7 (AutoDXT, 1024X512)
[2025.09.19-08.22.03:166][649]LogTexture: Display: Building textures: LQ_Lightmap_1_6 (DXT1, 1024X1024)
[2025.09.19-08.22.03:166][649]LogTexture: Display: Building textures: HQ_Lightmap1_7 (AutoDXT, 1024X1024)
[2025.09.19-08.22.03:166][649]LogTexture: Display: Building textures: LQ_Lightmap_1_7 (DXT1, 1024X1024)
[2025.09.19-08.22.03:166][649]LogTexture: Display: Building textures: SkyOcclusion0_8 (AutoDXT, 1024X512)
[2025.09.19-08.22.03:166][649]LogTexture: Display: Building textures: HQ_Lightmap0_8 (AutoDXT, 1024X1024)
[2025.09.19-08.22.03:166][649]LogTexture: Display: Building textures: LQ_Lightmap_0_8 (DXT1, 1024X1024)
[2025.09.19-08.22.03:166][649]LogTexture: Display: Building textures: SkyOcclusion0_9 (AutoDXT, 1024X512)
[2025.09.19-08.22.03:166][649]LogTexture: Display: Building textures: HQ_Lightmap0_9 (AutoDXT, 1024X1024)
[2025.09.19-08.22.03:166][649]LogTexture: Display: Building textures: LQ_Lightmap_0_9 (DXT1, 1024X1024)
[2025.09.19-08.22.03:166][649]LogTexture: Display: Building textures: SkyOcclusion0_10 (AutoDXT, 1024X512)
[2025.09.19-08.22.03:166][649]LogTexture: Display: Building textures: HQ_Lightmap0_10 (AutoDXT, 1024X1024)
[2025.09.19-08.22.03:166][649]LogTexture: Display: Building textures: LQ_Lightmap_0_10 (DXT1, 1024X1024)
[2025.09.19-08.22.03:166][649]LogTexture: Display: Building textures: SkyOcclusion0_11 (AutoDXT, 64X32)
[2025.09.19-08.22.03:166][649]LogTexture: Display: Building textures: HQ_Lightmap0_11 (AutoDXT, 64X64)
[2025.09.19-08.22.03:166][649]LogTexture: Display: Building textures: LQ_Lightmap_0_11 (DXT1, 64X64)
[2025.09.19-08.22.03:305][649]LogTexture: Display: Building textures: ShadowMapTexture2D_5 (G8, 32X32)
[2025.09.19-08.22.03:305][649]LogTexture: Display: Building textures: ShadowMapTexture2D_4 (BGRA8, 1024X1024)
[2025.09.19-08.22.03:305][649]LogTexture: Display: Building textures: ShadowMapTexture2D_1 (BGRA8, 1024X1024)
[2025.09.19-08.22.03:305][649]LogTexture: Display: Building textures: ShadowMapTexture2D_2 (BGRA8, 1024X1024)
[2025.09.19-08.22.03:305][649]LogTexture: Display: Building textures: ShadowMapTexture2D_3 (BGRA8, 1024X1024)
[2025.09.19-08.22.03:305][649]LogTexture: Display: Building textures: ShadowMapTexture2D_0 (BGRA8, 1024X1024)
[2025.09.19-08.22.03:323][649]LogStaticLightingSystem: CheeseFactory_001_BuiltData storing lightmap data for 510 meshes in 21 LightmapResourceClusters (24.3 Meshes per cluster).
[2025.09.19-08.22.03:345][649]Lightmass on CECOMAIN: 19.3 sec total, 181 ms importing, 14 ms setup, 1.70 sec photons, 17.4 sec processing, 0 ms extra exporting [510/510 mappings]. Threads: 4:21 min total, 3:04 min processing.
[2025.09.19-08.22.03:346][649]LogUObjectHash: Compacting FUObjectHashTables data took   1.00ms
[2025.09.19-08.22.03:354][649]LogStaticLightingSystem: Illumination: 27.7 sec (907 ms encoding lightmaps, 130 ms encoding shadowmaps)
[2025.09.19-08.22.03:354][649]LogStaticLightingSystem: Lightmap texture memory:  26.7 MB (26.7 MB streaming, 0.0 MB non-streaming), 22 textures
[2025.09.19-08.22.03:354][649]LogStaticLightingSystem: Shadowmap texture memory: 26.7 MB (26.7 MB streaming, 0.0 MB non-streaming), 6 textures
[2025.09.19-08.22.04:347][649]DumpUnbuiltLightIteractions
[2025.09.19-08.22.04:347][649]Lights with unbuilt interactions: 0
[2025.09.19-08.22.04:347][649]
[2025.09.19-08.22.04:347][649]Primitives with unbuilt interactions: 0
[2025.09.19-08.22.04:357][649]LogSlate: FSceneViewport::OnFocusLost() reason 5
[2025.09.19-08.22.04:414][650]Cmd: MAP CHECK NOTIFYRESULTS
[2025.09.19-08.22.04:414][650]MapCheck: New page: CheeseFactory_001 - Sep 19, 2025, 2:22:04 PM
[2025.09.19-08.22.04:416][650]MapCheck: Map check complete: 0 Error(s), 0 Warning(s), took 2.109ms to complete.
[2025.09.19-08.23.44:654][797]LogEditorFactories: Performing atomic reimport of [E:/GameDev/hggjam/KlixXsrc/materials/bricks/brick02/brick02_mixed.tga]
[2025.09.19-08.23.44:655][797]LogFactory: FactoryCreateFile: Texture2D with ReimportTextureFactory (0 0 E:/GameDev/hggjam/KlixXsrc/materials/bricks/brick02/brick02_mixed.tga)
[2025.09.19-08.23.44:656][797]LogTexture: Display: Building textures: brick02_mixed (AutoDXT, 256X256)
[2025.09.19-08.23.44:673][797]LogEditorFactories: -- imported successfully
[2025.09.19-08.23.45:518][800]LogSlate: FSceneViewport::OnFocusLost() reason 0
[2025.09.19-08.24.07:792][453]LogEditorViewport: Clicking on Actor (LMB): StaticMeshActor (wall01_2x14)
[2025.09.19-08.24.13:244][ 89]LogSlate: FSceneViewport::OnFocusLost() reason 0
[2025.09.19-08.24.17:037][542]LogSlate: FSceneViewport::OnFocusLost() reason 5
[2025.09.19-08.24.17:042][542]Cmd: OBJ SAVEPACKAGE PACKAGE="/Game/Levels/CheeseFactory_001" FILE="E:/GameDev/hggjam/GameJamHGGUnreal4.23.1/GameJamCrew/Content/Levels/CheeseFactory_001.umap" SILENT=true AUTOSAVING=false KEEPDIRTY=false
[2025.09.19-08.24.17:062][542]LogUObjectHash: Compacting FUObjectHashTables data took   0.72ms
[2025.09.19-08.24.17:183][542]LogSavePackage: Moving 'E:/GameDev/hggjam/GameJamHGGUnreal4.23.1/GameJamCrew/Saved/CheeseFactory_00145C40BF24E7965E2A11F6FBB2C11C8A5.tmp' to 'E:/GameDev/hggjam/GameJamHGGUnreal4.23.1/GameJamCrew/Content/Levels/CheeseFactory_001.umap'
[2025.09.19-08.24.17:195][542]Cmd: OBJ SAVEPACKAGE PACKAGE="/Game/Levels/CheeseFactory_001_BuiltData" FILE="E:/GameDev/hggjam/GameJamHGGUnreal4.23.1/GameJamCrew/Content/Levels/CheeseFactory_001_BuiltData.uasset" SILENT=true
[2025.09.19-08.24.17:550][542]LogSavePackage: Moving 'E:/GameDev/hggjam/GameJamHGGUnreal4.23.1/GameJamCrew/Saved/CheeseFactory_001_BuiltData14A95F484015A0FC3A0BD28853F84693.tmp' to 'E:/GameDev/hggjam/GameJamHGGUnreal4.23.1/GameJamCrew/Content/Levels/CheeseFactory_001_BuiltData.uasset'
[2025.09.19-08.24.17:570][543]LogEditorSessionSummary: EditorSessionSummary sent report. Type=Shutdown, SessionId={259A0CF2-4121-A43F-6F0D-7F8A0A7A0823}
[2025.09.19-08.24.32:500][332]LogSlate: FSceneViewport::OnFocusLost() reason 5
[2025.09.19-08.24.32:506][332]Cmd: OBJ SAVEPACKAGE PACKAGE="/Game/Levels/CheeseFactory_001" FILE="E:/GameDev/hggjam/GameJamHGGUnreal4.23.1/GameJamCrew/Content/Levels/CheeseFactory_001.umap" SILENT=true AUTOSAVING=false KEEPDIRTY=false
[2025.09.19-08.24.32:526][332]LogUObjectHash: Compacting FUObjectHashTables data took   0.95ms
[2025.09.19-08.24.32:645][332]LogSavePackage: Moving 'E:/GameDev/hggjam/GameJamHGGUnreal4.23.1/GameJamCrew/Saved/CheeseFactory_0011B87FE8D4CACD23AC7DAA08EAA17DD0E.tmp' to 'E:/GameDev/hggjam/GameJamHGGUnreal4.23.1/GameJamCrew/Content/Levels/CheeseFactory_001.umap'
[2025.09.19-08.24.32:657][332]Cmd: OBJ SAVEPACKAGE PACKAGE="/Game/Levels/CheeseFactory_001_BuiltData" FILE="E:/GameDev/hggjam/GameJamHGGUnreal4.23.1/GameJamCrew/Content/Levels/CheeseFactory_001_BuiltData.uasset" SILENT=true
[2025.09.19-08.24.33:003][332]LogSavePackage: Moving 'E:/GameDev/hggjam/GameJamHGGUnreal4.23.1/GameJamCrew/Saved/CheeseFactory_001_BuiltDataF59A3A094B85ADE954CD5B8EC36A7B94.tmp' to 'E:/GameDev/hggjam/GameJamHGGUnreal4.23.1/GameJamCrew/Content/Levels/CheeseFactory_001_BuiltData.uasset'
[2025.09.19-08.24.40:491][228]LogEditorViewport: Clicking on Actor (LMB): StaticMeshActor (pillar01_half14)
[2025.09.19-08.24.43:789][619]LogSlate: FSceneViewport::OnFocusLost() reason 0
[2025.09.19-08.24.49:531][306]LogEditorViewport: Clicking on Actor (LMB): StaticMeshActor (pillar01_half17)
[2025.09.19-08.24.51:060][485]LogSlate: FSceneViewport::OnFocusLost() reason 0
[2025.09.19-08.24.57:172][216]LogEditorViewport: Clicking on Actor (LMB): StaticMeshActor (pillar01_half11)
[2025.09.19-08.25.00:781][639]LogSlate: FSceneViewport::OnFocusLost() reason 0
[2025.09.19-08.25.08:578][572]LogEditorViewport: Clicking on Actor (LMB): StaticMeshActor (wall01_2x5)
[2025.09.19-08.25.10:571][798]LogSlate: FSceneViewport::OnFocusLost() reason 0
[2025.09.19-08.25.16:034][451]LogEditorViewport: Clicking on Actor (LMB): StaticMeshActor (wall01_2x3)
[2025.09.19-08.25.16:469][500]LogEditorViewport: Clicking on Actor (LMB): StaticMeshActor (pillar01_half)
[2025.09.19-08.25.31:123][210]LogSlate: FSceneViewport::OnFocusLost() reason 0
[2025.09.19-08.25.33:410][476]LogSlate: FSceneViewport::OnFocusLost() reason 5
[2025.09.19-08.25.33:415][476]Cmd: OBJ SAVEPACKAGE PACKAGE="/Game/Levels/CheeseFactory_001" FILE="E:/GameDev/hggjam/GameJamHGGUnreal4.23.1/GameJamCrew/Content/Levels/CheeseFactory_001.umap" SILENT=true AUTOSAVING=false KEEPDIRTY=false
[2025.09.19-08.25.33:435][476]LogUObjectHash: Compacting FUObjectHashTables data took   0.94ms
[2025.09.19-08.25.33:561][476]LogSavePackage: Moving 'E:/GameDev/hggjam/GameJamHGGUnreal4.23.1/GameJamCrew/Saved/CheeseFactory_0019E5DA77C474B090139BCB2A9C005A5B3.tmp' to 'E:/GameDev/hggjam/GameJamHGGUnreal4.23.1/GameJamCrew/Content/Levels/CheeseFactory_001.umap'
[2025.09.19-08.25.33:572][476]Cmd: OBJ SAVEPACKAGE PACKAGE="/Game/Levels/CheeseFactory_001_BuiltData" FILE="E:/GameDev/hggjam/GameJamHGGUnreal4.23.1/GameJamCrew/Content/Levels/CheeseFactory_001_BuiltData.uasset" SILENT=true
[2025.09.19-08.25.33:916][476]LogSavePackage: Moving 'E:/GameDev/hggjam/GameJamHGGUnreal4.23.1/GameJamCrew/Saved/CheeseFactory_001_BuiltDataBB48DC7943B5C379F44BBD86D80C564B.tmp' to 'E:/GameDev/hggjam/GameJamHGGUnreal4.23.1/GameJamCrew/Content/Levels/CheeseFactory_001_BuiltData.uasset'
[2025.09.19-08.25.39:630][155]LogEditorViewport: Clicking on Actor (LMB): StaticMeshActor (floor01_2x6)
[2025.09.19-08.25.46:155][928]LogSlate: FSceneViewport::OnFocusLost() reason 2
[2025.09.19-08.25.49:038][273]MapCheck: New page: Map Check
[2025.09.19-08.25.49:050][273]LogSlate: FSceneViewport::OnFocusLost() reason 5
[2025.09.19-08.25.49:054][273]LightingResults: New page: Lighting Build - Sep 19, 2025, 2:25:49 PM
[2025.09.19-08.25.49:057][273]LogSwarmInterface: [OpenConnection] Registering TCP channel ...
[2025.09.19-08.25.49:061][273]LogSwarmInterface: [OpenConnection] Connecting to agent ...
[2025.09.19-08.25.49:061][273]LogSwarmInterface: [TryOpenConnection] Testing the Agent
[2025.09.19-08.25.49:061][273]LogSwarmInterface: [TryOpenConnection] Opening Connection to Agent
[2025.09.19-08.25.49:062][273]LogSwarmInterface: [TryOpenConnection] Local Process ID is 3812
[2025.09.19-08.25.53:649][273]LogStaticLightingSystem: Running Lightmass w/ ImmediateImport mode ENABLED
[2025.09.19-08.25.53:649][273]LogStaticLightingSystem: Running Lightmass w/ ImmediateProcess mode ENABLED
[2025.09.19-08.25.53:649][273]LogStaticLightingSystem: Running Lightmass w/ Sorting mode ENABLED
[2025.09.19-08.25.53:649][273]LogStaticLightingSystem: Running Lightmass w/ Mapping paddings ENABLED
[2025.09.19-08.25.53:649][273]LogStaticLightingSystem: Running Lightmass w/ Mapping debug paddings DISABLED
[2025.09.19-08.25.53:713][273]LogEditorBuildUtils: Build time 0:04
[2025.09.19-08.25.53:758][274]LogUObjectHash: Compacting FUObjectHashTables data took   1.00ms
[2025.09.19-08.26.11:662][940]Job is a success!
[2025.09.19-08.26.11:688][942]LogSlate: FSceneViewport::OnFocusLost() reason 5
[2025.09.19-08.26.11:721][942]LogVolumetricLightmapImport: Imported Volumetric Lightmap in 0.002s
[2025.09.19-08.26.11:721][942]LogVolumetricLightmapImport:      Indirection Texture 16x16x16 = 0.0Mb
[2025.09.19-08.26.11:721][942]LogVolumetricLightmapImport:      BrickData 70x5x5 = 0.1Mb
[2025.09.19-08.26.11:721][942]LogVolumetricLightmapImport:      Bricks at Level
[2025.09.19-08.26.11:721][942]LogVolumetricLightmapImport:          0: 7.1% covering 100.0% of volume
[2025.09.19-08.26.11:721][942]LogVolumetricLightmapImport:          1: 7.1% covering 1.6% of volume
[2025.09.19-08.26.11:721][942]LogVolumetricLightmapImport:          2: 85.7% covering 0.3% of volume
[2025.09.19-08.26.12:849][942]LogTexture: Display: Building textures: SkyOcclusion0_1 (AutoDXT, 1024X512)
[2025.09.19-08.26.12:849][942]LogTexture: Display: Building textures: LQ_Lightmap_0_1 (DXT1, 1024X1024)
[2025.09.19-08.26.12:849][942]LogTexture: Display: Building textures: HQ_Lightmap0_1 (AutoDXT, 1024X1024)
[2025.09.19-08.26.12:849][942]LogTexture: Display: Building textures: SkyOcclusion1_2 (AutoDXT, 1024X512)
[2025.09.19-08.26.12:849][942]LogTexture: Display: Building textures: HQ_Lightmap1_2 (AutoDXT, 1024X1024)
[2025.09.19-08.26.12:849][942]LogTexture: Display: Building textures: LQ_Lightmap_1_2 (DXT1, 1024X1024)
[2025.09.19-08.26.12:849][942]LogTexture: Display: Building textures: SkyOcclusion1_3 (AutoDXT, 1024X512)
[2025.09.19-08.26.12:849][942]LogTexture: Display: Building textures: HQ_Lightmap1_3 (AutoDXT, 1024X1024)
[2025.09.19-08.26.12:849][942]LogTexture: Display: Building textures: LQ_Lightmap_1_3 (DXT1, 1024X1024)
[2025.09.19-08.26.12:849][942]LogTexture: Display: Building textures: SkyOcclusion0_4 (AutoDXT, 1024X512)
[2025.09.19-08.26.12:849][942]LogTexture: Display: Building textures: HQ_Lightmap0_4 (AutoDXT, 1024X1024)
[2025.09.19-08.26.12:849][942]LogTexture: Display: Building textures: LQ_Lightmap_0_4 (DXT1, 1024X1024)
[2025.09.19-08.26.12:849][942]LogTexture: Display: Building textures: SkyOcclusion1_5 (AutoDXT, 1024X512)
[2025.09.19-08.26.12:849][942]LogTexture: Display: Building textures: HQ_Lightmap1_5 (AutoDXT, 1024X1024)
[2025.09.19-08.26.12:849][942]LogTexture: Display: Building textures: LQ_Lightmap_1_5 (DXT1, 1024X1024)
[2025.09.19-08.26.12:849][942]LogTexture: Display: Building textures: SkyOcclusion0_6 (AutoDXT, 1024X512)
[2025.09.19-08.26.12:849][942]LogTexture: Display: Building textures: HQ_Lightmap0_6 (AutoDXT, 1024X1024)
[2025.09.19-08.26.12:849][942]LogTexture: Display: Building textures: LQ_Lightmap_0_6 (DXT1, 1024X1024)
[2025.09.19-08.26.12:849][942]LogTexture: Display: Building textures: SkyOcclusion0_7 (AutoDXT, 1024X512)
[2025.09.19-08.26.12:849][942]LogTexture: Display: Building textures: HQ_Lightmap0_7 (AutoDXT, 1024X1024)
[2025.09.19-08.26.12:849][942]LogTexture: Display: Building textures: LQ_Lightmap_0_7 (DXT1, 1024X1024)
[2025.09.19-08.26.12:849][942]LogTexture: Display: Building textures: SkyOcclusion1_8 (AutoDXT, 1024X512)
[2025.09.19-08.26.12:849][942]LogTexture: Display: Building textures: HQ_Lightmap1_8 (AutoDXT, 1024X1024)
[2025.09.19-08.26.12:849][942]LogTexture: Display: Building textures: LQ_Lightmap_1_8 (DXT1, 1024X1024)
[2025.09.19-08.26.12:849][942]LogTexture: Display: Building textures: SkyOcclusion1_9 (AutoDXT, 1024X512)
[2025.09.19-08.26.12:849][942]LogTexture: Display: Building textures: HQ_Lightmap1_9 (AutoDXT, 1024X1024)
[2025.09.19-08.26.12:849][942]LogTexture: Display: Building textures: LQ_Lightmap_1_9 (DXT1, 1024X1024)
[2025.09.19-08.26.12:849][942]LogTexture: Display: Building textures: SkyOcclusion1_10 (AutoDXT, 1024X512)
[2025.09.19-08.26.12:849][942]LogTexture: Display: Building textures: HQ_Lightmap1_10 (AutoDXT, 1024X1024)
[2025.09.19-08.26.12:849][942]LogTexture: Display: Building textures: LQ_Lightmap_1_10 (DXT1, 1024X1024)
[2025.09.19-08.26.12:849][942]LogTexture: Display: Building textures: SkyOcclusion1_11 (AutoDXT, 64X32)
[2025.09.19-08.26.12:849][942]LogTexture: Display: Building textures: HQ_Lightmap1_11 (AutoDXT, 64X64)
[2025.09.19-08.26.12:849][942]LogTexture: Display: Building textures: LQ_Lightmap_1_11 (DXT1, 64X64)
[2025.09.19-08.26.12:977][942]LogTexture: Display: Building textures: ShadowMapTexture2D_11 (G8, 32X32)
[2025.09.19-08.26.12:977][942]LogTexture: Display: Building textures: ShadowMapTexture2D_8 (BGRA8, 1024X1024)
[2025.09.19-08.26.12:977][942]LogTexture: Display: Building textures: ShadowMapTexture2D_9 (BGRA8, 1024X1024)
[2025.09.19-08.26.12:977][942]LogTexture: Display: Building textures: ShadowMapTexture2D_7 (BGRA8, 1024X1024)
[2025.09.19-08.26.12:977][942]LogTexture: Display: Building textures: ShadowMapTexture2D_6 (BGRA8, 1024X1024)
[2025.09.19-08.26.12:977][942]LogTexture: Display: Building textures: ShadowMapTexture2D_10 (BGRA8, 1024X1024)
[2025.09.19-08.26.12:991][942]Lightmass on CECOMAIN: 19.0 sec total, 59 ms importing, 10 ms setup, 1.27 sec photons, 17.6 sec processing, 0 ms extra exporting [510/510 mappings]. Threads: 4:24 min total, 3:07 min processing.
[2025.09.19-08.26.12:992][942]LogStaticLightingSystem: CheeseFactory_001_BuiltData storing lightmap data for 510 meshes in 21 LightmapResourceClusters (24.3 Meshes per cluster).
[2025.09.19-08.26.13:015][942]LogUObjectHash: Compacting FUObjectHashTables data took   0.79ms
[2025.09.19-08.26.13:022][942]LogStaticLightingSystem: Illumination: 23.9 sec (908 ms encoding lightmaps, 114 ms encoding shadowmaps)
[2025.09.19-08.26.13:022][942]LogStaticLightingSystem: Lightmap texture memory:  26.7 MB (26.7 MB streaming, 0.0 MB non-streaming), 22 textures
[2025.09.19-08.26.13:022][942]LogStaticLightingSystem: Shadowmap texture memory: 26.7 MB (26.7 MB streaming, 0.0 MB non-streaming), 6 textures
[2025.09.19-08.26.13:667][942]DumpUnbuiltLightIteractions
[2025.09.19-08.26.13:667][942]Lights with unbuilt interactions: 0
[2025.09.19-08.26.13:667][942]
[2025.09.19-08.26.13:667][942]Primitives with unbuilt interactions: 0
[2025.09.19-08.26.13:674][942]LogSlate: FSceneViewport::OnFocusLost() reason 5
[2025.09.19-08.26.13:727][943]Cmd: MAP CHECK NOTIFYRESULTS
[2025.09.19-08.26.13:727][943]MapCheck: New page: CheeseFactory_001 - Sep 19, 2025, 2:26:13 PM
[2025.09.19-08.26.13:729][943]MapCheck: Map check complete: 0 Error(s), 0 Warning(s), took 1.407ms to complete.
[2025.09.19-08.26.34:086][384]LogSlate: FSceneViewport::OnFocusLost() reason 5
[2025.09.19-08.26.34:091][384]Cmd: OBJ SAVEPACKAGE PACKAGE="/Game/Levels/CheeseFactory_001" FILE="E:/GameDev/hggjam/GameJamHGGUnreal4.23.1/GameJamCrew/Content/Levels/CheeseFactory_001.umap" SILENT=true AUTOSAVING=false KEEPDIRTY=false
[2025.09.19-08.26.34:111][384]LogUObjectHash: Compacting FUObjectHashTables data took   0.72ms
[2025.09.19-08.26.34:231][384]LogSavePackage: Moving 'E:/GameDev/hggjam/GameJamHGGUnreal4.23.1/GameJamCrew/Saved/CheeseFactory_0018E24D56144880A7DA83D5896A167A8AF.tmp' to 'E:/GameDev/hggjam/GameJamHGGUnreal4.23.1/GameJamCrew/Content/Levels/CheeseFactory_001.umap'
[2025.09.19-08.26.34:243][384]Cmd: OBJ SAVEPACKAGE PACKAGE="/Game/Levels/CheeseFactory_001_BuiltData" FILE="E:/GameDev/hggjam/GameJamHGGUnreal4.23.1/GameJamCrew/Content/Levels/CheeseFactory_001_BuiltData.uasset" SILENT=true
[2025.09.19-08.26.34:582][384]LogSavePackage: Moving 'E:/GameDev/hggjam/GameJamHGGUnreal4.23.1/GameJamCrew/Saved/CheeseFactory_001_BuiltDataF934EA3A4F6BA487CA9620BCC10CF3BF.tmp' to 'E:/GameDev/hggjam/GameJamHGGUnreal4.23.1/GameJamCrew/Content/Levels/CheeseFactory_001_BuiltData.uasset'
[2025.09.19-08.26.37:078][682]LogSlate: FSceneViewport::OnFocusLost() reason 0
[2025.09.19-08.30.38:484][167]LogSlate: FSceneViewport::OnFocusLost() reason 0
[2025.09.19-08.30.55:771][238]LogEditorViewport: Clicking on Actor (LMB): StaticMeshActor (wall01_2x61)
[2025.09.19-08.31.04:092][222]LogSlate: FSceneViewport::OnFocusLost() reason 0
[2025.09.19-08.31.13:912][395]LogSlate: FSceneViewport::OnFocusLost() reason 5
[2025.09.19-08.31.13:918][395]Cmd: OBJ SAVEPACKAGE PACKAGE="/Game/Levels/CheeseFactory_001" FILE="E:/GameDev/hggjam/GameJamHGGUnreal4.23.1/GameJamCrew/Content/Levels/CheeseFactory_001.umap" SILENT=true AUTOSAVING=false KEEPDIRTY=false
[2025.09.19-08.31.13:938][395]LogUObjectHash: Compacting FUObjectHashTables data took   1.21ms
[2025.09.19-08.31.14:064][395]LogSavePackage: Moving 'E:/GameDev/hggjam/GameJamHGGUnreal4.23.1/GameJamCrew/Saved/CheeseFactory_00188643741452CFBAACB6387B9723A2785.tmp' to 'E:/GameDev/hggjam/GameJamHGGUnreal4.23.1/GameJamCrew/Content/Levels/CheeseFactory_001.umap'
[2025.09.19-08.31.14:075][395]Cmd: OBJ SAVEPACKAGE PACKAGE="/Game/Levels/CheeseFactory_001_BuiltData" FILE="E:/GameDev/hggjam/GameJamHGGUnreal4.23.1/GameJamCrew/Content/Levels/CheeseFactory_001_BuiltData.uasset" SILENT=true
[2025.09.19-08.31.14:439][395]LogSavePackage: Moving 'E:/GameDev/hggjam/GameJamHGGUnreal4.23.1/GameJamCrew/Saved/CheeseFactory_001_BuiltData3EF07A6344EC12560375F1910A6EE5D1.tmp' to 'E:/GameDev/hggjam/GameJamHGGUnreal4.23.1/GameJamCrew/Content/Levels/CheeseFactory_001_BuiltData.uasset'
[2025.09.19-08.37.37:604][736]LogSlate: FSceneViewport::OnFocusLost() reason 0
[2025.09.19-08.37.55:943][608]LogEditorFactories: Performing atomic reimport of [E:/GameDev/hggjam/KlixXsrc/models/modular/walls/wall01_2x3_window01.fbx]
[2025.09.19-08.37.55:964][608]LogFbx: Loading FBX Scene from E:/GameDev/hggjam/KlixXsrc/models/modular/walls/wall01_2x3_window01.fbx
[2025.09.19-08.37.55:968][608]LogFbx: FBX Scene Loaded Succesfully
[2025.09.19-08.37.55:972][608]LogFbx: Display: Triangulating static mesh wall01_2x3_window01
[2025.09.19-08.37.55:985][608]LogStaticMesh: Building static mesh wall01_2x3_window01...
[2025.09.19-08.37.55:987][608]LogStaticMesh: Built static mesh [0.00s] /Game/LevelAssets/Models/modular/walls/wall01_2x3_window01.wall01_2x3_window01
[2025.09.19-08.37.55:990][608]LogStaticMesh: Warning: wall01_2x3_window01 has degenerate tangent bases which will result in incorrect shading.  MikkTSpace relies on tangent bases and may result in mesh corruption, consider disabling this option.
[2025.09.19-08.37.55:990][608]LogStaticMesh: Warning: wall01_2x3_window01 has some nearly zero bi-normals which can create some issues. (Tolerance of 1E-4)
[2025.09.19-08.37.55:995][608]LogEditorFactories: -- imported successfully
[2025.09.19-08.37.55:996][608]FBXImport: Warning: No smoothing group information was found in this FBX scene.  Please make sure to enable the 'Export Smoothing Groups' option in the FBX Exporter plug-in before exporting the file.  Even for tools that don't support smoothing groups, the FBX Exporter will generate appropriate smoothing data at export-time so that correct vertex normals can be inferred while importing. 
[2025.09.19-08.37.55:996][608]FBXImport: Warning: wall01_2x3_window01 has degenerate tangent bases which will result in incorrect shading.  MikkTSpace relies on tangent bases and may result in mesh corruption, consider disabling this option. 
[2025.09.19-08.37.55:996][608]FBXImport: Warning: wall01_2x3_window01 has some nearly zero bi-normals which can create some issues. (Tolerance of 1E-4) 
[2025.09.19-08.40.10:791][222]LogEditorFactories: Performing atomic reimport of [E:/GameDev/hggjam/KlixXsrc/models/modular/walls/wall01_2x3_window01.fbx]
[2025.09.19-08.40.10:804][222]LogFbx: Loading FBX Scene from E:/GameDev/hggjam/KlixXsrc/models/modular/walls/wall01_2x3_window01.fbx
[2025.09.19-08.40.10:807][222]LogFbx: FBX Scene Loaded Succesfully
[2025.09.19-08.40.10:808][222]LogFbx: Display: Triangulating static mesh wall01_2x3_window01
[2025.09.19-08.40.10:820][222]LogStaticMesh: Building static mesh wall01_2x3_window01...
[2025.09.19-08.40.10:822][222]LogStaticMesh: Built static mesh [0.00s] /Game/LevelAssets/Models/modular/walls/wall01_2x3_window01.wall01_2x3_window01
[2025.09.19-08.40.10:823][222]LogStaticMesh: Warning: wall01_2x3_window01 has degenerate tangent bases which will result in incorrect shading.  MikkTSpace relies on tangent bases and may result in mesh corruption, consider disabling this option.
[2025.09.19-08.40.10:823][222]LogStaticMesh: Warning: wall01_2x3_window01 has some nearly zero bi-normals which can create some issues. (Tolerance of 1E-4)
[2025.09.19-08.40.10:827][222]LogEditorFactories: -- imported successfully
[2025.09.19-08.40.10:829][222]FBXImport: Warning: No smoothing group information was found in this FBX scene.  Please make sure to enable the 'Export Smoothing Groups' option in the FBX Exporter plug-in before exporting the file.  Even for tools that don't support smoothing groups, the FBX Exporter will generate appropriate smoothing data at export-time so that correct vertex normals can be inferred while importing. 
[2025.09.19-08.40.10:829][222]FBXImport: Warning: wall01_2x3_window01 has degenerate tangent bases which will result in incorrect shading.  MikkTSpace relies on tangent bases and may result in mesh corruption, consider disabling this option. 
[2025.09.19-08.40.10:829][222]FBXImport: Warning: wall01_2x3_window01 has some nearly zero bi-normals which can create some issues. (Tolerance of 1E-4) 
[2025.09.19-08.40.18:921][ 79]LogSlate: FSceneViewport::OnFocusLost() reason 5
[2025.09.19-08.40.18:926][ 79]Cmd: OBJ SAVEPACKAGE PACKAGE="/Game/Levels/CheeseFactory_001" FILE="E:/GameDev/hggjam/GameJamHGGUnreal4.23.1/GameJamCrew/Content/Levels/CheeseFactory_001.umap" SILENT=true AUTOSAVING=false KEEPDIRTY=false
[2025.09.19-08.40.18:946][ 79]LogUObjectHash: Compacting FUObjectHashTables data took   1.17ms
[2025.09.19-08.40.19:070][ 79]LogSavePackage: Moving 'E:/GameDev/hggjam/GameJamHGGUnreal4.23.1/GameJamCrew/Saved/CheeseFactory_001414AB4484B10AE34780F558F6CFCA8D7.tmp' to 'E:/GameDev/hggjam/GameJamHGGUnreal4.23.1/GameJamCrew/Content/Levels/CheeseFactory_001.umap'
[2025.09.19-08.40.19:082][ 79]Cmd: OBJ SAVEPACKAGE PACKAGE="/Game/Levels/CheeseFactory_001_BuiltData" FILE="E:/GameDev/hggjam/GameJamHGGUnreal4.23.1/GameJamCrew/Content/Levels/CheeseFactory_001_BuiltData.uasset" SILENT=true
[2025.09.19-08.40.19:439][ 79]LogSavePackage: Moving 'E:/GameDev/hggjam/GameJamHGGUnreal4.23.1/GameJamCrew/Saved/CheeseFactory_001_BuiltDataC4D7D156471B1EF4C987319F19DD381A.tmp' to 'E:/GameDev/hggjam/GameJamHGGUnreal4.23.1/GameJamCrew/Content/Levels/CheeseFactory_001_BuiltData.uasset'
[2025.09.19-08.42.09:891][797]LogEditorFactories: Performing atomic reimport of [E:/GameDev/hggjam/KlixXsrc/models/modular/walls/wall01_garage_arch.fbx]
[2025.09.19-08.42.09:902][797]LogFbx: Loading FBX Scene from E:/GameDev/hggjam/KlixXsrc/models/modular/walls/wall01_garage_arch.fbx
[2025.09.19-08.42.09:905][797]LogFbx: FBX Scene Loaded Succesfully
[2025.09.19-08.42.09:907][797]LogFbx: Display: Triangulating static mesh wall01_garage_arch
[2025.09.19-08.42.09:917][797]LogStaticMesh: Building static mesh wall01_garage_arch...
[2025.09.19-08.42.09:920][797]LogStaticMesh: Built static mesh [0.00s] /Game/LevelAssets/Models/modular/walls/wall01_garage_arch.wall01_garage_arch
[2025.09.19-08.42.09:926][797]LogEditorFactories: -- imported successfully
[2025.09.19-08.42.09:928][797]FBXImport: Warning: No smoothing group information was found in this FBX scene.  Please make sure to enable the 'Export Smoothing Groups' option in the FBX Exporter plug-in before exporting the file.  Even for tools that don't support smoothing groups, the FBX Exporter will generate appropriate smoothing data at export-time so that correct vertex normals can be inferred while importing. 
[2025.09.19-08.42.15:960][407]LogSlate: FSceneViewport::OnFocusLost() reason 5
[2025.09.19-08.42.15:967][407]Cmd: OBJ SAVEPACKAGE PACKAGE="/Game/Levels/CheeseFactory_001" FILE="E:/GameDev/hggjam/GameJamHGGUnreal4.23.1/GameJamCrew/Content/Levels/CheeseFactory_001.umap" SILENT=true AUTOSAVING=false KEEPDIRTY=false
[2025.09.19-08.42.15:986][407]LogUObjectHash: Compacting FUObjectHashTables data took   0.93ms
[2025.09.19-08.42.16:109][407]LogSavePackage: Moving 'E:/GameDev/hggjam/GameJamHGGUnreal4.23.1/GameJamCrew/Saved/CheeseFactory_001096A7C54496CC203AB94ACA8136A8C75.tmp' to 'E:/GameDev/hggjam/GameJamHGGUnreal4.23.1/GameJamCrew/Content/Levels/CheeseFactory_001.umap'
[2025.09.19-08.42.16:121][407]Cmd: OBJ SAVEPACKAGE PACKAGE="/Game/Levels/CheeseFactory_001_BuiltData" FILE="E:/GameDev/hggjam/GameJamHGGUnreal4.23.1/GameJamCrew/Content/Levels/CheeseFactory_001_BuiltData.uasset" SILENT=true
[2025.09.19-08.42.16:460][407]LogSavePackage: Moving 'E:/GameDev/hggjam/GameJamHGGUnreal4.23.1/GameJamCrew/Saved/CheeseFactory_001_BuiltDataF40EC50C44D7FE22380B77B07051F4AF.tmp' to 'E:/GameDev/hggjam/GameJamHGGUnreal4.23.1/GameJamCrew/Content/Levels/CheeseFactory_001_BuiltData.uasset'
[2025.09.19-08.42.43:559][652]LogEditorViewport: Clicking on Actor (LMB): StaticMeshActor (floor01_2x23)
[2025.09.19-08.42.44:929][813]LogEditorViewport: Clicking on Actor (LMB): StaticMeshActor (floor01_2x28)
[2025.09.19-08.42.48:732][267]LogSlate: FSceneViewport::OnFocusLost() reason 0
[2025.09.19-08.43.01:471][789]LogAssetEditorManager: Opening Asset editor for Material /Game/LevelAssets/Materials/tiles/tile01/M_tiles01.M_tiles01
[2025.09.19-08.43.01:472][789]LogMaterial: Display: Missing cached shader map for material M_tiles01, compiling. 
[2025.09.19-08.43.01:506][789]LogMaterial: Display: Missing cached shader map for material M_tiles01, compiling. 
[2025.09.19-08.43.01:514][789]LogMaterial: Display: Missing cached shader map for material M_tiles01, compiling. 
[2025.09.19-08.43.01:526][789]LogShaderCompilers: Display: Worker (1/13): shaders left to compile 21
[2025.09.19-08.43.01:526][789]LogShaderCompilers: Display: Worker (2/13): shaders left to compile 20
[2025.09.19-08.43.01:526][789]LogShaderCompilers: Display: Worker (3/13): shaders left to compile 19
[2025.09.19-08.43.01:526][789]LogShaderCompilers: Display: Worker (4/13): shaders left to compile 18
[2025.09.19-08.43.01:526][789]LogShaderCompilers: Display: Worker (5/13): shaders left to compile 17
[2025.09.19-08.43.01:526][789]LogShaderCompilers: Display: Worker (6/13): shaders left to compile 16
[2025.09.19-08.43.01:526][789]LogShaderCompilers: Display: Worker (7/13): shaders left to compile 15
[2025.09.19-08.43.01:526][789]LogShaderCompilers: Display: Worker (8/13): shaders left to compile 14
[2025.09.19-08.43.01:526][789]LogShaderCompilers: Display: Worker (9/13): shaders left to compile 13
[2025.09.19-08.43.01:526][789]LogShaderCompilers: Display: Worker (10/13): shaders left to compile 12
[2025.09.19-08.43.01:526][789]LogShaderCompilers: Display: Worker (11/13): shaders left to compile 11
[2025.09.19-08.43.01:526][789]LogShaderCompilers: Display: Worker (12/13): shaders left to compile 10
[2025.09.19-08.43.01:714][799]LogShaderCompilers: Display: Worker (8/13): shaders left to compile 9
[2025.09.19-08.43.01:771][800]LogShaderCompilers: Display: Worker (1/13): shaders left to compile 8
[2025.09.19-08.43.01:771][800]LogShaderCompilers: Display: Worker (2/13): shaders left to compile 7
[2025.09.19-08.43.01:771][800]LogShaderCompilers: Display: Worker (3/13): shaders left to compile 6
[2025.09.19-08.43.01:771][800]LogShaderCompilers: Display: Worker (4/13): shaders left to compile 5
[2025.09.19-08.43.01:771][800]LogShaderCompilers: Display: Worker (5/13): shaders left to compile 4
[2025.09.19-08.43.01:771][800]LogShaderCompilers: Display: Worker (7/13): shaders left to compile 3
[2025.09.19-08.43.01:775][801]LogShaderCompilers: Display: Worker (9/13): shaders left to compile 2
[2025.09.19-08.43.01:775][801]LogShaderCompilers: Display: Worker (6/13): shaders left to compile 1
[2025.09.19-08.43.02:043][817]MaterialEditorStats: Base pass shader: 117 instructions
[2025.09.19-08.43.02:043][817]MaterialEditorStats: Base pass shader with Volumetric Lightmap: 191 instructions
[2025.09.19-08.43.02:043][817]MaterialEditorStats: Base pass vertex shader: 40 instructions
[2025.09.19-08.43.02:043][817]MaterialEditorStats: Texture samplers: 3/16
[2025.09.19-08.43.04:698][129]LogMaterial: Display: Missing cached shader map for material M_tiles01, compiling. 
[2025.09.19-08.43.04:705][129]LogMaterial: Display: Missing cached shader map for material FMatExpressionPreview MaterialExpressionTextureSample_0, compiling. 
[2025.09.19-08.43.04:712][129]LogShaderCompilers: Display: Worker (1/13): shaders left to compile 21
[2025.09.19-08.43.04:712][129]LogShaderCompilers: Display: Worker (2/13): shaders left to compile 20
[2025.09.19-08.43.04:712][129]LogShaderCompilers: Display: Worker (3/13): shaders left to compile 19
[2025.09.19-08.43.04:712][129]LogShaderCompilers: Display: Worker (4/13): shaders left to compile 18
[2025.09.19-08.43.04:712][129]LogShaderCompilers: Display: Worker (5/13): shaders left to compile 17
[2025.09.19-08.43.04:712][129]LogShaderCompilers: Display: Worker (6/13): shaders left to compile 16
[2025.09.19-08.43.04:712][129]LogShaderCompilers: Display: Worker (7/13): shaders left to compile 15
[2025.09.19-08.43.04:712][129]LogShaderCompilers: Display: Worker (8/13): shaders left to compile 14
[2025.09.19-08.43.04:712][129]LogShaderCompilers: Display: Worker (9/13): shaders left to compile 13
[2025.09.19-08.43.04:712][129]LogShaderCompilers: Display: Worker (10/13): shaders left to compile 12
[2025.09.19-08.43.04:712][129]LogShaderCompilers: Display: Worker (11/13): shaders left to compile 11
[2025.09.19-08.43.04:712][129]LogShaderCompilers: Display: Worker (12/13): shaders left to compile 10
[2025.09.19-08.43.04:716][129]LogMaterial: Display: Missing cached shader map for material FMatExpressionPreview MaterialExpressionTextureSample_0, compiling. 
[2025.09.19-08.43.04:727][129]LogMaterial: Display: Missing cached shader map for material M_tiles01, compiling. 
[2025.09.19-08.43.04:737][129]LogMaterial: Display: Missing cached shader map for material FMatExpressionPreview MaterialExpressionTextureSample_1, compiling. 
[2025.09.19-08.43.04:752][129]LogMaterial: Display: Missing cached shader map for material FMatExpressionPreview MaterialExpressionTextureSample_0, compiling. 
[2025.09.19-08.43.04:758][129]LogMaterial: Display: Missing cached shader map for material FMatExpressionPreview MaterialExpressionTextureSample_1, compiling. 
[2025.09.19-08.43.04:770][129]LogMaterial: Display: Missing cached shader map for material M_tiles01, compiling. 
[2025.09.19-08.43.04:782][129]LogShaderCompilers: Display: Worker (8/13): shaders left to compile 8
[2025.09.19-08.43.04:784][129]LogMaterial: Display: Missing cached shader map for material FMatExpressionPreview MaterialExpressionTextureSample_2, compiling. 
[2025.09.19-08.43.04:798][129]LogMaterial: Display: Missing cached shader map for material FMatExpressionPreview MaterialExpressionTextureSample_0, compiling. 
[2025.09.19-08.43.04:803][129]LogMaterial: Display: Missing cached shader map for material FMatExpressionPreview MaterialExpressionTextureSample_1, compiling. 
[2025.09.19-08.43.04:808][129]LogMaterial: Display: Missing cached shader map for material FMatExpressionPreview MaterialExpressionTextureSample_2, compiling. 
[2025.09.19-08.43.04:848][130]LogShaderCompilers: Display: Worker (3/13): shaders left to compile 33
[2025.09.19-08.43.04:848][130]LogShaderCompilers: Display: Worker (2/13): shaders left to compile 32
[2025.09.19-08.43.04:848][130]LogShaderCompilers: Display: Worker (1/13): shaders left to compile 31
[2025.09.19-08.43.04:848][130]LogShaderCompilers: Display: Worker (9/13): shaders left to compile 30
[2025.09.19-08.43.04:876][130]LogShaderCompilers: Display: Worker (6/13): shaders left to compile 29
[2025.09.19-08.43.04:876][130]LogShaderCompilers: Display: Worker (5/13): shaders left to compile 28
[2025.09.19-08.43.04:876][130]LogShaderCompilers: Display: Worker (7/13): shaders left to compile 27
[2025.09.19-08.43.04:876][130]LogShaderCompilers: Display: Worker (4/13): shaders left to compile 26
[2025.09.19-08.43.04:876][130]LogShaderCompilers: Display: Worker (12/13): shaders left to compile 25
[2025.09.19-08.43.04:933][134]LogShaderCompilers: Display: Worker (4/13): shaders left to compile 24
[2025.09.19-08.43.04:968][136]LogShaderCompilers: Display: Worker (2/13): shaders left to compile 23
[2025.09.19-08.43.04:984][137]LogShaderCompilers: Display: Worker (3/13): shaders left to compile 22
[2025.09.19-08.43.04:985][137]LogShaderCompilers: Display: Worker (10/13): shaders left to compile 21
[2025.09.19-08.43.04:985][137]LogShaderCompilers: Display: Worker (1/13): shaders left to compile 20
[2025.09.19-08.43.05:000][138]LogShaderCompilers: Display: Worker (11/13): shaders left to compile 19
[2025.09.19-08.43.05:000][138]LogShaderCompilers: Display: Worker (9/13): shaders left to compile 18
[2025.09.19-08.43.05:000][138]LogShaderCompilers: Display: Worker (8/13): shaders left to compile 17
[2025.09.19-08.43.05:015][139]LogShaderCompilers: Display: Worker (5/13): shaders left to compile 16
[2025.09.19-08.43.05:015][139]LogShaderCompilers: Display: Worker (7/13): shaders left to compile 15
[2025.09.19-08.43.05:015][139]LogShaderCompilers: Display: Worker (6/13): shaders left to compile 14
[2025.09.19-08.43.05:015][139]LogShaderCompilers: Display: Worker (12/13): shaders left to compile 13
[2025.09.19-08.43.05:156][145]LogShaderCompilers: Display: Worker (3/13): shaders left to compile 12
[2025.09.19-08.43.05:195][147]LogShaderCompilers: Display: Worker (5/13): shaders left to compile 11
[2025.09.19-08.43.05:195][147]LogShaderCompilers: Display: Worker (11/13): shaders left to compile 10
[2025.09.19-08.43.05:208][148]LogShaderCompilers: Display: Worker (12/13): shaders left to compile 9
[2025.09.19-08.43.05:252][151]LogShaderCompilers: Display: Worker (4/13): shaders left to compile 8
[2025.09.19-08.43.05:279][152]LogShaderCompilers: Display: Worker (7/13): shaders left to compile 7
[2025.09.19-08.43.05:279][152]LogShaderCompilers: Display: Worker (6/13): shaders left to compile 6
[2025.09.19-08.43.05:299][153]LogShaderCompilers: Display: Worker (10/13): shaders left to compile 5
[2025.09.19-08.43.05:299][153]LogShaderCompilers: Display: Worker (1/13): shaders left to compile 4
[2025.09.19-08.43.05:299][153]LogShaderCompilers: Display: Worker (9/13): shaders left to compile 3
[2025.09.19-08.43.05:320][154]LogShaderCompilers: Display: Worker (2/13): shaders left to compile 2
[2025.09.19-08.43.05:339][155]LogShaderCompilers: Display: Worker (8/13): shaders left to compile 1
[2025.09.19-08.43.05:367][156]MaterialEditorStats: Base pass shader: 117 instructions
[2025.09.19-08.43.05:367][156]MaterialEditorStats: Base pass shader with Volumetric Lightmap: 191 instructions
[2025.09.19-08.43.05:367][156]MaterialEditorStats: Base pass vertex shader: 40 instructions
[2025.09.19-08.43.05:367][156]MaterialEditorStats: Texture samplers: 3/16
[2025.09.19-08.43.09:369][628]LogMaterial: Display: Missing cached shader map for material M_tiles01, compiling. 
[2025.09.19-08.43.09:377][628]LogMaterial: Display: Missing cached shader map for material FMatExpressionPreview MaterialExpressionTextureSample_0, compiling. 
[2025.09.19-08.43.09:380][628]LogShaderCompilers: Display: Worker (1/13): shaders left to compile 25
[2025.09.19-08.43.09:380][628]LogShaderCompilers: Display: Worker (2/13): shaders left to compile 24
[2025.09.19-08.43.09:380][628]LogShaderCompilers: Display: Worker (3/13): shaders left to compile 23
[2025.09.19-08.43.09:380][628]LogShaderCompilers: Display: Worker (4/13): shaders left to compile 22
[2025.09.19-08.43.09:380][628]LogShaderCompilers: Display: Worker (5/13): shaders left to compile 21
[2025.09.19-08.43.09:380][628]LogShaderCompilers: Display: Worker (6/13): shaders left to compile 20
[2025.09.19-08.43.09:380][628]LogShaderCompilers: Display: Worker (7/13): shaders left to compile 19
[2025.09.19-08.43.09:380][628]LogShaderCompilers: Display: Worker (8/13): shaders left to compile 18
[2025.09.19-08.43.09:380][628]LogShaderCompilers: Display: Worker (9/13): shaders left to compile 17
[2025.09.19-08.43.09:380][628]LogShaderCompilers: Display: Worker (10/13): shaders left to compile 16
[2025.09.19-08.43.09:380][628]LogShaderCompilers: Display: Worker (11/13): shaders left to compile 15
[2025.09.19-08.43.09:380][628]LogShaderCompilers: Display: Worker (12/13): shaders left to compile 14
[2025.09.19-08.43.09:461][633]LogShaderCompilers: Display: Worker (8/13): shaders left to compile 13
[2025.09.19-08.43.09:546][636]LogShaderCompilers: Display: Worker (9/13): shaders left to compile 12
[2025.09.19-08.43.09:546][636]LogShaderCompilers: Display: Worker (1/13): shaders left to compile 11
[2025.09.19-08.43.09:546][636]LogShaderCompilers: Display: Worker (2/13): shaders left to compile 10
[2025.09.19-08.43.09:546][636]LogShaderCompilers: Display: Worker (3/13): shaders left to compile 9
[2025.09.19-08.43.09:546][636]LogShaderCompilers: Display: Worker (7/13): shaders left to compile 8
[2025.09.19-08.43.09:561][637]LogShaderCompilers: Display: Worker (4/13): shaders left to compile 7
[2025.09.19-08.43.09:561][637]LogShaderCompilers: Display: Worker (5/13): shaders left to compile 6
[2025.09.19-08.43.09:561][637]LogShaderCompilers: Display: Worker (6/13): shaders left to compile 5
[2025.09.19-08.43.09:579][638]LogShaderCompilers: Display: Worker (12/13): shaders left to compile 4
[2025.09.19-08.43.09:697][645]LogShaderCompilers: Display: Worker (10/13): shaders left to compile 3
[2025.09.19-08.43.09:697][645]LogShaderCompilers: Display: Worker (11/13): shaders left to compile 2
[2025.09.19-08.43.09:756][648]LogShaderCompilers: Display: Worker (1/13): shaders left to compile 1
[2025.09.19-08.43.09:848][655]MaterialEditorStats: Base pass shader: 123 instructions
[2025.09.19-08.43.09:848][655]MaterialEditorStats: Base pass shader with Volumetric Lightmap: 197 instructions
[2025.09.19-08.43.09:848][655]MaterialEditorStats: Base pass vertex shader: 44 instructions
[2025.09.19-08.43.09:848][655]MaterialEditorStats: Texture samplers: 4/16
[2025.09.19-08.43.09:848][655]MaterialEditorStats: Texture Lookups (Est.): VS(0), PS(1)
[2025.09.19-08.43.09:848][655]MaterialEditorStats: User interpolators: 2/4 Scalars (1/4 Vectors) (TexCoords: 2, Custom: 0)
[2025.09.19-08.43.13:314][ 69]LogMaterial: Display: Missing cached shader map for material M_tiles01, compiling. 
[2025.09.19-08.43.13:326][ 69]LogMaterial: Display: Missing cached shader map for material FMatExpressionPreview MaterialExpressionTextureSample_1, compiling. 
[2025.09.19-08.43.13:330][ 69]LogShaderCompilers: Display: Worker (1/13): shaders left to compile 21
[2025.09.19-08.43.13:330][ 69]LogShaderCompilers: Display: Worker (2/13): shaders left to compile 20
[2025.09.19-08.43.13:330][ 69]LogShaderCompilers: Display: Worker (3/13): shaders left to compile 19
[2025.09.19-08.43.13:330][ 69]LogShaderCompilers: Display: Worker (4/13): shaders left to compile 18
[2025.09.19-08.43.13:330][ 69]LogShaderCompilers: Display: Worker (5/13): shaders left to compile 17
[2025.09.19-08.43.13:330][ 69]LogShaderCompilers: Display: Worker (6/13): shaders left to compile 16
[2025.09.19-08.43.13:330][ 69]LogShaderCompilers: Display: Worker (7/13): shaders left to compile 15
[2025.09.19-08.43.13:330][ 69]LogShaderCompilers: Display: Worker (8/13): shaders left to compile 14
[2025.09.19-08.43.13:330][ 69]LogShaderCompilers: Display: Worker (9/13): shaders left to compile 13
[2025.09.19-08.43.13:330][ 69]LogShaderCompilers: Display: Worker (10/13): shaders left to compile 12
[2025.09.19-08.43.13:330][ 69]LogShaderCompilers: Display: Worker (11/13): shaders left to compile 11
[2025.09.19-08.43.13:330][ 69]LogShaderCompilers: Display: Worker (12/13): shaders left to compile 10
[2025.09.19-08.43.13:449][ 74]LogShaderCompilers: Display: Worker (8/13): shaders left to compile 13
[2025.09.19-08.43.13:488][ 77]LogShaderCompilers: Display: Worker (3/13): shaders left to compile 12
[2025.09.19-08.43.13:488][ 77]LogShaderCompilers: Display: Worker (9/13): shaders left to compile 11
[2025.09.19-08.43.13:488][ 77]LogShaderCompilers: Display: Worker (4/13): shaders left to compile 10
[2025.09.19-08.43.13:488][ 77]LogShaderCompilers: Display: Worker (2/13): shaders left to compile 9
[2025.09.19-08.43.13:488][ 77]LogShaderCompilers: Display: Worker (7/13): shaders left to compile 8
[2025.09.19-08.43.13:502][ 78]LogShaderCompilers: Display: Worker (1/13): shaders left to compile 7
[2025.09.19-08.43.13:502][ 78]LogShaderCompilers: Display: Worker (5/13): shaders left to compile 6
[2025.09.19-08.43.13:502][ 78]LogShaderCompilers: Display: Worker (6/13): shaders left to compile 5
[2025.09.19-08.43.13:531][ 80]LogShaderCompilers: Display: Worker (12/13): shaders left to compile 4
[2025.09.19-08.43.13:629][ 84]LogShaderCompilers: Display: Worker (10/13): shaders left to compile 3
[2025.09.19-08.43.13:653][ 85]LogShaderCompilers: Display: Worker (11/13): shaders left to compile 2
[2025.09.19-08.43.13:670][ 86]LogShaderCompilers: Display: Worker (7/13): shaders left to compile 1
[2025.09.19-08.43.13:787][ 95]MaterialEditorStats: Base pass shader: 126 instructions
[2025.09.19-08.43.13:787][ 95]MaterialEditorStats: Base pass shader with Volumetric Lightmap: 200 instructions
[2025.09.19-08.43.13:787][ 95]MaterialEditorStats: Base pass vertex shader: 44 instructions
[2025.09.19-08.43.13:787][ 95]MaterialEditorStats: Texture samplers: 5/16
[2025.09.19-08.43.13:787][ 95]MaterialEditorStats: Texture Lookups (Est.): VS(0), PS(2)
[2025.09.19-08.43.13:787][ 95]MaterialEditorStats: User interpolators: 2/4 Scalars (1/4 Vectors) (TexCoords: 2, Custom: 0)
[2025.09.19-08.43.19:354][756]LogMaterial: Display: Missing cached shader map for material M_tiles01, compiling. 
[2025.09.19-08.43.19:366][756]LogMaterial: Display: Missing cached shader map for material FMatExpressionPreview MaterialExpressionTextureSample_2, compiling. 
[2025.09.19-08.43.19:381][757]LogShaderCompilers: Display: Worker (1/13): shaders left to compile 25
[2025.09.19-08.43.19:381][757]LogShaderCompilers: Display: Worker (2/13): shaders left to compile 24
[2025.09.19-08.43.19:381][757]LogShaderCompilers: Display: Worker (3/13): shaders left to compile 23
[2025.09.19-08.43.19:381][757]LogShaderCompilers: Display: Worker (4/13): shaders left to compile 22
[2025.09.19-08.43.19:381][757]LogShaderCompilers: Display: Worker (5/13): shaders left to compile 21
[2025.09.19-08.43.19:381][757]LogShaderCompilers: Display: Worker (6/13): shaders left to compile 20
[2025.09.19-08.43.19:381][757]LogShaderCompilers: Display: Worker (7/13): shaders left to compile 19
[2025.09.19-08.43.19:381][757]LogShaderCompilers: Display: Worker (8/13): shaders left to compile 18
[2025.09.19-08.43.19:381][757]LogShaderCompilers: Display: Worker (9/13): shaders left to compile 17
[2025.09.19-08.43.19:381][757]LogShaderCompilers: Display: Worker (10/13): shaders left to compile 16
[2025.09.19-08.43.19:381][757]LogShaderCompilers: Display: Worker (11/13): shaders left to compile 15
[2025.09.19-08.43.19:381][757]LogShaderCompilers: Display: Worker (12/13): shaders left to compile 14
[2025.09.19-08.43.19:457][761]LogShaderCompilers: Display: Worker (8/13): shaders left to compile 13
[2025.09.19-08.43.19:509][764]LogShaderCompilers: Display: Worker (2/13): shaders left to compile 12
[2025.09.19-08.43.19:523][765]LogShaderCompilers: Display: Worker (3/13): shaders left to compile 11
[2025.09.19-08.43.19:539][766]LogShaderCompilers: Display: Worker (5/13): shaders left to compile 10
[2025.09.19-08.43.19:539][766]LogShaderCompilers: Display: Worker (4/13): shaders left to compile 9
[2025.09.19-08.43.19:539][766]LogShaderCompilers: Display: Worker (9/13): shaders left to compile 8
[2025.09.19-08.43.19:539][766]LogShaderCompilers: Display: Worker (1/13): shaders left to compile 7
[2025.09.19-08.43.19:539][766]LogShaderCompilers: Display: Worker (7/13): shaders left to compile 6
[2025.09.19-08.43.19:562][767]LogShaderCompilers: Display: Worker (6/13): shaders left to compile 5
[2025.09.19-08.43.19:562][767]LogShaderCompilers: Display: Worker (12/13): shaders left to compile 4
[2025.09.19-08.43.19:675][773]LogShaderCompilers: Display: Worker (10/13): shaders left to compile 3
[2025.09.19-08.43.19:675][773]LogShaderCompilers: Display: Worker (11/13): shaders left to compile 2
[2025.09.19-08.43.19:731][776]LogShaderCompilers: Display: Worker (9/13): shaders left to compile 1
[2025.09.19-08.43.19:829][784]MaterialEditorStats: Base pass shader: 126 instructions
[2025.09.19-08.43.19:829][784]MaterialEditorStats: Base pass shader with Volumetric Lightmap: 204 instructions
[2025.09.19-08.43.19:829][784]MaterialEditorStats: Base pass vertex shader: 44 instructions
[2025.09.19-08.43.19:829][784]MaterialEditorStats: Texture samplers: 6/16
[2025.09.19-08.43.19:829][784]MaterialEditorStats: Texture Lookups (Est.): VS(0), PS(3)
[2025.09.19-08.43.19:829][784]MaterialEditorStats: User interpolators: 2/4 Scalars (1/4 Vectors) (TexCoords: 2, Custom: 0)
[2025.09.19-08.43.21:732][ 11]LogMaterial: Display: Missing cached shader map for material M_tiles01, compiling. 
[2025.09.19-08.43.21:744][ 11]LogShaderCompilers: Display: Worker (1/13): shaders left to compile 21
[2025.09.19-08.43.21:744][ 11]LogShaderCompilers: Display: Worker (2/13): shaders left to compile 20
[2025.09.19-08.43.21:744][ 11]LogShaderCompilers: Display: Worker (3/13): shaders left to compile 19
[2025.09.19-08.43.21:744][ 11]LogShaderCompilers: Display: Worker (4/13): shaders left to compile 18
[2025.09.19-08.43.21:744][ 11]LogShaderCompilers: Display: Worker (5/13): shaders left to compile 17
[2025.09.19-08.43.21:744][ 11]LogShaderCompilers: Display: Worker (6/13): shaders left to compile 16
[2025.09.19-08.43.21:744][ 11]LogShaderCompilers: Display: Worker (7/13): shaders left to compile 15
[2025.09.19-08.43.21:744][ 11]LogShaderCompilers: Display: Worker (8/13): shaders left to compile 14
[2025.09.19-08.43.21:744][ 11]LogShaderCompilers: Display: Worker (9/13): shaders left to compile 13
[2025.09.19-08.43.21:744][ 11]LogShaderCompilers: Display: Worker (10/13): shaders left to compile 12
[2025.09.19-08.43.21:744][ 11]LogShaderCompilers: Display: Worker (11/13): shaders left to compile 11
[2025.09.19-08.43.21:744][ 11]LogShaderCompilers: Display: Worker (12/13): shaders left to compile 10
[2025.09.19-08.43.21:747][ 11]LogMaterial: Display: Missing cached shader map for material FMatExpressionPreview MaterialExpressionTextureSample_2, compiling. 
[2025.09.19-08.43.21:822][ 16]LogShaderCompilers: Display: Worker (8/13): shaders left to compile 13
[2025.09.19-08.43.21:877][ 18]LogShaderCompilers: Display: Worker (3/13): shaders left to compile 12
[2025.09.19-08.43.21:893][ 19]LogShaderCompilers: Display: Worker (9/13): shaders left to compile 11
[2025.09.19-08.43.21:916][ 19]LogShaderCompilers: Display: Worker (2/13): shaders left to compile 10
[2025.09.19-08.43.21:916][ 19]LogShaderCompilers: Display: Worker (1/13): shaders left to compile 9
[2025.09.19-08.43.21:916][ 19]LogShaderCompilers: Display: Worker (5/13): shaders left to compile 8
[2025.09.19-08.43.21:916][ 19]LogShaderCompilers: Display: Worker (6/13): shaders left to compile 7
[2025.09.19-08.43.21:916][ 19]LogShaderCompilers: Display: Worker (4/13): shaders left to compile 6
[2025.09.19-08.43.21:916][ 19]LogShaderCompilers: Display: Worker (7/13): shaders left to compile 5
[2025.09.19-08.43.21:938][ 21]LogShaderCompilers: Display: Worker (12/13): shaders left to compile 4
[2025.09.19-08.43.22:019][ 26]LogShaderCompilers: Display: Worker (10/13): shaders left to compile 3
[2025.09.19-08.43.22:038][ 27]LogShaderCompilers: Display: Worker (11/13): shaders left to compile 2
[2025.09.19-08.43.22:079][ 29]LogShaderCompilers: Display: Worker (9/13): shaders left to compile 1
[2025.09.19-08.43.22:189][ 36]MaterialEditorStats: Base pass shader: 128 instructions
[2025.09.19-08.43.22:189][ 36]MaterialEditorStats: Base pass shader with Volumetric Lightmap: 204 instructions
[2025.09.19-08.43.22:189][ 36]MaterialEditorStats: Base pass vertex shader: 44 instructions
[2025.09.19-08.43.22:189][ 36]MaterialEditorStats: Texture samplers: 6/16
[2025.09.19-08.43.22:189][ 36]MaterialEditorStats: Texture Lookups (Est.): VS(0), PS(3)
[2025.09.19-08.43.22:189][ 36]MaterialEditorStats: User interpolators: 2/4 Scalars (1/4 Vectors) (TexCoords: 2, Custom: 0)
[2025.09.19-08.43.27:139][628]LogSlate: FSceneViewport::OnFocusLost() reason 0
[2025.09.19-08.43.27:230][639]LogMaterialEditor: Saving and Compiling material M_tiles01
[2025.09.19-08.43.27:397][639]LogMaterial: Display: Missing cached shader map for material M_tiles01, compiling. 
[2025.09.19-08.43.27:424][639]LogShaderCompilers: Display: Worker (1/13): shaders left to compile 21
[2025.09.19-08.43.27:424][639]LogShaderCompilers: Display: Worker (2/13): shaders left to compile 20
[2025.09.19-08.43.27:424][639]LogShaderCompilers: Display: Worker (3/13): shaders left to compile 19
[2025.09.19-08.43.27:424][639]LogShaderCompilers: Display: Worker (4/13): shaders left to compile 18
[2025.09.19-08.43.27:424][639]LogShaderCompilers: Display: Worker (5/13): shaders left to compile 17
[2025.09.19-08.43.27:424][639]LogShaderCompilers: Display: Worker (6/13): shaders left to compile 16
[2025.09.19-08.43.27:424][639]LogShaderCompilers: Display: Worker (7/13): shaders left to compile 15
[2025.09.19-08.43.27:424][639]LogShaderCompilers: Display: Worker (8/13): shaders left to compile 14
[2025.09.19-08.43.27:424][639]LogShaderCompilers: Display: Worker (9/13): shaders left to compile 13
[2025.09.19-08.43.27:424][639]LogShaderCompilers: Display: Worker (10/13): shaders left to compile 12
[2025.09.19-08.43.27:424][639]LogShaderCompilers: Display: Worker (11/13): shaders left to compile 11
[2025.09.19-08.43.27:424][639]LogShaderCompilers: Display: Worker (12/13): shaders left to compile 10
[2025.09.19-08.43.27:428][639]LogMaterial: Display: Missing cached shader map for material M_tiles01, compiling. 
[2025.09.19-08.43.27:442][639]LogMaterial: Display: Missing cached shader map for material M_tiles01, compiling. 
[2025.09.19-08.43.27:477][639]LogUObjectHash: Compacting FUObjectHashTables data took   1.43ms
[2025.09.19-08.43.27:483][639]LogMaterial: Display: Missing cached shader map for material DebugViewMode MaterialTexCoordScale, compiling. 
[2025.09.19-08.43.27:829][639]LogShaderCompilers: Display: Worker (8/13): shaders left to compile 33
[2025.09.19-08.43.27:829][639]LogShaderCompilers: Display: Worker (9/13): shaders left to compile 32
[2025.09.19-08.43.27:829][639]LogShaderCompilers: Display: Worker (1/13): shaders left to compile 31
[2025.09.19-08.43.27:829][639]LogShaderCompilers: Display: Worker (3/13): shaders left to compile 30
[2025.09.19-08.43.27:829][639]LogShaderCompilers: Display: Worker (2/13): shaders left to compile 29
[2025.09.19-08.43.27:829][639]LogShaderCompilers: Display: Worker (7/13): shaders left to compile 28
[2025.09.19-08.43.27:829][639]LogShaderCompilers: Display: Worker (6/13): shaders left to compile 27
[2025.09.19-08.43.27:829][639]LogShaderCompilers: Display: Worker (5/13): shaders left to compile 26
[2025.09.19-08.43.27:829][639]LogShaderCompilers: Display: Worker (4/13): shaders left to compile 25
[2025.09.19-08.43.27:829][639]LogShaderCompilers: Display: Worker (12/13): shaders left to compile 24
[2025.09.19-08.43.27:829][639]LogShaderCompilers: Display: Worker (10/13): shaders left to compile 23
[2025.09.19-08.43.27:829][639]LogShaderCompilers: Display: Worker (11/13): shaders left to compile 22
[2025.09.19-08.43.27:829][639]LogShaderCompilers: Display: Worker (8/13): shaders left to compile 20
[2025.09.19-08.43.27:829][639]LogShaderCompilers: Display: Worker (12/13): shaders left to compile 18
[2025.09.19-08.43.27:829][639]LogShaderCompilers: Display: Worker (1/13): shaders left to compile 16
[2025.09.19-08.43.27:829][639]LogShaderCompilers: Display: Worker (7/13): shaders left to compile 14
[2025.09.19-08.43.27:829][639]LogShaderCompilers: Display: Worker (4/13): shaders left to compile 12
[2025.09.19-08.43.27:829][639]LogShaderCompilers: Display: Worker (10/13): shaders left to compile 10
[2025.09.19-08.43.27:829][639]LogShaderCompilers: Display: Worker (6/13): shaders left to compile 9
[2025.09.19-08.43.27:834][639]TextureStreamingBuild: Display: Compiling optional shaders took 0.357 seconds.
[2025.09.19-08.43.27:868][639]LogShaderCompilers: Display: Worker (5/13): shaders left to compile 8
[2025.09.19-08.43.27:868][639]LogShaderCompilers: Display: Worker (3/13): shaders left to compile 7
[2025.09.19-08.43.27:868][639]LogUObjectHash: Compacting FUObjectHashTables data took   0.63ms
[2025.09.19-08.43.27:879][639]LogShaderCompilers: Display: Worker (9/13): shaders left to compile 6
[2025.09.19-08.43.27:890][639]LogShaderCompilers: Display: Worker (2/13): shaders left to compile 5
[2025.09.19-08.43.28:174][639]LogShaderCompilers: Display: Worker (1/13): shaders left to compile 4
[2025.09.19-08.43.28:174][639]LogShaderCompilers: Display: Worker (11/13): shaders left to compile 3
[2025.09.19-08.43.28:174][639]LogShaderCompilers: Display: Worker (12/13): shaders left to compile 2
[2025.09.19-08.43.28:174][639]LogShaderCompilers: Display: Worker (8/13): shaders left to compile 1
[2025.09.19-08.43.28:189][639]LogSavePackage: Moving 'E:/GameDev/hggjam/GameJamHGGUnreal4.23.1/GameJamCrew/Saved/M_tiles01763FC951421F80116E1FC9BAC6C6ABA4.tmp' to 'E:/GameDev/hggjam/GameJamHGGUnreal4.23.1/GameJamCrew/Content/LevelAssets/Materials/tiles/tile01/M_tiles01.uasset'
[2025.09.19-08.43.32:575][157]LogEditorViewport: Clicking on Actor (LMB): StaticMeshActor (floor01_2x38)
[2025.09.19-08.43.43:554][429]LogSlate: FSceneViewport::OnFocusLost() reason 0
[2025.09.19-08.43.44:478][539]LogMaterial: Display: Material /Game/LevelAssets/Materials/tiles/tile01/M_tiles01.M_tiles01 needed to have new flag set bUsedWithStaticLighting !
[2025.09.19-08.43.44:478][539]LogMaterial: Display: Material /Engine/Transient.M_tiles01 needed to have new flag set bUsedWithStaticLighting !
[2025.09.19-08.43.44:479][539]LogMaterial: Display: Missing cached shader map for material M_tiles01, compiling. 
[2025.09.19-08.43.44:497][539]LogMaterial: Display: Missing cached shader map for material M_tiles01, compiling. 
[2025.09.19-08.43.44:507][539]LogShaderCompilers: Display: Worker (1/13): shaders left to compile 30
[2025.09.19-08.43.44:507][539]LogShaderCompilers: Display: Worker (2/13): shaders left to compile 29
[2025.09.19-08.43.44:507][539]LogShaderCompilers: Display: Worker (3/13): shaders left to compile 28
[2025.09.19-08.43.44:507][539]LogShaderCompilers: Display: Worker (4/13): shaders left to compile 27
[2025.09.19-08.43.44:507][539]LogShaderCompilers: Display: Worker (5/13): shaders left to compile 26
[2025.09.19-08.43.44:507][539]LogShaderCompilers: Display: Worker (6/13): shaders left to compile 25
[2025.09.19-08.43.44:507][539]LogShaderCompilers: Display: Worker (7/13): shaders left to compile 24
[2025.09.19-08.43.44:507][539]LogShaderCompilers: Display: Worker (8/13): shaders left to compile 23
[2025.09.19-08.43.44:507][539]LogShaderCompilers: Display: Worker (9/13): shaders left to compile 22
[2025.09.19-08.43.44:507][539]LogShaderCompilers: Display: Worker (10/13): shaders left to compile 21
[2025.09.19-08.43.44:507][539]LogShaderCompilers: Display: Worker (11/13): shaders left to compile 20
[2025.09.19-08.43.44:507][539]LogShaderCompilers: Display: Worker (12/13): shaders left to compile 19
[2025.09.19-08.43.44:595][546]LogShaderCompilers: Display: Worker (8/13): shaders left to compile 49
[2025.09.19-08.43.44:660][550]LogShaderCompilers: Display: Worker (9/13): shaders left to compile 48
[2025.09.19-08.43.44:662][550]LogShaderCompilers: Display: Worker (3/13): shaders left to compile 47
[2025.09.19-08.43.44:665][550]LogShaderCompilers: Display: Worker (1/13): shaders left to compile 46
[2025.09.19-08.43.44:665][550]LogShaderCompilers: Display: Worker (4/13): shaders left to compile 45
[2025.09.19-08.43.44:678][551]LogShaderCompilers: Display: Worker (2/13): shaders left to compile 44
[2025.09.19-08.43.44:678][551]LogShaderCompilers: Display: Worker (6/13): shaders left to compile 43
[2025.09.19-08.43.44:678][551]LogShaderCompilers: Display: Worker (5/13): shaders left to compile 42
[2025.09.19-08.43.44:689][552]LogShaderCompilers: Display: Worker (7/13): shaders left to compile 41
[2025.09.19-08.43.44:727][554]LogShaderCompilers: Display: Worker (12/13): shaders left to compile 40
[2025.09.19-08.43.44:825][560]LogShaderCompilers: Display: Worker (10/13): shaders left to compile 39
[2025.09.19-08.43.44:847][562]LogShaderCompilers: Display: Worker (11/13): shaders left to compile 38
[2025.09.19-08.43.44:895][567]LogShaderCompilers: Display: Worker (8/13): shaders left to compile 37
[2025.09.19-08.43.44:895][567]LogShaderCompilers: Display: Worker (2/13): shaders left to compile 36
[2025.09.19-08.43.44:895][567]LogShaderCompilers: Display: Worker (3/13): shaders left to compile 35
[2025.09.19-08.43.44:895][567]LogShaderCompilers: Display: Worker (7/13): shaders left to compile 34
[2025.09.19-08.43.44:947][572]LogShaderCompilers: Display: Worker (1/13): shaders left to compile 33
[2025.09.19-08.43.44:947][572]LogShaderCompilers: Display: Worker (4/13): shaders left to compile 32
[2025.09.19-08.43.44:968][574]LogShaderCompilers: Display: Worker (6/13): shaders left to compile 31
[2025.09.19-08.43.44:979][575]LogShaderCompilers: Display: Worker (9/13): shaders left to compile 28
[2025.09.19-08.43.44:992][576]LogShaderCompilers: Display: Worker (5/13): shaders left to compile 25
[2025.09.19-08.43.45:005][577]LogShaderCompilers: Display: Worker (12/13): shaders left to compile 22
[2025.09.19-08.43.45:028][579]LogShaderCompilers: Display: Worker (11/13): shaders left to compile 20
[2025.09.19-08.43.45:073][583]LogShaderCompilers: Display: Worker (3/13): shaders left to compile 18
[2025.09.19-08.43.45:117][587]LogShaderCompilers: Display: Worker (10/13): shaders left to compile 16
[2025.09.19-08.43.45:128][588]LogShaderCompilers: Display: Worker (4/13): shaders left to compile 14
[2025.09.19-08.43.45:157][591]LogShaderCompilers: Display: Worker (7/13): shaders left to compile 12
[2025.09.19-08.43.45:189][594]LogShaderCompilers: Display: Worker (8/13): shaders left to compile 10
[2025.09.19-08.43.45:200][595]LogShaderCompilers: Display: Worker (2/13): shaders left to compile 9
[2025.09.19-08.43.45:216][596]LogShaderCompilers: Display: Worker (1/13): shaders left to compile 8
[2025.09.19-08.43.45:362][608]LogShaderCompilers: Display: Worker (5/13): shaders left to compile 7
[2025.09.19-08.43.45:404][612]LogShaderCompilers: Display: Worker (1/13): shaders left to compile 6
[2025.09.19-08.43.45:415][613]LogShaderCompilers: Display: Worker (6/13): shaders left to compile 5
[2025.09.19-08.43.45:424][614]LogShaderCompilers: Display: Worker (9/13): shaders left to compile 4
[2025.09.19-08.43.45:479][618]LogShaderCompilers: Display: Worker (8/13): shaders left to compile 3
[2025.09.19-08.43.45:519][621]LogShaderCompilers: Display: Worker (11/13): shaders left to compile 2
[2025.09.19-08.43.45:519][621]LogShaderCompilers: Display: Worker (2/13): shaders left to compile 1
[2025.09.19-08.43.45:691][638]MaterialEditorStats: Base pass shader: 128 instructions
[2025.09.19-08.43.45:691][638]MaterialEditorStats: Base pass shader with Surface Lightmap: 157 instructions
[2025.09.19-08.43.45:691][638]MaterialEditorStats: Base pass shader with Volumetric Lightmap: 204 instructions
[2025.09.19-08.43.45:691][638]MaterialEditorStats: Base pass vertex shader: 44 instructions
[2025.09.19-08.43.45:691][638]MaterialEditorStats: Texture samplers: 6/16
[2025.09.19-08.43.45:691][638]MaterialEditorStats: Texture Lookups (Est.): VS(0), PS(3)
[2025.09.19-08.43.45:691][638]MaterialEditorStats: User interpolators: 2/4 Scalars (1/4 Vectors) (TexCoords: 2, Custom: 0)
[2025.09.19-08.43.48:301][947]LogEditorViewport: Clicking on Actor (LMB): StaticMeshActor (floor01_2x37)
[2025.09.19-08.43.55:994][867]LogEditorViewport: Clicking on Actor (LMB): StaticMeshActor (floor01_2x70)
[2025.09.19-08.44.14:501][ 26]LogSlate: FSceneViewport::OnFocusLost() reason 0
[2025.09.19-08.44.20:116][698]LogEditorViewport: Clicking on Actor (LMB): StaticMeshActor (floor01_2x103)
[2025.09.19-08.44.21:063][809]LogEditorViewport: Clicking on Actor (LMB): StaticMeshActor (floor01_2x115)
[2025.09.19-08.44.46:793][892]LogEditorViewport: Clicking on Actor (LMB): StaticMeshActor (floor01_2x66)
[2025.09.19-08.44.49:563][222]LogEditorViewport: Clicking on Actor (LMB): StaticMeshActor (floor01_2x37)
[2025.09.19-08.44.50:274][305]LogEditorViewport: Clicking on Actor (LMB): StaticMeshActor (floor01_2x66)
[2025.09.19-08.44.57:960][224]LogEditorViewport: Clicking on Actor (LMB): StaticMeshActor (floor01_2x115)
[2025.09.19-08.45.03:319][861]LogEditorViewport: Clicking on Actor (LMB): StaticMeshActor (floor01_2x104)
[2025.09.19-08.45.04:746][ 30]LogEditorViewport: Clicking on Actor (LMB): StaticMeshActor (floor01_2x115)
[2025.09.19-08.45.14:469][193]LogSlate: FSceneViewport::OnFocusLost() reason 5
[2025.09.19-08.45.14:475][193]Cmd: OBJ SAVEPACKAGE PACKAGE="/Game/Levels/CheeseFactory_001" FILE="E:/GameDev/hggjam/GameJamHGGUnreal4.23.1/GameJamCrew/Content/Levels/CheeseFactory_001.umap" SILENT=true AUTOSAVING=false KEEPDIRTY=false
[2025.09.19-08.45.14:495][193]LogUObjectHash: Compacting FUObjectHashTables data took   0.50ms
[2025.09.19-08.45.14:618][193]LogSavePackage: Moving 'E:/GameDev/hggjam/GameJamHGGUnreal4.23.1/GameJamCrew/Saved/CheeseFactory_001AF8D42E843EE3DAEB70DF282C8EF7914.tmp' to 'E:/GameDev/hggjam/GameJamHGGUnreal4.23.1/GameJamCrew/Content/Levels/CheeseFactory_001.umap'
[2025.09.19-08.45.14:630][193]Cmd: OBJ SAVEPACKAGE PACKAGE="/Game/Levels/CheeseFactory_001_BuiltData" FILE="E:/GameDev/hggjam/GameJamHGGUnreal4.23.1/GameJamCrew/Content/Levels/CheeseFactory_001_BuiltData.uasset" SILENT=true
[2025.09.19-08.45.14:973][193]LogSavePackage: Moving 'E:/GameDev/hggjam/GameJamHGGUnreal4.23.1/GameJamCrew/Saved/CheeseFactory_001_BuiltDataCD0BEA0643EDAB4BEC250E903C191B62.tmp' to 'E:/GameDev/hggjam/GameJamHGGUnreal4.23.1/GameJamCrew/Content/Levels/CheeseFactory_001_BuiltData.uasset'
[2025.09.19-08.45.27:914][743]LogEditorViewport: Clicking on Actor (LMB): StaticMeshActor (floor01_2x50)
[2025.09.19-08.45.38:563][ 16]LogSlate: FSceneViewport::OnFocusLost() reason 5
[2025.09.19-08.45.38:569][ 16]Cmd: OBJ SAVEPACKAGE PACKAGE="/Game/Levels/CheeseFactory_001" FILE="E:/GameDev/hggjam/GameJamHGGUnreal4.23.1/GameJamCrew/Content/Levels/CheeseFactory_001.umap" SILENT=true AUTOSAVING=false KEEPDIRTY=false
[2025.09.19-08.45.38:587][ 16]LogUObjectHash: Compacting FUObjectHashTables data took   0.95ms
[2025.09.19-08.45.38:709][ 16]LogSavePackage: Moving 'E:/GameDev/hggjam/GameJamHGGUnreal4.23.1/GameJamCrew/Saved/CheeseFactory_001931615E44BC3C3181F9DB298268C9137.tmp' to 'E:/GameDev/hggjam/GameJamHGGUnreal4.23.1/GameJamCrew/Content/Levels/CheeseFactory_001.umap'
[2025.09.19-08.45.38:721][ 16]Cmd: OBJ SAVEPACKAGE PACKAGE="/Game/Levels/CheeseFactory_001_BuiltData" FILE="E:/GameDev/hggjam/GameJamHGGUnreal4.23.1/GameJamCrew/Content/Levels/CheeseFactory_001_BuiltData.uasset" SILENT=true
[2025.09.19-08.45.39:079][ 16]LogSavePackage: Moving 'E:/GameDev/hggjam/GameJamHGGUnreal4.23.1/GameJamCrew/Saved/CheeseFactory_001_BuiltData56F97AAB4239711FD4A47B87A708C874.tmp' to 'E:/GameDev/hggjam/GameJamHGGUnreal4.23.1/GameJamCrew/Content/Levels/CheeseFactory_001_BuiltData.uasset'
[2025.09.19-08.46.42:889][924]LogEditorFactories: Performing atomic reimport of [E:/GameDev/hggjam/KlixXsrc/materials/tiles/tile01/tiles01_mixed.tga]
[2025.09.19-08.46.42:890][924]LogFactory: FactoryCreateFile: Texture2D with ReimportTextureFactory (0 0 E:/GameDev/hggjam/KlixXsrc/materials/tiles/tile01/tiles01_mixed.tga)
[2025.09.19-08.46.42:892][924]LogTexture: Display: Building textures: tiles01_mixed (AutoDXT, 256X256)
[2025.09.19-08.46.42:908][924]LogEditorFactories: -- imported successfully
[2025.09.19-08.47.05:375][488]LogSlate: FSceneViewport::OnFocusLost() reason 5
[2025.09.19-08.47.05:381][488]Cmd: OBJ SAVEPACKAGE PACKAGE="/Game/Levels/CheeseFactory_001" FILE="E:/GameDev/hggjam/GameJamHGGUnreal4.23.1/GameJamCrew/Content/Levels/CheeseFactory_001.umap" SILENT=true AUTOSAVING=false KEEPDIRTY=false
[2025.09.19-08.47.05:401][488]LogUObjectHash: Compacting FUObjectHashTables data took   1.08ms
[2025.09.19-08.47.05:528][488]LogSavePackage: Moving 'E:/GameDev/hggjam/GameJamHGGUnreal4.23.1/GameJamCrew/Saved/CheeseFactory_001C8351F0949FFAEA231D2AD8FC4342819.tmp' to 'E:/GameDev/hggjam/GameJamHGGUnreal4.23.1/GameJamCrew/Content/Levels/CheeseFactory_001.umap'
[2025.09.19-08.47.05:542][488]Cmd: OBJ SAVEPACKAGE PACKAGE="/Game/Levels/CheeseFactory_001_BuiltData" FILE="E:/GameDev/hggjam/GameJamHGGUnreal4.23.1/GameJamCrew/Content/Levels/CheeseFactory_001_BuiltData.uasset" SILENT=true
[2025.09.19-08.47.05:891][488]LogSavePackage: Moving 'E:/GameDev/hggjam/GameJamHGGUnreal4.23.1/GameJamCrew/Saved/CheeseFactory_001_BuiltDataC84AAF1E4E420114CD7BF6A07AAAE020.tmp' to 'E:/GameDev/hggjam/GameJamHGGUnreal4.23.1/GameJamCrew/Content/Levels/CheeseFactory_001_BuiltData.uasset'
[2025.09.19-08.47.14:639][533]LogSlate: FSceneViewport::OnFocusLost() reason 5
[2025.09.19-08.47.14:645][533]Cmd: OBJ SAVEPACKAGE PACKAGE="/Game/Levels/CheeseFactory_001" FILE="E:/GameDev/hggjam/GameJamHGGUnreal4.23.1/GameJamCrew/Content/Levels/CheeseFactory_001.umap" SILENT=true AUTOSAVING=false KEEPDIRTY=false
[2025.09.19-08.47.14:665][533]LogUObjectHash: Compacting FUObjectHashTables data took   1.01ms
[2025.09.19-08.47.14:792][533]LogSavePackage: Moving 'E:/GameDev/hggjam/GameJamHGGUnreal4.23.1/GameJamCrew/Saved/CheeseFactory_001AD9AA46E4DEECA911DCC608024F2CEC4.tmp' to 'E:/GameDev/hggjam/GameJamHGGUnreal4.23.1/GameJamCrew/Content/Levels/CheeseFactory_001.umap'
[2025.09.19-08.47.14:804][533]Cmd: OBJ SAVEPACKAGE PACKAGE="/Game/Levels/CheeseFactory_001_BuiltData" FILE="E:/GameDev/hggjam/GameJamHGGUnreal4.23.1/GameJamCrew/Content/Levels/CheeseFactory_001_BuiltData.uasset" SILENT=true
[2025.09.19-08.47.15:151][533]LogSavePackage: Moving 'E:/GameDev/hggjam/GameJamHGGUnreal4.23.1/GameJamCrew/Saved/CheeseFactory_001_BuiltDataB23A60A741B0F905D1AD308502A679BE.tmp' to 'E:/GameDev/hggjam/GameJamHGGUnreal4.23.1/GameJamCrew/Content/Levels/CheeseFactory_001_BuiltData.uasset'
[2025.09.19-08.57.14:806][ 32]LogUObjectHash: Compacting FUObjectHashTables data took   1.32ms
[2025.09.19-08.57.14:806][ 32]LogFileHelpers: Editor autosave (incl. sublevels) for '/Game/Levels/CheeseFactory_001' took 0.022
[2025.09.19-08.57.14:807][ 32]OBJ SavePackage: Generating thumbnails for [1] asset(s) in package [/Game/LevelAssets/Models/modular/walls/wall01_2x3_window01] ([1] browsable assets)...
[2025.09.19-08.57.14:812][ 32]OBJ SavePackage:     Rendered thumbnail for [StaticMesh /Game/LevelAssets/Models/modular/walls/wall01_2x3_window01.wall01_2x3_window01]
[2025.09.19-08.57.14:812][ 32]OBJ SavePackage: Finished generating thumbnails for package [/Game/LevelAssets/Models/modular/walls/wall01_2x3_window01]
[2025.09.19-08.57.14:820][ 32]LogSavePackage: Moving 'E:/GameDev/hggjam/GameJamHGGUnreal4.23.1/GameJamCrew/Saved/wall01_2x3_window01_Auto1F0C6D14F4E84ACBC884A9A812D10E291.tmp' to 'E:/GameDev/hggjam/GameJamHGGUnreal4.23.1/GameJamCrew/Saved/Autosaves/Game/LevelAssets/Models/modular/walls/wall01_2x3_window01_Auto1.uasset'
[2025.09.19-08.57.14:820][ 32]OBJ SavePackage: Generating thumbnails for [1] asset(s) in package [/Game/LevelAssets/Models/modular/walls/wall01_garage_arch] ([1] browsable assets)...
[2025.09.19-08.57.14:825][ 32]OBJ SavePackage:     Rendered thumbnail for [StaticMesh /Game/LevelAssets/Models/modular/walls/wall01_garage_arch.wall01_garage_arch]
[2025.09.19-08.57.14:825][ 32]OBJ SavePackage: Finished generating thumbnails for package [/Game/LevelAssets/Models/modular/walls/wall01_garage_arch]
[2025.09.19-08.57.14:833][ 32]LogSavePackage: Moving 'E:/GameDev/hggjam/GameJamHGGUnreal4.23.1/GameJamCrew/Saved/wall01_garage_arch_Auto1DB5B2BCB4CE14CCF98DFB0BB46F6AD9C.tmp' to 'E:/GameDev/hggjam/GameJamHGGUnreal4.23.1/GameJamCrew/Saved/Autosaves/Game/LevelAssets/Models/modular/walls/wall01_garage_arch_Auto1.uasset'
[2025.09.19-08.57.14:834][ 32]OBJ SavePackage: Generating thumbnails for [1] asset(s) in package [/Game/LevelAssets/Materials/bricks/brick02/brick02_color] ([1] browsable assets)...
[2025.09.19-08.57.14:836][ 32]OBJ SavePackage:     Rendered thumbnail for [Texture2D /Game/LevelAssets/Materials/bricks/brick02/brick02_color.brick02_color]
[2025.09.19-08.57.14:836][ 32]OBJ SavePackage: Finished generating thumbnails for package [/Game/LevelAssets/Materials/bricks/brick02/brick02_color]
[2025.09.19-08.57.14:841][ 32]LogSavePackage: Moving 'E:/GameDev/hggjam/GameJamHGGUnreal4.23.1/GameJamCrew/Saved/brick02_color_Auto18794D7E94D2CC4909F4AF4ADDD81F79A.tmp' to 'E:/GameDev/hggjam/GameJamHGGUnreal4.23.1/GameJamCrew/Saved/Autosaves/Game/LevelAssets/Materials/bricks/brick02/brick02_color_Auto1.uasset'
[2025.09.19-08.57.14:841][ 32]OBJ SavePackage: Generating thumbnails for [1] asset(s) in package [/Game/LevelAssets/Materials/bricks/brick02/brick02_mixed] ([1] browsable assets)...
[2025.09.19-08.57.14:844][ 32]OBJ SavePackage:     Rendered thumbnail for [Texture2D /Game/LevelAssets/Materials/bricks/brick02/brick02_mixed.brick02_mixed]
[2025.09.19-08.57.14:844][ 32]OBJ SavePackage: Finished generating thumbnails for package [/Game/LevelAssets/Materials/bricks/brick02/brick02_mixed]
[2025.09.19-08.57.14:849][ 32]LogSavePackage: Moving 'E:/GameDev/hggjam/GameJamHGGUnreal4.23.1/GameJamCrew/Saved/brick02_mixed_Auto10F0B222146A260F465F402B8F7401BEE.tmp' to 'E:/GameDev/hggjam/GameJamHGGUnreal4.23.1/GameJamCrew/Saved/Autosaves/Game/LevelAssets/Materials/bricks/brick02/brick02_mixed_Auto1.uasset'
[2025.09.19-08.57.14:849][ 32]OBJ SavePackage: Generating thumbnails for [1] asset(s) in package [/Game/LevelAssets/Materials/bricks/brick02/brick02_normal] ([1] browsable assets)...
[2025.09.19-08.57.14:852][ 32]OBJ SavePackage:     Rendered thumbnail for [Texture2D /Game/LevelAssets/Materials/bricks/brick02/brick02_normal.brick02_normal]
[2025.09.19-08.57.14:852][ 32]OBJ SavePackage: Finished generating thumbnails for package [/Game/LevelAssets/Materials/bricks/brick02/brick02_normal]
[2025.09.19-08.57.14:861][ 32]LogSavePackage: Moving 'E:/GameDev/hggjam/GameJamHGGUnreal4.23.1/GameJamCrew/Saved/brick02_normal_Auto195CD79654EA08C03500DFEBDEAE1EB28.tmp' to 'E:/GameDev/hggjam/GameJamHGGUnreal4.23.1/GameJamCrew/Saved/Autosaves/Game/LevelAssets/Materials/bricks/brick02/brick02_normal_Auto1.uasset'
[2025.09.19-08.57.14:862][ 32]OBJ SavePackage: Generating thumbnails for [1] asset(s) in package [/Game/LevelAssets/Materials/metal/metal_panels/metal_panels_corrugated02_color] ([1] browsable assets)...
[2025.09.19-08.57.14:864][ 32]OBJ SavePackage:     Rendered thumbnail for [Texture2D /Game/LevelAssets/Materials/metal/metal_panels/metal_panels_corrugated02_color.metal_panels_corrugated02_color]
[2025.09.19-08.57.14:864][ 32]OBJ SavePackage: Finished generating thumbnails for package [/Game/LevelAssets/Materials/metal/metal_panels/metal_panels_corrugated02_color]
[2025.09.19-08.57.14:868][ 32]LogSavePackage: Moving 'E:/GameDev/hggjam/GameJamHGGUnreal4.23.1/GameJamCrew/Saved/metal_panels_corrugated02_color_B6194F5C47497C7E191F5EACF1ED4E15.tmp' to 'E:/GameDev/hggjam/GameJamHGGUnreal4.23.1/GameJamCrew/Saved/Autosaves/Game/LevelAssets/Materials/metal/metal_panels/metal_panels_corrugated02_color_Auto1.uasset'
[2025.09.19-08.57.14:869][ 32]OBJ SavePackage: Generating thumbnails for [1] asset(s) in package [/Game/LevelAssets/Materials/metal/metal_panels/metal_panels_corrugated02_mixed] ([1] browsable assets)...
[2025.09.19-08.57.14:871][ 32]OBJ SavePackage:     Rendered thumbnail for [Texture2D /Game/LevelAssets/Materials/metal/metal_panels/metal_panels_corrugated02_mixed.metal_panels_corrugated02_mixed]
[2025.09.19-08.57.14:871][ 32]OBJ SavePackage: Finished generating thumbnails for package [/Game/LevelAssets/Materials/metal/metal_panels/metal_panels_corrugated02_mixed]
[2025.09.19-08.57.14:876][ 32]LogSavePackage: Moving 'E:/GameDev/hggjam/GameJamHGGUnreal4.23.1/GameJamCrew/Saved/metal_panels_corrugated02_mixed_68A3C99B47217EA669A9B88706A68E27.tmp' to 'E:/GameDev/hggjam/GameJamHGGUnreal4.23.1/GameJamCrew/Saved/Autosaves/Game/LevelAssets/Materials/metal/metal_panels/metal_panels_corrugated02_mixed_Auto1.uasset'
[2025.09.19-08.57.14:876][ 32]OBJ SavePackage: Generating thumbnails for [1] asset(s) in package [/Game/LevelAssets/Materials/metal/metal_panels/metal_panels_corrugated02_normal] ([1] browsable assets)...
[2025.09.19-08.57.14:878][ 32]OBJ SavePackage:     Rendered thumbnail for [Texture2D /Game/LevelAssets/Materials/metal/metal_panels/metal_panels_corrugated02_normal.metal_panels_corrugated02_normal]
[2025.09.19-08.57.14:878][ 32]OBJ SavePackage: Finished generating thumbnails for package [/Game/LevelAssets/Materials/metal/metal_panels/metal_panels_corrugated02_normal]
[2025.09.19-08.57.14:883][ 32]LogSavePackage: Moving 'E:/GameDev/hggjam/GameJamHGGUnreal4.23.1/GameJamCrew/Saved/metal_panels_corrugated02_normal30E9B38D409BD79A7621909A3BA3A237.tmp' to 'E:/GameDev/hggjam/GameJamHGGUnreal4.23.1/GameJamCrew/Saved/Autosaves/Game/LevelAssets/Materials/metal/metal_panels/metal_panels_corrugated02_normal_Auto1.uasset'
[2025.09.19-08.57.14:883][ 32]OBJ SavePackage: Generating thumbnails for [1] asset(s) in package [/Game/LevelAssets/Materials/metal/metal_trimsheet01/metal_trimsheet01_color] ([1] browsable assets)...
[2025.09.19-08.57.14:885][ 32]OBJ SavePackage:     Rendered thumbnail for [Texture2D /Game/LevelAssets/Materials/metal/metal_trimsheet01/metal_trimsheet01_color.metal_trimsheet01_color]
[2025.09.19-08.57.14:885][ 32]OBJ SavePackage: Finished generating thumbnails for package [/Game/LevelAssets/Materials/metal/metal_trimsheet01/metal_trimsheet01_color]
[2025.09.19-08.57.14:889][ 32]LogSavePackage: Moving 'E:/GameDev/hggjam/GameJamHGGUnreal4.23.1/GameJamCrew/Saved/metal_trimsheet01_color_Auto13528B0FF466EE964DB37D4AF3C0FE3D6.tmp' to 'E:/GameDev/hggjam/GameJamHGGUnreal4.23.1/GameJamCrew/Saved/Autosaves/Game/LevelAssets/Materials/metal/metal_trimsheet01/metal_trimsheet01_color_Auto1.uasset'
[2025.09.19-08.57.14:889][ 32]OBJ SavePackage: Generating thumbnails for [1] asset(s) in package [/Game/LevelAssets/Materials/metal/metal_trimsheet01/metal_trimsheet01_mixed] ([1] browsable assets)...
[2025.09.19-08.57.14:891][ 32]OBJ SavePackage:     Rendered thumbnail for [Texture2D /Game/LevelAssets/Materials/metal/metal_trimsheet01/metal_trimsheet01_mixed.metal_trimsheet01_mixed]
[2025.09.19-08.57.14:891][ 32]OBJ SavePackage: Finished generating thumbnails for package [/Game/LevelAssets/Materials/metal/metal_trimsheet01/metal_trimsheet01_mixed]
[2025.09.19-08.57.14:897][ 32]LogSavePackage: Moving 'E:/GameDev/hggjam/GameJamHGGUnreal4.23.1/GameJamCrew/Saved/metal_trimsheet01_mixed_Auto1A0FFA79548B770E5541F0A980FBBAED1.tmp' to 'E:/GameDev/hggjam/GameJamHGGUnreal4.23.1/GameJamCrew/Saved/Autosaves/Game/LevelAssets/Materials/metal/metal_trimsheet01/metal_trimsheet01_mixed_Auto1.uasset'
[2025.09.19-08.57.14:897][ 32]OBJ SavePackage: Generating thumbnails for [1] asset(s) in package [/Game/LevelAssets/Materials/metal/metal_trimsheet01/metal_trimsheet01_normal] ([1] browsable assets)...
[2025.09.19-08.57.14:900][ 32]OBJ SavePackage:     Rendered thumbnail for [Texture2D /Game/LevelAssets/Materials/metal/metal_trimsheet01/metal_trimsheet01_normal.metal_trimsheet01_normal]
[2025.09.19-08.57.14:900][ 32]OBJ SavePackage: Finished generating thumbnails for package [/Game/LevelAssets/Materials/metal/metal_trimsheet01/metal_trimsheet01_normal]
[2025.09.19-08.57.14:903][ 32]LogSavePackage: Moving 'E:/GameDev/hggjam/GameJamHGGUnreal4.23.1/GameJamCrew/Saved/metal_trimsheet01_normal_Auto104B3794741D8FA275D242B8AABB9A1D9.tmp' to 'E:/GameDev/hggjam/GameJamHGGUnreal4.23.1/GameJamCrew/Saved/Autosaves/Game/LevelAssets/Materials/metal/metal_trimsheet01/metal_trimsheet01_normal_Auto1.uasset'
[2025.09.19-08.57.14:903][ 32]OBJ SavePackage: Generating thumbnails for [1] asset(s) in package [/Game/LevelAssets/Materials/tiles/tile01/tiles01_color] ([1] browsable assets)...
[2025.09.19-08.57.14:905][ 32]OBJ SavePackage:     Rendered thumbnail for [Texture2D /Game/LevelAssets/Materials/tiles/tile01/tiles01_color.tiles01_color]
[2025.09.19-08.57.14:905][ 32]OBJ SavePackage: Finished generating thumbnails for package [/Game/LevelAssets/Materials/tiles/tile01/tiles01_color]
[2025.09.19-08.57.14:910][ 32]LogSavePackage: Moving 'E:/GameDev/hggjam/GameJamHGGUnreal4.23.1/GameJamCrew/Saved/tiles01_color_Auto1B5E26C1D4AF3CF2403CDFC9CF049721D.tmp' to 'E:/GameDev/hggjam/GameJamHGGUnreal4.23.1/GameJamCrew/Saved/Autosaves/Game/LevelAssets/Materials/tiles/tile01/tiles01_color_Auto1.uasset'
[2025.09.19-08.57.14:910][ 32]OBJ SavePackage: Generating thumbnails for [1] asset(s) in package [/Game/LevelAssets/Materials/tiles/tile01/tiles01_mixed] ([1] browsable assets)...
[2025.09.19-08.57.14:913][ 32]OBJ SavePackage:     Rendered thumbnail for [Texture2D /Game/LevelAssets/Materials/tiles/tile01/tiles01_mixed.tiles01_mixed]
[2025.09.19-08.57.14:913][ 32]OBJ SavePackage: Finished generating thumbnails for package [/Game/LevelAssets/Materials/tiles/tile01/tiles01_mixed]
[2025.09.19-08.57.14:917][ 32]LogSavePackage: Moving 'E:/GameDev/hggjam/GameJamHGGUnreal4.23.1/GameJamCrew/Saved/tiles01_mixed_Auto1BE8833614C1395FE041BBE9992B57EC3.tmp' to 'E:/GameDev/hggjam/GameJamHGGUnreal4.23.1/GameJamCrew/Saved/Autosaves/Game/LevelAssets/Materials/tiles/tile01/tiles01_mixed_Auto1.uasset'
[2025.09.19-08.57.14:917][ 32]OBJ SavePackage: Generating thumbnails for [1] asset(s) in package [/Game/LevelAssets/Materials/tiles/tile01/tiles01_normal] ([1] browsable assets)...
[2025.09.19-08.57.14:919][ 32]OBJ SavePackage:     Rendered thumbnail for [Texture2D /Game/LevelAssets/Materials/tiles/tile01/tiles01_normal.tiles01_normal]
[2025.09.19-08.57.14:919][ 32]OBJ SavePackage: Finished generating thumbnails for package [/Game/LevelAssets/Materials/tiles/tile01/tiles01_normal]
[2025.09.19-08.57.14:924][ 32]LogSavePackage: Moving 'E:/GameDev/hggjam/GameJamHGGUnreal4.23.1/GameJamCrew/Saved/tiles01_normal_Auto19173CCF74F231A9C7FFB979256F1C492.tmp' to 'E:/GameDev/hggjam/GameJamHGGUnreal4.23.1/GameJamCrew/Saved/Autosaves/Game/LevelAssets/Materials/tiles/tile01/tiles01_normal_Auto1.uasset'
[2025.09.19-08.57.14:925][ 32]OBJ SavePackage: Generating thumbnails for [1] asset(s) in package [/Game/LevelAssets/Materials/wood/wood04/wood04_color] ([1] browsable assets)...
[2025.09.19-08.57.14:927][ 32]OBJ SavePackage:     Rendered thumbnail for [Texture2D /Game/LevelAssets/Materials/wood/wood04/wood04_color.wood04_color]
[2025.09.19-08.57.14:927][ 32]OBJ SavePackage: Finished generating thumbnails for package [/Game/LevelAssets/Materials/wood/wood04/wood04_color]
[2025.09.19-08.57.14:931][ 32]LogSavePackage: Moving 'E:/GameDev/hggjam/GameJamHGGUnreal4.23.1/GameJamCrew/Saved/wood04_color_Auto1579D6EB74B2110F5B274258FDD20D7D8.tmp' to 'E:/GameDev/hggjam/GameJamHGGUnreal4.23.1/GameJamCrew/Saved/Autosaves/Game/LevelAssets/Materials/wood/wood04/wood04_color_Auto1.uasset'
[2025.09.19-08.57.14:931][ 32]OBJ SavePackage: Generating thumbnails for [1] asset(s) in package [/Game/LevelAssets/Materials/wood/wood04/wood04_mixed] ([1] browsable assets)...
[2025.09.19-08.57.14:934][ 32]OBJ SavePackage:     Rendered thumbnail for [Texture2D /Game/LevelAssets/Materials/wood/wood04/wood04_mixed.wood04_mixed]
[2025.09.19-08.57.14:934][ 32]OBJ SavePackage: Finished generating thumbnails for package [/Game/LevelAssets/Materials/wood/wood04/wood04_mixed]
[2025.09.19-08.57.14:939][ 32]LogSavePackage: Moving 'E:/GameDev/hggjam/GameJamHGGUnreal4.23.1/GameJamCrew/Saved/wood04_mixed_Auto13326AADE43B0F21576E99FA6A3D6180E.tmp' to 'E:/GameDev/hggjam/GameJamHGGUnreal4.23.1/GameJamCrew/Saved/Autosaves/Game/LevelAssets/Materials/wood/wood04/wood04_mixed_Auto1.uasset'
[2025.09.19-08.57.14:939][ 32]OBJ SavePackage: Generating thumbnails for [1] asset(s) in package [/Game/LevelAssets/Materials/wood/wood04/wood04_normal] ([1] browsable assets)...
[2025.09.19-08.57.14:941][ 32]OBJ SavePackage:     Rendered thumbnail for [Texture2D /Game/LevelAssets/Materials/wood/wood04/wood04_normal.wood04_normal]
[2025.09.19-08.57.14:941][ 32]OBJ SavePackage: Finished generating thumbnails for package [/Game/LevelAssets/Materials/wood/wood04/wood04_normal]
[2025.09.19-08.57.14:945][ 32]LogSavePackage: Moving 'E:/GameDev/hggjam/GameJamHGGUnreal4.23.1/GameJamCrew/Saved/wood04_normal_Auto147BCABFF46A88491B36D5D8AD02A98E0.tmp' to 'E:/GameDev/hggjam/GameJamHGGUnreal4.23.1/GameJamCrew/Saved/Autosaves/Game/LevelAssets/Materials/wood/wood04/wood04_normal_Auto1.uasset'
[2025.09.19-08.57.14:946][ 32]OBJ SavePackage: Generating thumbnails for [1] asset(s) in package [/Game/LevelAssets/Materials/wood/wood_siding01/wood_siding01_color] ([1] browsable assets)...
[2025.09.19-08.57.14:948][ 32]OBJ SavePackage:     Rendered thumbnail for [Texture2D /Game/LevelAssets/Materials/wood/wood_siding01/wood_siding01_color.wood_siding01_color]
[2025.09.19-08.57.14:948][ 32]OBJ SavePackage: Finished generating thumbnails for package [/Game/LevelAssets/Materials/wood/wood_siding01/wood_siding01_color]
[2025.09.19-08.57.14:953][ 32]LogSavePackage: Moving 'E:/GameDev/hggjam/GameJamHGGUnreal4.23.1/GameJamCrew/Saved/wood_siding01_color_Auto1DA31FE0A44A83292635A86BB72B1B126.tmp' to 'E:/GameDev/hggjam/GameJamHGGUnreal4.23.1/GameJamCrew/Saved/Autosaves/Game/LevelAssets/Materials/wood/wood_siding01/wood_siding01_color_Auto1.uasset'
[2025.09.19-08.57.14:954][ 32]OBJ SavePackage: Generating thumbnails for [1] asset(s) in package [/Game/LevelAssets/Materials/wood/wood_siding01/wood_siding01_mixed] ([1] browsable assets)...
[2025.09.19-08.57.14:955][ 32]OBJ SavePackage:     Rendered thumbnail for [Texture2D /Game/LevelAssets/Materials/wood/wood_siding01/wood_siding01_mixed.wood_siding01_mixed]
[2025.09.19-08.57.14:955][ 32]OBJ SavePackage: Finished generating thumbnails for package [/Game/LevelAssets/Materials/wood/wood_siding01/wood_siding01_mixed]
[2025.09.19-08.57.14:959][ 32]LogSavePackage: Moving 'E:/GameDev/hggjam/GameJamHGGUnreal4.23.1/GameJamCrew/Saved/wood_siding01_mixed_Auto1783E95F34B515640A351E1A0EF59DD8F.tmp' to 'E:/GameDev/hggjam/GameJamHGGUnreal4.23.1/GameJamCrew/Saved/Autosaves/Game/LevelAssets/Materials/wood/wood_siding01/wood_siding01_mixed_Auto1.uasset'
[2025.09.19-08.57.14:959][ 32]OBJ SavePackage: Generating thumbnails for [1] asset(s) in package [/Game/LevelAssets/Materials/wood/wood_siding01/wood_siding01_normal] ([1] browsable assets)...
[2025.09.19-08.57.14:962][ 32]OBJ SavePackage:     Rendered thumbnail for [Texture2D /Game/LevelAssets/Materials/wood/wood_siding01/wood_siding01_normal.wood_siding01_normal]
[2025.09.19-08.57.14:962][ 32]OBJ SavePackage: Finished generating thumbnails for package [/Game/LevelAssets/Materials/wood/wood_siding01/wood_siding01_normal]
[2025.09.19-08.57.14:966][ 32]LogSavePackage: Moving 'E:/GameDev/hggjam/GameJamHGGUnreal4.23.1/GameJamCrew/Saved/wood_siding01_normal_Auto16EDDB4B14C0EF763E4019E8D427085A2.tmp' to 'E:/GameDev/hggjam/GameJamHGGUnreal4.23.1/GameJamCrew/Saved/Autosaves/Game/LevelAssets/Materials/wood/wood_siding01/wood_siding01_normal_Auto1.uasset'
[2025.09.19-08.57.14:967][ 32]OBJ SavePackage: Generating thumbnails for [1] asset(s) in package [/Game/LevelAssets/Materials/wood/wood_trimsheet02/wood_trimsheet02_color] ([1] browsable assets)...
[2025.09.19-08.57.14:968][ 32]OBJ SavePackage:     Rendered thumbnail for [Texture2D /Game/LevelAssets/Materials/wood/wood_trimsheet02/wood_trimsheet02_color.wood_trimsheet02_color]
[2025.09.19-08.57.14:968][ 32]OBJ SavePackage: Finished generating thumbnails for package [/Game/LevelAssets/Materials/wood/wood_trimsheet02/wood_trimsheet02_color]
[2025.09.19-08.57.14:971][ 32]LogSavePackage: Moving 'E:/GameDev/hggjam/GameJamHGGUnreal4.23.1/GameJamCrew/Saved/wood_trimsheet02_color_Auto119F47FF44BC762D22E209EAF8F36DD70.tmp' to 'E:/GameDev/hggjam/GameJamHGGUnreal4.23.1/GameJamCrew/Saved/Autosaves/Game/LevelAssets/Materials/wood/wood_trimsheet02/wood_trimsheet02_color_Auto1.uasset'
[2025.09.19-08.57.14:971][ 32]OBJ SavePackage: Generating thumbnails for [1] asset(s) in package [/Game/LevelAssets/Materials/wood/wood_trimsheet02/wood_trimsheet02_mixed] ([1] browsable assets)...
[2025.09.19-08.57.14:973][ 32]OBJ SavePackage:     Rendered thumbnail for [Texture2D /Game/LevelAssets/Materials/wood/wood_trimsheet02/wood_trimsheet02_mixed.wood_trimsheet02_mixed]
[2025.09.19-08.57.14:973][ 32]OBJ SavePackage: Finished generating thumbnails for package [/Game/LevelAssets/Materials/wood/wood_trimsheet02/wood_trimsheet02_mixed]
[2025.09.19-08.57.14:975][ 32]LogSavePackage: Moving 'E:/GameDev/hggjam/GameJamHGGUnreal4.23.1/GameJamCrew/Saved/wood_trimsheet02_mixed_Auto12A1EE9FB41C1EE49FF6040925C85C4E5.tmp' to 'E:/GameDev/hggjam/GameJamHGGUnreal4.23.1/GameJamCrew/Saved/Autosaves/Game/LevelAssets/Materials/wood/wood_trimsheet02/wood_trimsheet02_mixed_Auto1.uasset'
[2025.09.19-08.57.14:975][ 32]OBJ SavePackage: Generating thumbnails for [1] asset(s) in package [/Game/LevelAssets/Materials/wood/wood_trimsheet02/wood_trimsheet02_normal] ([1] browsable assets)...
[2025.09.19-08.57.14:976][ 32]OBJ SavePackage:     Rendered thumbnail for [Texture2D /Game/LevelAssets/Materials/wood/wood_trimsheet02/wood_trimsheet02_normal.wood_trimsheet02_normal]
[2025.09.19-08.57.14:976][ 32]OBJ SavePackage: Finished generating thumbnails for package [/Game/LevelAssets/Materials/wood/wood_trimsheet02/wood_trimsheet02_normal]
[2025.09.19-08.57.14:979][ 32]LogSavePackage: Moving 'E:/GameDev/hggjam/GameJamHGGUnreal4.23.1/GameJamCrew/Saved/wood_trimsheet02_normal_Auto12C89FD18413B7D7DF4A2A7BF6DD91B84.tmp' to 'E:/GameDev/hggjam/GameJamHGGUnreal4.23.1/GameJamCrew/Saved/Autosaves/Game/LevelAssets/Materials/wood/wood_trimsheet02/wood_trimsheet02_normal_Auto1.uasset'
[2025.09.19-08.57.14:979][ 32]OBJ SavePackage: Generating thumbnails for [1] asset(s) in package [/Game/LevelAssets/Materials/bricks/brick02/M_brick02] ([1] browsable assets)...
[2025.09.19-08.57.14:983][ 32]OBJ SavePackage:     Rendered thumbnail for [Material /Game/LevelAssets/Materials/bricks/brick02/M_brick02.M_brick02]
[2025.09.19-08.57.14:983][ 32]OBJ SavePackage: Finished generating thumbnails for package [/Game/LevelAssets/Materials/bricks/brick02/M_brick02]
[2025.09.19-08.57.14:990][ 32]LogSavePackage: Moving 'E:/GameDev/hggjam/GameJamHGGUnreal4.23.1/GameJamCrew/Saved/M_brick02_Auto1FF5D980B43E433AF7BD91C9AA41FA0FE.tmp' to 'E:/GameDev/hggjam/GameJamHGGUnreal4.23.1/GameJamCrew/Saved/Autosaves/Game/LevelAssets/Materials/bricks/brick02/M_brick02_Auto1.uasset'
[2025.09.19-08.57.14:990][ 32]OBJ SavePackage: Generating thumbnails for [0] asset(s) in package [/Game/LevelAssets/Materials/tiles/tile01/M_tiles01] ([1] browsable assets)...
[2025.09.19-08.57.14:990][ 32]OBJ SavePackage: Finished generating thumbnails for package [/Game/LevelAssets/Materials/tiles/tile01/M_tiles01]
[2025.09.19-08.57.14:992][ 32]LogSavePackage: Moving 'E:/GameDev/hggjam/GameJamHGGUnreal4.23.1/GameJamCrew/Saved/M_tiles01_Auto12044353546871F20AD36E0B0579EC81F.tmp' to 'E:/GameDev/hggjam/GameJamHGGUnreal4.23.1/GameJamCrew/Saved/Autosaves/Game/LevelAssets/Materials/tiles/tile01/M_tiles01_Auto1.uasset'
[2025.09.19-08.57.14:992][ 32]LogFileHelpers: Auto-saving content packages took 0.186
[2025.09.19-09.05.08:503][305]LogSlate: FSceneViewport::OnFocusLost() reason 0
[2025.09.19-09.05.20:588][ 36]LogEditorFactories: Performing atomic reimport of [E:/GameDev/hggjam/KlixXsrc/materials/metal/metal_trimsheet01/metal_trimsheet01_normal.tga]
[2025.09.19-09.05.20:588][ 36]LogFactory: FactoryCreateFile: Texture2D with ReimportTextureFactory (0 0 E:/GameDev/hggjam/KlixXsrc/materials/metal/metal_trimsheet01/metal_trimsheet01_normal.tga)
[2025.09.19-09.05.20:591][ 36]LogTexture: Display: Building textures: metal_trimsheet01_normal (BC5, 512X512)
[2025.09.19-09.05.20:595][ 36]LogEditorFactories: -- imported successfully
[2025.09.19-09.05.20:602][ 36]LogEditorFactories: Performing atomic reimport of [E:/GameDev/hggjam/KlixXsrc/materials/metal/metal_trimsheet01/metal_trimsheet01_color.tga]
[2025.09.19-09.05.20:603][ 36]LogFactory: FactoryCreateFile: Texture2D with ReimportTextureFactory (0 0 E:/GameDev/hggjam/KlixXsrc/materials/metal/metal_trimsheet01/metal_trimsheet01_color.tga)
[2025.09.19-09.05.20:605][ 36]LogTexture: Display: Building textures: metal_trimsheet01_color (AutoDXT, 512X512)
[2025.09.19-09.05.20:629][ 36]LogEditorFactories: -- imported successfully
[2025.09.19-09.05.20:635][ 36]LogEditorFactories: Performing atomic reimport of [E:/GameDev/hggjam/KlixXsrc/materials/metal/metal_trimsheet01/metal_trimsheet01_mixed.tga]
[2025.09.19-09.05.20:636][ 36]LogFactory: FactoryCreateFile: Texture2D with ReimportTextureFactory (0 0 E:/GameDev/hggjam/KlixXsrc/materials/metal/metal_trimsheet01/metal_trimsheet01_mixed.tga)
[2025.09.19-09.05.20:637][ 36]LogTexture: Display: Building textures: metal_trimsheet01_mixed (AutoDXT, 256X256)
[2025.09.19-09.05.20:655][ 36]LogEditorFactories: -- imported successfully
[2025.09.19-09.05.32:640][398]LogAssetEditorManager: Opening Asset editor for Material /Game/LevelAssets/Materials/metal/metal_trimsheet01/M_metal_trimsheet01.M_metal_trimsheet01
[2025.09.19-09.05.32:641][398]LogMaterial: Display: Missing cached shader map for material M_metal_trimsheet01, compiling. 
[2025.09.19-09.05.32:684][398]LogMaterial: Display: Missing cached shader map for material M_metal_trimsheet01, compiling. 
[2025.09.19-09.05.32:691][398]LogMaterial: Display: Missing cached shader map for material M_metal_trimsheet01, compiling. 
[2025.09.19-09.05.32:703][398]LogShaderCompilers: Display: Worker (1/13): shaders left to compile 21
[2025.09.19-09.05.32:703][398]LogShaderCompilers: Display: Worker (2/13): shaders left to compile 20
[2025.09.19-09.05.32:703][398]LogShaderCompilers: Display: Worker (3/13): shaders left to compile 19
[2025.09.19-09.05.32:703][398]LogShaderCompilers: Display: Worker (4/13): shaders left to compile 18
[2025.09.19-09.05.32:703][398]LogShaderCompilers: Display: Worker (5/13): shaders left to compile 17
[2025.09.19-09.05.32:703][398]LogShaderCompilers: Display: Worker (6/13): shaders left to compile 16
[2025.09.19-09.05.32:703][398]LogShaderCompilers: Display: Worker (7/13): shaders left to compile 15
[2025.09.19-09.05.32:703][398]LogShaderCompilers: Display: Worker (8/13): shaders left to compile 14
[2025.09.19-09.05.32:703][398]LogShaderCompilers: Display: Worker (9/13): shaders left to compile 13
[2025.09.19-09.05.32:703][398]LogShaderCompilers: Display: Worker (10/13): shaders left to compile 12
[2025.09.19-09.05.32:703][398]LogShaderCompilers: Display: Worker (11/13): shaders left to compile 11
[2025.09.19-09.05.32:703][398]LogShaderCompilers: Display: Worker (12/13): shaders left to compile 10
[2025.09.19-09.05.32:911][409]LogShaderCompilers: Display: Worker (8/13): shaders left to compile 9
[2025.09.19-09.05.32:931][410]LogShaderCompilers: Display: Worker (1/13): shaders left to compile 8
[2025.09.19-09.05.32:953][411]LogShaderCompilers: Display: Worker (3/13): shaders left to compile 7
[2025.09.19-09.05.32:970][412]LogShaderCompilers: Display: Worker (2/13): shaders left to compile 6
[2025.09.19-09.05.32:970][412]LogShaderCompilers: Display: Worker (9/13): shaders left to compile 5
[2025.09.19-09.05.32:970][412]LogShaderCompilers: Display: Worker (4/13): shaders left to compile 4
[2025.09.19-09.05.32:970][412]LogShaderCompilers: Display: Worker (5/13): shaders left to compile 3
[2025.09.19-09.05.32:985][413]LogShaderCompilers: Display: Worker (7/13): shaders left to compile 2
[2025.09.19-09.05.33:000][414]LogShaderCompilers: Display: Worker (6/13): shaders left to compile 1
[2025.09.19-09.05.33:242][428]MaterialEditorStats: Base pass shader: 117 instructions
[2025.09.19-09.05.33:242][428]MaterialEditorStats: Base pass shader with Volumetric Lightmap: 191 instructions
[2025.09.19-09.05.33:242][428]MaterialEditorStats: Base pass vertex shader: 40 instructions
[2025.09.19-09.05.33:242][428]MaterialEditorStats: Texture samplers: 3/16
[2025.09.19-09.05.35:593][700]LogMaterial: Display: Missing cached shader map for material M_metal_trimsheet01, compiling. 
[2025.09.19-09.05.35:600][700]LogMaterial: Display: Missing cached shader map for material FMatExpressionPreview MaterialExpressionTextureSample_0, compiling. 
[2025.09.19-09.05.35:610][700]LogShaderCompilers: Display: Worker (1/13): shaders left to compile 25
[2025.09.19-09.05.35:610][700]LogShaderCompilers: Display: Worker (2/13): shaders left to compile 24
[2025.09.19-09.05.35:610][700]LogShaderCompilers: Display: Worker (3/13): shaders left to compile 23
[2025.09.19-09.05.35:610][700]LogShaderCompilers: Display: Worker (4/13): shaders left to compile 22
[2025.09.19-09.05.35:610][700]LogShaderCompilers: Display: Worker (5/13): shaders left to compile 21
[2025.09.19-09.05.35:610][700]LogShaderCompilers: Display: Worker (6/13): shaders left to compile 20
[2025.09.19-09.05.35:610][700]LogShaderCompilers: Display: Worker (7/13): shaders left to compile 19
[2025.09.19-09.05.35:610][700]LogShaderCompilers: Display: Worker (8/13): shaders left to compile 18
[2025.09.19-09.05.35:610][700]LogShaderCompilers: Display: Worker (9/13): shaders left to compile 17
[2025.09.19-09.05.35:610][700]LogShaderCompilers: Display: Worker (10/13): shaders left to compile 16
[2025.09.19-09.05.35:610][700]LogShaderCompilers: Display: Worker (11/13): shaders left to compile 15
[2025.09.19-09.05.35:610][700]LogShaderCompilers: Display: Worker (12/13): shaders left to compile 14
[2025.09.19-09.05.35:613][700]LogMaterial: Display: Missing cached shader map for material FMatExpressionPreview MaterialExpressionTextureSample_0, compiling. 
[2025.09.19-09.05.35:624][700]LogMaterial: Display: Missing cached shader map for material M_metal_trimsheet01, compiling. 
[2025.09.19-09.05.35:636][700]LogMaterial: Display: Missing cached shader map for material FMatExpressionPreview MaterialExpressionTextureSample_1, compiling. 
[2025.09.19-09.05.35:650][700]LogMaterial: Display: Missing cached shader map for material FMatExpressionPreview MaterialExpressionTextureSample_0, compiling. 
[2025.09.19-09.05.35:655][700]LogMaterial: Display: Missing cached shader map for material FMatExpressionPreview MaterialExpressionTextureSample_1, compiling. 
[2025.09.19-09.05.35:666][700]LogMaterial: Display: Missing cached shader map for material M_metal_trimsheet01, compiling. 
[2025.09.19-09.05.35:680][700]LogMaterial: Display: Missing cached shader map for material FMatExpressionPreview MaterialExpressionTextureSample_2, compiling. 
[2025.09.19-09.05.35:688][700]LogShaderCompilers: Display: Worker (8/13): shaders left to compile 29
[2025.09.19-09.05.35:694][700]LogMaterial: Display: Missing cached shader map for material FMatExpressionPreview MaterialExpressionTextureSample_0, compiling. 
[2025.09.19-09.05.35:699][700]LogMaterial: Display: Missing cached shader map for material FMatExpressionPreview MaterialExpressionTextureSample_1, compiling. 
[2025.09.19-09.05.35:704][700]LogMaterial: Display: Missing cached shader map for material FMatExpressionPreview MaterialExpressionTextureSample_2, compiling. 
[2025.09.19-09.05.35:739][701]LogShaderCompilers: Display: Worker (3/13): shaders left to compile 33
[2025.09.19-09.05.35:739][701]LogShaderCompilers: Display: Worker (9/13): shaders left to compile 32
[2025.09.19-09.05.35:762][702]LogShaderCompilers: Display: Worker (1/13): shaders left to compile 31
[2025.09.19-09.05.35:762][702]LogShaderCompilers: Display: Worker (2/13): shaders left to compile 30
[2025.09.19-09.05.35:762][702]LogShaderCompilers: Display: Worker (4/13): shaders left to compile 29
[2025.09.19-09.05.35:762][702]LogShaderCompilers: Display: Worker (6/13): shaders left to compile 28
[2025.09.19-09.05.35:762][702]LogShaderCompilers: Display: Worker (5/13): shaders left to compile 27
[2025.09.19-09.05.35:762][702]LogShaderCompilers: Display: Worker (7/13): shaders left to compile 26
[2025.09.19-09.05.35:787][704]LogShaderCompilers: Display: Worker (12/13): shaders left to compile 25
[2025.09.19-09.05.35:854][708]LogShaderCompilers: Display: Worker (7/13): shaders left to compile 24
[2025.09.19-09.05.35:868][709]LogShaderCompilers: Display: Worker (3/13): shaders left to compile 23
[2025.09.19-09.05.35:868][709]LogShaderCompilers: Display: Worker (10/13): shaders left to compile 22
[2025.09.19-09.05.35:881][710]LogShaderCompilers: Display: Worker (9/13): shaders left to compile 21
[2025.09.19-09.05.35:894][711]LogShaderCompilers: Display: Worker (11/13): shaders left to compile 20
[2025.09.19-09.05.35:894][711]LogShaderCompilers: Display: Worker (1/13): shaders left to compile 19
[2025.09.19-09.05.35:894][711]LogShaderCompilers: Display: Worker (2/13): shaders left to compile 18
[2025.09.19-09.05.35:908][712]LogShaderCompilers: Display: Worker (4/13): shaders left to compile 17
[2025.09.19-09.05.35:908][712]LogShaderCompilers: Display: Worker (6/13): shaders left to compile 16
[2025.09.19-09.05.35:908][712]LogShaderCompilers: Display: Worker (5/13): shaders left to compile 15
[2025.09.19-09.05.35:908][712]LogShaderCompilers: Display: Worker (8/13): shaders left to compile 14
[2025.09.19-09.05.35:932][714]LogShaderCompilers: Display: Worker (12/13): shaders left to compile 13
[2025.09.19-09.05.36:076][721]LogShaderCompilers: Display: Worker (10/13): shaders left to compile 12
[2025.09.19-09.05.36:096][722]LogShaderCompilers: Display: Worker (1/13): shaders left to compile 11
[2025.09.19-09.05.36:096][722]LogShaderCompilers: Display: Worker (6/13): shaders left to compile 10
[2025.09.19-09.05.36:114][723]LogShaderCompilers: Display: Worker (12/13): shaders left to compile 9
[2025.09.19-09.05.36:166][726]LogShaderCompilers: Display: Worker (7/13): shaders left to compile 8
[2025.09.19-09.05.36:166][726]LogShaderCompilers: Display: Worker (9/13): shaders left to compile 7
[2025.09.19-09.05.36:166][726]LogShaderCompilers: Display: Worker (5/13): shaders left to compile 6
[2025.09.19-09.05.36:189][727]LogShaderCompilers: Display: Worker (3/13): shaders left to compile 5
[2025.09.19-09.05.36:189][727]LogShaderCompilers: Display: Worker (8/13): shaders left to compile 4
[2025.09.19-09.05.36:226][728]LogShaderCompilers: Display: Worker (2/13): shaders left to compile 3
[2025.09.19-09.05.36:226][728]LogShaderCompilers: Display: Worker (11/13): shaders left to compile 2
[2025.09.19-09.05.36:226][728]LogShaderCompilers: Display: Worker (4/13): shaders left to compile 1
[2025.09.19-09.05.36:255][729]MaterialEditorStats: Base pass shader: 117 instructions
[2025.09.19-09.05.36:255][729]MaterialEditorStats: Base pass shader with Volumetric Lightmap: 191 instructions
[2025.09.19-09.05.36:255][729]MaterialEditorStats: Base pass vertex shader: 40 instructions
[2025.09.19-09.05.36:255][729]MaterialEditorStats: Texture samplers: 3/16
[2025.09.19-09.05.45:300][794]LogMaterial: Display: Missing cached shader map for material M_metal_trimsheet01, compiling. 
[2025.09.19-09.05.45:312][794]LogMaterial: Display: Missing cached shader map for material FMatExpressionPreview MaterialExpressionTextureSample_2, compiling. 
[2025.09.19-09.05.45:314][794]LogShaderCompilers: Display: Worker (1/13): shaders left to compile 21
[2025.09.19-09.05.45:314][794]LogShaderCompilers: Display: Worker (2/13): shaders left to compile 20
[2025.09.19-09.05.45:314][794]LogShaderCompilers: Display: Worker (3/13): shaders left to compile 19
[2025.09.19-09.05.45:314][794]LogShaderCompilers: Display: Worker (4/13): shaders left to compile 18
[2025.09.19-09.05.45:314][794]LogShaderCompilers: Display: Worker (5/13): shaders left to compile 17
[2025.09.19-09.05.45:314][794]LogShaderCompilers: Display: Worker (6/13): shaders left to compile 16
[2025.09.19-09.05.45:314][794]LogShaderCompilers: Display: Worker (7/13): shaders left to compile 15
[2025.09.19-09.05.45:314][794]LogShaderCompilers: Display: Worker (8/13): shaders left to compile 14
[2025.09.19-09.05.45:314][794]LogShaderCompilers: Display: Worker (9/13): shaders left to compile 13
[2025.09.19-09.05.45:314][794]LogShaderCompilers: Display: Worker (10/13): shaders left to compile 12
[2025.09.19-09.05.45:314][794]LogShaderCompilers: Display: Worker (11/13): shaders left to compile 11
[2025.09.19-09.05.45:314][794]LogShaderCompilers: Display: Worker (12/13): shaders left to compile 10
[2025.09.19-09.05.45:405][801]LogShaderCompilers: Display: Worker (8/13): shaders left to compile 13
[2025.09.19-09.05.45:465][802]LogShaderCompilers: Display: Worker (2/13): shaders left to compile 12
[2025.09.19-09.05.45:465][802]LogShaderCompilers: Display: Worker (9/13): shaders left to compile 11
[2025.09.19-09.05.45:468][803]LogShaderCompilers: Display: Worker (3/13): shaders left to compile 10
[2025.09.19-09.05.45:496][803]LogShaderCompilers: Display: Worker (1/13): shaders left to compile 9
[2025.09.19-09.05.45:496][803]LogShaderCompilers: Display: Worker (4/13): shaders left to compile 8
[2025.09.19-09.05.45:496][803]LogShaderCompilers: Display: Worker (5/13): shaders left to compile 7
[2025.09.19-09.05.45:496][803]LogShaderCompilers: Display: Worker (6/13): shaders left to compile 6
[2025.09.19-09.05.45:496][803]LogShaderCompilers: Display: Worker (7/13): shaders left to compile 5
[2025.09.19-09.05.45:530][804]LogShaderCompilers: Display: Worker (12/13): shaders left to compile 4
[2025.09.19-09.05.45:618][809]LogShaderCompilers: Display: Worker (10/13): shaders left to compile 3
[2025.09.19-09.05.45:618][809]LogShaderCompilers: Display: Worker (11/13): shaders left to compile 2
[2025.09.19-09.05.45:653][811]LogShaderCompilers: Display: Worker (9/13): shaders left to compile 1
[2025.09.19-09.05.45:782][820]MaterialEditorStats: Base pass shader: 119 instructions
[2025.09.19-09.05.45:782][820]MaterialEditorStats: Base pass shader with Volumetric Lightmap: 193 instructions
[2025.09.19-09.05.45:782][820]MaterialEditorStats: Base pass vertex shader: 44 instructions
[2025.09.19-09.05.45:782][820]MaterialEditorStats: Texture samplers: 4/16
[2025.09.19-09.05.45:782][820]MaterialEditorStats: Texture Lookups (Est.): VS(0), PS(1)
[2025.09.19-09.05.45:782][820]MaterialEditorStats: User interpolators: 2/4 Scalars (1/4 Vectors) (TexCoords: 2, Custom: 0)
[2025.09.19-09.05.47:850][ 65]LogMaterial: Display: Missing cached shader map for material M_metal_trimsheet01, compiling. 
[2025.09.19-09.05.47:863][ 65]LogShaderCompilers: Display: Worker (1/13): shaders left to compile 21
[2025.09.19-09.05.47:863][ 65]LogShaderCompilers: Display: Worker (2/13): shaders left to compile 20
[2025.09.19-09.05.47:863][ 65]LogShaderCompilers: Display: Worker (3/13): shaders left to compile 19
[2025.09.19-09.05.47:863][ 65]LogShaderCompilers: Display: Worker (4/13): shaders left to compile 18
[2025.09.19-09.05.47:863][ 65]LogShaderCompilers: Display: Worker (5/13): shaders left to compile 17
[2025.09.19-09.05.47:863][ 65]LogShaderCompilers: Display: Worker (6/13): shaders left to compile 16
[2025.09.19-09.05.47:863][ 65]LogShaderCompilers: Display: Worker (7/13): shaders left to compile 15
[2025.09.19-09.05.47:863][ 65]LogShaderCompilers: Display: Worker (8/13): shaders left to compile 14
[2025.09.19-09.05.47:863][ 65]LogShaderCompilers: Display: Worker (9/13): shaders left to compile 13
[2025.09.19-09.05.47:863][ 65]LogShaderCompilers: Display: Worker (10/13): shaders left to compile 12
[2025.09.19-09.05.47:863][ 65]LogShaderCompilers: Display: Worker (11/13): shaders left to compile 11
[2025.09.19-09.05.47:863][ 65]LogShaderCompilers: Display: Worker (12/13): shaders left to compile 10
[2025.09.19-09.05.47:865][ 65]LogMaterial: Display: Missing cached shader map for material FMatExpressionPreview MaterialExpressionTextureSample_1, compiling. 
[2025.09.19-09.05.47:943][ 69]LogShaderCompilers: Display: Worker (8/13): shaders left to compile 13
[2025.09.19-09.05.48:022][ 73]LogShaderCompilers: Display: Worker (9/13): shaders left to compile 12
[2025.09.19-09.05.48:036][ 74]LogShaderCompilers: Display: Worker (2/13): shaders left to compile 11
[2025.09.19-09.05.48:036][ 74]LogShaderCompilers: Display: Worker (3/13): shaders left to compile 10
[2025.09.19-09.05.48:036][ 74]LogShaderCompilers: Display: Worker (4/13): shaders left to compile 9
[2025.09.19-09.05.48:036][ 74]LogShaderCompilers: Display: Worker (5/13): shaders left to compile 8
[2025.09.19-09.05.48:036][ 74]LogShaderCompilers: Display: Worker (6/13): shaders left to compile 7
[2025.09.19-09.05.48:036][ 74]LogShaderCompilers: Display: Worker (7/13): shaders left to compile 6
[2025.09.19-09.05.48:052][ 75]LogShaderCompilers: Display: Worker (1/13): shaders left to compile 5
[2025.09.19-09.05.48:052][ 75]LogShaderCompilers: Display: Worker (12/13): shaders left to compile 4
[2025.09.19-09.05.48:161][ 80]LogShaderCompilers: Display: Worker (10/13): shaders left to compile 3
[2025.09.19-09.05.48:161][ 80]LogShaderCompilers: Display: Worker (11/13): shaders left to compile 2
[2025.09.19-09.05.48:205][ 83]LogShaderCompilers: Display: Worker (8/13): shaders left to compile 1
[2025.09.19-09.05.48:341][ 93]MaterialEditorStats: Base pass shader: 122 instructions
[2025.09.19-09.05.48:341][ 93]MaterialEditorStats: Base pass shader with Volumetric Lightmap: 196 instructions
[2025.09.19-09.05.48:341][ 93]MaterialEditorStats: Base pass vertex shader: 44 instructions
[2025.09.19-09.05.48:341][ 93]MaterialEditorStats: Texture samplers: 5/16
[2025.09.19-09.05.48:341][ 93]MaterialEditorStats: Texture Lookups (Est.): VS(0), PS(2)
[2025.09.19-09.05.48:341][ 93]MaterialEditorStats: User interpolators: 2/4 Scalars (1/4 Vectors) (TexCoords: 2, Custom: 0)
[2025.09.19-09.05.50:256][322]LogMaterial: Display: Missing cached shader map for material M_metal_trimsheet01, compiling. 
[2025.09.19-09.05.50:270][322]LogShaderCompilers: Display: Worker (1/13): shaders left to compile 21
[2025.09.19-09.05.50:270][322]LogShaderCompilers: Display: Worker (2/13): shaders left to compile 20
[2025.09.19-09.05.50:270][322]LogShaderCompilers: Display: Worker (3/13): shaders left to compile 19
[2025.09.19-09.05.50:270][322]LogShaderCompilers: Display: Worker (4/13): shaders left to compile 18
[2025.09.19-09.05.50:270][322]LogShaderCompilers: Display: Worker (5/13): shaders left to compile 17
[2025.09.19-09.05.50:270][322]LogShaderCompilers: Display: Worker (6/13): shaders left to compile 16
[2025.09.19-09.05.50:270][322]LogShaderCompilers: Display: Worker (7/13): shaders left to compile 15
[2025.09.19-09.05.50:270][322]LogShaderCompilers: Display: Worker (8/13): shaders left to compile 14
[2025.09.19-09.05.50:270][322]LogShaderCompilers: Display: Worker (9/13): shaders left to compile 13
[2025.09.19-09.05.50:270][322]LogShaderCompilers: Display: Worker (10/13): shaders left to compile 12
[2025.09.19-09.05.50:270][322]LogShaderCompilers: Display: Worker (11/13): shaders left to compile 11
[2025.09.19-09.05.50:270][322]LogShaderCompilers: Display: Worker (12/13): shaders left to compile 10
[2025.09.19-09.05.50:272][322]LogMaterial: Display: Missing cached shader map for material FMatExpressionPreview MaterialExpressionTextureSample_2, compiling. 
[2025.09.19-09.05.50:348][327]LogShaderCompilers: Display: Worker (8/13): shaders left to compile 13
[2025.09.19-09.05.50:426][332]LogShaderCompilers: Display: Worker (9/13): shaders left to compile 12
[2025.09.19-09.05.50:426][332]LogShaderCompilers: Display: Worker (1/13): shaders left to compile 11
[2025.09.19-09.05.50:426][332]LogShaderCompilers: Display: Worker (4/13): shaders left to compile 10
[2025.09.19-09.05.50:426][332]LogShaderCompilers: Display: Worker (2/13): shaders left to compile 9
[2025.09.19-09.05.50:440][333]LogShaderCompilers: Display: Worker (7/13): shaders left to compile 8
[2025.09.19-09.05.50:440][333]LogShaderCompilers: Display: Worker (3/13): shaders left to compile 7
[2025.09.19-09.05.50:440][333]LogShaderCompilers: Display: Worker (6/13): shaders left to compile 6
[2025.09.19-09.05.50:440][333]LogShaderCompilers: Display: Worker (5/13): shaders left to compile 5
[2025.09.19-09.05.50:468][335]LogShaderCompilers: Display: Worker (12/13): shaders left to compile 4
[2025.09.19-09.05.50:576][339]LogShaderCompilers: Display: Worker (10/13): shaders left to compile 3
[2025.09.19-09.05.50:577][339]LogShaderCompilers: Display: Worker (11/13): shaders left to compile 2
[2025.09.19-09.05.50:610][341]LogShaderCompilers: Display: Worker (1/13): shaders left to compile 1
[2025.09.19-09.05.50:734][350]MaterialEditorStats: Base pass shader: 122 instructions
[2025.09.19-09.05.50:734][350]MaterialEditorStats: Base pass shader with Volumetric Lightmap: 196 instructions
[2025.09.19-09.05.50:734][350]MaterialEditorStats: Base pass vertex shader: 44 instructions
[2025.09.19-09.05.50:734][350]MaterialEditorStats: Texture samplers: 5/16
[2025.09.19-09.05.50:734][350]MaterialEditorStats: Texture Lookups (Est.): VS(0), PS(2)
[2025.09.19-09.05.50:734][350]MaterialEditorStats: User interpolators: 2/4 Scalars (1/4 Vectors) (TexCoords: 2, Custom: 0)
[2025.09.19-09.05.54:256][771]LogMaterial: Display: Missing cached shader map for material M_metal_trimsheet01, compiling. 
[2025.09.19-09.05.54:265][771]LogShaderCompilers: Display: Worker (1/13): shaders left to compile 21
[2025.09.19-09.05.54:265][771]LogShaderCompilers: Display: Worker (2/13): shaders left to compile 20
[2025.09.19-09.05.54:265][771]LogShaderCompilers: Display: Worker (3/13): shaders left to compile 19
[2025.09.19-09.05.54:265][771]LogShaderCompilers: Display: Worker (4/13): shaders left to compile 18
[2025.09.19-09.05.54:265][771]LogShaderCompilers: Display: Worker (5/13): shaders left to compile 17
[2025.09.19-09.05.54:265][771]LogShaderCompilers: Display: Worker (6/13): shaders left to compile 16
[2025.09.19-09.05.54:265][771]LogShaderCompilers: Display: Worker (7/13): shaders left to compile 15
[2025.09.19-09.05.54:265][771]LogShaderCompilers: Display: Worker (8/13): shaders left to compile 14
[2025.09.19-09.05.54:265][771]LogShaderCompilers: Display: Worker (9/13): shaders left to compile 13
[2025.09.19-09.05.54:265][771]LogShaderCompilers: Display: Worker (10/13): shaders left to compile 12
[2025.09.19-09.05.54:265][771]LogShaderCompilers: Display: Worker (11/13): shaders left to compile 11
[2025.09.19-09.05.54:265][771]LogShaderCompilers: Display: Worker (12/13): shaders left to compile 10
[2025.09.19-09.05.54:266][771]LogMaterial: Display: Missing cached shader map for material FMatExpressionPreview MaterialExpressionTextureSample_2, compiling. 
[2025.09.19-09.05.54:363][776]LogShaderCompilers: Display: Worker (8/13): shaders left to compile 13
[2025.09.19-09.05.54:432][780]LogShaderCompilers: Display: Worker (2/13): shaders left to compile 12
[2025.09.19-09.05.54:432][780]LogShaderCompilers: Display: Worker (9/13): shaders left to compile 11
[2025.09.19-09.05.54:432][780]LogShaderCompilers: Display: Worker (5/13): shaders left to compile 10
[2025.09.19-09.05.54:432][780]LogShaderCompilers: Display: Worker (7/13): shaders left to compile 9
[2025.09.19-09.05.54:446][781]LogShaderCompilers: Display: Worker (6/13): shaders left to compile 8
[2025.09.19-09.05.54:447][781]LogShaderCompilers: Display: Worker (1/13): shaders left to compile 7
[2025.09.19-09.05.54:447][781]LogShaderCompilers: Display: Worker (4/13): shaders left to compile 6
[2025.09.19-09.05.54:462][782]LogShaderCompilers: Display: Worker (3/13): shaders left to compile 5
[2025.09.19-09.05.54:477][783]LogShaderCompilers: Display: Worker (12/13): shaders left to compile 4
[2025.09.19-09.05.54:577][788]LogShaderCompilers: Display: Worker (10/13): shaders left to compile 3
[2025.09.19-09.05.54:577][788]LogShaderCompilers: Display: Worker (11/13): shaders left to compile 2
[2025.09.19-09.05.54:630][791]LogShaderCompilers: Display: Worker (9/13): shaders left to compile 1
[2025.09.19-09.05.54:737][799]MaterialEditorStats: Base pass shader: 122 instructions
[2025.09.19-09.05.54:737][799]MaterialEditorStats: Base pass shader with Volumetric Lightmap: 200 instructions
[2025.09.19-09.05.54:737][799]MaterialEditorStats: Base pass vertex shader: 44 instructions
[2025.09.19-09.05.54:737][799]MaterialEditorStats: Texture samplers: 5/16
[2025.09.19-09.05.54:737][799]MaterialEditorStats: Texture Lookups (Est.): VS(0), PS(2)
[2025.09.19-09.05.54:737][799]MaterialEditorStats: User interpolators: 2/4 Scalars (1/4 Vectors) (TexCoords: 2, Custom: 0)
[2025.09.19-09.05.56:480][  7]LogMaterial: Display: Missing cached shader map for material M_metal_trimsheet01, compiling. 
[2025.09.19-09.05.56:493][  7]LogShaderCompilers: Display: Worker (1/13): shaders left to compile 21
[2025.09.19-09.05.56:493][  7]LogShaderCompilers: Display: Worker (2/13): shaders left to compile 20
[2025.09.19-09.05.56:493][  7]LogShaderCompilers: Display: Worker (3/13): shaders left to compile 19
[2025.09.19-09.05.56:493][  7]LogShaderCompilers: Display: Worker (4/13): shaders left to compile 18
[2025.09.19-09.05.56:493][  7]LogShaderCompilers: Display: Worker (5/13): shaders left to compile 17
[2025.09.19-09.05.56:493][  7]LogShaderCompilers: Display: Worker (6/13): shaders left to compile 16
[2025.09.19-09.05.56:493][  7]LogShaderCompilers: Display: Worker (7/13): shaders left to compile 15
[2025.09.19-09.05.56:493][  7]LogShaderCompilers: Display: Worker (8/13): shaders left to compile 14
[2025.09.19-09.05.56:493][  7]LogShaderCompilers: Display: Worker (9/13): shaders left to compile 13
[2025.09.19-09.05.56:493][  7]LogShaderCompilers: Display: Worker (10/13): shaders left to compile 12
[2025.09.19-09.05.56:493][  7]LogShaderCompilers: Display: Worker (11/13): shaders left to compile 11
[2025.09.19-09.05.56:493][  7]LogShaderCompilers: Display: Worker (12/13): shaders left to compile 10
[2025.09.19-09.05.56:496][  7]LogMaterial: Display: Missing cached shader map for material FMatExpressionPreview MaterialExpressionTextureSample_0, compiling. 
[2025.09.19-09.05.56:586][ 13]LogShaderCompilers: Display: Worker (8/13): shaders left to compile 13
[2025.09.19-09.05.56:650][ 17]LogShaderCompilers: Display: Worker (1/13): shaders left to compile 12
[2025.09.19-09.05.56:650][ 17]LogShaderCompilers: Display: Worker (2/13): shaders left to compile 11
[2025.09.19-09.05.56:650][ 17]LogShaderCompilers: Display: Worker (3/13): shaders left to compile 10
[2025.09.19-09.05.56:664][ 18]LogShaderCompilers: Display: Worker (4/13): shaders left to compile 9
[2025.09.19-09.05.56:664][ 18]LogShaderCompilers: Display: Worker (6/13): shaders left to compile 8
[2025.09.19-09.05.56:664][ 18]LogShaderCompilers: Display: Worker (5/13): shaders left to compile 7
[2025.09.19-09.05.56:664][ 18]LogShaderCompilers: Display: Worker (9/13): shaders left to compile 6
[2025.09.19-09.05.56:678][ 19]LogShaderCompilers: Display: Worker (7/13): shaders left to compile 5
[2025.09.19-09.05.56:691][ 20]LogShaderCompilers: Display: Worker (12/13): shaders left to compile 4
[2025.09.19-09.05.56:816][ 27]LogShaderCompilers: Display: Worker (10/13): shaders left to compile 3
[2025.09.19-09.05.56:816][ 27]LogShaderCompilers: Display: Worker (11/13): shaders left to compile 2
[2025.09.19-09.05.56:866][ 30]LogShaderCompilers: Display: Worker (2/13): shaders left to compile 1
[2025.09.19-09.05.56:964][ 35]MaterialEditorStats: Base pass shader: 128 instructions
[2025.09.19-09.05.56:964][ 35]MaterialEditorStats: Base pass shader with Volumetric Lightmap: 206 instructions
[2025.09.19-09.05.56:964][ 35]MaterialEditorStats: Base pass vertex shader: 44 instructions
[2025.09.19-09.05.56:964][ 35]MaterialEditorStats: Texture samplers: 6/16
[2025.09.19-09.05.56:964][ 35]MaterialEditorStats: Texture Lookups (Est.): VS(0), PS(3)
[2025.09.19-09.05.56:964][ 35]MaterialEditorStats: User interpolators: 2/4 Scalars (1/4 Vectors) (TexCoords: 2, Custom: 0)
[2025.09.19-09.06.01:659][596]LogSlate: FSceneViewport::OnFocusLost() reason 0
[2025.09.19-09.06.01:750][607]LogMaterialEditor: Saving and Compiling material M_metal_trimsheet01
[2025.09.19-09.06.01:915][607]LogMaterial: Display: Missing cached shader map for material M_metal_trimsheet01, compiling. 
[2025.09.19-09.06.01:936][607]LogShaderCompilers: Display: Worker (1/13): shaders left to compile 21
[2025.09.19-09.06.01:936][607]LogShaderCompilers: Display: Worker (2/13): shaders left to compile 20
[2025.09.19-09.06.01:936][607]LogShaderCompilers: Display: Worker (3/13): shaders left to compile 19
[2025.09.19-09.06.01:936][607]LogShaderCompilers: Display: Worker (4/13): shaders left to compile 18
[2025.09.19-09.06.01:936][607]LogShaderCompilers: Display: Worker (5/13): shaders left to compile 17
[2025.09.19-09.06.01:936][607]LogShaderCompilers: Display: Worker (6/13): shaders left to compile 16
[2025.09.19-09.06.01:936][607]LogShaderCompilers: Display: Worker (7/13): shaders left to compile 15
[2025.09.19-09.06.01:936][607]LogShaderCompilers: Display: Worker (8/13): shaders left to compile 14
[2025.09.19-09.06.01:936][607]LogShaderCompilers: Display: Worker (9/13): shaders left to compile 13
[2025.09.19-09.06.01:936][607]LogShaderCompilers: Display: Worker (10/13): shaders left to compile 12
[2025.09.19-09.06.01:936][607]LogShaderCompilers: Display: Worker (11/13): shaders left to compile 11
[2025.09.19-09.06.01:936][607]LogShaderCompilers: Display: Worker (12/13): shaders left to compile 10
[2025.09.19-09.06.01:955][607]LogMaterial: Display: Missing cached shader map for material M_metal_trimsheet01, compiling. 
[2025.09.19-09.06.01:969][607]LogMaterial: Display: Missing cached shader map for material M_metal_trimsheet01, compiling. 
[2025.09.19-09.06.02:003][607]LogUObjectHash: Compacting FUObjectHashTables data took   1.74ms
[2025.09.19-09.06.02:010][607]LogMaterial: Display: Missing cached shader map for material DebugViewMode MaterialTexCoordScale, compiling. 
[2025.09.19-09.06.02:326][607]LogShaderCompilers: Display: Worker (8/13): shaders left to compile 33
[2025.09.19-09.06.02:326][607]LogShaderCompilers: Display: Worker (6/13): shaders left to compile 32
[2025.09.19-09.06.02:326][607]LogShaderCompilers: Display: Worker (9/13): shaders left to compile 31
[2025.09.19-09.06.02:326][607]LogShaderCompilers: Display: Worker (7/13): shaders left to compile 30
[2025.09.19-09.06.02:326][607]LogShaderCompilers: Display: Worker (2/13): shaders left to compile 29
[2025.09.19-09.06.02:326][607]LogShaderCompilers: Display: Worker (1/13): shaders left to compile 28
[2025.09.19-09.06.02:326][607]LogShaderCompilers: Display: Worker (3/13): shaders left to compile 27
[2025.09.19-09.06.02:326][607]LogShaderCompilers: Display: Worker (4/13): shaders left to compile 26
[2025.09.19-09.06.02:326][607]LogShaderCompilers: Display: Worker (5/13): shaders left to compile 25
[2025.09.19-09.06.02:326][607]LogShaderCompilers: Display: Worker (12/13): shaders left to compile 24
[2025.09.19-09.06.02:326][607]LogShaderCompilers: Display: Worker (10/13): shaders left to compile 23
[2025.09.19-09.06.02:326][607]LogShaderCompilers: Display: Worker (11/13): shaders left to compile 22
[2025.09.19-09.06.02:326][607]LogShaderCompilers: Display: Worker (8/13): shaders left to compile 20
[2025.09.19-09.06.02:326][607]LogShaderCompilers: Display: Worker (12/13): shaders left to compile 18
[2025.09.19-09.06.02:326][607]LogShaderCompilers: Display: Worker (9/13): shaders left to compile 16
[2025.09.19-09.06.02:326][607]LogShaderCompilers: Display: Worker (5/13): shaders left to compile 14
[2025.09.19-09.06.02:326][607]LogShaderCompilers: Display: Worker (1/13): shaders left to compile 12
[2025.09.19-09.06.02:326][607]LogShaderCompilers: Display: Worker (10/13): shaders left to compile 10
[2025.09.19-09.06.02:330][607]TextureStreamingBuild: Display: Compiling optional shaders took 0.327 seconds.
[2025.09.19-09.06.02:354][607]LogUObjectHash: Compacting FUObjectHashTables data took   0.93ms
[2025.09.19-09.06.02:368][607]LogShaderCompilers: Display: Worker (7/13): shaders left to compile 9
[2025.09.19-09.06.02:377][607]LogShaderCompilers: Display: Worker (3/13): shaders left to compile 8
[2025.09.19-09.06.02:377][607]LogShaderCompilers: Display: Worker (4/13): shaders left to compile 7
[2025.09.19-09.06.02:663][607]LogShaderCompilers: Display: Worker (2/13): shaders left to compile 6
[2025.09.19-09.06.02:663][607]LogShaderCompilers: Display: Worker (6/13): shaders left to compile 5
[2025.09.19-09.06.02:663][607]LogShaderCompilers: Display: Worker (11/13): shaders left to compile 4
[2025.09.19-09.06.02:663][607]LogShaderCompilers: Display: Worker (9/13): shaders left to compile 3
[2025.09.19-09.06.02:663][607]LogShaderCompilers: Display: Worker (8/13): shaders left to compile 2
[2025.09.19-09.06.02:663][607]LogShaderCompilers: Display: Worker (12/13): shaders left to compile 1
[2025.09.19-09.06.02:676][607]LogSavePackage: Moving 'E:/GameDev/hggjam/GameJamHGGUnreal4.23.1/GameJamCrew/Saved/M_metal_trimsheet01D849DB4C48FCBCC5F5513D9B3DF7E4A7.tmp' to 'E:/GameDev/hggjam/GameJamHGGUnreal4.23.1/GameJamCrew/Content/LevelAssets/Materials/metal/metal_trimsheet01/M_metal_trimsheet01.uasset'
[2025.09.19-09.06.08:435][290]LogEditorViewport: Clicking on Actor (LMB): StaticMeshActor (vent01_80x52)
[2025.09.19-09.06.10:240][502]LogSlate: FSceneViewport::OnFocusLost() reason 0
[2025.09.19-09.06.10:971][589]LogMaterial: Display: Material /Game/LevelAssets/Materials/metal/metal_trimsheet01/M_metal_trimsheet01.M_metal_trimsheet01 needed to have new flag set bUsedWithStaticLighting !
[2025.09.19-09.06.10:971][589]LogMaterial: Display: Material /Engine/Transient.M_metal_trimsheet01 needed to have new flag set bUsedWithStaticLighting !
[2025.09.19-09.06.10:972][589]LogMaterial: Display: Missing cached shader map for material M_metal_trimsheet01, compiling. 
[2025.09.19-09.06.10:988][589]LogShaderCompilers: Display: Worker (1/13): shaders left to compile 30
[2025.09.19-09.06.10:988][589]LogShaderCompilers: Display: Worker (2/13): shaders left to compile 29
[2025.09.19-09.06.10:988][589]LogShaderCompilers: Display: Worker (3/13): shaders left to compile 28
[2025.09.19-09.06.10:988][589]LogShaderCompilers: Display: Worker (4/13): shaders left to compile 27
[2025.09.19-09.06.10:988][589]LogShaderCompilers: Display: Worker (5/13): shaders left to compile 26
[2025.09.19-09.06.10:988][589]LogShaderCompilers: Display: Worker (6/13): shaders left to compile 25
[2025.09.19-09.06.10:988][589]LogShaderCompilers: Display: Worker (7/13): shaders left to compile 24
[2025.09.19-09.06.10:988][589]LogShaderCompilers: Display: Worker (8/13): shaders left to compile 23
[2025.09.19-09.06.10:988][589]LogShaderCompilers: Display: Worker (9/13): shaders left to compile 22
[2025.09.19-09.06.10:988][589]LogShaderCompilers: Display: Worker (10/13): shaders left to compile 21
[2025.09.19-09.06.10:988][589]LogShaderCompilers: Display: Worker (11/13): shaders left to compile 20
[2025.09.19-09.06.10:988][589]LogShaderCompilers: Display: Worker (12/13): shaders left to compile 19
[2025.09.19-09.06.10:988][589]LogMaterial: Display: Missing cached shader map for material M_metal_trimsheet01, compiling. 
[2025.09.19-09.06.11:082][596]LogShaderCompilers: Display: Worker (8/13): shaders left to compile 49
[2025.09.19-09.06.11:154][601]LogShaderCompilers: Display: Worker (2/13): shaders left to compile 48
[2025.09.19-09.06.11:169][602]LogShaderCompilers: Display: Worker (4/13): shaders left to compile 47
[2025.09.19-09.06.11:170][602]LogShaderCompilers: Display: Worker (1/13): shaders left to compile 46
[2025.09.19-09.06.11:170][602]LogShaderCompilers: Display: Worker (6/13): shaders left to compile 45
[2025.09.19-09.06.11:170][602]LogShaderCompilers: Display: Worker (3/13): shaders left to compile 44
[2025.09.19-09.06.11:170][602]LogShaderCompilers: Display: Worker (7/13): shaders left to compile 43
[2025.09.19-09.06.11:170][602]LogShaderCompilers: Display: Worker (9/13): shaders left to compile 42
[2025.09.19-09.06.11:180][603]LogShaderCompilers: Display: Worker (5/13): shaders left to compile 41
[2025.09.19-09.06.11:219][605]LogShaderCompilers: Display: Worker (12/13): shaders left to compile 40
[2025.09.19-09.06.11:329][609]LogShaderCompilers: Display: Worker (10/13): shaders left to compile 39
[2025.09.19-09.06.11:329][609]LogShaderCompilers: Display: Worker (11/13): shaders left to compile 38
[2025.09.19-09.06.11:357][610]LogShaderCompilers: Display: Worker (8/13): shaders left to compile 37
[2025.09.19-09.06.11:366][610]LogShaderCompilers: Display: Worker (5/13): shaders left to compile 36
[2025.09.19-09.06.11:376][611]LogShaderCompilers: Display: Worker (4/13): shaders left to compile 35
[2025.09.19-09.06.11:380][611]LogShaderCompilers: Display: Worker (3/13): shaders left to compile 34
[2025.09.19-09.06.11:454][617]LogShaderCompilers: Display: Worker (1/13): shaders left to compile 33
[2025.09.19-09.06.11:466][618]LogShaderCompilers: Display: Worker (6/13): shaders left to compile 32
[2025.09.19-09.06.11:466][618]LogShaderCompilers: Display: Worker (7/13): shaders left to compile 31
[2025.09.19-09.06.11:486][620]LogShaderCompilers: Display: Worker (9/13): shaders left to compile 28
[2025.09.19-09.06.11:495][621]LogShaderCompilers: Display: Worker (2/13): shaders left to compile 25
[2025.09.19-09.06.11:495][621]LogShaderCompilers: Display: Worker (12/13): shaders left to compile 22
[2025.09.19-09.06.11:495][621]LogShaderCompilers: Display: Worker (11/13): shaders left to compile 19
[2025.09.19-09.06.11:558][626]LogShaderCompilers: Display: Worker (4/13): shaders left to compile 17
[2025.09.19-09.06.11:627][632]LogShaderCompilers: Display: Worker (10/13): shaders left to compile 15
[2025.09.19-09.06.11:636][633]LogShaderCompilers: Display: Worker (6/13): shaders left to compile 13
[2025.09.19-09.06.11:636][633]LogShaderCompilers: Display: Worker (3/13): shaders left to compile 11
[2025.09.19-09.06.11:654][635]LogShaderCompilers: Display: Worker (8/13): shaders left to compile 10
[2025.09.19-09.06.11:672][637]LogShaderCompilers: Display: Worker (5/13): shaders left to compile 9
[2025.09.19-09.06.11:701][640]LogShaderCompilers: Display: Worker (1/13): shaders left to compile 8
[2025.09.19-09.06.11:814][650]LogShaderCompilers: Display: Worker (3/13): shaders left to compile 7
[2025.09.19-09.06.11:833][652]LogShaderCompilers: Display: Worker (2/13): shaders left to compile 6
[2025.09.19-09.06.11:857][654]LogShaderCompilers: Display: Worker (7/13): shaders left to compile 5
[2025.09.19-09.06.11:881][656]LogShaderCompilers: Display: Worker (1/13): shaders left to compile 4
[2025.09.19-09.06.11:916][660]LogShaderCompilers: Display: Worker (9/13): shaders left to compile 3
[2025.09.19-09.06.11:945][663]LogShaderCompilers: Display: Worker (8/13): shaders left to compile 2
[2025.09.19-09.06.11:986][667]LogShaderCompilers: Display: Worker (5/13): shaders left to compile 1
[2025.09.19-09.06.12:165][687]MaterialEditorStats: Base pass shader: 128 instructions
[2025.09.19-09.06.12:165][687]MaterialEditorStats: Base pass shader with Surface Lightmap: 159 instructions
[2025.09.19-09.06.12:165][687]MaterialEditorStats: Base pass shader with Volumetric Lightmap: 206 instructions
[2025.09.19-09.06.12:165][687]MaterialEditorStats: Base pass vertex shader: 44 instructions
[2025.09.19-09.06.12:165][687]MaterialEditorStats: Texture samplers: 6/16
[2025.09.19-09.06.12:165][687]MaterialEditorStats: Texture Lookups (Est.): VS(0), PS(3)
[2025.09.19-09.06.12:165][687]MaterialEditorStats: User interpolators: 2/4 Scalars (1/4 Vectors) (TexCoords: 2, Custom: 0)
[2025.09.19-09.06.14:854][  8]LogSlate: FSceneViewport::OnFocusLost() reason 5
[2025.09.19-09.06.14:860][  8]Cmd: OBJ SAVEPACKAGE PACKAGE="/Game/Levels/CheeseFactory_001" FILE="E:/GameDev/hggjam/GameJamHGGUnreal4.23.1/GameJamCrew/Content/Levels/CheeseFactory_001.umap" SILENT=true AUTOSAVING=false KEEPDIRTY=false
[2025.09.19-09.06.14:879][  8]LogUObjectHash: Compacting FUObjectHashTables data took   0.42ms
[2025.09.19-09.06.15:004][  8]LogSavePackage: Moving 'E:/GameDev/hggjam/GameJamHGGUnreal4.23.1/GameJamCrew/Saved/CheeseFactory_001446BCBEB4AF8D162F202D4B1C1687A53.tmp' to 'E:/GameDev/hggjam/GameJamHGGUnreal4.23.1/GameJamCrew/Content/Levels/CheeseFactory_001.umap'
[2025.09.19-09.06.15:016][  8]Cmd: OBJ SAVEPACKAGE PACKAGE="/Game/Levels/CheeseFactory_001_BuiltData" FILE="E:/GameDev/hggjam/GameJamHGGUnreal4.23.1/GameJamCrew/Content/Levels/CheeseFactory_001_BuiltData.uasset" SILENT=true
[2025.09.19-09.06.15:372][  8]LogSavePackage: Moving 'E:/GameDev/hggjam/GameJamHGGUnreal4.23.1/GameJamCrew/Saved/CheeseFactory_001_BuiltData3FBA0F354967F9C4C088348A0C01F57F.tmp' to 'E:/GameDev/hggjam/GameJamHGGUnreal4.23.1/GameJamCrew/Content/Levels/CheeseFactory_001_BuiltData.uasset'
[2025.09.19-09.06.35:837][576]LogSlate: FSceneViewport::OnFocusLost() reason 5
[2025.09.19-09.07.16:380][434]LogEditorFactories: Performing atomic reimport of [E:/GameDev/hggjam/KlixXsrc/materials/metal/metal_trimsheet01/metal_trimsheet01_mixed.tga]
[2025.09.19-09.07.16:380][434]LogFactory: FactoryCreateFile: Texture2D with ReimportTextureFactory (0 0 E:/GameDev/hggjam/KlixXsrc/materials/metal/metal_trimsheet01/metal_trimsheet01_mixed.tga)
[2025.09.19-09.07.16:382][434]LogTexture: Display: Building textures: metal_trimsheet01_mixed (AutoDXT, 256X256)
[2025.09.19-09.07.16:400][434]LogEditorFactories: -- imported successfully
[2025.09.19-09.07.19:013][512]LogMaterialEditor: Saving and Compiling material M_metal_trimsheet01
[2025.09.19-09.07.19:031][512]LogSavePackage: Moving 'E:/GameDev/hggjam/GameJamHGGUnreal4.23.1/GameJamCrew/Saved/M_metal_trimsheet01E52818B1495AD49E2A318DA348114884.tmp' to 'E:/GameDev/hggjam/GameJamHGGUnreal4.23.1/GameJamCrew/Content/LevelAssets/Materials/metal/metal_trimsheet01/M_metal_trimsheet01.uasset'
[2025.09.19-09.07.24:385][147]LogSlate: FSceneViewport::OnFocusLost() reason 0
[2025.09.19-09.07.41:890][ 14]LogEditorFactories: Performing atomic reimport of [E:/GameDev/hggjam/KlixXsrc/models/modular/vents/vent01/vent01_80x50.fbx]
[2025.09.19-09.07.41:903][ 14]LogFbx: Loading FBX Scene from E:/GameDev/hggjam/KlixXsrc/models/modular/vents/vent01/vent01_80x50.fbx
[2025.09.19-09.07.41:907][ 14]LogFbx: FBX Scene Loaded Succesfully
[2025.09.19-09.07.41:907][ 14]LogFbx: Display: Triangulating static mesh vent01_80x50
[2025.09.19-09.07.41:915][ 14]LogStaticMesh: Building static mesh vent01_80x50...
[2025.09.19-09.07.41:918][ 14]LogStaticMesh: Built static mesh [0.00s] /Game/LevelAssets/Models/modular/vents/vent01/vent01_80x50.vent01_80x50
[2025.09.19-09.07.41:924][ 14]LogEditorFactories: -- imported successfully
[2025.09.19-09.07.41:926][ 14]FBXImport: Warning: No smoothing group information was found in this FBX scene.  Please make sure to enable the 'Export Smoothing Groups' option in the FBX Exporter plug-in before exporting the file.  Even for tools that don't support smoothing groups, the FBX Exporter will generate appropriate smoothing data at export-time so that correct vertex normals can be inferred while importing. 
[2025.09.19-09.07.44:525][174]LogSlate: FSceneViewport::OnFocusLost() reason 5
[2025.09.19-09.07.44:531][174]Cmd: OBJ SAVEPACKAGE PACKAGE="/Game/Levels/CheeseFactory_001" FILE="E:/GameDev/hggjam/GameJamHGGUnreal4.23.1/GameJamCrew/Content/Levels/CheeseFactory_001.umap" SILENT=true AUTOSAVING=false KEEPDIRTY=false
[2025.09.19-09.07.44:551][174]LogUObjectHash: Compacting FUObjectHashTables data took   0.98ms
[2025.09.19-09.07.44:674][174]LogSavePackage: Moving 'E:/GameDev/hggjam/GameJamHGGUnreal4.23.1/GameJamCrew/Saved/CheeseFactory_0010843B581467100211517F591C076E723.tmp' to 'E:/GameDev/hggjam/GameJamHGGUnreal4.23.1/GameJamCrew/Content/Levels/CheeseFactory_001.umap'
[2025.09.19-09.07.44:685][174]Cmd: OBJ SAVEPACKAGE PACKAGE="/Game/Levels/CheeseFactory_001_BuiltData" FILE="E:/GameDev/hggjam/GameJamHGGUnreal4.23.1/GameJamCrew/Content/Levels/CheeseFactory_001_BuiltData.uasset" SILENT=true
[2025.09.19-09.07.45:029][174]LogSavePackage: Moving 'E:/GameDev/hggjam/GameJamHGGUnreal4.23.1/GameJamCrew/Saved/CheeseFactory_001_BuiltData804F1E9F433A12F073CEA9831A8B4486.tmp' to 'E:/GameDev/hggjam/GameJamHGGUnreal4.23.1/GameJamCrew/Content/Levels/CheeseFactory_001_BuiltData.uasset'
[2025.09.19-09.07.48:439][576]MapCheck: New page: Map Check
[2025.09.19-09.07.48:451][576]LightingResults: New page: Lighting Build - Sep 19, 2025, 3:07:48 PM
[2025.09.19-09.07.48:455][576]LogSwarmInterface: [OpenConnection] Registering TCP channel ...
[2025.09.19-09.07.48:462][576]LogSwarmInterface: [OpenConnection] Connecting to agent ...
[2025.09.19-09.07.48:462][576]LogSwarmInterface: [TryOpenConnection] Testing the Agent
[2025.09.19-09.07.48:462][576]LogSwarmInterface: [TryOpenConnection] Opening Connection to Agent
[2025.09.19-09.07.48:462][576]LogSwarmInterface: [TryOpenConnection] Local Process ID is 3812
[2025.09.19-09.07.53:006][576]LogStaticLightingSystem: Running Lightmass w/ ImmediateImport mode ENABLED
[2025.09.19-09.07.53:006][576]LogStaticLightingSystem: Running Lightmass w/ ImmediateProcess mode ENABLED
[2025.09.19-09.07.53:006][576]LogStaticLightingSystem: Running Lightmass w/ Sorting mode ENABLED
[2025.09.19-09.07.53:006][576]LogStaticLightingSystem: Running Lightmass w/ Mapping paddings ENABLED
[2025.09.19-09.07.53:006][576]LogStaticLightingSystem: Running Lightmass w/ Mapping debug paddings DISABLED
[2025.09.19-09.07.53:074][576]LogEditorBuildUtils: Build time 0:04
[2025.09.19-09.07.53:081][576]LogMaterial: Display: Missing cached shader map for material FLightmassMaterialRenderer M_tiles01, compiling. 
[2025.09.19-09.07.53:084][576]LogShaderCompilers: Display: Worker (1/13): shaders left to compile 2
[2025.09.19-09.07.53:084][576]LogShaderCompilers: Display: Worker (2/13): shaders left to compile 1
[2025.09.19-09.07.53:084][576]LogMaterial: Display: Missing cached shader map for material FLightmassMaterialRenderer M_tiles01, compiling. 
[2025.09.19-09.07.53:087][576]LogMaterial: Display: Missing cached shader map for material FLightmassMaterialRenderer M_metal_trimsheet01, compiling. 
[2025.09.19-09.07.53:090][576]LogMaterial: Display: Missing cached shader map for material FLightmassMaterialRenderer M_metal_trimsheet01, compiling. 
[2025.09.19-09.07.53:102][577]LogShaderCompilers: Display: Worker (3/13): shaders left to compile 6
[2025.09.19-09.07.53:102][577]LogShaderCompilers: Display: Worker (4/13): shaders left to compile 5
[2025.09.19-09.07.53:102][577]LogShaderCompilers: Display: Worker (5/13): shaders left to compile 4
[2025.09.19-09.07.53:102][577]LogShaderCompilers: Display: Worker (6/13): shaders left to compile 3
[2025.09.19-09.07.53:102][577]LogShaderCompilers: Display: Worker (7/13): shaders left to compile 2
[2025.09.19-09.07.53:102][577]LogShaderCompilers: Display: Worker (8/13): shaders left to compile 1
[2025.09.19-09.07.53:365][580]LogUObjectHash: Compacting FUObjectHashTables data took   0.93ms
[2025.09.19-09.08.11:730][291]Job is a success!
[2025.09.19-09.08.11:792][293]LogVolumetricLightmapImport: Imported Volumetric Lightmap in 0.003s
[2025.09.19-09.08.11:792][293]LogVolumetricLightmapImport:      Indirection Texture 16x16x16 = 0.0Mb
[2025.09.19-09.08.11:792][293]LogVolumetricLightmapImport:      BrickData 70x5x5 = 0.1Mb
[2025.09.19-09.08.11:792][293]LogVolumetricLightmapImport:      Bricks at Level
[2025.09.19-09.08.11:792][293]LogVolumetricLightmapImport:          0: 7.1% covering 100.0% of volume
[2025.09.19-09.08.11:792][293]LogVolumetricLightmapImport:          1: 7.1% covering 1.6% of volume
[2025.09.19-09.08.11:792][293]LogVolumetricLightmapImport:          2: 85.7% covering 0.3% of volume
[2025.09.19-09.08.12:944][293]LogTexture: Display: Building textures: SkyOcclusion1_1 (AutoDXT, 1024X512)
[2025.09.19-09.08.12:944][293]LogTexture: Display: Building textures: HQ_Lightmap1_1 (AutoDXT, 1024X1024)
[2025.09.19-09.08.12:944][293]LogTexture: Display: Building textures: LQ_Lightmap_1_1 (DXT1, 1024X1024)
[2025.09.19-09.08.12:944][293]LogTexture: Display: Building textures: SkyOcclusion0_2 (AutoDXT, 1024X512)
[2025.09.19-09.08.12:944][293]LogTexture: Display: Building textures: HQ_Lightmap0_2 (AutoDXT, 1024X1024)
[2025.09.19-09.08.12:944][293]LogTexture: Display: Building textures: LQ_Lightmap_0_2 (DXT1, 1024X1024)
[2025.09.19-09.08.12:944][293]LogTexture: Display: Building textures: SkyOcclusion0_3 (AutoDXT, 1024X512)
[2025.09.19-09.08.12:944][293]LogTexture: Display: Building textures: HQ_Lightmap0_3 (AutoDXT, 1024X1024)
[2025.09.19-09.08.12:944][293]LogTexture: Display: Building textures: LQ_Lightmap_0_3 (DXT1, 1024X1024)
[2025.09.19-09.08.12:944][293]LogTexture: Display: Building textures: SkyOcclusion1_4 (AutoDXT, 1024X512)
[2025.09.19-09.08.12:944][293]LogTexture: Display: Building textures: HQ_Lightmap1_4 (AutoDXT, 1024X1024)
[2025.09.19-09.08.12:944][293]LogTexture: Display: Building textures: LQ_Lightmap_1_4 (DXT1, 1024X1024)
[2025.09.19-09.08.12:944][293]LogTexture: Display: Building textures: SkyOcclusion0_5 (AutoDXT, 1024X512)
[2025.09.19-09.08.12:944][293]LogTexture: Display: Building textures: HQ_Lightmap0_5 (AutoDXT, 1024X1024)
[2025.09.19-09.08.12:944][293]LogTexture: Display: Building textures: LQ_Lightmap_0_5 (DXT1, 1024X1024)
[2025.09.19-09.08.12:944][293]LogTexture: Display: Building textures: SkyOcclusion1_6 (AutoDXT, 1024X512)
[2025.09.19-09.08.12:944][293]LogTexture: Display: Building textures: HQ_Lightmap1_6 (AutoDXT, 1024X1024)
[2025.09.19-09.08.12:944][293]LogTexture: Display: Building textures: LQ_Lightmap_1_6 (DXT1, 1024X1024)
[2025.09.19-09.08.12:944][293]LogTexture: Display: Building textures: SkyOcclusion1_7 (AutoDXT, 1024X512)
[2025.09.19-09.08.12:944][293]LogTexture: Display: Building textures: HQ_Lightmap1_7 (AutoDXT, 1024X1024)
[2025.09.19-09.08.12:944][293]LogTexture: Display: Building textures: LQ_Lightmap_1_7 (DXT1, 1024X1024)
[2025.09.19-09.08.12:944][293]LogTexture: Display: Building textures: SkyOcclusion0_8 (AutoDXT, 1024X512)
[2025.09.19-09.08.12:944][293]LogTexture: Display: Building textures: HQ_Lightmap0_8 (AutoDXT, 1024X1024)
[2025.09.19-09.08.12:944][293]LogTexture: Display: Building textures: LQ_Lightmap_0_8 (DXT1, 1024X1024)
[2025.09.19-09.08.12:944][293]LogTexture: Display: Building textures: SkyOcclusion0_9 (AutoDXT, 1024X512)
[2025.09.19-09.08.12:944][293]LogTexture: Display: Building textures: HQ_Lightmap0_9 (AutoDXT, 1024X1024)
[2025.09.19-09.08.12:944][293]LogTexture: Display: Building textures: LQ_Lightmap_0_9 (DXT1, 1024X1024)
[2025.09.19-09.08.12:944][293]LogTexture: Display: Building textures: SkyOcclusion0_10 (AutoDXT, 1024X512)
[2025.09.19-09.08.12:944][293]LogTexture: Display: Building textures: HQ_Lightmap0_10 (AutoDXT, 1024X1024)
[2025.09.19-09.08.12:944][293]LogTexture: Display: Building textures: LQ_Lightmap_0_10 (DXT1, 1024X1024)
[2025.09.19-09.08.12:944][293]LogTexture: Display: Building textures: SkyOcclusion0_11 (AutoDXT, 64X32)
[2025.09.19-09.08.12:944][293]LogTexture: Display: Building textures: HQ_Lightmap0_11 (AutoDXT, 64X64)
[2025.09.19-09.08.12:944][293]LogTexture: Display: Building textures: LQ_Lightmap_0_11 (DXT1, 64X64)
[2025.09.19-09.08.13:082][293]LogTexture: Display: Building textures: ShadowMapTexture2D_17 (G8, 32X32)
[2025.09.19-09.08.13:082][293]LogTexture: Display: Building textures: ShadowMapTexture2D_16 (BGRA8, 1024X1024)
[2025.09.19-09.08.13:082][293]LogTexture: Display: Building textures: ShadowMapTexture2D_13 (BGRA8, 1024X1024)
[2025.09.19-09.08.13:082][293]LogTexture: Display: Building textures: ShadowMapTexture2D_15 (BGRA8, 1024X1024)
[2025.09.19-09.08.13:082][293]LogTexture: Display: Building textures: ShadowMapTexture2D_12 (BGRA8, 1024X1024)
[2025.09.19-09.08.13:082][293]LogTexture: Display: Building textures: ShadowMapTexture2D_14 (BGRA8, 1024X1024)
[2025.09.19-09.08.13:097][293]LogStaticLightingSystem: CheeseFactory_001_BuiltData storing lightmap data for 510 meshes in 21 LightmapResourceClusters (24.3 Meshes per cluster).
[2025.09.19-09.08.13:120][293]LogUObjectHash: Compacting FUObjectHashTables data took   0.81ms
[2025.09.19-09.08.13:127][293]LogStaticLightingSystem: Illumination: 24.6 sec (920 ms encoding lightmaps, 129 ms encoding shadowmaps)
[2025.09.19-09.08.13:128][293]LogStaticLightingSystem: Lightmap texture memory:  26.7 MB (26.7 MB streaming, 0.0 MB non-streaming), 22 textures
[2025.09.19-09.08.13:128][293]LogStaticLightingSystem: Shadowmap texture memory: 26.7 MB (26.7 MB streaming, 0.0 MB non-streaming), 6 textures
[2025.09.19-09.08.14:021][293]DumpUnbuiltLightIteractions
[2025.09.19-09.08.14:021][293]Lights with unbuilt interactions: 0
[2025.09.19-09.08.14:021][293]
[2025.09.19-09.08.14:021][293]Primitives with unbuilt interactions: 0
[2025.09.19-09.08.14:078][294]Cmd: MAP CHECK NOTIFYRESULTS
[2025.09.19-09.08.14:078][294]MapCheck: New page: CheeseFactory_001 - Sep 19, 2025, 3:08:14 PM
[2025.09.19-09.08.14:079][294]MapCheck: Map check complete: 0 Error(s), 0 Warning(s), took 1.399ms to complete.
[2025.09.19-09.08.17:549][708]LogSlate: FSceneViewport::OnFocusLost() reason 0
[2025.09.19-09.08.25:357][632]LogSlate: FSceneViewport::OnFocusLost() reason 2
[2025.09.19-09.08.32:238][434]LogSlate: FSceneViewport::OnFocusLost() reason 0
[2025.09.19-09.08.32:390][451]LogAssetEditorManager: Opening Asset editor for StaticMesh /Game/LevelAssets/Models/modular/vents/vent01/vent01_80x50.vent01_80x50
[2025.09.19-09.08.32:518][451]LogRenderer: Reallocating scene render targets to support 1604x776 Format 10 NumSamples 1 (Frame:1).
[2025.09.19-09.08.32:518][451]LogSlate: Took 0.005483 seconds to synchronously load lazily loaded font '../../../Engine/Content/Slate/Fonts/Roboto-Italic.ttf' (157K)
[2025.09.19-09.08.41:892][551]LogSavePackage: Moving 'E:/GameDev/hggjam/GameJamHGGUnreal4.23.1/GameJamCrew/Saved/vent01_80x50F50A4CCA49167B72915DD49C7E1F5BA1.tmp' to 'E:/GameDev/hggjam/GameJamHGGUnreal4.23.1/GameJamCrew/Content/LevelAssets/Models/modular/vents/vent01/vent01_80x50.uasset'
[2025.09.19-09.08.43:493][740]LogSlate: FSceneViewport::OnFocusLost() reason 0
[2025.09.19-09.08.43:565][749]LogSlate: Window 'vent01_80x50' being destroyed
[2025.09.19-09.08.43:571][749]LogSlate: Window 'vent01_80x50' being destroyed
[2025.09.19-09.08.43:587][749]LogWorld: UWorld::CleanupWorld for World_4, bSessionEnded=true, bCleanupResources=true
[2025.09.19-09.08.43:611][749]LogWorld: UWorld::CleanupWorld for World_5, bSessionEnded=true, bCleanupResources=true
[2025.09.19-09.08.43:624][749]LogWorld: UWorld::CleanupWorld for World_6, bSessionEnded=true, bCleanupResources=true
[2025.09.19-09.09.50:141][722]LogSlate: FSceneViewport::OnFocusLost() reason 5
[2025.09.19-09.09.50:145][722]Cmd: OBJ SAVEPACKAGE PACKAGE="/Game/Levels/CheeseFactory_001" FILE="E:/GameDev/hggjam/GameJamHGGUnreal4.23.1/GameJamCrew/Content/Levels/CheeseFactory_001.umap" SILENT=true AUTOSAVING=false KEEPDIRTY=false
[2025.09.19-09.09.50:167][722]LogUObjectHash: Compacting FUObjectHashTables data took   1.04ms
[2025.09.19-09.09.50:288][722]LogSavePackage: Moving 'E:/GameDev/hggjam/GameJamHGGUnreal4.23.1/GameJamCrew/Saved/CheeseFactory_0018907697C4C8085651E0AAA9B46815206.tmp' to 'E:/GameDev/hggjam/GameJamHGGUnreal4.23.1/GameJamCrew/Content/Levels/CheeseFactory_001.umap'
[2025.09.19-09.09.50:299][722]Cmd: OBJ SAVEPACKAGE PACKAGE="/Game/Levels/CheeseFactory_001_BuiltData" FILE="E:/GameDev/hggjam/GameJamHGGUnreal4.23.1/GameJamCrew/Content/Levels/CheeseFactory_001_BuiltData.uasset" SILENT=true
[2025.09.19-09.09.50:638][722]LogSavePackage: Moving 'E:/GameDev/hggjam/GameJamHGGUnreal4.23.1/GameJamCrew/Saved/CheeseFactory_001_BuiltDataA0816F0F4C995EC1D9D9C3B239C5C95E.tmp' to 'E:/GameDev/hggjam/GameJamHGGUnreal4.23.1/GameJamCrew/Content/Levels/CheeseFactory_001_BuiltData.uasset'
[2025.09.19-09.19.50:602][143]LogUObjectHash: Compacting FUObjectHashTables data took   1.36ms
[2025.09.19-09.19.50:603][143]LogFileHelpers: Editor autosave (incl. sublevels) for '/Game/Levels/CheeseFactory_001' took 0.023
[2025.09.19-09.19.50:603][143]OBJ SavePackage: Generating thumbnails for [1] asset(s) in package [/Game/LevelAssets/Materials/metal/metal_trimsheet01/metal_trimsheet01_color] ([1] browsable assets)...
[2025.09.19-09.19.50:606][143]OBJ SavePackage:     Rendered thumbnail for [Texture2D /Game/LevelAssets/Materials/metal/metal_trimsheet01/metal_trimsheet01_color.metal_trimsheet01_color]
[2025.09.19-09.19.50:606][143]OBJ SavePackage: Finished generating thumbnails for package [/Game/LevelAssets/Materials/metal/metal_trimsheet01/metal_trimsheet01_color]
[2025.09.19-09.19.50:611][143]LogSavePackage: Moving 'E:/GameDev/hggjam/GameJamHGGUnreal4.23.1/GameJamCrew/Saved/metal_trimsheet01_color_Auto2E2092188446B52FD9F4A48B2883252FE.tmp' to 'E:/GameDev/hggjam/GameJamHGGUnreal4.23.1/GameJamCrew/Saved/Autosaves/Game/LevelAssets/Materials/metal/metal_trimsheet01/metal_trimsheet01_color_Auto2.uasset'
[2025.09.19-09.19.50:611][143]OBJ SavePackage: Generating thumbnails for [1] asset(s) in package [/Game/LevelAssets/Materials/metal/metal_trimsheet01/metal_trimsheet01_mixed] ([1] browsable assets)...
[2025.09.19-09.19.50:614][143]OBJ SavePackage:     Rendered thumbnail for [Texture2D /Game/LevelAssets/Materials/metal/metal_trimsheet01/metal_trimsheet01_mixed.metal_trimsheet01_mixed]
[2025.09.19-09.19.50:614][143]OBJ SavePackage: Finished generating thumbnails for package [/Game/LevelAssets/Materials/metal/metal_trimsheet01/metal_trimsheet01_mixed]
[2025.09.19-09.19.50:619][143]LogSavePackage: Moving 'E:/GameDev/hggjam/GameJamHGGUnreal4.23.1/GameJamCrew/Saved/metal_trimsheet01_mixed_Auto2892276A44CCD9A28872AA4BD85B2EB72.tmp' to 'E:/GameDev/hggjam/GameJamHGGUnreal4.23.1/GameJamCrew/Saved/Autosaves/Game/LevelAssets/Materials/metal/metal_trimsheet01/metal_trimsheet01_mixed_Auto2.uasset'
[2025.09.19-09.19.50:622][143]OBJ SavePackage: Generating thumbnails for [1] asset(s) in package [/Game/LevelAssets/Materials/metal/metal_trimsheet01/metal_trimsheet01_normal] ([1] browsable assets)...
[2025.09.19-09.19.50:624][143]OBJ SavePackage:     Rendered thumbnail for [Texture2D /Game/LevelAssets/Materials/metal/metal_trimsheet01/metal_trimsheet01_normal.metal_trimsheet01_normal]
[2025.09.19-09.19.50:624][143]OBJ SavePackage: Finished generating thumbnails for package [/Game/LevelAssets/Materials/metal/metal_trimsheet01/metal_trimsheet01_normal]
[2025.09.19-09.19.50:628][143]LogSavePackage: Moving 'E:/GameDev/hggjam/GameJamHGGUnreal4.23.1/GameJamCrew/Saved/metal_trimsheet01_normal_Auto2D5392B58485926E0CEC85699F227D20A.tmp' to 'E:/GameDev/hggjam/GameJamHGGUnreal4.23.1/GameJamCrew/Saved/Autosaves/Game/LevelAssets/Materials/metal/metal_trimsheet01/metal_trimsheet01_normal_Auto2.uasset'
[2025.09.19-09.19.50:628][143]LogFileHelpers: Auto-saving content packages took 0.026
[2025.09.19-11.31.09:758][912]LogEditorFactories: Performing atomic reimport of [E:/GameDev/hggjam/KlixXsrc/models/modular/vents/vent01/vent01_80x80_trim.fbx]
[2025.09.19-11.31.09:769][912]LogFbx: Loading FBX Scene from E:/GameDev/hggjam/KlixXsrc/models/modular/vents/vent01/vent01_80x80_trim.fbx
[2025.09.19-11.31.09:773][912]LogFbx: FBX Scene Loaded Succesfully
[2025.09.19-11.31.09:774][912]LogFbx: Display: Triangulating static mesh vent01_80x80_trim
[2025.09.19-11.31.09:785][912]LogStaticMesh: Building static mesh vent01_80x80_trim...
[2025.09.19-11.31.09:790][912]LogStaticMesh: Built static mesh [0.01s] /Game/LevelAssets/Models/modular/vents/vent01/vent01_80x80_trim.vent01_80x80_trim
[2025.09.19-11.31.09:797][912]LogEditorFactories: -- imported successfully
[2025.09.19-11.31.09:798][912]FBXImport: Warning: No smoothing group information was found in this FBX scene.  Please make sure to enable the 'Export Smoothing Groups' option in the FBX Exporter plug-in before exporting the file.  Even for tools that don't support smoothing groups, the FBX Exporter will generate appropriate smoothing data at export-time so that correct vertex normals can be inferred while importing. 
[2025.09.19-11.31.09:803][912]LogEditorFactories: Performing atomic reimport of [E:/GameDev/hggjam/KlixXsrc/models/modular/vents/vent01/vent01_80x50.fbx]
[2025.09.19-11.31.09:818][912]LogFbx: Loading FBX Scene from E:/GameDev/hggjam/KlixXsrc/models/modular/vents/vent01/vent01_80x50.fbx
[2025.09.19-11.31.09:821][912]LogFbx: FBX Scene Loaded Succesfully
[2025.09.19-11.31.09:821][912]LogFbx: Display: Triangulating static mesh vent01_80x50
[2025.09.19-11.31.09:830][912]LogStaticMesh: Building static mesh vent01_80x50...
[2025.09.19-11.31.09:831][912]LogStaticMesh: Built static mesh [0.00s] /Game/LevelAssets/Models/modular/vents/vent01/vent01_80x50.vent01_80x50
[2025.09.19-11.31.09:837][912]LogEditorFactories: -- imported successfully
[2025.09.19-11.31.09:838][912]FBXImport: Warning: No smoothing group information was found in this FBX scene.  Please make sure to enable the 'Export Smoothing Groups' option in the FBX Exporter plug-in before exporting the file.  Even for tools that don't support smoothing groups, the FBX Exporter will generate appropriate smoothing data at export-time so that correct vertex normals can be inferred while importing. 
[2025.09.19-11.31.09:844][912]LogEditorFactories: Performing atomic reimport of [E:/GameDev/hggjam/KlixXsrc/models/modular/vents/vent01/vent01_80x50_corner_small.fbx]
[2025.09.19-11.31.09:866][912]LogFbx: Loading FBX Scene from E:/GameDev/hggjam/KlixXsrc/models/modular/vents/vent01/vent01_80x50_corner_small.fbx
[2025.09.19-11.31.09:868][912]LogFbx: FBX Scene Loaded Succesfully
[2025.09.19-11.31.09:869][912]LogFbx: Display: Triangulating static mesh vent01_80x50_corner_small
[2025.09.19-11.31.09:881][912]LogStaticMesh: Building static mesh vent01_80x50_corner_small...
[2025.09.19-11.31.09:883][912]LogStaticMesh: Built static mesh [0.00s] /Game/LevelAssets/Models/modular/vents/vent01/vent01_80x50_corner_small.vent01_80x50_corner_small
[2025.09.19-11.31.09:892][912]LogEditorFactories: -- imported successfully
[2025.09.19-11.31.09:893][912]FBXImport: Warning: No smoothing group information was found in this FBX scene.  Please make sure to enable the 'Export Smoothing Groups' option in the FBX Exporter plug-in before exporting the file.  Even for tools that don't support smoothing groups, the FBX Exporter will generate appropriate smoothing data at export-time so that correct vertex normals can be inferred while importing. 
[2025.09.19-11.31.09:899][912]LogEditorFactories: Performing atomic reimport of [E:/GameDev/hggjam/KlixXsrc/models/modular/vents/vent01/vent01_80x50_trim.fbx]
[2025.09.19-11.31.09:924][912]LogFbx: Loading FBX Scene from E:/GameDev/hggjam/KlixXsrc/models/modular/vents/vent01/vent01_80x50_trim.fbx
[2025.09.19-11.31.09:926][912]LogFbx: FBX Scene Loaded Succesfully
[2025.09.19-11.31.09:927][912]LogFbx: Display: Triangulating static mesh vent01_80x50_trim
[2025.09.19-11.31.09:943][912]LogStaticMesh: Building static mesh vent01_80x50_trim...
[2025.09.19-11.31.09:946][912]LogStaticMesh: Built static mesh [0.00s] /Game/LevelAssets/Models/modular/vents/vent01/vent01_80x50_trim.vent01_80x50_trim
[2025.09.19-11.31.09:956][912]LogEditorFactories: -- imported successfully
[2025.09.19-11.31.09:958][912]FBXImport: Warning: No smoothing group information was found in this FBX scene.  Please make sure to enable the 'Export Smoothing Groups' option in the FBX Exporter plug-in before exporting the file.  Even for tools that don't support smoothing groups, the FBX Exporter will generate appropriate smoothing data at export-time so that correct vertex normals can be inferred while importing. 
[2025.09.19-11.31.17:518][255]LogSlate: FSceneViewport::OnFocusLost() reason 0
[2025.09.19-11.31.19:345][463]LogAssetEditorManager: Opening Asset editor for StaticMesh /Game/LevelAssets/Models/modular/vents/vent01/vent01_80x50_corner.vent01_80x50_corner
[2025.09.19-11.31.24:720][ 79]LogSlate: FSceneViewport::OnFocusLost() reason 0
[2025.09.19-11.31.24:913][ 99]LogAssetEditorManager: Opening Asset editor for StaticMesh /Game/LevelAssets/Models/modular/vents/vent01/vent01_80x50_corner_double.vent01_80x50_corner_double
[2025.09.19-11.31.26:853][310]LogWorld: UWorld::CleanupWorld for World_7, bSessionEnded=true, bCleanupResources=true
[2025.09.19-11.31.27:231][351]LogSlate: Window 'vent01_80x50_corner_double' being destroyed
[2025.09.19-11.31.27:240][351]LogWorld: UWorld::CleanupWorld for World_8, bSessionEnded=true, bCleanupResources=true
[2025.09.19-11.31.28:336][478]LogSlate: FSceneViewport::OnFocusLost() reason 0
[2025.09.19-11.31.28:505][497]LogAssetEditorManager: Opening Asset editor for StaticMesh /Game/LevelAssets/Models/modular/vents/vent01/vent01_80x50_corner_small.vent01_80x50_corner_small
[2025.09.19-11.31.41:967][ 71]LogSlate: FSceneViewport::OnFocusLost() reason 0
[2025.09.19-11.31.42:063][ 80]LogSavePackage: Moving 'E:/GameDev/hggjam/GameJamHGGUnreal4.23.1/GameJamCrew/Saved/vent01_80x50_corner_small4E85786941DB544E91E320A4C16E6AFF.tmp' to 'E:/GameDev/hggjam/GameJamHGGUnreal4.23.1/GameJamCrew/Content/LevelAssets/Models/modular/vents/vent01/vent01_80x50_corner_small.uasset'
[2025.09.19-11.31.42:978][184]LogSlate: FSceneViewport::OnFocusLost() reason 0
[2025.09.19-11.31.43:051][193]LogSlate: Window 'vent01_80x50_corner_small' being destroyed
[2025.09.19-11.31.43:056][193]LogSlate: Window 'vent01_80x50_corner_small' being destroyed
[2025.09.19-11.31.43:060][193]LogWorld: UWorld::CleanupWorld for World_9, bSessionEnded=true, bCleanupResources=true
[2025.09.19-11.31.49:025][895]LogSlate: FSceneViewport::OnFocusLost() reason 0
[2025.09.19-11.31.49:186][913]LogAssetEditorManager: Opening Asset editor for StaticMesh /Game/LevelAssets/Models/modular/vents/vent01/vent01_80x50_half.vent01_80x50_half
[2025.09.19-11.32.06:480][951]LogSlate: FSceneViewport::OnFocusLost() reason 0
[2025.09.19-11.32.06:588][961]LogSavePackage: Moving 'E:/GameDev/hggjam/GameJamHGGUnreal4.23.1/GameJamCrew/Saved/vent01_80x50_half96EAD8AF48564AA9261CD2B244B47974.tmp' to 'E:/GameDev/hggjam/GameJamHGGUnreal4.23.1/GameJamCrew/Content/LevelAssets/Models/modular/vents/vent01/vent01_80x50_half.uasset'
[2025.09.19-11.32.07:721][ 93]LogSlate: FSceneViewport::OnFocusLost() reason 0
[2025.09.19-11.32.07:819][105]LogSlate: Window 'vent01_80x50_half' being destroyed
[2025.09.19-11.32.07:825][105]LogSlate: Window 'vent01_80x50_half' being destroyed
[2025.09.19-11.32.07:829][105]LogWorld: UWorld::CleanupWorld for World_10, bSessionEnded=true, bCleanupResources=true
[2025.09.19-11.32.15:073][257]LogEditorFactories: Performing atomic reimport of [E:/GameDev/hggjam/KlixXsrc/models/modular/vents/vent01/vent01_80x50_half.fbx]
[2025.09.19-11.32.15:086][257]LogFbx: Loading FBX Scene from E:/GameDev/hggjam/KlixXsrc/models/modular/vents/vent01/vent01_80x50_half.fbx
[2025.09.19-11.32.15:089][257]LogFbx: FBX Scene Loaded Succesfully
[2025.09.19-11.32.15:089][257]LogFbx: Display: Triangulating static mesh vent01_80x50_half
[2025.09.19-11.32.15:097][257]LogStaticMesh: Building static mesh vent01_80x50_half...
[2025.09.19-11.32.15:099][257]LogStaticMesh: Built static mesh [0.00s] /Game/LevelAssets/Models/modular/vents/vent01/vent01_80x50_half.vent01_80x50_half
[2025.09.19-11.32.15:105][257]LogEditorFactories: -- imported successfully
[2025.09.19-11.32.15:106][257]FBXImport: Warning: No smoothing group information was found in this FBX scene.  Please make sure to enable the 'Export Smoothing Groups' option in the FBX Exporter plug-in before exporting the file.  Even for tools that don't support smoothing groups, the FBX Exporter will generate appropriate smoothing data at export-time so that correct vertex normals can be inferred while importing. 
[2025.09.19-11.32.27:477][540]LogSlate: FSceneViewport::OnFocusLost() reason 0
[2025.09.19-11.32.30:196][863]LogAssetEditorManager: Opening Asset editor for StaticMesh /Game/LevelAssets/Models/modular/vents/vent01/vent01_80x50_trim.vent01_80x50_trim
[2025.09.19-11.32.39:261][923]LogSavePackage: Moving 'E:/GameDev/hggjam/GameJamHGGUnreal4.23.1/GameJamCrew/Saved/vent01_80x50_trimC0466B9345B1E459057899AF6289A029.tmp' to 'E:/GameDev/hggjam/GameJamHGGUnreal4.23.1/GameJamCrew/Content/LevelAssets/Models/modular/vents/vent01/vent01_80x50_trim.uasset'
[2025.09.19-11.32.40:322][ 44]LogSlate: FSceneViewport::OnFocusLost() reason 0
[2025.09.19-11.32.40:386][ 52]LogSlate: Window 'vent01_80x50_trim' being destroyed
[2025.09.19-11.32.40:391][ 52]LogSlate: Window 'vent01_80x50_trim' being destroyed
[2025.09.19-11.32.40:394][ 52]LogWorld: UWorld::CleanupWorld for World_11, bSessionEnded=true, bCleanupResources=true
[2025.09.19-11.32.41:746][210]LogSlate: FSceneViewport::OnFocusLost() reason 0
[2025.09.19-11.32.41:922][230]LogAssetEditorManager: Opening Asset editor for StaticMesh /Game/LevelAssets/Models/modular/vents/vent01/vent01_80x80_trim.vent01_80x80_trim
[2025.09.19-11.32.51:686][370]LogSavePackage: Moving 'E:/GameDev/hggjam/GameJamHGGUnreal4.23.1/GameJamCrew/Saved/vent01_80x80_trimCB8126144A6A02FA8F742C99A52571CE.tmp' to 'E:/GameDev/hggjam/GameJamHGGUnreal4.23.1/GameJamCrew/Content/LevelAssets/Models/modular/vents/vent01/vent01_80x80_trim.uasset'
[2025.09.19-11.32.52:547][465]LogSlate: FSceneViewport::OnFocusLost() reason 0
[2025.09.19-11.32.52:603][472]LogSlate: Window 'vent01_80x80_trim' being destroyed
[2025.09.19-11.32.52:608][472]LogSlate: Window 'vent01_80x80_trim' being destroyed
[2025.09.19-11.32.52:612][472]LogWorld: UWorld::CleanupWorld for World_12, bSessionEnded=true, bCleanupResources=true
[2025.09.19-11.33.50:692][420]LogSlate: FSceneViewport::OnFocusLost() reason 5
[2025.09.19-11.33.50:696][420]Cmd: OBJ SAVEPACKAGE PACKAGE="/Game/Levels/CheeseFactory_001" FILE="E:/GameDev/hggjam/GameJamHGGUnreal4.23.1/GameJamCrew/Content/Levels/CheeseFactory_001.umap" SILENT=true AUTOSAVING=false KEEPDIRTY=false
[2025.09.19-11.33.50:719][420]LogUObjectHash: Compacting FUObjectHashTables data took   0.99ms
[2025.09.19-11.33.50:841][420]LogSavePackage: Moving 'E:/GameDev/hggjam/GameJamHGGUnreal4.23.1/GameJamCrew/Saved/CheeseFactory_001ED5C5D694AF1D85BD325E58F961E291A.tmp' to 'E:/GameDev/hggjam/GameJamHGGUnreal4.23.1/GameJamCrew/Content/Levels/CheeseFactory_001.umap'
[2025.09.19-11.33.50:853][420]Cmd: OBJ SAVEPACKAGE PACKAGE="/Game/Levels/CheeseFactory_001_BuiltData" FILE="E:/GameDev/hggjam/GameJamHGGUnreal4.23.1/GameJamCrew/Content/Levels/CheeseFactory_001_BuiltData.uasset" SILENT=true
[2025.09.19-11.33.51:211][420]LogSavePackage: Moving 'E:/GameDev/hggjam/GameJamHGGUnreal4.23.1/GameJamCrew/Saved/CheeseFactory_001_BuiltData3A2AFEF84D16D7DEE82DFABF83D249D2.tmp' to 'E:/GameDev/hggjam/GameJamHGGUnreal4.23.1/GameJamCrew/Content/Levels/CheeseFactory_001_BuiltData.uasset'
[2025.09.19-11.33.51:499][452]LogSlate: FSceneViewport::OnFocusLost() reason 2
[2025.09.19-11.33.52:939][623]MapCheck: New page: Map Check
[2025.09.19-11.33.52:951][623]LogSlate: FSceneViewport::OnFocusLost() reason 5
[2025.09.19-11.33.52:954][623]LightingResults: New page: Lighting Build - Sep 19, 2025, 5:33:52 PM
[2025.09.19-11.33.52:958][623]LogSwarmInterface: [OpenConnection] Registering TCP channel ...
[2025.09.19-11.33.52:962][623]LogSwarmInterface: [OpenConnection] Connecting to agent ...
[2025.09.19-11.33.52:962][623]LogSwarmInterface: [TryOpenConnection] Testing the Agent
[2025.09.19-11.33.52:962][623]LogSwarmInterface: [TryOpenConnection] Opening Connection to Agent
[2025.09.19-11.33.52:962][623]LogSwarmInterface: [TryOpenConnection] Local Process ID is 3812
[2025.09.19-11.33.57:536][623]LogStaticLightingSystem: Running Lightmass w/ ImmediateImport mode ENABLED
[2025.09.19-11.33.57:536][623]LogStaticLightingSystem: Running Lightmass w/ ImmediateProcess mode ENABLED
[2025.09.19-11.33.57:536][623]LogStaticLightingSystem: Running Lightmass w/ Sorting mode ENABLED
[2025.09.19-11.33.57:536][623]LogStaticLightingSystem: Running Lightmass w/ Mapping paddings ENABLED
[2025.09.19-11.33.57:536][623]LogStaticLightingSystem: Running Lightmass w/ Mapping debug paddings DISABLED
[2025.09.19-11.33.57:610][623]LogEditorBuildUtils: Build time 0:04
[2025.09.19-11.33.57:650][624]LogUObjectHash: Compacting FUObjectHashTables data took   1.04ms
[2025.09.19-11.34.15:507][287]Job is a success!
[2025.09.19-11.34.15:530][289]LogSlate: FSceneViewport::OnFocusLost() reason 5
[2025.09.19-11.34.15:566][289]LogVolumetricLightmapImport: Imported Volumetric Lightmap in 0.003s
[2025.09.19-11.34.15:567][289]LogVolumetricLightmapImport:      Indirection Texture 16x16x16 = 0.0Mb
[2025.09.19-11.34.15:567][289]LogVolumetricLightmapImport:      BrickData 70x5x5 = 0.1Mb
[2025.09.19-11.34.15:567][289]LogVolumetricLightmapImport:      Bricks at Level
[2025.09.19-11.34.15:567][289]LogVolumetricLightmapImport:          0: 7.1% covering 100.0% of volume
[2025.09.19-11.34.15:567][289]LogVolumetricLightmapImport:          1: 7.1% covering 1.6% of volume
[2025.09.19-11.34.15:567][289]LogVolumetricLightmapImport:          2: 85.7% covering 0.3% of volume
[2025.09.19-11.34.16:688][289]LogTexture: Display: Building textures: SkyOcclusion0_1 (AutoDXT, 1024X512)
[2025.09.19-11.34.16:688][289]LogTexture: Display: Building textures: HQ_Lightmap0_1 (AutoDXT, 1024X1024)
[2025.09.19-11.34.16:688][289]LogTexture: Display: Building textures: LQ_Lightmap_0_1 (DXT1, 1024X1024)
[2025.09.19-11.34.16:688][289]LogTexture: Display: Building textures: SkyOcclusion1_2 (AutoDXT, 1024X512)
[2025.09.19-11.34.16:688][289]LogTexture: Display: Building textures: HQ_Lightmap1_2 (AutoDXT, 1024X1024)
[2025.09.19-11.34.16:688][289]LogTexture: Display: Building textures: LQ_Lightmap_1_2 (DXT1, 1024X1024)
[2025.09.19-11.34.16:688][289]LogTexture: Display: Building textures: SkyOcclusion1_3 (AutoDXT, 1024X512)
[2025.09.19-11.34.16:688][289]LogTexture: Display: Building textures: HQ_Lightmap1_3 (AutoDXT, 1024X1024)
[2025.09.19-11.34.16:688][289]LogTexture: Display: Building textures: LQ_Lightmap_1_3 (DXT1, 1024X1024)
[2025.09.19-11.34.16:688][289]LogTexture: Display: Building textures: SkyOcclusion0_4 (AutoDXT, 1024X512)
[2025.09.19-11.34.16:688][289]LogTexture: Display: Building textures: HQ_Lightmap0_4 (AutoDXT, 1024X1024)
[2025.09.19-11.34.16:688][289]LogTexture: Display: Building textures: LQ_Lightmap_0_4 (DXT1, 1024X1024)
[2025.09.19-11.34.16:688][289]LogTexture: Display: Building textures: SkyOcclusion1_5 (AutoDXT, 1024X512)
[2025.09.19-11.34.16:688][289]LogTexture: Display: Building textures: HQ_Lightmap1_5 (AutoDXT, 1024X1024)
[2025.09.19-11.34.16:688][289]LogTexture: Display: Building textures: LQ_Lightmap_1_5 (DXT1, 1024X1024)
[2025.09.19-11.34.16:688][289]LogTexture: Display: Building textures: SkyOcclusion0_6 (AutoDXT, 1024X512)
[2025.09.19-11.34.16:688][289]LogTexture: Display: Building textures: HQ_Lightmap0_6 (AutoDXT, 1024X1024)
[2025.09.19-11.34.16:688][289]LogTexture: Display: Building textures: LQ_Lightmap_0_6 (DXT1, 1024X1024)
[2025.09.19-11.34.16:688][289]LogTexture: Display: Building textures: SkyOcclusion0_7 (AutoDXT, 1024X512)
[2025.09.19-11.34.16:688][289]LogTexture: Display: Building textures: HQ_Lightmap0_7 (AutoDXT, 1024X1024)
[2025.09.19-11.34.16:688][289]LogTexture: Display: Building textures: LQ_Lightmap_0_7 (DXT1, 1024X1024)
[2025.09.19-11.34.16:688][289]LogTexture: Display: Building textures: SkyOcclusion1_8 (AutoDXT, 1024X512)
[2025.09.19-11.34.16:688][289]LogTexture: Display: Building textures: HQ_Lightmap1_8 (AutoDXT, 1024X1024)
[2025.09.19-11.34.16:688][289]LogTexture: Display: Building textures: LQ_Lightmap_1_8 (DXT1, 1024X1024)
[2025.09.19-11.34.16:688][289]LogTexture: Display: Building textures: SkyOcclusion1_9 (AutoDXT, 1024X512)
[2025.09.19-11.34.16:688][289]LogTexture: Display: Building textures: HQ_Lightmap1_9 (AutoDXT, 1024X1024)
[2025.09.19-11.34.16:688][289]LogTexture: Display: Building textures: LQ_Lightmap_1_9 (DXT1, 1024X1024)
[2025.09.19-11.34.16:689][289]LogTexture: Display: Building textures: SkyOcclusion1_10 (AutoDXT, 1024X512)
[2025.09.19-11.34.16:689][289]LogTexture: Display: Building textures: HQ_Lightmap1_10 (AutoDXT, 1024X1024)
[2025.09.19-11.34.16:689][289]LogTexture: Display: Building textures: LQ_Lightmap_1_10 (DXT1, 1024X1024)
[2025.09.19-11.34.16:689][289]LogTexture: Display: Building textures: SkyOcclusion1_11 (AutoDXT, 64X32)
[2025.09.19-11.34.16:689][289]LogTexture: Display: Building textures: HQ_Lightmap1_11 (AutoDXT, 64X64)
[2025.09.19-11.34.16:689][289]LogTexture: Display: Building textures: LQ_Lightmap_1_11 (DXT1, 64X64)
[2025.09.19-11.34.16:820][289]LogTexture: Display: Building textures: ShadowMapTexture2D_23 (G8, 32X32)
[2025.09.19-11.34.16:820][289]LogTexture: Display: Building textures: ShadowMapTexture2D_20 (BGRA8, 1024X1024)
[2025.09.19-11.34.16:820][289]LogTexture: Display: Building textures: ShadowMapTexture2D_18 (BGRA8, 1024X1024)
[2025.09.19-11.34.16:820][289]LogTexture: Display: Building textures: ShadowMapTexture2D_19 (BGRA8, 1024X1024)
[2025.09.19-11.34.16:820][289]LogTexture: Display: Building textures: ShadowMapTexture2D_22 (BGRA8, 1024X1024)
[2025.09.19-11.34.16:820][289]LogTexture: Display: Building textures: ShadowMapTexture2D_21 (BGRA8, 1024X1024)
[2025.09.19-11.34.16:831][289]Lightmass on CECOMAIN: 18.9 sec total, 63 ms importing, 11 ms setup, 1.25 sec photons, 17.6 sec processing, 0 ms extra exporting [510/510 mappings]. Threads: 4:24 min total, 3:08 min processing.
[2025.09.19-11.34.16:831][289]LogStaticLightingSystem: CheeseFactory_001_BuiltData storing lightmap data for 510 meshes in 21 LightmapResourceClusters (24.3 Meshes per cluster).
[2025.09.19-11.34.16:854][289]LogUObjectHash: Compacting FUObjectHashTables data took   0.80ms
[2025.09.19-11.34.16:861][289]LogStaticLightingSystem: Illumination: 23.8 sec (900 ms encoding lightmaps, 124 ms encoding shadowmaps)
[2025.09.19-11.34.16:861][289]LogStaticLightingSystem: Lightmap texture memory:  26.7 MB (26.7 MB streaming, 0.0 MB non-streaming), 22 textures
[2025.09.19-11.34.16:861][289]LogStaticLightingSystem: Shadowmap texture memory: 26.7 MB (26.7 MB streaming, 0.0 MB non-streaming), 6 textures
[2025.09.19-11.34.17:551][289]DumpUnbuiltLightIteractions
[2025.09.19-11.34.17:551][289]Lights with unbuilt interactions: 0
[2025.09.19-11.34.17:551][289]
[2025.09.19-11.34.17:551][289]Primitives with unbuilt interactions: 0
[2025.09.19-11.34.17:558][289]LogSlate: FSceneViewport::OnFocusLost() reason 5
[2025.09.19-11.34.17:613][290]Cmd: MAP CHECK NOTIFYRESULTS
[2025.09.19-11.34.17:613][290]MapCheck: New page: CheeseFactory_001 - Sep 19, 2025, 5:34:17 PM
[2025.09.19-11.34.17:615][290]MapCheck: Map check complete: 0 Error(s), 0 Warning(s), took 1.414ms to complete.
[2025.09.19-11.34.38:201][759]LogEditorViewport: Clicking on Actor (LMB): StaticMeshActor (pillar01_half16)
[2025.09.19-11.35.53:467][ 54]LogInit: XAudio2 using 'Speakers (PRO)' : 2 channels at 48 kHz using 16 bits per sample (channel mask 0x3)
[2025.09.19-11.36.11:575][108]LogInit: XAudio2 using 'Speakers (Realtek(R) Audio)' : 2 channels at 48 kHz using 32 bits per sample (channel mask 0x3)
[2025.09.19-11.43.52:989][846]LogUObjectHash: Compacting FUObjectHashTables data took   0.59ms
[2025.09.19-11.43.52:989][846]LogFileHelpers: Editor autosave (incl. sublevels) for '/Game/Levels/CheeseFactory_001' took 0.022
[2025.09.19-11.43.52:991][846]OBJ SavePackage: Generating thumbnails for [1] asset(s) in package [/Game/LevelAssets/Models/modular/vents/vent01/vent01_80x50] ([1] browsable assets)...
[2025.09.19-11.43.52:996][846]OBJ SavePackage:     Rendered thumbnail for [StaticMesh /Game/LevelAssets/Models/modular/vents/vent01/vent01_80x50.vent01_80x50]
[2025.09.19-11.43.52:996][846]OBJ SavePackage: Finished generating thumbnails for package [/Game/LevelAssets/Models/modular/vents/vent01/vent01_80x50]
[2025.09.19-11.43.53:003][846]LogSavePackage: Moving 'E:/GameDev/hggjam/GameJamHGGUnreal4.23.1/GameJamCrew/Saved/vent01_80x50_Auto3B6E351E74C64F5536AEDB19BF235B352.tmp' to 'E:/GameDev/hggjam/GameJamHGGUnreal4.23.1/GameJamCrew/Saved/Autosaves/Game/LevelAssets/Models/modular/vents/vent01/vent01_80x50_Auto3.uasset'
[2025.09.19-11.43.53:003][846]OBJ SavePackage: Generating thumbnails for [1] asset(s) in package [/Game/LevelAssets/Models/modular/vents/vent01/vent01_80x50_half] ([1] browsable assets)...
[2025.09.19-11.43.53:007][846]OBJ SavePackage:     Rendered thumbnail for [StaticMesh /Game/LevelAssets/Models/modular/vents/vent01/vent01_80x50_half.vent01_80x50_half]
[2025.09.19-11.43.53:007][846]OBJ SavePackage: Finished generating thumbnails for package [/Game/LevelAssets/Models/modular/vents/vent01/vent01_80x50_half]
[2025.09.19-11.43.53:015][846]LogSavePackage: Moving 'E:/GameDev/hggjam/GameJamHGGUnreal4.23.1/GameJamCrew/Saved/vent01_80x50_half_Auto307469EE444E6917EE5F0EAB7B5D2A785.tmp' to 'E:/GameDev/hggjam/GameJamHGGUnreal4.23.1/GameJamCrew/Saved/Autosaves/Game/LevelAssets/Models/modular/vents/vent01/vent01_80x50_half_Auto3.uasset'
[2025.09.19-11.43.53:015][846]LogFileHelpers: Auto-saving content packages took 0.025
[2025.09.19-11.45.07:382][477]LogEditorFactories: Performing atomic reimport of [E:/GameDev/hggjam/KlixXsrc/models/modular/vents/vent01/vent01_80x50_out_down.fbx]
[2025.09.19-11.45.07:394][477]LogFbx: Loading FBX Scene from E:/GameDev/hggjam/KlixXsrc/models/modular/vents/vent01/vent01_80x50_out_down.fbx
[2025.09.19-11.45.07:397][477]LogFbx: FBX Scene Loaded Succesfully
[2025.09.19-11.45.07:397][477]LogFbx: Display: Triangulating static mesh vent01_80x50_half.001
[2025.09.19-11.45.07:407][477]LogStaticMesh: Building static mesh vent01_80x50_out_down...
[2025.09.19-11.45.07:410][477]LogStaticMesh: Built static mesh [0.00s] /Game/LevelAssets/Models/modular/vents/vent01/vent01_80x50_out_down.vent01_80x50_out_down
[2025.09.19-11.45.07:415][477]LogEditorFactories: -- imported successfully
[2025.09.19-11.45.07:415][477]FBXImport: Warning: No smoothing group information was found in this FBX scene.  Please make sure to enable the 'Export Smoothing Groups' option in the FBX Exporter plug-in before exporting the file.  Even for tools that don't support smoothing groups, the FBX Exporter will generate appropriate smoothing data at export-time so that correct vertex normals can be inferred while importing. 
[2025.09.19-11.45.12:063][491]LogSlate: FSceneViewport::OnFocusLost() reason 0
[2025.09.19-11.45.12:236][510]LogAssetEditorManager: Opening Asset editor for StaticMesh /Game/LevelAssets/Models/modular/vents/vent01/vent01_80x50_out_down.vent01_80x50_out_down
[2025.09.19-11.45.20:338][451]LogSavePackage: Moving 'E:/GameDev/hggjam/GameJamHGGUnreal4.23.1/GameJamCrew/Saved/vent01_80x50_out_down1DA599DB4AE1F26D3BFD8BB6B8E1E90D.tmp' to 'E:/GameDev/hggjam/GameJamHGGUnreal4.23.1/GameJamCrew/Content/LevelAssets/Models/modular/vents/vent01/vent01_80x50_out_down.uasset'
[2025.09.19-11.45.21:346][564]LogSlate: FSceneViewport::OnFocusLost() reason 0
[2025.09.19-11.45.21:410][572]LogSlate: Window 'vent01_80x50_out_down' being destroyed
[2025.09.19-11.45.21:415][572]LogSlate: Window 'vent01_80x50_out_down' being destroyed
[2025.09.19-11.45.21:420][572]LogWorld: UWorld::CleanupWorld for World_13, bSessionEnded=true, bCleanupResources=true
[2025.09.19-11.45.33:558][ 23]LogEditorViewport: Clicking on Actor (LMB): StaticMeshActor (vent01_80x68)
[2025.09.19-11.51.32:886][234]LogEditorFactories: Performing atomic reimport of [E:/GameDev/hggjam/KlixXsrc/models/modular/vents/vent01/vent01_80x50_out_side.fbx]
[2025.09.19-11.51.32:892][234]LogSlate: FSceneViewport::OnFocusLost() reason 5
[2025.09.19-11.51.32:906][234]LogFbx: Loading FBX Scene from E:/GameDev/hggjam/KlixXsrc/models/modular/vents/vent01/vent01_80x50_out_side.fbx
[2025.09.19-11.51.32:909][234]LogFbx: FBX Scene Loaded Succesfully
[2025.09.19-11.51.32:909][234]LogFbx: Display: Triangulating static mesh vent01_80x50_out_side
[2025.09.19-11.51.32:916][234]LogSlate: FSceneViewport::OnFocusLost() reason 5
[2025.09.19-11.51.32:921][234]LogStaticMesh: Building static mesh vent01_80x50_out_side...
[2025.09.19-11.51.32:922][234]LogStaticMesh: Built static mesh [0.00s] /Game/LevelAssets/Models/modular/vents/vent01/vent01_80x50_out_side.vent01_80x50_out_side
[2025.09.19-11.51.32:932][234]LogEditorFactories: -- imported successfully
[2025.09.19-11.51.32:933][234]FBXImport: Warning: No smoothing group information was found in this FBX scene.  Please make sure to enable the 'Export Smoothing Groups' option in the FBX Exporter plug-in before exporting the file.  Even for tools that don't support smoothing groups, the FBX Exporter will generate appropriate smoothing data at export-time so that correct vertex normals can be inferred while importing. 
[2025.09.19-11.51.45:357][693]LogSlate: FSceneViewport::OnFocusLost() reason 0
[2025.09.19-11.51.45:558][716]LogAssetEditorManager: Opening Asset editor for StaticMesh /Game/LevelAssets/Models/modular/vents/vent01/vent01_80x50_out_side.vent01_80x50_out_side
[2025.09.19-11.51.54:030][702]LogSavePackage: Moving 'E:/GameDev/hggjam/GameJamHGGUnreal4.23.1/GameJamCrew/Saved/vent01_80x50_out_side139C016742AEA7BFF11B8A90DCAEFC54.tmp' to 'E:/GameDev/hggjam/GameJamHGGUnreal4.23.1/GameJamCrew/Content/LevelAssets/Models/modular/vents/vent01/vent01_80x50_out_side.uasset'
[2025.09.19-11.51.56:378][980]LogSlate: FSceneViewport::OnFocusLost() reason 0
[2025.09.19-11.52.00:721][493]LogSlate: FSceneViewport::OnFocusLost() reason 0
[2025.09.19-11.52.00:780][500]LogSlate: Window 'vent01_80x50_out_side' being destroyed
[2025.09.19-11.52.00:785][500]LogSlate: Window 'vent01_80x50_out_side' being destroyed
[2025.09.19-11.52.00:789][500]LogWorld: UWorld::CleanupWorld for World_14, bSessionEnded=true, bCleanupResources=true
[2025.09.19-11.52.03:456][814]LogSlate: FSceneViewport::OnFocusLost() reason 5
[2025.09.19-11.52.03:461][814]Cmd: OBJ SAVEPACKAGE PACKAGE="/Game/Levels/CheeseFactory_001" FILE="E:/GameDev/hggjam/GameJamHGGUnreal4.23.1/GameJamCrew/Content/Levels/CheeseFactory_001.umap" SILENT=true AUTOSAVING=false KEEPDIRTY=false
[2025.09.19-11.52.03:482][814]LogUObjectHash: Compacting FUObjectHashTables data took   0.75ms
[2025.09.19-11.52.03:605][814]LogSavePackage: Moving 'E:/GameDev/hggjam/GameJamHGGUnreal4.23.1/GameJamCrew/Saved/CheeseFactory_00113B552ED4C60A958BF8F3EBB56AA1615.tmp' to 'E:/GameDev/hggjam/GameJamHGGUnreal4.23.1/GameJamCrew/Content/Levels/CheeseFactory_001.umap'
[2025.09.19-11.52.03:617][814]Cmd: OBJ SAVEPACKAGE PACKAGE="/Game/Levels/CheeseFactory_001_BuiltData" FILE="E:/GameDev/hggjam/GameJamHGGUnreal4.23.1/GameJamCrew/Content/Levels/CheeseFactory_001_BuiltData.uasset" SILENT=true
[2025.09.19-11.52.03:967][814]LogSavePackage: Moving 'E:/GameDev/hggjam/GameJamHGGUnreal4.23.1/GameJamCrew/Saved/CheeseFactory_001_BuiltDataD879C4EF44632B8CB9546D8A83A7439A.tmp' to 'E:/GameDev/hggjam/GameJamHGGUnreal4.23.1/GameJamCrew/Content/Levels/CheeseFactory_001_BuiltData.uasset'
[2025.09.19-11.52.06:150][ 63]LogSlate: FSceneViewport::OnFocusLost() reason 2
[2025.09.19-11.52.07:026][168]MapCheck: New page: Map Check
[2025.09.19-11.52.07:039][168]LogSlate: FSceneViewport::OnFocusLost() reason 5
[2025.09.19-11.52.07:043][168]LightingResults: New page: Lighting Build - Sep 19, 2025, 5:52:07 PM
[2025.09.19-11.52.07:047][168]LogSwarmInterface: [OpenConnection] Registering TCP channel ...
[2025.09.19-11.52.07:051][168]LogSwarmInterface: [OpenConnection] Connecting to agent ...
[2025.09.19-11.52.07:051][168]LogSwarmInterface: [TryOpenConnection] Testing the Agent
[2025.09.19-11.52.07:051][168]LogSwarmInterface: [TryOpenConnection] Opening Connection to Agent
[2025.09.19-11.52.07:051][168]LogSwarmInterface: [TryOpenConnection] Local Process ID is 3812
[2025.09.19-11.52.11:617][168]LogStaticLightingSystem: Running Lightmass w/ ImmediateImport mode ENABLED
[2025.09.19-11.52.11:617][168]LogStaticLightingSystem: Running Lightmass w/ ImmediateProcess mode ENABLED
[2025.09.19-11.52.11:617][168]LogStaticLightingSystem: Running Lightmass w/ Sorting mode ENABLED
[2025.09.19-11.52.11:617][168]LogStaticLightingSystem: Running Lightmass w/ Mapping paddings ENABLED
[2025.09.19-11.52.11:617][168]LogStaticLightingSystem: Running Lightmass w/ Mapping debug paddings DISABLED
[2025.09.19-11.52.11:686][168]LogEditorBuildUtils: Build time 0:04
[2025.09.19-11.52.11:724][169]LogUObjectHash: Compacting FUObjectHashTables data took   1.02ms
[2025.09.19-11.52.29:436][412]Job is a success!
[2025.09.19-11.52.29:821][413]LogVolumetricLightmapImport: Imported Volumetric Lightmap in 0.003s
[2025.09.19-11.52.29:821][413]LogVolumetricLightmapImport:      Indirection Texture 16x16x16 = 0.0Mb
[2025.09.19-11.52.29:821][413]LogVolumetricLightmapImport:      BrickData 70x5x5 = 0.1Mb
[2025.09.19-11.52.29:821][413]LogVolumetricLightmapImport:      Bricks at Level
[2025.09.19-11.52.29:821][413]LogVolumetricLightmapImport:          0: 7.1% covering 100.0% of volume
[2025.09.19-11.52.29:821][413]LogVolumetricLightmapImport:          1: 7.1% covering 1.6% of volume
[2025.09.19-11.52.29:821][413]LogVolumetricLightmapImport:          2: 85.7% covering 0.3% of volume
[2025.09.19-11.52.30:957][413]LogTexture: Display: Building textures: SkyOcclusion1_1 (AutoDXT, 1024X512)
[2025.09.19-11.52.30:957][413]LogTexture: Display: Building textures: HQ_Lightmap1_1 (AutoDXT, 1024X1024)
[2025.09.19-11.52.30:957][413]LogTexture: Display: Building textures: LQ_Lightmap_1_1 (DXT1, 1024X1024)
[2025.09.19-11.52.30:957][413]LogTexture: Display: Building textures: SkyOcclusion0_2 (AutoDXT, 1024X512)
[2025.09.19-11.52.30:957][413]LogTexture: Display: Building textures: HQ_Lightmap0_2 (AutoDXT, 1024X1024)
[2025.09.19-11.52.30:957][413]LogTexture: Display: Building textures: LQ_Lightmap_0_2 (DXT1, 1024X1024)
[2025.09.19-11.52.30:957][413]LogTexture: Display: Building textures: SkyOcclusion0_3 (AutoDXT, 1024X512)
[2025.09.19-11.52.30:957][413]LogTexture: Display: Building textures: HQ_Lightmap0_3 (AutoDXT, 1024X1024)
[2025.09.19-11.52.30:957][413]LogTexture: Display: Building textures: LQ_Lightmap_0_3 (DXT1, 1024X1024)
[2025.09.19-11.52.30:957][413]LogTexture: Display: Building textures: SkyOcclusion1_4 (AutoDXT, 1024X512)
[2025.09.19-11.52.30:957][413]LogTexture: Display: Building textures: HQ_Lightmap1_4 (AutoDXT, 1024X1024)
[2025.09.19-11.52.30:957][413]LogTexture: Display: Building textures: LQ_Lightmap_1_4 (DXT1, 1024X1024)
[2025.09.19-11.52.30:957][413]LogTexture: Display: Building textures: SkyOcclusion0_5 (AutoDXT, 1024X512)
[2025.09.19-11.52.30:957][413]LogTexture: Display: Building textures: HQ_Lightmap0_5 (AutoDXT, 1024X1024)
[2025.09.19-11.52.30:957][413]LogTexture: Display: Building textures: LQ_Lightmap_0_5 (DXT1, 1024X1024)
[2025.09.19-11.52.30:957][413]LogTexture: Display: Building textures: SkyOcclusion1_6 (AutoDXT, 1024X512)
[2025.09.19-11.52.30:957][413]LogTexture: Display: Building textures: HQ_Lightmap1_6 (AutoDXT, 1024X1024)
[2025.09.19-11.52.30:957][413]LogTexture: Display: Building textures: LQ_Lightmap_1_6 (DXT1, 1024X1024)
[2025.09.19-11.52.30:957][413]LogTexture: Display: Building textures: HQ_Lightmap1_7 (AutoDXT, 1024X1024)
[2025.09.19-11.52.30:957][413]LogTexture: Display: Building textures: SkyOcclusion1_7 (AutoDXT, 1024X512)
[2025.09.19-11.52.30:957][413]LogTexture: Display: Building textures: LQ_Lightmap_1_7 (DXT1, 1024X1024)
[2025.09.19-11.52.30:957][413]LogTexture: Display: Building textures: SkyOcclusion0_8 (AutoDXT, 1024X512)
[2025.09.19-11.52.30:957][413]LogTexture: Display: Building textures: HQ_Lightmap0_8 (AutoDXT, 1024X1024)
[2025.09.19-11.52.30:957][413]LogTexture: Display: Building textures: LQ_Lightmap_0_8 (DXT1, 1024X1024)
[2025.09.19-11.52.30:957][413]LogTexture: Display: Building textures: SkyOcclusion0_9 (AutoDXT, 1024X512)
[2025.09.19-11.52.30:957][413]LogTexture: Display: Building textures: HQ_Lightmap0_9 (AutoDXT, 1024X1024)
[2025.09.19-11.52.30:957][413]LogTexture: Display: Building textures: LQ_Lightmap_0_9 (DXT1, 1024X1024)
[2025.09.19-11.52.30:957][413]LogTexture: Display: Building textures: SkyOcclusion0_10 (AutoDXT, 1024X512)
[2025.09.19-11.52.30:957][413]LogTexture: Display: Building textures: HQ_Lightmap0_10 (AutoDXT, 1024X1024)
[2025.09.19-11.52.30:957][413]LogTexture: Display: Building textures: LQ_Lightmap_0_10 (DXT1, 1024X1024)
[2025.09.19-11.52.30:957][413]LogTexture: Display: Building textures: SkyOcclusion0_11 (AutoDXT, 64X32)
[2025.09.19-11.52.30:957][413]LogTexture: Display: Building textures: HQ_Lightmap0_11 (AutoDXT, 64X64)
[2025.09.19-11.52.30:957][413]LogTexture: Display: Building textures: LQ_Lightmap_0_11 (DXT1, 64X64)
[2025.09.19-11.52.31:088][413]LogTexture: Display: Building textures: ShadowMapTexture2D_29 (G8, 32X32)
[2025.09.19-11.52.31:088][413]LogTexture: Display: Building textures: ShadowMapTexture2D_28 (BGRA8, 1024X1024)
[2025.09.19-11.52.31:088][413]LogTexture: Display: Building textures: ShadowMapTexture2D_25 (BGRA8, 1024X1024)
[2025.09.19-11.52.31:088][413]LogTexture: Display: Building textures: ShadowMapTexture2D_26 (BGRA8, 1024X1024)
[2025.09.19-11.52.31:088][413]LogTexture: Display: Building textures: ShadowMapTexture2D_27 (BGRA8, 1024X1024)
[2025.09.19-11.52.31:088][413]LogTexture: Display: Building textures: ShadowMapTexture2D_24 (BGRA8, 1024X1024)
[2025.09.19-11.52.31:096][413]LogStaticLightingSystem: CheeseFactory_001_BuiltData storing lightmap data for 510 meshes in 21 LightmapResourceClusters (24.3 Meshes per cluster).
[2025.09.19-11.52.31:119][413]LogUObjectHash: Compacting FUObjectHashTables data took   0.82ms
[2025.09.19-11.52.31:119][413]Lightmass on CECOMAIN: 19.2 sec total, 62 ms importing, 11 ms setup, 1.23 sec photons, 17.8 sec processing, 0 ms extra exporting [510/510 mappings]. Threads: 4:27 min total, 3:03 min processing.
[2025.09.19-11.52.31:123][413]LogStaticLightingSystem: Illumination: 23.7 sec (913 ms encoding lightmaps, 129 ms encoding shadowmaps)
[2025.09.19-11.52.31:123][413]LogStaticLightingSystem: Lightmap texture memory:  26.7 MB (26.7 MB streaming, 0.0 MB non-streaming), 22 textures
[2025.09.19-11.52.31:123][413]LogStaticLightingSystem: Shadowmap texture memory: 26.7 MB (26.7 MB streaming, 0.0 MB non-streaming), 6 textures
[2025.09.19-11.52.31:642][413]DumpUnbuiltLightIteractions
[2025.09.19-11.52.31:642][413]Lights with unbuilt interactions: 0
[2025.09.19-11.52.31:642][413]
[2025.09.19-11.52.31:642][413]Primitives with unbuilt interactions: 0
[2025.09.19-11.52.31:696][414]Cmd: MAP CHECK NOTIFYRESULTS
[2025.09.19-11.52.31:696][414]MapCheck: New page: CheeseFactory_001 - Sep 19, 2025, 5:52:31 PM
[2025.09.19-11.52.31:698][414]MapCheck: Map check complete: 0 Error(s), 0 Warning(s), took 1.477ms to complete.
[2025.09.19-11.53.56:080][505]LogSlate: FSceneViewport::OnFocusLost() reason 0
[2025.09.19-11.53.57:247][645]LogEditorViewport: Clicking on Actor (LMB): StaticMeshActor (wall01_2x17)
[2025.09.19-12.02.05:740][128]LogUObjectHash: Compacting FUObjectHashTables data took   0.58ms
[2025.09.19-12.02.05:740][128]LogFileHelpers: Editor autosave (incl. sublevels) for '/Game/Levels/CheeseFactory_001' took 0.021
[2025.09.19-12.04.52:376][440]LogEditorViewport: Clicking on Actor (LMB): StaticMeshActor (floor01_2x54)
[2025.09.19-12.04.53:369][556]LogEditorViewport: Clicking on Actor (LMB): StaticMeshActor (floor01_2x55)
[2025.09.19-12.05.15:430][946]LogEditorViewport: Clicking on Actor (LMB): StaticMeshActor (floor01_2x53)
[2025.09.19-12.05.29:268][602]Cmd: TRANSACTION UNDO
[2025.09.19-12.05.29:268][602]LogEditorTransaction: Undo Move Actors
[2025.09.19-12.05.29:663][639]Cmd: TRANSACTION UNDO
[2025.09.19-12.05.29:663][639]LogEditorTransaction: Undo Move Actors
[2025.09.19-12.05.31:887][902]Cmd: TRANSACTION UNDO
[2025.09.19-12.05.31:887][902]LogEditorTransaction: Undo Move Actors
[2025.09.19-12.05.44:166][370]Cmd: DELETE
[2025.09.19-12.05.44:166][370]Cmd: ACTOR DELETE
[2025.09.19-12.05.44:171][370]LogEditorActor: Deleted Actor: StaticMeshActor
[2025.09.19-12.05.44:190][370]LogUObjectHash: Compacting FUObjectHashTables data took   0.73ms
[2025.09.19-12.05.44:190][370]LogEditorActor: Deleted 1 Actors (0.024 secs)
[2025.09.19-12.05.48:814][925]LogEditorViewport: Clicking on Actor (LMB): SkyLight (SkyLight)
[2025.09.19-12.05.51:654][261]LogSlate: FSceneViewport::OnFocusLost() reason 0
[2025.09.19-12.05.54:736][631]LogEditorViewport: Clicking on Actor (LMB): StaticMeshActor (floor01_2x6)
[2025.09.19-12.05.55:807][757]LogEditorViewport: Clicking on Actor (LMB): SkyLight (SkyLight)
[2025.09.19-12.06.01:632][452]LogSlate: FSceneViewport::OnFocusLost() reason 2
[2025.09.19-12.06.05:587][926]MapCheck: New page: Map Check
[2025.09.19-12.06.05:601][926]LightingResults: New page: Lighting Build - Sep 19, 2025, 6:06:05 PM
[2025.09.19-12.06.05:604][926]LogSwarmInterface: [OpenConnection] Registering TCP channel ...
[2025.09.19-12.06.05:608][926]LogSwarmInterface: [OpenConnection] Connecting to agent ...
[2025.09.19-12.06.05:608][926]LogSwarmInterface: [TryOpenConnection] Testing the Agent
[2025.09.19-12.06.05:609][926]LogSwarmInterface: [TryOpenConnection] Opening Connection to Agent
[2025.09.19-12.06.05:609][926]LogSwarmInterface: [TryOpenConnection] Local Process ID is 3812
[2025.09.19-12.06.10:179][926]LogStaticLightingSystem: Running Lightmass w/ ImmediateImport mode ENABLED
[2025.09.19-12.06.10:179][926]LogStaticLightingSystem: Running Lightmass w/ ImmediateProcess mode ENABLED
[2025.09.19-12.06.10:179][926]LogStaticLightingSystem: Running Lightmass w/ Sorting mode ENABLED
[2025.09.19-12.06.10:179][926]LogStaticLightingSystem: Running Lightmass w/ Mapping paddings ENABLED
[2025.09.19-12.06.10:179][926]LogStaticLightingSystem: Running Lightmass w/ Mapping debug paddings DISABLED
[2025.09.19-12.06.10:243][926]LogEditorBuildUtils: Build time 0:04
[2025.09.19-12.06.10:276][927]LogUObjectHash: Compacting FUObjectHashTables data took   1.01ms
[2025.09.19-12.06.27:302][513]Job is a success!
[2025.09.19-12.06.27:366][515]LogVolumetricLightmapImport: Imported Volumetric Lightmap in 0.002s
[2025.09.19-12.06.27:366][515]LogVolumetricLightmapImport:      Indirection Texture 16x16x16 = 0.0Mb
[2025.09.19-12.06.27:366][515]LogVolumetricLightmapImport:      BrickData 70x5x5 = 0.1Mb
[2025.09.19-12.06.27:366][515]LogVolumetricLightmapImport:      Bricks at Level
[2025.09.19-12.06.27:366][515]LogVolumetricLightmapImport:          0: 7.1% covering 100.0% of volume
[2025.09.19-12.06.27:366][515]LogVolumetricLightmapImport:          1: 7.1% covering 1.6% of volume
[2025.09.19-12.06.27:366][515]LogVolumetricLightmapImport:          2: 85.7% covering 0.3% of volume
[2025.09.19-12.06.28:493][515]LogTexture: Display: Building textures: SkyOcclusion0_1 (AutoDXT, 1024X512)
[2025.09.19-12.06.28:493][515]LogTexture: Display: Building textures: HQ_Lightmap0_1 (AutoDXT, 1024X1024)
[2025.09.19-12.06.28:493][515]LogTexture: Display: Building textures: LQ_Lightmap_0_1 (DXT1, 1024X1024)
[2025.09.19-12.06.28:493][515]LogTexture: Display: Building textures: SkyOcclusion1_2 (AutoDXT, 1024X512)
[2025.09.19-12.06.28:493][515]LogTexture: Display: Building textures: HQ_Lightmap1_2 (AutoDXT, 1024X1024)
[2025.09.19-12.06.28:493][515]LogTexture: Display: Building textures: LQ_Lightmap_1_2 (DXT1, 1024X1024)
[2025.09.19-12.06.28:493][515]LogTexture: Display: Building textures: SkyOcclusion1_3 (AutoDXT, 1024X512)
[2025.09.19-12.06.28:493][515]LogTexture: Display: Building textures: HQ_Lightmap1_3 (AutoDXT, 1024X1024)
[2025.09.19-12.06.28:493][515]LogTexture: Display: Building textures: LQ_Lightmap_1_3 (DXT1, 1024X1024)
[2025.09.19-12.06.28:493][515]LogTexture: Display: Building textures: SkyOcclusion0_4 (AutoDXT, 1024X512)
[2025.09.19-12.06.28:493][515]LogTexture: Display: Building textures: HQ_Lightmap0_4 (AutoDXT, 1024X1024)
[2025.09.19-12.06.28:493][515]LogTexture: Display: Building textures: LQ_Lightmap_0_4 (DXT1, 1024X1024)
[2025.09.19-12.06.28:493][515]LogTexture: Display: Building textures: SkyOcclusion1_5 (AutoDXT, 1024X512)
[2025.09.19-12.06.28:493][515]LogTexture: Display: Building textures: HQ_Lightmap1_5 (AutoDXT, 1024X1024)
[2025.09.19-12.06.28:493][515]LogTexture: Display: Building textures: LQ_Lightmap_1_5 (DXT1, 1024X1024)
[2025.09.19-12.06.28:493][515]LogTexture: Display: Building textures: SkyOcclusion0_6 (AutoDXT, 1024X512)
[2025.09.19-12.06.28:493][515]LogTexture: Display: Building textures: HQ_Lightmap0_6 (AutoDXT, 1024X1024)
[2025.09.19-12.06.28:493][515]LogTexture: Display: Building textures: LQ_Lightmap_0_6 (DXT1, 1024X1024)
[2025.09.19-12.06.28:493][515]LogTexture: Display: Building textures: SkyOcclusion0_7 (AutoDXT, 1024X512)
[2025.09.19-12.06.28:493][515]LogTexture: Display: Building textures: HQ_Lightmap0_7 (AutoDXT, 1024X1024)
[2025.09.19-12.06.28:494][515]LogTexture: Display: Building textures: LQ_Lightmap_0_7 (DXT1, 1024X1024)
[2025.09.19-12.06.28:494][515]LogTexture: Display: Building textures: SkyOcclusion1_8 (AutoDXT, 1024X512)
[2025.09.19-12.06.28:494][515]LogTexture: Display: Building textures: HQ_Lightmap1_8 (AutoDXT, 1024X1024)
[2025.09.19-12.06.28:494][515]LogTexture: Display: Building textures: LQ_Lightmap_1_8 (DXT1, 1024X1024)
[2025.09.19-12.06.28:494][515]LogTexture: Display: Building textures: SkyOcclusion1_9 (AutoDXT, 1024X512)
[2025.09.19-12.06.28:494][515]LogTexture: Display: Building textures: HQ_Lightmap1_9 (AutoDXT, 1024X1024)
[2025.09.19-12.06.28:494][515]LogTexture: Display: Building textures: LQ_Lightmap_1_9 (DXT1, 1024X1024)
[2025.09.19-12.06.28:494][515]LogTexture: Display: Building textures: SkyOcclusion1_10 (AutoDXT, 1024X512)
[2025.09.19-12.06.28:494][515]LogTexture: Display: Building textures: HQ_Lightmap1_10 (AutoDXT, 1024X1024)
[2025.09.19-12.06.28:494][515]LogTexture: Display: Building textures: LQ_Lightmap_1_10 (DXT1, 1024X1024)
[2025.09.19-12.06.28:494][515]LogTexture: Display: Building textures: SkyOcclusion1_11 (AutoDXT, 64X32)
[2025.09.19-12.06.28:494][515]LogTexture: Display: Building textures: HQ_Lightmap1_11 (AutoDXT, 64X64)
[2025.09.19-12.06.28:494][515]LogTexture: Display: Building textures: LQ_Lightmap_1_11 (DXT1, 64X64)
[2025.09.19-12.06.28:616][515]LogTexture: Display: Building textures: ShadowMapTexture2D_35 (G8, 32X32)
[2025.09.19-12.06.28:616][515]LogTexture: Display: Building textures: ShadowMapTexture2D_34 (BGRA8, 1024X1024)
[2025.09.19-12.06.28:616][515]LogTexture: Display: Building textures: ShadowMapTexture2D_32 (BGRA8, 1024X1024)
[2025.09.19-12.06.28:616][515]LogTexture: Display: Building textures: ShadowMapTexture2D_30 (BGRA8, 1024X1024)
[2025.09.19-12.06.28:616][515]LogTexture: Display: Building textures: ShadowMapTexture2D_31 (BGRA8, 1024X1024)
[2025.09.19-12.06.28:616][515]LogTexture: Display: Building textures: ShadowMapTexture2D_33 (BGRA8, 1024X1024)
[2025.09.19-12.06.28:625][515]LogStaticLightingSystem: CheeseFactory_001_BuiltData storing lightmap data for 510 meshes in 21 LightmapResourceClusters (24.3 Meshes per cluster).
[2025.09.19-12.06.28:649][515]LogUObjectHash: Compacting FUObjectHashTables data took   0.85ms
[2025.09.19-12.06.28:649][515]Lightmass on CECOMAIN: 18.1 sec total, 62 ms importing, 11 ms setup, 1.35 sec photons, 16.6 sec processing, 0 ms extra exporting [510/510 mappings]. Threads: 4:10 min total, 2:57 min processing.
[2025.09.19-12.06.28:655][515]LogStaticLightingSystem: Illumination: 23.0 sec (905 ms encoding lightmaps, 116 ms encoding shadowmaps)
[2025.09.19-12.06.28:655][515]LogStaticLightingSystem: Lightmap texture memory:  26.7 MB (26.7 MB streaming, 0.0 MB non-streaming), 22 textures
[2025.09.19-12.06.28:655][515]LogStaticLightingSystem: Shadowmap texture memory: 26.7 MB (26.7 MB streaming, 0.0 MB non-streaming), 6 textures
[2025.09.19-12.06.29:196][515]DumpUnbuiltLightIteractions
[2025.09.19-12.06.29:196][515]Lights with unbuilt interactions: 0
[2025.09.19-12.06.29:197][515]
[2025.09.19-12.06.29:197][515]Primitives with unbuilt interactions: 0
[2025.09.19-12.06.29:256][516]Cmd: MAP CHECK NOTIFYRESULTS
[2025.09.19-12.06.29:256][516]MapCheck: New page: CheeseFactory_001 - Sep 19, 2025, 6:06:29 PM
[2025.09.19-12.06.29:258][516]MapCheck: Map check complete: 0 Error(s), 0 Warning(s), took 1.563ms to complete.
[2025.09.19-12.10.22:240][835]LogEditorFactories: Performing atomic reimport of [E:/GameDev/hggjam/KlixXsrc/models/modular/vents/vent01/vent01_80x50_out_side_outlet.fbx]
[2025.09.19-12.10.22:246][835]LogSlate: FSceneViewport::OnFocusLost() reason 5
[2025.09.19-12.10.22:258][835]LogFbx: Loading FBX Scene from E:/GameDev/hggjam/KlixXsrc/models/modular/vents/vent01/vent01_80x50_out_side_outlet.fbx
[2025.09.19-12.10.22:260][835]LogFbx: FBX Scene Loaded Succesfully
[2025.09.19-12.10.22:261][835]LogFbx: Display: Triangulating static mesh vent01_80x50_out_side_outlet
[2025.09.19-12.10.22:268][835]LogSlate: FSceneViewport::OnFocusLost() reason 5
[2025.09.19-12.10.22:273][835]LogStaticMesh: Building static mesh vent01_80x50_out_side_outlet...
[2025.09.19-12.10.22:275][835]LogStaticMesh: Built static mesh [0.00s] /Game/LevelAssets/Models/modular/vents/vent01/vent01_80x50_out_side_outlet.vent01_80x50_out_side_outlet
[2025.09.19-12.10.22:282][835]LogEditorFactories: -- imported successfully
[2025.09.19-12.10.22:283][835]FBXImport: Warning: No smoothing group information was found in this FBX scene.  Please make sure to enable the 'Export Smoothing Groups' option in the FBX Exporter plug-in before exporting the file.  Even for tools that don't support smoothing groups, the FBX Exporter will generate appropriate smoothing data at export-time so that correct vertex normals can be inferred while importing. 
[2025.09.19-12.10.22:904][902]LogSlate: FSceneViewport::OnFocusLost() reason 0
[2025.09.19-12.10.25:475][204]LogAssetEditorManager: Opening Asset editor for StaticMesh /Game/LevelAssets/Models/modular/vents/vent01/vent01_80x50_out_side_outlet.vent01_80x50_out_side_outlet
[2025.09.19-12.10.35:276][350]LogSavePackage: Moving 'E:/GameDev/hggjam/GameJamHGGUnreal4.23.1/GameJamCrew/Saved/vent01_80x50_out_side_outlet4505E0404438FBA69269D9A66C5B72B5.tmp' to 'E:/GameDev/hggjam/GameJamHGGUnreal4.23.1/GameJamCrew/Content/LevelAssets/Models/modular/vents/vent01/vent01_80x50_out_side_outlet.uasset'
[2025.09.19-12.10.36:447][484]LogSlate: Window 'vent01_80x50_out_side_outlet' being destroyed
[2025.09.19-12.10.36:452][484]LogSlate: Window 'vent01_80x50_out_side_outlet' being destroyed
[2025.09.19-12.10.36:456][484]LogWorld: UWorld::CleanupWorld for World_15, bSessionEnded=true, bCleanupResources=true
[2025.09.19-12.11.56:959][137]LogSlate: FSceneViewport::OnFocusLost() reason 5
[2025.09.19-12.11.56:967][137]Cmd: OBJ SAVEPACKAGE PACKAGE="/Game/Levels/CheeseFactory_001" FILE="E:/GameDev/hggjam/GameJamHGGUnreal4.23.1/GameJamCrew/Content/Levels/CheeseFactory_001.umap" SILENT=true AUTOSAVING=false KEEPDIRTY=false
[2025.09.19-12.11.56:986][137]LogUObjectHash: Compacting FUObjectHashTables data took   0.80ms
[2025.09.19-12.11.57:107][137]LogSavePackage: Moving 'E:/GameDev/hggjam/GameJamHGGUnreal4.23.1/GameJamCrew/Saved/CheeseFactory_001AC9771F54EEB1BF8ED1F72A44E086BD9.tmp' to 'E:/GameDev/hggjam/GameJamHGGUnreal4.23.1/GameJamCrew/Content/Levels/CheeseFactory_001.umap'
[2025.09.19-12.11.57:120][137]Cmd: OBJ SAVEPACKAGE PACKAGE="/Game/Levels/CheeseFactory_001_BuiltData" FILE="E:/GameDev/hggjam/GameJamHGGUnreal4.23.1/GameJamCrew/Content/Levels/CheeseFactory_001_BuiltData.uasset" SILENT=true
[2025.09.19-12.11.57:475][137]LogSavePackage: Moving 'E:/GameDev/hggjam/GameJamHGGUnreal4.23.1/GameJamCrew/Saved/CheeseFactory_001_BuiltData582EF42B4903EFDA42C9F6A308226992.tmp' to 'E:/GameDev/hggjam/GameJamHGGUnreal4.23.1/GameJamCrew/Content/Levels/CheeseFactory_001_BuiltData.uasset'
[2025.09.19-12.18.17:270][534]LogEditorFactories: Performing atomic reimport of [E:/GameDev/hggjam/KlixXsrc/models/modular/vents/vent01/vent01_80x50_out_down_outlet.fbx]
[2025.09.19-12.18.17:276][534]LogSlate: FSceneViewport::OnFocusLost() reason 5
[2025.09.19-12.18.17:288][534]LogFbx: Loading FBX Scene from E:/GameDev/hggjam/KlixXsrc/models/modular/vents/vent01/vent01_80x50_out_down_outlet.fbx
[2025.09.19-12.18.17:290][534]LogFbx: FBX Scene Loaded Succesfully
[2025.09.19-12.18.17:291][534]LogFbx: Display: Triangulating static mesh vent01_80x50_out_down_outlet
[2025.09.19-12.18.17:298][534]LogSlate: FSceneViewport::OnFocusLost() reason 5
[2025.09.19-12.18.17:303][534]LogStaticMesh: Building static mesh vent01_80x50_out_down_outlet...
[2025.09.19-12.18.17:307][534]LogStaticMesh: Built static mesh [0.00s] /Game/LevelAssets/Models/modular/vents/vent01/vent01_80x50_out_down_outlet.vent01_80x50_out_down_outlet
[2025.09.19-12.18.17:315][534]LogEditorFactories: -- imported successfully
[2025.09.19-12.18.17:316][534]FBXImport: Warning: No smoothing group information was found in this FBX scene.  Please make sure to enable the 'Export Smoothing Groups' option in the FBX Exporter plug-in before exporting the file.  Even for tools that don't support smoothing groups, the FBX Exporter will generate appropriate smoothing data at export-time so that correct vertex normals can be inferred while importing. 
[2025.09.19-12.18.18:207][630]LogSlate: FSceneViewport::OnFocusLost() reason 0
[2025.09.19-12.18.19:824][816]LogAssetEditorManager: Opening Asset editor for StaticMesh /Game/LevelAssets/Models/modular/vents/vent01/vent01_80x50_out_down_outlet.vent01_80x50_out_down_outlet
[2025.09.19-12.18.26:602][595]LogSavePackage: Moving 'E:/GameDev/hggjam/GameJamHGGUnreal4.23.1/GameJamCrew/Saved/vent01_80x50_out_down_outlet5347BFDC4B12C3D0D2D96E9D61369FE3.tmp' to 'E:/GameDev/hggjam/GameJamHGGUnreal4.23.1/GameJamCrew/Content/LevelAssets/Models/modular/vents/vent01/vent01_80x50_out_down_outlet.uasset'
[2025.09.19-12.18.28:176][769]LogSlate: Window 'vent01_80x50_out_down_outlet' being destroyed
[2025.09.19-12.18.28:181][769]LogSlate: Window 'vent01_80x50_out_down_outlet' being destroyed
[2025.09.19-12.18.28:185][769]LogWorld: UWorld::CleanupWorld for World_16, bSessionEnded=true, bCleanupResources=true
[2025.09.19-12.18.32:101][233]LogSlate: FSceneViewport::OnFocusLost() reason 5
[2025.09.19-12.18.32:107][233]Cmd: OBJ SAVEPACKAGE PACKAGE="/Game/Levels/CheeseFactory_001" FILE="E:/GameDev/hggjam/GameJamHGGUnreal4.23.1/GameJamCrew/Content/Levels/CheeseFactory_001.umap" SILENT=true AUTOSAVING=false KEEPDIRTY=false
[2025.09.19-12.18.32:128][233]LogUObjectHash: Compacting FUObjectHashTables data took   1.21ms
[2025.09.19-12.18.32:254][233]LogSavePackage: Moving 'E:/GameDev/hggjam/GameJamHGGUnreal4.23.1/GameJamCrew/Saved/CheeseFactory_0017B967E134D4E5A44B01268BAA4BD4968.tmp' to 'E:/GameDev/hggjam/GameJamHGGUnreal4.23.1/GameJamCrew/Content/Levels/CheeseFactory_001.umap'
[2025.09.19-12.18.32:265][233]Cmd: OBJ SAVEPACKAGE PACKAGE="/Game/Levels/CheeseFactory_001_BuiltData" FILE="E:/GameDev/hggjam/GameJamHGGUnreal4.23.1/GameJamCrew/Content/Levels/CheeseFactory_001_BuiltData.uasset" SILENT=true
[2025.09.19-12.18.32:624][233]LogSavePackage: Moving 'E:/GameDev/hggjam/GameJamHGGUnreal4.23.1/GameJamCrew/Saved/CheeseFactory_001_BuiltData1E0C8E484D6761DCEECF3AB1D91F48E9.tmp' to 'E:/GameDev/hggjam/GameJamHGGUnreal4.23.1/GameJamCrew/Content/Levels/CheeseFactory_001_BuiltData.uasset'
[2025.09.19-12.18.42:127][366]LogSlate: FSceneViewport::OnFocusLost() reason 5
[2025.09.19-12.18.42:132][366]Cmd: OBJ SAVEPACKAGE PACKAGE="/Game/Levels/CheeseFactory_001" FILE="E:/GameDev/hggjam/GameJamHGGUnreal4.23.1/GameJamCrew/Content/Levels/CheeseFactory_001.umap" SILENT=true AUTOSAVING=false KEEPDIRTY=false
[2025.09.19-12.18.42:152][366]LogUObjectHash: Compacting FUObjectHashTables data took   0.93ms
[2025.09.19-12.18.42:274][366]LogSavePackage: Moving 'E:/GameDev/hggjam/GameJamHGGUnreal4.23.1/GameJamCrew/Saved/CheeseFactory_001FA4C64A1417552A7B4674FA105F1166B.tmp' to 'E:/GameDev/hggjam/GameJamHGGUnreal4.23.1/GameJamCrew/Content/Levels/CheeseFactory_001.umap'
[2025.09.19-12.18.42:285][366]Cmd: OBJ SAVEPACKAGE PACKAGE="/Game/Levels/CheeseFactory_001_BuiltData" FILE="E:/GameDev/hggjam/GameJamHGGUnreal4.23.1/GameJamCrew/Content/Levels/CheeseFactory_001_BuiltData.uasset" SILENT=true
[2025.09.19-12.18.42:628][366]LogSavePackage: Moving 'E:/GameDev/hggjam/GameJamHGGUnreal4.23.1/GameJamCrew/Saved/CheeseFactory_001_BuiltData644D9411484A8F500108F9B14D815234.tmp' to 'E:/GameDev/hggjam/GameJamHGGUnreal4.23.1/GameJamCrew/Content/Levels/CheeseFactory_001_BuiltData.uasset'
[2025.09.19-12.19.13:820][105]LogSlate: FSceneViewport::OnFocusLost() reason 5
[2025.09.19-12.19.13:826][105]Cmd: OBJ SAVEPACKAGE PACKAGE="/Game/Levels/CheeseFactory_001" FILE="E:/GameDev/hggjam/GameJamHGGUnreal4.23.1/GameJamCrew/Content/Levels/CheeseFactory_001.umap" SILENT=true AUTOSAVING=false KEEPDIRTY=false
[2025.09.19-12.19.13:846][105]LogUObjectHash: Compacting FUObjectHashTables data took   0.95ms
[2025.09.19-12.19.13:966][105]LogSavePackage: Moving 'E:/GameDev/hggjam/GameJamHGGUnreal4.23.1/GameJamCrew/Saved/CheeseFactory_0010A6477C04D2067A3D6AE6B8044B276E7.tmp' to 'E:/GameDev/hggjam/GameJamHGGUnreal4.23.1/GameJamCrew/Content/Levels/CheeseFactory_001.umap'
[2025.09.19-12.19.13:979][105]Cmd: OBJ SAVEPACKAGE PACKAGE="/Game/Levels/CheeseFactory_001_BuiltData" FILE="E:/GameDev/hggjam/GameJamHGGUnreal4.23.1/GameJamCrew/Content/Levels/CheeseFactory_001_BuiltData.uasset" SILENT=true
[2025.09.19-12.19.14:323][105]LogSavePackage: Moving 'E:/GameDev/hggjam/GameJamHGGUnreal4.23.1/GameJamCrew/Saved/CheeseFactory_001_BuiltDataA56E9CBB4AAC6A44A235D7A27A59B209.tmp' to 'E:/GameDev/hggjam/GameJamHGGUnreal4.23.1/GameJamCrew/Content/Levels/CheeseFactory_001_BuiltData.uasset'
[2025.09.19-12.19.22:347][ 62]LogEditorViewport: Clicking on Actor (LMB): StaticMeshActor (vent01_80x64)
[2025.09.19-12.19.25:924][483]LogSlate: FSceneViewport::OnFocusLost() reason 2
[2025.09.19-12.19.43:355][534]LogEditorViewport: Clicking on Actor (LMB): StaticMeshActor (vent01_80x108)
[2025.09.19-12.20.01:431][662]LogEditorViewport: Clicking on Actor (LMB): StaticMeshActor (vent01_80x112)
[2025.09.19-12.20.11:016][803]LogEditorViewport: Clicking on Actor (LMB): StaticMeshActor (vent01_80x59)
[2025.09.19-12.20.26:425][639]LogSlate: FSceneViewport::OnFocusLost() reason 5
[2025.09.19-12.20.26:432][639]Cmd: OBJ SAVEPACKAGE PACKAGE="/Game/Levels/CheeseFactory_001" FILE="E:/GameDev/hggjam/GameJamHGGUnreal4.23.1/GameJamCrew/Content/Levels/CheeseFactory_001.umap" SILENT=true AUTOSAVING=false KEEPDIRTY=false
[2025.09.19-12.20.26:450][639]LogUObjectHash: Compacting FUObjectHashTables data took   1.06ms
[2025.09.19-12.20.26:572][639]LogSavePackage: Moving 'E:/GameDev/hggjam/GameJamHGGUnreal4.23.1/GameJamCrew/Saved/CheeseFactory_001DD834F4A43756DB43AA90CAAAE4C5798.tmp' to 'E:/GameDev/hggjam/GameJamHGGUnreal4.23.1/GameJamCrew/Content/Levels/CheeseFactory_001.umap'
[2025.09.19-12.20.26:586][639]Cmd: OBJ SAVEPACKAGE PACKAGE="/Game/Levels/CheeseFactory_001_BuiltData" FILE="E:/GameDev/hggjam/GameJamHGGUnreal4.23.1/GameJamCrew/Content/Levels/CheeseFactory_001_BuiltData.uasset" SILENT=true
[2025.09.19-12.20.26:924][639]LogSavePackage: Moving 'E:/GameDev/hggjam/GameJamHGGUnreal4.23.1/GameJamCrew/Saved/CheeseFactory_001_BuiltData6853833B4957F07B426BA791E76DB758.tmp' to 'E:/GameDev/hggjam/GameJamHGGUnreal4.23.1/GameJamCrew/Content/Levels/CheeseFactory_001_BuiltData.uasset'
[2025.09.19-12.20.37:954][956]LogSlate: FSceneViewport::OnFocusLost() reason 5
[2025.09.19-12.20.37:959][956]Cmd: OBJ SAVEPACKAGE PACKAGE="/Game/Levels/CheeseFactory_001" FILE="E:/GameDev/hggjam/GameJamHGGUnreal4.23.1/GameJamCrew/Content/Levels/CheeseFactory_001.umap" SILENT=true AUTOSAVING=false KEEPDIRTY=false
[2025.09.19-12.20.37:980][956]LogUObjectHash: Compacting FUObjectHashTables data took   0.92ms
[2025.09.19-12.20.38:101][956]LogSavePackage: Moving 'E:/GameDev/hggjam/GameJamHGGUnreal4.23.1/GameJamCrew/Saved/CheeseFactory_00141ABD4E7430F9A444A1D00AFDEF74657.tmp' to 'E:/GameDev/hggjam/GameJamHGGUnreal4.23.1/GameJamCrew/Content/Levels/CheeseFactory_001.umap'
[2025.09.19-12.20.38:112][956]Cmd: OBJ SAVEPACKAGE PACKAGE="/Game/Levels/CheeseFactory_001_BuiltData" FILE="E:/GameDev/hggjam/GameJamHGGUnreal4.23.1/GameJamCrew/Content/Levels/CheeseFactory_001_BuiltData.uasset" SILENT=true
[2025.09.19-12.20.38:452][956]LogSavePackage: Moving 'E:/GameDev/hggjam/GameJamHGGUnreal4.23.1/GameJamCrew/Saved/CheeseFactory_001_BuiltDataEF287549409EAEBC40CA088D56779557.tmp' to 'E:/GameDev/hggjam/GameJamHGGUnreal4.23.1/GameJamCrew/Content/Levels/CheeseFactory_001_BuiltData.uasset'
[2025.09.19-12.20.49:270][248]LogSlate: FSceneViewport::OnFocusLost() reason 5
[2025.09.19-12.20.49:275][248]Cmd: OBJ SAVEPACKAGE PACKAGE="/Game/Levels/CheeseFactory_001" FILE="E:/GameDev/hggjam/GameJamHGGUnreal4.23.1/GameJamCrew/Content/Levels/CheeseFactory_001.umap" SILENT=true AUTOSAVING=false KEEPDIRTY=false
[2025.09.19-12.20.49:296][248]LogUObjectHash: Compacting FUObjectHashTables data took   0.96ms
[2025.09.19-12.20.49:417][248]LogSavePackage: Moving 'E:/GameDev/hggjam/GameJamHGGUnreal4.23.1/GameJamCrew/Saved/CheeseFactory_001C328908A49178EE9359097A459AD9F34.tmp' to 'E:/GameDev/hggjam/GameJamHGGUnreal4.23.1/GameJamCrew/Content/Levels/CheeseFactory_001.umap'
[2025.09.19-12.20.49:429][248]Cmd: OBJ SAVEPACKAGE PACKAGE="/Game/Levels/CheeseFactory_001_BuiltData" FILE="E:/GameDev/hggjam/GameJamHGGUnreal4.23.1/GameJamCrew/Content/Levels/CheeseFactory_001_BuiltData.uasset" SILENT=true
[2025.09.19-12.20.49:768][248]LogSavePackage: Moving 'E:/GameDev/hggjam/GameJamHGGUnreal4.23.1/GameJamCrew/Saved/CheeseFactory_001_BuiltDataCA8368A44933B2FDD1FCDC855ED27B1F.tmp' to 'E:/GameDev/hggjam/GameJamHGGUnreal4.23.1/GameJamCrew/Content/Levels/CheeseFactory_001_BuiltData.uasset'
[2025.09.19-12.20.56:060][997]LogSlate: FSceneViewport::OnFocusLost() reason 0
[2025.09.19-12.20.59:311][387]LogEditorViewport: Clicking on Actor (LMB): StaticMeshActor (floor01_2x154)
[2025.09.19-12.22.30:128][489]LogEditorViewport: Clicking on Actor (LMB): StaticMeshActor (floor01_2x48)
[2025.09.19-12.26.19:926][ 53]LogEditorViewport: Clicking on Actor (LMB): StaticMeshActor (vent01_80x68)
[2025.09.19-12.26.21:635][253]Cmd: DELETE
[2025.09.19-12.26.21:635][253]Cmd: ACTOR DELETE
[2025.09.19-12.26.21:640][253]LogEditorActor: Deleted Actor: StaticMeshActor
[2025.09.19-12.26.21:640][253]LogEditorActor: Deleted Actor: StaticMeshActor
[2025.09.19-12.26.21:659][253]LogUObjectHash: Compacting FUObjectHashTables data took   1.15ms
[2025.09.19-12.26.21:659][253]LogEditorActor: Deleted 2 Actors (0.024 secs)
[2025.09.19-12.26.22:482][352]LogEditorViewport: Clicking on Actor (LMB): StaticMeshActor (vent01_80x51)
[2025.09.19-12.26.25:765][740]LogEditorViewport: Clicking on Actor (LMB): StaticMeshActor (vent01_80x50)
[2025.09.19-12.26.30:619][302]LogEditorViewport: Clicking on Actor (LMB): StaticMeshActor (vent01_80x50)
[2025.09.19-12.26.31:304][381]LogEditorViewport: Clicking on Actor (LMB): StaticMeshActor (vent01_80x53)
[2025.09.19-12.26.34:425][752]LogEditorViewport: Clicking on Actor (LMB): StaticMeshActor (vent01_80x54)
[2025.09.19-12.26.52:285][864]LogEditorViewport: Clicking on Actor (LMB): StaticMeshActor (wall01_2x19)
[2025.09.19-12.27.00:171][799]LogSlate: FSceneViewport::OnFocusLost() reason 5
[2025.09.19-12.27.00:176][799]Cmd: OBJ SAVEPACKAGE PACKAGE="/Game/Levels/CheeseFactory_001" FILE="E:/GameDev/hggjam/GameJamHGGUnreal4.23.1/GameJamCrew/Content/Levels/CheeseFactory_001.umap" SILENT=true AUTOSAVING=false KEEPDIRTY=false
[2025.09.19-12.27.00:195][799]LogUObjectHash: Compacting FUObjectHashTables data took   0.70ms
[2025.09.19-12.27.00:322][799]LogSavePackage: Moving 'E:/GameDev/hggjam/GameJamHGGUnreal4.23.1/GameJamCrew/Saved/CheeseFactory_0011B2C3D314ED08F511CE169A1F470CD97.tmp' to 'E:/GameDev/hggjam/GameJamHGGUnreal4.23.1/GameJamCrew/Content/Levels/CheeseFactory_001.umap'
[2025.09.19-12.27.00:335][799]Cmd: OBJ SAVEPACKAGE PACKAGE="/Game/Levels/CheeseFactory_001_BuiltData" FILE="E:/GameDev/hggjam/GameJamHGGUnreal4.23.1/GameJamCrew/Content/Levels/CheeseFactory_001_BuiltData.uasset" SILENT=true
[2025.09.19-12.27.00:687][799]LogSavePackage: Moving 'E:/GameDev/hggjam/GameJamHGGUnreal4.23.1/GameJamCrew/Saved/CheeseFactory_001_BuiltDataA577DB83470F0A9F1995E8A51EF843F9.tmp' to 'E:/GameDev/hggjam/GameJamHGGUnreal4.23.1/GameJamCrew/Content/Levels/CheeseFactory_001_BuiltData.uasset'
[2025.09.19-12.27.14:249][410]LogEditorViewport: Clicking on Actor (LMB): StaticMeshActor (wall01_2x17)
[2025.09.19-12.27.15:005][498]Cmd: DELETE
[2025.09.19-12.27.15:005][498]Cmd: ACTOR DELETE
[2025.09.19-12.27.15:008][498]LogEditorActor: Deleted Actor: StaticMeshActor
[2025.09.19-12.27.15:029][498]LogUObjectHash: Compacting FUObjectHashTables data took   1.04ms
[2025.09.19-12.27.15:029][498]LogEditorActor: Deleted 1 Actors (0.024 secs)
[2025.09.19-12.27.15:540][559]LogEditorViewport: Clicking on Actor (LMB): StaticMeshActor (wall01_2x19)
[2025.09.19-12.27.22:566][377]LogEditorViewport: Clicking on Actor (LMB): StaticMeshActor (wall01_2x19)
[2025.09.19-12.27.22:851][404]Cmd: DELETE
[2025.09.19-12.27.22:851][404]Cmd: ACTOR DELETE
[2025.09.19-12.27.22:856][404]LogEditorActor: Deleted Actor: StaticMeshActor
[2025.09.19-12.27.22:876][404]LogUObjectHash: Compacting FUObjectHashTables data took   0.70ms
[2025.09.19-12.27.22:876][404]LogEditorActor: Deleted 1 Actors (0.024 secs)
[2025.09.19-12.27.23:666][499]LogEditorViewport: Clicking on Actor (LMB): StaticMeshActor (doorframe_1x2)
[2025.09.19-12.27.23:782][510]Cmd: DELETE
[2025.09.19-12.27.23:782][510]Cmd: ACTOR DELETE
[2025.09.19-12.27.23:785][510]LogEditorActor: Deleted Actor: StaticMeshActor
[2025.09.19-12.27.23:804][510]LogUObjectHash: Compacting FUObjectHashTables data took   0.42ms
[2025.09.19-12.27.23:804][510]LogEditorActor: Deleted 1 Actors (0.022 secs)
[2025.09.19-12.27.24:776][627]LogEditorViewport: Clicking on Actor (LMB): StaticMeshActor (wall01_2x16)
[2025.09.19-12.27.35:267][842]LogSlate: FSceneViewport::OnFocusLost() reason 2
[2025.09.19-12.27.47:567][289]LogSlate: FSceneViewport::OnFocusLost() reason 2
[2025.09.19-12.27.50:342][618]LogEditorViewport: Clicking on Actor (LMB): StaticMeshActor (wall01_2x7)
[2025.09.19-12.27.53:751][ 24]LogEditorViewport: Clicking on Actor (LMB): StaticMeshActor (wall01_2x17)
[2025.09.19-12.28.01:269][918]LogEditorViewport: Clicking on Actor (LMB): StaticMeshActor (wall01_2x7)
[2025.09.19-12.28.04:304][279]LogEditorViewport: Clicking on Actor (LMB): StaticMeshActor (wall01_2x19)
[2025.09.19-12.28.04:919][350]LogEditorViewport: Clicking on Actor (LMB): StaticMeshActor (wall01_2x17)
[2025.09.19-12.28.05:474][414]LogEditorViewport: Clicking on Actor (LMB): StaticMeshActor (wall01_2x7)
[2025.09.19-12.28.13:154][305]LogSlate: FSceneViewport::OnFocusLost() reason 5
[2025.09.19-12.28.13:160][305]Cmd: OBJ SAVEPACKAGE PACKAGE="/Game/Levels/CheeseFactory_001" FILE="E:/GameDev/hggjam/GameJamHGGUnreal4.23.1/GameJamCrew/Content/Levels/CheeseFactory_001.umap" SILENT=true AUTOSAVING=false KEEPDIRTY=false
[2025.09.19-12.28.13:178][305]LogUObjectHash: Compacting FUObjectHashTables data took   0.71ms
[2025.09.19-12.28.13:301][305]LogSavePackage: Moving 'E:/GameDev/hggjam/GameJamHGGUnreal4.23.1/GameJamCrew/Saved/CheeseFactory_0018B0D8D514BBD620F5DC3C38BDC729414.tmp' to 'E:/GameDev/hggjam/GameJamHGGUnreal4.23.1/GameJamCrew/Content/Levels/CheeseFactory_001.umap'
[2025.09.19-12.28.13:313][305]Cmd: OBJ SAVEPACKAGE PACKAGE="/Game/Levels/CheeseFactory_001_BuiltData" FILE="E:/GameDev/hggjam/GameJamHGGUnreal4.23.1/GameJamCrew/Content/Levels/CheeseFactory_001_BuiltData.uasset" SILENT=true
[2025.09.19-12.28.13:652][305]LogSavePackage: Moving 'E:/GameDev/hggjam/GameJamHGGUnreal4.23.1/GameJamCrew/Saved/CheeseFactory_001_BuiltData70DF440F4079455B4E0D90AF6C0AE03B.tmp' to 'E:/GameDev/hggjam/GameJamHGGUnreal4.23.1/GameJamCrew/Content/Levels/CheeseFactory_001_BuiltData.uasset'
[2025.09.19-12.28.32:907][595]LogSlate: FSceneViewport::OnFocusLost() reason 2
[2025.09.19-12.28.33:773][699]MapCheck: New page: Map Check
[2025.09.19-12.28.33:786][699]LogSlate: FSceneViewport::OnFocusLost() reason 5
[2025.09.19-12.28.33:789][699]LightingResults: New page: Lighting Build - Sep 19, 2025, 6:28:33 PM
[2025.09.19-12.28.33:793][699]LogSwarmInterface: [OpenConnection] Registering TCP channel ...
[2025.09.19-12.28.33:796][699]LogSwarmInterface: [OpenConnection] Connecting to agent ...
[2025.09.19-12.28.33:796][699]LogSwarmInterface: [TryOpenConnection] Testing the Agent
[2025.09.19-12.28.33:797][699]LogSwarmInterface: [TryOpenConnection] Opening Connection to Agent
[2025.09.19-12.28.33:797][699]LogSwarmInterface: [TryOpenConnection] Local Process ID is 3812
[2025.09.19-12.28.38:363][699]LogStaticLightingSystem: Running Lightmass w/ ImmediateImport mode ENABLED
[2025.09.19-12.28.38:364][699]LogStaticLightingSystem: Running Lightmass w/ ImmediateProcess mode ENABLED
[2025.09.19-12.28.38:364][699]LogStaticLightingSystem: Running Lightmass w/ Sorting mode ENABLED
[2025.09.19-12.28.38:364][699]LogStaticLightingSystem: Running Lightmass w/ Mapping paddings ENABLED
[2025.09.19-12.28.38:364][699]LogStaticLightingSystem: Running Lightmass w/ Mapping debug paddings DISABLED
[2025.09.19-12.28.38:425][699]LogEditorBuildUtils: Build time 0:04
[2025.09.19-12.28.38:458][700]LogUObjectHash: Compacting FUObjectHashTables data took   1.18ms
[2025.09.19-12.28.57:694][492]Job is a success!
[2025.09.19-12.28.57:724][493]LogSlate: FSceneViewport::OnFocusLost() reason 5
[2025.09.19-12.28.57:762][493]LogVolumetricLightmapImport: Imported Volumetric Lightmap in 0.003s
[2025.09.19-12.28.57:762][493]LogVolumetricLightmapImport:      Indirection Texture 16x16x16 = 0.0Mb
[2025.09.19-12.28.57:762][493]LogVolumetricLightmapImport:      BrickData 70x5x5 = 0.1Mb
[2025.09.19-12.28.57:762][493]LogVolumetricLightmapImport:      Bricks at Level
[2025.09.19-12.28.57:762][493]LogVolumetricLightmapImport:          0: 7.1% covering 100.0% of volume
[2025.09.19-12.28.57:762][493]LogVolumetricLightmapImport:          1: 7.1% covering 1.6% of volume
[2025.09.19-12.28.57:762][493]LogVolumetricLightmapImport:          2: 85.7% covering 0.3% of volume
[2025.09.19-12.28.58:904][493]LogTexture: Display: Building textures: SkyOcclusion1_1 (AutoDXT, 1024X512)
[2025.09.19-12.28.58:904][493]LogTexture: Display: Building textures: HQ_Lightmap1_1 (AutoDXT, 1024X1024)
[2025.09.19-12.28.58:904][493]LogTexture: Display: Building textures: LQ_Lightmap_1_1 (DXT1, 1024X1024)
[2025.09.19-12.28.58:904][493]LogTexture: Display: Building textures: SkyOcclusion0_2 (AutoDXT, 1024X512)
[2025.09.19-12.28.58:904][493]LogTexture: Display: Building textures: HQ_Lightmap0_2 (AutoDXT, 1024X1024)
[2025.09.19-12.28.58:904][493]LogTexture: Display: Building textures: LQ_Lightmap_0_2 (DXT1, 1024X1024)
[2025.09.19-12.28.58:904][493]LogTexture: Display: Building textures: SkyOcclusion0_3 (AutoDXT, 1024X512)
[2025.09.19-12.28.58:904][493]LogTexture: Display: Building textures: HQ_Lightmap0_3 (AutoDXT, 1024X1024)
[2025.09.19-12.28.58:904][493]LogTexture: Display: Building textures: LQ_Lightmap_0_3 (DXT1, 1024X1024)
[2025.09.19-12.28.58:904][493]LogTexture: Display: Building textures: SkyOcclusion1_4 (AutoDXT, 1024X512)
[2025.09.19-12.28.58:904][493]LogTexture: Display: Building textures: HQ_Lightmap1_4 (AutoDXT, 1024X1024)
[2025.09.19-12.28.58:904][493]LogTexture: Display: Building textures: LQ_Lightmap_1_4 (DXT1, 1024X1024)
[2025.09.19-12.28.58:904][493]LogTexture: Display: Building textures: SkyOcclusion0_5 (AutoDXT, 1024X512)
[2025.09.19-12.28.58:904][493]LogTexture: Display: Building textures: HQ_Lightmap0_5 (AutoDXT, 1024X1024)
[2025.09.19-12.28.58:904][493]LogTexture: Display: Building textures: LQ_Lightmap_0_5 (DXT1, 1024X1024)
[2025.09.19-12.28.58:904][493]LogTexture: Display: Building textures: SkyOcclusion1_6 (AutoDXT, 1024X512)
[2025.09.19-12.28.58:904][493]LogTexture: Display: Building textures: HQ_Lightmap1_6 (AutoDXT, 1024X1024)
[2025.09.19-12.28.58:904][493]LogTexture: Display: Building textures: LQ_Lightmap_1_6 (DXT1, 1024X1024)
[2025.09.19-12.28.58:904][493]LogTexture: Display: Building textures: SkyOcclusion1_7 (AutoDXT, 1024X512)
[2025.09.19-12.28.58:904][493]LogTexture: Display: Building textures: HQ_Lightmap1_7 (AutoDXT, 1024X1024)
[2025.09.19-12.28.58:904][493]LogTexture: Display: Building textures: LQ_Lightmap_1_7 (DXT1, 1024X1024)
[2025.09.19-12.28.58:904][493]LogTexture: Display: Building textures: SkyOcclusion0_8 (AutoDXT, 1024X512)
[2025.09.19-12.28.58:904][493]LogTexture: Display: Building textures: HQ_Lightmap0_8 (AutoDXT, 1024X1024)
[2025.09.19-12.28.58:904][493]LogTexture: Display: Building textures: LQ_Lightmap_0_8 (DXT1, 1024X1024)
[2025.09.19-12.28.58:904][493]LogTexture: Display: Building textures: SkyOcclusion0_9 (AutoDXT, 1024X512)
[2025.09.19-12.28.58:904][493]LogTexture: Display: Building textures: HQ_Lightmap0_9 (AutoDXT, 1024X1024)
[2025.09.19-12.28.58:904][493]LogTexture: Display: Building textures: LQ_Lightmap_0_9 (DXT1, 1024X1024)
[2025.09.19-12.28.58:904][493]LogTexture: Display: Building textures: SkyOcclusion0_10 (AutoDXT, 1024X512)
[2025.09.19-12.28.58:904][493]LogTexture: Display: Building textures: HQ_Lightmap0_10 (AutoDXT, 1024X1024)
[2025.09.19-12.28.58:904][493]LogTexture: Display: Building textures: LQ_Lightmap_0_10 (DXT1, 1024X1024)
[2025.09.19-12.28.58:904][493]LogTexture: Display: Building textures: SkyOcclusion0_11 (AutoDXT, 256X128)
[2025.09.19-12.28.58:904][493]LogTexture: Display: Building textures: HQ_Lightmap0_11 (AutoDXT, 256X256)
[2025.09.19-12.28.58:904][493]LogTexture: Display: Building textures: LQ_Lightmap_0_11 (DXT1, 256X256)
[2025.09.19-12.28.58:904][493]LogTexture: Display: Building textures: SkyOcclusion0_12 (AutoDXT, 64X32)
[2025.09.19-12.28.58:904][493]LogTexture: Display: Building textures: HQ_Lightmap0_12 (AutoDXT, 64X64)
[2025.09.19-12.28.58:904][493]LogTexture: Display: Building textures: LQ_Lightmap_0_12 (DXT1, 64X64)
[2025.09.19-12.28.59:043][493]LogTexture: Display: Building textures: ShadowMapTexture2D_41 (G8, 32X32)
[2025.09.19-12.28.59:043][493]LogTexture: Display: Building textures: ShadowMapTexture2D_37 (BGRA8, 1024X1024)
[2025.09.19-12.28.59:043][493]LogTexture: Display: Building textures: ShadowMapTexture2D_40 (BGRA8, 1024X1024)
[2025.09.19-12.28.59:043][493]LogTexture: Display: Building textures: ShadowMapTexture2D_38 (BGRA8, 1024X1024)
[2025.09.19-12.28.59:043][493]LogTexture: Display: Building textures: ShadowMapTexture2D_39 (BGRA8, 1024X1024)
[2025.09.19-12.28.59:043][493]LogTexture: Display: Building textures: ShadowMapTexture2D_36 (BGRA8, 1024X1024)
[2025.09.19-12.28.59:058][493]LogStaticLightingSystem: CheeseFactory_001_BuiltData storing lightmap data for 523 meshes in 23 LightmapResourceClusters (22.7 Meshes per cluster).
[2025.09.19-12.28.59:080][493]Lightmass on CECOMAIN: 20.4 sec total, 58 ms importing, 12 ms setup, 1.34 sec photons, 18.9 sec processing, 0 ms extra exporting [523/523 mappings]. Threads: 4:44 min total, 3:26 min processing.
[2025.09.19-12.28.59:081][493]LogUObjectHash: Compacting FUObjectHashTables data took   0.80ms
[2025.09.19-12.28.59:087][493]LogStaticLightingSystem: Illumination: 25.2 sec (922 ms encoding lightmaps, 124 ms encoding shadowmaps)
[2025.09.19-12.28.59:087][493]LogStaticLightingSystem: Lightmap texture memory:  26.8 MB (26.8 MB streaming, 0.0 MB non-streaming), 24 textures
[2025.09.19-12.28.59:087][493]LogStaticLightingSystem: Shadowmap texture memory: 26.7 MB (26.7 MB streaming, 0.0 MB non-streaming), 6 textures
[2025.09.19-12.28.59:380][493]DumpUnbuiltLightIteractions
[2025.09.19-12.28.59:380][493]Lights with unbuilt interactions: 0
[2025.09.19-12.28.59:380][493]
[2025.09.19-12.28.59:380][493]Primitives with unbuilt interactions: 0
[2025.09.19-12.28.59:386][493]LogSlate: FSceneViewport::OnFocusLost() reason 5
[2025.09.19-12.28.59:435][494]Cmd: MAP CHECK NOTIFYRESULTS
[2025.09.19-12.28.59:435][494]MapCheck: New page: CheeseFactory_001 - Sep 19, 2025, 6:28:59 PM
[2025.09.19-12.28.59:436][494]MapCheck: Map check complete: 0 Error(s), 0 Warning(s), took 1.678ms to complete.
[2025.09.19-12.29.13:668][201]LogEditorViewport: Clicking on Actor (LMB): StaticMeshActor (wall01_2x10)
[2025.09.19-12.29.17:495][657]LogEditorViewport: Clicking on Actor (LMB): StaticMeshActor (wall01_2x11)
[2025.09.19-12.29.23:568][382]LogEditorViewport: Clicking on Actor (LMB): StaticMeshActor (floor01_2x24)
[2025.09.19-12.29.28:608][984]LogEditorViewport: Clicking on Actor (LMB): StaticMeshActor (wall01_2x7)
[2025.09.19-12.29.31:016][270]LogEditorViewport: Clicking on Actor (LMB): StaticMeshActor (wall01_2x6)
[2025.09.19-12.29.31:450][320]LogEditorViewport: Clicking on Actor (LMB): StaticMeshActor (floor01_2x18)
[2025.09.19-12.29.32:145][401]LogEditorViewport: Clicking on Actor (LMB): StaticMeshActor (wall01_2x7)
[2025.09.19-12.29.38:911][208]LogSlate: FSceneViewport::OnFocusLost() reason 0
[2025.09.19-12.29.42:585][648]LogEditorViewport: Clicking on Actor (LMB): StaticMeshActor (wall01_2x11)
[2025.09.19-12.29.43:588][765]LogSlate: FSceneViewport::OnFocusLost() reason 0
[2025.09.19-12.29.47:081][184]LogEditorViewport: Clicking on Actor (LMB): StaticMeshActor (wall01_2x19)
[2025.09.19-12.29.49:605][484]LogEditorViewport: Clicking on Actor (LMB): StaticMeshActor (wall01_2x17)
[2025.09.19-12.29.51:543][714]LogSlate: FSceneViewport::OnFocusLost() reason 0
[2025.09.19-12.29.54:201][ 33]LogEditorViewport: Clicking on Actor (LMB): StaticMeshActor (wall01_2x19)
[2025.09.19-12.29.57:676][447]LogEditorViewport: Clicking on Actor (LMB): StaticMeshActor (floor01_2x30)
[2025.09.19-12.30.04:674][283]LogEditorViewport: Clicking on Actor (LMB): StaticMeshActor (wall01_2x50)
[2025.09.19-12.30.05:521][382]LogEditorViewport: Clicking on Actor (LMB): StaticMeshActor (wall01_2x51)
[2025.09.19-12.30.06:876][542]LogEditorViewport: Clicking on Actor (LMB): StaticMeshActor (floor01_2x84)
[2025.09.19-12.30.08:934][786]LogEditorViewport: Clicking on Actor (LMB): StaticMeshActor (wall01_2x51)
[2025.09.19-12.30.09:986][910]LogEditorViewport: Clicking on Actor (LMB): StaticMeshActor (wall01_2x52)
[2025.09.19-12.30.10:444][963]LogEditorViewport: Clicking on Actor (LMB): StaticMeshActor (floor01_2x86)
[2025.09.19-12.30.10:897][ 15]LogEditorViewport: Clicking on Actor (LMB): StaticMeshActor (wall01_2x51)
[2025.09.19-12.30.15:801][600]LogEditorViewport: Clicking on Actor (LMB): StaticMeshActor (floor01_2x85)
[2025.09.19-12.30.24:660][659]Cmd: TRANSACTION UNDO
[2025.09.19-12.30.24:660][659]LogEditorTransaction: Undo Clicking on Actors
[2025.09.19-12.30.24:924][683]Cmd: TRANSACTION UNDO
[2025.09.19-12.30.24:924][683]LogEditorTransaction: Undo Move Actors
[2025.09.19-12.30.25:252][720]Cmd: TRANSACTION UNDO
[2025.09.19-12.30.25:252][720]LogEditorTransaction: Undo Rotate Actors
[2025.09.19-12.30.26:664][889]LogSlate: FSceneViewport::OnFocusLost() reason 0
[2025.09.19-12.30.27:234][956]Cmd: OBJ SAVEPACKAGE PACKAGE="/Game/Levels/CheeseFactory_001" FILE="E:/GameDev/hggjam/GameJamHGGUnreal4.23.1/GameJamCrew/Content/Levels/CheeseFactory_001.umap" SILENT=true AUTOSAVING=false KEEPDIRTY=false
[2025.09.19-12.30.27:254][956]LogUObjectHash: Compacting FUObjectHashTables data took   0.42ms
[2025.09.19-12.30.27:377][956]LogSavePackage: Moving 'E:/GameDev/hggjam/GameJamHGGUnreal4.23.1/GameJamCrew/Saved/CheeseFactory_00162E6577A45BF02F2A9D0729DEEFD60E2.tmp' to 'E:/GameDev/hggjam/GameJamHGGUnreal4.23.1/GameJamCrew/Content/Levels/CheeseFactory_001.umap'
[2025.09.19-12.30.27:389][956]Cmd: OBJ SAVEPACKAGE PACKAGE="/Game/Levels/CheeseFactory_001_BuiltData" FILE="E:/GameDev/hggjam/GameJamHGGUnreal4.23.1/GameJamCrew/Content/Levels/CheeseFactory_001_BuiltData.uasset" SILENT=true
[2025.09.19-12.30.27:737][956]LogSavePackage: Moving 'E:/GameDev/hggjam/GameJamHGGUnreal4.23.1/GameJamCrew/Saved/CheeseFactory_001_BuiltData4AF4294E4AA5857465CE979E0EDB4B09.tmp' to 'E:/GameDev/hggjam/GameJamHGGUnreal4.23.1/GameJamCrew/Content/Levels/CheeseFactory_001_BuiltData.uasset'
[2025.09.19-12.30.29:061][113]LogSlate: FSceneViewport::OnFocusLost() reason 0
[2025.09.19-12.30.30:202][249]MapCheck: New page: Map Check
[2025.09.19-12.30.30:213][249]LightingResults: New page: Lighting Build - Sep 19, 2025, 6:30:30 PM
[2025.09.19-12.30.30:217][249]LogSwarmInterface: [OpenConnection] Registering TCP channel ...
[2025.09.19-12.30.30:220][249]LogSwarmInterface: [OpenConnection] Connecting to agent ...
[2025.09.19-12.30.30:220][249]LogSwarmInterface: [TryOpenConnection] Testing the Agent
[2025.09.19-12.30.30:221][249]LogSwarmInterface: [TryOpenConnection] Opening Connection to Agent
[2025.09.19-12.30.30:221][249]LogSwarmInterface: [TryOpenConnection] Local Process ID is 3812
[2025.09.19-12.30.34:781][249]LogStaticLightingSystem: Running Lightmass w/ ImmediateImport mode ENABLED
[2025.09.19-12.30.34:781][249]LogStaticLightingSystem: Running Lightmass w/ ImmediateProcess mode ENABLED
[2025.09.19-12.30.34:781][249]LogStaticLightingSystem: Running Lightmass w/ Sorting mode ENABLED
[2025.09.19-12.30.34:781][249]LogStaticLightingSystem: Running Lightmass w/ Mapping paddings ENABLED
[2025.09.19-12.30.34:781][249]LogStaticLightingSystem: Running Lightmass w/ Mapping debug paddings DISABLED
[2025.09.19-12.30.34:847][249]LogEditorBuildUtils: Build time 0:04
[2025.09.19-12.30.34:883][250]LogUObjectHash: Compacting FUObjectHashTables data took   1.03ms
[2025.09.19-12.30.53:170][954]Job is a success!
[2025.09.19-12.30.53:239][955]LogVolumetricLightmapImport: Imported Volumetric Lightmap in 0.003s
[2025.09.19-12.30.53:239][955]LogVolumetricLightmapImport:      Indirection Texture 16x16x16 = 0.0Mb
[2025.09.19-12.30.53:239][955]LogVolumetricLightmapImport:      BrickData 70x5x5 = 0.1Mb
[2025.09.19-12.30.53:239][955]LogVolumetricLightmapImport:      Bricks at Level
[2025.09.19-12.30.53:239][955]LogVolumetricLightmapImport:          0: 7.1% covering 100.0% of volume
[2025.09.19-12.30.53:239][955]LogVolumetricLightmapImport:          1: 7.1% covering 1.6% of volume
[2025.09.19-12.30.53:239][955]LogVolumetricLightmapImport:          2: 85.7% covering 0.3% of volume
[2025.09.19-12.30.54:384][955]LogTexture: Display: Building textures: SkyOcclusion0_1 (AutoDXT, 1024X512)
[2025.09.19-12.30.54:385][955]LogTexture: Display: Building textures: HQ_Lightmap0_1 (AutoDXT, 1024X1024)
[2025.09.19-12.30.54:385][955]LogTexture: Display: Building textures: LQ_Lightmap_0_1 (DXT1, 1024X1024)
[2025.09.19-12.30.54:385][955]LogTexture: Display: Building textures: SkyOcclusion1_2 (AutoDXT, 1024X512)
[2025.09.19-12.30.54:385][955]LogTexture: Display: Building textures: HQ_Lightmap1_2 (AutoDXT, 1024X1024)
[2025.09.19-12.30.54:385][955]LogTexture: Display: Building textures: LQ_Lightmap_1_2 (DXT1, 1024X1024)
[2025.09.19-12.30.54:385][955]LogTexture: Display: Building textures: SkyOcclusion1_3 (AutoDXT, 1024X512)
[2025.09.19-12.30.54:385][955]LogTexture: Display: Building textures: HQ_Lightmap1_3 (AutoDXT, 1024X1024)
[2025.09.19-12.30.54:385][955]LogTexture: Display: Building textures: LQ_Lightmap_1_3 (DXT1, 1024X1024)
[2025.09.19-12.30.54:385][955]LogTexture: Display: Building textures: SkyOcclusion0_4 (AutoDXT, 1024X512)
[2025.09.19-12.30.54:385][955]LogTexture: Display: Building textures: HQ_Lightmap0_4 (AutoDXT, 1024X1024)
[2025.09.19-12.30.54:385][955]LogTexture: Display: Building textures: LQ_Lightmap_0_4 (DXT1, 1024X1024)
[2025.09.19-12.30.54:385][955]LogTexture: Display: Building textures: SkyOcclusion1_5 (AutoDXT, 1024X512)
[2025.09.19-12.30.54:385][955]LogTexture: Display: Building textures: HQ_Lightmap1_5 (AutoDXT, 1024X1024)
[2025.09.19-12.30.54:385][955]LogTexture: Display: Building textures: LQ_Lightmap_1_5 (DXT1, 1024X1024)
[2025.09.19-12.30.54:385][955]LogTexture: Display: Building textures: SkyOcclusion0_6 (AutoDXT, 1024X512)
[2025.09.19-12.30.54:385][955]LogTexture: Display: Building textures: HQ_Lightmap0_6 (AutoDXT, 1024X1024)
[2025.09.19-12.30.54:385][955]LogTexture: Display: Building textures: LQ_Lightmap_0_6 (DXT1, 1024X1024)
[2025.09.19-12.30.54:385][955]LogTexture: Display: Building textures: SkyOcclusion0_7 (AutoDXT, 1024X512)
[2025.09.19-12.30.54:385][955]LogTexture: Display: Building textures: HQ_Lightmap0_7 (AutoDXT, 1024X1024)
[2025.09.19-12.30.54:385][955]LogTexture: Display: Building textures: LQ_Lightmap_0_7 (DXT1, 1024X1024)
[2025.09.19-12.30.54:385][955]LogTexture: Display: Building textures: SkyOcclusion1_8 (AutoDXT, 1024X512)
[2025.09.19-12.30.54:385][955]LogTexture: Display: Building textures: HQ_Lightmap1_8 (AutoDXT, 1024X1024)
[2025.09.19-12.30.54:385][955]LogTexture: Display: Building textures: LQ_Lightmap_1_8 (DXT1, 1024X1024)
[2025.09.19-12.30.54:385][955]LogTexture: Display: Building textures: SkyOcclusion1_9 (AutoDXT, 1024X512)
[2025.09.19-12.30.54:385][955]LogTexture: Display: Building textures: HQ_Lightmap1_9 (AutoDXT, 1024X1024)
[2025.09.19-12.30.54:385][955]LogTexture: Display: Building textures: LQ_Lightmap_1_9 (DXT1, 1024X1024)
[2025.09.19-12.30.54:385][955]LogTexture: Display: Building textures: SkyOcclusion1_10 (AutoDXT, 1024X512)
[2025.09.19-12.30.54:385][955]LogTexture: Display: Building textures: HQ_Lightmap1_10 (AutoDXT, 1024X1024)
[2025.09.19-12.30.54:385][955]LogTexture: Display: Building textures: LQ_Lightmap_1_10 (DXT1, 1024X1024)
[2025.09.19-12.30.54:385][955]LogTexture: Display: Building textures: SkyOcclusion1_11 (AutoDXT, 256X128)
[2025.09.19-12.30.54:385][955]LogTexture: Display: Building textures: HQ_Lightmap1_11 (AutoDXT, 256X256)
[2025.09.19-12.30.54:385][955]LogTexture: Display: Building textures: LQ_Lightmap_1_11 (DXT1, 256X256)
[2025.09.19-12.30.54:385][955]LogTexture: Display: Building textures: SkyOcclusion1_12 (AutoDXT, 64X32)
[2025.09.19-12.30.54:385][955]LogTexture: Display: Building textures: HQ_Lightmap1_12 (AutoDXT, 64X64)
[2025.09.19-12.30.54:385][955]LogTexture: Display: Building textures: LQ_Lightmap_1_12 (DXT1, 64X64)
[2025.09.19-12.30.54:513][955]LogTexture: Display: Building textures: ShadowMapTexture2D_47 (G8, 32X32)
[2025.09.19-12.30.54:513][955]LogTexture: Display: Building textures: ShadowMapTexture2D_43 (BGRA8, 1024X1024)
[2025.09.19-12.30.54:513][955]LogTexture: Display: Building textures: ShadowMapTexture2D_44 (BGRA8, 1024X1024)
[2025.09.19-12.30.54:513][955]LogTexture: Display: Building textures: ShadowMapTexture2D_45 (BGRA8, 1024X1024)
[2025.09.19-12.30.54:513][955]LogTexture: Display: Building textures: ShadowMapTexture2D_42 (BGRA8, 1024X1024)
[2025.09.19-12.30.54:513][955]LogTexture: Display: Building textures: ShadowMapTexture2D_46 (BGRA8, 1024X1024)
[2025.09.19-12.30.54:523][955]LogStaticLightingSystem: CheeseFactory_001_BuiltData storing lightmap data for 523 meshes in 23 LightmapResourceClusters (22.7 Meshes per cluster).
[2025.09.19-12.30.54:545][955]Lightmass on CECOMAIN: 19.4 sec total, 60 ms importing, 12 ms setup, 1.22 sec photons, 18.0 sec processing, 0 ms extra exporting [523/523 mappings]. Threads: 4:31 min total, 3:15 min processing.
[2025.09.19-12.30.54:547][955]LogUObjectHash: Compacting FUObjectHashTables data took   0.81ms
[2025.09.19-12.30.54:552][955]LogStaticLightingSystem: Illumination: 24.3 sec (928 ms encoding lightmaps, 121 ms encoding shadowmaps)
[2025.09.19-12.30.54:552][955]LogStaticLightingSystem: Lightmap texture memory:  26.8 MB (26.8 MB streaming, 0.0 MB non-streaming), 24 textures
[2025.09.19-12.30.54:553][955]LogStaticLightingSystem: Shadowmap texture memory: 26.7 MB (26.7 MB streaming, 0.0 MB non-streaming), 6 textures
[2025.09.19-12.30.54:808][955]DumpUnbuiltLightIteractions
[2025.09.19-12.30.54:808][955]Lights with unbuilt interactions: 0
[2025.09.19-12.30.54:809][955]
[2025.09.19-12.30.54:809][955]Primitives with unbuilt interactions: 0
[2025.09.19-12.30.54:864][956]Cmd: MAP CHECK NOTIFYRESULTS
[2025.09.19-12.30.54:864][956]MapCheck: New page: CheeseFactory_001 - Sep 19, 2025, 6:30:54 PM
[2025.09.19-12.30.54:866][956]MapCheck: Map check complete: 0 Error(s), 0 Warning(s), took 1.666ms to complete.
[2025.09.19-12.34.18:772][469]LogSlate: FSceneViewport::OnFocusLost() reason 5
[2025.09.19-12.34.18:779][469]Cmd: OBJ SAVEPACKAGE PACKAGE="/Game/Levels/CheeseFactory_001" FILE="E:/GameDev/hggjam/GameJamHGGUnreal4.23.1/GameJamCrew/Content/Levels/CheeseFactory_001.umap" SILENT=true AUTOSAVING=false KEEPDIRTY=false
[2025.09.19-12.34.18:798][469]LogUObjectHash: Compacting FUObjectHashTables data took   0.50ms
[2025.09.19-12.34.18:926][469]LogSavePackage: Moving 'E:/GameDev/hggjam/GameJamHGGUnreal4.23.1/GameJamCrew/Saved/CheeseFactory_001C28AAC2D4144349237E0DFB12C7DCE01.tmp' to 'E:/GameDev/hggjam/GameJamHGGUnreal4.23.1/GameJamCrew/Content/Levels/CheeseFactory_001.umap'
[2025.09.19-12.34.18:938][469]Cmd: OBJ SAVEPACKAGE PACKAGE="/Game/Levels/CheeseFactory_001_BuiltData" FILE="E:/GameDev/hggjam/GameJamHGGUnreal4.23.1/GameJamCrew/Content/Levels/CheeseFactory_001_BuiltData.uasset" SILENT=true
[2025.09.19-12.34.19:296][469]LogSavePackage: Moving 'E:/GameDev/hggjam/GameJamHGGUnreal4.23.1/GameJamCrew/Saved/CheeseFactory_001_BuiltData52D2FD9541D7C63EE20CDA8991E24333.tmp' to 'E:/GameDev/hggjam/GameJamHGGUnreal4.23.1/GameJamCrew/Content/Levels/CheeseFactory_001_BuiltData.uasset'
[2025.09.19-12.34.21:683][753]LogEditorViewport: Clicking on Actor (LMB): StaticMeshActor (pillar01_half16)
[2025.09.19-12.34.40:552][  7]LogEditorViewport: Clicking on Actor (LMB): StaticMeshActor (pillar01_half14)
[2025.09.19-12.34.49:322][ 52]LogEditorViewport: Clicking on Actor (LMB): StaticMeshActor (pillar01_half16)
[2025.09.19-12.34.59:719][290]LogEditorViewport: Clicking on Actor (LMB): StaticMeshActor (pillar01_half14)
[2025.09.19-12.35.09:823][493]LogSlate: FSceneViewport::OnFocusLost() reason 0
[2025.09.19-12.35.34:921][488]LogEditorViewport: Clicking on Actor (LMB): StaticMeshActor (pillar01_half15)
[2025.09.19-12.35.39:012][972]LogEditorViewport: Clicking on Actor (LMB): StaticMeshActor (wall01_2x9)
[2025.09.19-12.35.40:804][184]Cmd: TRANSACTION UNDO
[2025.09.19-12.35.40:804][184]LogEditorTransaction: Undo Clicking on Actors
[2025.09.19-12.35.41:325][230]Cmd: TRANSACTION UNDO
[2025.09.19-12.35.41:325][230]LogEditorTransaction: Undo Move Actors
[2025.09.19-12.35.42:796][404]Cmd: TRANSACTION UNDO
[2025.09.19-12.35.42:796][404]LogEditorTransaction: Undo Clicking on Actors
[2025.09.19-12.35.47:365][945]LogEditorViewport: Clicking on Actor (LMB): StaticMeshActor (floor01_2x226)
[2025.09.19-12.35.48:089][ 28]LogSlate: FSceneViewport::OnFocusLost() reason 5
[2025.09.19-12.35.48:093][ 28]Cmd: OBJ SAVEPACKAGE PACKAGE="/Game/Levels/CheeseFactory_001" FILE="E:/GameDev/hggjam/GameJamHGGUnreal4.23.1/GameJamCrew/Content/Levels/CheeseFactory_001.umap" SILENT=true AUTOSAVING=false KEEPDIRTY=false
[2025.09.19-12.35.48:114][ 28]LogUObjectHash: Compacting FUObjectHashTables data took   0.95ms
[2025.09.19-12.35.48:235][ 28]LogSavePackage: Moving 'E:/GameDev/hggjam/GameJamHGGUnreal4.23.1/GameJamCrew/Saved/CheeseFactory_001FFA1F39A4992C266625EE594EA3874B6.tmp' to 'E:/GameDev/hggjam/GameJamHGGUnreal4.23.1/GameJamCrew/Content/Levels/CheeseFactory_001.umap'
[2025.09.19-12.35.48:247][ 28]Cmd: OBJ SAVEPACKAGE PACKAGE="/Game/Levels/CheeseFactory_001_BuiltData" FILE="E:/GameDev/hggjam/GameJamHGGUnreal4.23.1/GameJamCrew/Content/Levels/CheeseFactory_001_BuiltData.uasset" SILENT=true
[2025.09.19-12.35.48:590][ 28]LogSavePackage: Moving 'E:/GameDev/hggjam/GameJamHGGUnreal4.23.1/GameJamCrew/Saved/CheeseFactory_001_BuiltData6ACE0B7E4E973139F477AA8AB8FE7594.tmp' to 'E:/GameDev/hggjam/GameJamHGGUnreal4.23.1/GameJamCrew/Content/Levels/CheeseFactory_001_BuiltData.uasset'
[2025.09.19-12.35.54:547][740]LogEditorViewport: Clicking on Actor (LMB): DirectionalLight (DirectionalLight)
[2025.09.19-12.36.41:583][369]LogEditorViewport: Clicking on Actor (LMB): PointLight (PointLight)
[2025.09.19-12.36.46:391][939]LogSlate: FSceneViewport::OnFocusLost() reason 0
[2025.09.19-12.36.47:467][ 68]LogEditorViewport: Clicking on Actor (LMB): StaticMeshActor (floor01_2x98)
[2025.09.19-12.36.48:232][157]LogEditorViewport: Clicking on Actor (LMB): PointLight (PointLight)
[2025.09.19-12.36.50:944][478]LogSlate: FSceneViewport::OnFocusLost() reason 5
[2025.09.19-12.36.50:949][478]Cmd: OBJ SAVEPACKAGE PACKAGE="/Game/Levels/CheeseFactory_001" FILE="E:/GameDev/hggjam/GameJamHGGUnreal4.23.1/GameJamCrew/Content/Levels/CheeseFactory_001.umap" SILENT=true AUTOSAVING=false KEEPDIRTY=false
[2025.09.19-12.36.50:969][478]LogUObjectHash: Compacting FUObjectHashTables data took   0.95ms
[2025.09.19-12.36.51:092][478]LogSavePackage: Moving 'E:/GameDev/hggjam/GameJamHGGUnreal4.23.1/GameJamCrew/Saved/CheeseFactory_001ED1DF55E42B9D3C3B028F3BC133E713E.tmp' to 'E:/GameDev/hggjam/GameJamHGGUnreal4.23.1/GameJamCrew/Content/Levels/CheeseFactory_001.umap'
[2025.09.19-12.36.51:103][478]Cmd: OBJ SAVEPACKAGE PACKAGE="/Game/Levels/CheeseFactory_001_BuiltData" FILE="E:/GameDev/hggjam/GameJamHGGUnreal4.23.1/GameJamCrew/Content/Levels/CheeseFactory_001_BuiltData.uasset" SILENT=true
[2025.09.19-12.36.51:447][478]LogSavePackage: Moving 'E:/GameDev/hggjam/GameJamHGGUnreal4.23.1/GameJamCrew/Saved/CheeseFactory_001_BuiltData0667D08B410ABB7FC00337A85F135624.tmp' to 'E:/GameDev/hggjam/GameJamHGGUnreal4.23.1/GameJamCrew/Content/Levels/CheeseFactory_001_BuiltData.uasset'
[2025.09.19-12.36.54:829][881]MapCheck: New page: Map Check
[2025.09.19-12.36.54:840][881]LightingResults: New page: Lighting Build - Sep 19, 2025, 6:36:54 PM
[2025.09.19-12.36.54:845][881]LogSwarmInterface: [OpenConnection] Registering TCP channel ...
[2025.09.19-12.36.54:848][881]LogSwarmInterface: [OpenConnection] Connecting to agent ...
[2025.09.19-12.36.54:848][881]LogSwarmInterface: [TryOpenConnection] Testing the Agent
[2025.09.19-12.36.54:849][881]LogSwarmInterface: [TryOpenConnection] Opening Connection to Agent
[2025.09.19-12.36.54:849][881]LogSwarmInterface: [TryOpenConnection] Local Process ID is 3812
[2025.09.19-12.36.59:423][881]LogStaticLightingSystem: Running Lightmass w/ ImmediateImport mode ENABLED
[2025.09.19-12.36.59:423][881]LogStaticLightingSystem: Running Lightmass w/ ImmediateProcess mode ENABLED
[2025.09.19-12.36.59:423][881]LogStaticLightingSystem: Running Lightmass w/ Sorting mode ENABLED
[2025.09.19-12.36.59:423][881]LogStaticLightingSystem: Running Lightmass w/ Mapping paddings ENABLED
[2025.09.19-12.36.59:423][881]LogStaticLightingSystem: Running Lightmass w/ Mapping debug paddings DISABLED
[2025.09.19-12.36.59:490][881]LogEditorBuildUtils: Build time 0:04
[2025.09.19-12.36.59:524][882]LogUObjectHash: Compacting FUObjectHashTables data took   0.99ms
[2025.09.19-12.37.19:071][705]Job is a success!
[2025.09.19-12.37.19:129][707]LogVolumetricLightmapImport: Imported Volumetric Lightmap in 0.003s
[2025.09.19-12.37.19:129][707]LogVolumetricLightmapImport:      Indirection Texture 16x16x16 = 0.0Mb
[2025.09.19-12.37.19:129][707]LogVolumetricLightmapImport:      BrickData 70x5x5 = 0.1Mb
[2025.09.19-12.37.19:129][707]LogVolumetricLightmapImport:      Bricks at Level
[2025.09.19-12.37.19:129][707]LogVolumetricLightmapImport:          0: 7.1% covering 100.0% of volume
[2025.09.19-12.37.19:129][707]LogVolumetricLightmapImport:          1: 7.1% covering 1.6% of volume
[2025.09.19-12.37.19:129][707]LogVolumetricLightmapImport:          2: 85.7% covering 0.3% of volume
[2025.09.19-12.37.20:275][707]LogTexture: Display: Building textures: SkyOcclusion1_1 (AutoDXT, 1024X512)
[2025.09.19-12.37.20:275][707]LogTexture: Display: Building textures: HQ_Lightmap1_1 (AutoDXT, 1024X1024)
[2025.09.19-12.37.20:275][707]LogTexture: Display: Building textures: LQ_Lightmap_1_1 (DXT1, 1024X1024)
[2025.09.19-12.37.20:275][707]LogTexture: Display: Building textures: SkyOcclusion0_2 (AutoDXT, 1024X512)
[2025.09.19-12.37.20:275][707]LogTexture: Display: Building textures: HQ_Lightmap0_2 (AutoDXT, 1024X1024)
[2025.09.19-12.37.20:275][707]LogTexture: Display: Building textures: LQ_Lightmap_0_2 (DXT1, 1024X1024)
[2025.09.19-12.37.20:275][707]LogTexture: Display: Building textures: SkyOcclusion0_3 (AutoDXT, 1024X512)
[2025.09.19-12.37.20:275][707]LogTexture: Display: Building textures: HQ_Lightmap0_3 (AutoDXT, 1024X1024)
[2025.09.19-12.37.20:275][707]LogTexture: Display: Building textures: LQ_Lightmap_0_3 (DXT1, 1024X1024)
[2025.09.19-12.37.20:275][707]LogTexture: Display: Building textures: SkyOcclusion1_4 (AutoDXT, 1024X512)
[2025.09.19-12.37.20:275][707]LogTexture: Display: Building textures: HQ_Lightmap1_4 (AutoDXT, 1024X1024)
[2025.09.19-12.37.20:275][707]LogTexture: Display: Building textures: LQ_Lightmap_1_4 (DXT1, 1024X1024)
[2025.09.19-12.37.20:275][707]LogTexture: Display: Building textures: SkyOcclusion0_5 (AutoDXT, 1024X512)
[2025.09.19-12.37.20:275][707]LogTexture: Display: Building textures: HQ_Lightmap0_5 (AutoDXT, 1024X1024)
[2025.09.19-12.37.20:275][707]LogTexture: Display: Building textures: LQ_Lightmap_0_5 (DXT1, 1024X1024)
[2025.09.19-12.37.20:275][707]LogTexture: Display: Building textures: SkyOcclusion1_6 (AutoDXT, 1024X512)
[2025.09.19-12.37.20:275][707]LogTexture: Display: Building textures: HQ_Lightmap1_6 (AutoDXT, 1024X1024)
[2025.09.19-12.37.20:275][707]LogTexture: Display: Building textures: LQ_Lightmap_1_6 (DXT1, 1024X1024)
[2025.09.19-12.37.20:275][707]LogTexture: Display: Building textures: SkyOcclusion1_7 (AutoDXT, 1024X512)
[2025.09.19-12.37.20:275][707]LogTexture: Display: Building textures: HQ_Lightmap1_7 (AutoDXT, 1024X1024)
[2025.09.19-12.37.20:275][707]LogTexture: Display: Building textures: LQ_Lightmap_1_7 (DXT1, 1024X1024)
[2025.09.19-12.37.20:275][707]LogTexture: Display: Building textures: SkyOcclusion0_8 (AutoDXT, 1024X512)
[2025.09.19-12.37.20:275][707]LogTexture: Display: Building textures: HQ_Lightmap0_8 (AutoDXT, 1024X1024)
[2025.09.19-12.37.20:275][707]LogTexture: Display: Building textures: LQ_Lightmap_0_8 (DXT1, 1024X1024)
[2025.09.19-12.37.20:275][707]LogTexture: Display: Building textures: SkyOcclusion0_9 (AutoDXT, 1024X512)
[2025.09.19-12.37.20:276][707]LogTexture: Display: Building textures: HQ_Lightmap0_9 (AutoDXT, 1024X1024)
[2025.09.19-12.37.20:276][707]LogTexture: Display: Building textures: LQ_Lightmap_0_9 (DXT1, 1024X1024)
[2025.09.19-12.37.20:276][707]LogTexture: Display: Building textures: SkyOcclusion0_10 (AutoDXT, 1024X512)
[2025.09.19-12.37.20:276][707]LogTexture: Display: Building textures: HQ_Lightmap0_10 (AutoDXT, 1024X1024)
[2025.09.19-12.37.20:276][707]LogTexture: Display: Building textures: LQ_Lightmap_0_10 (DXT1, 1024X1024)
[2025.09.19-12.37.20:276][707]LogTexture: Display: Building textures: SkyOcclusion0_11 (AutoDXT, 256X128)
[2025.09.19-12.37.20:276][707]LogTexture: Display: Building textures: HQ_Lightmap0_11 (AutoDXT, 256X256)
[2025.09.19-12.37.20:276][707]LogTexture: Display: Building textures: LQ_Lightmap_0_11 (DXT1, 256X256)
[2025.09.19-12.37.20:276][707]LogTexture: Display: Building textures: SkyOcclusion0_12 (AutoDXT, 64X32)
[2025.09.19-12.37.20:276][707]LogTexture: Display: Building textures: HQ_Lightmap0_12 (AutoDXT, 64X64)
[2025.09.19-12.37.20:276][707]LogTexture: Display: Building textures: LQ_Lightmap_0_12 (DXT1, 64X64)
[2025.09.19-12.37.20:393][707]LogTexture: Display: Building textures: ShadowMapTexture2D_52 (G8, 32X32)
[2025.09.19-12.37.20:393][707]LogTexture: Display: Building textures: ShadowMapTexture2D_50 (BGRA8, 1024X1024)
[2025.09.19-12.37.20:393][707]LogTexture: Display: Building textures: ShadowMapTexture2D_48 (BGRA8, 1024X1024)
[2025.09.19-12.37.20:393][707]LogTexture: Display: Building textures: ShadowMapTexture2D_49 (BGRA8, 1024X1024)
[2025.09.19-12.37.20:393][707]LogTexture: Display: Building textures: ShadowMapTexture2D_51 (BGRA8, 1024X1024)
[2025.09.19-12.37.20:402][707]Lightmass on CECOMAIN: 20.6 sec total, 59 ms importing, 12 ms setup, 1.55 sec photons, 19.0 sec processing, 0 ms extra exporting [527/527 mappings]. Threads: 4:45 min total, 3:18 min processing.
[2025.09.19-12.37.20:402][707]LogStaticLightingSystem: CheeseFactory_001_BuiltData storing lightmap data for 527 meshes in 28 LightmapResourceClusters (18.8 Meshes per cluster).
[2025.09.19-12.37.20:425][707]LogUObjectHash: Compacting FUObjectHashTables data took   0.80ms
[2025.09.19-12.37.20:431][707]LogStaticLightingSystem: Illumination: 25.5 sec (921 ms encoding lightmaps, 109 ms encoding shadowmaps)
[2025.09.19-12.37.20:431][707]LogStaticLightingSystem: Lightmap texture memory:  26.8 MB (26.8 MB streaming, 0.0 MB non-streaming), 24 textures
[2025.09.19-12.37.20:431][707]LogStaticLightingSystem: Shadowmap texture memory: 21.3 MB (21.3 MB streaming, 0.0 MB non-streaming), 5 textures
[2025.09.19-12.37.20:441][707]DumpUnbuiltLightIteractions
[2025.09.19-12.37.20:441][707]Lights with unbuilt interactions: 0
[2025.09.19-12.37.20:441][707]
[2025.09.19-12.37.20:441][707]Primitives with unbuilt interactions: 0
[2025.09.19-12.37.20:497][708]Cmd: MAP CHECK NOTIFYRESULTS
[2025.09.19-12.37.20:497][708]MapCheck: New page: CheeseFactory_001 - Sep 19, 2025, 6:37:20 PM
[2025.09.19-12.37.20:498][708]MapCheck: Map check complete: 0 Error(s), 0 Warning(s), took 1.489ms to complete.
[2025.09.19-12.38.16:740][456]LogEditorViewport: Clicking on Actor (LMB): DirectionalLight (DirectionalLight)
[2025.09.19-12.38.17:030][489]Cmd: ACTOR HIDE SELECTED
[2025.09.19-12.38.21:891][ 72]Cmd: TRANSACTION UNDO
[2025.09.19-12.38.21:892][ 72]LogEditorTransaction: Undo Hide Selected
[2025.09.19-12.40.41:098][379]LogSlate: FSceneViewport::OnFocusLost() reason 5
[2025.09.19-12.40.41:791][431]LogEditorFactories: Performing atomic reimport of [E:/GameDev/hggjam/KlixXsrc/models/modular/vents/vent01/vent01_80x50_quarter.fbx]
[2025.09.19-12.40.41:808][431]LogFbx: Loading FBX Scene from E:/GameDev/hggjam/KlixXsrc/models/modular/vents/vent01/vent01_80x50_quarter.fbx
[2025.09.19-12.40.41:810][431]LogFbx: FBX Scene Loaded Succesfully
[2025.09.19-12.40.41:811][431]LogFbx: Display: Triangulating static mesh vent01_80x50_quarter
[2025.09.19-12.40.41:821][431]LogStaticMesh: Building static mesh vent01_80x50_quarter...
[2025.09.19-12.40.41:822][431]LogStaticMesh: Built static mesh [0.00s] /Game/LevelAssets/Models/modular/vents/vent01/vent01_80x50_quarter.vent01_80x50_quarter
[2025.09.19-12.40.41:831][431]LogEditorFactories: -- imported successfully
[2025.09.19-12.40.41:832][431]FBXImport: Warning: No smoothing group information was found in this FBX scene.  Please make sure to enable the 'Export Smoothing Groups' option in the FBX Exporter plug-in before exporting the file.  Even for tools that don't support smoothing groups, the FBX Exporter will generate appropriate smoothing data at export-time so that correct vertex normals can be inferred while importing. 
[2025.09.19-12.40.42:985][565]LogEditorViewport: Clicking on Actor (LMB): StaticMeshActor (vent01_80x50_quarter)
[2025.09.19-12.40.44:382][729]LogSlate: FSceneViewport::OnFocusLost() reason 0
[2025.09.19-12.40.44:560][749]LogAssetEditorManager: Opening Asset editor for Material /Engine/EngineMaterials/WorldGridMaterial.WorldGridMaterial
[2025.09.19-12.40.44:561][749]LogMaterial: Display: Missing cached shader map for material WorldGridMaterial, compiling. 
[2025.09.19-12.40.44:618][749]LogMaterial: Display: Missing cached shader map for material WorldGridMaterial, compiling. Is special engine material.
[2025.09.19-12.40.44:650][749]LogMaterial: Display: Missing cached shader map for material WorldGridMaterial, compiling. Is special engine material.
[2025.09.19-12.40.44:672][749]LogShaderCompilers: Display: Worker (1/13): shaders left to compile 97
[2025.09.19-12.40.44:672][749]LogShaderCompilers: Display: Worker (2/13): shaders left to compile 96
[2025.09.19-12.40.44:672][749]LogShaderCompilers: Display: Worker (3/13): shaders left to compile 95
[2025.09.19-12.40.44:672][749]LogShaderCompilers: Display: Worker (4/13): shaders left to compile 94
[2025.09.19-12.40.44:672][749]LogShaderCompilers: Display: Worker (5/13): shaders left to compile 93
[2025.09.19-12.40.44:672][749]LogShaderCompilers: Display: Worker (6/13): shaders left to compile 92
[2025.09.19-12.40.44:672][749]LogShaderCompilers: Display: Worker (7/13): shaders left to compile 91
[2025.09.19-12.40.44:672][749]LogShaderCompilers: Display: Worker (8/13): shaders left to compile 90
[2025.09.19-12.40.44:672][749]LogShaderCompilers: Display: Worker (9/13): shaders left to compile 89
[2025.09.19-12.40.44:672][749]LogShaderCompilers: Display: Worker (10/13): shaders left to compile 88
[2025.09.19-12.40.44:672][749]LogShaderCompilers: Display: Worker (11/13): shaders left to compile 87
[2025.09.19-12.40.44:672][749]LogShaderCompilers: Display: Worker (12/13): shaders left to compile 86
[2025.09.19-12.40.44:676][749]LogMaterial: Display: Missing cached shader map for material FMatExpressionPreview MaterialExpressionTextureSample_26, compiling. 
[2025.09.19-12.40.44:681][749]LogMaterial: Display: Missing cached shader map for material FMatExpressionPreview MaterialExpressionTextureSample_27, compiling. 
[2025.09.19-12.40.44:683][749]LogMaterial: Display: Missing cached shader map for material FMatExpressionPreview MaterialExpressionTextureSample_28, compiling. 
[2025.09.19-12.40.44:688][749]LogMaterial: Display: Missing cached shader map for material FMatExpressionPreview MaterialExpressionConstant3Vector_6, compiling. 
[2025.09.19-12.40.44:692][749]LogMaterial: Display: Missing cached shader map for material FMatExpressionPreview MaterialExpressionTextureSample_29, compiling. 
[2025.09.19-12.40.44:826][749]LogShaderCompilers: Display: Worker (1/13): shaders left to compile 105
[2025.09.19-12.40.44:826][749]LogShaderCompilers: Display: Worker (2/13): shaders left to compile 104
[2025.09.19-12.40.44:826][749]LogShaderCompilers: Display: Worker (3/13): shaders left to compile 103
[2025.09.19-12.40.44:844][749]LogShaderCompilers: Display: Worker (5/13): shaders left to compile 102
[2025.09.19-12.40.44:844][749]LogShaderCompilers: Display: Worker (7/13): shaders left to compile 101
[2025.09.19-12.40.44:844][749]LogShaderCompilers: Display: Worker (9/13): shaders left to compile 100
[2025.09.19-12.40.44:862][749]LogShaderCompilers: Display: Worker (8/13): shaders left to compile 99
[2025.09.19-12.40.44:862][749]LogShaderCompilers: Display: Worker (10/13): shaders left to compile 98
[2025.09.19-12.40.44:862][749]LogShaderCompilers: Display: Worker (11/13): shaders left to compile 97
[2025.09.19-12.40.44:915][749]LogShaderCompilers: Display: Worker (4/13): shaders left to compile 96
[2025.09.19-12.40.44:915][749]LogShaderCompilers: Display: Worker (6/13): shaders left to compile 95
[2025.09.19-12.40.44:915][749]LogShaderCompilers: Display: Worker (1/13): shaders left to compile 94
[2025.09.19-12.40.44:915][749]LogShaderCompilers: Display: Worker (3/13): shaders left to compile 93
[2025.09.19-12.40.44:915][749]LogShaderCompilers: Display: Worker (12/13): shaders left to compile 92
[2025.09.19-12.40.44:915][749]LogShaderCompilers: Display: Worker (7/13): shaders left to compile 91
[2025.09.19-12.40.44:952][749]LogShaderCompilers: Display: Worker (8/13): shaders left to compile 90
[2025.09.19-12.40.44:952][749]LogShaderCompilers: Display: Worker (10/13): shaders left to compile 89
[2025.09.19-12.40.44:987][749]LogShaderCompilers: Display: Worker (11/13): shaders left to compile 88
[2025.09.19-12.40.44:988][749]LogShaderCompilers: Display: Worker (2/13): shaders left to compile 87
[2025.09.19-12.40.44:988][749]LogShaderCompilers: Display: Worker (9/13): shaders left to compile 86
[2025.09.19-12.40.45:006][749]LogShaderCompilers: Display: Worker (5/13): shaders left to compile 85
[2025.09.19-12.40.45:006][749]LogShaderCompilers: Display: Worker (4/13): shaders left to compile 84
[2025.09.19-12.40.45:025][749]LogShaderCompilers: Display: Worker (6/13): shaders left to compile 83
[2025.09.19-12.40.45:060][749]LogShaderCompilers: Display: Worker (1/13): shaders left to compile 82
[2025.09.19-12.40.45:060][749]LogShaderCompilers: Display: Worker (3/13): shaders left to compile 81
[2025.09.19-12.40.45:060][749]LogShaderCompilers: Display: Worker (12/13): shaders left to compile 80
[2025.09.19-12.40.45:060][749]LogShaderCompilers: Display: Worker (7/13): shaders left to compile 79
[2025.09.19-12.40.45:096][749]LogShaderCompilers: Display: Worker (10/13): shaders left to compile 78
[2025.09.19-12.40.45:096][749]LogShaderCompilers: Display: Worker (4/13): shaders left to compile 77
[2025.09.19-12.40.45:096][749]LogShaderCompilers: Display: Worker (8/13): shaders left to compile 76
[2025.09.19-12.40.45:113][749]LogShaderCompilers: Display: Worker (11/13): shaders left to compile 75
[2025.09.19-12.40.45:113][749]LogShaderCompilers: Display: Worker (2/13): shaders left to compile 74
[2025.09.19-12.40.45:131][749]LogShaderCompilers: Display: Worker (9/13): shaders left to compile 73
[2025.09.19-12.40.45:149][749]LogShaderCompilers: Display: Worker (6/13): shaders left to compile 72
[2025.09.19-12.40.45:149][749]LogShaderCompilers: Display: Worker (12/13): shaders left to compile 71
[2025.09.19-12.40.45:167][749]LogShaderCompilers: Display: Worker (1/13): shaders left to compile 70
[2025.09.19-12.40.45:167][749]LogShaderCompilers: Display: Worker (5/13): shaders left to compile 69
[2025.09.19-12.40.45:167][749]LogShaderCompilers: Display: Worker (8/13): shaders left to compile 68
[2025.09.19-12.40.45:185][749]LogShaderCompilers: Display: Worker (10/13): shaders left to compile 67
[2025.09.19-12.40.45:185][749]LogShaderCompilers: Display: Worker (3/13): shaders left to compile 66
[2025.09.19-12.40.45:185][749]LogShaderCompilers: Display: Worker (7/13): shaders left to compile 65
[2025.09.19-12.40.45:202][749]LogShaderCompilers: Display: Worker (9/13): shaders left to compile 64
[2025.09.19-12.40.45:202][749]LogShaderCompilers: Display: Worker (4/13): shaders left to compile 63
[2025.09.19-12.40.45:221][749]LogShaderCompilers: Display: Worker (6/13): shaders left to compile 62
[2025.09.19-12.40.45:222][749]LogShaderCompilers: Display: Worker (2/13): shaders left to compile 61
[2025.09.19-12.40.45:239][749]LogShaderCompilers: Display: Worker (11/13): shaders left to compile 60
[2025.09.19-12.40.45:276][749]LogShaderCompilers: Display: Worker (12/13): shaders left to compile 59
[2025.09.19-12.40.45:367][749]LogShaderCompilers: Display: Worker (8/13): shaders left to compile 58
[2025.09.19-12.40.45:404][749]LogShaderCompilers: Display: Worker (7/13): shaders left to compile 57
[2025.09.19-12.40.45:423][749]LogShaderCompilers: Display: Worker (6/13): shaders left to compile 56
[2025.09.19-12.40.45:459][749]LogShaderCompilers: Display: Worker (12/13): shaders left to compile 55
[2025.09.19-12.40.45:477][749]LogShaderCompilers: Display: Worker (1/13): shaders left to compile 54
[2025.09.19-12.40.45:477][749]LogShaderCompilers: Display: Worker (5/13): shaders left to compile 53
[2025.09.19-12.40.45:477][749]LogShaderCompilers: Display: Worker (10/13): shaders left to compile 52
[2025.09.19-12.40.45:495][749]LogShaderCompilers: Display: Worker (4/13): shaders left to compile 51
[2025.09.19-12.40.45:495][749]LogShaderCompilers: Display: Worker (9/13): shaders left to compile 50
[2025.09.19-12.40.45:513][749]LogShaderCompilers: Display: Worker (3/13): shaders left to compile 49
[2025.09.19-12.40.45:531][749]LogShaderCompilers: Display: Worker (2/13): shaders left to compile 48
[2025.09.19-12.40.45:531][749]LogShaderCompilers: Display: Worker (11/13): shaders left to compile 47
[2025.09.19-12.40.45:567][749]LogShaderCompilers: Display: Worker (6/13): shaders left to compile 46
[2025.09.19-12.40.45:638][749]LogShaderCompilers: Display: Worker (8/13): shaders left to compile 45
[2025.09.19-12.40.45:638][749]LogShaderCompilers: Display: Worker (2/13): shaders left to compile 44
[2025.09.19-12.40.45:638][749]LogShaderCompilers: Display: Worker (5/13): shaders left to compile 43
[2025.09.19-12.40.45:656][749]LogShaderCompilers: Display: Worker (9/13): shaders left to compile 42
[2025.09.19-12.40.45:657][749]LogShaderCompilers: Display: Worker (6/13): shaders left to compile 41
[2025.09.19-12.40.45:657][749]LogShaderCompilers: Display: Worker (7/13): shaders left to compile 40
[2025.09.19-12.40.45:657][749]LogShaderCompilers: Display: Worker (11/13): shaders left to compile 39
[2025.09.19-12.40.45:727][749]LogShaderCompilers: Display: Worker (2/13): shaders left to compile 38
[2025.09.19-12.40.45:727][749]LogShaderCompilers: Display: Worker (10/13): shaders left to compile 37
[2025.09.19-12.40.45:727][749]LogShaderCompilers: Display: Worker (12/13): shaders left to compile 36
[2025.09.19-12.40.45:727][749]LogShaderCompilers: Display: Worker (9/13): shaders left to compile 35
[2025.09.19-12.40.45:728][749]LogShaderCompilers: Display: Worker (8/13): shaders left to compile 34
[2025.09.19-12.40.45:745][749]LogShaderCompilers: Display: Worker (4/13): shaders left to compile 33
[2025.09.19-12.40.45:745][749]LogShaderCompilers: Display: Worker (7/13): shaders left to compile 32
[2025.09.19-12.40.45:745][749]LogShaderCompilers: Display: Worker (1/13): shaders left to compile 31
[2025.09.19-12.40.45:763][749]LogShaderCompilers: Display: Worker (11/13): shaders left to compile 30
[2025.09.19-12.40.45:781][749]LogShaderCompilers: Display: Worker (3/13): shaders left to compile 29
[2025.09.19-12.40.45:781][749]LogShaderCompilers: Display: Worker (5/13): shaders left to compile 28
[2025.09.19-12.40.45:798][749]LogShaderCompilers: Display: Worker (2/13): shaders left to compile 27
[2025.09.19-12.40.45:816][749]LogShaderCompilers: Display: Worker (10/13): shaders left to compile 26
[2025.09.19-12.40.45:816][749]LogShaderCompilers: Display: Worker (12/13): shaders left to compile 25
[2025.09.19-12.40.45:816][749]LogShaderCompilers: Display: Worker (8/13): shaders left to compile 24
[2025.09.19-12.40.45:816][749]LogShaderCompilers: Display: Worker (7/13): shaders left to compile 23
[2025.09.19-12.40.45:834][749]LogShaderCompilers: Display: Worker (6/13): shaders left to compile 22
[2025.09.19-12.40.45:834][749]LogShaderCompilers: Display: Worker (9/13): shaders left to compile 21
[2025.09.19-12.40.45:834][749]LogShaderCompilers: Display: Worker (11/13): shaders left to compile 20
[2025.09.19-12.40.45:834][749]LogShaderCompilers: Display: Worker (1/13): shaders left to compile 19
[2025.09.19-12.40.45:834][749]LogShaderCompilers: Display: Worker (4/13): shaders left to compile 18
[2025.09.19-12.40.45:870][749]LogShaderCompilers: Display: Worker (3/13): shaders left to compile 17
[2025.09.19-12.40.45:870][749]LogShaderCompilers: Display: Worker (5/13): shaders left to compile 16
[2025.09.19-12.40.45:870][749]LogShaderCompilers: Display: Worker (10/13): shaders left to compile 15
[2025.09.19-12.40.45:887][749]LogShaderCompilers: Display: Worker (8/13): shaders left to compile 14
[2025.09.19-12.40.45:887][749]LogShaderCompilers: Display: Worker (12/13): shaders left to compile 13
[2025.09.19-12.40.45:888][749]LogShaderCompilers: Display: Worker (6/13): shaders left to compile 12
[2025.09.19-12.40.45:905][749]LogShaderCompilers: Display: Worker (2/13): shaders left to compile 11
[2025.09.19-12.40.45:923][749]LogShaderCompilers: Display: Worker (7/13): shaders left to compile 10
[2025.09.19-12.40.45:923][749]LogShaderCompilers: Display: Worker (9/13): shaders left to compile 9
[2025.09.19-12.40.45:977][749]LogShaderCompilers: Display: Worker (4/13): shaders left to compile 8
[2025.09.19-12.40.46:031][749]LogShaderCompilers: Display: Worker (11/13): shaders left to compile 7
[2025.09.19-12.40.46:031][749]LogShaderCompilers: Display: Worker (1/13): shaders left to compile 6
[2025.09.19-12.40.46:031][749]LogShaderCompilers: Display: Worker (3/13): shaders left to compile 5
[2025.09.19-12.40.46:049][749]LogShaderCompilers: Display: Worker (8/13): shaders left to compile 4
[2025.09.19-12.40.46:050][749]LogShaderCompilers: Display: Worker (12/13): shaders left to compile 3
[2025.09.19-12.40.46:086][749]LogShaderCompilers: Display: Worker (10/13): shaders left to compile 2
[2025.09.19-12.40.46:103][749]LogShaderCompilers: Display: Worker (5/13): shaders left to compile 1
[2025.09.19-12.40.47:048][749]LogSlate: Window 'Warning: Editing Default Material' being destroyed
[2025.09.19-12.40.47:110][750]MaterialEditorStats: Base pass shader: 152 instructions
[2025.09.19-12.40.47:110][750]MaterialEditorStats: Base pass shader with Volumetric Lightmap: 226 instructions
[2025.09.19-12.40.47:110][750]MaterialEditorStats: Base pass vertex shader: 45 instructions
[2025.09.19-12.40.47:110][750]MaterialEditorStats: Texture samplers: 5/16
[2025.09.19-12.40.47:110][750]MaterialEditorStats: Texture Lookups (Est.): VS(0), PS(4)
[2025.09.19-12.40.47:110][750]MaterialEditorStats: User interpolators: 2/4 Scalars (1/4 Vectors) (TexCoords: 2, Custom: 0)
[2025.09.19-12.40.48:382][901]LogSlate: Window 'WorldGridMaterial' being destroyed
[2025.09.19-12.40.48:387][901]LogSlate: Window 'WorldGridMaterial' being destroyed
[2025.09.19-12.40.48:403][901]LogWorld: UWorld::CleanupWorld for World_17, bSessionEnded=true, bCleanupResources=true
[2025.09.19-12.40.50:615][164]LogAssetEditorManager: Opening Asset editor for StaticMesh /Game/LevelAssets/Models/modular/vents/vent01/vent01_80x50_quarter.vent01_80x50_quarter
[2025.09.19-12.40.58:287][ 60]LogSavePackage: Moving 'E:/GameDev/hggjam/GameJamHGGUnreal4.23.1/GameJamCrew/Saved/vent01_80x50_quarter3EF89E0443F2625283C762A7884D6CBD.tmp' to 'E:/GameDev/hggjam/GameJamHGGUnreal4.23.1/GameJamCrew/Content/LevelAssets/Models/modular/vents/vent01/vent01_80x50_quarter.uasset'
[2025.09.19-12.40.59:257][170]LogSlate: Window 'vent01_80x50_quarter' being destroyed
[2025.09.19-12.40.59:263][170]LogSlate: Window 'vent01_80x50_quarter' being destroyed
[2025.09.19-12.40.59:267][170]LogWorld: UWorld::CleanupWorld for World_18, bSessionEnded=true, bCleanupResources=true
[2025.09.19-12.41.01:953][488]LogSlate: FSceneViewport::OnFocusLost() reason 0
[2025.09.19-12.41.08:513][265]LogSlate: FSceneViewport::OnFocusLost() reason 0
[2025.09.19-12.41.11:700][644]LogSlate: FSceneViewport::OnFocusLost() reason 0
[2025.09.19-12.41.13:177][813]LogSlate: FSceneViewport::OnFocusLost() reason 0
[2025.09.19-12.41.18:263][416]LogSlate: FSceneViewport::OnFocusLost() reason 5
[2025.09.19-12.41.18:269][416]Cmd: OBJ SAVEPACKAGE PACKAGE="/Game/Levels/CheeseFactory_001" FILE="E:/GameDev/hggjam/GameJamHGGUnreal4.23.1/GameJamCrew/Content/Levels/CheeseFactory_001.umap" SILENT=true AUTOSAVING=false KEEPDIRTY=false
[2025.09.19-12.41.18:290][416]LogUObjectHash: Compacting FUObjectHashTables data took   0.66ms
[2025.09.19-12.41.18:416][416]LogSavePackage: Moving 'E:/GameDev/hggjam/GameJamHGGUnreal4.23.1/GameJamCrew/Saved/CheeseFactory_0017671D55F45D861A0381119B8E841B010.tmp' to 'E:/GameDev/hggjam/GameJamHGGUnreal4.23.1/GameJamCrew/Content/Levels/CheeseFactory_001.umap'
[2025.09.19-12.41.18:428][416]Cmd: OBJ SAVEPACKAGE PACKAGE="/Game/Levels/CheeseFactory_001_BuiltData" FILE="E:/GameDev/hggjam/GameJamHGGUnreal4.23.1/GameJamCrew/Content/Levels/CheeseFactory_001_BuiltData.uasset" SILENT=true
[2025.09.19-12.41.18:787][416]LogSavePackage: Moving 'E:/GameDev/hggjam/GameJamHGGUnreal4.23.1/GameJamCrew/Saved/CheeseFactory_001_BuiltData5CC376D440AC7C117C653498F6570C93.tmp' to 'E:/GameDev/hggjam/GameJamHGGUnreal4.23.1/GameJamCrew/Content/Levels/CheeseFactory_001_BuiltData.uasset'
[2025.09.19-12.41.21:067][687]LogEditorViewport: Clicking on Actor (LMB): DirectionalLight (DirectionalLight)
[2025.09.19-12.41.43:778][405]LogSlate: FSceneViewport::OnFocusLost() reason 2
[2025.09.19-12.41.44:621][506]MapCheck: New page: Map Check
[2025.09.19-12.41.44:631][506]LogSlate: FSceneViewport::OnFocusLost() reason 5
[2025.09.19-12.41.44:635][506]LightingResults: New page: Lighting Build - Sep 19, 2025, 6:41:44 PM
[2025.09.19-12.41.44:639][506]LogSwarmInterface: [OpenConnection] Registering TCP channel ...
[2025.09.19-12.41.44:642][506]LogSwarmInterface: [OpenConnection] Connecting to agent ...
[2025.09.19-12.41.44:642][506]LogSwarmInterface: [TryOpenConnection] Testing the Agent
[2025.09.19-12.41.44:643][506]LogSwarmInterface: [TryOpenConnection] Opening Connection to Agent
[2025.09.19-12.41.44:643][506]LogSwarmInterface: [TryOpenConnection] Local Process ID is 3812
[2025.09.19-12.41.49:224][506]LogStaticLightingSystem: Running Lightmass w/ ImmediateImport mode ENABLED
[2025.09.19-12.41.49:224][506]LogStaticLightingSystem: Running Lightmass w/ ImmediateProcess mode ENABLED
[2025.09.19-12.41.49:224][506]LogStaticLightingSystem: Running Lightmass w/ Sorting mode ENABLED
[2025.09.19-12.41.49:224][506]LogStaticLightingSystem: Running Lightmass w/ Mapping paddings ENABLED
[2025.09.19-12.41.49:224][506]LogStaticLightingSystem: Running Lightmass w/ Mapping debug paddings DISABLED
[2025.09.19-12.41.49:292][506]LogEditorBuildUtils: Build time 0:04
[2025.09.19-12.41.49:332][507]LogUObjectHash: Compacting FUObjectHashTables data took   1.03ms
[2025.09.19-12.42.08:791][304]Job is a success!
[2025.09.19-12.42.08:817][305]LogSlate: FSceneViewport::OnFocusLost() reason 5
[2025.09.19-12.42.08:851][305]LogVolumetricLightmapImport: Imported Volumetric Lightmap in 0.003s
[2025.09.19-12.42.08:851][305]LogVolumetricLightmapImport:      Indirection Texture 16x16x16 = 0.0Mb
[2025.09.19-12.42.08:851][305]LogVolumetricLightmapImport:      BrickData 70x5x5 = 0.1Mb
[2025.09.19-12.42.08:851][305]LogVolumetricLightmapImport:      Bricks at Level
[2025.09.19-12.42.08:851][305]LogVolumetricLightmapImport:          0: 7.1% covering 100.0% of volume
[2025.09.19-12.42.08:851][305]LogVolumetricLightmapImport:          1: 7.1% covering 1.6% of volume
[2025.09.19-12.42.08:851][305]LogVolumetricLightmapImport:          2: 85.7% covering 0.3% of volume
[2025.09.19-12.42.10:013][305]LogTexture: Display: Building textures: SkyOcclusion0_1 (AutoDXT, 1024X512)
[2025.09.19-12.42.10:013][305]LogTexture: Display: Building textures: HQ_Lightmap0_1 (AutoDXT, 1024X1024)
[2025.09.19-12.42.10:013][305]LogTexture: Display: Building textures: LQ_Lightmap_0_1 (DXT1, 1024X1024)
[2025.09.19-12.42.10:013][305]LogTexture: Display: Building textures: SkyOcclusion1_2 (AutoDXT, 1024X512)
[2025.09.19-12.42.10:013][305]LogTexture: Display: Building textures: HQ_Lightmap1_2 (AutoDXT, 1024X1024)
[2025.09.19-12.42.10:013][305]LogTexture: Display: Building textures: LQ_Lightmap_1_2 (DXT1, 1024X1024)
[2025.09.19-12.42.10:013][305]LogTexture: Display: Building textures: SkyOcclusion1_3 (AutoDXT, 1024X512)
[2025.09.19-12.42.10:013][305]LogTexture: Display: Building textures: HQ_Lightmap1_3 (AutoDXT, 1024X1024)
[2025.09.19-12.42.10:013][305]LogTexture: Display: Building textures: LQ_Lightmap_1_3 (DXT1, 1024X1024)
[2025.09.19-12.42.10:013][305]LogTexture: Display: Building textures: SkyOcclusion0_4 (AutoDXT, 1024X512)
[2025.09.19-12.42.10:013][305]LogTexture: Display: Building textures: HQ_Lightmap0_4 (AutoDXT, 1024X1024)
[2025.09.19-12.42.10:013][305]LogTexture: Display: Building textures: LQ_Lightmap_0_4 (DXT1, 1024X1024)
[2025.09.19-12.42.10:013][305]LogTexture: Display: Building textures: SkyOcclusion1_5 (AutoDXT, 1024X512)
[2025.09.19-12.42.10:013][305]LogTexture: Display: Building textures: HQ_Lightmap1_5 (AutoDXT, 1024X1024)
[2025.09.19-12.42.10:013][305]LogTexture: Display: Building textures: LQ_Lightmap_1_5 (DXT1, 1024X1024)
[2025.09.19-12.42.10:013][305]LogTexture: Display: Building textures: SkyOcclusion0_6 (AutoDXT, 1024X512)
[2025.09.19-12.42.10:013][305]LogTexture: Display: Building textures: HQ_Lightmap0_6 (AutoDXT, 1024X1024)
[2025.09.19-12.42.10:013][305]LogTexture: Display: Building textures: LQ_Lightmap_0_6 (DXT1, 1024X1024)
[2025.09.19-12.42.10:013][305]LogTexture: Display: Building textures: SkyOcclusion0_7 (AutoDXT, 1024X512)
[2025.09.19-12.42.10:013][305]LogTexture: Display: Building textures: HQ_Lightmap0_7 (AutoDXT, 1024X1024)
[2025.09.19-12.42.10:013][305]LogTexture: Display: Building textures: LQ_Lightmap_0_7 (DXT1, 1024X1024)
[2025.09.19-12.42.10:013][305]LogTexture: Display: Building textures: SkyOcclusion1_8 (AutoDXT, 1024X512)
[2025.09.19-12.42.10:013][305]LogTexture: Display: Building textures: HQ_Lightmap1_8 (AutoDXT, 1024X1024)
[2025.09.19-12.42.10:013][305]LogTexture: Display: Building textures: LQ_Lightmap_1_8 (DXT1, 1024X1024)
[2025.09.19-12.42.10:013][305]LogTexture: Display: Building textures: SkyOcclusion1_9 (AutoDXT, 1024X512)
[2025.09.19-12.42.10:013][305]LogTexture: Display: Building textures: HQ_Lightmap1_9 (AutoDXT, 1024X1024)
[2025.09.19-12.42.10:013][305]LogTexture: Display: Building textures: LQ_Lightmap_1_9 (DXT1, 1024X1024)
[2025.09.19-12.42.10:013][305]LogTexture: Display: Building textures: SkyOcclusion1_10 (AutoDXT, 1024X512)
[2025.09.19-12.42.10:013][305]LogTexture: Display: Building textures: HQ_Lightmap1_10 (AutoDXT, 1024X1024)
[2025.09.19-12.42.10:013][305]LogTexture: Display: Building textures: LQ_Lightmap_1_10 (DXT1, 1024X1024)
[2025.09.19-12.42.10:013][305]LogTexture: Display: Building textures: SkyOcclusion1_11 (AutoDXT, 256X128)
[2025.09.19-12.42.10:013][305]LogTexture: Display: Building textures: HQ_Lightmap1_11 (AutoDXT, 256X256)
[2025.09.19-12.42.10:013][305]LogTexture: Display: Building textures: LQ_Lightmap_1_11 (DXT1, 256X256)
[2025.09.19-12.42.10:013][305]LogTexture: Display: Building textures: SkyOcclusion1_12 (AutoDXT, 64X32)
[2025.09.19-12.42.10:013][305]LogTexture: Display: Building textures: HQ_Lightmap1_12 (AutoDXT, 64X64)
[2025.09.19-12.42.10:013][305]LogTexture: Display: Building textures: LQ_Lightmap_1_12 (DXT1, 64X64)
[2025.09.19-12.42.10:147][305]LogTexture: Display: Building textures: ShadowMapTexture2D_58 (G8, 32X32)
[2025.09.19-12.42.10:147][305]LogTexture: Display: Building textures: ShadowMapTexture2D_55 (BGRA8, 1024X1024)
[2025.09.19-12.42.10:147][305]LogTexture: Display: Building textures: ShadowMapTexture2D_56 (BGRA8, 1024X1024)
[2025.09.19-12.42.10:147][305]LogTexture: Display: Building textures: ShadowMapTexture2D_54 (BGRA8, 1024X1024)
[2025.09.19-12.42.10:147][305]LogTexture: Display: Building textures: ShadowMapTexture2D_57 (BGRA8, 1024X1024)
[2025.09.19-12.42.10:147][305]LogTexture: Display: Building textures: ShadowMapTexture2D_53 (BGRA8, 1024X1024)
[2025.09.19-12.42.10:157][305]LogStaticLightingSystem: CheeseFactory_001_BuiltData storing lightmap data for 527 meshes in 24 LightmapResourceClusters (22.0 Meshes per cluster).
[2025.09.19-12.42.10:178][305]Lightmass on CECOMAIN: 20.6 sec total, 60 ms importing, 12 ms setup, 1.32 sec photons, 19.1 sec processing, 0 ms extra exporting [527/527 mappings]. Threads: 4:47 min total, 3:25 min processing.
[2025.09.19-12.42.10:179][305]LogUObjectHash: Compacting FUObjectHashTables data took   1.05ms
[2025.09.19-12.42.10:186][305]LogStaticLightingSystem: Illumination: 25.5 sec (933 ms encoding lightmaps, 126 ms encoding shadowmaps)
[2025.09.19-12.42.10:186][305]LogStaticLightingSystem: Lightmap texture memory:  26.8 MB (26.8 MB streaming, 0.0 MB non-streaming), 24 textures
[2025.09.19-12.42.10:186][305]LogStaticLightingSystem: Shadowmap texture memory: 26.7 MB (26.7 MB streaming, 0.0 MB non-streaming), 6 textures
[2025.09.19-12.42.10:241][305]DumpUnbuiltLightIteractions
[2025.09.19-12.42.10:241][305]Lights with unbuilt interactions: 0
[2025.09.19-12.42.10:241][305]
[2025.09.19-12.42.10:241][305]Primitives with unbuilt interactions: 0
[2025.09.19-12.42.10:246][305]LogSlate: FSceneViewport::OnFocusLost() reason 5
[2025.09.19-12.42.10:296][306]Cmd: MAP CHECK NOTIFYRESULTS
[2025.09.19-12.42.10:296][306]MapCheck: New page: CheeseFactory_001 - Sep 19, 2025, 6:42:10 PM
[2025.09.19-12.42.10:297][306]MapCheck: Map check complete: 0 Error(s), 0 Warning(s), took 1.592ms to complete.
[2025.09.19-12.42.39:019][750]LogSlate: FSceneViewport::OnFocusLost() reason 5
[2025.09.19-12.42.39:024][750]Cmd: OBJ SAVEPACKAGE PACKAGE="/Game/Levels/CheeseFactory_001" FILE="E:/GameDev/hggjam/GameJamHGGUnreal4.23.1/GameJamCrew/Content/Levels/CheeseFactory_001.umap" SILENT=true AUTOSAVING=false KEEPDIRTY=false
[2025.09.19-12.42.39:045][750]LogUObjectHash: Compacting FUObjectHashTables data took   0.42ms
[2025.09.19-12.42.39:169][750]LogSavePackage: Moving 'E:/GameDev/hggjam/GameJamHGGUnreal4.23.1/GameJamCrew/Saved/CheeseFactory_0017D2904CE41EE159C2BF856B5FBB0CB3C.tmp' to 'E:/GameDev/hggjam/GameJamHGGUnreal4.23.1/GameJamCrew/Content/Levels/CheeseFactory_001.umap'
[2025.09.19-12.42.39:181][750]Cmd: OBJ SAVEPACKAGE PACKAGE="/Game/Levels/CheeseFactory_001_BuiltData" FILE="E:/GameDev/hggjam/GameJamHGGUnreal4.23.1/GameJamCrew/Content/Levels/CheeseFactory_001_BuiltData.uasset" SILENT=true
[2025.09.19-12.42.39:529][750]LogSavePackage: Moving 'E:/GameDev/hggjam/GameJamHGGUnreal4.23.1/GameJamCrew/Saved/CheeseFactory_001_BuiltData834F06814418AAF86FB9A7A3597E0B77.tmp' to 'E:/GameDev/hggjam/GameJamHGGUnreal4.23.1/GameJamCrew/Content/Levels/CheeseFactory_001_BuiltData.uasset'
[2025.09.19-12.46.41:961][926]LogEditorViewport: Clicking on Actor (LMB): StaticMeshActor (floor01_2x67)
[2025.09.19-12.47.20:191][507]LogSlate: FSceneViewport::OnFocusLost() reason 5
[2025.09.19-12.47.20:197][507]Cmd: OBJ SAVEPACKAGE PACKAGE="/Game/Levels/CheeseFactory_001" FILE="E:/GameDev/hggjam/GameJamHGGUnreal4.23.1/GameJamCrew/Content/Levels/CheeseFactory_001.umap" SILENT=true AUTOSAVING=false KEEPDIRTY=false
[2025.09.19-12.47.20:217][507]LogUObjectHash: Compacting FUObjectHashTables data took   1.33ms
[2025.09.19-12.47.20:350][507]LogSavePackage: Moving 'E:/GameDev/hggjam/GameJamHGGUnreal4.23.1/GameJamCrew/Saved/CheeseFactory_001618B593B471026621780CCA87C44AD01.tmp' to 'E:/GameDev/hggjam/GameJamHGGUnreal4.23.1/GameJamCrew/Content/Levels/CheeseFactory_001.umap'
[2025.09.19-12.47.20:362][507]Cmd: OBJ SAVEPACKAGE PACKAGE="/Game/Levels/CheeseFactory_001_BuiltData" FILE="E:/GameDev/hggjam/GameJamHGGUnreal4.23.1/GameJamCrew/Content/Levels/CheeseFactory_001_BuiltData.uasset" SILENT=true
[2025.09.19-12.47.20:731][507]LogSavePackage: Moving 'E:/GameDev/hggjam/GameJamHGGUnreal4.23.1/GameJamCrew/Saved/CheeseFactory_001_BuiltData89F59CD74116214C3A789582DDE1CE2E.tmp' to 'E:/GameDev/hggjam/GameJamHGGUnreal4.23.1/GameJamCrew/Content/Levels/CheeseFactory_001_BuiltData.uasset'
[2025.09.19-12.47.44:681][378]LogEditorViewport: Clicking on Actor (LMB): BP_Sky_Sphere_C (BP_Sky_Sphere)
[2025.09.19-12.47.45:999][534]LogSlate: FSceneViewport::OnFocusLost() reason 0
[2025.09.19-12.47.46:083][544]LogEditorViewport: Clicking Background
[2025.09.19-12.50.51:658][165]LogSlate: FSceneViewport::OnFocusLost() reason 5
[2025.09.19-12.52.24:559][659]LogEditorViewport: Clicking on Actor (LMB): DirectionalLight (DirectionalLight)
[2025.09.19-12.52.50:351][744]LogSlate: FSceneViewport::OnFocusLost() reason 0
[2025.09.19-12.52.53:037][ 65]LogEditorViewport: Clicking on Actor (LMB): StaticMeshActor (wall01_2x25)
[2025.09.19-12.52.54:844][278]LogEditorViewport: Clicking on Actor (LMB): DirectionalLight (DirectionalLight)
[2025.09.19-12.53.10:361][134]LogEditorViewport: Clicking on Actor (LMB): BP_Sky_Sphere_C (BP_Sky_Sphere)
[2025.09.19-12.53.17:053][934]LogSlate: FSceneViewport::OnFocusLost() reason 0
[2025.09.19-12.53.19:322][206]LogEditorViewport: Clicking on Actor (LMB): SkyLight (SkyLight)
[2025.09.19-12.53.27:332][162]LogSlate: FSceneViewport::OnFocusLost() reason 5
[2025.09.19-12.53.27:338][162]Cmd: OBJ SAVEPACKAGE PACKAGE="/Game/Levels/CheeseFactory_001" FILE="E:/GameDev/hggjam/GameJamHGGUnreal4.23.1/GameJamCrew/Content/Levels/CheeseFactory_001.umap" SILENT=true AUTOSAVING=false KEEPDIRTY=false
[2025.09.19-12.53.27:358][162]LogUObjectHash: Compacting FUObjectHashTables data took   1.19ms
[2025.09.19-12.53.27:483][162]LogSavePackage: Moving 'E:/GameDev/hggjam/GameJamHGGUnreal4.23.1/GameJamCrew/Saved/CheeseFactory_0015BBEB690499636823D853FB217BE0948.tmp' to 'E:/GameDev/hggjam/GameJamHGGUnreal4.23.1/GameJamCrew/Content/Levels/CheeseFactory_001.umap'
[2025.09.19-12.53.27:494][162]Cmd: OBJ SAVEPACKAGE PACKAGE="/Game/Levels/CheeseFactory_001_BuiltData" FILE="E:/GameDev/hggjam/GameJamHGGUnreal4.23.1/GameJamCrew/Content/Levels/CheeseFactory_001_BuiltData.uasset" SILENT=true
[2025.09.19-12.53.27:865][162]LogSavePackage: Moving 'E:/GameDev/hggjam/GameJamHGGUnreal4.23.1/GameJamCrew/Saved/CheeseFactory_001_BuiltDataFAAD52304211F3040807F38338F738E5.tmp' to 'E:/GameDev/hggjam/GameJamHGGUnreal4.23.1/GameJamCrew/Content/Levels/CheeseFactory_001_BuiltData.uasset'
[2025.09.19-12.53.28:699][260]LogEditorViewport: Clicking on Actor (LMB): PointLight (PointLight)
[2025.09.19-12.53.37:880][354]LogEditorViewport: Clicking on Actor (LMB): PointLight (PointLight2)
[2025.09.19-12.53.45:325][242]LogSlate: FSceneViewport::OnFocusLost() reason 0
[2025.09.19-12.53.52:631][118]Cmd: TRANSACTION UNDO
[2025.09.19-12.53.52:631][118]LogEditorTransaction: Undo Edit Attenuation Radius
[2025.09.19-12.53.55:540][455]Cmd: TRANSACTION REDO
[2025.09.19-12.53.55:540][455]LogEditorTransaction: Redo Edit Attenuation Radius
[2025.09.19-12.53.56:798][604]LogSlate: FSceneViewport::OnFocusLost() reason 5
[2025.09.19-12.53.56:805][604]Cmd: OBJ SAVEPACKAGE PACKAGE="/Game/Levels/CheeseFactory_001" FILE="E:/GameDev/hggjam/GameJamHGGUnreal4.23.1/GameJamCrew/Content/Levels/CheeseFactory_001.umap" SILENT=true AUTOSAVING=false KEEPDIRTY=false
[2025.09.19-12.53.56:825][604]LogUObjectHash: Compacting FUObjectHashTables data took   0.93ms
[2025.09.19-12.53.56:949][604]LogSavePackage: Moving 'E:/GameDev/hggjam/GameJamHGGUnreal4.23.1/GameJamCrew/Saved/CheeseFactory_001E22660024EBC288ED2A9F090CA5AD6D4.tmp' to 'E:/GameDev/hggjam/GameJamHGGUnreal4.23.1/GameJamCrew/Content/Levels/CheeseFactory_001.umap'
[2025.09.19-12.53.56:960][604]Cmd: OBJ SAVEPACKAGE PACKAGE="/Game/Levels/CheeseFactory_001_BuiltData" FILE="E:/GameDev/hggjam/GameJamHGGUnreal4.23.1/GameJamCrew/Content/Levels/CheeseFactory_001_BuiltData.uasset" SILENT=true
[2025.09.19-12.53.57:312][604]LogSavePackage: Moving 'E:/GameDev/hggjam/GameJamHGGUnreal4.23.1/GameJamCrew/Saved/CheeseFactory_001_BuiltData4A6475F84040CF0427833A98CD6D8F19.tmp' to 'E:/GameDev/hggjam/GameJamHGGUnreal4.23.1/GameJamCrew/Content/Levels/CheeseFactory_001_BuiltData.uasset'
[2025.09.19-12.54.04:336][444]LogEditorViewport: Clicking on Actor (LMB): StaticMeshActor (wall01_2x92)
[2025.09.19-12.55.02:210][385]LogEditorViewport: Clicking on Actor (LMB): StaticMeshActor (vent01_80x57)
[2025.09.19-12.55.03:816][575]LogEditorViewport: Clicking on Actor (LMB): StaticMeshActor (vent01_80x72)
[2025.09.19-12.55.05:990][833]LogEditorViewport: Clicking on Actor (LMB): StaticMeshActor (vent01_80x57)
[2025.09.19-12.55.12:221][576]LogEditorViewport: Clicking on Actor (LMB): StaticMeshActor (vent01_80x72)
[2025.09.19-12.55.15:063][914]LogEditorViewport: Clicking on Actor (LMB): StaticMeshActor (vent01_80x57)
[2025.09.19-12.55.20:088][513]LogEditorViewport: Clicking on Actor (LMB): StaticMeshActor (vent01_80x59)
[2025.09.19-12.55.28:782][548]LogEditorViewport: Clicking on Actor (LMB): StaticMeshActor (vent01_80x67)
[2025.09.19-12.55.32:300][966]LogSlate: FSceneViewport::OnFocusLost() reason 5
[2025.09.19-12.55.32:306][966]Cmd: OBJ SAVEPACKAGE PACKAGE="/Game/Levels/CheeseFactory_001" FILE="E:/GameDev/hggjam/GameJamHGGUnreal4.23.1/GameJamCrew/Content/Levels/CheeseFactory_001.umap" SILENT=true AUTOSAVING=false KEEPDIRTY=false
[2025.09.19-12.55.32:325][966]LogUObjectHash: Compacting FUObjectHashTables data took   0.93ms
[2025.09.19-12.55.32:447][966]LogSavePackage: Moving 'E:/GameDev/hggjam/GameJamHGGUnreal4.23.1/GameJamCrew/Saved/CheeseFactory_00139FB3CE64082BC8BC098F384773118D0.tmp' to 'E:/GameDev/hggjam/GameJamHGGUnreal4.23.1/GameJamCrew/Content/Levels/CheeseFactory_001.umap'
[2025.09.19-12.55.32:458][966]Cmd: OBJ SAVEPACKAGE PACKAGE="/Game/Levels/CheeseFactory_001_BuiltData" FILE="E:/GameDev/hggjam/GameJamHGGUnreal4.23.1/GameJamCrew/Content/Levels/CheeseFactory_001_BuiltData.uasset" SILENT=true
[2025.09.19-12.55.32:814][966]LogSavePackage: Moving 'E:/GameDev/hggjam/GameJamHGGUnreal4.23.1/GameJamCrew/Saved/CheeseFactory_001_BuiltData7FDB43394788B00D261A3AB7F0942D3A.tmp' to 'E:/GameDev/hggjam/GameJamHGGUnreal4.23.1/GameJamCrew/Content/Levels/CheeseFactory_001_BuiltData.uasset'
[2025.09.19-12.55.44:937][826]LogSlate: FSceneViewport::OnFocusLost() reason 0
[2025.09.19-12.56.19:451][224]LogFactory: FactoryCreateFile: Texture with ReimportTextureFactory (0 0 E:\GameDev\hggjam\KlixXsrc\materials\conc\concfloor01\conc_floor01_mixed.tga)
[2025.09.19-12.56.19:453][224]LogTexture: Display: Building textures: conc_floor01_mixed (AutoDXT, 256X256)
[2025.09.19-12.56.19:473][224]LogFactory: FactoryCreateFile: Texture with ReimportTextureFactory (0 0 E:\GameDev\hggjam\KlixXsrc\materials\conc\concfloor01\conc_floor01_normal.tga)
[2025.09.19-12.56.19:480][224]LogTexture: Display: Building textures: conc_floor01_normal (BC5, 512X512)
[2025.09.19-12.56.19:492][224]LogFactory: FactoryCreateFile: Texture with ReimportTextureFactory (0 0 E:\GameDev\hggjam\KlixXsrc\materials\conc\concfloor01\conc_floor01_color.tga)
[2025.09.19-12.56.19:494][224]LogTexture: Display: Building textures: conc_floor01_color (AutoDXT, 512X512)
[2025.09.19-12.56.29:136][261]LogAssetEditorManager: Opening Asset editor for Material /Game/LevelAssets/Materials/conc/conc_floor01/M_conc_floor01.M_conc_floor01
[2025.09.19-12.56.29:137][261]LogMaterial: Display: Missing cached shader map for material M_conc_floor01, compiling. 
[2025.09.19-12.56.29:173][261]LogMaterial: Display: Missing cached shader map for material M_conc_floor01, compiling. 
[2025.09.19-12.56.29:182][261]LogMaterial: Display: Missing cached shader map for material M_conc_floor01, compiling. 
[2025.09.19-12.56.29:221][261]LogShaderCompilers: Display: Worker (1/13): shaders left to compile 21
[2025.09.19-12.56.29:221][261]LogShaderCompilers: Display: Worker (2/13): shaders left to compile 20
[2025.09.19-12.56.29:221][261]LogShaderCompilers: Display: Worker (3/13): shaders left to compile 19
[2025.09.19-12.56.29:221][261]LogShaderCompilers: Display: Worker (4/13): shaders left to compile 18
[2025.09.19-12.56.29:221][261]LogShaderCompilers: Display: Worker (5/13): shaders left to compile 17
[2025.09.19-12.56.29:221][261]LogShaderCompilers: Display: Worker (6/13): shaders left to compile 16
[2025.09.19-12.56.29:221][261]LogShaderCompilers: Display: Worker (7/13): shaders left to compile 15
[2025.09.19-12.56.29:221][261]LogShaderCompilers: Display: Worker (8/13): shaders left to compile 14
[2025.09.19-12.56.29:221][261]LogShaderCompilers: Display: Worker (9/13): shaders left to compile 13
[2025.09.19-12.56.29:221][261]LogShaderCompilers: Display: Worker (10/13): shaders left to compile 12
[2025.09.19-12.56.29:221][261]LogShaderCompilers: Display: Worker (11/13): shaders left to compile 11
[2025.09.19-12.56.29:221][261]LogShaderCompilers: Display: Worker (12/13): shaders left to compile 10
[2025.09.19-12.56.29:377][270]LogShaderCompilers: Display: Worker (8/13): shaders left to compile 9
[2025.09.19-12.56.29:451][271]LogShaderCompilers: Display: Worker (2/13): shaders left to compile 8
[2025.09.19-12.56.29:451][271]LogShaderCompilers: Display: Worker (1/13): shaders left to compile 7
[2025.09.19-12.56.29:451][271]LogShaderCompilers: Display: Worker (3/13): shaders left to compile 6
[2025.09.19-12.56.29:451][271]LogShaderCompilers: Display: Worker (5/13): shaders left to compile 5
[2025.09.19-12.56.29:451][271]LogShaderCompilers: Display: Worker (9/13): shaders left to compile 4
[2025.09.19-12.56.29:451][271]LogShaderCompilers: Display: Worker (4/13): shaders left to compile 3
[2025.09.19-12.56.29:451][271]LogShaderCompilers: Display: Worker (6/13): shaders left to compile 2
[2025.09.19-12.56.29:451][271]LogShaderCompilers: Display: Worker (7/13): shaders left to compile 1
[2025.09.19-12.56.29:704][290]MaterialEditorStats: Base pass shader: 117 instructions
[2025.09.19-12.56.29:704][290]MaterialEditorStats: Base pass shader with Volumetric Lightmap: 191 instructions
[2025.09.19-12.56.29:704][290]MaterialEditorStats: Base pass vertex shader: 40 instructions
[2025.09.19-12.56.29:704][290]MaterialEditorStats: Texture samplers: 3/16
[2025.09.19-12.56.30:972][438]LogMaterial: Display: Missing cached shader map for material M_conc_floor01, compiling. 
[2025.09.19-12.56.30:980][438]LogMaterial: Display: Missing cached shader map for material FMatExpressionPreview MaterialExpressionTextureSample_0, compiling. 
[2025.09.19-12.56.30:987][438]LogShaderCompilers: Display: Worker (1/13): shaders left to compile 25
[2025.09.19-12.56.30:987][438]LogShaderCompilers: Display: Worker (2/13): shaders left to compile 24
[2025.09.19-12.56.30:987][438]LogShaderCompilers: Display: Worker (3/13): shaders left to compile 23
[2025.09.19-12.56.30:987][438]LogShaderCompilers: Display: Worker (4/13): shaders left to compile 22
[2025.09.19-12.56.30:987][438]LogShaderCompilers: Display: Worker (5/13): shaders left to compile 21
[2025.09.19-12.56.30:987][438]LogShaderCompilers: Display: Worker (6/13): shaders left to compile 20
[2025.09.19-12.56.30:987][438]LogShaderCompilers: Display: Worker (7/13): shaders left to compile 19
[2025.09.19-12.56.30:987][438]LogShaderCompilers: Display: Worker (8/13): shaders left to compile 18
[2025.09.19-12.56.30:987][438]LogShaderCompilers: Display: Worker (9/13): shaders left to compile 17
[2025.09.19-12.56.30:987][438]LogShaderCompilers: Display: Worker (10/13): shaders left to compile 16
[2025.09.19-12.56.30:987][438]LogShaderCompilers: Display: Worker (11/13): shaders left to compile 15
[2025.09.19-12.56.30:987][438]LogShaderCompilers: Display: Worker (12/13): shaders left to compile 14
[2025.09.19-12.56.30:990][438]LogMaterial: Display: Missing cached shader map for material FMatExpressionPreview MaterialExpressionTextureSample_0, compiling. 
[2025.09.19-12.56.31:000][438]LogMaterial: Display: Missing cached shader map for material M_conc_floor01, compiling. 
[2025.09.19-12.56.31:012][438]LogMaterial: Display: Missing cached shader map for material FMatExpressionPreview MaterialExpressionTextureSample_1, compiling. 
[2025.09.19-12.56.31:021][438]LogMaterial: Display: Missing cached shader map for material FMatExpressionPreview MaterialExpressionTextureSample_0, compiling. 
[2025.09.19-12.56.31:027][438]LogMaterial: Display: Missing cached shader map for material FMatExpressionPreview MaterialExpressionTextureSample_1, compiling. 
[2025.09.19-12.56.31:039][438]LogMaterial: Display: Missing cached shader map for material M_conc_floor01, compiling. 
[2025.09.19-12.56.31:052][438]LogMaterial: Display: Missing cached shader map for material FMatExpressionPreview MaterialExpressionTextureSample_2, compiling. 
[2025.09.19-12.56.31:062][438]LogShaderCompilers: Display: Worker (8/13): shaders left to compile 33
[2025.09.19-12.56.31:067][438]LogMaterial: Display: Missing cached shader map for material FMatExpressionPreview MaterialExpressionTextureSample_0, compiling. 
[2025.09.19-12.56.31:074][438]LogMaterial: Display: Missing cached shader map for material FMatExpressionPreview MaterialExpressionTextureSample_1, compiling. 
[2025.09.19-12.56.31:082][438]LogMaterial: Display: Missing cached shader map for material FMatExpressionPreview MaterialExpressionTextureSample_2, compiling. 
[2025.09.19-12.56.31:124][439]LogShaderCompilers: Display: Worker (2/13): shaders left to compile 33
[2025.09.19-12.56.31:124][439]LogShaderCompilers: Display: Worker (1/13): shaders left to compile 32
[2025.09.19-12.56.31:124][439]LogShaderCompilers: Display: Worker (3/13): shaders left to compile 31
[2025.09.19-12.56.31:146][440]LogShaderCompilers: Display: Worker (4/13): shaders left to compile 30
[2025.09.19-12.56.31:146][440]LogShaderCompilers: Display: Worker (9/13): shaders left to compile 29
[2025.09.19-12.56.31:146][440]LogShaderCompilers: Display: Worker (5/13): shaders left to compile 28
[2025.09.19-12.56.31:146][440]LogShaderCompilers: Display: Worker (6/13): shaders left to compile 27
[2025.09.19-12.56.31:147][440]LogShaderCompilers: Display: Worker (7/13): shaders left to compile 26
[2025.09.19-12.56.31:161][441]LogShaderCompilers: Display: Worker (12/13): shaders left to compile 25
[2025.09.19-12.56.31:226][445]LogShaderCompilers: Display: Worker (7/13): shaders left to compile 24
[2025.09.19-12.56.31:270][448]LogShaderCompilers: Display: Worker (10/13): shaders left to compile 23
[2025.09.19-12.56.31:270][448]LogShaderCompilers: Display: Worker (11/13): shaders left to compile 22
[2025.09.19-12.56.31:270][448]LogShaderCompilers: Display: Worker (3/13): shaders left to compile 21
[2025.09.19-12.56.31:284][449]LogShaderCompilers: Display: Worker (1/13): shaders left to compile 20
[2025.09.19-12.56.31:284][449]LogShaderCompilers: Display: Worker (2/13): shaders left to compile 19
[2025.09.19-12.56.31:284][449]LogShaderCompilers: Display: Worker (8/13): shaders left to compile 18
[2025.09.19-12.56.31:297][450]LogShaderCompilers: Display: Worker (4/13): shaders left to compile 17
[2025.09.19-12.56.31:297][450]LogShaderCompilers: Display: Worker (5/13): shaders left to compile 16
[2025.09.19-12.56.31:297][450]LogShaderCompilers: Display: Worker (12/13): shaders left to compile 15
[2025.09.19-12.56.31:297][450]LogShaderCompilers: Display: Worker (9/13): shaders left to compile 14
[2025.09.19-12.56.31:297][450]LogShaderCompilers: Display: Worker (6/13): shaders left to compile 13
[2025.09.19-12.56.31:440][457]LogShaderCompilers: Display: Worker (11/13): shaders left to compile 12
[2025.09.19-12.56.31:478][459]LogShaderCompilers: Display: Worker (2/13): shaders left to compile 11
[2025.09.19-12.56.31:498][460]LogShaderCompilers: Display: Worker (7/13): shaders left to compile 10
[2025.09.19-12.56.31:498][460]LogShaderCompilers: Display: Worker (5/13): shaders left to compile 9
[2025.09.19-12.56.31:498][460]LogShaderCompilers: Display: Worker (6/13): shaders left to compile 8
[2025.09.19-12.56.31:556][463]LogShaderCompilers: Display: Worker (12/13): shaders left to compile 7
[2025.09.19-12.56.31:574][464]LogShaderCompilers: Display: Worker (9/13): shaders left to compile 6
[2025.09.19-12.56.31:591][465]LogShaderCompilers: Display: Worker (10/13): shaders left to compile 5
[2025.09.19-12.56.31:591][465]LogShaderCompilers: Display: Worker (1/13): shaders left to compile 4
[2025.09.19-12.56.31:591][465]LogShaderCompilers: Display: Worker (8/13): shaders left to compile 3
[2025.09.19-12.56.31:610][466]LogShaderCompilers: Display: Worker (3/13): shaders left to compile 2
[2025.09.19-12.56.31:624][467]LogShaderCompilers: Display: Worker (4/13): shaders left to compile 1
[2025.09.19-12.56.32:600][574]MaterialEditorStats: Base pass shader: 117 instructions
[2025.09.19-12.56.32:600][574]MaterialEditorStats: Base pass shader with Volumetric Lightmap: 191 instructions
[2025.09.19-12.56.32:600][574]MaterialEditorStats: Base pass vertex shader: 40 instructions
[2025.09.19-12.56.32:600][574]MaterialEditorStats: Texture samplers: 3/16
[2025.09.19-12.56.34:378][786]LogMaterial: Display: Missing cached shader map for material M_conc_floor01, compiling. 
[2025.09.19-12.56.34:386][786]LogMaterial: Display: Missing cached shader map for material FMatExpressionPreview MaterialExpressionTextureSample_0, compiling. 
[2025.09.19-12.56.34:389][786]LogShaderCompilers: Display: Worker (1/13): shaders left to compile 25
[2025.09.19-12.56.34:389][786]LogShaderCompilers: Display: Worker (2/13): shaders left to compile 24
[2025.09.19-12.56.34:389][786]LogShaderCompilers: Display: Worker (3/13): shaders left to compile 23
[2025.09.19-12.56.34:389][786]LogShaderCompilers: Display: Worker (4/13): shaders left to compile 22
[2025.09.19-12.56.34:389][786]LogShaderCompilers: Display: Worker (5/13): shaders left to compile 21
[2025.09.19-12.56.34:389][786]LogShaderCompilers: Display: Worker (6/13): shaders left to compile 20
[2025.09.19-12.56.34:389][786]LogShaderCompilers: Display: Worker (7/13): shaders left to compile 19
[2025.09.19-12.56.34:389][786]LogShaderCompilers: Display: Worker (8/13): shaders left to compile 18
[2025.09.19-12.56.34:389][786]LogShaderCompilers: Display: Worker (9/13): shaders left to compile 17
[2025.09.19-12.56.34:389][786]LogShaderCompilers: Display: Worker (10/13): shaders left to compile 16
[2025.09.19-12.56.34:389][786]LogShaderCompilers: Display: Worker (11/13): shaders left to compile 15
[2025.09.19-12.56.34:389][786]LogShaderCompilers: Display: Worker (12/13): shaders left to compile 14
[2025.09.19-12.56.34:472][790]LogShaderCompilers: Display: Worker (8/13): shaders left to compile 13
[2025.09.19-12.56.34:548][793]LogShaderCompilers: Display: Worker (1/13): shaders left to compile 12
[2025.09.19-12.56.34:548][793]LogShaderCompilers: Display: Worker (9/13): shaders left to compile 11
[2025.09.19-12.56.34:564][794]LogShaderCompilers: Display: Worker (3/13): shaders left to compile 10
[2025.09.19-12.56.34:564][794]LogShaderCompilers: Display: Worker (6/13): shaders left to compile 9
[2025.09.19-12.56.34:564][794]LogShaderCompilers: Display: Worker (7/13): shaders left to compile 8
[2025.09.19-12.56.34:564][794]LogShaderCompilers: Display: Worker (4/13): shaders left to compile 7
[2025.09.19-12.56.34:564][794]LogShaderCompilers: Display: Worker (5/13): shaders left to compile 6
[2025.09.19-12.56.34:564][794]LogShaderCompilers: Display: Worker (2/13): shaders left to compile 5
[2025.09.19-12.56.34:609][797]LogShaderCompilers: Display: Worker (12/13): shaders left to compile 4
[2025.09.19-12.56.34:691][802]LogShaderCompilers: Display: Worker (10/13): shaders left to compile 3
[2025.09.19-12.56.34:710][803]LogShaderCompilers: Display: Worker (11/13): shaders left to compile 2
[2025.09.19-12.56.34:742][805]LogShaderCompilers: Display: Worker (9/13): shaders left to compile 1
[2025.09.19-12.56.35:460][883]MaterialEditorStats: Base pass shader: 123 instructions
[2025.09.19-12.56.35:460][883]MaterialEditorStats: Base pass shader with Volumetric Lightmap: 197 instructions
[2025.09.19-12.56.35:460][883]MaterialEditorStats: Base pass vertex shader: 44 instructions
[2025.09.19-12.56.35:460][883]MaterialEditorStats: Texture samplers: 4/16
[2025.09.19-12.56.35:460][883]MaterialEditorStats: Texture Lookups (Est.): VS(0), PS(1)
[2025.09.19-12.56.35:460][883]MaterialEditorStats: User interpolators: 2/4 Scalars (1/4 Vectors) (TexCoords: 2, Custom: 0)
[2025.09.19-12.56.36:768][ 39]LogMaterial: Display: Missing cached shader map for material M_conc_floor01, compiling. 
[2025.09.19-12.56.36:780][ 39]LogShaderCompilers: Display: Worker (1/13): shaders left to compile 21
[2025.09.19-12.56.36:780][ 39]LogShaderCompilers: Display: Worker (2/13): shaders left to compile 20
[2025.09.19-12.56.36:780][ 39]LogShaderCompilers: Display: Worker (3/13): shaders left to compile 19
[2025.09.19-12.56.36:780][ 39]LogShaderCompilers: Display: Worker (4/13): shaders left to compile 18
[2025.09.19-12.56.36:780][ 39]LogShaderCompilers: Display: Worker (5/13): shaders left to compile 17
[2025.09.19-12.56.36:780][ 39]LogShaderCompilers: Display: Worker (6/13): shaders left to compile 16
[2025.09.19-12.56.36:780][ 39]LogShaderCompilers: Display: Worker (7/13): shaders left to compile 15
[2025.09.19-12.56.36:780][ 39]LogShaderCompilers: Display: Worker (8/13): shaders left to compile 14
[2025.09.19-12.56.36:780][ 39]LogShaderCompilers: Display: Worker (9/13): shaders left to compile 13
[2025.09.19-12.56.36:780][ 39]LogShaderCompilers: Display: Worker (10/13): shaders left to compile 12
[2025.09.19-12.56.36:780][ 39]LogShaderCompilers: Display: Worker (11/13): shaders left to compile 11
[2025.09.19-12.56.36:780][ 39]LogShaderCompilers: Display: Worker (12/13): shaders left to compile 10
[2025.09.19-12.56.36:780][ 39]LogMaterial: Display: Missing cached shader map for material FMatExpressionPreview MaterialExpressionTextureSample_1, compiling. 
[2025.09.19-12.56.36:897][ 44]LogShaderCompilers: Display: Worker (8/13): shaders left to compile 13
[2025.09.19-12.56.36:928][ 46]LogShaderCompilers: Display: Worker (3/13): shaders left to compile 12
[2025.09.19-12.56.36:928][ 46]LogShaderCompilers: Display: Worker (9/13): shaders left to compile 11
[2025.09.19-12.56.36:944][ 47]LogShaderCompilers: Display: Worker (5/13): shaders left to compile 10
[2025.09.19-12.56.36:944][ 47]LogShaderCompilers: Display: Worker (1/13): shaders left to compile 9
[2025.09.19-12.56.36:944][ 47]LogShaderCompilers: Display: Worker (2/13): shaders left to compile 8
[2025.09.19-12.56.36:944][ 47]LogShaderCompilers: Display: Worker (7/13): shaders left to compile 7
[2025.09.19-12.56.36:944][ 47]LogShaderCompilers: Display: Worker (6/13): shaders left to compile 6
[2025.09.19-12.56.36:944][ 47]LogShaderCompilers: Display: Worker (4/13): shaders left to compile 5
[2025.09.19-12.56.36:972][ 49]LogShaderCompilers: Display: Worker (12/13): shaders left to compile 4
[2025.09.19-12.56.37:080][ 55]LogShaderCompilers: Display: Worker (10/13): shaders left to compile 3
[2025.09.19-12.56.37:080][ 55]LogShaderCompilers: Display: Worker (11/13): shaders left to compile 2
[2025.09.19-12.56.37:130][ 58]LogShaderCompilers: Display: Worker (9/13): shaders left to compile 1
[2025.09.19-12.56.37:246][ 65]MaterialEditorStats: Base pass shader: 126 instructions
[2025.09.19-12.56.37:246][ 65]MaterialEditorStats: Base pass shader with Volumetric Lightmap: 200 instructions
[2025.09.19-12.56.37:246][ 65]MaterialEditorStats: Base pass vertex shader: 44 instructions
[2025.09.19-12.56.37:246][ 65]MaterialEditorStats: Texture samplers: 5/16
[2025.09.19-12.56.37:246][ 65]MaterialEditorStats: Texture Lookups (Est.): VS(0), PS(2)
[2025.09.19-12.56.37:246][ 65]MaterialEditorStats: User interpolators: 2/4 Scalars (1/4 Vectors) (TexCoords: 2, Custom: 0)
[2025.09.19-12.56.39:753][364]LogMaterial: Display: Missing cached shader map for material M_conc_floor01, compiling. 
[2025.09.19-12.56.39:767][364]LogShaderCompilers: Display: Worker (1/13): shaders left to compile 21
[2025.09.19-12.56.39:767][364]LogShaderCompilers: Display: Worker (2/13): shaders left to compile 20
[2025.09.19-12.56.39:767][364]LogShaderCompilers: Display: Worker (3/13): shaders left to compile 19
[2025.09.19-12.56.39:767][364]LogShaderCompilers: Display: Worker (4/13): shaders left to compile 18
[2025.09.19-12.56.39:767][364]LogShaderCompilers: Display: Worker (5/13): shaders left to compile 17
[2025.09.19-12.56.39:767][364]LogShaderCompilers: Display: Worker (6/13): shaders left to compile 16
[2025.09.19-12.56.39:767][364]LogShaderCompilers: Display: Worker (7/13): shaders left to compile 15
[2025.09.19-12.56.39:767][364]LogShaderCompilers: Display: Worker (8/13): shaders left to compile 14
[2025.09.19-12.56.39:767][364]LogShaderCompilers: Display: Worker (9/13): shaders left to compile 13
[2025.09.19-12.56.39:767][364]LogShaderCompilers: Display: Worker (10/13): shaders left to compile 12
[2025.09.19-12.56.39:767][364]LogShaderCompilers: Display: Worker (11/13): shaders left to compile 11
[2025.09.19-12.56.39:767][364]LogShaderCompilers: Display: Worker (12/13): shaders left to compile 10
[2025.09.19-12.56.39:768][364]LogMaterial: Display: Missing cached shader map for material FMatExpressionPreview MaterialExpressionTextureSample_2, compiling. 
[2025.09.19-12.56.39:855][369]LogShaderCompilers: Display: Worker (8/13): shaders left to compile 13
[2025.09.19-12.56.39:932][373]LogShaderCompilers: Display: Worker (9/13): shaders left to compile 12
[2025.09.19-12.56.39:932][373]LogShaderCompilers: Display: Worker (6/13): shaders left to compile 11
[2025.09.19-12.56.39:932][373]LogShaderCompilers: Display: Worker (1/13): shaders left to compile 10
[2025.09.19-12.56.39:932][373]LogShaderCompilers: Display: Worker (3/13): shaders left to compile 9
[2025.09.19-12.56.39:932][373]LogShaderCompilers: Display: Worker (2/13): shaders left to compile 8
[2025.09.19-12.56.39:932][373]LogShaderCompilers: Display: Worker (5/13): shaders left to compile 7
[2025.09.19-12.56.39:932][373]LogShaderCompilers: Display: Worker (7/13): shaders left to compile 6
[2025.09.19-12.56.39:952][374]LogShaderCompilers: Display: Worker (4/13): shaders left to compile 5
[2025.09.19-12.56.39:966][375]LogShaderCompilers: Display: Worker (12/13): shaders left to compile 4
[2025.09.19-12.56.40:067][381]LogShaderCompilers: Display: Worker (10/13): shaders left to compile 3
[2025.09.19-12.56.40:085][382]LogShaderCompilers: Display: Worker (11/13): shaders left to compile 2
[2025.09.19-12.56.40:105][383]LogShaderCompilers: Display: Worker (2/13): shaders left to compile 1
[2025.09.19-12.56.40:243][391]MaterialEditorStats: Base pass shader: 128 instructions
[2025.09.19-12.56.40:243][391]MaterialEditorStats: Base pass shader with Volumetric Lightmap: 202 instructions
[2025.09.19-12.56.40:243][391]MaterialEditorStats: Base pass vertex shader: 44 instructions
[2025.09.19-12.56.40:243][391]MaterialEditorStats: Texture samplers: 6/16
[2025.09.19-12.56.40:243][391]MaterialEditorStats: Texture Lookups (Est.): VS(0), PS(3)
[2025.09.19-12.56.40:243][391]MaterialEditorStats: User interpolators: 2/4 Scalars (1/4 Vectors) (TexCoords: 2, Custom: 0)
[2025.09.19-12.56.40:936][473]LogMaterial: Display: Missing cached shader map for material M_conc_floor01, compiling. 
[2025.09.19-12.56.40:949][473]LogMaterial: Display: Missing cached shader map for material FMatExpressionPreview MaterialExpressionTextureSample_2, compiling. 
[2025.09.19-12.56.40:951][473]LogShaderCompilers: Display: Worker (1/13): shaders left to compile 21
[2025.09.19-12.56.40:951][473]LogShaderCompilers: Display: Worker (2/13): shaders left to compile 20
[2025.09.19-12.56.40:951][473]LogShaderCompilers: Display: Worker (3/13): shaders left to compile 19
[2025.09.19-12.56.40:951][473]LogShaderCompilers: Display: Worker (4/13): shaders left to compile 18
[2025.09.19-12.56.40:951][473]LogShaderCompilers: Display: Worker (5/13): shaders left to compile 17
[2025.09.19-12.56.40:951][473]LogShaderCompilers: Display: Worker (6/13): shaders left to compile 16
[2025.09.19-12.56.40:951][473]LogShaderCompilers: Display: Worker (7/13): shaders left to compile 15
[2025.09.19-12.56.40:951][473]LogShaderCompilers: Display: Worker (8/13): shaders left to compile 14
[2025.09.19-12.56.40:951][473]LogShaderCompilers: Display: Worker (9/13): shaders left to compile 13
[2025.09.19-12.56.40:951][473]LogShaderCompilers: Display: Worker (10/13): shaders left to compile 12
[2025.09.19-12.56.40:951][473]LogShaderCompilers: Display: Worker (11/13): shaders left to compile 11
[2025.09.19-12.56.40:951][473]LogShaderCompilers: Display: Worker (12/13): shaders left to compile 10
[2025.09.19-12.56.41:035][479]LogShaderCompilers: Display: Worker (8/13): shaders left to compile 13
[2025.09.19-12.56.41:120][482]LogShaderCompilers: Display: Worker (2/13): shaders left to compile 12
[2025.09.19-12.56.41:120][482]LogShaderCompilers: Display: Worker (3/13): shaders left to compile 11
[2025.09.19-12.56.41:120][482]LogShaderCompilers: Display: Worker (9/13): shaders left to compile 10
[2025.09.19-12.56.41:120][482]LogShaderCompilers: Display: Worker (5/13): shaders left to compile 9
[2025.09.19-12.56.41:120][482]LogShaderCompilers: Display: Worker (1/13): shaders left to compile 8
[2025.09.19-12.56.41:120][482]LogShaderCompilers: Display: Worker (6/13): shaders left to compile 7
[2025.09.19-12.56.41:120][482]LogShaderCompilers: Display: Worker (7/13): shaders left to compile 6
[2025.09.19-12.56.41:136][483]LogShaderCompilers: Display: Worker (4/13): shaders left to compile 5
[2025.09.19-12.56.41:153][484]LogShaderCompilers: Display: Worker (12/13): shaders left to compile 4
[2025.09.19-12.56.41:257][489]LogShaderCompilers: Display: Worker (10/13): shaders left to compile 3
[2025.09.19-12.56.41:257][489]LogShaderCompilers: Display: Worker (11/13): shaders left to compile 2
[2025.09.19-12.56.41:302][491]LogShaderCompilers: Display: Worker (3/13): shaders left to compile 1
[2025.09.19-12.56.41:416][499]MaterialEditorStats: Base pass shader: 128 instructions
[2025.09.19-12.56.41:416][499]MaterialEditorStats: Base pass shader with Volumetric Lightmap: 204 instructions
[2025.09.19-12.56.41:416][499]MaterialEditorStats: Base pass vertex shader: 44 instructions
[2025.09.19-12.56.41:416][499]MaterialEditorStats: Texture samplers: 6/16
[2025.09.19-12.56.41:416][499]MaterialEditorStats: Texture Lookups (Est.): VS(0), PS(3)
[2025.09.19-12.56.41:416][499]MaterialEditorStats: User interpolators: 2/4 Scalars (1/4 Vectors) (TexCoords: 2, Custom: 0)
[2025.09.19-12.56.41:902][555]LogMaterialEditor: Saving and Compiling material M_conc_floor01
[2025.09.19-12.56.42:068][555]LogMaterial: Display: Missing cached shader map for material M_conc_floor01, compiling. 
[2025.09.19-12.56.42:095][555]LogShaderCompilers: Display: Worker (1/13): shaders left to compile 21
[2025.09.19-12.56.42:095][555]LogShaderCompilers: Display: Worker (2/13): shaders left to compile 20
[2025.09.19-12.56.42:095][555]LogShaderCompilers: Display: Worker (3/13): shaders left to compile 19
[2025.09.19-12.56.42:095][555]LogShaderCompilers: Display: Worker (4/13): shaders left to compile 18
[2025.09.19-12.56.42:095][555]LogShaderCompilers: Display: Worker (5/13): shaders left to compile 17
[2025.09.19-12.56.42:095][555]LogShaderCompilers: Display: Worker (6/13): shaders left to compile 16
[2025.09.19-12.56.42:095][555]LogShaderCompilers: Display: Worker (7/13): shaders left to compile 15
[2025.09.19-12.56.42:095][555]LogShaderCompilers: Display: Worker (8/13): shaders left to compile 14
[2025.09.19-12.56.42:095][555]LogShaderCompilers: Display: Worker (9/13): shaders left to compile 13
[2025.09.19-12.56.42:095][555]LogShaderCompilers: Display: Worker (10/13): shaders left to compile 12
[2025.09.19-12.56.42:095][555]LogShaderCompilers: Display: Worker (11/13): shaders left to compile 11
[2025.09.19-12.56.42:095][555]LogShaderCompilers: Display: Worker (12/13): shaders left to compile 10
[2025.09.19-12.56.42:099][555]LogMaterial: Display: Missing cached shader map for material M_conc_floor01, compiling. 
[2025.09.19-12.56.42:114][555]LogMaterial: Display: Missing cached shader map for material M_conc_floor01, compiling. 
[2025.09.19-12.56.42:150][555]LogUObjectHash: Compacting FUObjectHashTables data took   1.71ms
[2025.09.19-12.56.42:155][555]LogMaterial: Display: Missing cached shader map for material DebugViewMode MaterialTexCoordScale, compiling. 
[2025.09.19-12.56.42:492][555]LogShaderCompilers: Display: Worker (8/13): shaders left to compile 33
[2025.09.19-12.56.42:492][555]LogShaderCompilers: Display: Worker (7/13): shaders left to compile 32
[2025.09.19-12.56.42:492][555]LogShaderCompilers: Display: Worker (1/13): shaders left to compile 31
[2025.09.19-12.56.42:492][555]LogShaderCompilers: Display: Worker (5/13): shaders left to compile 30
[2025.09.19-12.56.42:492][555]LogShaderCompilers: Display: Worker (9/13): shaders left to compile 29
[2025.09.19-12.56.42:492][555]LogShaderCompilers: Display: Worker (3/13): shaders left to compile 28
[2025.09.19-12.56.42:492][555]LogShaderCompilers: Display: Worker (2/13): shaders left to compile 27
[2025.09.19-12.56.42:492][555]LogShaderCompilers: Display: Worker (4/13): shaders left to compile 26
[2025.09.19-12.56.42:492][555]LogShaderCompilers: Display: Worker (6/13): shaders left to compile 25
[2025.09.19-12.56.42:492][555]LogShaderCompilers: Display: Worker (12/13): shaders left to compile 24
[2025.09.19-12.56.42:492][555]LogShaderCompilers: Display: Worker (10/13): shaders left to compile 23
[2025.09.19-12.56.42:492][555]LogShaderCompilers: Display: Worker (11/13): shaders left to compile 22
[2025.09.19-12.56.42:492][555]LogShaderCompilers: Display: Worker (1/13): shaders left to compile 20
[2025.09.19-12.56.42:492][555]LogShaderCompilers: Display: Worker (12/13): shaders left to compile 18
[2025.09.19-12.56.42:492][555]LogShaderCompilers: Display: Worker (3/13): shaders left to compile 16
[2025.09.19-12.56.42:492][555]LogShaderCompilers: Display: Worker (6/13): shaders left to compile 14
[2025.09.19-12.56.42:492][555]LogShaderCompilers: Display: Worker (8/13): shaders left to compile 12
[2025.09.19-12.56.42:492][555]LogShaderCompilers: Display: Worker (10/13): shaders left to compile 10
[2025.09.19-12.56.42:494][555]TextureStreamingBuild: Display: Compiling optional shaders took 0.344 seconds.
[2025.09.19-12.56.42:494][555]LogShaderCompilers: Display: Worker (2/13): shaders left to compile 9
[2025.09.19-12.56.42:518][555]LogShaderCompilers: Display: Worker (4/13): shaders left to compile 8
[2025.09.19-12.56.42:518][555]LogUObjectHash: Compacting FUObjectHashTables data took   0.83ms
[2025.09.19-12.56.42:530][555]LogShaderCompilers: Display: Worker (7/13): shaders left to compile 7
[2025.09.19-12.56.42:543][555]LogShaderCompilers: Display: Worker (5/13): shaders left to compile 6
[2025.09.19-12.56.42:850][555]LogShaderCompilers: Display: Worker (9/13): shaders left to compile 5
[2025.09.19-12.56.42:850][555]LogShaderCompilers: Display: Worker (3/13): shaders left to compile 4
[2025.09.19-12.56.42:850][555]LogShaderCompilers: Display: Worker (11/13): shaders left to compile 3
[2025.09.19-12.56.42:850][555]LogShaderCompilers: Display: Worker (4/13): shaders left to compile 2
[2025.09.19-12.56.42:850][555]LogShaderCompilers: Display: Worker (1/13): shaders left to compile 1
[2025.09.19-12.56.42:863][555]LogSavePackage: Moving 'E:/GameDev/hggjam/GameJamHGGUnreal4.23.1/GameJamCrew/Saved/M_conc_floor01F10510B64DEDE21204BA068CB0169ECA.tmp' to 'E:/GameDev/hggjam/GameJamHGGUnreal4.23.1/GameJamCrew/Content/LevelAssets/Materials/conc/conc_floor01/M_conc_floor01.uasset'
[2025.09.19-12.56.43:658][646]LogSlate: Window 'M_conc_floor01' being destroyed
[2025.09.19-12.56.43:663][646]LogSlate: Window 'M_conc_floor01' being destroyed
[2025.09.19-12.56.43:677][646]LogWorld: UWorld::CleanupWorld for World_19, bSessionEnded=true, bCleanupResources=true
[2025.09.19-12.56.45:641][880]LogEditorViewport: Clicking on Actor (LMB): StaticMeshActor (floor01_2x23)
[2025.09.19-12.56.58:755][433]LogEditorViewport: Clicking on Actor (LMB): StaticMeshActor (floor01_2x16)
[2025.09.19-12.57.02:150][826]LogSlate: FSceneViewport::OnFocusLost() reason 0
[2025.09.19-12.57.03:068][934]LogMaterial: Display: Material /Game/LevelAssets/Materials/conc/conc_floor01/M_conc_floor01.M_conc_floor01 needed to have new flag set bUsedWithStaticLighting !
[2025.09.19-12.57.03:069][934]LogMaterial: Display: Missing cached shader map for material M_conc_floor01, compiling. 
[2025.09.19-12.57.03:088][934]LogShaderCompilers: Display: Worker (1/13): shaders left to compile 31
[2025.09.19-12.57.03:088][934]LogShaderCompilers: Display: Worker (2/13): shaders left to compile 28
[2025.09.19-12.57.03:088][934]LogShaderCompilers: Display: Worker (3/13): shaders left to compile 25
[2025.09.19-12.57.03:088][934]LogShaderCompilers: Display: Worker (4/13): shaders left to compile 22
[2025.09.19-12.57.03:088][934]LogShaderCompilers: Display: Worker (5/13): shaders left to compile 19
[2025.09.19-12.57.03:088][934]LogShaderCompilers: Display: Worker (6/13): shaders left to compile 16
[2025.09.19-12.57.03:088][934]LogShaderCompilers: Display: Worker (7/13): shaders left to compile 13
[2025.09.19-12.57.03:088][934]LogShaderCompilers: Display: Worker (8/13): shaders left to compile 10
[2025.09.19-12.57.03:088][934]LogShaderCompilers: Display: Worker (9/13): shaders left to compile 7
[2025.09.19-12.57.03:088][934]LogShaderCompilers: Display: Worker (10/13): shaders left to compile 4
[2025.09.19-12.57.03:088][934]LogShaderCompilers: Display: Worker (11/13): shaders left to compile 1
[2025.09.19-12.57.05:751][240]LogEditorViewport: Clicking on Actor (LMB): StaticMeshActor (floor01_2x26)
[2025.09.19-12.57.08:214][533]LogEditorViewport: Clicking on Actor (LMB): StaticMeshActor (floor01_2x27)
[2025.09.19-12.57.09:249][655]LogEditorViewport: Clicking on Actor (LMB): StaticMeshActor (floor01_2x15)
[2025.09.19-12.57.10:743][832]LogEditorViewport: Clicking on Actor (LMB): StaticMeshActor (floor01_2x17)
[2025.09.19-12.57.14:228][247]LogEditorViewport: Clicking on Actor (LMB): StaticMeshActor (floor01_2x16)
[2025.09.19-12.57.16:448][510]LogEditorViewport: Clicking on Actor (LMB): StaticMeshActor (floor01_2x14)
[2025.09.19-12.57.18:726][780]LogEditorViewport: Clicking on Actor (LMB): StaticMeshActor (floor01_2x15)
[2025.09.19-12.57.21:387][ 96]LogEditorViewport: Clicking on Actor (LMB): StaticMeshActor (wall01_2x13)
[2025.09.19-12.57.24:175][427]Cmd: TRANSACTION UNDO
[2025.09.19-12.57.24:175][427]LogEditorTransaction: Undo Clicking on Actors
[2025.09.19-12.57.24:362][444]Cmd: TRANSACTION UNDO
[2025.09.19-12.57.24:362][444]LogEditorTransaction: Undo Rotate Actors
[2025.09.19-12.57.24:539][458]Cmd: TRANSACTION UNDO
[2025.09.19-12.57.24:539][458]LogEditorTransaction: Undo Clicking on Actors
[2025.09.19-12.57.24:702][471]Cmd: TRANSACTION UNDO
[2025.09.19-12.57.24:702][471]LogEditorTransaction: Undo Rotate Actors
[2025.09.19-12.57.24:875][491]Cmd: TRANSACTION UNDO
[2025.09.19-12.57.24:875][491]LogEditorTransaction: Undo Clicking on Actors
[2025.09.19-12.57.25:053][510]Cmd: TRANSACTION UNDO
[2025.09.19-12.57.25:053][510]LogEditorTransaction: Undo Rotate Actors
[2025.09.19-12.57.25:233][531]Cmd: TRANSACTION UNDO
[2025.09.19-12.57.25:233][531]LogEditorTransaction: Undo Clicking on Actors
[2025.09.19-12.57.25:419][551]Cmd: TRANSACTION UNDO
[2025.09.19-12.57.25:419][551]LogEditorTransaction: Undo Rotate Actors
[2025.09.19-12.57.27:309][777]Cmd: TRANSACTION REDO
[2025.09.19-12.57.27:309][777]LogEditorTransaction: Redo Rotate Actors
[2025.09.19-12.57.27:507][800]Cmd: TRANSACTION REDO
[2025.09.19-12.57.27:507][800]LogEditorTransaction: Redo Clicking on Actors
[2025.09.19-12.57.27:683][819]Cmd: TRANSACTION REDO
[2025.09.19-12.57.27:683][819]LogEditorTransaction: Redo Rotate Actors
[2025.09.19-12.57.27:868][840]Cmd: TRANSACTION REDO
[2025.09.19-12.57.27:868][840]LogEditorTransaction: Redo Clicking on Actors
[2025.09.19-12.57.28:053][860]Cmd: TRANSACTION REDO
[2025.09.19-12.57.28:053][860]LogEditorTransaction: Redo Rotate Actors
[2025.09.19-12.57.28:426][904]Cmd: TRANSACTION REDO
[2025.09.19-12.57.28:426][904]LogEditorTransaction: Redo Clicking on Actors
[2025.09.19-12.57.28:747][940]Cmd: TRANSACTION REDO
[2025.09.19-12.57.28:747][940]LogEditorTransaction: Redo Rotate Actors
[2025.09.19-12.57.30:208][113]LogEditorViewport: Clicking on Actor (LMB): StaticMeshActor (floor01_2x2)
[2025.09.19-12.57.39:089][146]LogSlate: FSceneViewport::OnFocusLost() reason 0
[2025.09.19-12.57.42:427][540]LogEditorViewport: Clicking on Actor (LMB): StaticMeshActor (floor01_2x3)
[2025.09.19-12.57.53:569][873]LogSlate: FSceneViewport::OnFocusLost() reason 0
[2025.09.19-12.58.00:877][742]Cmd: OBJ SAVEPACKAGE PACKAGE="/Game/Levels/CheeseFactory_001" FILE="E:/GameDev/hggjam/GameJamHGGUnreal4.23.1/GameJamCrew/Content/Levels/CheeseFactory_001.umap" SILENT=true AUTOSAVING=false KEEPDIRTY=false
[2025.09.19-12.58.00:898][742]LogUObjectHash: Compacting FUObjectHashTables data took   0.81ms
[2025.09.19-12.58.01:020][742]LogSavePackage: Moving 'E:/GameDev/hggjam/GameJamHGGUnreal4.23.1/GameJamCrew/Saved/CheeseFactory_001076391BA440F292DF1D095B8C4BCFD86.tmp' to 'E:/GameDev/hggjam/GameJamHGGUnreal4.23.1/GameJamCrew/Content/Levels/CheeseFactory_001.umap'
[2025.09.19-12.58.01:032][742]Cmd: OBJ SAVEPACKAGE PACKAGE="/Game/Levels/CheeseFactory_001_BuiltData" FILE="E:/GameDev/hggjam/GameJamHGGUnreal4.23.1/GameJamCrew/Content/Levels/CheeseFactory_001_BuiltData.uasset" SILENT=true
[2025.09.19-12.58.01:387][742]LogSavePackage: Moving 'E:/GameDev/hggjam/GameJamHGGUnreal4.23.1/GameJamCrew/Saved/CheeseFactory_001_BuiltData8DB620964F1C639F07AF95B08ED27247.tmp' to 'E:/GameDev/hggjam/GameJamHGGUnreal4.23.1/GameJamCrew/Content/Levels/CheeseFactory_001_BuiltData.uasset'
[2025.09.19-13.00.23:041][825]LogFactory: FactoryCreateFile: Texture with ReimportTextureFactory (0 0 E:\GameDev\hggjam\KlixXsrc\materials\conc\concfloor01\conc_floor01_color.tga)
[2025.09.19-13.00.23:044][825]LogTexture: Display: Building textures: conc_floor01_color (AutoDXT, 512X512)
[2025.09.19-13.00.23:069][825]LogFactory: FactoryCreateFile: Texture with ReimportTextureFactory (0 0 E:\GameDev\hggjam\KlixXsrc\materials\conc\concfloor01\conc_floor01_mixed.tga)
[2025.09.19-13.00.23:071][825]LogTexture: Display: Building textures: conc_floor01_mixed (AutoDXT, 256X256)
[2025.09.19-13.00.23:090][825]LogFactory: FactoryCreateFile: Texture with ReimportTextureFactory (0 0 E:\GameDev\hggjam\KlixXsrc\materials\conc\concfloor01\conc_floor01_normal.tga)
[2025.09.19-13.00.23:098][825]LogTexture: Display: Building textures: conc_floor01_normal (BC5, 512X512)
[2025.09.19-13.00.29:882][516]LogUObjectHash: Compacting FUObjectHashTables data took   1.17ms
[2025.09.19-13.00.31:065][516]LogSlate: Window 'Delete Assets' being destroyed
[2025.09.19-13.00.31:136][516]LogUObjectHash: Compacting FUObjectHashTables data took   0.88ms
[2025.09.19-13.00.37:853][724]LogFactory: FactoryCreateFile: Texture with ReimportTextureFactory (0 0 E:\GameDev\hggjam\KlixXsrc\materials\conc\conc_bare\conc_bare_mixed.tga)
[2025.09.19-13.00.37:854][724]LogTexture: Display: Building textures: conc_bare_mixed (AutoDXT, 256X256)
[2025.09.19-13.00.37:877][724]LogFactory: FactoryCreateFile: Texture with ReimportTextureFactory (0 0 E:\GameDev\hggjam\KlixXsrc\materials\conc\conc_bare\conc_bare_normal.tga)
[2025.09.19-13.00.37:885][724]LogTexture: Display: Building textures: conc_bare_normal (BC5, 512X512)
[2025.09.19-13.00.37:897][724]LogFactory: FactoryCreateFile: Texture with ReimportTextureFactory (0 0 E:\GameDev\hggjam\KlixXsrc\materials\conc\conc_bare\conc_bare_color.tga)
[2025.09.19-13.00.37:899][724]LogTexture: Display: Building textures: conc_bare_color (AutoDXT, 512X512)
[2025.09.19-13.00.46:340][660]LogAssetEditorManager: Opening Asset editor for Material /Game/LevelAssets/Materials/conc/conc_bare01/M_conc_bare.M_conc_bare
[2025.09.19-13.00.46:342][660]LogMaterial: Display: Missing cached shader map for material M_conc_bare, compiling. 
[2025.09.19-13.00.46:375][660]LogMaterial: Display: Missing cached shader map for material M_conc_bare, compiling. 
[2025.09.19-13.00.46:383][660]LogMaterial: Display: Missing cached shader map for material M_conc_bare, compiling. 
[2025.09.19-13.00.46:395][660]LogShaderCompilers: Display: Worker (1/13): shaders left to compile 21
[2025.09.19-13.00.46:395][660]LogShaderCompilers: Display: Worker (2/13): shaders left to compile 20
[2025.09.19-13.00.46:395][660]LogShaderCompilers: Display: Worker (3/13): shaders left to compile 19
[2025.09.19-13.00.46:395][660]LogShaderCompilers: Display: Worker (4/13): shaders left to compile 18
[2025.09.19-13.00.46:395][660]LogShaderCompilers: Display: Worker (5/13): shaders left to compile 17
[2025.09.19-13.00.46:395][660]LogShaderCompilers: Display: Worker (6/13): shaders left to compile 16
[2025.09.19-13.00.46:395][660]LogShaderCompilers: Display: Worker (7/13): shaders left to compile 15
[2025.09.19-13.00.46:395][660]LogShaderCompilers: Display: Worker (8/13): shaders left to compile 14
[2025.09.19-13.00.46:395][660]LogShaderCompilers: Display: Worker (9/13): shaders left to compile 13
[2025.09.19-13.00.46:395][660]LogShaderCompilers: Display: Worker (10/13): shaders left to compile 12
[2025.09.19-13.00.46:395][660]LogShaderCompilers: Display: Worker (11/13): shaders left to compile 11
[2025.09.19-13.00.46:395][660]LogShaderCompilers: Display: Worker (12/13): shaders left to compile 10
[2025.09.19-13.00.46:586][669]LogShaderCompilers: Display: Worker (8/13): shaders left to compile 9
[2025.09.19-13.00.46:624][669]LogShaderCompilers: Display: Worker (1/13): shaders left to compile 8
[2025.09.19-13.00.46:624][669]LogShaderCompilers: Display: Worker (3/13): shaders left to compile 7
[2025.09.19-13.00.46:649][671]LogShaderCompilers: Display: Worker (2/13): shaders left to compile 6
[2025.09.19-13.00.46:649][671]LogShaderCompilers: Display: Worker (4/13): shaders left to compile 5
[2025.09.19-13.00.46:649][671]LogShaderCompilers: Display: Worker (9/13): shaders left to compile 4
[2025.09.19-13.00.46:649][671]LogShaderCompilers: Display: Worker (6/13): shaders left to compile 3
[2025.09.19-13.00.46:649][671]LogShaderCompilers: Display: Worker (5/13): shaders left to compile 2
[2025.09.19-13.00.46:649][671]LogShaderCompilers: Display: Worker (7/13): shaders left to compile 1
[2025.09.19-13.00.46:906][690]MaterialEditorStats: Base pass shader: 117 instructions
[2025.09.19-13.00.46:906][690]MaterialEditorStats: Base pass shader with Volumetric Lightmap: 191 instructions
[2025.09.19-13.00.46:906][690]MaterialEditorStats: Base pass vertex shader: 40 instructions
[2025.09.19-13.00.46:906][690]MaterialEditorStats: Texture samplers: 3/16
[2025.09.19-13.00.48:652][895]LogMaterial: Display: Missing cached shader map for material M_conc_bare, compiling. 
[2025.09.19-13.00.48:660][895]LogMaterial: Display: Missing cached shader map for material FMatExpressionPreview MaterialExpressionTextureSample_0, compiling. 
[2025.09.19-13.00.48:666][895]LogShaderCompilers: Display: Worker (1/13): shaders left to compile 25
[2025.09.19-13.00.48:666][895]LogShaderCompilers: Display: Worker (2/13): shaders left to compile 24
[2025.09.19-13.00.48:666][895]LogShaderCompilers: Display: Worker (3/13): shaders left to compile 23
[2025.09.19-13.00.48:666][895]LogShaderCompilers: Display: Worker (4/13): shaders left to compile 22
[2025.09.19-13.00.48:666][895]LogShaderCompilers: Display: Worker (5/13): shaders left to compile 21
[2025.09.19-13.00.48:666][895]LogShaderCompilers: Display: Worker (6/13): shaders left to compile 20
[2025.09.19-13.00.48:666][895]LogShaderCompilers: Display: Worker (7/13): shaders left to compile 19
[2025.09.19-13.00.48:666][895]LogShaderCompilers: Display: Worker (8/13): shaders left to compile 18
[2025.09.19-13.00.48:666][895]LogShaderCompilers: Display: Worker (9/13): shaders left to compile 17
[2025.09.19-13.00.48:666][895]LogShaderCompilers: Display: Worker (10/13): shaders left to compile 16
[2025.09.19-13.00.48:666][895]LogShaderCompilers: Display: Worker (11/13): shaders left to compile 15
[2025.09.19-13.00.48:666][895]LogShaderCompilers: Display: Worker (12/13): shaders left to compile 14
[2025.09.19-13.00.48:668][895]LogMaterial: Display: Missing cached shader map for material FMatExpressionPreview MaterialExpressionTextureSample_0, compiling. 
[2025.09.19-13.00.48:678][895]LogMaterial: Display: Missing cached shader map for material M_conc_bare, compiling. 
[2025.09.19-13.00.48:689][895]LogMaterial: Display: Missing cached shader map for material FMatExpressionPreview MaterialExpressionTextureSample_1, compiling. 
[2025.09.19-13.00.48:704][895]LogMaterial: Display: Missing cached shader map for material FMatExpressionPreview MaterialExpressionTextureSample_0, compiling. 
[2025.09.19-13.00.48:707][895]LogMaterial: Display: Missing cached shader map for material FMatExpressionPreview MaterialExpressionTextureSample_1, compiling. 
[2025.09.19-13.00.48:719][895]LogMaterial: Display: Missing cached shader map for material M_conc_bare, compiling. 
[2025.09.19-13.00.48:732][895]LogMaterial: Display: Missing cached shader map for material FMatExpressionPreview MaterialExpressionTextureSample_2, compiling. 
[2025.09.19-13.00.48:744][895]LogShaderCompilers: Display: Worker (8/13): shaders left to compile 33
[2025.09.19-13.00.48:749][895]LogMaterial: Display: Missing cached shader map for material FMatExpressionPreview MaterialExpressionTextureSample_0, compiling. 
[2025.09.19-13.00.48:755][895]LogMaterial: Display: Missing cached shader map for material FMatExpressionPreview MaterialExpressionTextureSample_1, compiling. 
[2025.09.19-13.00.48:761][895]LogMaterial: Display: Missing cached shader map for material FMatExpressionPreview MaterialExpressionTextureSample_2, compiling. 
[2025.09.19-13.00.48:804][896]LogShaderCompilers: Display: Worker (7/13): shaders left to compile 33
[2025.09.19-13.00.48:825][897]LogShaderCompilers: Display: Worker (9/13): shaders left to compile 32
[2025.09.19-13.00.48:825][897]LogShaderCompilers: Display: Worker (6/13): shaders left to compile 31
[2025.09.19-13.00.48:825][897]LogShaderCompilers: Display: Worker (1/13): shaders left to compile 30
[2025.09.19-13.00.48:825][897]LogShaderCompilers: Display: Worker (2/13): shaders left to compile 29
[2025.09.19-13.00.48:825][897]LogShaderCompilers: Display: Worker (3/13): shaders left to compile 28
[2025.09.19-13.00.48:825][897]LogShaderCompilers: Display: Worker (4/13): shaders left to compile 27
[2025.09.19-13.00.48:825][897]LogShaderCompilers: Display: Worker (5/13): shaders left to compile 26
[2025.09.19-13.00.48:842][898]LogShaderCompilers: Display: Worker (12/13): shaders left to compile 25
[2025.09.19-13.00.48:903][901]LogShaderCompilers: Display: Worker (5/13): shaders left to compile 24
[2025.09.19-13.00.48:923][902]LogShaderCompilers: Display: Worker (10/13): shaders left to compile 23
[2025.09.19-13.00.48:941][903]LogShaderCompilers: Display: Worker (11/13): shaders left to compile 22
[2025.09.19-13.00.48:941][903]LogShaderCompilers: Display: Worker (7/13): shaders left to compile 21
[2025.09.19-13.00.48:957][904]LogShaderCompilers: Display: Worker (9/13): shaders left to compile 20
[2025.09.19-13.00.48:957][904]LogShaderCompilers: Display: Worker (8/13): shaders left to compile 19
[2025.09.19-13.00.48:957][904]LogShaderCompilers: Display: Worker (6/13): shaders left to compile 18
[2025.09.19-13.00.48:975][905]LogShaderCompilers: Display: Worker (2/13): shaders left to compile 17
[2025.09.19-13.00.48:975][905]LogShaderCompilers: Display: Worker (1/13): shaders left to compile 16
[2025.09.19-13.00.48:975][905]LogShaderCompilers: Display: Worker (12/13): shaders left to compile 15
[2025.09.19-13.00.48:975][905]LogShaderCompilers: Display: Worker (4/13): shaders left to compile 14
[2025.09.19-13.00.48:975][905]LogShaderCompilers: Display: Worker (3/13): shaders left to compile 13
[2025.09.19-13.00.49:101][911]LogShaderCompilers: Display: Worker (11/13): shaders left to compile 12
[2025.09.19-13.00.49:142][913]LogShaderCompilers: Display: Worker (8/13): shaders left to compile 11
[2025.09.19-13.00.49:157][914]LogShaderCompilers: Display: Worker (1/13): shaders left to compile 10
[2025.09.19-13.00.49:171][915]LogShaderCompilers: Display: Worker (3/13): shaders left to compile 9
[2025.09.19-13.00.49:237][919]LogShaderCompilers: Display: Worker (5/13): shaders left to compile 8
[2025.09.19-13.00.49:237][919]LogShaderCompilers: Display: Worker (7/13): shaders left to compile 7
[2025.09.19-13.00.49:237][919]LogShaderCompilers: Display: Worker (10/13): shaders left to compile 6
[2025.09.19-13.00.49:237][919]LogShaderCompilers: Display: Worker (12/13): shaders left to compile 5
[2025.09.19-13.00.49:260][920]LogShaderCompilers: Display: Worker (9/13): shaders left to compile 4
[2025.09.19-13.00.49:260][920]LogShaderCompilers: Display: Worker (4/13): shaders left to compile 3
[2025.09.19-13.00.49:279][921]LogShaderCompilers: Display: Worker (6/13): shaders left to compile 2
[2025.09.19-13.00.49:300][922]LogShaderCompilers: Display: Worker (2/13): shaders left to compile 1
[2025.09.19-13.00.49:548][940]MaterialEditorStats: Base pass shader: 117 instructions
[2025.09.19-13.00.49:548][940]MaterialEditorStats: Base pass shader with Volumetric Lightmap: 191 instructions
[2025.09.19-13.00.49:548][940]MaterialEditorStats: Base pass vertex shader: 40 instructions
[2025.09.19-13.00.49:548][940]MaterialEditorStats: Texture samplers: 3/16
[2025.09.19-13.00.56:307][744]LogMaterial: Display: Missing cached shader map for material M_conc_bare, compiling. 
[2025.09.19-13.00.56:319][744]LogShaderCompilers: Display: Worker (1/13): shaders left to compile 21
[2025.09.19-13.00.56:319][744]LogShaderCompilers: Display: Worker (2/13): shaders left to compile 20
[2025.09.19-13.00.56:319][744]LogShaderCompilers: Display: Worker (3/13): shaders left to compile 19
[2025.09.19-13.00.56:319][744]LogShaderCompilers: Display: Worker (4/13): shaders left to compile 18
[2025.09.19-13.00.56:319][744]LogShaderCompilers: Display: Worker (5/13): shaders left to compile 17
[2025.09.19-13.00.56:319][744]LogShaderCompilers: Display: Worker (6/13): shaders left to compile 16
[2025.09.19-13.00.56:319][744]LogShaderCompilers: Display: Worker (7/13): shaders left to compile 15
[2025.09.19-13.00.56:319][744]LogShaderCompilers: Display: Worker (8/13): shaders left to compile 14
[2025.09.19-13.00.56:319][744]LogShaderCompilers: Display: Worker (9/13): shaders left to compile 13
[2025.09.19-13.00.56:319][744]LogShaderCompilers: Display: Worker (10/13): shaders left to compile 12
[2025.09.19-13.00.56:319][744]LogShaderCompilers: Display: Worker (11/13): shaders left to compile 11
[2025.09.19-13.00.56:319][744]LogShaderCompilers: Display: Worker (12/13): shaders left to compile 10
[2025.09.19-13.00.56:320][744]LogMaterial: Display: Missing cached shader map for material FMatExpressionPreview MaterialExpressionTextureSample_2, compiling. 
[2025.09.19-13.00.56:424][750]LogShaderCompilers: Display: Worker (8/13): shaders left to compile 13
[2025.09.19-13.00.56:462][752]LogShaderCompilers: Display: Worker (2/13): shaders left to compile 12
[2025.09.19-13.00.56:484][753]LogShaderCompilers: Display: Worker (9/13): shaders left to compile 11
[2025.09.19-13.00.56:484][753]LogShaderCompilers: Display: Worker (1/13): shaders left to compile 10
[2025.09.19-13.00.56:484][753]LogShaderCompilers: Display: Worker (3/13): shaders left to compile 9
[2025.09.19-13.00.56:484][753]LogShaderCompilers: Display: Worker (6/13): shaders left to compile 8
[2025.09.19-13.00.56:502][754]LogShaderCompilers: Display: Worker (4/13): shaders left to compile 7
[2025.09.19-13.00.56:502][754]LogShaderCompilers: Display: Worker (5/13): shaders left to compile 6
[2025.09.19-13.00.56:502][754]LogShaderCompilers: Display: Worker (7/13): shaders left to compile 5
[2025.09.19-13.00.56:519][755]LogShaderCompilers: Display: Worker (12/13): shaders left to compile 4
[2025.09.19-13.00.56:620][761]LogShaderCompilers: Display: Worker (10/13): shaders left to compile 3
[2025.09.19-13.00.56:620][761]LogShaderCompilers: Display: Worker (11/13): shaders left to compile 2
[2025.09.19-13.00.56:640][762]LogShaderCompilers: Display: Worker (9/13): shaders left to compile 1
[2025.09.19-13.01.00:897][262]LogMaterial: Display: Missing cached shader map for material M_conc_bare, compiling. 
[2025.09.19-13.01.00:905][262]LogShaderCompilers: Display: Worker (1/13): shaders left to compile 21
[2025.09.19-13.01.00:905][262]LogShaderCompilers: Display: Worker (2/13): shaders left to compile 20
[2025.09.19-13.01.00:905][262]LogShaderCompilers: Display: Worker (3/13): shaders left to compile 19
[2025.09.19-13.01.00:905][262]LogShaderCompilers: Display: Worker (4/13): shaders left to compile 18
[2025.09.19-13.01.00:905][262]LogShaderCompilers: Display: Worker (5/13): shaders left to compile 17
[2025.09.19-13.01.00:905][262]LogShaderCompilers: Display: Worker (6/13): shaders left to compile 16
[2025.09.19-13.01.00:905][262]LogShaderCompilers: Display: Worker (7/13): shaders left to compile 15
[2025.09.19-13.01.00:905][262]LogShaderCompilers: Display: Worker (8/13): shaders left to compile 14
[2025.09.19-13.01.00:905][262]LogShaderCompilers: Display: Worker (9/13): shaders left to compile 13
[2025.09.19-13.01.00:905][262]LogShaderCompilers: Display: Worker (10/13): shaders left to compile 12
[2025.09.19-13.01.00:905][262]LogShaderCompilers: Display: Worker (11/13): shaders left to compile 11
[2025.09.19-13.01.00:905][262]LogShaderCompilers: Display: Worker (12/13): shaders left to compile 10
[2025.09.19-13.01.00:907][262]LogMaterial: Display: Missing cached shader map for material FMatExpressionPreview MaterialExpressionTextureSample_2, compiling. 
[2025.09.19-13.01.01:011][266]LogShaderCompilers: Display: Worker (8/13): shaders left to compile 13
[2025.09.19-13.01.01:044][268]LogShaderCompilers: Display: Worker (2/13): shaders left to compile 12
[2025.09.19-13.01.01:061][269]LogShaderCompilers: Display: Worker (9/13): shaders left to compile 11
[2025.09.19-13.01.01:061][269]LogShaderCompilers: Display: Worker (3/13): shaders left to compile 10
[2025.09.19-13.01.01:061][269]LogShaderCompilers: Display: Worker (1/13): shaders left to compile 9
[2025.09.19-13.01.01:061][269]LogShaderCompilers: Display: Worker (6/13): shaders left to compile 8
[2025.09.19-13.01.01:076][270]LogShaderCompilers: Display: Worker (4/13): shaders left to compile 7
[2025.09.19-13.01.01:076][270]LogShaderCompilers: Display: Worker (5/13): shaders left to compile 6
[2025.09.19-13.01.01:090][271]LogShaderCompilers: Display: Worker (7/13): shaders left to compile 5
[2025.09.19-13.01.01:090][271]LogShaderCompilers: Display: Worker (12/13): shaders left to compile 4
[2025.09.19-13.01.01:219][277]LogShaderCompilers: Display: Worker (10/13): shaders left to compile 3
[2025.09.19-13.01.01:219][277]LogShaderCompilers: Display: Worker (11/13): shaders left to compile 2
[2025.09.19-13.01.01:260][279]LogShaderCompilers: Display: Worker (9/13): shaders left to compile 1
[2025.09.19-13.01.01:372][287]MaterialEditorStats: Base pass shader: 119 instructions
[2025.09.19-13.01.01:372][287]MaterialEditorStats: Base pass shader with Volumetric Lightmap: 195 instructions
[2025.09.19-13.01.01:372][287]MaterialEditorStats: Base pass vertex shader: 44 instructions
[2025.09.19-13.01.01:372][287]MaterialEditorStats: Texture samplers: 4/16
[2025.09.19-13.01.01:372][287]MaterialEditorStats: Texture Lookups (Est.): VS(0), PS(1)
[2025.09.19-13.01.01:372][287]MaterialEditorStats: User interpolators: 2/4 Scalars (1/4 Vectors) (TexCoords: 2, Custom: 0)
[2025.09.19-13.01.02:374][405]LogMaterial: Display: Missing cached shader map for material M_conc_bare, compiling. 
[2025.09.19-13.01.02:387][405]LogShaderCompilers: Display: Worker (1/13): shaders left to compile 21
[2025.09.19-13.01.02:387][405]LogShaderCompilers: Display: Worker (2/13): shaders left to compile 20
[2025.09.19-13.01.02:387][405]LogShaderCompilers: Display: Worker (3/13): shaders left to compile 19
[2025.09.19-13.01.02:387][405]LogShaderCompilers: Display: Worker (4/13): shaders left to compile 18
[2025.09.19-13.01.02:387][405]LogShaderCompilers: Display: Worker (5/13): shaders left to compile 17
[2025.09.19-13.01.02:387][405]LogShaderCompilers: Display: Worker (6/13): shaders left to compile 16
[2025.09.19-13.01.02:387][405]LogShaderCompilers: Display: Worker (7/13): shaders left to compile 15
[2025.09.19-13.01.02:387][405]LogShaderCompilers: Display: Worker (8/13): shaders left to compile 14
[2025.09.19-13.01.02:387][405]LogShaderCompilers: Display: Worker (9/13): shaders left to compile 13
[2025.09.19-13.01.02:387][405]LogShaderCompilers: Display: Worker (10/13): shaders left to compile 12
[2025.09.19-13.01.02:387][405]LogShaderCompilers: Display: Worker (11/13): shaders left to compile 11
[2025.09.19-13.01.02:387][405]LogShaderCompilers: Display: Worker (12/13): shaders left to compile 10
[2025.09.19-13.01.02:389][405]LogMaterial: Display: Missing cached shader map for material FMatExpressionPreview MaterialExpressionTextureSample_0, compiling. 
[2025.09.19-13.01.02:472][408]LogShaderCompilers: Display: Worker (8/13): shaders left to compile 13
[2025.09.19-13.01.02:526][409]LogShaderCompilers: Display: Worker (1/13): shaders left to compile 12
[2025.09.19-13.01.02:542][410]LogShaderCompilers: Display: Worker (3/13): shaders left to compile 11
[2025.09.19-13.01.02:542][410]LogShaderCompilers: Display: Worker (2/13): shaders left to compile 10
[2025.09.19-13.01.02:542][410]LogShaderCompilers: Display: Worker (9/13): shaders left to compile 9
[2025.09.19-13.01.02:557][411]LogShaderCompilers: Display: Worker (6/13): shaders left to compile 8
[2025.09.19-13.01.02:557][411]LogShaderCompilers: Display: Worker (7/13): shaders left to compile 7
[2025.09.19-13.01.02:557][411]LogShaderCompilers: Display: Worker (5/13): shaders left to compile 6
[2025.09.19-13.01.02:571][412]LogShaderCompilers: Display: Worker (4/13): shaders left to compile 5
[2025.09.19-13.01.02:585][413]LogShaderCompilers: Display: Worker (12/13): shaders left to compile 4
[2025.09.19-13.01.02:680][418]LogShaderCompilers: Display: Worker (10/13): shaders left to compile 3
[2025.09.19-13.01.02:702][419]LogShaderCompilers: Display: Worker (11/13): shaders left to compile 2
[2025.09.19-13.01.02:740][421]LogShaderCompilers: Display: Worker (3/13): shaders left to compile 1
[2025.09.19-13.01.02:861][429]MaterialEditorStats: Base pass shader: 125 instructions
[2025.09.19-13.01.02:861][429]MaterialEditorStats: Base pass shader with Volumetric Lightmap: 201 instructions
[2025.09.19-13.01.02:861][429]MaterialEditorStats: Base pass vertex shader: 44 instructions
[2025.09.19-13.01.02:861][429]MaterialEditorStats: Texture samplers: 5/16
[2025.09.19-13.01.02:861][429]MaterialEditorStats: Texture Lookups (Est.): VS(0), PS(2)
[2025.09.19-13.01.02:861][429]MaterialEditorStats: User interpolators: 2/4 Scalars (1/4 Vectors) (TexCoords: 2, Custom: 0)
[2025.09.19-13.01.04:170][584]LogMaterial: Display: Missing cached shader map for material M_conc_bare, compiling. 
[2025.09.19-13.01.04:178][584]LogShaderCompilers: Display: Worker (1/13): shaders left to compile 21
[2025.09.19-13.01.04:178][584]LogShaderCompilers: Display: Worker (2/13): shaders left to compile 20
[2025.09.19-13.01.04:178][584]LogShaderCompilers: Display: Worker (3/13): shaders left to compile 19
[2025.09.19-13.01.04:178][584]LogShaderCompilers: Display: Worker (4/13): shaders left to compile 18
[2025.09.19-13.01.04:178][584]LogShaderCompilers: Display: Worker (5/13): shaders left to compile 17
[2025.09.19-13.01.04:178][584]LogShaderCompilers: Display: Worker (6/13): shaders left to compile 16
[2025.09.19-13.01.04:178][584]LogShaderCompilers: Display: Worker (7/13): shaders left to compile 15
[2025.09.19-13.01.04:178][584]LogShaderCompilers: Display: Worker (8/13): shaders left to compile 14
[2025.09.19-13.01.04:178][584]LogShaderCompilers: Display: Worker (9/13): shaders left to compile 13
[2025.09.19-13.01.04:178][584]LogShaderCompilers: Display: Worker (10/13): shaders left to compile 12
[2025.09.19-13.01.04:178][584]LogShaderCompilers: Display: Worker (11/13): shaders left to compile 11
[2025.09.19-13.01.04:178][584]LogShaderCompilers: Display: Worker (12/13): shaders left to compile 10
[2025.09.19-13.01.04:178][584]LogMaterial: Display: Missing cached shader map for material FMatExpressionPreview MaterialExpressionTextureSample_1, compiling. 
[2025.09.19-13.01.04:268][590]LogShaderCompilers: Display: Worker (8/13): shaders left to compile 13
[2025.09.19-13.01.04:332][594]LogShaderCompilers: Display: Worker (9/13): shaders left to compile 12
[2025.09.19-13.01.04:332][594]LogShaderCompilers: Display: Worker (1/13): shaders left to compile 11
[2025.09.19-13.01.04:332][594]LogShaderCompilers: Display: Worker (2/13): shaders left to compile 10
[2025.09.19-13.01.04:332][594]LogShaderCompilers: Display: Worker (3/13): shaders left to compile 9
[2025.09.19-13.01.04:333][594]LogShaderCompilers: Display: Worker (7/13): shaders left to compile 8
[2025.09.19-13.01.04:348][595]LogShaderCompilers: Display: Worker (5/13): shaders left to compile 7
[2025.09.19-13.01.04:348][595]LogShaderCompilers: Display: Worker (6/13): shaders left to compile 6
[2025.09.19-13.01.04:361][596]LogShaderCompilers: Display: Worker (4/13): shaders left to compile 5
[2025.09.19-13.01.04:375][597]LogShaderCompilers: Display: Worker (12/13): shaders left to compile 4
[2025.09.19-13.01.04:478][602]LogShaderCompilers: Display: Worker (10/13): shaders left to compile 3
[2025.09.19-13.01.04:498][603]LogShaderCompilers: Display: Worker (11/13): shaders left to compile 2
[2025.09.19-13.01.04:522][604]LogShaderCompilers: Display: Worker (1/13): shaders left to compile 1
[2025.09.19-13.01.04:642][612]MaterialEditorStats: Base pass shader: 128 instructions
[2025.09.19-13.01.04:642][612]MaterialEditorStats: Base pass shader with Volumetric Lightmap: 204 instructions
[2025.09.19-13.01.04:642][612]MaterialEditorStats: Base pass vertex shader: 44 instructions
[2025.09.19-13.01.04:642][612]MaterialEditorStats: Texture samplers: 6/16
[2025.09.19-13.01.04:642][612]MaterialEditorStats: Texture Lookups (Est.): VS(0), PS(3)
[2025.09.19-13.01.04:642][612]MaterialEditorStats: User interpolators: 2/4 Scalars (1/4 Vectors) (TexCoords: 2, Custom: 0)
[2025.09.19-13.01.05:672][733]LogMaterialEditor: Saving and Compiling material M_conc_bare
[2025.09.19-13.01.05:834][733]LogMaterial: Display: Missing cached shader map for material M_conc_bare, compiling. 
[2025.09.19-13.01.05:853][733]LogShaderCompilers: Display: Worker (1/13): shaders left to compile 21
[2025.09.19-13.01.05:853][733]LogShaderCompilers: Display: Worker (2/13): shaders left to compile 20
[2025.09.19-13.01.05:853][733]LogShaderCompilers: Display: Worker (3/13): shaders left to compile 19
[2025.09.19-13.01.05:853][733]LogShaderCompilers: Display: Worker (4/13): shaders left to compile 18
[2025.09.19-13.01.05:853][733]LogShaderCompilers: Display: Worker (5/13): shaders left to compile 17
[2025.09.19-13.01.05:853][733]LogShaderCompilers: Display: Worker (6/13): shaders left to compile 16
[2025.09.19-13.01.05:853][733]LogShaderCompilers: Display: Worker (7/13): shaders left to compile 15
[2025.09.19-13.01.05:853][733]LogShaderCompilers: Display: Worker (8/13): shaders left to compile 14
[2025.09.19-13.01.05:853][733]LogShaderCompilers: Display: Worker (9/13): shaders left to compile 13
[2025.09.19-13.01.05:853][733]LogShaderCompilers: Display: Worker (10/13): shaders left to compile 12
[2025.09.19-13.01.05:853][733]LogShaderCompilers: Display: Worker (11/13): shaders left to compile 11
[2025.09.19-13.01.05:853][733]LogShaderCompilers: Display: Worker (12/13): shaders left to compile 10
[2025.09.19-13.01.05:872][733]LogMaterial: Display: Missing cached shader map for material M_conc_bare, compiling. 
[2025.09.19-13.01.05:888][733]LogMaterial: Display: Missing cached shader map for material M_conc_bare, compiling. 
[2025.09.19-13.01.05:925][733]LogUObjectHash: Compacting FUObjectHashTables data took   1.13ms
[2025.09.19-13.01.05:932][733]LogMaterial: Display: Missing cached shader map for material DebugViewMode MaterialTexCoordScale, compiling. 
[2025.09.19-13.01.06:268][733]LogShaderCompilers: Display: Worker (8/13): shaders left to compile 33
[2025.09.19-13.01.06:268][733]LogShaderCompilers: Display: Worker (2/13): shaders left to compile 32
[2025.09.19-13.01.06:269][733]LogShaderCompilers: Display: Worker (9/13): shaders left to compile 31
[2025.09.19-13.01.06:269][733]LogShaderCompilers: Display: Worker (1/13): shaders left to compile 30
[2025.09.19-13.01.06:269][733]LogShaderCompilers: Display: Worker (3/13): shaders left to compile 29
[2025.09.19-13.01.06:269][733]LogShaderCompilers: Display: Worker (4/13): shaders left to compile 28
[2025.09.19-13.01.06:269][733]LogShaderCompilers: Display: Worker (5/13): shaders left to compile 27
[2025.09.19-13.01.06:269][733]LogShaderCompilers: Display: Worker (6/13): shaders left to compile 26
[2025.09.19-13.01.06:269][733]LogShaderCompilers: Display: Worker (7/13): shaders left to compile 25
[2025.09.19-13.01.06:269][733]LogShaderCompilers: Display: Worker (12/13): shaders left to compile 24
[2025.09.19-13.01.06:269][733]LogShaderCompilers: Display: Worker (10/13): shaders left to compile 23
[2025.09.19-13.01.06:269][733]LogShaderCompilers: Display: Worker (11/13): shaders left to compile 22
[2025.09.19-13.01.06:269][733]LogShaderCompilers: Display: Worker (12/13): shaders left to compile 20
[2025.09.19-13.01.06:269][733]LogShaderCompilers: Display: Worker (9/13): shaders left to compile 18
[2025.09.19-13.01.06:269][733]LogShaderCompilers: Display: Worker (8/13): shaders left to compile 16
[2025.09.19-13.01.06:269][733]LogShaderCompilers: Display: Worker (7/13): shaders left to compile 14
[2025.09.19-13.01.06:269][733]LogShaderCompilers: Display: Worker (4/13): shaders left to compile 12
[2025.09.19-13.01.06:269][733]LogShaderCompilers: Display: Worker (5/13): shaders left to compile 10
[2025.09.19-13.01.06:269][733]LogShaderCompilers: Display: Worker (10/13): shaders left to compile 9
[2025.09.19-13.01.06:270][733]LogShaderCompilers: Display: Worker (2/13): shaders left to compile 8
[2025.09.19-13.01.06:270][733]LogShaderCompilers: Display: Worker (6/13): shaders left to compile 7
[2025.09.19-13.01.06:275][733]TextureStreamingBuild: Display: Compiling optional shaders took 0.350 seconds.
[2025.09.19-13.01.06:298][733]LogShaderCompilers: Display: Worker (1/13): shaders left to compile 6
[2025.09.19-13.01.06:298][733]LogUObjectHash: Compacting FUObjectHashTables data took   0.74ms
[2025.09.19-13.01.06:321][733]LogShaderCompilers: Display: Worker (3/13): shaders left to compile 5
[2025.09.19-13.01.06:584][733]LogShaderCompilers: Display: Worker (11/13): shaders left to compile 4
[2025.09.19-13.01.06:584][733]LogShaderCompilers: Display: Worker (8/13): shaders left to compile 3
[2025.09.19-13.01.06:584][733]LogShaderCompilers: Display: Worker (2/13): shaders left to compile 2
[2025.09.19-13.01.06:584][733]LogShaderCompilers: Display: Worker (12/13): shaders left to compile 1
[2025.09.19-13.01.06:597][733]LogSavePackage: Moving 'E:/GameDev/hggjam/GameJamHGGUnreal4.23.1/GameJamCrew/Saved/M_conc_bare6C0AB102483393064C2E19937B534315.tmp' to 'E:/GameDev/hggjam/GameJamHGGUnreal4.23.1/GameJamCrew/Content/LevelAssets/Materials/conc/conc_bare01/M_conc_bare.uasset'
[2025.09.19-13.01.07:202][803]LogSlate: Window 'M_conc_bare' being destroyed
[2025.09.19-13.01.07:207][803]LogSlate: Window 'M_conc_bare' being destroyed
[2025.09.19-13.01.07:221][803]LogWorld: UWorld::CleanupWorld for World_20, bSessionEnded=true, bCleanupResources=true
[2025.09.19-13.01.08:627][970]LogEditorViewport: Clicking on Actor (LMB): StaticMeshActor (floor01_2x21)
[2025.09.19-13.01.10:756][221]LogEditorViewport: Clicking on Actor (LMB): StaticMeshActor (floor01_2x17)
[2025.09.19-13.01.14:905][704]LogSlate: FSceneViewport::OnFocusLost() reason 0
[2025.09.19-13.01.15:763][804]LogMaterial: Display: Material /Game/LevelAssets/Materials/conc/conc_bare01/M_conc_bare.M_conc_bare needed to have new flag set bUsedWithStaticLighting !
[2025.09.19-13.01.15:764][804]LogMaterial: Display: Missing cached shader map for material M_conc_bare, compiling. 
[2025.09.19-13.01.15:784][804]LogShaderCompilers: Display: Worker (1/13): shaders left to compile 31
[2025.09.19-13.01.15:785][804]LogShaderCompilers: Display: Worker (2/13): shaders left to compile 28
[2025.09.19-13.01.15:785][804]LogShaderCompilers: Display: Worker (3/13): shaders left to compile 25
[2025.09.19-13.01.15:785][804]LogShaderCompilers: Display: Worker (4/13): shaders left to compile 22
[2025.09.19-13.01.15:785][804]LogShaderCompilers: Display: Worker (5/13): shaders left to compile 19
[2025.09.19-13.01.15:785][804]LogShaderCompilers: Display: Worker (6/13): shaders left to compile 16
[2025.09.19-13.01.15:785][804]LogShaderCompilers: Display: Worker (7/13): shaders left to compile 13
[2025.09.19-13.01.15:785][804]LogShaderCompilers: Display: Worker (8/13): shaders left to compile 10
[2025.09.19-13.01.15:785][804]LogShaderCompilers: Display: Worker (9/13): shaders left to compile 7
[2025.09.19-13.01.15:785][804]LogShaderCompilers: Display: Worker (10/13): shaders left to compile 4
[2025.09.19-13.01.15:785][804]LogShaderCompilers: Display: Worker (11/13): shaders left to compile 1
[2025.09.19-13.01.16:388][858]LogEditorViewport: Clicking on Actor (LMB): StaticMeshActor (floor01_2x20)
[2025.09.19-13.01.18:403][ 96]LogEditorViewport: Clicking on Actor (LMB): StaticMeshActor (floor01_2x4)
[2025.09.19-13.01.20:878][389]LogEditorViewport: Clicking on Actor (LMB): StaticMeshActor (floor01_2x1)
[2025.09.19-13.01.26:631][ 62]LogSlate: FSceneViewport::OnFocusLost() reason 0
[2025.09.19-13.01.30:659][542]LogEditorViewport: Clicking on Actor (LMB): StaticMeshActor (floor01_2x25)
[2025.09.19-13.01.31:305][617]LogEditorViewport: Clicking on Actor (LMB): StaticMeshActor (floor01_2x21)
[2025.09.19-13.01.33:925][929]LogEditorViewport: Clicking on Actor (LMB): StaticMeshActor (floor01_2x25)
[2025.09.19-13.01.36:826][274]LogEditorViewport: Clicking on Actor (LMB): StaticMeshActor (floor01_2x23)
[2025.09.19-13.01.39:379][572]LogSlate: FSceneViewport::OnFocusLost() reason 0
[2025.09.19-13.01.42:966][999]LogEditorViewport: Clicking on Actor (LMB): StaticMeshActor (floor01_2x53)
[2025.09.19-13.01.47:499][527]LogSlate: FSceneViewport::OnFocusLost() reason 0
[2025.09.19-13.01.51:642][ 18]LogEditorViewport: Clicking on Actor (LMB): StaticMeshActor (floor01_2x49)
[2025.09.19-13.01.58:078][774]LogSlate: FSceneViewport::OnFocusLost() reason 0
[2025.09.19-13.02.06:721][809]LogSlate: FSceneViewport::OnFocusLost() reason 0
[2025.09.19-13.02.09:605][153]Cmd: TRANSACTION UNDO
[2025.09.19-13.02.09:605][153]LogEditorTransaction: Undo Create Actors
[2025.09.19-13.02.10:863][302]LogSlate: FSceneViewport::OnFocusLost() reason 0
[2025.09.19-13.02.14:773][765]LogEditorViewport: Clicking on Actor (LMB): StaticMeshActor (floor01_2x102)
[2025.09.19-13.02.19:721][341]LogSlate: FSceneViewport::OnFocusLost() reason 0
[2025.09.19-13.02.21:859][595]LogEditorViewport: Clicking on Actor (LMB): StaticMeshActor (floor01_2x90)
[2025.09.19-13.02.26:083][ 85]LogSlate: FSceneViewport::OnFocusLost() reason 0
[2025.09.19-13.02.28:197][336]LogEditorViewport: Clicking on Actor (LMB): StaticMeshActor (floor01_2x108)
[2025.09.19-13.02.33:285][939]LogEditorViewport: Clicking on Actor (LMB): StaticMeshActor (floor01_2x82)
[2025.09.19-13.02.37:838][474]LogEditorViewport: Clicking on Actor (LMB): StaticMeshActor (floor01_2x91)
[2025.09.19-13.02.41:439][900]LogEditorViewport: Clicking on Actor (LMB): StaticMeshActor (floor01_2x108)
[2025.09.19-13.02.41:850][947]LogEditorViewport: Clicking on Actor (LMB): StaticMeshActor (floor01_2x91)
[2025.09.19-13.02.50:977][ 37]Cmd: TRANSACTION UNDO
[2025.09.19-13.02.50:977][ 37]LogEditorTransaction: Undo Move Actors
[2025.09.19-13.02.51:476][ 84]Cmd: TRANSACTION UNDO
[2025.09.19-13.02.51:476][ 84]LogEditorTransaction: Undo Rotate Actors
[2025.09.19-13.02.52:447][199]LogEditorViewport: Clicking on Actor (LMB): StaticMeshActor (floor01_2x106)
[2025.09.19-13.02.53:262][294]LogEditorViewport: Clicking on Actor (LMB): StaticMeshActor (floor01_2x82)
[2025.09.19-13.02.56:735][708]LogEditorViewport: Clicking on Actor (LMB): StaticMeshActor (floor01_2x91)
[2025.09.19-13.02.58:317][892]LogSlate: FSceneViewport::OnFocusLost() reason 0
[2025.09.19-13.03.02:706][418]LogEditorViewport: Clicking on Actor (LMB): StaticMeshActor (floor01_2x107)
[2025.09.19-13.03.06:474][867]LogEditorViewport: Clicking on Actor (LMB): StaticMeshActor (floor01_2x82)
[2025.09.19-13.03.10:825][386]LogEditorViewport: Clicking on Actor (LMB): StaticMeshActor (floor01_2x91)
[2025.09.19-13.03.18:316][281]LogSlate: FSceneViewport::OnFocusLost() reason 5
[2025.09.19-13.03.18:322][281]Cmd: OBJ SAVEPACKAGE PACKAGE="/Game/Levels/CheeseFactory_001" FILE="E:/GameDev/hggjam/GameJamHGGUnreal4.23.1/GameJamCrew/Content/Levels/CheeseFactory_001.umap" SILENT=true AUTOSAVING=false KEEPDIRTY=false
[2025.09.19-13.03.18:343][281]LogUObjectHash: Compacting FUObjectHashTables data took   1.10ms
[2025.09.19-13.03.18:469][281]LogSavePackage: Moving 'E:/GameDev/hggjam/GameJamHGGUnreal4.23.1/GameJamCrew/Saved/CheeseFactory_001A013569B4B4E2D696E9147BE2595597E.tmp' to 'E:/GameDev/hggjam/GameJamHGGUnreal4.23.1/GameJamCrew/Content/Levels/CheeseFactory_001.umap'
[2025.09.19-13.03.18:481][281]Cmd: OBJ SAVEPACKAGE PACKAGE="/Game/Levels/CheeseFactory_001_BuiltData" FILE="E:/GameDev/hggjam/GameJamHGGUnreal4.23.1/GameJamCrew/Content/Levels/CheeseFactory_001_BuiltData.uasset" SILENT=true
[2025.09.19-13.03.18:848][281]LogSavePackage: Moving 'E:/GameDev/hggjam/GameJamHGGUnreal4.23.1/GameJamCrew/Saved/CheeseFactory_001_BuiltData6D939A9343063870A6A934B45C3C2927.tmp' to 'E:/GameDev/hggjam/GameJamHGGUnreal4.23.1/GameJamCrew/Content/Levels/CheeseFactory_001_BuiltData.uasset'
[2025.09.19-13.03.34:220][123]LogEditorViewport: Clicking on Actor (LMB): StaticMeshActor (floor01_2x82)
[2025.09.19-13.03.34:507][155]Cmd: TRANSACTION UNDO
[2025.09.19-13.03.34:507][155]LogEditorTransaction: Undo Clicking on Actors
[2025.09.19-13.03.38:234][599]LogEditorViewport: Clicking on Actor (LMB): StaticMeshActor (floor01_2x108)
[2025.09.19-13.03.40:618][879]LogSlate: FSceneViewport::OnFocusLost() reason 0
[2025.09.19-13.03.41:195][948]LogEditorViewport: Clicking on Actor (LMB): StaticMeshActor (floor01_2x82)
[2025.09.19-13.03.41:820][ 20]LogEditorViewport: Clicking on Actor (LMB): StaticMeshActor (floor01_2x91)
[2025.09.19-13.03.46:297][551]LogSlate: FSceneViewport::OnFocusLost() reason 0
[2025.09.19-13.03.54:573][532]LogSlate: FSceneViewport::OnFocusLost() reason 0
[2025.09.19-13.03.56:736][787]LogEditorViewport: Clicking on Actor (LMB): StaticMeshActor (floor01_2x102)
[2025.09.19-13.04.03:076][524]LogSlate: FSceneViewport::OnFocusLost() reason 0
[2025.09.19-13.04.04:613][700]LogEditorViewport: Clicking on Actor (LMB): StaticMeshActor (floor01_2x115)
[2025.09.19-13.04.05:465][800]LogSlate: FSceneViewport::OnFocusLost() reason 0
[2025.09.19-13.04.08:097][113]LogSlate: FSceneViewport::OnFocusLost() reason 5
[2025.09.19-13.04.08:103][113]Cmd: OBJ SAVEPACKAGE PACKAGE="/Game/Levels/CheeseFactory_001" FILE="E:/GameDev/hggjam/GameJamHGGUnreal4.23.1/GameJamCrew/Content/Levels/CheeseFactory_001.umap" SILENT=true AUTOSAVING=false KEEPDIRTY=false
[2025.09.19-13.04.08:124][113]LogUObjectHash: Compacting FUObjectHashTables data took   1.06ms
[2025.09.19-13.04.08:253][113]LogSavePackage: Moving 'E:/GameDev/hggjam/GameJamHGGUnreal4.23.1/GameJamCrew/Saved/CheeseFactory_001D2B8E8E44EDC0F7EBDE88CBF98F00AED.tmp' to 'E:/GameDev/hggjam/GameJamHGGUnreal4.23.1/GameJamCrew/Content/Levels/CheeseFactory_001.umap'
[2025.09.19-13.04.08:265][113]Cmd: OBJ SAVEPACKAGE PACKAGE="/Game/Levels/CheeseFactory_001_BuiltData" FILE="E:/GameDev/hggjam/GameJamHGGUnreal4.23.1/GameJamCrew/Content/Levels/CheeseFactory_001_BuiltData.uasset" SILENT=true
[2025.09.19-13.04.08:623][113]LogSavePackage: Moving 'E:/GameDev/hggjam/GameJamHGGUnreal4.23.1/GameJamCrew/Saved/CheeseFactory_001_BuiltDataA365966B46832623FEDE3CB773B62B7C.tmp' to 'E:/GameDev/hggjam/GameJamHGGUnreal4.23.1/GameJamCrew/Content/Levels/CheeseFactory_001_BuiltData.uasset'
[2025.09.19-13.04.18:253][264]LogSlate: FSceneViewport::OnFocusLost() reason 2
[2025.09.19-13.04.19:076][363]MapCheck: New page: Map Check
[2025.09.19-13.04.19:084][363]LogSlate: FSceneViewport::OnFocusLost() reason 5
[2025.09.19-13.04.19:087][363]LightingResults: New page: Lighting Build - Sep 19, 2025, 7:04:19 PM
[2025.09.19-13.04.19:091][363]LogSwarmInterface: [OpenConnection] Registering TCP channel ...
[2025.09.19-13.04.19:096][363]LogSwarmInterface: [OpenConnection] Connecting to agent ...
[2025.09.19-13.04.19:096][363]LogSwarmInterface: [TryOpenConnection] Testing the Agent
[2025.09.19-13.04.19:096][363]LogSwarmInterface: [TryOpenConnection] Opening Connection to Agent
[2025.09.19-13.04.19:096][363]LogSwarmInterface: [TryOpenConnection] Local Process ID is 3812
[2025.09.19-13.04.23:641][363]LogStaticLightingSystem: Running Lightmass w/ ImmediateImport mode ENABLED
[2025.09.19-13.04.23:641][363]LogStaticLightingSystem: Running Lightmass w/ ImmediateProcess mode ENABLED
[2025.09.19-13.04.23:641][363]LogStaticLightingSystem: Running Lightmass w/ Sorting mode ENABLED
[2025.09.19-13.04.23:641][363]LogStaticLightingSystem: Running Lightmass w/ Mapping paddings ENABLED
[2025.09.19-13.04.23:641][363]LogStaticLightingSystem: Running Lightmass w/ Mapping debug paddings DISABLED
[2025.09.19-13.04.23:706][363]LogEditorBuildUtils: Build time 0:04
[2025.09.19-13.04.23:716][363]LogMaterial: Display: Missing cached shader map for material FLightmassMaterialRenderer M_conc_floor01, compiling. 
[2025.09.19-13.04.23:719][363]LogShaderCompilers: Display: Worker (1/13): shaders left to compile 2
[2025.09.19-13.04.23:719][363]LogShaderCompilers: Display: Worker (2/13): shaders left to compile 1
[2025.09.19-13.04.23:719][363]LogMaterial: Display: Missing cached shader map for material FLightmassMaterialRenderer M_conc_floor01, compiling. 
[2025.09.19-13.04.23:723][363]LogMaterial: Display: Missing cached shader map for material FLightmassMaterialRenderer M_conc_bare, compiling. 
[2025.09.19-13.04.23:727][363]LogMaterial: Display: Missing cached shader map for material FLightmassMaterialRenderer M_conc_bare, compiling. 
[2025.09.19-13.04.23:739][364]LogShaderCompilers: Display: Worker (3/13): shaders left to compile 4
[2025.09.19-13.04.23:739][364]LogShaderCompilers: Display: Worker (4/13): shaders left to compile 3
[2025.09.19-13.04.23:739][364]LogShaderCompilers: Display: Worker (5/13): shaders left to compile 2
[2025.09.19-13.04.23:739][364]LogShaderCompilers: Display: Worker (6/13): shaders left to compile 1
[2025.09.19-13.04.23:746][364]LogShaderCompilers: Display: Worker (7/13): shaders left to compile 2
[2025.09.19-13.04.23:746][364]LogShaderCompilers: Display: Worker (8/13): shaders left to compile 1
[2025.09.19-13.04.24:008][367]LogUObjectHash: Compacting FUObjectHashTables data took   0.97ms
[2025.09.19-13.04.31:622][ 71]LogSlate: FSceneViewport::OnFocusLost() reason 0
[2025.09.19-13.04.38:322][621]LogAssetEditorManager: Opening Asset editor for StaticMesh /Game/LevelAssets/Models/modular/walls/wall01_1x1.wall01_1x1
[2025.09.19-13.04.43:651][ 25]Job is a success!
[2025.09.19-13.04.48:732][622]LogSavePackage: Moving 'E:/GameDev/hggjam/GameJamHGGUnreal4.23.1/GameJamCrew/Saved/wall01_1x1871BD2B54EC32597B81E0890A2FE30E7.tmp' to 'E:/GameDev/hggjam/GameJamHGGUnreal4.23.1/GameJamCrew/Content/LevelAssets/Models/modular/walls/wall01_1x1.uasset'
[2025.09.19-13.04.49:519][713]LogSlate: FSceneViewport::OnFocusLost() reason 0
[2025.09.19-13.04.49:592][722]LogSlate: Window 'wall01_1x1' being destroyed
[2025.09.19-13.04.49:601][722]LogWorld: UWorld::CleanupWorld for World_21, bSessionEnded=true, bCleanupResources=true
[2025.09.19-13.04.51:911][994]LogSlate: FSceneViewport::OnFocusLost() reason 0
[2025.09.19-13.04.52:053][ 10]LogAssetEditorManager: Opening Asset editor for StaticMesh /Game/LevelAssets/Models/modular/walls/wall01_1x3.wall01_1x3
[2025.09.19-13.05.00:409][986]LogSavePackage: Moving 'E:/GameDev/hggjam/GameJamHGGUnreal4.23.1/GameJamCrew/Saved/wall01_1x3536BF66A4495B8DAACE448A13FAD1171.tmp' to 'E:/GameDev/hggjam/GameJamHGGUnreal4.23.1/GameJamCrew/Content/LevelAssets/Models/modular/walls/wall01_1x3.uasset'
[2025.09.19-13.05.01:472][105]LogSlate: FSceneViewport::OnFocusLost() reason 0
[2025.09.19-13.05.01:554][115]LogSlate: Window 'wall01_1x3' being destroyed
[2025.09.19-13.05.01:560][115]LogSlate: Window 'wall01_1x3' being destroyed
[2025.09.19-13.05.01:564][115]LogWorld: UWorld::CleanupWorld for World_22, bSessionEnded=true, bCleanupResources=true
[2025.09.19-13.05.03:440][336]LogSlate: FSceneViewport::OnFocusLost() reason 0
[2025.09.19-13.05.03:625][357]LogAssetEditorManager: Opening Asset editor for StaticMesh /Game/LevelAssets/Models/modular/walls/wall01_1x3_vent.wall01_1x3_vent
[2025.09.19-13.05.09:989][ 93]LogSavePackage: Moving 'E:/GameDev/hggjam/GameJamHGGUnreal4.23.1/GameJamCrew/Saved/wall01_1x3_vent0F7A0F90437C7CBC4EA961A526304F34.tmp' to 'E:/GameDev/hggjam/GameJamHGGUnreal4.23.1/GameJamCrew/Content/LevelAssets/Models/modular/walls/wall01_1x3_vent.uasset'
[2025.09.19-13.05.10:858][191]LogSlate: FSceneViewport::OnFocusLost() reason 0
[2025.09.19-13.05.10:963][204]LogSlate: Window 'wall01_1x3_vent' being destroyed
[2025.09.19-13.05.10:969][204]LogSlate: Window 'wall01_1x3_vent' being destroyed
[2025.09.19-13.05.10:973][204]LogWorld: UWorld::CleanupWorld for World_23, bSessionEnded=true, bCleanupResources=true
[2025.09.19-13.05.11:595][274]LogSlate: FSceneViewport::OnFocusLost() reason 0
[2025.09.19-13.05.11:797][297]LogAssetEditorManager: Opening Asset editor for StaticMesh /Game/LevelAssets/Models/modular/walls/wall01_2x1.wall01_2x1
[2025.09.19-13.05.17:258][926]LogSavePackage: Moving 'E:/GameDev/hggjam/GameJamHGGUnreal4.23.1/GameJamCrew/Saved/wall01_2x1DD2C73C7464166CC638E90BDA654E10D.tmp' to 'E:/GameDev/hggjam/GameJamHGGUnreal4.23.1/GameJamCrew/Content/LevelAssets/Models/modular/walls/wall01_2x1.uasset'
[2025.09.19-13.05.18:373][ 56]LogSlate: FSceneViewport::OnFocusLost() reason 0
[2025.09.19-13.05.18:463][ 67]LogSlate: Window 'wall01_2x1' being destroyed
[2025.09.19-13.05.18:469][ 67]LogSlate: Window 'wall01_2x1' being destroyed
[2025.09.19-13.05.18:472][ 67]LogWorld: UWorld::CleanupWorld for World_24, bSessionEnded=true, bCleanupResources=true
[2025.09.19-13.05.20:181][267]LogSlate: FSceneViewport::OnFocusLost() reason 0
[2025.09.19-13.05.20:347][284]LogAssetEditorManager: Opening Asset editor for StaticMesh /Game/LevelAssets/Models/modular/walls/wall01_2x2.wall01_2x2
[2025.09.19-13.05.25:353][860]LogSavePackage: Moving 'E:/GameDev/hggjam/GameJamHGGUnreal4.23.1/GameJamCrew/Saved/wall01_2x22A724D2244A59B7706F186AB39F2887F.tmp' to 'E:/GameDev/hggjam/GameJamHGGUnreal4.23.1/GameJamCrew/Content/LevelAssets/Models/modular/walls/wall01_2x2.uasset'
[2025.09.19-13.05.26:537][998]LogSlate: FSceneViewport::OnFocusLost() reason 0
[2025.09.19-13.05.26:601][  6]LogSlate: Window 'wall01_2x2' being destroyed
[2025.09.19-13.05.26:605][  6]LogSlate: Window 'wall01_2x2' being destroyed
[2025.09.19-13.05.26:610][  6]LogWorld: UWorld::CleanupWorld for World_25, bSessionEnded=true, bCleanupResources=true
[2025.09.19-13.05.27:339][ 89]LogSlate: FSceneViewport::OnFocusLost() reason 0
[2025.09.19-13.05.27:483][105]LogAssetEditorManager: Opening Asset editor for StaticMesh /Game/LevelAssets/Models/modular/walls/wall01_2x3.wall01_2x3
[2025.09.19-13.05.32:307][655]LogSavePackage: Moving 'E:/GameDev/hggjam/GameJamHGGUnreal4.23.1/GameJamCrew/Saved/wall01_2x3D60EB715478091FACA225185A636868A.tmp' to 'E:/GameDev/hggjam/GameJamHGGUnreal4.23.1/GameJamCrew/Content/LevelAssets/Models/modular/walls/wall01_2x3.uasset'
[2025.09.19-13.05.33:238][763]LogSlate: FSceneViewport::OnFocusLost() reason 0
[2025.09.19-13.05.33:311][772]LogSlate: Window 'wall01_2x3' being destroyed
[2025.09.19-13.05.33:315][772]LogSlate: Window 'wall01_2x3' being destroyed
[2025.09.19-13.05.33:319][772]LogWorld: UWorld::CleanupWorld for World_26, bSessionEnded=true, bCleanupResources=true
[2025.09.19-13.05.33:984][847]LogSlate: FSceneViewport::OnFocusLost() reason 0
[2025.09.19-13.05.34:153][866]LogAssetEditorManager: Opening Asset editor for StaticMesh /Game/LevelAssets/Models/modular/walls/wall01_2x3_door01.wall01_2x3_door01
[2025.09.19-13.05.40:127][555]LogSavePackage: Moving 'E:/GameDev/hggjam/GameJamHGGUnreal4.23.1/GameJamCrew/Saved/wall01_2x3_door0187E03E574CA6DCB5081F618A61B4797B.tmp' to 'E:/GameDev/hggjam/GameJamHGGUnreal4.23.1/GameJamCrew/Content/LevelAssets/Models/modular/walls/wall01_2x3_door01.uasset'
[2025.09.19-13.05.41:556][723]LogSlate: FSceneViewport::OnFocusLost() reason 0
[2025.09.19-13.05.41:630][732]LogSlate: Window 'wall01_2x3_door01' being destroyed
[2025.09.19-13.05.41:634][732]LogSlate: Window 'wall01_2x3_door01' being destroyed
[2025.09.19-13.05.41:638][732]LogWorld: UWorld::CleanupWorld for World_27, bSessionEnded=true, bCleanupResources=true
[2025.09.19-13.05.42:372][815]LogSlate: FSceneViewport::OnFocusLost() reason 0
[2025.09.19-13.05.42:582][839]LogAssetEditorManager: Opening Asset editor for StaticMesh /Game/LevelAssets/Models/modular/walls/wall01_2x3_window01.wall01_2x3_window01
[2025.09.19-13.05.47:830][440]LogSavePackage: Moving 'E:/GameDev/hggjam/GameJamHGGUnreal4.23.1/GameJamCrew/Saved/wall01_2x3_window0192F93AFC407F6FA768CC97BFDC62690D.tmp' to 'E:/GameDev/hggjam/GameJamHGGUnreal4.23.1/GameJamCrew/Content/LevelAssets/Models/modular/walls/wall01_2x3_window01.uasset'
[2025.09.19-13.05.49:103][589]LogSlate: FSceneViewport::OnFocusLost() reason 0
[2025.09.19-13.05.49:176][598]LogSlate: Window 'wall01_2x3_window01' being destroyed
[2025.09.19-13.05.49:180][598]LogSlate: Window 'wall01_2x3_window01' being destroyed
[2025.09.19-13.05.49:185][598]LogWorld: UWorld::CleanupWorld for World_28, bSessionEnded=true, bCleanupResources=true
[2025.09.19-13.05.49:840][672]LogSlate: FSceneViewport::OnFocusLost() reason 0
[2025.09.19-13.05.50:009][691]LogAssetEditorManager: Opening Asset editor for StaticMesh /Game/LevelAssets/Models/modular/walls/wall01_garage_arch.wall01_garage_arch
[2025.09.19-13.05.55:449][316]LogSavePackage: Moving 'E:/GameDev/hggjam/GameJamHGGUnreal4.23.1/GameJamCrew/Saved/wall01_garage_archF9F9D0804EE03FD86095D785FE91D32B.tmp' to 'E:/GameDev/hggjam/GameJamHGGUnreal4.23.1/GameJamCrew/Content/LevelAssets/Models/modular/walls/wall01_garage_arch.uasset'
[2025.09.19-13.05.56:570][446]LogSlate: FSceneViewport::OnFocusLost() reason 0
[2025.09.19-13.05.56:635][454]LogSlate: Window 'wall01_garage_arch' being destroyed
[2025.09.19-13.05.56:639][454]LogSlate: Window 'wall01_garage_arch' being destroyed
[2025.09.19-13.05.56:643][454]LogWorld: UWorld::CleanupWorld for World_29, bSessionEnded=true, bCleanupResources=true
[2025.09.19-13.06.01:232][998]LogSlate: FSceneViewport::OnFocusLost() reason 2
[2025.09.19-13.06.01:924][ 81]MapCheck: New page: Map Check
[2025.09.19-13.06.01:938][ 81]LogSlate: FSceneViewport::OnFocusLost() reason 5
[2025.09.19-13.06.01:944][ 81]LogStaticLightingSystem: Warning: Failed to build lighting!!! A lighting build is already in progress! Please cancel it before triggering a new build.
[2025.09.19-13.06.02:719][ 81]LogEditorBuildUtils: Build time 0:00
[2025.09.19-13.06.08:524][774]LogSlate: FSceneViewport::OnFocusLost() reason 5
[2025.09.19-13.06.08:529][774]Cmd: OBJ SAVEPACKAGE PACKAGE="/Game/Levels/CheeseFactory_001" FILE="E:/GameDev/hggjam/GameJamHGGUnreal4.23.1/GameJamCrew/Content/Levels/CheeseFactory_001.umap" SILENT=true AUTOSAVING=false KEEPDIRTY=false
[2025.09.19-13.06.08:550][774]LogUObjectHash: Compacting FUObjectHashTables data took   0.80ms
[2025.09.19-13.06.08:673][774]LogSavePackage: Moving 'E:/GameDev/hggjam/GameJamHGGUnreal4.23.1/GameJamCrew/Saved/CheeseFactory_0014C9328C84AE839ED6C36ED9F573EA172.tmp' to 'E:/GameDev/hggjam/GameJamHGGUnreal4.23.1/GameJamCrew/Content/Levels/CheeseFactory_001.umap'
[2025.09.19-13.06.08:683][774]Cmd: OBJ SAVEPACKAGE PACKAGE="/Game/Levels/CheeseFactory_001_BuiltData" FILE="E:/GameDev/hggjam/GameJamHGGUnreal4.23.1/GameJamCrew/Content/Levels/CheeseFactory_001_BuiltData.uasset" SILENT=true
[2025.09.19-13.06.09:037][774]LogSavePackage: Moving 'E:/GameDev/hggjam/GameJamHGGUnreal4.23.1/GameJamCrew/Saved/CheeseFactory_001_BuiltDataD3A5A54746971A6A2C91FBBB7E8F6286.tmp' to 'E:/GameDev/hggjam/GameJamHGGUnreal4.23.1/GameJamCrew/Content/Levels/CheeseFactory_001_BuiltData.uasset'
[2025.09.19-13.06.11:194][ 30]LogEditorViewport: Clicking on Actor (LMB): StaticMeshActor (pillar01_half_05x1)
[2025.09.19-13.06.12:740][210]LogSlate: FSceneViewport::OnFocusLost() reason 2
[2025.09.19-13.06.14:939][474]MapCheck: New page: Map Check
[2025.09.19-13.06.14:947][474]LogSlate: FSceneViewport::OnFocusLost() reason 5
[2025.09.19-13.06.14:949][474]LightingResults: New page: Lighting Build - Sep 19, 2025, 7:06:14 PM
[2025.09.19-13.06.14:953][474]LogSwarmInterface: [OpenConnection] Registering TCP channel ...
[2025.09.19-13.06.14:956][474]LogSwarmInterface: [OpenConnection] Connecting to agent ...
[2025.09.19-13.06.14:956][474]LogSwarmInterface: [TryOpenConnection] Testing the Agent
[2025.09.19-13.06.14:957][474]LogSwarmInterface: [TryOpenConnection] Opening Connection to Agent
[2025.09.19-13.06.14:957][474]LogSwarmInterface: [TryOpenConnection] Local Process ID is 3812
[2025.09.19-13.06.19:526][474]LogStaticLightingSystem: Running Lightmass w/ ImmediateImport mode ENABLED
[2025.09.19-13.06.19:526][474]LogStaticLightingSystem: Running Lightmass w/ ImmediateProcess mode ENABLED
[2025.09.19-13.06.19:526][474]LogStaticLightingSystem: Running Lightmass w/ Sorting mode ENABLED
[2025.09.19-13.06.19:526][474]LogStaticLightingSystem: Running Lightmass w/ Mapping paddings ENABLED
[2025.09.19-13.06.19:526][474]LogStaticLightingSystem: Running Lightmass w/ Mapping debug paddings DISABLED
[2025.09.19-13.06.19:592][474]LogEditorBuildUtils: Build time 0:04
[2025.09.19-13.06.19:636][475]LogUObjectHash: Compacting FUObjectHashTables data took   0.99ms
[2025.09.19-13.06.39:318][309]Job is a success!
[2025.09.19-13.06.39:345][310]LogSlate: FSceneViewport::OnFocusLost() reason 5
[2025.09.19-13.06.39:382][310]LogVolumetricLightmapImport: Imported Volumetric Lightmap in 0.002s
[2025.09.19-13.06.39:382][310]LogVolumetricLightmapImport:      Indirection Texture 16x16x16 = 0.0Mb
[2025.09.19-13.06.39:382][310]LogVolumetricLightmapImport:      BrickData 70x5x5 = 0.1Mb
[2025.09.19-13.06.39:382][310]LogVolumetricLightmapImport:      Bricks at Level
[2025.09.19-13.06.39:382][310]LogVolumetricLightmapImport:          0: 7.1% covering 100.0% of volume
[2025.09.19-13.06.39:382][310]LogVolumetricLightmapImport:          1: 7.1% covering 1.6% of volume
[2025.09.19-13.06.39:382][310]LogVolumetricLightmapImport:          2: 85.7% covering 0.3% of volume
[2025.09.19-13.06.40:540][310]LogTexture: Display: Building textures: SkyOcclusion1_1 (AutoDXT, 1024X512)
[2025.09.19-13.06.40:540][310]LogTexture: Display: Building textures: HQ_Lightmap1_1 (AutoDXT, 1024X1024)
[2025.09.19-13.06.40:540][310]LogTexture: Display: Building textures: LQ_Lightmap_1_1 (DXT1, 1024X1024)
[2025.09.19-13.06.40:540][310]LogTexture: Display: Building textures: SkyOcclusion0_2 (AutoDXT, 1024X512)
[2025.09.19-13.06.40:540][310]LogTexture: Display: Building textures: HQ_Lightmap0_2 (AutoDXT, 1024X1024)
[2025.09.19-13.06.40:540][310]LogTexture: Display: Building textures: LQ_Lightmap_0_2 (DXT1, 1024X1024)
[2025.09.19-13.06.40:540][310]LogTexture: Display: Building textures: SkyOcclusion0_3 (AutoDXT, 1024X512)
[2025.09.19-13.06.40:540][310]LogTexture: Display: Building textures: HQ_Lightmap0_3 (AutoDXT, 1024X1024)
[2025.09.19-13.06.40:540][310]LogTexture: Display: Building textures: LQ_Lightmap_0_3 (DXT1, 1024X1024)
[2025.09.19-13.06.40:540][310]LogTexture: Display: Building textures: SkyOcclusion1_4 (AutoDXT, 1024X512)
[2025.09.19-13.06.40:540][310]LogTexture: Display: Building textures: HQ_Lightmap1_4 (AutoDXT, 1024X1024)
[2025.09.19-13.06.40:540][310]LogTexture: Display: Building textures: LQ_Lightmap_1_4 (DXT1, 1024X1024)
[2025.09.19-13.06.40:540][310]LogTexture: Display: Building textures: SkyOcclusion0_5 (AutoDXT, 1024X512)
[2025.09.19-13.06.40:540][310]LogTexture: Display: Building textures: HQ_Lightmap0_5 (AutoDXT, 1024X1024)
[2025.09.19-13.06.40:540][310]LogTexture: Display: Building textures: LQ_Lightmap_0_5 (DXT1, 1024X1024)
[2025.09.19-13.06.40:540][310]LogTexture: Display: Building textures: SkyOcclusion1_6 (AutoDXT, 1024X512)
[2025.09.19-13.06.40:540][310]LogTexture: Display: Building textures: HQ_Lightmap1_6 (AutoDXT, 1024X1024)
[2025.09.19-13.06.40:540][310]LogTexture: Display: Building textures: LQ_Lightmap_1_6 (DXT1, 1024X1024)
[2025.09.19-13.06.40:540][310]LogTexture: Display: Building textures: SkyOcclusion1_7 (AutoDXT, 1024X512)
[2025.09.19-13.06.40:540][310]LogTexture: Display: Building textures: HQ_Lightmap1_7 (AutoDXT, 1024X1024)
[2025.09.19-13.06.40:540][310]LogTexture: Display: Building textures: LQ_Lightmap_1_7 (DXT1, 1024X1024)
[2025.09.19-13.06.40:540][310]LogTexture: Display: Building textures: SkyOcclusion0_8 (AutoDXT, 1024X512)
[2025.09.19-13.06.40:540][310]LogTexture: Display: Building textures: HQ_Lightmap0_8 (AutoDXT, 1024X1024)
[2025.09.19-13.06.40:540][310]LogTexture: Display: Building textures: LQ_Lightmap_0_8 (DXT1, 1024X1024)
[2025.09.19-13.06.40:540][310]LogTexture: Display: Building textures: SkyOcclusion0_9 (AutoDXT, 1024X512)
[2025.09.19-13.06.40:540][310]LogTexture: Display: Building textures: HQ_Lightmap0_9 (AutoDXT, 1024X1024)
[2025.09.19-13.06.40:540][310]LogTexture: Display: Building textures: LQ_Lightmap_0_9 (DXT1, 1024X1024)
[2025.09.19-13.06.40:540][310]LogTexture: Display: Building textures: SkyOcclusion0_10 (AutoDXT, 1024X512)
[2025.09.19-13.06.40:540][310]LogTexture: Display: Building textures: HQ_Lightmap0_10 (AutoDXT, 1024X1024)
[2025.09.19-13.06.40:540][310]LogTexture: Display: Building textures: LQ_Lightmap_0_10 (DXT1, 1024X1024)
[2025.09.19-13.06.40:540][310]LogTexture: Display: Building textures: SkyOcclusion0_11 (AutoDXT, 512X256)
[2025.09.19-13.06.40:540][310]LogTexture: Display: Building textures: HQ_Lightmap0_11 (AutoDXT, 512X512)
[2025.09.19-13.06.40:540][310]LogTexture: Display: Building textures: LQ_Lightmap_0_11 (DXT1, 512X512)
[2025.09.19-13.06.40:540][310]LogTexture: Display: Building textures: SkyOcclusion0_12 (AutoDXT, 64X32)
[2025.09.19-13.06.40:540][310]LogTexture: Display: Building textures: HQ_Lightmap0_12 (AutoDXT, 64X64)
[2025.09.19-13.06.40:540][310]LogTexture: Display: Building textures: LQ_Lightmap_0_12 (DXT1, 64X64)
[2025.09.19-13.06.40:653][310]LogTexture: Display: Building textures: ShadowMapTexture2D_63 (G8, 32X32)
[2025.09.19-13.06.40:653][310]LogTexture: Display: Building textures: ShadowMapTexture2D_61 (BGRA8, 1024X1024)
[2025.09.19-13.06.40:653][310]LogTexture: Display: Building textures: ShadowMapTexture2D_62 (BGRA8, 1024X1024)
[2025.09.19-13.06.40:653][310]LogTexture: Display: Building textures: ShadowMapTexture2D_60 (BGRA8, 1024X1024)
[2025.09.19-13.06.40:653][310]LogTexture: Display: Building textures: ShadowMapTexture2D_59 (BGRA8, 1024X1024)
[2025.09.19-13.06.40:664][310]LogStaticLightingSystem: CheeseFactory_001_BuiltData storing lightmap data for 528 meshes in 27 LightmapResourceClusters (19.6 Meshes per cluster).
[2025.09.19-13.06.40:687][310]LogUObjectHash: Compacting FUObjectHashTables data took   0.81ms
[2025.09.19-13.06.40:690][310]Lightmass on CECOMAIN: 20.8 sec total, 60 ms importing, 14 ms setup, 1.28 sec photons, 19.4 sec processing, 0 ms extra exporting [528/528 mappings]. Threads: 4:51 min total, 3:32 min processing.
[2025.09.19-13.06.40:695][310]LogStaticLightingSystem: Illumination: 25.7 sec (933 ms encoding lightmaps, 106 ms encoding shadowmaps)
[2025.09.19-13.06.40:695][310]LogStaticLightingSystem: Lightmap texture memory:  27.3 MB (27.3 MB streaming, 0.0 MB non-streaming), 24 textures
[2025.09.19-13.06.40:695][310]LogStaticLightingSystem: Shadowmap texture memory: 21.3 MB (21.3 MB streaming, 0.0 MB non-streaming), 5 textures
[2025.09.19-13.06.41:543][310]DumpUnbuiltLightIteractions
[2025.09.19-13.06.41:544][310]Lights with unbuilt interactions: 0
[2025.09.19-13.06.41:544][310]
[2025.09.19-13.06.41:544][310]Primitives with unbuilt interactions: 0
[2025.09.19-13.06.41:550][310]LogSlate: FSceneViewport::OnFocusLost() reason 5
[2025.09.19-13.06.41:604][311]Cmd: MAP CHECK NOTIFYRESULTS
[2025.09.19-13.06.41:604][311]MapCheck: New page: CheeseFactory_001 - Sep 19, 2025, 7:06:41 PM
[2025.09.19-13.06.41:607][311]MapCheck: Map check complete: 0 Error(s), 0 Warning(s), took 1.594ms to complete.
[2025.09.19-13.06.59:235][425]LogEditorViewport: Clicking on Actor (LMB): StaticMeshActor (floor01_2x115)
[2025.09.19-13.07.03:264][905]LogEditorViewport: Clicking on Actor (context menu): StaticMeshActor (floor01_2x115)
[2025.09.19-13.07.03:279][905]LogSlate: FSceneViewport::OnFocusLost() reason 5
[2025.09.19-13.07.08:377][514]LogEditorViewport: Clicking on Actor (LMB): StaticMeshActor (floor01_2x87)
[2025.09.19-13.07.20:866][  9]LogEditorViewport: Clicking on Actor (LMB): PointLight (PointLight2)
[2025.09.19-13.07.28:401][906]LogSlate: FSceneViewport::OnFocusLost() reason 0
[2025.09.19-13.07.35:796][791]LogSlate: FSceneViewport::OnFocusLost() reason 5
[2025.09.19-13.07.35:801][791]Cmd: OBJ SAVEPACKAGE PACKAGE="/Game/Levels/CheeseFactory_001" FILE="E:/GameDev/hggjam/GameJamHGGUnreal4.23.1/GameJamCrew/Content/Levels/CheeseFactory_001.umap" SILENT=true AUTOSAVING=false KEEPDIRTY=false
[2025.09.19-13.07.35:821][791]LogUObjectHash: Compacting FUObjectHashTables data took   0.84ms
[2025.09.19-13.07.35:945][791]LogSavePackage: Moving 'E:/GameDev/hggjam/GameJamHGGUnreal4.23.1/GameJamCrew/Saved/CheeseFactory_0019EBE2B72422385693009F99B26366411.tmp' to 'E:/GameDev/hggjam/GameJamHGGUnreal4.23.1/GameJamCrew/Content/Levels/CheeseFactory_001.umap'
[2025.09.19-13.07.35:956][791]Cmd: OBJ SAVEPACKAGE PACKAGE="/Game/Levels/CheeseFactory_001_BuiltData" FILE="E:/GameDev/hggjam/GameJamHGGUnreal4.23.1/GameJamCrew/Content/Levels/CheeseFactory_001_BuiltData.uasset" SILENT=true
[2025.09.19-13.07.36:306][791]LogSavePackage: Moving 'E:/GameDev/hggjam/GameJamHGGUnreal4.23.1/GameJamCrew/Saved/CheeseFactory_001_BuiltDataAD7F9F43444AF989B2546C98DA355120.tmp' to 'E:/GameDev/hggjam/GameJamHGGUnreal4.23.1/GameJamCrew/Content/Levels/CheeseFactory_001_BuiltData.uasset'
[2025.09.19-13.07.36:771][845]LogEditorViewport: Clicking on Actor (LMB): StaticMeshActor (floor01_2x52)
[2025.09.19-13.07.56:757][239]LogEditorViewport: Clicking on Actor (LMB): PointLight (PointLight3)
[2025.09.19-13.08.05:201][249]Cmd: TRANSACTION UNDO
[2025.09.19-13.08.05:201][249]LogEditorTransaction: Undo Move Actors
[2025.09.19-13.08.06:876][447]LogEditorViewport: Clicking on Actor (LMB): PointLight (PointLight6)
[2025.09.19-13.08.12:679][140]Cmd: TRANSACTION UNDO
[2025.09.19-13.08.12:679][140]LogEditorTransaction: Undo Move Actors
[2025.09.19-13.08.14:134][311]LogEditorViewport: Clicking on Actor (LMB): PointLight (PointLight3)
[2025.09.19-13.08.16:183][554]LogEditorViewport: Clicking on Actor (LMB): PointLight (PointLight6)
[2025.09.19-13.08.18:762][861]LogEditorViewport: Clicking on Actor (LMB): PointLight (PointLight3)
[2025.09.19-13.08.21:388][173]LogSlate: FSceneViewport::OnFocusLost() reason 5
[2025.09.19-13.08.21:394][173]Cmd: OBJ SAVEPACKAGE PACKAGE="/Game/Levels/CheeseFactory_001" FILE="E:/GameDev/hggjam/GameJamHGGUnreal4.23.1/GameJamCrew/Content/Levels/CheeseFactory_001.umap" SILENT=true AUTOSAVING=false KEEPDIRTY=false
[2025.09.19-13.08.21:414][173]LogUObjectHash: Compacting FUObjectHashTables data took   1.08ms
[2025.09.19-13.08.21:537][173]LogSavePackage: Moving 'E:/GameDev/hggjam/GameJamHGGUnreal4.23.1/GameJamCrew/Saved/CheeseFactory_001F45BF3BC405182FDF43532A1C9D51E0C.tmp' to 'E:/GameDev/hggjam/GameJamHGGUnreal4.23.1/GameJamCrew/Content/Levels/CheeseFactory_001.umap'
[2025.09.19-13.08.21:549][173]Cmd: OBJ SAVEPACKAGE PACKAGE="/Game/Levels/CheeseFactory_001_BuiltData" FILE="E:/GameDev/hggjam/GameJamHGGUnreal4.23.1/GameJamCrew/Content/Levels/CheeseFactory_001_BuiltData.uasset" SILENT=true
[2025.09.19-13.08.21:915][173]LogSavePackage: Moving 'E:/GameDev/hggjam/GameJamHGGUnreal4.23.1/GameJamCrew/Saved/CheeseFactory_001_BuiltDataCB3FB2A444BA49C6705B16B232CD8B07.tmp' to 'E:/GameDev/hggjam/GameJamHGGUnreal4.23.1/GameJamCrew/Content/Levels/CheeseFactory_001_BuiltData.uasset'
[2025.09.19-13.08.23:789][395]LogSlate: FSceneViewport::OnFocusLost() reason 2
[2025.09.19-13.08.24:557][487]MapCheck: New page: Map Check
[2025.09.19-13.08.24:569][487]LogSlate: FSceneViewport::OnFocusLost() reason 5
[2025.09.19-13.08.24:571][487]LightingResults: New page: Lighting Build - Sep 19, 2025, 7:08:24 PM
[2025.09.19-13.08.24:576][487]LogSwarmInterface: [OpenConnection] Registering TCP channel ...
[2025.09.19-13.08.24:579][487]LogSwarmInterface: [OpenConnection] Connecting to agent ...
[2025.09.19-13.08.24:579][487]LogSwarmInterface: [TryOpenConnection] Testing the Agent
[2025.09.19-13.08.24:579][487]LogSwarmInterface: [TryOpenConnection] Opening Connection to Agent
[2025.09.19-13.08.24:579][487]LogSwarmInterface: [TryOpenConnection] Local Process ID is 3812
[2025.09.19-13.08.29:123][487]LogStaticLightingSystem: Running Lightmass w/ ImmediateImport mode ENABLED
[2025.09.19-13.08.29:123][487]LogStaticLightingSystem: Running Lightmass w/ ImmediateProcess mode ENABLED
[2025.09.19-13.08.29:123][487]LogStaticLightingSystem: Running Lightmass w/ Sorting mode ENABLED
[2025.09.19-13.08.29:123][487]LogStaticLightingSystem: Running Lightmass w/ Mapping paddings ENABLED
[2025.09.19-13.08.29:123][487]LogStaticLightingSystem: Running Lightmass w/ Mapping debug paddings DISABLED
[2025.09.19-13.08.29:192][487]LogEditorBuildUtils: Build time 0:04
[2025.09.19-13.08.29:238][488]LogUObjectHash: Compacting FUObjectHashTables data took   0.99ms
[2025.09.19-13.08.48:680][546]Job is a success!
[2025.09.19-13.08.49:060][547]LogVolumetricLightmapImport: Imported Volumetric Lightmap in 0.003s
[2025.09.19-13.08.49:060][547]LogVolumetricLightmapImport:      Indirection Texture 16x16x16 = 0.0Mb
[2025.09.19-13.08.49:060][547]LogVolumetricLightmapImport:      BrickData 70x5x5 = 0.1Mb
[2025.09.19-13.08.49:060][547]LogVolumetricLightmapImport:      Bricks at Level
[2025.09.19-13.08.49:060][547]LogVolumetricLightmapImport:          0: 7.1% covering 100.0% of volume
[2025.09.19-13.08.49:060][547]LogVolumetricLightmapImport:          1: 7.1% covering 1.6% of volume
[2025.09.19-13.08.49:060][547]LogVolumetricLightmapImport:          2: 85.7% covering 0.3% of volume
[2025.09.19-13.08.49:292][547]LightingResults: Warning: PointLight3 Severe performance loss: Failed to allocate shadowmap channel for stationary light due to overlap - light will fall back to dynamic shadows!
[2025.09.19-13.08.50:257][547]LogTexture: Display: Building textures: SkyOcclusion0_1 (AutoDXT, 1024X512)
[2025.09.19-13.08.50:257][547]LogTexture: Display: Building textures: HQ_Lightmap0_1 (AutoDXT, 1024X1024)
[2025.09.19-13.08.50:257][547]LogTexture: Display: Building textures: LQ_Lightmap_0_1 (DXT1, 1024X1024)
[2025.09.19-13.08.50:258][547]LogTexture: Display: Building textures: SkyOcclusion1_2 (AutoDXT, 1024X512)
[2025.09.19-13.08.50:258][547]LogTexture: Display: Building textures: HQ_Lightmap1_2 (AutoDXT, 1024X1024)
[2025.09.19-13.08.50:258][547]LogTexture: Display: Building textures: LQ_Lightmap_1_2 (DXT1, 1024X1024)
[2025.09.19-13.08.50:258][547]LogTexture: Display: Building textures: SkyOcclusion1_3 (AutoDXT, 1024X512)
[2025.09.19-13.08.50:258][547]LogTexture: Display: Building textures: HQ_Lightmap1_3 (AutoDXT, 1024X1024)
[2025.09.19-13.08.50:258][547]LogTexture: Display: Building textures: LQ_Lightmap_1_3 (DXT1, 1024X1024)
[2025.09.19-13.08.50:258][547]LogTexture: Display: Building textures: SkyOcclusion0_4 (AutoDXT, 1024X512)
[2025.09.19-13.08.50:258][547]LogTexture: Display: Building textures: HQ_Lightmap0_4 (AutoDXT, 1024X1024)
[2025.09.19-13.08.50:258][547]LogTexture: Display: Building textures: LQ_Lightmap_0_4 (DXT1, 1024X1024)
[2025.09.19-13.08.50:258][547]LogTexture: Display: Building textures: SkyOcclusion1_5 (AutoDXT, 1024X512)
[2025.09.19-13.08.50:258][547]LogTexture: Display: Building textures: HQ_Lightmap1_5 (AutoDXT, 1024X1024)
[2025.09.19-13.08.50:258][547]LogTexture: Display: Building textures: LQ_Lightmap_1_5 (DXT1, 1024X1024)
[2025.09.19-13.08.50:258][547]LogTexture: Display: Building textures: SkyOcclusion0_6 (AutoDXT, 1024X512)
[2025.09.19-13.08.50:258][547]LogTexture: Display: Building textures: HQ_Lightmap0_6 (AutoDXT, 1024X1024)
[2025.09.19-13.08.50:258][547]LogTexture: Display: Building textures: LQ_Lightmap_0_6 (DXT1, 1024X1024)
[2025.09.19-13.08.50:258][547]LogTexture: Display: Building textures: SkyOcclusion0_7 (AutoDXT, 1024X512)
[2025.09.19-13.08.50:258][547]LogTexture: Display: Building textures: HQ_Lightmap0_7 (AutoDXT, 1024X1024)
[2025.09.19-13.08.50:258][547]LogTexture: Display: Building textures: LQ_Lightmap_0_7 (DXT1, 1024X1024)
[2025.09.19-13.08.50:258][547]LogTexture: Display: Building textures: SkyOcclusion1_8 (AutoDXT, 1024X512)
[2025.09.19-13.08.50:258][547]LogTexture: Display: Building textures: HQ_Lightmap1_8 (AutoDXT, 1024X1024)
[2025.09.19-13.08.50:258][547]LogTexture: Display: Building textures: LQ_Lightmap_1_8 (DXT1, 1024X1024)
[2025.09.19-13.08.50:258][547]LogTexture: Display: Building textures: SkyOcclusion1_9 (AutoDXT, 1024X512)
[2025.09.19-13.08.50:258][547]LogTexture: Display: Building textures: HQ_Lightmap1_9 (AutoDXT, 1024X1024)
[2025.09.19-13.08.50:258][547]LogTexture: Display: Building textures: LQ_Lightmap_1_9 (DXT1, 1024X1024)
[2025.09.19-13.08.50:258][547]LogTexture: Display: Building textures: SkyOcclusion1_10 (AutoDXT, 1024X512)
[2025.09.19-13.08.50:258][547]LogTexture: Display: Building textures: HQ_Lightmap1_10 (AutoDXT, 1024X1024)
[2025.09.19-13.08.50:258][547]LogTexture: Display: Building textures: LQ_Lightmap_1_10 (DXT1, 1024X1024)
[2025.09.19-13.08.50:258][547]LogTexture: Display: Building textures: SkyOcclusion1_11 (AutoDXT, 512X256)
[2025.09.19-13.08.50:258][547]LogTexture: Display: Building textures: HQ_Lightmap1_11 (AutoDXT, 512X512)
[2025.09.19-13.08.50:258][547]LogTexture: Display: Building textures: LQ_Lightmap_1_11 (DXT1, 512X512)
[2025.09.19-13.08.50:258][547]LogTexture: Display: Building textures: SkyOcclusion1_12 (AutoDXT, 64X32)
[2025.09.19-13.08.50:258][547]LogTexture: Display: Building textures: HQ_Lightmap1_12 (AutoDXT, 64X64)
[2025.09.19-13.08.50:258][547]LogTexture: Display: Building textures: LQ_Lightmap_1_12 (DXT1, 64X64)
[2025.09.19-13.08.50:377][547]LogTexture: Display: Building textures: ShadowMapTexture2D_69 (G8, 32X32)
[2025.09.19-13.08.50:377][547]LogTexture: Display: Building textures: ShadowMapTexture2D_68 (BGRA8, 1024X256)
[2025.09.19-13.08.50:377][547]LogTexture: Display: Building textures: ShadowMapTexture2D_64 (BGRA8, 1024X1024)
[2025.09.19-13.08.50:377][547]LogTexture: Display: Building textures: ShadowMapTexture2D_67 (BGRA8, 1024X1024)
[2025.09.19-13.08.50:377][547]LogTexture: Display: Building textures: ShadowMapTexture2D_66 (BGRA8, 1024X1024)
[2025.09.19-13.08.50:377][547]LogTexture: Display: Building textures: ShadowMapTexture2D_65 (BGRA8, 1024X1024)
[2025.09.19-13.08.50:395][547]LogStaticLightingSystem: CheeseFactory_001_BuiltData storing lightmap data for 528 meshes in 26 LightmapResourceClusters (20.3 Meshes per cluster).
[2025.09.19-13.08.50:416][547]Lightmass on CECOMAIN: 20.9 sec total, 60 ms importing, 12 ms setup, 1.07 sec photons, 19.7 sec processing, 0 ms extra exporting [528/528 mappings]. Threads: 4:56 min total, 3:23 min processing.
[2025.09.19-13.08.50:419][547]LogUObjectHash: Compacting FUObjectHashTables data took   0.86ms
[2025.09.19-13.08.50:421][547]LogStaticLightingSystem: Illumination: 25.5 sec (966 ms encoding lightmaps, 116 ms encoding shadowmaps)
[2025.09.19-13.08.50:421][547]LogStaticLightingSystem: Lightmap texture memory:  27.3 MB (27.3 MB streaming, 0.0 MB non-streaming), 24 textures
[2025.09.19-13.08.50:421][547]LogStaticLightingSystem: Shadowmap texture memory: 22.7 MB (22.7 MB streaming, 0.0 MB non-streaming), 6 textures
[2025.09.19-13.08.51:138][547]DumpUnbuiltLightIteractions
[2025.09.19-13.08.51:139][547]Lights with unbuilt interactions: 0
[2025.09.19-13.08.51:139][547]
[2025.09.19-13.08.51:139][547]Primitives with unbuilt interactions: 0
[2025.09.19-13.08.51:201][548]Cmd: MAP CHECK NOTIFYRESULTS
[2025.09.19-13.08.51:201][548]MapCheck: New page: CheeseFactory_001 - Sep 19, 2025, 7:08:51 PM
[2025.09.19-13.08.51:202][548]MapCheck: Map check complete: 0 Error(s), 0 Warning(s), took 1.538ms to complete.
[2025.09.19-13.11.31:668][563]LogSlate: Window 'Message Log' being destroyed
[2025.09.19-13.11.31:675][563]LogSlate: Window 'Message Log' being destroyed
[2025.09.19-13.11.41:739][770]LogEditorViewport: Clicking on Actor (LMB): StaticMeshActor (floor01_2x48)
[2025.09.19-13.11.42:962][914]LogEditorViewport: Clicking on Actor (LMB): StaticMeshActor (wall01_2x99)
[2025.09.19-13.11.43:851][ 18]LogEditorViewport: Clicking on Actor (LMB): StaticMeshActor (floor01_2x47)
[2025.09.19-13.11.46:889][380]LogEditorViewport: Clicking on Actor (LMB): StaticMeshActor (floor01_2x23)
[2025.09.19-13.11.47:460][446]LogEditorViewport: Clicking on Actor (LMB): PointLight (PointLight3)
[2025.09.19-13.11.55:168][367]LogSlate: FSceneViewport::OnFocusLost() reason 0
[2025.09.19-13.12.51:249][203]LogSlate: FSceneViewport::OnFocusLost() reason 0
[2025.09.19-13.12.53:728][500]LogEditorViewport: Clicking on Actor (LMB): PointLight (PointLight6)
[2025.09.19-13.12.55:551][717]LogSlate: FSceneViewport::OnFocusLost() reason 0
[2025.09.19-13.12.58:955][125]LogEditorViewport: Clicking on Actor (LMB): PointLight (PointLight2)
[2025.09.19-13.12.59:712][214]LogSlate: FSceneViewport::OnFocusLost() reason 0
[2025.09.19-13.13.02:418][538]LogEditorViewport: Clicking on Actor (LMB): PointLight (PointLight)
[2025.09.19-13.13.03:143][623]LogSlate: FSceneViewport::OnFocusLost() reason 0
[2025.09.19-13.13.05:537][910]LogEditorViewport: Clicking on Actor (LMB): SpotLight (SpotLight)
[2025.09.19-13.13.09:679][405]LogEditorViewport: Clicking on Actor (LMB): PointLight (PointLight)
[2025.09.19-13.13.13:308][838]LogEditorViewport: Clicking on Actor (LMB): PointLight (PointLight6)
[2025.09.19-13.13.18:202][423]LogEditorViewport: Clicking on Actor (LMB): PointLight (PointLight2)
[2025.09.19-13.13.21:007][757]LogSlate: FSceneViewport::OnFocusLost() reason 0
[2025.09.19-13.13.24:293][149]LogSlate: FSceneViewport::OnFocusLost() reason 0
[2025.09.19-13.13.31:302][987]LogEditorViewport: Clicking on Actor (LMB): PointLight (PointLight3)
[2025.09.19-13.13.36:155][563]LogSlate: FSceneViewport::OnFocusLost() reason 5
[2025.09.19-13.13.36:162][563]Cmd: OBJ SAVEPACKAGE PACKAGE="/Game/Levels/CheeseFactory_001" FILE="E:/GameDev/hggjam/GameJamHGGUnreal4.23.1/GameJamCrew/Content/Levels/CheeseFactory_001.umap" SILENT=true AUTOSAVING=false KEEPDIRTY=false
[2025.09.19-13.13.36:182][563]LogUObjectHash: Compacting FUObjectHashTables data took   0.93ms
[2025.09.19-13.13.36:309][563]LogSavePackage: Moving 'E:/GameDev/hggjam/GameJamHGGUnreal4.23.1/GameJamCrew/Saved/CheeseFactory_00183F3CE5B47D7E691ED184EB346172B98.tmp' to 'E:/GameDev/hggjam/GameJamHGGUnreal4.23.1/GameJamCrew/Content/Levels/CheeseFactory_001.umap'
[2025.09.19-13.13.36:322][563]Cmd: OBJ SAVEPACKAGE PACKAGE="/Game/Levels/CheeseFactory_001_BuiltData" FILE="E:/GameDev/hggjam/GameJamHGGUnreal4.23.1/GameJamCrew/Content/Levels/CheeseFactory_001_BuiltData.uasset" SILENT=true
[2025.09.19-13.13.36:683][563]LogSavePackage: Moving 'E:/GameDev/hggjam/GameJamHGGUnreal4.23.1/GameJamCrew/Saved/CheeseFactory_001_BuiltDataB8828B0C4A5983EA61C1AC94E9F87843.tmp' to 'E:/GameDev/hggjam/GameJamHGGUnreal4.23.1/GameJamCrew/Content/Levels/CheeseFactory_001_BuiltData.uasset'
[2025.09.19-13.13.38:550][784]LogSlate: FSceneViewport::OnFocusLost() reason 2
[2025.09.19-13.13.39:141][855]MapCheck: New page: Map Check
[2025.09.19-13.13.39:150][855]LogSlate: FSceneViewport::OnFocusLost() reason 5
[2025.09.19-13.13.39:153][855]LightingResults: New page: Lighting Build - Sep 19, 2025, 7:13:39 PM
[2025.09.19-13.13.39:157][855]LogSwarmInterface: [OpenConnection] Registering TCP channel ...
[2025.09.19-13.13.39:160][855]LogSwarmInterface: [OpenConnection] Connecting to agent ...
[2025.09.19-13.13.39:160][855]LogSwarmInterface: [TryOpenConnection] Testing the Agent
[2025.09.19-13.13.39:161][855]LogSwarmInterface: [TryOpenConnection] Opening Connection to Agent
[2025.09.19-13.13.39:161][855]LogSwarmInterface: [TryOpenConnection] Local Process ID is 3812
[2025.09.19-13.13.43:727][855]LogStaticLightingSystem: Running Lightmass w/ ImmediateImport mode ENABLED
[2025.09.19-13.13.43:727][855]LogStaticLightingSystem: Running Lightmass w/ ImmediateProcess mode ENABLED
[2025.09.19-13.13.43:727][855]LogStaticLightingSystem: Running Lightmass w/ Sorting mode ENABLED
[2025.09.19-13.13.43:727][855]LogStaticLightingSystem: Running Lightmass w/ Mapping paddings ENABLED
[2025.09.19-13.13.43:727][855]LogStaticLightingSystem: Running Lightmass w/ Mapping debug paddings DISABLED
[2025.09.19-13.13.43:797][855]LogEditorBuildUtils: Build time 0:04
[2025.09.19-13.13.43:835][856]LogUObjectHash: Compacting FUObjectHashTables data took   1.04ms
[2025.09.19-13.14.03:081][917]Job is a success!
[2025.09.19-13.14.03:462][918]LogVolumetricLightmapImport: Imported Volumetric Lightmap in 0.003s
[2025.09.19-13.14.03:462][918]LogVolumetricLightmapImport:      Indirection Texture 16x16x16 = 0.0Mb
[2025.09.19-13.14.03:462][918]LogVolumetricLightmapImport:      BrickData 100x5x5 = 0.1Mb
[2025.09.19-13.14.03:462][918]LogVolumetricLightmapImport:      Bricks at Level
[2025.09.19-13.14.03:462][918]LogVolumetricLightmapImport:          0: 5.0% covering 100.0% of volume
[2025.09.19-13.14.03:462][918]LogVolumetricLightmapImport:          1: 5.0% covering 1.6% of volume
[2025.09.19-13.14.03:462][918]LogVolumetricLightmapImport:          2: 90.0% covering 0.4% of volume
[2025.09.19-13.14.04:658][918]LogTexture: Display: Building textures: SkyOcclusion1_1 (AutoDXT, 1024X512)
[2025.09.19-13.14.04:658][918]LogTexture: Display: Building textures: HQ_Lightmap1_1 (AutoDXT, 1024X1024)
[2025.09.19-13.14.04:658][918]LogTexture: Display: Building textures: LQ_Lightmap_1_1 (DXT1, 1024X1024)
[2025.09.19-13.14.04:658][918]LogTexture: Display: Building textures: SkyOcclusion0_2 (AutoDXT, 1024X512)
[2025.09.19-13.14.04:658][918]LogTexture: Display: Building textures: HQ_Lightmap0_2 (AutoDXT, 1024X1024)
[2025.09.19-13.14.04:658][918]LogTexture: Display: Building textures: LQ_Lightmap_0_2 (DXT1, 1024X1024)
[2025.09.19-13.14.04:658][918]LogTexture: Display: Building textures: SkyOcclusion0_3 (AutoDXT, 1024X512)
[2025.09.19-13.14.04:658][918]LogTexture: Display: Building textures: HQ_Lightmap0_3 (AutoDXT, 1024X1024)
[2025.09.19-13.14.04:658][918]LogTexture: Display: Building textures: LQ_Lightmap_0_3 (DXT1, 1024X1024)
[2025.09.19-13.14.04:658][918]LogTexture: Display: Building textures: SkyOcclusion1_4 (AutoDXT, 1024X512)
[2025.09.19-13.14.04:658][918]LogTexture: Display: Building textures: HQ_Lightmap1_4 (AutoDXT, 1024X1024)
[2025.09.19-13.14.04:658][918]LogTexture: Display: Building textures: LQ_Lightmap_1_4 (DXT1, 1024X1024)
[2025.09.19-13.14.04:658][918]LogTexture: Display: Building textures: SkyOcclusion0_5 (AutoDXT, 1024X512)
[2025.09.19-13.14.04:658][918]LogTexture: Display: Building textures: HQ_Lightmap0_5 (AutoDXT, 1024X1024)
[2025.09.19-13.14.04:658][918]LogTexture: Display: Building textures: LQ_Lightmap_0_5 (DXT1, 1024X1024)
[2025.09.19-13.14.04:658][918]LogTexture: Display: Building textures: SkyOcclusion1_6 (AutoDXT, 1024X512)
[2025.09.19-13.14.04:658][918]LogTexture: Display: Building textures: HQ_Lightmap1_6 (AutoDXT, 1024X1024)
[2025.09.19-13.14.04:658][918]LogTexture: Display: Building textures: LQ_Lightmap_1_6 (DXT1, 1024X1024)
[2025.09.19-13.14.04:658][918]LogTexture: Display: Building textures: SkyOcclusion1_7 (AutoDXT, 1024X512)
[2025.09.19-13.14.04:658][918]LogTexture: Display: Building textures: HQ_Lightmap1_7 (AutoDXT, 1024X1024)
[2025.09.19-13.14.04:658][918]LogTexture: Display: Building textures: LQ_Lightmap_1_7 (DXT1, 1024X1024)
[2025.09.19-13.14.04:658][918]LogTexture: Display: Building textures: SkyOcclusion0_8 (AutoDXT, 1024X512)
[2025.09.19-13.14.04:658][918]LogTexture: Display: Building textures: HQ_Lightmap0_8 (AutoDXT, 1024X1024)
[2025.09.19-13.14.04:658][918]LogTexture: Display: Building textures: LQ_Lightmap_0_8 (DXT1, 1024X1024)
[2025.09.19-13.14.04:658][918]LogTexture: Display: Building textures: SkyOcclusion0_9 (AutoDXT, 1024X512)
[2025.09.19-13.14.04:658][918]LogTexture: Display: Building textures: HQ_Lightmap0_9 (AutoDXT, 1024X1024)
[2025.09.19-13.14.04:658][918]LogTexture: Display: Building textures: LQ_Lightmap_0_9 (DXT1, 1024X1024)
[2025.09.19-13.14.04:658][918]LogTexture: Display: Building textures: SkyOcclusion0_10 (AutoDXT, 1024X512)
[2025.09.19-13.14.04:658][918]LogTexture: Display: Building textures: HQ_Lightmap0_10 (AutoDXT, 1024X1024)
[2025.09.19-13.14.04:658][918]LogTexture: Display: Building textures: LQ_Lightmap_0_10 (DXT1, 1024X1024)
[2025.09.19-13.14.04:658][918]LogTexture: Display: Building textures: SkyOcclusion0_11 (AutoDXT, 512X256)
[2025.09.19-13.14.04:658][918]LogTexture: Display: Building textures: HQ_Lightmap0_11 (AutoDXT, 512X512)
[2025.09.19-13.14.04:658][918]LogTexture: Display: Building textures: LQ_Lightmap_0_11 (DXT1, 512X512)
[2025.09.19-13.14.04:658][918]LogTexture: Display: Building textures: SkyOcclusion0_12 (AutoDXT, 64X32)
[2025.09.19-13.14.04:658][918]LogTexture: Display: Building textures: HQ_Lightmap0_12 (AutoDXT, 64X64)
[2025.09.19-13.14.04:658][918]LogTexture: Display: Building textures: LQ_Lightmap_0_12 (DXT1, 64X64)
[2025.09.19-13.14.04:758][918]LogTexture: Display: Building textures: ShadowMapTexture2D_73 (G8, 32X32)
[2025.09.19-13.14.04:758][918]LogTexture: Display: Building textures: ShadowMapTexture2D_72 (G8, 1024X512)
[2025.09.19-13.14.04:758][918]LogTexture: Display: Building textures: ShadowMapTexture2D_70 (G8, 1024X1024)
[2025.09.19-13.14.04:758][918]LogTexture: Display: Building textures: ShadowMapTexture2D_71 (G8, 1024X1024)
[2025.09.19-13.14.04:766][918]LogStaticLightingSystem: CheeseFactory_001_BuiltData storing lightmap data for 528 meshes in 25 LightmapResourceClusters (21.1 Meshes per cluster).
[2025.09.19-13.14.04:788][918]LogUObjectHash: Compacting FUObjectHashTables data took   0.91ms
[2025.09.19-13.14.04:790][918]Lightmass on CECOMAIN: 20.7 sec total, 64 ms importing, 12 ms setup, 1.47 sec photons, 19.1 sec processing, 0 ms extra exporting [528/528 mappings]. Threads: 4:47 min total, 3:16 min processing.
[2025.09.19-13.14.04:792][918]LogStaticLightingSystem: Illumination: 25.3 sec (977 ms encoding lightmaps, 97 ms encoding shadowmaps)
[2025.09.19-13.14.04:792][918]LogStaticLightingSystem: Lightmap texture memory:  27.3 MB (27.3 MB streaming, 0.0 MB non-streaming), 24 textures
[2025.09.19-13.14.04:792][918]LogStaticLightingSystem: Shadowmap texture memory: 3.3 MB (3.3 MB streaming, 0.0 MB non-streaming), 4 textures
[2025.09.19-13.14.05:746][918]DumpUnbuiltLightIteractions
[2025.09.19-13.14.05:746][918]Lights with unbuilt interactions: 0
[2025.09.19-13.14.05:746][918]
[2025.09.19-13.14.05:746][918]Primitives with unbuilt interactions: 0
[2025.09.19-13.14.05:805][919]Cmd: MAP CHECK NOTIFYRESULTS
[2025.09.19-13.14.05:805][919]MapCheck: New page: CheeseFactory_001 - Sep 19, 2025, 7:14:05 PM
[2025.09.19-13.14.05:807][919]MapCheck: Map check complete: 0 Error(s), 0 Warning(s), took 1.593ms to complete.
[2025.09.19-13.16.53:427][856]LogEditorViewport: Clicking on Actor (LMB): StaticMeshActor (floor01_2x193)
[2025.09.19-13.17.05:323][263]LogSlate: FSceneViewport::OnFocusLost() reason 0
[2025.09.19-13.17.16:310][575]LogEditorViewport: Clicking on Actor (LMB): StaticMeshActor (floor01_2x201)
[2025.09.19-13.17.17:868][755]LogSlate: FSceneViewport::OnFocusLost() reason 0
[2025.09.19-13.17.20:160][ 29]LogEditorViewport: Clicking on Actor (LMB): StaticMeshActor (floor01_2x48)
[2025.09.19-13.17.31:331][366]LogEditorViewport: Clicking on Actor (LMB): StaticMeshActor (wall01_2x69)
[2025.09.19-13.17.38:596][234]LogEditorViewport: Clicking on Actor (LMB): StaticMeshActor (wall01_2x70)
[2025.09.19-13.17.44:549][941]LogSlate: FSceneViewport::OnFocusLost() reason 0
[2025.09.19-13.17.47:216][261]LogEditorViewport: Clicking on Actor (LMB): StaticMeshActor (floor01_2x191)
[2025.09.19-13.17.48:794][447]LogSlate: FSceneViewport::OnFocusLost() reason 5
[2025.09.19-13.17.48:799][447]Cmd: OBJ SAVEPACKAGE PACKAGE="/Game/Levels/CheeseFactory_001" FILE="E:/GameDev/hggjam/GameJamHGGUnreal4.23.1/GameJamCrew/Content/Levels/CheeseFactory_001.umap" SILENT=true AUTOSAVING=false KEEPDIRTY=false
[2025.09.19-13.17.48:819][447]LogUObjectHash: Compacting FUObjectHashTables data took   0.53ms
[2025.09.19-13.17.48:946][447]LogSavePackage: Moving 'E:/GameDev/hggjam/GameJamHGGUnreal4.23.1/GameJamCrew/Saved/CheeseFactory_001BA09F8774921BA0EC01416B596108127.tmp' to 'E:/GameDev/hggjam/GameJamHGGUnreal4.23.1/GameJamCrew/Content/Levels/CheeseFactory_001.umap'
[2025.09.19-13.17.48:957][447]Cmd: OBJ SAVEPACKAGE PACKAGE="/Game/Levels/CheeseFactory_001_BuiltData" FILE="E:/GameDev/hggjam/GameJamHGGUnreal4.23.1/GameJamCrew/Content/Levels/CheeseFactory_001_BuiltData.uasset" SILENT=true
[2025.09.19-13.17.49:276][447]LogSavePackage: Moving 'E:/GameDev/hggjam/GameJamHGGUnreal4.23.1/GameJamCrew/Saved/CheeseFactory_001_BuiltData878F20E94C609E2693B3FEB2C44ADAA0.tmp' to 'E:/GameDev/hggjam/GameJamHGGUnreal4.23.1/GameJamCrew/Content/Levels/CheeseFactory_001_BuiltData.uasset'
[2025.09.19-13.18.13:590][361]LogSlate: FSceneViewport::OnFocusLost() reason 5
[2025.09.19-13.18.13:597][361]Cmd: OBJ SAVEPACKAGE PACKAGE="/Game/Levels/CheeseFactory_001" FILE="E:/GameDev/hggjam/GameJamHGGUnreal4.23.1/GameJamCrew/Content/Levels/CheeseFactory_001.umap" SILENT=true AUTOSAVING=false KEEPDIRTY=false
[2025.09.19-13.18.13:617][361]LogUObjectHash: Compacting FUObjectHashTables data took   0.96ms
[2025.09.19-13.18.13:741][361]LogSavePackage: Moving 'E:/GameDev/hggjam/GameJamHGGUnreal4.23.1/GameJamCrew/Saved/CheeseFactory_0018FBE8E994AE3A83A79314DAA5E4234C3.tmp' to 'E:/GameDev/hggjam/GameJamHGGUnreal4.23.1/GameJamCrew/Content/Levels/CheeseFactory_001.umap'
[2025.09.19-13.18.13:753][361]Cmd: OBJ SAVEPACKAGE PACKAGE="/Game/Levels/CheeseFactory_001_BuiltData" FILE="E:/GameDev/hggjam/GameJamHGGUnreal4.23.1/GameJamCrew/Content/Levels/CheeseFactory_001_BuiltData.uasset" SILENT=true
[2025.09.19-13.18.14:073][361]LogSavePackage: Moving 'E:/GameDev/hggjam/GameJamHGGUnreal4.23.1/GameJamCrew/Saved/CheeseFactory_001_BuiltData86E5F6C44BE3639DBE46F3827C64C4B2.tmp' to 'E:/GameDev/hggjam/GameJamHGGUnreal4.23.1/GameJamCrew/Content/Levels/CheeseFactory_001_BuiltData.uasset'
[2025.09.19-13.19.59:348][850]LogEditorViewport: Clicking on Actor (LMB): DirectionalLight (DirectionalLight)
[2025.09.19-13.20.02:018][168]LogSlate: FSceneViewport::OnFocusLost() reason 0
[2025.09.19-13.20.08:933][997]LogEditorViewport: Clicking on Actor (LMB): BP_Sky_Sphere_C (BP_Sky_Sphere)
[2025.09.19-13.20.10:180][145]LogEditorViewport: Clicking on Actor (LMB): SkyLight (SkyLight)
[2025.09.19-13.20.13:352][523]LogSlate: FSceneViewport::OnFocusLost() reason 0
[2025.09.19-13.20.30:464][576]LogEditorViewport: Clicking on Actor (LMB): DirectionalLight (DirectionalLight)
[2025.09.19-13.20.32:444][811]LogSlate: FSceneViewport::OnFocusLost() reason 0
[2025.09.19-13.20.37:861][461]LogEditorViewport: Clicking on Actor (LMB): SkyLight (SkyLight)
[2025.09.19-13.20.40:222][741]LogSlate: FSceneViewport::OnFocusLost() reason 0
[2025.09.19-13.20.49:514][853]LogEditorViewport: Clicking on Actor (LMB): DirectionalLight (DirectionalLight)
[2025.09.19-13.20.51:416][ 79]LogEditorViewport: Clicking on Actor (LMB): SkyLight (SkyLight)
[2025.09.19-13.20.52:659][226]LogSlate: FSceneViewport::OnFocusLost() reason 0
[2025.09.19-13.20.56:301][659]LogSlate: FSceneViewport::OnFocusLost() reason 2
[2025.09.19-13.21.03:452][511]LogSlate: Window 'Color Picker' being destroyed
[2025.09.19-13.21.07:283][968]LogSlate: FSceneViewport::OnFocusLost() reason 2
[2025.09.19-13.21.08:083][ 64]MapCheck: New page: Map Check
[2025.09.19-13.21.08:090][ 64]LogSlate: FSceneViewport::OnFocusLost() reason 5
[2025.09.19-13.21.08:092][ 64]LightingResults: New page: Lighting Build - Sep 19, 2025, 7:21:08 PM
[2025.09.19-13.21.08:096][ 64]LogSwarmInterface: [OpenConnection] Registering TCP channel ...
[2025.09.19-13.21.08:101][ 64]LogSwarmInterface: [OpenConnection] Connecting to agent ...
[2025.09.19-13.21.08:101][ 64]LogSwarmInterface: [TryOpenConnection] Testing the Agent
[2025.09.19-13.21.08:101][ 64]LogSwarmInterface: [TryOpenConnection] Opening Connection to Agent
[2025.09.19-13.21.08:101][ 64]LogSwarmInterface: [TryOpenConnection] Local Process ID is 3812
[2025.09.19-13.21.12:672][ 64]LogStaticLightingSystem: Running Lightmass w/ ImmediateImport mode ENABLED
[2025.09.19-13.21.12:672][ 64]LogStaticLightingSystem: Running Lightmass w/ ImmediateProcess mode ENABLED
[2025.09.19-13.21.12:672][ 64]LogStaticLightingSystem: Running Lightmass w/ Sorting mode ENABLED
[2025.09.19-13.21.12:672][ 64]LogStaticLightingSystem: Running Lightmass w/ Mapping paddings ENABLED
[2025.09.19-13.21.12:672][ 64]LogStaticLightingSystem: Running Lightmass w/ Mapping debug paddings DISABLED
[2025.09.19-13.21.12:742][ 64]LogEditorBuildUtils: Build time 0:04
[2025.09.19-13.21.12:783][ 65]LogUObjectHash: Compacting FUObjectHashTables data took   1.39ms
[2025.09.19-13.21.33:042][953]Job is a success!
[2025.09.19-13.21.33:064][954]LogSlate: FSceneViewport::OnFocusLost() reason 5
[2025.09.19-13.21.33:101][954]LogVolumetricLightmapImport: Imported Volumetric Lightmap in 0.003s
[2025.09.19-13.21.33:101][954]LogVolumetricLightmapImport:      Indirection Texture 16x16x16 = 0.0Mb
[2025.09.19-13.21.33:101][954]LogVolumetricLightmapImport:      BrickData 100x5x5 = 0.1Mb
[2025.09.19-13.21.33:101][954]LogVolumetricLightmapImport:      Bricks at Level
[2025.09.19-13.21.33:101][954]LogVolumetricLightmapImport:          0: 5.0% covering 100.0% of volume
[2025.09.19-13.21.33:101][954]LogVolumetricLightmapImport:          1: 5.0% covering 1.6% of volume
[2025.09.19-13.21.33:101][954]LogVolumetricLightmapImport:          2: 90.0% covering 0.4% of volume
[2025.09.19-13.21.34:099][954]LogTexture: Display: Building textures: HQ_Lightmap0_1 (AutoDXT, 1024X1024)
[2025.09.19-13.21.34:099][954]LogTexture: Display: Building textures: LQ_Lightmap_0_1 (DXT1, 1024X1024)
[2025.09.19-13.21.34:099][954]LogTexture: Display: Building textures: HQ_Lightmap1_2 (AutoDXT, 1024X1024)
[2025.09.19-13.21.34:099][954]LogTexture: Display: Building textures: LQ_Lightmap_1_2 (DXT1, 1024X1024)
[2025.09.19-13.21.34:099][954]LogTexture: Display: Building textures: HQ_Lightmap1_3 (AutoDXT, 1024X1024)
[2025.09.19-13.21.34:099][954]LogTexture: Display: Building textures: LQ_Lightmap_1_3 (DXT1, 1024X1024)
[2025.09.19-13.21.34:099][954]LogTexture: Display: Building textures: HQ_Lightmap0_4 (AutoDXT, 1024X1024)
[2025.09.19-13.21.34:099][954]LogTexture: Display: Building textures: LQ_Lightmap_0_4 (DXT1, 1024X1024)
[2025.09.19-13.21.34:099][954]LogTexture: Display: Building textures: HQ_Lightmap1_5 (AutoDXT, 1024X1024)
[2025.09.19-13.21.34:099][954]LogTexture: Display: Building textures: LQ_Lightmap_1_5 (DXT1, 1024X1024)
[2025.09.19-13.21.34:099][954]LogTexture: Display: Building textures: HQ_Lightmap0_6 (AutoDXT, 1024X1024)
[2025.09.19-13.21.34:099][954]LogTexture: Display: Building textures: LQ_Lightmap_0_6 (DXT1, 1024X1024)
[2025.09.19-13.21.34:099][954]LogTexture: Display: Building textures: HQ_Lightmap0_7 (AutoDXT, 1024X1024)
[2025.09.19-13.21.34:099][954]LogTexture: Display: Building textures: LQ_Lightmap_0_7 (DXT1, 1024X1024)
[2025.09.19-13.21.34:099][954]LogTexture: Display: Building textures: HQ_Lightmap1_8 (AutoDXT, 1024X1024)
[2025.09.19-13.21.34:099][954]LogTexture: Display: Building textures: LQ_Lightmap_1_8 (DXT1, 1024X1024)
[2025.09.19-13.21.34:099][954]LogTexture: Display: Building textures: HQ_Lightmap1_9 (AutoDXT, 1024X1024)
[2025.09.19-13.21.34:099][954]LogTexture: Display: Building textures: LQ_Lightmap_1_9 (DXT1, 1024X1024)
[2025.09.19-13.21.34:099][954]LogTexture: Display: Building textures: HQ_Lightmap1_10 (AutoDXT, 1024X1024)
[2025.09.19-13.21.34:099][954]LogTexture: Display: Building textures: LQ_Lightmap_1_10 (DXT1, 1024X1024)
[2025.09.19-13.21.34:099][954]LogTexture: Display: Building textures: HQ_Lightmap1_11 (AutoDXT, 512X512)
[2025.09.19-13.21.34:099][954]LogTexture: Display: Building textures: LQ_Lightmap_1_11 (DXT1, 512X512)
[2025.09.19-13.21.34:099][954]LogTexture: Display: Building textures: HQ_Lightmap1_12 (AutoDXT, 64X64)
[2025.09.19-13.21.34:099][954]LogTexture: Display: Building textures: LQ_Lightmap_1_12 (DXT1, 64X64)
[2025.09.19-13.21.34:201][954]LogTexture: Display: Building textures: ShadowMapTexture2D_77 (G8, 32X32)
[2025.09.19-13.21.34:201][954]LogTexture: Display: Building textures: ShadowMapTexture2D_76 (G8, 1024X512)
[2025.09.19-13.21.34:201][954]LogTexture: Display: Building textures: ShadowMapTexture2D_74 (G8, 1024X1024)
[2025.09.19-13.21.34:201][954]LogTexture: Display: Building textures: ShadowMapTexture2D_75 (G8, 1024X1024)
[2025.09.19-13.21.34:209][954]LogStaticLightingSystem: CheeseFactory_001_BuiltData storing lightmap data for 528 meshes in 25 LightmapResourceClusters (21.1 Meshes per cluster).
[2025.09.19-13.21.34:235][954]Lightmass on CECOMAIN: 21.2 sec total, 63 ms importing, 12 ms setup, 1.39 sec photons, 19.7 sec processing, 0 ms extra exporting [528/528 mappings]. Threads: 4:55 min total, 3:27 min processing.
[2025.09.19-13.21.34:235][954]LogUObjectHash: Compacting FUObjectHashTables data took   0.90ms
[2025.09.19-13.21.34:241][954]LogStaticLightingSystem: Illumination: 26.1 sec (781 ms encoding lightmaps, 94 ms encoding shadowmaps)
[2025.09.19-13.21.34:241][954]LogStaticLightingSystem: Lightmap texture memory:  20.5 MB (20.5 MB streaming, 0.0 MB non-streaming), 24 textures
[2025.09.19-13.21.34:241][954]LogStaticLightingSystem: Shadowmap texture memory: 3.3 MB (3.3 MB streaming, 0.0 MB non-streaming), 4 textures
[2025.09.19-13.21.34:691][954]DumpUnbuiltLightIteractions
[2025.09.19-13.21.34:691][954]Lights with unbuilt interactions: 0
[2025.09.19-13.21.34:691][954]
[2025.09.19-13.21.34:691][954]Primitives with unbuilt interactions: 0
[2025.09.19-13.21.34:697][954]LogSlate: FSceneViewport::OnFocusLost() reason 5
[2025.09.19-13.21.34:754][955]Cmd: MAP CHECK NOTIFYRESULTS
[2025.09.19-13.21.34:754][955]MapCheck: New page: CheeseFactory_001 - Sep 19, 2025, 7:21:34 PM
[2025.09.19-13.21.34:755][955]MapCheck: Map check complete: 0 Error(s), 0 Warning(s), took 1.545ms to complete.
[2025.09.19-13.22.50:629][ 58]LogEditorViewport: Clicking on Actor (LMB): StaticMeshActor (floor01_2x14)
[2025.09.19-13.22.56:314][737]LogEditorViewport: Clicking on Actor (LMB): SkyLight (SkyLight)
[2025.09.19-13.22.58:767][ 29]LogSlate: FSceneViewport::OnFocusLost() reason 0
[2025.09.19-13.23.10:525][439]LogSlate: FSceneViewport::OnFocusLost() reason 0
[2025.09.19-13.23.14:394][902]MapCheck: New page: Map Check
[2025.09.19-13.23.14:406][902]LightingResults: New page: Lighting Build - Sep 19, 2025, 7:23:14 PM
[2025.09.19-13.23.14:410][902]LogSwarmInterface: [OpenConnection] Registering TCP channel ...
[2025.09.19-13.23.14:414][902]LogSwarmInterface: [OpenConnection] Connecting to agent ...
[2025.09.19-13.23.14:414][902]LogSwarmInterface: [TryOpenConnection] Testing the Agent
[2025.09.19-13.23.14:414][902]LogSwarmInterface: [TryOpenConnection] Opening Connection to Agent
[2025.09.19-13.23.14:414][902]LogSwarmInterface: [TryOpenConnection] Local Process ID is 3812
[2025.09.19-13.23.18:971][902]LogStaticLightingSystem: Running Lightmass w/ ImmediateImport mode ENABLED
[2025.09.19-13.23.18:971][902]LogStaticLightingSystem: Running Lightmass w/ ImmediateProcess mode ENABLED
[2025.09.19-13.23.18:971][902]LogStaticLightingSystem: Running Lightmass w/ Sorting mode ENABLED
[2025.09.19-13.23.18:971][902]LogStaticLightingSystem: Running Lightmass w/ Mapping paddings ENABLED
[2025.09.19-13.23.18:971][902]LogStaticLightingSystem: Running Lightmass w/ Mapping debug paddings DISABLED
[2025.09.19-13.23.19:040][902]LogEditorBuildUtils: Build time 0:04
[2025.09.19-13.23.19:078][903]LogUObjectHash: Compacting FUObjectHashTables data took   0.76ms
[2025.09.19-13.23.39:645][823]Job is a success!
[2025.09.19-13.23.39:701][825]LogVolumetricLightmapImport: Imported Volumetric Lightmap in 0.003s
[2025.09.19-13.23.39:701][825]LogVolumetricLightmapImport:      Indirection Texture 16x16x16 = 0.0Mb
[2025.09.19-13.23.39:701][825]LogVolumetricLightmapImport:      BrickData 100x5x5 = 0.1Mb
[2025.09.19-13.23.39:701][825]LogVolumetricLightmapImport:      Bricks at Level
[2025.09.19-13.23.39:701][825]LogVolumetricLightmapImport:          0: 5.0% covering 100.0% of volume
[2025.09.19-13.23.39:701][825]LogVolumetricLightmapImport:          1: 5.0% covering 1.6% of volume
[2025.09.19-13.23.39:701][825]LogVolumetricLightmapImport:          2: 90.0% covering 0.4% of volume
[2025.09.19-13.23.40:715][825]LogTexture: Display: Building textures: HQ_Lightmap1_1 (AutoDXT, 1024X1024)
[2025.09.19-13.23.40:715][825]LogTexture: Display: Building textures: LQ_Lightmap_1_1 (DXT1, 1024X1024)
[2025.09.19-13.23.40:715][825]LogTexture: Display: Building textures: HQ_Lightmap0_2 (AutoDXT, 1024X1024)
[2025.09.19-13.23.40:715][825]LogTexture: Display: Building textures: LQ_Lightmap_0_2 (DXT1, 1024X1024)
[2025.09.19-13.23.40:715][825]LogTexture: Display: Building textures: HQ_Lightmap0_3 (AutoDXT, 1024X1024)
[2025.09.19-13.23.40:715][825]LogTexture: Display: Building textures: LQ_Lightmap_0_3 (DXT1, 1024X1024)
[2025.09.19-13.23.40:715][825]LogTexture: Display: Building textures: HQ_Lightmap1_4 (AutoDXT, 1024X1024)
[2025.09.19-13.23.40:715][825]LogTexture: Display: Building textures: LQ_Lightmap_1_4 (DXT1, 1024X1024)
[2025.09.19-13.23.40:715][825]LogTexture: Display: Building textures: HQ_Lightmap0_5 (AutoDXT, 1024X1024)
[2025.09.19-13.23.40:715][825]LogTexture: Display: Building textures: LQ_Lightmap_0_5 (DXT1, 1024X1024)
[2025.09.19-13.23.40:715][825]LogTexture: Display: Building textures: HQ_Lightmap1_6 (AutoDXT, 1024X1024)
[2025.09.19-13.23.40:715][825]LogTexture: Display: Building textures: LQ_Lightmap_1_6 (DXT1, 1024X1024)
[2025.09.19-13.23.40:715][825]LogTexture: Display: Building textures: HQ_Lightmap1_7 (AutoDXT, 1024X1024)
[2025.09.19-13.23.40:715][825]LogTexture: Display: Building textures: LQ_Lightmap_1_7 (DXT1, 1024X1024)
[2025.09.19-13.23.40:715][825]LogTexture: Display: Building textures: HQ_Lightmap0_8 (AutoDXT, 1024X1024)
[2025.09.19-13.23.40:715][825]LogTexture: Display: Building textures: LQ_Lightmap_0_8 (DXT1, 1024X1024)
[2025.09.19-13.23.40:715][825]LogTexture: Display: Building textures: HQ_Lightmap0_9 (AutoDXT, 1024X1024)
[2025.09.19-13.23.40:715][825]LogTexture: Display: Building textures: LQ_Lightmap_0_9 (DXT1, 1024X1024)
[2025.09.19-13.23.40:715][825]LogTexture: Display: Building textures: HQ_Lightmap0_10 (AutoDXT, 1024X1024)
[2025.09.19-13.23.40:715][825]LogTexture: Display: Building textures: LQ_Lightmap_0_10 (DXT1, 1024X1024)
[2025.09.19-13.23.40:715][825]LogTexture: Display: Building textures: HQ_Lightmap0_11 (AutoDXT, 512X512)
[2025.09.19-13.23.40:715][825]LogTexture: Display: Building textures: LQ_Lightmap_0_11 (DXT1, 512X512)
[2025.09.19-13.23.40:715][825]LogTexture: Display: Building textures: HQ_Lightmap0_12 (AutoDXT, 64X64)
[2025.09.19-13.23.40:715][825]LogTexture: Display: Building textures: LQ_Lightmap_0_12 (DXT1, 64X64)
[2025.09.19-13.23.40:816][825]LogTexture: Display: Building textures: ShadowMapTexture2D_81 (G8, 32X32)
[2025.09.19-13.23.40:816][825]LogTexture: Display: Building textures: ShadowMapTexture2D_80 (G8, 1024X512)
[2025.09.19-13.23.40:816][825]LogTexture: Display: Building textures: ShadowMapTexture2D_78 (G8, 1024X1024)
[2025.09.19-13.23.40:816][825]LogTexture: Display: Building textures: ShadowMapTexture2D_79 (G8, 1024X1024)
[2025.09.19-13.23.40:824][825]LogStaticLightingSystem: CheeseFactory_001_BuiltData storing lightmap data for 528 meshes in 25 LightmapResourceClusters (21.1 Meshes per cluster).
[2025.09.19-13.23.40:847][825]LogUObjectHash: Compacting FUObjectHashTables data took   0.83ms
[2025.09.19-13.23.40:850][825]Lightmass on CECOMAIN: 21.5 sec total, 63 ms importing, 13 ms setup, 1.58 sec photons, 19.8 sec processing, 0 ms extra exporting [528/528 mappings]. Threads: 4:57 min total, 3:29 min processing.
[2025.09.19-13.23.40:854][825]LogStaticLightingSystem: Illumination: 26.4 sec (802 ms encoding lightmaps, 94 ms encoding shadowmaps)
[2025.09.19-13.23.40:854][825]LogStaticLightingSystem: Lightmap texture memory:  20.5 MB (20.5 MB streaming, 0.0 MB non-streaming), 24 textures
[2025.09.19-13.23.40:854][825]LogStaticLightingSystem: Shadowmap texture memory: 3.3 MB (3.3 MB streaming, 0.0 MB non-streaming), 4 textures
[2025.09.19-13.23.40:988][825]DumpUnbuiltLightIteractions
[2025.09.19-13.23.40:989][825]Lights with unbuilt interactions: 0
[2025.09.19-13.23.40:989][825]
[2025.09.19-13.23.40:989][825]Primitives with unbuilt interactions: 0
[2025.09.19-13.23.41:047][826]Cmd: MAP CHECK NOTIFYRESULTS
[2025.09.19-13.23.41:047][826]MapCheck: New page: CheeseFactory_001 - Sep 19, 2025, 7:23:41 PM
[2025.09.19-13.23.41:048][826]MapCheck: Map check complete: 0 Error(s), 0 Warning(s), took 1.552ms to complete.
[2025.09.19-13.25.08:374][304]LogEditorViewport: Clicking on Actor (LMB): StaticMeshActor (floor01_2x101)
[2025.09.19-13.25.15:335][127]LogSlate: FSceneViewport::OnFocusLost() reason 0
[2025.09.19-13.25.19:688][647]LogEditorViewport: Clicking on Actor (LMB): StaticMeshActor (wall01_2x129)
[2025.09.19-13.25.21:384][848]LogSlate: FSceneViewport::OnFocusLost() reason 0
[2025.09.19-13.25.23:334][ 82]LogEditorViewport: Clicking on Actor (LMB): StaticMeshActor (pillar01_half18)
[2025.09.19-13.25.25:113][293]LogSlate: FSceneViewport::OnFocusLost() reason 0
[2025.09.19-13.25.30:972][993]LogSlate: FSceneViewport::OnFocusLost() reason 5
[2025.09.19-13.25.30:977][993]Cmd: OBJ SAVEPACKAGE PACKAGE="/Game/Levels/CheeseFactory_001" FILE="E:/GameDev/hggjam/GameJamHGGUnreal4.23.1/GameJamCrew/Content/Levels/CheeseFactory_001.umap" SILENT=true AUTOSAVING=false KEEPDIRTY=false
[2025.09.19-13.25.30:998][993]LogUObjectHash: Compacting FUObjectHashTables data took   0.49ms
[2025.09.19-13.25.31:128][993]LogSavePackage: Moving 'E:/GameDev/hggjam/GameJamHGGUnreal4.23.1/GameJamCrew/Saved/CheeseFactory_0018776F632408F63DB8C4C3EB18934494F.tmp' to 'E:/GameDev/hggjam/GameJamHGGUnreal4.23.1/GameJamCrew/Content/Levels/CheeseFactory_001.umap'
[2025.09.19-13.25.31:139][993]Cmd: OBJ SAVEPACKAGE PACKAGE="/Game/Levels/CheeseFactory_001_BuiltData" FILE="E:/GameDev/hggjam/GameJamHGGUnreal4.23.1/GameJamCrew/Content/Levels/CheeseFactory_001_BuiltData.uasset" SILENT=true
[2025.09.19-13.25.31:428][993]LogSavePackage: Moving 'E:/GameDev/hggjam/GameJamHGGUnreal4.23.1/GameJamCrew/Saved/CheeseFactory_001_BuiltData2BB683B84087B450EB07DEB17AEC820C.tmp' to 'E:/GameDev/hggjam/GameJamHGGUnreal4.23.1/GameJamCrew/Content/Levels/CheeseFactory_001_BuiltData.uasset'
[2025.09.19-13.26.08:586][862]LogSlate: FSceneViewport::OnFocusLost() reason 5
[2025.09.19-13.26.16:020][747]LogEditorViewport: Clicking on Actor (LMB): PointLight (PointLight6)
[2025.09.19-13.26.22:816][555]LogSlate: FSceneViewport::OnFocusLost() reason 5
[2025.09.19-13.26.22:823][555]Cmd: OBJ SAVEPACKAGE PACKAGE="/Game/Levels/CheeseFactory_001" FILE="E:/GameDev/hggjam/GameJamHGGUnreal4.23.1/GameJamCrew/Content/Levels/CheeseFactory_001.umap" SILENT=true AUTOSAVING=false KEEPDIRTY=false
[2025.09.19-13.26.22:843][555]LogUObjectHash: Compacting FUObjectHashTables data took   0.99ms
[2025.09.19-13.26.22:967][555]LogSavePackage: Moving 'E:/GameDev/hggjam/GameJamHGGUnreal4.23.1/GameJamCrew/Saved/CheeseFactory_001BA2201D54835EB673BFE7E96718FC759.tmp' to 'E:/GameDev/hggjam/GameJamHGGUnreal4.23.1/GameJamCrew/Content/Levels/CheeseFactory_001.umap'
[2025.09.19-13.26.22:977][555]Cmd: OBJ SAVEPACKAGE PACKAGE="/Game/Levels/CheeseFactory_001_BuiltData" FILE="E:/GameDev/hggjam/GameJamHGGUnreal4.23.1/GameJamCrew/Content/Levels/CheeseFactory_001_BuiltData.uasset" SILENT=true
[2025.09.19-13.26.23:251][555]LogSavePackage: Moving 'E:/GameDev/hggjam/GameJamHGGUnreal4.23.1/GameJamCrew/Saved/CheeseFactory_001_BuiltData9BD5778A4D05371A98323C93E9E6CA8C.tmp' to 'E:/GameDev/hggjam/GameJamHGGUnreal4.23.1/GameJamCrew/Content/Levels/CheeseFactory_001_BuiltData.uasset'
[2025.09.19-13.26.30:811][460]LogEditorViewport: Clicking on Actor (LMB): StaticMeshActor (floor01_2x44)
[2025.09.19-13.26.36:205][103]LogSlate: FSceneViewport::OnFocusLost() reason 5
[2025.09.19-13.26.36:211][103]Cmd: OBJ SAVEPACKAGE PACKAGE="/Game/Levels/CheeseFactory_001" FILE="E:/GameDev/hggjam/GameJamHGGUnreal4.23.1/GameJamCrew/Content/Levels/CheeseFactory_001.umap" SILENT=true AUTOSAVING=false KEEPDIRTY=false
[2025.09.19-13.26.36:230][103]LogUObjectHash: Compacting FUObjectHashTables data took   0.96ms
[2025.09.19-13.26.36:353][103]LogSavePackage: Moving 'E:/GameDev/hggjam/GameJamHGGUnreal4.23.1/GameJamCrew/Saved/CheeseFactory_0011D0B73BA4142EB151C0F8B9A1D266382.tmp' to 'E:/GameDev/hggjam/GameJamHGGUnreal4.23.1/GameJamCrew/Content/Levels/CheeseFactory_001.umap'
[2025.09.19-13.26.36:365][103]Cmd: OBJ SAVEPACKAGE PACKAGE="/Game/Levels/CheeseFactory_001_BuiltData" FILE="E:/GameDev/hggjam/GameJamHGGUnreal4.23.1/GameJamCrew/Content/Levels/CheeseFactory_001_BuiltData.uasset" SILENT=true
[2025.09.19-13.26.36:639][103]LogSavePackage: Moving 'E:/GameDev/hggjam/GameJamHGGUnreal4.23.1/GameJamCrew/Saved/CheeseFactory_001_BuiltData7E5940F44EDEC05B70C00D879F669707.tmp' to 'E:/GameDev/hggjam/GameJamHGGUnreal4.23.1/GameJamCrew/Content/Levels/CheeseFactory_001_BuiltData.uasset'
[2025.09.19-13.26.37:907][253]LogEditorViewport: Clicking on Actor (LMB): StaticMeshActor (wall01_1x1)
[2025.09.19-13.26.38:489][320]LogEditorViewport: Clicking on Actor (LMB): StaticMeshActor (wall01_garage_arch)
[2025.09.19-13.26.39:636][455]LogEditorViewport: Clicking on Actor (LMB): StaticMeshActor (wall01_2x34)
[2025.09.19-13.26.42:422][782]Cmd: DELETE
[2025.09.19-13.26.42:422][782]Cmd: ACTOR DELETE
[2025.09.19-13.26.42:426][782]LogEditorActor: Deleted Actor: StaticMeshActor
[2025.09.19-13.26.42:426][782]LogEditorActor: Deleted Actor: StaticMeshActor
[2025.09.19-13.26.42:426][782]LogEditorActor: Deleted Actor: StaticMeshActor
[2025.09.19-13.26.42:445][782]LogUObjectHash: Compacting FUObjectHashTables data took   0.95ms
[2025.09.19-13.26.42:446][782]LogEditorActor: Deleted 3 Actors (0.024 secs)
[2025.09.19-13.26.43:054][855]LogEditorViewport: Clicking on Actor (LMB): StaticMeshActor (window3)
[2025.09.19-13.26.43:200][870]Cmd: DELETE
[2025.09.19-13.26.43:200][870]Cmd: ACTOR DELETE
[2025.09.19-13.26.43:204][870]LogEditorActor: Deleted Actor: StaticMeshActor
[2025.09.19-13.26.43:223][870]LogUObjectHash: Compacting FUObjectHashTables data took   0.41ms
[2025.09.19-13.26.43:224][870]LogEditorActor: Deleted 1 Actors (0.024 secs)
[2025.09.19-13.26.43:592][914]LogEditorViewport: Clicking on Actor (LMB): StaticMeshActor (window2)
[2025.09.19-13.26.43:727][928]Cmd: DELETE
[2025.09.19-13.26.43:727][928]Cmd: ACTOR DELETE
[2025.09.19-13.26.43:732][928]LogEditorActor: Deleted Actor: StaticMeshActor
[2025.09.19-13.26.43:751][928]LogUObjectHash: Compacting FUObjectHashTables data took   0.42ms
[2025.09.19-13.26.43:751][928]LogEditorActor: Deleted 1 Actors (0.024 secs)
[2025.09.19-13.26.44:269][990]LogEditorViewport: Clicking on Actor (LMB): StaticMeshActor (window01)
[2025.09.19-13.26.44:345][997]Cmd: DELETE
[2025.09.19-13.26.44:345][997]Cmd: ACTOR DELETE
[2025.09.19-13.26.44:349][997]LogEditorActor: Deleted Actor: StaticMeshActor
[2025.09.19-13.26.44:369][997]LogUObjectHash: Compacting FUObjectHashTables data took   0.43ms
[2025.09.19-13.26.44:369][997]LogEditorActor: Deleted 1 Actors (0.023 secs)
[2025.09.19-13.26.45:135][ 89]LogEditorViewport: Clicking on Actor (LMB): StaticMeshActor (wall01_garage_arch)
[2025.09.19-13.26.49:059][554]Cmd: DELETE
[2025.09.19-13.26.49:059][554]Cmd: ACTOR DELETE
[2025.09.19-13.26.49:063][554]LogEditorActor: Deleted Actor: StaticMeshActor
[2025.09.19-13.26.49:083][554]LogUObjectHash: Compacting FUObjectHashTables data took   0.70ms
[2025.09.19-13.26.49:083][554]LogEditorActor: Deleted 1 Actors (0.024 secs)
[2025.09.19-13.26.49:376][589]LogEditorViewport: Clicking on Actor (LMB): StaticMeshActor (wall01_garage_arch)
[2025.09.19-13.27.01:603][ 41]LogEditorViewport: Clicking on Actor (LMB): StaticMeshActor (wall01_2x38)
[2025.09.19-13.27.02:449][140]Cmd: DELETE
[2025.09.19-13.27.02:449][140]Cmd: ACTOR DELETE
[2025.09.19-13.27.02:454][140]LogEditorActor: Deleted Actor: StaticMeshActor
[2025.09.19-13.27.02:473][140]LogUObjectHash: Compacting FUObjectHashTables data took   0.71ms
[2025.09.19-13.27.02:473][140]LogEditorActor: Deleted 1 Actors (0.024 secs)
[2025.09.19-13.27.03:405][252]LogEditorViewport: Clicking on Actor (LMB): StaticMeshActor (wall01_2x39)
[2025.09.19-13.27.04:728][406]Cmd: DELETE
[2025.09.19-13.27.04:728][406]Cmd: ACTOR DELETE
[2025.09.19-13.27.04:732][406]LogEditorActor: Deleted Actor: StaticMeshActor
[2025.09.19-13.27.04:732][406]LogEditorActor: Deleted Actor: StaticMeshActor
[2025.09.19-13.27.04:751][406]LogUObjectHash: Compacting FUObjectHashTables data took   0.40ms
[2025.09.19-13.27.04:752][406]LogEditorActor: Deleted 2 Actors (0.023 secs)
[2025.09.19-13.27.14:159][534]LogEditorViewport: Clicking on Actor (LMB): StaticMeshActor (wall01_garage_arch2)
[2025.09.19-13.27.16:400][794]LogEditorViewport: Clicking on Actor (LMB): StaticMeshActor (pillar01_half4)
[2025.09.19-13.27.16:947][857]Cmd: ACTOR HIDE SELECTED
[2025.09.19-13.27.18:143][  0]Cmd: TRANSACTION UNDO
[2025.09.19-13.27.18:143][  0]LogEditorTransaction: Undo Hide Selected
[2025.09.19-13.27.20:868][311]LogEditorViewport: Clicking on Actor (LMB): StaticMeshActor (wall01_2x34)
[2025.09.19-13.27.35:213][  5]LogEditorViewport: Clicking on Actor (LMB): StaticMeshActor (pillar01_half4)
[2025.09.19-13.27.44:344][ 88]LogEditorViewport: Clicking on Actor (LMB): StaticMeshActor (wall01_2x8)
[2025.09.19-13.27.45:458][219]Cmd: TRANSACTION UNDO
[2025.09.19-13.27.45:458][219]LogEditorTransaction: Undo Clicking on Actors
[2025.09.19-13.27.49:759][727]LogEditorViewport: Clicking on Actor (LMB): StaticMeshActor (pillar01_half4)
[2025.09.19-13.27.50:174][774]LogEditorViewport: Clicking on Actor (LMB): StaticMeshActor (wall01_2x34)
[2025.09.19-13.27.54:701][314]LogEditorViewport: Clicking on Actor (LMB): StaticMeshActor (floor01_2x75)
[2025.09.19-13.28.13:823][586]Cmd: TRANSACTION UNDO
[2025.09.19-13.28.13:823][586]LogEditorTransaction: Undo Clicking on Actors
[2025.09.19-13.28.21:623][510]LogEditorViewport: Clicking on Actor (LMB): StaticMeshActor (pillar01_half19)
[2025.09.19-13.28.26:520][ 92]LogSlate: FSceneViewport::OnFocusLost() reason 5
[2025.09.19-13.28.28:626][344]LogEditorViewport: Clicking on Actor (LMB): StaticMeshActor (wall01_2x11)
[2025.09.19-13.28.29:689][469]LogEditorViewport: Clicking on Actor (LMB): StaticMeshActor (wall01_2x9)
[2025.09.19-13.28.31:537][688]LogEditorViewport: Clicking on Actor (LMB): StaticMeshActor (floor01_2x69)
[2025.09.19-13.28.40:736][789]LogEditorViewport: Clicking on Actor (LMB): StaticMeshActor (wall01_garage_arch2)
[2025.09.19-13.28.44:659][256]LogEditorViewport: Clicking on Actor (LMB): StaticMeshActor (wall01_2x50)
[2025.09.19-13.28.55:719][565]LogEditorViewport: Clicking on Actor (LMB): StaticMeshActor (wall01_2x131)
[2025.09.19-13.28.58:928][939]LogSlate: FSceneViewport::OnFocusLost() reason 2
[2025.09.19-13.29.01:738][271]LogEditorViewport: Clicking on Actor (LMB): StaticMeshActor (wall01_2x38)
[2025.09.19-13.29.07:920][  8]LogEditorViewport: Clicking on Actor (LMB): StaticMeshActor (wall01_2x38)
[2025.09.19-13.29.08:871][119]LogSlate: FSceneViewport::OnFocusLost() reason 2
[2025.09.19-13.29.22:554][751]LogEditorViewport: Clicking on Actor (LMB): StaticMeshActor (wall01_2x132)
[2025.09.19-13.29.23:245][831]LogSlate: FSceneViewport::OnFocusLost() reason 2
[2025.09.19-13.29.26:910][265]LogEditorViewport: Clicking on Actor (LMB): StaticMeshActor (wall01_2x131)
[2025.09.19-13.29.38:483][645]Cmd: TRANSACTION UNDO
[2025.09.19-13.29.38:483][645]LogEditorTransaction: Undo Move Actors
[2025.09.19-13.29.42:668][142]LogSlate: FSceneViewport::OnFocusLost() reason 5
[2025.09.19-13.29.42:675][142]Cmd: OBJ SAVEPACKAGE PACKAGE="/Game/Levels/CheeseFactory_001" FILE="E:/GameDev/hggjam/GameJamHGGUnreal4.23.1/GameJamCrew/Content/Levels/CheeseFactory_001.umap" SILENT=true AUTOSAVING=false KEEPDIRTY=false
[2025.09.19-13.29.42:696][142]LogUObjectHash: Compacting FUObjectHashTables data took   0.84ms
[2025.09.19-13.29.42:825][142]LogSavePackage: Moving 'E:/GameDev/hggjam/GameJamHGGUnreal4.23.1/GameJamCrew/Saved/CheeseFactory_00111183DEC4B3D18980B2302AEA88F1398.tmp' to 'E:/GameDev/hggjam/GameJamHGGUnreal4.23.1/GameJamCrew/Content/Levels/CheeseFactory_001.umap'
[2025.09.19-13.29.42:838][142]Cmd: OBJ SAVEPACKAGE PACKAGE="/Game/Levels/CheeseFactory_001_BuiltData" FILE="E:/GameDev/hggjam/GameJamHGGUnreal4.23.1/GameJamCrew/Content/Levels/CheeseFactory_001_BuiltData.uasset" SILENT=true
[2025.09.19-13.29.43:113][142]LogSavePackage: Moving 'E:/GameDev/hggjam/GameJamHGGUnreal4.23.1/GameJamCrew/Saved/CheeseFactory_001_BuiltDataAE1D253C4F166920EA85B38D7E13AF15.tmp' to 'E:/GameDev/hggjam/GameJamHGGUnreal4.23.1/GameJamCrew/Content/Levels/CheeseFactory_001_BuiltData.uasset'
[2025.09.19-13.29.43:443][180]LogEditorViewport: Clicking on Actor (LMB): StaticMeshActor (wall01_garage_arch2)
[2025.09.19-13.29.46:871][588]LogSlate: FSceneViewport::OnFocusLost() reason 5
[2025.09.19-13.29.46:877][588]Cmd: OBJ SAVEPACKAGE PACKAGE="/Game/Levels/CheeseFactory_001" FILE="E:/GameDev/hggjam/GameJamHGGUnreal4.23.1/GameJamCrew/Content/Levels/CheeseFactory_001.umap" SILENT=true AUTOSAVING=false KEEPDIRTY=false
[2025.09.19-13.29.46:897][588]LogUObjectHash: Compacting FUObjectHashTables data took   0.94ms
[2025.09.19-13.29.47:023][588]LogSavePackage: Moving 'E:/GameDev/hggjam/GameJamHGGUnreal4.23.1/GameJamCrew/Saved/CheeseFactory_001950487BF450861570475259DEE8CFF67.tmp' to 'E:/GameDev/hggjam/GameJamHGGUnreal4.23.1/GameJamCrew/Content/Levels/CheeseFactory_001.umap'
[2025.09.19-13.29.47:035][588]Cmd: OBJ SAVEPACKAGE PACKAGE="/Game/Levels/CheeseFactory_001_BuiltData" FILE="E:/GameDev/hggjam/GameJamHGGUnreal4.23.1/GameJamCrew/Content/Levels/CheeseFactory_001_BuiltData.uasset" SILENT=true
[2025.09.19-13.29.47:311][588]LogSavePackage: Moving 'E:/GameDev/hggjam/GameJamHGGUnreal4.23.1/GameJamCrew/Saved/CheeseFactory_001_BuiltData6F8340C34B146414BB79CAB1B6D85145.tmp' to 'E:/GameDev/hggjam/GameJamHGGUnreal4.23.1/GameJamCrew/Content/Levels/CheeseFactory_001_BuiltData.uasset'
[2025.09.19-13.30.47:375][191]LogSlate: FSceneViewport::OnFocusLost() reason 0
[2025.09.19-13.31.03:191][102]LogFactory: FactoryCreateFile: StaticMesh with FbxFactory (0 0 E:\GameDev\hggjam\KlixXsrc\models\modular\walls\wall01_garage_arch_window.fbx)
[2025.09.19-13.31.03:196][102]LogFbx: Loading FBX Scene from E:\GameDev\hggjam\KlixXsrc\models\modular\walls\wall01_garage_arch_window.fbx
[2025.09.19-13.31.03:198][102]LogFbx: FBX Scene Loaded Succesfully
[2025.09.19-13.31.05:316][102]LogSlate: Window 'FBX Import Options' being destroyed
[2025.09.19-13.31.05:337][102]LogFbx: Display: Triangulating static mesh wall01_garage_arch_window
[2025.09.19-13.31.05:343][102]LogStaticMesh: Building static mesh wall01_garage_arch_window...
[2025.09.19-13.31.05:346][102]LogStaticMesh: Built static mesh [0.00s] /Game/LevelAssets/Models/modular/walls/wall01_garage_arch_window.wall01_garage_arch_window
[2025.09.19-13.31.05:351][102]FBXImport: Warning: No smoothing group information was found in this FBX scene.  Please make sure to enable the 'Export Smoothing Groups' option in the FBX Exporter plug-in before exporting the file.  Even for tools that don't support smoothing groups, the FBX Exporter will generate appropriate smoothing data at export-time so that correct vertex normals can be inferred while importing. 
[2025.09.19-13.31.06:812][273]LogSlate: Window 'Message Log' being destroyed
[2025.09.19-13.31.06:817][273]LogSlate: Window 'Message Log' being destroyed
[2025.09.19-13.31.08:549][479]LogSlate: FSceneViewport::OnFocusLost() reason 0
[2025.09.19-13.31.08:709][497]LogAssetEditorManager: Opening Asset editor for StaticMesh /Game/LevelAssets/Models/modular/walls/wall01_garage_arch_window.wall01_garage_arch_window
[2025.09.19-13.31.13:999][106]LogSavePackage: Moving 'E:/GameDev/hggjam/GameJamHGGUnreal4.23.1/GameJamCrew/Saved/wall01_garage_arch_window57FB0C0C4B34477FAD74C98418A5A32A.tmp' to 'E:/GameDev/hggjam/GameJamHGGUnreal4.23.1/GameJamCrew/Content/LevelAssets/Models/modular/walls/wall01_garage_arch_window.uasset'
[2025.09.19-13.31.15:526][286]LogSlate: FSceneViewport::OnFocusLost() reason 0
[2025.09.19-13.31.15:608][296]LogSlate: Window 'wall01_garage_arch_window' being destroyed
[2025.09.19-13.31.15:614][296]LogSlate: Window 'wall01_garage_arch_window' being destroyed
[2025.09.19-13.31.15:618][296]LogWorld: UWorld::CleanupWorld for World_30, bSessionEnded=true, bCleanupResources=true
[2025.09.19-13.31.17:755][548]LogSlate: FSceneViewport::OnFocusLost() reason 0
[2025.09.19-13.31.17:929][568]LogActorFactory: Actor Factory created wall01_garage_arch_window
[2025.09.19-13.31.19:153][714]LogSlate: FSceneViewport::OnFocusLost() reason 0
[2025.09.19-13.32.19:948][759]LogEditorFactories: Performing atomic reimport of [E:/GameDev/hggjam/KlixXsrc/models/modular/walls/wall01_garage_arch_window.fbx]
[2025.09.19-13.32.19:961][759]LogFbx: Loading FBX Scene from E:/GameDev/hggjam/KlixXsrc/models/modular/walls/wall01_garage_arch_window.fbx
[2025.09.19-13.32.19:963][759]LogFbx: FBX Scene Loaded Succesfully
[2025.09.19-13.32.19:964][759]LogFbx: Display: Triangulating static mesh wall01_garage_arch_window
[2025.09.19-13.32.19:976][759]LogStaticMesh: Building static mesh wall01_garage_arch_window...
[2025.09.19-13.32.19:978][759]LogStaticMesh: Built static mesh [0.00s] /Game/LevelAssets/Models/modular/walls/wall01_garage_arch_window.wall01_garage_arch_window
[2025.09.19-13.32.19:984][759]LogEditorFactories: -- imported successfully
[2025.09.19-13.32.19:985][759]FBXImport: Warning: No smoothing group information was found in this FBX scene.  Please make sure to enable the 'Export Smoothing Groups' option in the FBX Exporter plug-in before exporting the file.  Even for tools that don't support smoothing groups, the FBX Exporter will generate appropriate smoothing data at export-time so that correct vertex normals can be inferred while importing. 
[2025.09.19-13.32.20:489][761]LogSlate: FSceneViewport::OnFocusLost() reason 0
[2025.09.19-13.32.22:307][963]LogSlate: FSceneViewport::OnFocusLost() reason 5
[2025.09.19-13.32.22:313][963]Cmd: OBJ SAVEPACKAGE PACKAGE="/Game/Levels/CheeseFactory_001" FILE="E:/GameDev/hggjam/GameJamHGGUnreal4.23.1/GameJamCrew/Content/Levels/CheeseFactory_001.umap" SILENT=true AUTOSAVING=false KEEPDIRTY=false
[2025.09.19-13.32.22:333][963]LogUObjectHash: Compacting FUObjectHashTables data took   1.03ms
[2025.09.19-13.32.22:464][963]LogSavePackage: Moving 'E:/GameDev/hggjam/GameJamHGGUnreal4.23.1/GameJamCrew/Saved/CheeseFactory_001DD64E71647B3424162F8AC83E9FB2FE6.tmp' to 'E:/GameDev/hggjam/GameJamHGGUnreal4.23.1/GameJamCrew/Content/Levels/CheeseFactory_001.umap'
[2025.09.19-13.32.22:475][963]Cmd: OBJ SAVEPACKAGE PACKAGE="/Game/Levels/CheeseFactory_001_BuiltData" FILE="E:/GameDev/hggjam/GameJamHGGUnreal4.23.1/GameJamCrew/Content/Levels/CheeseFactory_001_BuiltData.uasset" SILENT=true
[2025.09.19-13.32.22:771][963]LogSavePackage: Moving 'E:/GameDev/hggjam/GameJamHGGUnreal4.23.1/GameJamCrew/Saved/CheeseFactory_001_BuiltData76FCD6A94F01B0650E218A8EEA488410.tmp' to 'E:/GameDev/hggjam/GameJamHGGUnreal4.23.1/GameJamCrew/Content/Levels/CheeseFactory_001_BuiltData.uasset'
[2025.09.19-13.32.25:697][311]LogEditorViewport: Clicking on Actor (LMB): StaticMeshActor (pillar01_half19)
[2025.09.19-13.32.29:411][750]LogSlate: FSceneViewport::OnFocusLost() reason 2
[2025.09.19-13.32.36:896][642]LogEditorViewport: Clicking on Actor (LMB): StaticMeshActor (pillar01_half21)
[2025.09.19-13.32.38:230][800]LogEditorViewport: Clicking on Actor (LMB): StaticMeshActor (pillar01_half24)
[2025.09.19-13.32.41:316][165]LogSlate: FSceneViewport::OnFocusLost() reason 5
[2025.09.19-13.32.41:321][165]Cmd: OBJ SAVEPACKAGE PACKAGE="/Game/Levels/CheeseFactory_001" FILE="E:/GameDev/hggjam/GameJamHGGUnreal4.23.1/GameJamCrew/Content/Levels/CheeseFactory_001.umap" SILENT=true AUTOSAVING=false KEEPDIRTY=false
[2025.09.19-13.32.41:340][165]LogUObjectHash: Compacting FUObjectHashTables data took   0.91ms
[2025.09.19-13.32.41:467][165]LogSavePackage: Moving 'E:/GameDev/hggjam/GameJamHGGUnreal4.23.1/GameJamCrew/Saved/CheeseFactory_0017B6B2B7C4DABC7706A6ABF9E4E9D8E18.tmp' to 'E:/GameDev/hggjam/GameJamHGGUnreal4.23.1/GameJamCrew/Content/Levels/CheeseFactory_001.umap'
[2025.09.19-13.32.41:479][165]Cmd: OBJ SAVEPACKAGE PACKAGE="/Game/Levels/CheeseFactory_001_BuiltData" FILE="E:/GameDev/hggjam/GameJamHGGUnreal4.23.1/GameJamCrew/Content/Levels/CheeseFactory_001_BuiltData.uasset" SILENT=true
[2025.09.19-13.32.41:751][165]LogSavePackage: Moving 'E:/GameDev/hggjam/GameJamHGGUnreal4.23.1/GameJamCrew/Saved/CheeseFactory_001_BuiltData7D7CA9764ABF1D62B7F27BA82C9670D2.tmp' to 'E:/GameDev/hggjam/GameJamHGGUnreal4.23.1/GameJamCrew/Content/Levels/CheeseFactory_001_BuiltData.uasset'
[2025.09.19-13.32.43:857][416]LogEditorViewport: Clicking on Actor (LMB): StaticMeshActor (wall01_2x36)
[2025.09.19-13.32.46:106][683]LogEditorViewport: Clicking on Actor (LMB): StaticMeshActor (pillar01_half14)
[2025.09.19-13.32.52:952][498]LogSlate: FSceneViewport::OnFocusLost() reason 2
[2025.09.19-13.32.55:639][817]LogEditorViewport: Clicking on Actor (LMB): StaticMeshActor (pillar01_half14)
[2025.09.19-13.32.57:717][ 63]LogSlate: FSceneViewport::OnFocusLost() reason 5
[2025.09.19-13.32.57:724][ 63]Cmd: OBJ SAVEPACKAGE PACKAGE="/Game/Levels/CheeseFactory_001" FILE="E:/GameDev/hggjam/GameJamHGGUnreal4.23.1/GameJamCrew/Content/Levels/CheeseFactory_001.umap" SILENT=true AUTOSAVING=false KEEPDIRTY=false
[2025.09.19-13.32.57:745][ 63]LogUObjectHash: Compacting FUObjectHashTables data took   0.93ms
[2025.09.19-13.32.57:877][ 63]LogSavePackage: Moving 'E:/GameDev/hggjam/GameJamHGGUnreal4.23.1/GameJamCrew/Saved/CheeseFactory_001120E68B94DF3C04091EFF884C6DCB076.tmp' to 'E:/GameDev/hggjam/GameJamHGGUnreal4.23.1/GameJamCrew/Content/Levels/CheeseFactory_001.umap'
[2025.09.19-13.32.57:889][ 63]Cmd: OBJ SAVEPACKAGE PACKAGE="/Game/Levels/CheeseFactory_001_BuiltData" FILE="E:/GameDev/hggjam/GameJamHGGUnreal4.23.1/GameJamCrew/Content/Levels/CheeseFactory_001_BuiltData.uasset" SILENT=true
[2025.09.19-13.32.58:165][ 63]LogSavePackage: Moving 'E:/GameDev/hggjam/GameJamHGGUnreal4.23.1/GameJamCrew/Saved/CheeseFactory_001_BuiltData1935E9CF4E9CDC8BBB06198EA0319361.tmp' to 'E:/GameDev/hggjam/GameJamHGGUnreal4.23.1/GameJamCrew/Content/Levels/CheeseFactory_001_BuiltData.uasset'
[2025.09.19-13.33.01:922][511]LogSlate: FSceneViewport::OnFocusLost() reason 5
[2025.09.19-13.33.01:928][511]Cmd: OBJ SAVEPACKAGE PACKAGE="/Game/Levels/CheeseFactory_001" FILE="E:/GameDev/hggjam/GameJamHGGUnreal4.23.1/GameJamCrew/Content/Levels/CheeseFactory_001.umap" SILENT=true AUTOSAVING=false KEEPDIRTY=false
[2025.09.19-13.33.01:949][511]LogUObjectHash: Compacting FUObjectHashTables data took   0.97ms
[2025.09.19-13.33.02:076][511]LogSavePackage: Moving 'E:/GameDev/hggjam/GameJamHGGUnreal4.23.1/GameJamCrew/Saved/CheeseFactory_001A12FE56249A1DBDA2B46EFBE0E3112C7.tmp' to 'E:/GameDev/hggjam/GameJamHGGUnreal4.23.1/GameJamCrew/Content/Levels/CheeseFactory_001.umap'
[2025.09.19-13.33.02:088][511]Cmd: OBJ SAVEPACKAGE PACKAGE="/Game/Levels/CheeseFactory_001_BuiltData" FILE="E:/GameDev/hggjam/GameJamHGGUnreal4.23.1/GameJamCrew/Content/Levels/CheeseFactory_001_BuiltData.uasset" SILENT=true
[2025.09.19-13.33.02:364][511]LogSavePackage: Moving 'E:/GameDev/hggjam/GameJamHGGUnreal4.23.1/GameJamCrew/Saved/CheeseFactory_001_BuiltDataA333628643D557AE17274C98719B72D5.tmp' to 'E:/GameDev/hggjam/GameJamHGGUnreal4.23.1/GameJamCrew/Content/Levels/CheeseFactory_001_BuiltData.uasset'
[2025.09.19-13.33.29:071][714]LogEditorViewport: Clicking on Actor (LMB): StaticMeshActor (wall01_2x135)
[2025.09.19-13.33.29:791][798]LogEditorViewport: Clicking on Actor (LMB): StaticMeshActor (floor01_2x70)
[2025.09.19-13.33.36:851][637]LogEditorViewport: Clicking on Actor (LMB): StaticMeshActor (wall01_2x133)
[2025.09.19-13.33.40:700][ 92]LogEditorViewport: Clicking on Actor (LMB): StaticMeshActor (floor01_2x78)
[2025.09.19-13.33.44:401][529]LogEditorViewport: Clicking on Actor (LMB): StaticMeshActor (wall01_2x37)
[2025.09.19-13.33.51:745][401]LogSlate: FSceneViewport::OnFocusLost() reason 5
[2025.09.19-13.33.51:751][401]Cmd: OBJ SAVEPACKAGE PACKAGE="/Game/Levels/CheeseFactory_001" FILE="E:/GameDev/hggjam/GameJamHGGUnreal4.23.1/GameJamCrew/Content/Levels/CheeseFactory_001.umap" SILENT=true AUTOSAVING=false KEEPDIRTY=false
[2025.09.19-13.33.51:771][401]LogUObjectHash: Compacting FUObjectHashTables data took   0.96ms
[2025.09.19-13.33.51:901][401]LogSavePackage: Moving 'E:/GameDev/hggjam/GameJamHGGUnreal4.23.1/GameJamCrew/Saved/CheeseFactory_0010561912E4FF2DE33A4D47395F412422D.tmp' to 'E:/GameDev/hggjam/GameJamHGGUnreal4.23.1/GameJamCrew/Content/Levels/CheeseFactory_001.umap'
[2025.09.19-13.33.51:915][401]Cmd: OBJ SAVEPACKAGE PACKAGE="/Game/Levels/CheeseFactory_001_BuiltData" FILE="E:/GameDev/hggjam/GameJamHGGUnreal4.23.1/GameJamCrew/Content/Levels/CheeseFactory_001_BuiltData.uasset" SILENT=true
[2025.09.19-13.33.52:192][401]LogSavePackage: Moving 'E:/GameDev/hggjam/GameJamHGGUnreal4.23.1/GameJamCrew/Saved/CheeseFactory_001_BuiltData0CEC15CA493324AD1EA0FABE49E0D314.tmp' to 'E:/GameDev/hggjam/GameJamHGGUnreal4.23.1/GameJamCrew/Content/Levels/CheeseFactory_001_BuiltData.uasset'
[2025.09.19-13.33.57:893][ 83]LogEditorViewport: Clicking on Actor (LMB): StaticMeshActor (floor01_2x67)
[2025.09.19-13.33.58:735][180]LogSlate: FSceneViewport::OnFocusLost() reason 5
[2025.09.19-13.33.58:741][180]Cmd: OBJ SAVEPACKAGE PACKAGE="/Game/Levels/CheeseFactory_001" FILE="E:/GameDev/hggjam/GameJamHGGUnreal4.23.1/GameJamCrew/Content/Levels/CheeseFactory_001.umap" SILENT=true AUTOSAVING=false KEEPDIRTY=false
[2025.09.19-13.33.58:760][180]LogUObjectHash: Compacting FUObjectHashTables data took   0.98ms
[2025.09.19-13.33.58:887][180]LogSavePackage: Moving 'E:/GameDev/hggjam/GameJamHGGUnreal4.23.1/GameJamCrew/Saved/CheeseFactory_001CB765DAF4D3CEA9CC38D598D6C87A21D.tmp' to 'E:/GameDev/hggjam/GameJamHGGUnreal4.23.1/GameJamCrew/Content/Levels/CheeseFactory_001.umap'
[2025.09.19-13.33.58:899][180]Cmd: OBJ SAVEPACKAGE PACKAGE="/Game/Levels/CheeseFactory_001_BuiltData" FILE="E:/GameDev/hggjam/GameJamHGGUnreal4.23.1/GameJamCrew/Content/Levels/CheeseFactory_001_BuiltData.uasset" SILENT=true
[2025.09.19-13.33.59:174][180]LogSavePackage: Moving 'E:/GameDev/hggjam/GameJamHGGUnreal4.23.1/GameJamCrew/Saved/CheeseFactory_001_BuiltData76952C81403D80B91D7CA4B0143D339B.tmp' to 'E:/GameDev/hggjam/GameJamHGGUnreal4.23.1/GameJamCrew/Content/Levels/CheeseFactory_001_BuiltData.uasset'
[2025.09.19-13.34.00:327][315]LogSlate: FSceneViewport::OnFocusLost() reason 2
[2025.09.19-13.34.01:045][401]MapCheck: New page: Map Check
[2025.09.19-13.34.01:053][401]LogSlate: FSceneViewport::OnFocusLost() reason 5
[2025.09.19-13.34.01:056][401]LightingResults: New page: Lighting Build - Sep 19, 2025, 7:34:01 PM
[2025.09.19-13.34.01:060][401]LogSwarmInterface: [OpenConnection] Registering TCP channel ...
[2025.09.19-13.34.01:064][401]LogSwarmInterface: [OpenConnection] Connecting to agent ...
[2025.09.19-13.34.01:064][401]LogSwarmInterface: [TryOpenConnection] Testing the Agent
[2025.09.19-13.34.01:065][401]LogSwarmInterface: [TryOpenConnection] Opening Connection to Agent
[2025.09.19-13.34.01:065][401]LogSwarmInterface: [TryOpenConnection] Local Process ID is 3812
[2025.09.19-13.34.05:637][401]LogStaticLightingSystem: Running Lightmass w/ ImmediateImport mode ENABLED
[2025.09.19-13.34.05:637][401]LogStaticLightingSystem: Running Lightmass w/ ImmediateProcess mode ENABLED
[2025.09.19-13.34.05:637][401]LogStaticLightingSystem: Running Lightmass w/ Sorting mode ENABLED
[2025.09.19-13.34.05:637][401]LogStaticLightingSystem: Running Lightmass w/ Mapping paddings ENABLED
[2025.09.19-13.34.05:637][401]LogStaticLightingSystem: Running Lightmass w/ Mapping debug paddings DISABLED
[2025.09.19-13.34.05:707][401]LogEditorBuildUtils: Build time 0:04
[2025.09.19-13.34.05:748][402]LogUObjectHash: Compacting FUObjectHashTables data took   0.99ms
[2025.09.19-13.34.27:567][441]Job is a success!
[2025.09.19-13.34.27:590][443]LogSlate: FSceneViewport::OnFocusLost() reason 5
[2025.09.19-13.34.27:624][443]LogVolumetricLightmapImport: Imported Volumetric Lightmap in 0.003s
[2025.09.19-13.34.27:624][443]LogVolumetricLightmapImport:      Indirection Texture 16x16x16 = 0.0Mb
[2025.09.19-13.34.27:624][443]LogVolumetricLightmapImport:      BrickData 100x5x5 = 0.1Mb
[2025.09.19-13.34.27:624][443]LogVolumetricLightmapImport:      Bricks at Level
[2025.09.19-13.34.27:624][443]LogVolumetricLightmapImport:          0: 5.0% covering 100.0% of volume
[2025.09.19-13.34.27:624][443]LogVolumetricLightmapImport:          1: 5.0% covering 1.6% of volume
[2025.09.19-13.34.27:624][443]LogVolumetricLightmapImport:          2: 90.0% covering 0.4% of volume
[2025.09.19-13.34.28:740][443]LogTexture: Display: Building textures: HQ_Lightmap0_1 (AutoDXT, 1024X1024)
[2025.09.19-13.34.28:740][443]LogTexture: Display: Building textures: LQ_Lightmap_0_1 (DXT1, 1024X1024)
[2025.09.19-13.34.28:740][443]LogTexture: Display: Building textures: HQ_Lightmap1_2 (AutoDXT, 1024X1024)
[2025.09.19-13.34.28:740][443]LogTexture: Display: Building textures: LQ_Lightmap_1_2 (DXT1, 1024X1024)
[2025.09.19-13.34.28:740][443]LogTexture: Display: Building textures: HQ_Lightmap1_3 (AutoDXT, 1024X1024)
[2025.09.19-13.34.28:740][443]LogTexture: Display: Building textures: LQ_Lightmap_1_3 (DXT1, 1024X1024)
[2025.09.19-13.34.28:740][443]LogTexture: Display: Building textures: HQ_Lightmap0_4 (AutoDXT, 1024X1024)
[2025.09.19-13.34.28:740][443]LogTexture: Display: Building textures: LQ_Lightmap_0_4 (DXT1, 1024X1024)
[2025.09.19-13.34.28:740][443]LogTexture: Display: Building textures: HQ_Lightmap1_5 (AutoDXT, 1024X1024)
[2025.09.19-13.34.28:740][443]LogTexture: Display: Building textures: LQ_Lightmap_1_5 (DXT1, 1024X1024)
[2025.09.19-13.34.28:740][443]LogTexture: Display: Building textures: HQ_Lightmap0_6 (AutoDXT, 1024X1024)
[2025.09.19-13.34.28:740][443]LogTexture: Display: Building textures: LQ_Lightmap_0_6 (DXT1, 1024X1024)
[2025.09.19-13.34.28:740][443]LogTexture: Display: Building textures: HQ_Lightmap0_7 (AutoDXT, 1024X1024)
[2025.09.19-13.34.28:740][443]LogTexture: Display: Building textures: LQ_Lightmap_0_7 (DXT1, 1024X1024)
[2025.09.19-13.34.28:740][443]LogTexture: Display: Building textures: HQ_Lightmap1_8 (AutoDXT, 1024X1024)
[2025.09.19-13.34.28:740][443]LogTexture: Display: Building textures: LQ_Lightmap_1_8 (DXT1, 1024X1024)
[2025.09.19-13.34.28:740][443]LogTexture: Display: Building textures: HQ_Lightmap1_9 (AutoDXT, 1024X1024)
[2025.09.19-13.34.28:740][443]LogTexture: Display: Building textures: LQ_Lightmap_1_9 (DXT1, 1024X1024)
[2025.09.19-13.34.28:740][443]LogTexture: Display: Building textures: HQ_Lightmap1_10 (AutoDXT, 1024X1024)
[2025.09.19-13.34.28:740][443]LogTexture: Display: Building textures: LQ_Lightmap_1_10 (DXT1, 1024X1024)
[2025.09.19-13.34.28:740][443]LogTexture: Display: Building textures: HQ_Lightmap1_11 (AutoDXT, 1024X1024)
[2025.09.19-13.34.28:740][443]LogTexture: Display: Building textures: LQ_Lightmap_1_11 (DXT1, 1024X1024)
[2025.09.19-13.34.28:740][443]LogTexture: Display: Building textures: HQ_Lightmap1_12 (AutoDXT, 64X64)
[2025.09.19-13.34.28:740][443]LogTexture: Display: Building textures: LQ_Lightmap_1_12 (DXT1, 64X64)
[2025.09.19-13.34.28:848][443]LogTexture: Display: Building textures: ShadowMapTexture2D_85 (G8, 32X32)
[2025.09.19-13.34.28:848][443]LogTexture: Display: Building textures: ShadowMapTexture2D_83 (G8, 1024X1024)
[2025.09.19-13.34.28:848][443]LogTexture: Display: Building textures: ShadowMapTexture2D_82 (G8, 1024X1024)
[2025.09.19-13.34.28:848][443]LogTexture: Display: Building textures: ShadowMapTexture2D_84 (G8, 1024X1024)
[2025.09.19-13.34.28:860][443]LogStaticLightingSystem: CheeseFactory_001_BuiltData storing lightmap data for 541 meshes in 27 LightmapResourceClusters (20.0 Meshes per cluster).
[2025.09.19-13.34.28:883][443]Lightmass on CECOMAIN: 22.9 sec total, 63 ms importing, 11 ms setup, 1.34 sec photons, 21.4 sec processing, 0 ms extra exporting [541/541 mappings]. Threads: 5:21 min total, 3:47 min processing.
[2025.09.19-13.34.28:883][443]LogUObjectHash: Compacting FUObjectHashTables data took   0.85ms
[2025.09.19-13.34.28:890][443]LogStaticLightingSystem: Illumination: 27.8 sec (882 ms encoding lightmaps, 101 ms encoding shadowmaps)
[2025.09.19-13.34.28:890][443]LogStaticLightingSystem: Lightmap texture memory:  22.0 MB (22.0 MB streaming, 0.0 MB non-streaming), 24 textures
[2025.09.19-13.34.28:890][443]LogStaticLightingSystem: Shadowmap texture memory: 4.0 MB (4.0 MB streaming, 0.0 MB non-streaming), 4 textures
[2025.09.19-13.34.29:651][443]DumpUnbuiltLightIteractions
[2025.09.19-13.34.29:652][443]Lights with unbuilt interactions: 0
[2025.09.19-13.34.29:652][443]
[2025.09.19-13.34.29:652][443]Primitives with unbuilt interactions: 0
[2025.09.19-13.34.29:658][443]LogSlate: FSceneViewport::OnFocusLost() reason 5
[2025.09.19-13.34.29:720][444]Cmd: MAP CHECK NOTIFYRESULTS
[2025.09.19-13.34.29:720][444]MapCheck: New page: CheeseFactory_001 - Sep 19, 2025, 7:34:29 PM
[2025.09.19-13.34.29:722][444]MapCheck: Map check complete: 0 Error(s), 0 Warning(s), took 1.614ms to complete.
[2025.09.19-13.34.52:254][146]LogSlate: FSceneViewport::OnFocusLost() reason 5
[2025.09.19-13.36.11:218][619]LogEditorViewport: Clicking on Actor (LMB): StaticMeshActor (floor01_2x103)
[2025.09.19-13.36.11:864][694]LogEditorViewport: Clicking on Actor (LMB): StaticMeshActor (floor01_2x115)
[2025.09.19-13.36.27:424][557]LogEditorViewport: Clicking on Actor (LMB): StaticMeshActor (wall01_garage_arch2)
[2025.09.19-13.36.30:501][918]Cmd: DELETE
[2025.09.19-13.36.30:501][918]Cmd: ACTOR DELETE
[2025.09.19-13.36.30:506][918]LogEditorActor: Deleted Actor: StaticMeshActor
[2025.09.19-13.36.30:506][918]LogEditorActor: Deleted Actor: StaticMeshActor
[2025.09.19-13.36.30:506][918]LogEditorActor: Deleted Actor: StaticMeshActor
[2025.09.19-13.36.30:525][918]LogUObjectHash: Compacting FUObjectHashTables data took   0.50ms
[2025.09.19-13.36.30:526][918]LogEditorActor: Deleted 3 Actors (0.024 secs)
[2025.09.19-13.36.32:616][169]LogEditorViewport: Clicking on Actor (LMB): StaticMeshActor (wall01_1x4)
[2025.09.19-13.36.33:095][224]Cmd: DELETE
[2025.09.19-13.36.33:095][224]Cmd: ACTOR DELETE
[2025.09.19-13.36.33:099][224]LogEditorActor: Deleted Actor: StaticMeshActor
[2025.09.19-13.36.33:119][224]LogUObjectHash: Compacting FUObjectHashTables data took   0.41ms
[2025.09.19-13.36.33:119][224]LogEditorActor: Deleted 1 Actors (0.023 secs)
[2025.09.19-13.36.33:578][279]LogEditorViewport: Clicking on Actor (LMB): StaticMeshActor (wall01_1x5)
[2025.09.19-13.36.33:666][287]Cmd: DELETE
[2025.09.19-13.36.33:666][287]Cmd: ACTOR DELETE
[2025.09.19-13.36.33:670][287]LogEditorActor: Deleted Actor: StaticMeshActor
[2025.09.19-13.36.33:688][287]LogUObjectHash: Compacting FUObjectHashTables data took   0.40ms
[2025.09.19-13.36.33:688][287]LogEditorActor: Deleted 1 Actors (0.023 secs)
[2025.09.19-13.36.34:739][413]LogEditorViewport: Clicking on Actor (LMB): StaticMeshActor (wall01_2x64)
[2025.09.19-13.36.43:321][426]LogEditorViewport: Clicking on Actor (LMB): StaticMeshActor (wall01_2x25)
[2025.09.19-13.36.45:951][736]LogEditorViewport: Clicking on Actor (LMB): StaticMeshActor (wall01_2x137)
[2025.09.19-13.36.46:763][831]LogEditorViewport: Clicking on Actor (LMB): StaticMeshActor (wall01_2x34)
[2025.09.19-13.36.50:825][312]Cmd: TRANSACTION UNDO
[2025.09.19-13.36.50:825][312]LogEditorTransaction: Undo Move Actors
[2025.09.19-13.36.56:103][937]LogEditorViewport: Clicking on Actor (LMB): StaticMeshActor (wall01_2x39)
[2025.09.19-13.37.04:213][885]Cmd: DELETE
[2025.09.19-13.37.04:213][885]Cmd: ACTOR DELETE
[2025.09.19-13.37.04:218][885]LogEditorActor: Deleted Actor: StaticMeshActor
[2025.09.19-13.37.04:218][885]LogEditorActor: Deleted Actor: StaticMeshActor
[2025.09.19-13.37.04:218][885]LogEditorActor: Deleted Actor: StaticMeshActor
[2025.09.19-13.37.04:218][885]LogEditorActor: Deleted Actor: StaticMeshActor
[2025.09.19-13.37.04:218][885]LogEditorActor: Deleted Actor: StaticMeshActor
[2025.09.19-13.37.04:218][885]LogEditorActor: Deleted Actor: StaticMeshActor
[2025.09.19-13.37.04:218][885]LogEditorActor: Deleted Actor: StaticMeshActor
[2025.09.19-13.37.04:218][885]LogEditorActor: Deleted Actor: StaticMeshActor
[2025.09.19-13.37.04:218][885]LogEditorActor: Deleted Actor: StaticMeshActor
[2025.09.19-13.37.04:219][885]LogEditorActor: Deleted Actor: StaticMeshActor
[2025.09.19-13.37.04:219][885]LogEditorActor: Deleted Actor: StaticMeshActor
[2025.09.19-13.37.04:238][885]LogUObjectHash: Compacting FUObjectHashTables data took   0.73ms
[2025.09.19-13.37.04:238][885]LogEditorActor: Deleted 11 Actors (0.026 secs)
[2025.09.19-13.37.05:331][ 16]LogEditorViewport: Clicking on Actor (LMB): StaticMeshActor (floor01_2x85)
[2025.09.19-13.37.20:049][753]LogEditorViewport: Clicking on Actor (LMB): StaticMeshActor (wall01_2x51)
[2025.09.19-13.37.23:669][179]LogEditorViewport: Clicking on Actor (LMB): StaticMeshActor (floor01_2x71)
[2025.09.19-13.37.25:132][352]LogEditorViewport: Clicking on Actor (LMB): StaticMeshActor (floor01_2x87)
[2025.09.19-13.37.33:664][373]LogEditorViewport: Clicking on Actor (LMB): StaticMeshActor (wall01_2x49)
[2025.09.19-13.37.38:253][920]LogEditorViewport: Clicking on Actor (LMB): StaticMeshActor (floor01_2x115)
[2025.09.19-13.37.40:166][147]Cmd: DELETE
[2025.09.19-13.37.40:166][147]Cmd: ACTOR DELETE
[2025.09.19-13.37.40:170][147]LogEditorActor: Deleted Actor: StaticMeshActor
[2025.09.19-13.37.40:190][147]LogUObjectHash: Compacting FUObjectHashTables data took   0.43ms
[2025.09.19-13.37.40:191][147]LogEditorActor: Deleted 1 Actors (0.024 secs)
[2025.09.19-13.37.41:014][246]LogEditorViewport: Clicking on Actor (LMB): StaticMeshActor (floor01_2x103)
[2025.09.19-13.37.42:000][361]LogEditorViewport: Clicking on Actor (LMB): StaticMeshActor (floor01_2x110)
[2025.09.19-13.37.56:894][112]LogEditorViewport: Clicking on Actor (LMB): StaticMeshActor (wall01_2x111)
[2025.09.19-13.38.07:556][353]LogEditorViewport: Clicking on Actor (LMB): SpotLight (SpotLight3)
[2025.09.19-13.38.18:992][713]LogEditorViewport: Clicking on Actor (LMB): StaticMeshActor (doorframe_1x8)
[2025.09.19-13.38.20:575][897]LogEditorViewport: Clicking on Actor (LMB): StaticMeshActor (floor01_2x103)
[2025.09.19-13.38.22:715][150]Cmd: TRANSACTION UNDO
[2025.09.19-13.38.22:715][150]LogEditorTransaction: Undo Move Actors
[2025.09.19-13.38.23:239][211]LogEditorViewport: Clicking on Actor (LMB): StaticMeshActor (doorframe_1x8)
[2025.09.19-13.38.41:496][349]LogEditorViewport: Clicking on Actor (LMB): StaticMeshActor (pillar01_half21)
[2025.09.19-13.38.47:930][110]Cmd: TRANSACTION UNDO
[2025.09.19-13.38.47:930][110]LogEditorTransaction: Undo Move Actors
[2025.09.19-13.38.54:048][835]LogEditorViewport: Clicking on Actor (LMB): StaticMeshActor (pillar01_half25)
[2025.09.19-13.38.56:778][153]Cmd: DELETE
[2025.09.19-13.38.56:778][153]Cmd: ACTOR DELETE
[2025.09.19-13.38.56:782][153]LogEditorActor: Deleted Actor: StaticMeshActor
[2025.09.19-13.38.56:783][153]LogEditorActor: Deleted Actor: StaticMeshActor
[2025.09.19-13.38.56:783][153]LogEditorActor: Deleted Actor: StaticMeshActor
[2025.09.19-13.38.56:802][153]LogUObjectHash: Compacting FUObjectHashTables data took   0.44ms
[2025.09.19-13.38.56:802][153]LogEditorActor: Deleted 3 Actors (0.023 secs)
[2025.09.19-13.39.01:574][724]LogSlate: FSceneViewport::OnFocusLost() reason 5
[2025.09.19-13.39.05:451][188]LogSlate: FSceneViewport::OnFocusLost() reason 5
[2025.09.19-13.39.09:218][637]LogSlate: FSceneViewport::OnFocusLost() reason 5
[2025.09.19-13.39.12:467][ 26]LogSlate: FSceneViewport::OnFocusLost() reason 5
[2025.09.19-13.39.24:485][464]LogSlate: FSceneViewport::OnFocusLost() reason 5
[2025.09.19-13.39.34:284][637]LogEditorViewport: Clicking on Actor (LMB): StaticMeshActor (wall01_2x129)
[2025.09.19-13.39.35:071][728]LogEditorViewport: Clicking on Actor (LMB): StaticMeshActor (wall01_2x42)
[2025.09.19-13.39.40:741][404]LogSlate: FSceneViewport::OnFocusLost() reason 5
[2025.09.19-13.39.41:634][510]LogSlate: FSceneViewport::OnFocusLost() reason 5
[2025.09.19-13.39.41:995][552]LogSlate: FSceneViewport::OnFocusLost() reason 5
[2025.09.19-13.39.42:747][641]LogSlate: FSceneViewport::OnFocusLost() reason 5
[2025.09.19-13.39.44:889][897]LogSlate: FSceneViewport::OnFocusLost() reason 5
[2025.09.19-13.39.53:801][966]LogEditorViewport: Clicking on Actor (LMB): StaticMeshActor (wall01_2x129)
[2025.09.19-13.39.56:023][228]LogEditorViewport: Clicking on Actor (LMB): StaticMeshActor (wall01_2x129)
[2025.09.19-13.39.59:373][627]LogEditorViewport: Clicking on Actor (LMB): StaticMeshActor (wall01_2x67)
[2025.09.19-13.40.03:307][ 96]LogEditorViewport: Clicking on Actor (LMB): StaticMeshActor (wall01_2x111)
[2025.09.19-13.40.04:834][277]LogEditorViewport: Clicking on Actor (LMB): StaticMeshActor (floor01_2x112)
[2025.09.19-13.40.09:381][820]LogEditorViewport: Clicking on Actor (LMB): StaticMeshActor (floor01_2x236)
[2025.09.19-13.40.10:678][973]LogEditorViewport: Clicking on Actor (LMB): StaticMeshActor (floor01_2x229)
[2025.09.19-13.40.11:400][ 57]LogEditorViewport: Clicking on Actor (LMB): StaticMeshActor (floor01_2x233)
[2025.09.19-13.40.12:839][227]LogEditorViewport: Clicking on Actor (LMB): StaticMeshActor (floor01_2x207)
[2025.09.19-13.40.21:299][240]LogEditorViewport: Clicking on Actor (LMB): StaticMeshActor (wall01_2x129)
[2025.09.19-13.40.22:888][428]LogEditorViewport: Clicking on Actor (LMB): StaticMeshActor (wall01_2x67)
[2025.09.19-13.40.23:609][512]LogEditorViewport: Clicking on Actor (LMB): StaticMeshActor (wall01_2x48)
[2025.09.19-13.40.32:790][603]LogSlate: FSceneViewport::OnFocusLost() reason 5
[2025.09.19-13.40.32:796][603]Cmd: OBJ SAVEPACKAGE PACKAGE="/Game/Levels/CheeseFactory_001" FILE="E:/GameDev/hggjam/GameJamHGGUnreal4.23.1/GameJamCrew/Content/Levels/CheeseFactory_001.umap" SILENT=true AUTOSAVING=false KEEPDIRTY=false
[2025.09.19-13.40.32:816][603]LogUObjectHash: Compacting FUObjectHashTables data took   0.41ms
[2025.09.19-13.40.32:945][603]LogSavePackage: Moving 'E:/GameDev/hggjam/GameJamHGGUnreal4.23.1/GameJamCrew/Saved/CheeseFactory_001919E0C854389270810C711BB2084209C.tmp' to 'E:/GameDev/hggjam/GameJamHGGUnreal4.23.1/GameJamCrew/Content/Levels/CheeseFactory_001.umap'
[2025.09.19-13.40.32:957][603]Cmd: OBJ SAVEPACKAGE PACKAGE="/Game/Levels/CheeseFactory_001_BuiltData" FILE="E:/GameDev/hggjam/GameJamHGGUnreal4.23.1/GameJamCrew/Content/Levels/CheeseFactory_001_BuiltData.uasset" SILENT=true
[2025.09.19-13.40.33:276][603]LogSavePackage: Moving 'E:/GameDev/hggjam/GameJamHGGUnreal4.23.1/GameJamCrew/Saved/CheeseFactory_001_BuiltData9D39A15B427F93C8BDF459BAAA205D28.tmp' to 'E:/GameDev/hggjam/GameJamHGGUnreal4.23.1/GameJamCrew/Content/Levels/CheeseFactory_001_BuiltData.uasset'
[2025.09.19-13.40.35:440][859]LogSlate: FSceneViewport::OnFocusLost() reason 5
[2025.09.19-13.40.40:366][440]LogSlate: FSceneViewport::OnFocusLost() reason 2
[2025.09.19-13.40.41:118][530]MapCheck: New page: Map Check
[2025.09.19-13.40.41:128][530]LogSlate: FSceneViewport::OnFocusLost() reason 5
[2025.09.19-13.40.41:131][530]LightingResults: New page: Lighting Build - Sep 19, 2025, 7:40:41 PM
[2025.09.19-13.40.41:135][530]LogSwarmInterface: [OpenConnection] Registering TCP channel ...
[2025.09.19-13.40.41:140][530]LogSwarmInterface: [OpenConnection] Connecting to agent ...
[2025.09.19-13.40.41:140][530]LogSwarmInterface: [TryOpenConnection] Testing the Agent
[2025.09.19-13.40.41:140][530]LogSwarmInterface: [TryOpenConnection] Opening Connection to Agent
[2025.09.19-13.40.41:140][530]LogSwarmInterface: [TryOpenConnection] Local Process ID is 3812
[2025.09.19-13.40.45:680][530]LogStaticLightingSystem: Running Lightmass w/ ImmediateImport mode ENABLED
[2025.09.19-13.40.45:680][530]LogStaticLightingSystem: Running Lightmass w/ ImmediateProcess mode ENABLED
[2025.09.19-13.40.45:680][530]LogStaticLightingSystem: Running Lightmass w/ Sorting mode ENABLED
[2025.09.19-13.40.45:680][530]LogStaticLightingSystem: Running Lightmass w/ Mapping paddings ENABLED
[2025.09.19-13.40.45:680][530]LogStaticLightingSystem: Running Lightmass w/ Mapping debug paddings DISABLED
[2025.09.19-13.40.45:744][530]LogEditorBuildUtils: Build time 0:04
[2025.09.19-13.40.45:790][531]LogUObjectHash: Compacting FUObjectHashTables data took   1.06ms
[2025.09.19-13.41.06:216][592]Job is a success!
[2025.09.19-13.41.06:594][593]LogVolumetricLightmapImport: Imported Volumetric Lightmap in 0.003s
[2025.09.19-13.41.06:594][593]LogVolumetricLightmapImport:      Indirection Texture 16x16x16 = 0.0Mb
[2025.09.19-13.41.06:594][593]LogVolumetricLightmapImport:      BrickData 100x5x5 = 0.1Mb
[2025.09.19-13.41.06:594][593]LogVolumetricLightmapImport:      Bricks at Level
[2025.09.19-13.41.06:594][593]LogVolumetricLightmapImport:          0: 5.0% covering 100.0% of volume
[2025.09.19-13.41.06:594][593]LogVolumetricLightmapImport:          1: 5.0% covering 1.6% of volume
[2025.09.19-13.41.06:594][593]LogVolumetricLightmapImport:          2: 90.0% covering 0.4% of volume
[2025.09.19-13.41.07:651][593]LogTexture: Display: Building textures: HQ_Lightmap1_1 (AutoDXT, 1024X1024)
[2025.09.19-13.41.07:651][593]LogTexture: Display: Building textures: LQ_Lightmap_1_1 (DXT1, 1024X1024)
[2025.09.19-13.41.07:651][593]LogTexture: Display: Building textures: HQ_Lightmap0_2 (AutoDXT, 1024X1024)
[2025.09.19-13.41.07:651][593]LogTexture: Display: Building textures: LQ_Lightmap_0_2 (DXT1, 1024X1024)
[2025.09.19-13.41.07:651][593]LogTexture: Display: Building textures: HQ_Lightmap0_3 (AutoDXT, 1024X1024)
[2025.09.19-13.41.07:651][593]LogTexture: Display: Building textures: LQ_Lightmap_0_3 (DXT1, 1024X1024)
[2025.09.19-13.41.07:651][593]LogTexture: Display: Building textures: HQ_Lightmap1_4 (AutoDXT, 1024X1024)
[2025.09.19-13.41.07:651][593]LogTexture: Display: Building textures: LQ_Lightmap_1_4 (DXT1, 1024X1024)
[2025.09.19-13.41.07:651][593]LogTexture: Display: Building textures: HQ_Lightmap0_5 (AutoDXT, 1024X1024)
[2025.09.19-13.41.07:651][593]LogTexture: Display: Building textures: LQ_Lightmap_0_5 (DXT1, 1024X1024)
[2025.09.19-13.41.07:651][593]LogTexture: Display: Building textures: HQ_Lightmap1_6 (AutoDXT, 1024X1024)
[2025.09.19-13.41.07:651][593]LogTexture: Display: Building textures: LQ_Lightmap_1_6 (DXT1, 1024X1024)
[2025.09.19-13.41.07:651][593]LogTexture: Display: Building textures: HQ_Lightmap1_7 (AutoDXT, 1024X1024)
[2025.09.19-13.41.07:651][593]LogTexture: Display: Building textures: LQ_Lightmap_1_7 (DXT1, 1024X1024)
[2025.09.19-13.41.07:651][593]LogTexture: Display: Building textures: HQ_Lightmap0_8 (AutoDXT, 1024X1024)
[2025.09.19-13.41.07:651][593]LogTexture: Display: Building textures: LQ_Lightmap_0_8 (DXT1, 1024X1024)
[2025.09.19-13.41.07:651][593]LogTexture: Display: Building textures: HQ_Lightmap0_9 (AutoDXT, 1024X1024)
[2025.09.19-13.41.07:651][593]LogTexture: Display: Building textures: LQ_Lightmap_0_9 (DXT1, 1024X1024)
[2025.09.19-13.41.07:651][593]LogTexture: Display: Building textures: HQ_Lightmap0_10 (AutoDXT, 1024X1024)
[2025.09.19-13.41.07:651][593]LogTexture: Display: Building textures: LQ_Lightmap_0_10 (DXT1, 1024X1024)
[2025.09.19-13.41.07:651][593]LogTexture: Display: Building textures: HQ_Lightmap0_11 (AutoDXT, 512X512)
[2025.09.19-13.41.07:651][593]LogTexture: Display: Building textures: LQ_Lightmap_0_11 (DXT1, 512X512)
[2025.09.19-13.41.07:651][593]LogTexture: Display: Building textures: HQ_Lightmap0_12 (AutoDXT, 64X64)
[2025.09.19-13.41.07:651][593]LogTexture: Display: Building textures: LQ_Lightmap_0_12 (DXT1, 64X64)
[2025.09.19-13.41.07:762][593]LogTexture: Display: Building textures: ShadowMapTexture2D_89 (G8, 32X32)
[2025.09.19-13.41.07:762][593]LogTexture: Display: Building textures: ShadowMapTexture2D_88 (G8, 1024X512)
[2025.09.19-13.41.07:762][593]LogTexture: Display: Building textures: ShadowMapTexture2D_86 (G8, 1024X1024)
[2025.09.19-13.41.07:762][593]LogTexture: Display: Building textures: ShadowMapTexture2D_87 (G8, 1024X1024)
[2025.09.19-13.41.07:770][593]LogStaticLightingSystem: CheeseFactory_001_BuiltData storing lightmap data for 530 meshes in 26 LightmapResourceClusters (20.4 Meshes per cluster).
[2025.09.19-13.41.07:791][593]Lightmass on CECOMAIN: 21.8 sec total, 68 ms importing, 12 ms setup, 1.37 sec photons, 20.2 sec processing, 0 ms extra exporting [530/530 mappings]. Threads: 5:04 min total, 3:32 min processing.
[2025.09.19-13.41.07:792][593]LogUObjectHash: Compacting FUObjectHashTables data took   0.89ms
[2025.09.19-13.41.07:796][593]LogStaticLightingSystem: Illumination: 26.3 sec (835 ms encoding lightmaps, 108 ms encoding shadowmaps)
[2025.09.19-13.41.07:796][593]LogStaticLightingSystem: Lightmap texture memory:  20.5 MB (20.5 MB streaming, 0.0 MB non-streaming), 24 textures
[2025.09.19-13.41.07:796][593]LogStaticLightingSystem: Shadowmap texture memory: 3.3 MB (3.3 MB streaming, 0.0 MB non-streaming), 4 textures
[2025.09.19-13.41.08:697][593]DumpUnbuiltLightIteractions
[2025.09.19-13.41.08:697][593]Lights with unbuilt interactions: 0
[2025.09.19-13.41.08:697][593]
[2025.09.19-13.41.08:697][593]Primitives with unbuilt interactions: 0
[2025.09.19-13.41.08:761][594]Cmd: MAP CHECK NOTIFYRESULTS
[2025.09.19-13.41.08:761][594]MapCheck: New page: CheeseFactory_001 - Sep 19, 2025, 7:41:08 PM
[2025.09.19-13.41.08:762][594]MapCheck: Map check complete: 0 Error(s), 0 Warning(s), took 1.609ms to complete.
[2025.09.19-13.42.13:678][364]LogEditorViewport: Clicking on Actor (LMB): StaticMeshActor (floor01_2x280)
[2025.09.19-13.42.15:559][584]Cmd: TRANSACTION UNDO
[2025.09.19-13.42.15:559][584]LogEditorTransaction: Undo Clicking on Actors
[2025.09.19-13.42.17:909][857]Cmd: DELETE
[2025.09.19-13.42.17:909][857]Cmd: ACTOR DELETE
[2025.09.19-13.42.17:913][857]LogEditorActor: Deleted Actor: StaticMeshActor
[2025.09.19-13.42.17:913][857]LogEditorActor: Deleted Actor: StaticMeshActor
[2025.09.19-13.42.17:914][857]LogEditorActor: Deleted Actor: StaticMeshActor
[2025.09.19-13.42.17:933][857]LogUObjectHash: Compacting FUObjectHashTables data took   0.42ms
[2025.09.19-13.42.17:933][857]LogEditorActor: Deleted 3 Actors (0.024 secs)
[2025.09.19-13.42.18:924][976]LogEditorViewport: Clicking on Actor (LMB): StaticMeshActor (wall01_2x50)
[2025.09.19-13.42.19:595][ 54]LogEditorViewport: Clicking on Actor (LMB): StaticMeshActor (floor01_2x277)
[2025.09.19-13.42.21:593][289]Cmd: DELETE
[2025.09.19-13.42.21:593][289]Cmd: ACTOR DELETE
[2025.09.19-13.42.21:597][289]LogEditorActor: Deleted Actor: StaticMeshActor
[2025.09.19-13.42.21:597][289]LogEditorActor: Deleted Actor: StaticMeshActor
[2025.09.19-13.42.21:617][289]LogUObjectHash: Compacting FUObjectHashTables data took   0.41ms
[2025.09.19-13.42.21:617][289]LogEditorActor: Deleted 2 Actors (0.024 secs)
[2025.09.19-13.42.21:911][324]LogEditorViewport: Clicking on Actor (LMB): StaticMeshActor (floor01_2x279)
[2025.09.19-13.42.21:970][329]Cmd: DELETE
[2025.09.19-13.42.21:970][329]Cmd: ACTOR DELETE
[2025.09.19-13.42.21:974][329]LogEditorActor: Deleted Actor: StaticMeshActor
[2025.09.19-13.42.21:994][329]LogUObjectHash: Compacting FUObjectHashTables data took   0.40ms
[2025.09.19-13.42.21:994][329]LogEditorActor: Deleted 1 Actors (0.023 secs)
[2025.09.19-13.42.24:702][654]LogEditorViewport: Clicking on Actor (LMB): StaticMeshActor (floor01_2x181)
[2025.09.19-13.42.26:265][838]LogEditorViewport: Clicking on Actor (LMB): StaticMeshActor (floor01_2x267)
[2025.09.19-13.42.35:310][902]Cmd: DELETE
[2025.09.19-13.42.35:310][902]Cmd: ACTOR DELETE
[2025.09.19-13.42.35:314][902]LogEditorActor: Deleted Actor: StaticMeshActor
[2025.09.19-13.42.35:315][902]LogEditorActor: Deleted Actor: StaticMeshActor
[2025.09.19-13.42.35:315][902]LogEditorActor: Deleted Actor: StaticMeshActor
[2025.09.19-13.42.35:315][902]LogEditorActor: Deleted Actor: StaticMeshActor
[2025.09.19-13.42.35:315][902]LogEditorActor: Deleted Actor: StaticMeshActor
[2025.09.19-13.42.35:315][902]LogEditorActor: Deleted Actor: StaticMeshActor
[2025.09.19-13.42.35:315][902]LogEditorActor: Deleted Actor: StaticMeshActor
[2025.09.19-13.42.35:315][902]LogEditorActor: Deleted Actor: StaticMeshActor
[2025.09.19-13.42.35:334][902]LogUObjectHash: Compacting FUObjectHashTables data took   0.41ms
[2025.09.19-13.42.35:335][902]LogEditorActor: Deleted 8 Actors (0.025 secs)
[2025.09.19-13.42.38:322][260]LogEditorViewport: Clicking on Actor (LMB): StaticMeshActor (floor01_2x173)
[2025.09.19-13.42.41:213][599]Cmd: DELETE
[2025.09.19-13.42.41:213][599]Cmd: ACTOR DELETE
[2025.09.19-13.42.41:217][599]LogEditorActor: Deleted Actor: StaticMeshActor
[2025.09.19-13.42.41:217][599]LogEditorActor: Deleted Actor: StaticMeshActor
[2025.09.19-13.42.41:218][599]LogEditorActor: Deleted Actor: StaticMeshActor
[2025.09.19-13.42.41:238][599]LogUObjectHash: Compacting FUObjectHashTables data took   0.41ms
[2025.09.19-13.42.41:238][599]LogEditorActor: Deleted 3 Actors (0.024 secs)
[2025.09.19-13.42.42:137][707]LogEditorViewport: Clicking on Actor (LMB): StaticMeshActor (floor01_2x214)
[2025.09.19-13.42.42:925][799]Cmd: DELETE
[2025.09.19-13.42.42:925][799]Cmd: ACTOR DELETE
[2025.09.19-13.42.42:928][799]LogEditorActor: Deleted Actor: StaticMeshActor
[2025.09.19-13.42.42:948][799]LogUObjectHash: Compacting FUObjectHashTables data took   0.42ms
[2025.09.19-13.42.42:948][799]LogEditorActor: Deleted 1 Actors (0.023 secs)
[2025.09.19-13.42.57:391][532]LogEditorViewport: Clicking on Actor (LMB): StaticMeshActor (vent01_80x115)
[2025.09.19-13.42.58:209][627]LogEditorViewport: Clicking on Actor (LMB): StaticMeshActor (vent01_80x82)
[2025.09.19-13.45.52:105][974]LogEditorViewport: Clicking on Actor (LMB): StaticMeshActor (vent01_80x98)
[2025.09.19-13.45.56:365][482]LogEditorViewport: Clicking on Actor (LMB): StaticMeshActor (vent01_80x98)
[2025.09.19-13.45.56:972][554]LogEditorViewport: Clicking on Actor (LMB): StaticMeshActor (vent01_80x107)
[2025.09.19-13.46.24:289][805]LogSlate: FSceneViewport::OnFocusLost() reason 2
[2025.09.19-13.46.35:883][182]LogSlate: FSceneViewport::OnFocusLost() reason 5
[2025.09.19-13.46.35:887][182]Cmd: OBJ SAVEPACKAGE PACKAGE="/Game/Levels/CheeseFactory_001" FILE="E:/GameDev/hggjam/GameJamHGGUnreal4.23.1/GameJamCrew/Content/Levels/CheeseFactory_001.umap" SILENT=true AUTOSAVING=false KEEPDIRTY=false
[2025.09.19-13.46.35:908][182]LogUObjectHash: Compacting FUObjectHashTables data took   1.06ms
[2025.09.19-13.46.36:039][182]LogSavePackage: Moving 'E:/GameDev/hggjam/GameJamHGGUnreal4.23.1/GameJamCrew/Saved/CheeseFactory_00154BA67A54694236BD2BAC0B385930AFD.tmp' to 'E:/GameDev/hggjam/GameJamHGGUnreal4.23.1/GameJamCrew/Content/Levels/CheeseFactory_001.umap'
[2025.09.19-13.46.36:051][182]Cmd: OBJ SAVEPACKAGE PACKAGE="/Game/Levels/CheeseFactory_001_BuiltData" FILE="E:/GameDev/hggjam/GameJamHGGUnreal4.23.1/GameJamCrew/Content/Levels/CheeseFactory_001_BuiltData.uasset" SILENT=true
[2025.09.19-13.46.36:355][182]LogSavePackage: Moving 'E:/GameDev/hggjam/GameJamHGGUnreal4.23.1/GameJamCrew/Saved/CheeseFactory_001_BuiltData4EF685C7433CB4EE4ED0FAA11C0A8B26.tmp' to 'E:/GameDev/hggjam/GameJamHGGUnreal4.23.1/GameJamCrew/Content/Levels/CheeseFactory_001_BuiltData.uasset'
[2025.09.19-13.46.43:672][ 57]LogSlate: FSceneViewport::OnFocusLost() reason 5
[2025.09.19-13.46.43:678][ 57]Cmd: OBJ SAVEPACKAGE PACKAGE="/Game/Levels/CheeseFactory_001" FILE="E:/GameDev/hggjam/GameJamHGGUnreal4.23.1/GameJamCrew/Content/Levels/CheeseFactory_001.umap" SILENT=true AUTOSAVING=false KEEPDIRTY=false
[2025.09.19-13.46.43:698][ 57]LogUObjectHash: Compacting FUObjectHashTables data took   1.11ms
[2025.09.19-13.46.43:820][ 57]LogSavePackage: Moving 'E:/GameDev/hggjam/GameJamHGGUnreal4.23.1/GameJamCrew/Saved/CheeseFactory_0015584B494405F8368985B96B8A3520737.tmp' to 'E:/GameDev/hggjam/GameJamHGGUnreal4.23.1/GameJamCrew/Content/Levels/CheeseFactory_001.umap'
[2025.09.19-13.46.43:830][ 57]Cmd: OBJ SAVEPACKAGE PACKAGE="/Game/Levels/CheeseFactory_001_BuiltData" FILE="E:/GameDev/hggjam/GameJamHGGUnreal4.23.1/GameJamCrew/Content/Levels/CheeseFactory_001_BuiltData.uasset" SILENT=true
[2025.09.19-13.46.44:118][ 57]LogSavePackage: Moving 'E:/GameDev/hggjam/GameJamHGGUnreal4.23.1/GameJamCrew/Saved/CheeseFactory_001_BuiltData84A1957B458C57220BE7F6B5FB7045C3.tmp' to 'E:/GameDev/hggjam/GameJamHGGUnreal4.23.1/GameJamCrew/Content/Levels/CheeseFactory_001_BuiltData.uasset'
[2025.09.19-13.46.49:388][687]LogEditorViewport: Clicking on Actor (LMB): SkyLight (SkyLight)
[2025.09.19-13.46.50:868][862]LogSlate: FSceneViewport::OnFocusLost() reason 0
[2025.09.19-13.47.02:910][306]LogEditorViewport: Clicking on Actor (LMB): DirectionalLight (DirectionalLight)
[2025.09.19-13.47.11:212][297]Cmd: TRANSACTION UNDO
[2025.09.19-13.47.11:212][297]LogEditorTransaction: Undo Rotate Actors
[2025.09.19-13.47.16:481][926]LogSlate: FSceneViewport::OnFocusLost() reason 0
[2025.09.19-13.47.23:668][788]LogEditorViewport: Clicking on Actor (LMB): StaticMeshActor (pillar01_half_05x5)
[2025.09.19-13.47.24:670][905]LogSlate: FSceneViewport::OnFocusLost() reason 0
[2025.09.19-13.47.27:738][273]LogEditorViewport: Clicking on Actor (LMB): DirectionalLight (DirectionalLight)
[2025.09.19-13.47.28:954][416]LogSlate: FSceneViewport::OnFocusLost() reason 0
[2025.09.19-13.47.32:060][788]LogSlate: FSceneViewport::OnFocusLost() reason 5
[2025.09.19-13.47.32:067][788]Cmd: OBJ SAVEPACKAGE PACKAGE="/Game/Levels/CheeseFactory_001" FILE="E:/GameDev/hggjam/GameJamHGGUnreal4.23.1/GameJamCrew/Content/Levels/CheeseFactory_001.umap" SILENT=true AUTOSAVING=false KEEPDIRTY=false
[2025.09.19-13.47.32:086][788]LogUObjectHash: Compacting FUObjectHashTables data took   0.93ms
[2025.09.19-13.47.32:218][788]LogSavePackage: Moving 'E:/GameDev/hggjam/GameJamHGGUnreal4.23.1/GameJamCrew/Saved/CheeseFactory_001A7FF68FF488AAF3D246C85B244020803.tmp' to 'E:/GameDev/hggjam/GameJamHGGUnreal4.23.1/GameJamCrew/Content/Levels/CheeseFactory_001.umap'
[2025.09.19-13.47.32:229][788]Cmd: OBJ SAVEPACKAGE PACKAGE="/Game/Levels/CheeseFactory_001_BuiltData" FILE="E:/GameDev/hggjam/GameJamHGGUnreal4.23.1/GameJamCrew/Content/Levels/CheeseFactory_001_BuiltData.uasset" SILENT=true
[2025.09.19-13.47.32:519][788]LogSavePackage: Moving 'E:/GameDev/hggjam/GameJamHGGUnreal4.23.1/GameJamCrew/Saved/CheeseFactory_001_BuiltData5FF483FD4C86689A9ED0AEBB44791AB9.tmp' to 'E:/GameDev/hggjam/GameJamHGGUnreal4.23.1/GameJamCrew/Content/Levels/CheeseFactory_001_BuiltData.uasset'
[2025.09.19-13.47.34:317][  1]LogSlate: FSceneViewport::OnFocusLost() reason 0
[2025.09.19-13.47.40:980][799]LogSlate: FSceneViewport::OnFocusLost() reason 5
[2025.09.19-13.47.40:985][799]Cmd: OBJ SAVEPACKAGE PACKAGE="/Game/Levels/CheeseFactory_001" FILE="E:/GameDev/hggjam/GameJamHGGUnreal4.23.1/GameJamCrew/Content/Levels/CheeseFactory_001.umap" SILENT=true AUTOSAVING=false KEEPDIRTY=false
[2025.09.19-13.47.41:005][799]LogUObjectHash: Compacting FUObjectHashTables data took   1.02ms
[2025.09.19-13.47.41:127][799]LogSavePackage: Moving 'E:/GameDev/hggjam/GameJamHGGUnreal4.23.1/GameJamCrew/Saved/CheeseFactory_0018EFC49664EA473669C92D7BBE29BCA9B.tmp' to 'E:/GameDev/hggjam/GameJamHGGUnreal4.23.1/GameJamCrew/Content/Levels/CheeseFactory_001.umap'
[2025.09.19-13.47.41:139][799]Cmd: OBJ SAVEPACKAGE PACKAGE="/Game/Levels/CheeseFactory_001_BuiltData" FILE="E:/GameDev/hggjam/GameJamHGGUnreal4.23.1/GameJamCrew/Content/Levels/CheeseFactory_001_BuiltData.uasset" SILENT=true
[2025.09.19-13.47.41:427][799]LogSavePackage: Moving 'E:/GameDev/hggjam/GameJamHGGUnreal4.23.1/GameJamCrew/Saved/CheeseFactory_001_BuiltData71D22D1046DF9C693A295C8D5884EA02.tmp' to 'E:/GameDev/hggjam/GameJamHGGUnreal4.23.1/GameJamCrew/Content/Levels/CheeseFactory_001_BuiltData.uasset'
[2025.09.19-13.47.47:589][536]LogEditorViewport: Clicking on Actor (LMB): SkyLight (SkyLight)
[2025.09.19-13.48.05:885][726]LogSlate: FSceneViewport::OnFocusLost() reason 0
[2025.09.19-13.48.16:159][957]MapCheck: New page: Map Check
[2025.09.19-13.48.16:174][957]LightingResults: New page: Lighting Build - Sep 19, 2025, 7:48:16 PM
[2025.09.19-13.48.16:179][957]LogSwarmInterface: [OpenConnection] Registering TCP channel ...
[2025.09.19-13.48.16:183][957]LogSwarmInterface: [OpenConnection] Connecting to agent ...
[2025.09.19-13.48.16:183][957]LogSwarmInterface: [TryOpenConnection] Testing the Agent
[2025.09.19-13.48.16:183][957]LogSwarmInterface: [TryOpenConnection] Opening Connection to Agent
[2025.09.19-13.48.16:183][957]LogSwarmInterface: [TryOpenConnection] Local Process ID is 3812
[2025.09.19-13.48.20:745][957]LogStaticLightingSystem: Running Lightmass w/ ImmediateImport mode ENABLED
[2025.09.19-13.48.20:745][957]LogStaticLightingSystem: Running Lightmass w/ ImmediateProcess mode ENABLED
[2025.09.19-13.48.20:745][957]LogStaticLightingSystem: Running Lightmass w/ Sorting mode ENABLED
[2025.09.19-13.48.20:745][957]LogStaticLightingSystem: Running Lightmass w/ Mapping paddings ENABLED
[2025.09.19-13.48.20:745][957]LogStaticLightingSystem: Running Lightmass w/ Mapping debug paddings DISABLED
[2025.09.19-13.48.20:822][957]LogEditorBuildUtils: Build time 0:04
[2025.09.19-13.48.20:868][958]LogUObjectHash: Compacting FUObjectHashTables data took   1.08ms
[2025.09.19-13.48.41:290][ 19]Job is a success!
[2025.09.19-13.48.41:674][ 20]LogVolumetricLightmapImport: Imported Volumetric Lightmap in 0.003s
[2025.09.19-13.48.41:674][ 20]LogVolumetricLightmapImport:      Indirection Texture 16x16x16 = 0.0Mb
[2025.09.19-13.48.41:674][ 20]LogVolumetricLightmapImport:      BrickData 100x5x5 = 0.1Mb
[2025.09.19-13.48.41:674][ 20]LogVolumetricLightmapImport:      Bricks at Level
[2025.09.19-13.48.41:674][ 20]LogVolumetricLightmapImport:          0: 5.0% covering 100.0% of volume
[2025.09.19-13.48.41:674][ 20]LogVolumetricLightmapImport:          1: 5.0% covering 1.6% of volume
[2025.09.19-13.48.41:674][ 20]LogVolumetricLightmapImport:          2: 90.0% covering 0.4% of volume
[2025.09.19-13.48.42:708][ 20]LogTexture: Display: Building textures: HQ_Lightmap0_1 (AutoDXT, 1024X1024)
[2025.09.19-13.48.42:708][ 20]LogTexture: Display: Building textures: LQ_Lightmap_0_1 (DXT1, 1024X1024)
[2025.09.19-13.48.42:708][ 20]LogTexture: Display: Building textures: HQ_Lightmap1_2 (AutoDXT, 1024X1024)
[2025.09.19-13.48.42:708][ 20]LogTexture: Display: Building textures: LQ_Lightmap_1_2 (DXT1, 1024X1024)
[2025.09.19-13.48.42:708][ 20]LogTexture: Display: Building textures: HQ_Lightmap1_3 (AutoDXT, 1024X1024)
[2025.09.19-13.48.42:708][ 20]LogTexture: Display: Building textures: LQ_Lightmap_1_3 (DXT1, 1024X1024)
[2025.09.19-13.48.42:708][ 20]LogTexture: Display: Building textures: HQ_Lightmap0_4 (AutoDXT, 1024X1024)
[2025.09.19-13.48.42:708][ 20]LogTexture: Display: Building textures: LQ_Lightmap_0_4 (DXT1, 1024X1024)
[2025.09.19-13.48.42:708][ 20]LogTexture: Display: Building textures: HQ_Lightmap1_5 (AutoDXT, 1024X1024)
[2025.09.19-13.48.42:708][ 20]LogTexture: Display: Building textures: LQ_Lightmap_1_5 (DXT1, 1024X1024)
[2025.09.19-13.48.42:708][ 20]LogTexture: Display: Building textures: HQ_Lightmap0_6 (AutoDXT, 1024X1024)
[2025.09.19-13.48.42:708][ 20]LogTexture: Display: Building textures: LQ_Lightmap_0_6 (DXT1, 1024X1024)
[2025.09.19-13.48.42:708][ 20]LogTexture: Display: Building textures: HQ_Lightmap0_7 (AutoDXT, 1024X1024)
[2025.09.19-13.48.42:708][ 20]LogTexture: Display: Building textures: LQ_Lightmap_0_7 (DXT1, 1024X1024)
[2025.09.19-13.48.42:708][ 20]LogTexture: Display: Building textures: HQ_Lightmap1_8 (AutoDXT, 1024X1024)
[2025.09.19-13.48.42:708][ 20]LogTexture: Display: Building textures: LQ_Lightmap_1_8 (DXT1, 1024X1024)
[2025.09.19-13.48.42:708][ 20]LogTexture: Display: Building textures: HQ_Lightmap1_9 (AutoDXT, 1024X1024)
[2025.09.19-13.48.42:708][ 20]LogTexture: Display: Building textures: LQ_Lightmap_1_9 (DXT1, 1024X1024)
[2025.09.19-13.48.42:708][ 20]LogTexture: Display: Building textures: HQ_Lightmap1_10 (AutoDXT, 1024X1024)
[2025.09.19-13.48.42:708][ 20]LogTexture: Display: Building textures: LQ_Lightmap_1_10 (DXT1, 1024X1024)
[2025.09.19-13.48.42:708][ 20]LogTexture: Display: Building textures: HQ_Lightmap1_11 (AutoDXT, 128X128)
[2025.09.19-13.48.42:708][ 20]LogTexture: Display: Building textures: LQ_Lightmap_1_11 (DXT1, 128X128)
[2025.09.19-13.48.42:709][ 20]LogTexture: Display: Building textures: HQ_Lightmap1_12 (AutoDXT, 64X64)
[2025.09.19-13.48.42:709][ 20]LogTexture: Display: Building textures: LQ_Lightmap_1_12 (DXT1, 64X64)
[2025.09.19-13.48.42:811][ 20]LogTexture: Display: Building textures: ShadowMapTexture2D_93 (G8, 32X32)
[2025.09.19-13.48.42:811][ 20]LogTexture: Display: Building textures: ShadowMapTexture2D_92 (G8, 1024X512)
[2025.09.19-13.48.42:811][ 20]LogTexture: Display: Building textures: ShadowMapTexture2D_90 (G8, 1024X1024)
[2025.09.19-13.48.42:811][ 20]LogTexture: Display: Building textures: ShadowMapTexture2D_91 (G8, 1024X1024)
[2025.09.19-13.48.42:818][ 20]LogStaticLightingSystem: CheeseFactory_001_BuiltData storing lightmap data for 520 meshes in 25 LightmapResourceClusters (20.8 Meshes per cluster).
[2025.09.19-13.48.42:841][ 20]LogUObjectHash: Compacting FUObjectHashTables data took   0.83ms
[2025.09.19-13.48.42:845][ 20]LogStaticLightingSystem: Illumination: 26.3 sec (818 ms encoding lightmaps, 99 ms encoding shadowmaps)
[2025.09.19-13.48.42:845][ 20]LogStaticLightingSystem: Lightmap texture memory:  20.0 MB (20.0 MB streaming, 0.0 MB non-streaming), 24 textures
[2025.09.19-13.48.42:845][ 20]LogStaticLightingSystem: Shadowmap texture memory: 3.3 MB (3.3 MB streaming, 0.0 MB non-streaming), 4 textures
[2025.09.19-13.48.43:761][ 20]DumpUnbuiltLightIteractions
[2025.09.19-13.48.43:761][ 20]Lights with unbuilt interactions: 0
[2025.09.19-13.48.43:761][ 20]
[2025.09.19-13.48.43:761][ 20]Primitives with unbuilt interactions: 0
[2025.09.19-13.48.43:823][ 21]Cmd: MAP CHECK NOTIFYRESULTS
[2025.09.19-13.48.43:823][ 21]MapCheck: New page: CheeseFactory_001 - Sep 19, 2025, 7:48:43 PM
[2025.09.19-13.48.43:825][ 21]MapCheck: Map check complete: 0 Error(s), 0 Warning(s), took 1.734ms to complete.
[2025.09.19-13.54.52:863][523]LogEditorViewport: Clicking on Actor (LMB): DirectionalLight (DirectionalLight)
[2025.09.19-13.54.56:653][975]LogEditorViewport: Clicking on Actor (LMB): StaticMeshActor (floor01_2x75)
[2025.09.19-13.54.59:323][291]LogEditorViewport: Clicking on Actor (LMB): BoxReflectionCapture (BoxReflectionCapture2)
[2025.09.19-13.55.05:779][ 60]LogSlate: FSceneViewport::OnFocusLost() reason 5
[2025.09.19-13.55.05:785][ 60]Cmd: OBJ SAVEPACKAGE PACKAGE="/Game/Levels/CheeseFactory_001" FILE="E:/GameDev/hggjam/GameJamHGGUnreal4.23.1/GameJamCrew/Content/Levels/CheeseFactory_001.umap" SILENT=true AUTOSAVING=false KEEPDIRTY=false
[2025.09.19-13.55.05:805][ 60]LogUObjectHash: Compacting FUObjectHashTables data took   0.49ms
[2025.09.19-13.55.05:937][ 60]LogSavePackage: Moving 'E:/GameDev/hggjam/GameJamHGGUnreal4.23.1/GameJamCrew/Saved/CheeseFactory_0010F7F188D46C91E669D1606B2780ADF50.tmp' to 'E:/GameDev/hggjam/GameJamHGGUnreal4.23.1/GameJamCrew/Content/Levels/CheeseFactory_001.umap'
[2025.09.19-13.55.05:948][ 60]Cmd: OBJ SAVEPACKAGE PACKAGE="/Game/Levels/CheeseFactory_001_BuiltData" FILE="E:/GameDev/hggjam/GameJamHGGUnreal4.23.1/GameJamCrew/Content/Levels/CheeseFactory_001_BuiltData.uasset" SILENT=true
[2025.09.19-13.55.06:247][ 60]LogSavePackage: Moving 'E:/GameDev/hggjam/GameJamHGGUnreal4.23.1/GameJamCrew/Saved/CheeseFactory_001_BuiltData8D6F75B540190207C896A1B74B117FE6.tmp' to 'E:/GameDev/hggjam/GameJamHGGUnreal4.23.1/GameJamCrew/Content/Levels/CheeseFactory_001_BuiltData.uasset'
[2025.09.19-14.05.06:149][912]LogUObjectHash: Compacting FUObjectHashTables data took   1.33ms
[2025.09.19-14.05.06:149][912]LogFileHelpers: Editor autosave (incl. sublevels) for '/Game/Levels/CheeseFactory_001' took 0.023
[2025.09.19-14.05.06:151][912]OBJ SavePackage: Generating thumbnails for [1] asset(s) in package [/Game/LevelAssets/Materials/conc/conc_floor01/conc_floor01_mixed] ([1] browsable assets)...
[2025.09.19-14.05.06:153][912]OBJ SavePackage:     Rendered thumbnail for [Texture2D /Game/LevelAssets/Materials/conc/conc_floor01/conc_floor01_mixed.conc_floor01_mixed]
[2025.09.19-14.05.06:153][912]OBJ SavePackage: Finished generating thumbnails for package [/Game/LevelAssets/Materials/conc/conc_floor01/conc_floor01_mixed]
[2025.09.19-14.05.06:159][912]LogSavePackage: Moving 'E:/GameDev/hggjam/GameJamHGGUnreal4.23.1/GameJamCrew/Saved/conc_floor01_mixed_Auto4250E9A364BD1F4EE41B4DEB84F8275C1.tmp' to 'E:/GameDev/hggjam/GameJamHGGUnreal4.23.1/GameJamCrew/Saved/Autosaves/Game/LevelAssets/Materials/conc/conc_floor01/conc_floor01_mixed_Auto4.uasset'
[2025.09.19-14.05.06:159][912]OBJ SavePackage: Generating thumbnails for [1] asset(s) in package [/Game/LevelAssets/Materials/conc/conc_floor01/conc_floor01_normal] ([1] browsable assets)...
[2025.09.19-14.05.06:162][912]OBJ SavePackage:     Rendered thumbnail for [Texture2D /Game/LevelAssets/Materials/conc/conc_floor01/conc_floor01_normal.conc_floor01_normal]
[2025.09.19-14.05.06:162][912]OBJ SavePackage: Finished generating thumbnails for package [/Game/LevelAssets/Materials/conc/conc_floor01/conc_floor01_normal]
[2025.09.19-14.05.06:168][912]LogSavePackage: Moving 'E:/GameDev/hggjam/GameJamHGGUnreal4.23.1/GameJamCrew/Saved/conc_floor01_normal_Auto40DA6D2DE413E13B265C38DA411738047.tmp' to 'E:/GameDev/hggjam/GameJamHGGUnreal4.23.1/GameJamCrew/Saved/Autosaves/Game/LevelAssets/Materials/conc/conc_floor01/conc_floor01_normal_Auto4.uasset'
[2025.09.19-14.05.06:168][912]OBJ SavePackage: Generating thumbnails for [1] asset(s) in package [/Game/LevelAssets/Materials/conc/conc_floor01/conc_floor01_color] ([1] browsable assets)...
[2025.09.19-14.05.06:170][912]OBJ SavePackage:     Rendered thumbnail for [Texture2D /Game/LevelAssets/Materials/conc/conc_floor01/conc_floor01_color.conc_floor01_color]
[2025.09.19-14.05.06:170][912]OBJ SavePackage: Finished generating thumbnails for package [/Game/LevelAssets/Materials/conc/conc_floor01/conc_floor01_color]
[2025.09.19-14.05.06:174][912]LogSavePackage: Moving 'E:/GameDev/hggjam/GameJamHGGUnreal4.23.1/GameJamCrew/Saved/conc_floor01_color_Auto40C960A8E41B12AB8524E2D9566B4C540.tmp' to 'E:/GameDev/hggjam/GameJamHGGUnreal4.23.1/GameJamCrew/Saved/Autosaves/Game/LevelAssets/Materials/conc/conc_floor01/conc_floor01_color_Auto4.uasset'
[2025.09.19-14.05.06:175][912]OBJ SavePackage: Generating thumbnails for [0] asset(s) in package [/Game/LevelAssets/Materials/conc/conc_floor01/M_conc_floor01] ([1] browsable assets)...
[2025.09.19-14.05.06:175][912]OBJ SavePackage: Finished generating thumbnails for package [/Game/LevelAssets/Materials/conc/conc_floor01/M_conc_floor01]
[2025.09.19-14.05.06:176][912]LogSavePackage: Moving 'E:/GameDev/hggjam/GameJamHGGUnreal4.23.1/GameJamCrew/Saved/M_conc_floor01_Auto473D03B6547307042553FA79068D7174D.tmp' to 'E:/GameDev/hggjam/GameJamHGGUnreal4.23.1/GameJamCrew/Saved/Autosaves/Game/LevelAssets/Materials/conc/conc_floor01/M_conc_floor01_Auto4.uasset'
[2025.09.19-14.05.06:176][912]OBJ SavePackage: Generating thumbnails for [1] asset(s) in package [/Game/LevelAssets/Materials/conc/conc_bare01/conc_bare_mixed] ([1] browsable assets)...
[2025.09.19-14.05.06:180][912]OBJ SavePackage:     Rendered thumbnail for [Texture2D /Game/LevelAssets/Materials/conc/conc_bare01/conc_bare_mixed.conc_bare_mixed]
[2025.09.19-14.05.06:180][912]OBJ SavePackage: Finished generating thumbnails for package [/Game/LevelAssets/Materials/conc/conc_bare01/conc_bare_mixed]
[2025.09.19-14.05.06:184][912]LogSavePackage: Moving 'E:/GameDev/hggjam/GameJamHGGUnreal4.23.1/GameJamCrew/Saved/conc_bare_mixed_Auto45477647649FC3663AD7B609323D7FE51.tmp' to 'E:/GameDev/hggjam/GameJamHGGUnreal4.23.1/GameJamCrew/Saved/Autosaves/Game/LevelAssets/Materials/conc/conc_bare01/conc_bare_mixed_Auto4.uasset'
[2025.09.19-14.05.06:185][912]OBJ SavePackage: Generating thumbnails for [1] asset(s) in package [/Game/LevelAssets/Materials/conc/conc_bare01/conc_bare_normal] ([1] browsable assets)...
[2025.09.19-14.05.06:187][912]OBJ SavePackage:     Rendered thumbnail for [Texture2D /Game/LevelAssets/Materials/conc/conc_bare01/conc_bare_normal.conc_bare_normal]
[2025.09.19-14.05.06:187][912]OBJ SavePackage: Finished generating thumbnails for package [/Game/LevelAssets/Materials/conc/conc_bare01/conc_bare_normal]
[2025.09.19-14.05.06:192][912]LogSavePackage: Moving 'E:/GameDev/hggjam/GameJamHGGUnreal4.23.1/GameJamCrew/Saved/conc_bare_normal_Auto4E51DB3EE46061A981607FFBE80D68522.tmp' to 'E:/GameDev/hggjam/GameJamHGGUnreal4.23.1/GameJamCrew/Saved/Autosaves/Game/LevelAssets/Materials/conc/conc_bare01/conc_bare_normal_Auto4.uasset'
[2025.09.19-14.05.06:193][912]OBJ SavePackage: Generating thumbnails for [1] asset(s) in package [/Game/LevelAssets/Materials/conc/conc_bare01/conc_bare_color] ([1] browsable assets)...
[2025.09.19-14.05.06:195][912]OBJ SavePackage:     Rendered thumbnail for [Texture2D /Game/LevelAssets/Materials/conc/conc_bare01/conc_bare_color.conc_bare_color]
[2025.09.19-14.05.06:195][912]OBJ SavePackage: Finished generating thumbnails for package [/Game/LevelAssets/Materials/conc/conc_bare01/conc_bare_color]
[2025.09.19-14.05.06:200][912]LogSavePackage: Moving 'E:/GameDev/hggjam/GameJamHGGUnreal4.23.1/GameJamCrew/Saved/conc_bare_color_Auto4B928B21944AA49A8CF3804BFBED9B040.tmp' to 'E:/GameDev/hggjam/GameJamHGGUnreal4.23.1/GameJamCrew/Saved/Autosaves/Game/LevelAssets/Materials/conc/conc_bare01/conc_bare_color_Auto4.uasset'
[2025.09.19-14.05.06:200][912]OBJ SavePackage: Generating thumbnails for [0] asset(s) in package [/Game/LevelAssets/Materials/conc/conc_bare01/M_conc_bare] ([1] browsable assets)...
[2025.09.19-14.05.06:200][912]OBJ SavePackage: Finished generating thumbnails for package [/Game/LevelAssets/Materials/conc/conc_bare01/M_conc_bare]
[2025.09.19-14.05.06:205][912]LogSavePackage: Moving 'E:/GameDev/hggjam/GameJamHGGUnreal4.23.1/GameJamCrew/Saved/M_conc_bare_Auto4B7F1AF8B4C86BFF2231DE1B1420EB611.tmp' to 'E:/GameDev/hggjam/GameJamHGGUnreal4.23.1/GameJamCrew/Saved/Autosaves/Game/LevelAssets/Materials/conc/conc_bare01/M_conc_bare_Auto4.uasset'
[2025.09.19-14.05.06:206][912]OBJ SavePackage: Generating thumbnails for [1] asset(s) in package [/Game/LevelAssets/Models/modular/walls/wall01_garage_arch_window] ([1] browsable assets)...
[2025.09.19-14.05.06:213][912]OBJ SavePackage:     Rendered thumbnail for [StaticMesh /Game/LevelAssets/Models/modular/walls/wall01_garage_arch_window.wall01_garage_arch_window]
[2025.09.19-14.05.06:213][912]OBJ SavePackage: Finished generating thumbnails for package [/Game/LevelAssets/Models/modular/walls/wall01_garage_arch_window]
[2025.09.19-14.05.06:220][912]LogSavePackage: Moving 'E:/GameDev/hggjam/GameJamHGGUnreal4.23.1/GameJamCrew/Saved/wall01_garage_arch_window_Auto4B043E91B4651864B6C935BA2E2F266FC.tmp' to 'E:/GameDev/hggjam/GameJamHGGUnreal4.23.1/GameJamCrew/Saved/Autosaves/Game/LevelAssets/Models/modular/walls/wall01_garage_arch_window_Auto4.uasset'
[2025.09.19-14.05.06:221][912]LogFileHelpers: Auto-saving content packages took 0.071
[2025.09.19-14.09.15:321][192]LogSlate: FSceneViewport::OnFocusLost() reason 0
[2025.09.19-14.09.30:141][819]LogEditorFactories: Performing atomic reimport of [E:/GameDev/hggjam/KlixXsrc/models/modular/vents/vent01/vent01_80x50_to_80x80.fbx]
[2025.09.19-14.09.30:155][819]LogFbx: Loading FBX Scene from E:/GameDev/hggjam/KlixXsrc/models/modular/vents/vent01/vent01_80x50_to_80x80.fbx
[2025.09.19-14.09.30:158][819]LogFbx: FBX Scene Loaded Succesfully
[2025.09.19-14.09.30:158][819]LogFbx: Display: Triangulating static mesh vent01_80x50_to_80x80
[2025.09.19-14.09.30:167][819]LogStaticMesh: Building static mesh vent01_80x50_to_80x80...
[2025.09.19-14.09.30:169][819]LogStaticMesh: Built static mesh [0.00s] /Game/LevelAssets/Models/modular/vents/vent01/vent01_80x50_to_80x80.vent01_80x50_to_80x80
[2025.09.19-14.09.30:173][819]LogEditorFactories: -- imported successfully
[2025.09.19-14.09.30:174][819]FBXImport: Warning: No smoothing group information was found in this FBX scene.  Please make sure to enable the 'Export Smoothing Groups' option in the FBX Exporter plug-in before exporting the file.  Even for tools that don't support smoothing groups, the FBX Exporter will generate appropriate smoothing data at export-time so that correct vertex normals can be inferred while importing. 
[2025.09.19-14.09.34:786][ 20]LogAssetEditorManager: Opening Asset editor for StaticMesh /Game/LevelAssets/Models/modular/vents/vent01/vent01_80x50_to_80x80.vent01_80x50_to_80x80
[2025.09.19-14.09.41:439][786]LogSavePackage: Moving 'E:/GameDev/hggjam/GameJamHGGUnreal4.23.1/GameJamCrew/Saved/vent01_80x50_to_80x80029D62FD475EB566567295938BBFA4F9.tmp' to 'E:/GameDev/hggjam/GameJamHGGUnreal4.23.1/GameJamCrew/Content/LevelAssets/Models/modular/vents/vent01/vent01_80x50_to_80x80.uasset'
[2025.09.19-14.09.42:577][916]LogSlate: Window 'vent01_80x50_to_80x80' being destroyed
[2025.09.19-14.09.42:581][916]LogSlate: Window 'vent01_80x50_to_80x80' being destroyed
[2025.09.19-14.09.42:586][916]LogWorld: UWorld::CleanupWorld for World_31, bSessionEnded=true, bCleanupResources=true
[2025.09.19-14.09.48:815][658]LogSlate: FSceneViewport::OnFocusLost() reason 5
[2025.09.19-14.09.48:821][658]Cmd: OBJ SAVEPACKAGE PACKAGE="/Game/Levels/CheeseFactory_001" FILE="E:/GameDev/hggjam/GameJamHGGUnreal4.23.1/GameJamCrew/Content/Levels/CheeseFactory_001.umap" SILENT=true AUTOSAVING=false KEEPDIRTY=false
[2025.09.19-14.09.48:842][658]LogUObjectHash: Compacting FUObjectHashTables data took   0.74ms
[2025.09.19-14.09.48:970][658]LogSavePackage: Moving 'E:/GameDev/hggjam/GameJamHGGUnreal4.23.1/GameJamCrew/Saved/CheeseFactory_0011A4281E94F26F2440466B4A34F87027F.tmp' to 'E:/GameDev/hggjam/GameJamHGGUnreal4.23.1/GameJamCrew/Content/Levels/CheeseFactory_001.umap'
[2025.09.19-14.09.48:983][658]Cmd: OBJ SAVEPACKAGE PACKAGE="/Game/Levels/CheeseFactory_001_BuiltData" FILE="E:/GameDev/hggjam/GameJamHGGUnreal4.23.1/GameJamCrew/Content/Levels/CheeseFactory_001_BuiltData.uasset" SILENT=true
[2025.09.19-14.09.49:275][658]LogSavePackage: Moving 'E:/GameDev/hggjam/GameJamHGGUnreal4.23.1/GameJamCrew/Saved/CheeseFactory_001_BuiltData252F2D7B4551824FEC90AE8A120DEC7B.tmp' to 'E:/GameDev/hggjam/GameJamHGGUnreal4.23.1/GameJamCrew/Content/Levels/CheeseFactory_001_BuiltData.uasset'
[2025.09.19-14.11.43:758][566]LogEditorViewport: Clicking on Actor (LMB): StaticMeshActor (vent01_80x69)
[2025.09.19-14.11.54:147][809]LogEditorViewport: Clicking on Actor (LMB): StaticMeshActor (vent01_80x101)
[2025.09.19-14.11.54:808][885]LogEditorViewport: Clicking on Actor (LMB): StaticMeshActor (vent01_80x100)
[2025.09.19-14.16.15:956][274]LogEditorFactories: Performing atomic reimport of [E:/GameDev/hggjam/KlixXsrc/models/modular/vents/vent01/vent01_80x80_fan.fbx]
[2025.09.19-14.16.15:970][274]LogFbx: Loading FBX Scene from E:/GameDev/hggjam/KlixXsrc/models/modular/vents/vent01/vent01_80x80_fan.fbx
[2025.09.19-14.16.15:972][274]LogFbx: FBX Scene Loaded Succesfully
[2025.09.19-14.16.15:973][274]LogFbx: Display: Triangulating static mesh vent01_80x80_fan
[2025.09.19-14.16.15:983][274]LogStaticMesh: Building static mesh vent01_80x80_fan...
[2025.09.19-14.16.15:986][274]LogStaticMesh: Built static mesh [0.00s] /Game/LevelAssets/Models/modular/vents/vent01/vent01_80x80_fan.vent01_80x80_fan
[2025.09.19-14.16.15:995][274]LogSlate: FSceneViewport::OnFocusLost() reason 5
[2025.09.19-14.16.27:502][274]LogSlate: Window 'Reimport Material Conflicts Resolution' being destroyed
[2025.09.19-14.16.27:508][274]LogEditorFactories: -- imported successfully
[2025.09.19-14.16.27:509][274]FBXImport: Warning: No smoothing group information was found in this FBX scene.  Please make sure to enable the 'Export Smoothing Groups' option in the FBX Exporter plug-in before exporting the file.  Even for tools that don't support smoothing groups, the FBX Exporter will generate appropriate smoothing data at export-time so that correct vertex normals can be inferred while importing. 
[2025.09.19-14.16.33:316][965]Cmd: TRANSACTION UNDO
[2025.09.19-14.16.33:316][965]LogEditorTransaction: Undo Clicking on Actors
[2025.09.19-14.16.35:600][229]Cmd: TRANSACTION REDO
[2025.09.19-14.16.35:600][229]LogEditorTransaction: Redo Clicking on Actors
[2025.09.19-14.16.39:478][521]LogEditorFactories: Performing atomic reimport of [E:/GameDev/hggjam/KlixXsrc/models/modular/vents/vent01/vent01_80x80_fan.fbx]
[2025.09.19-14.16.39:494][521]LogFbx: Loading FBX Scene from E:/GameDev/hggjam/KlixXsrc/models/modular/vents/vent01/vent01_80x80_fan.fbx
[2025.09.19-14.16.39:497][521]LogFbx: FBX Scene Loaded Succesfully
[2025.09.19-14.16.39:497][521]LogFbx: Display: Triangulating static mesh vent01_80x80_fan
[2025.09.19-14.16.39:507][521]LogStaticMesh: Building static mesh vent01_80x80_fan...
[2025.09.19-14.16.39:509][521]LogStaticMesh: Built static mesh [0.00s] /Game/LevelAssets/Models/modular/vents/vent01/vent01_80x80_fan.vent01_80x80_fan
[2025.09.19-14.16.39:515][521]LogEditorFactories: -- imported successfully
[2025.09.19-14.16.39:516][521]FBXImport: Warning: No smoothing group information was found in this FBX scene.  Please make sure to enable the 'Export Smoothing Groups' option in the FBX Exporter plug-in before exporting the file.  Even for tools that don't support smoothing groups, the FBX Exporter will generate appropriate smoothing data at export-time so that correct vertex normals can be inferred while importing. 
[2025.09.19-14.16.40:174][524]LogSlate: FSceneViewport::OnFocusLost() reason 0
[2025.09.19-14.16.48:934][525]LogAssetEditorManager: Opening Asset editor for StaticMesh /Game/LevelAssets/Models/modular/vents/vent01/vent01_80x80_fan.vent01_80x80_fan
[2025.09.19-14.16.57:493][532]LogSlate: Window 'vent01_80x80_fan' being destroyed
[2025.09.19-14.16.57:499][532]LogSlate: Window 'vent01_80x80_fan' being destroyed
[2025.09.19-14.16.57:502][532]LogWorld: UWorld::CleanupWorld for World_32, bSessionEnded=true, bCleanupResources=true
[2025.09.19-14.16.58:755][678]LogEditorViewport: Clicking on Actor (LMB): StaticMeshActor (vent01_80x69)
[2025.09.19-14.16.59:695][787]LogSlate: FSceneViewport::OnFocusLost() reason 0
[2025.09.19-14.16.59:864][806]LogAssetEditorManager: Opening Asset editor for StaticMesh /Game/LevelAssets/Models/modular/vents/vent01/vent01_80x80_fan.vent01_80x80_fan
[2025.09.19-14.17.08:927][859]LogSavePackage: Moving 'E:/GameDev/hggjam/GameJamHGGUnreal4.23.1/GameJamCrew/Saved/vent01_80x80_fanB0D098AF45101F55F2A709A602C4FF9B.tmp' to 'E:/GameDev/hggjam/GameJamHGGUnreal4.23.1/GameJamCrew/Content/LevelAssets/Models/modular/vents/vent01/vent01_80x80_fan.uasset'
[2025.09.19-14.17.22:317][626]LogSlate: FSceneViewport::OnFocusLost() reason 0
[2025.09.19-14.17.29:973][525]LogSlate: FSceneViewport::OnFocusLost() reason 0
[2025.09.19-14.17.31:517][707]LogUObjectHash: Compacting FUObjectHashTables data took   1.12ms
[2025.09.19-14.17.33:562][707]LogSlate: Window 'Delete Assets' being destroyed
[2025.09.19-14.17.50:603][371]LogSlate: Window 'Message' being destroyed
[2025.09.19-14.17.53:224][682]LogSlate: FSceneViewport::OnFocusLost() reason 0
[2025.09.19-14.17.53:337][693]LogSavePackage: Moving 'E:/GameDev/hggjam/GameJamHGGUnreal4.23.1/GameJamCrew/Saved/vent01_80x80_fan8860FC81423EE3B8072DEA81AE4BA7C1.tmp' to 'E:/GameDev/hggjam/GameJamHGGUnreal4.23.1/GameJamCrew/Content/LevelAssets/Models/modular/vents/vent01/vent01_80x80_fan.uasset'
[2025.09.19-14.17.54:279][802]LogSlate: Window 'vent01_80x80_fan' being destroyed
[2025.09.19-14.17.54:285][802]LogSlate: Window 'vent01_80x80_fan' being destroyed
[2025.09.19-14.17.54:289][802]LogWorld: UWorld::CleanupWorld for World_33, bSessionEnded=true, bCleanupResources=true
[2025.09.19-14.17.57:581][192]LogEditorViewport: Clicking on Actor (LMB): StaticMeshActor (vent01_80x100)
[2025.09.19-14.18.03:308][875]LogSlate: FSceneViewport::OnFocusLost() reason 5
[2025.09.19-14.18.03:314][875]Cmd: OBJ SAVEPACKAGE PACKAGE="/Game/Levels/CheeseFactory_001" FILE="E:/GameDev/hggjam/GameJamHGGUnreal4.23.1/GameJamCrew/Content/Levels/CheeseFactory_001.umap" SILENT=true AUTOSAVING=false KEEPDIRTY=false
[2025.09.19-14.18.03:333][875]LogUObjectHash: Compacting FUObjectHashTables data took   0.80ms
[2025.09.19-14.18.03:458][875]LogSavePackage: Moving 'E:/GameDev/hggjam/GameJamHGGUnreal4.23.1/GameJamCrew/Saved/CheeseFactory_00134A2BDE44D0529AC340B6294963B4828.tmp' to 'E:/GameDev/hggjam/GameJamHGGUnreal4.23.1/GameJamCrew/Content/Levels/CheeseFactory_001.umap'
[2025.09.19-14.18.03:469][875]Cmd: OBJ SAVEPACKAGE PACKAGE="/Game/Levels/CheeseFactory_001_BuiltData" FILE="E:/GameDev/hggjam/GameJamHGGUnreal4.23.1/GameJamCrew/Content/Levels/CheeseFactory_001_BuiltData.uasset" SILENT=true
[2025.09.19-14.18.03:760][875]LogSavePackage: Moving 'E:/GameDev/hggjam/GameJamHGGUnreal4.23.1/GameJamCrew/Saved/CheeseFactory_001_BuiltData623B4E2B4D04C26D35311A8F66CA7F9E.tmp' to 'E:/GameDev/hggjam/GameJamHGGUnreal4.23.1/GameJamCrew/Content/Levels/CheeseFactory_001_BuiltData.uasset'
[2025.09.19-14.22.08:838][915]LogEditorFactories: Performing atomic reimport of [E:/GameDev/hggjam/KlixXsrc/models/modular/vents/vent01/vent01_80x80_fan_blade.fbx]
[2025.09.19-14.22.08:844][915]LogSlate: FSceneViewport::OnFocusLost() reason 5
[2025.09.19-14.22.08:856][915]LogFbx: Loading FBX Scene from E:/GameDev/hggjam/KlixXsrc/models/modular/vents/vent01/vent01_80x80_fan_blade.fbx
[2025.09.19-14.22.08:858][915]LogFbx: FBX Scene Loaded Succesfully
[2025.09.19-14.22.08:859][915]LogFbx: Display: Triangulating static mesh vent01_80x80_fan_blade
[2025.09.19-14.22.08:871][915]LogSlate: FSceneViewport::OnFocusLost() reason 5
[2025.09.19-14.22.08:876][915]LogStaticMesh: Building static mesh vent01_80x80_fan_blade...
[2025.09.19-14.22.08:882][915]LogStaticMesh: Built static mesh [0.01s] /Game/LevelAssets/Models/modular/vents/vent01/vent01_80x80_fan_blade.vent01_80x80_fan_blade
[2025.09.19-14.22.08:894][915]LogSlate: FSceneViewport::OnFocusLost() reason 5
[2025.09.19-14.22.14:721][915]LogSlate: Window 'Reimport Material Conflicts Resolution' being destroyed
[2025.09.19-14.22.14:729][915]LogEditorFactories: -- imported successfully
[2025.09.19-14.22.14:730][915]FBXImport: Warning: No smoothing group information was found in this FBX scene.  Please make sure to enable the 'Export Smoothing Groups' option in the FBX Exporter plug-in before exporting the file.  Even for tools that don't support smoothing groups, the FBX Exporter will generate appropriate smoothing data at export-time so that correct vertex normals can be inferred while importing. 
[2025.09.19-14.22.15:961][ 58]LogSlate: FSceneViewport::OnFocusLost() reason 0
[2025.09.19-14.22.16:155][ 80]LogAssetEditorManager: Opening Asset editor for StaticMesh /Game/LevelAssets/Models/modular/vents/vent01/vent01_80x80_fan_blade.vent01_80x80_fan_blade
[2025.09.19-14.22.23:212][898]LogSavePackage: Moving 'E:/GameDev/hggjam/GameJamHGGUnreal4.23.1/GameJamCrew/Saved/vent01_80x80_fan_blade0B6BE670457DC5018A0ADEA65BAEEC61.tmp' to 'E:/GameDev/hggjam/GameJamHGGUnreal4.23.1/GameJamCrew/Content/LevelAssets/Models/modular/vents/vent01/vent01_80x80_fan_blade.uasset'
[2025.09.19-14.22.24:373][ 29]LogSlate: Window 'vent01_80x80_fan_blade' being destroyed
[2025.09.19-14.22.24:377][ 29]LogSlate: Window 'vent01_80x80_fan_blade' being destroyed
[2025.09.19-14.22.24:381][ 29]LogWorld: UWorld::CleanupWorld for World_34, bSessionEnded=true, bCleanupResources=true
[2025.09.19-14.22.36:178][435]LogSlate: FSceneViewport::OnFocusLost() reason 0
[2025.09.19-14.22.51:243][236]Cmd: TRANSACTION UNDO
[2025.09.19-14.22.51:243][236]LogEditorTransaction: Undo Rotate Actors
[2025.09.19-14.22.52:023][327]LogSlate: FSceneViewport::OnFocusLost() reason 5
[2025.09.19-14.22.52:029][327]Cmd: OBJ SAVEPACKAGE PACKAGE="/Game/Levels/CheeseFactory_001" FILE="E:/GameDev/hggjam/GameJamHGGUnreal4.23.1/GameJamCrew/Content/Levels/CheeseFactory_001.umap" SILENT=true AUTOSAVING=false KEEPDIRTY=false
[2025.09.19-14.22.52:049][327]LogUObjectHash: Compacting FUObjectHashTables data took   1.18ms
[2025.09.19-14.22.52:174][327]LogSavePackage: Moving 'E:/GameDev/hggjam/GameJamHGGUnreal4.23.1/GameJamCrew/Saved/CheeseFactory_00124C4D4314E3BBDD91305C1B2A812D160.tmp' to 'E:/GameDev/hggjam/GameJamHGGUnreal4.23.1/GameJamCrew/Content/Levels/CheeseFactory_001.umap'
[2025.09.19-14.22.52:185][327]Cmd: OBJ SAVEPACKAGE PACKAGE="/Game/Levels/CheeseFactory_001_BuiltData" FILE="E:/GameDev/hggjam/GameJamHGGUnreal4.23.1/GameJamCrew/Content/Levels/CheeseFactory_001_BuiltData.uasset" SILENT=true
[2025.09.19-14.22.52:461][327]LogSavePackage: Moving 'E:/GameDev/hggjam/GameJamHGGUnreal4.23.1/GameJamCrew/Saved/CheeseFactory_001_BuiltData189D034B4B57BD56D90E88925265B44F.tmp' to 'E:/GameDev/hggjam/GameJamHGGUnreal4.23.1/GameJamCrew/Content/Levels/CheeseFactory_001_BuiltData.uasset'
[2025.09.19-14.22.52:892][376]LogEditorViewport: Clicking on Actor (LMB): StaticMeshActor (vent01_80x69)
[2025.09.19-14.22.55:604][698]LogEditorViewport: Clicking on Actor (LMB): StaticMeshActor (vent01_80x69)
[2025.09.19-14.23.05:190][846]LogSlate: FSceneViewport::OnFocusLost() reason 5
[2025.09.19-14.23.05:196][846]Cmd: OBJ SAVEPACKAGE PACKAGE="/Game/Levels/CheeseFactory_001" FILE="E:/GameDev/hggjam/GameJamHGGUnreal4.23.1/GameJamCrew/Content/Levels/CheeseFactory_001.umap" SILENT=true AUTOSAVING=false KEEPDIRTY=false
[2025.09.19-14.23.05:215][846]LogUObjectHash: Compacting FUObjectHashTables data took   0.92ms
[2025.09.19-14.23.05:339][846]LogSavePackage: Moving 'E:/GameDev/hggjam/GameJamHGGUnreal4.23.1/GameJamCrew/Saved/CheeseFactory_001826D95DB415FDA8F442BC396B3365594.tmp' to 'E:/GameDev/hggjam/GameJamHGGUnreal4.23.1/GameJamCrew/Content/Levels/CheeseFactory_001.umap'
[2025.09.19-14.23.05:351][846]Cmd: OBJ SAVEPACKAGE PACKAGE="/Game/Levels/CheeseFactory_001_BuiltData" FILE="E:/GameDev/hggjam/GameJamHGGUnreal4.23.1/GameJamCrew/Content/Levels/CheeseFactory_001_BuiltData.uasset" SILENT=true
[2025.09.19-14.23.05:641][846]LogSavePackage: Moving 'E:/GameDev/hggjam/GameJamHGGUnreal4.23.1/GameJamCrew/Saved/CheeseFactory_001_BuiltData81BE05B64EAD73697EBC779B9D0E6F76.tmp' to 'E:/GameDev/hggjam/GameJamHGGUnreal4.23.1/GameJamCrew/Content/Levels/CheeseFactory_001_BuiltData.uasset'
[2025.09.19-14.23.06:247][916]LogEditorViewport: Clicking on Actor (LMB): StaticMeshActor (vent01_80x102)
[2025.09.19-14.24.31:804][287]LogSlate: FSceneViewport::OnFocusLost() reason 5
[2025.09.19-14.25.29:493][973]LogSlate: FSceneViewport::OnFocusLost() reason 5
[2025.09.19-14.25.34:384][479]LogSlate: FSceneViewport::OnFocusLost() reason 5
[2025.09.19-14.28.04:508][767]LogSlate: FSceneViewport::OnFocusLost() reason 0
[2025.09.19-14.28.04:558][773]LogEditorViewport: Clicking Background
[2025.09.19-14.28.04:910][815]LogSlate: FSceneViewport::OnFocusLost() reason 0
[2025.09.19-14.28.05:809][922]LogSlate: FSceneViewport::OnFocusLost() reason 5
[2025.09.19-14.28.05:815][922]Cmd: OBJ SAVEPACKAGE PACKAGE="/Game/Levels/CheeseFactory_001" FILE="E:/GameDev/hggjam/GameJamHGGUnreal4.23.1/GameJamCrew/Content/Levels/CheeseFactory_001.umap" SILENT=true AUTOSAVING=false KEEPDIRTY=false
[2025.09.19-14.28.05:836][922]LogUObjectHash: Compacting FUObjectHashTables data took   1.21ms
[2025.09.19-14.28.05:964][922]LogSavePackage: Moving 'E:/GameDev/hggjam/GameJamHGGUnreal4.23.1/GameJamCrew/Saved/CheeseFactory_0019F7CE09D4BFE5A3AD1B62F8CD47881AF.tmp' to 'E:/GameDev/hggjam/GameJamHGGUnreal4.23.1/GameJamCrew/Content/Levels/CheeseFactory_001.umap'
[2025.09.19-14.28.05:974][922]Cmd: OBJ SAVEPACKAGE PACKAGE="/Game/Levels/CheeseFactory_001_BuiltData" FILE="E:/GameDev/hggjam/GameJamHGGUnreal4.23.1/GameJamCrew/Content/Levels/CheeseFactory_001_BuiltData.uasset" SILENT=true
[2025.09.19-14.28.06:266][922]LogSavePackage: Moving 'E:/GameDev/hggjam/GameJamHGGUnreal4.23.1/GameJamCrew/Saved/CheeseFactory_001_BuiltData8B01F721455731D389F290AA1ECB73E7.tmp' to 'E:/GameDev/hggjam/GameJamHGGUnreal4.23.1/GameJamCrew/Content/Levels/CheeseFactory_001_BuiltData.uasset'
[2025.09.19-14.28.13:307][765]LogEditorViewport: Clicking on Actor (LMB): BoxReflectionCapture (BoxReflectionCapture)
[2025.09.19-14.38.05:954][214]LogUObjectHash: Compacting FUObjectHashTables data took   1.26ms
[2025.09.19-14.38.06:079][214]LogSavePackage: Moving 'E:/GameDev/hggjam/GameJamHGGUnreal4.23.1/GameJamCrew/Saved/CheeseFactory_001_Auto5D4B399EE444C6234093DDDA244C65BD4.tmp' to 'E:/GameDev/hggjam/GameJamHGGUnreal4.23.1/GameJamCrew/Saved/Autosaves/Game/Levels/CheeseFactory_001_Auto5.umap'
[2025.09.19-14.38.06:081][214]LogFileHelpers: Editor autosave (incl. sublevels) for '/Game/Levels/CheeseFactory_001' took 0.148
[2025.09.19-14.38.06:081][214]LogFileHelpers: Editor autosave (incl. sublevels) for all levels took 0.148
[2025.09.19-14.41.39:648][852]LogSlate: FSceneViewport::OnFocusLost() reason 5
[2025.09.19-14.41.49:479][ 99]LogEditorViewport: Clicking Background
[2025.09.19-14.41.57:465][427]LogEditorFactories: Performing atomic reimport of [E:/GameDev/hggjam/KlixXsrc/models/modular/vents/vent01/vent01_80x50_slope.fbx]
[2025.09.19-14.41.57:478][427]LogFbx: Loading FBX Scene from E:/GameDev/hggjam/KlixXsrc/models/modular/vents/vent01/vent01_80x50_slope.fbx
[2025.09.19-14.41.57:480][427]LogFbx: FBX Scene Loaded Succesfully
[2025.09.19-14.41.57:481][427]LogFbx: Display: Triangulating static mesh vent01_80x50_slope
[2025.09.19-14.41.57:490][427]LogStaticMesh: Building static mesh vent01_80x50_slope...
[2025.09.19-14.41.57:493][427]LogStaticMesh: Built static mesh [0.00s] /Game/LevelAssets/Models/modular/vents/vent01/vent01_80x50_slope.vent01_80x50_slope
[2025.09.19-14.41.57:500][427]LogEditorFactories: -- imported successfully
[2025.09.19-14.41.57:501][427]FBXImport: Warning: No smoothing group information was found in this FBX scene.  Please make sure to enable the 'Export Smoothing Groups' option in the FBX Exporter plug-in before exporting the file.  Even for tools that don't support smoothing groups, the FBX Exporter will generate appropriate smoothing data at export-time so that correct vertex normals can be inferred while importing. 
[2025.09.19-14.41.58:503][431]LogSlate: FSceneViewport::OnFocusLost() reason 0
[2025.09.19-14.41.59:791][547]LogAssetEditorManager: Opening Asset editor for StaticMesh /Game/LevelAssets/Models/modular/vents/vent01/vent01_80x50_slope.vent01_80x50_slope
[2025.09.19-14.42.05:317][189]LogSavePackage: Moving 'E:/GameDev/hggjam/GameJamHGGUnreal4.23.1/GameJamCrew/Saved/vent01_80x50_slope227AA2004BB548B9248173A32100C79C.tmp' to 'E:/GameDev/hggjam/GameJamHGGUnreal4.23.1/GameJamCrew/Content/LevelAssets/Models/modular/vents/vent01/vent01_80x50_slope.uasset'
[2025.09.19-14.42.06:361][311]LogSlate: Window 'vent01_80x50_slope' being destroyed
[2025.09.19-14.42.06:365][311]LogSlate: Window 'vent01_80x50_slope' being destroyed
[2025.09.19-14.42.06:369][311]LogWorld: UWorld::CleanupWorld for World_35, bSessionEnded=true, bCleanupResources=true
[2025.09.19-14.42.27:013][784]LogSlate: FSceneViewport::OnFocusLost() reason 0
[2025.09.19-14.42.34:276][653]LogAssetEditorManager: Opening Asset editor for Material /Game/LevelAssets/Materials/metal/metal_trimsheet01/M_metal_trimsheet01.M_metal_trimsheet01
[2025.09.19-14.42.34:277][653]LogMaterial: Display: Missing cached shader map for material M_metal_trimsheet01, compiling. 
[2025.09.19-14.42.34:323][653]LogMaterial: Display: Missing cached shader map for material M_metal_trimsheet01, compiling. 
[2025.09.19-14.42.34:333][653]LogMaterial: Display: Missing cached shader map for material M_metal_trimsheet01, compiling. 
[2025.09.19-14.42.34:347][653]LogShaderCompilers: Display: Worker (1/13): shaders left to compile 30
[2025.09.19-14.42.34:347][653]LogShaderCompilers: Display: Worker (2/13): shaders left to compile 29
[2025.09.19-14.42.34:347][653]LogShaderCompilers: Display: Worker (3/13): shaders left to compile 28
[2025.09.19-14.42.34:347][653]LogShaderCompilers: Display: Worker (4/13): shaders left to compile 27
[2025.09.19-14.42.34:347][653]LogShaderCompilers: Display: Worker (5/13): shaders left to compile 26
[2025.09.19-14.42.34:347][653]LogShaderCompilers: Display: Worker (6/13): shaders left to compile 25
[2025.09.19-14.42.34:347][653]LogShaderCompilers: Display: Worker (7/13): shaders left to compile 24
[2025.09.19-14.42.34:347][653]LogShaderCompilers: Display: Worker (8/13): shaders left to compile 23
[2025.09.19-14.42.34:347][653]LogShaderCompilers: Display: Worker (9/13): shaders left to compile 22
[2025.09.19-14.42.34:347][653]LogShaderCompilers: Display: Worker (10/13): shaders left to compile 21
[2025.09.19-14.42.34:347][653]LogShaderCompilers: Display: Worker (11/13): shaders left to compile 20
[2025.09.19-14.42.34:347][653]LogShaderCompilers: Display: Worker (12/13): shaders left to compile 19
[2025.09.19-14.42.34:351][653]LogMaterial: Display: Missing cached shader map for material FMatExpressionPreview MaterialExpressionTextureSample_1, compiling. 
[2025.09.19-14.42.34:356][653]LogMaterial: Display: Missing cached shader map for material FMatExpressionPreview MaterialExpressionTextureSample_2, compiling. 
[2025.09.19-14.42.34:358][653]LogMaterial: Display: Missing cached shader map for material FMatExpressionPreview MaterialExpressionTextureSample_0, compiling. 
[2025.09.19-14.42.34:554][665]LogShaderCompilers: Display: Worker (8/13): shaders left to compile 30
[2025.09.19-14.42.34:570][666]LogShaderCompilers: Display: Worker (3/13): shaders left to compile 29
[2025.09.19-14.42.34:587][667]LogShaderCompilers: Display: Worker (1/13): shaders left to compile 28
[2025.09.19-14.42.34:587][667]LogShaderCompilers: Display: Worker (2/13): shaders left to compile 27
[2025.09.19-14.42.34:587][667]LogShaderCompilers: Display: Worker (9/13): shaders left to compile 26
[2025.09.19-14.42.34:602][668]LogShaderCompilers: Display: Worker (5/13): shaders left to compile 25
[2025.09.19-14.42.34:602][668]LogShaderCompilers: Display: Worker (4/13): shaders left to compile 24
[2025.09.19-14.42.34:602][668]LogShaderCompilers: Display: Worker (7/13): shaders left to compile 23
[2025.09.19-14.42.34:612][669]LogShaderCompilers: Display: Worker (6/13): shaders left to compile 22
[2025.09.19-14.42.34:660][673]LogShaderCompilers: Display: Worker (12/13): shaders left to compile 21
[2025.09.19-14.42.34:752][677]LogShaderCompilers: Display: Worker (10/13): shaders left to compile 20
[2025.09.19-14.42.34:783][679]LogShaderCompilers: Display: Worker (11/13): shaders left to compile 19
[2025.09.19-14.42.34:810][681]LogShaderCompilers: Display: Worker (6/13): shaders left to compile 18
[2025.09.19-14.42.34:810][681]LogShaderCompilers: Display: Worker (5/13): shaders left to compile 17
[2025.09.19-14.42.34:810][681]LogShaderCompilers: Display: Worker (1/13): shaders left to compile 16
[2025.09.19-14.42.34:869][684]LogShaderCompilers: Display: Worker (2/13): shaders left to compile 15
[2025.09.19-14.42.34:869][684]LogShaderCompilers: Display: Worker (8/13): shaders left to compile 14
[2025.09.19-14.42.34:898][685]LogShaderCompilers: Display: Worker (9/13): shaders left to compile 13
[2025.09.19-14.42.34:898][685]LogShaderCompilers: Display: Worker (4/13): shaders left to compile 12
[2025.09.19-14.42.34:935][687]LogShaderCompilers: Display: Worker (3/13): shaders left to compile 11
[2025.09.19-14.42.34:935][687]LogShaderCompilers: Display: Worker (7/13): shaders left to compile 10
[2025.09.19-14.42.34:935][687]LogShaderCompilers: Display: Worker (12/13): shaders left to compile 9
[2025.09.19-14.42.34:965][689]LogShaderCompilers: Display: Worker (11/13): shaders left to compile 8
[2025.09.19-14.42.35:003][691]LogShaderCompilers: Display: Worker (1/13): shaders left to compile 7
[2025.09.19-14.42.35:054][694]LogShaderCompilers: Display: Worker (10/13): shaders left to compile 6
[2025.09.19-14.42.35:054][694]LogShaderCompilers: Display: Worker (9/13): shaders left to compile 5
[2025.09.19-14.42.35:091][697]LogShaderCompilers: Display: Worker (6/13): shaders left to compile 4
[2025.09.19-14.42.35:104][698]LogShaderCompilers: Display: Worker (5/13): shaders left to compile 3
[2025.09.19-14.42.35:115][699]LogShaderCompilers: Display: Worker (7/13): shaders left to compile 2
[2025.09.19-14.42.35:115][699]LogShaderCompilers: Display: Worker (12/13): shaders left to compile 1
[2025.09.19-14.42.35:142][701]MaterialEditorStats: Base pass shader: 128 instructions
[2025.09.19-14.42.35:142][701]MaterialEditorStats: Base pass shader with Surface Lightmap: 159 instructions
[2025.09.19-14.42.35:142][701]MaterialEditorStats: Base pass shader with Volumetric Lightmap: 206 instructions
[2025.09.19-14.42.35:142][701]MaterialEditorStats: Base pass vertex shader: 44 instructions
[2025.09.19-14.42.35:142][701]MaterialEditorStats: Texture samplers: 6/16
[2025.09.19-14.42.35:142][701]MaterialEditorStats: Texture Lookups (Est.): VS(0), PS(3)
[2025.09.19-14.42.35:142][701]MaterialEditorStats: User interpolators: 2/4 Scalars (1/4 Vectors) (TexCoords: 2, Custom: 0)
[2025.09.19-14.42.37:731][  3]LogMaterial: Display: Missing cached shader map for material M_metal_trimsheet01, compiling. 
[2025.09.19-14.42.37:748][  3]LogShaderCompilers: Display: Worker (1/13): shaders left to compile 30
[2025.09.19-14.42.37:748][  3]LogShaderCompilers: Display: Worker (2/13): shaders left to compile 29
[2025.09.19-14.42.37:748][  3]LogShaderCompilers: Display: Worker (3/13): shaders left to compile 28
[2025.09.19-14.42.37:748][  3]LogShaderCompilers: Display: Worker (4/13): shaders left to compile 27
[2025.09.19-14.42.37:748][  3]LogShaderCompilers: Display: Worker (5/13): shaders left to compile 26
[2025.09.19-14.42.37:748][  3]LogShaderCompilers: Display: Worker (6/13): shaders left to compile 25
[2025.09.19-14.42.37:748][  3]LogShaderCompilers: Display: Worker (7/13): shaders left to compile 24
[2025.09.19-14.42.37:748][  3]LogShaderCompilers: Display: Worker (8/13): shaders left to compile 23
[2025.09.19-14.42.37:748][  3]LogShaderCompilers: Display: Worker (9/13): shaders left to compile 22
[2025.09.19-14.42.37:748][  3]LogShaderCompilers: Display: Worker (10/13): shaders left to compile 21
[2025.09.19-14.42.37:748][  3]LogShaderCompilers: Display: Worker (11/13): shaders left to compile 20
[2025.09.19-14.42.37:748][  3]LogShaderCompilers: Display: Worker (12/13): shaders left to compile 19
[2025.09.19-14.42.37:830][ 11]LogShaderCompilers: Display: Worker (8/13): shaders left to compile 18
[2025.09.19-14.42.37:886][ 15]LogShaderCompilers: Display: Worker (9/13): shaders left to compile 17
[2025.09.19-14.42.37:886][ 15]LogShaderCompilers: Display: Worker (1/13): shaders left to compile 16
[2025.09.19-14.42.37:899][ 16]LogShaderCompilers: Display: Worker (2/13): shaders left to compile 15
[2025.09.19-14.42.37:899][ 16]LogShaderCompilers: Display: Worker (3/13): shaders left to compile 14
[2025.09.19-14.42.37:899][ 16]LogShaderCompilers: Display: Worker (7/13): shaders left to compile 13
[2025.09.19-14.42.37:908][ 17]LogShaderCompilers: Display: Worker (5/13): shaders left to compile 12
[2025.09.19-14.42.37:908][ 17]LogShaderCompilers: Display: Worker (4/13): shaders left to compile 11
[2025.09.19-14.42.37:908][ 17]LogShaderCompilers: Display: Worker (6/13): shaders left to compile 10
[2025.09.19-14.42.37:953][ 22]LogShaderCompilers: Display: Worker (12/13): shaders left to compile 9
[2025.09.19-14.42.38:047][ 30]LogShaderCompilers: Display: Worker (10/13): shaders left to compile 8
[2025.09.19-14.42.38:060][ 31]LogShaderCompilers: Display: Worker (11/13): shaders left to compile 7
[2025.09.19-14.42.38:100][ 35]LogShaderCompilers: Display: Worker (1/13): shaders left to compile 6
[2025.09.19-14.42.38:100][ 35]LogShaderCompilers: Display: Worker (8/13): shaders left to compile 5
[2025.09.19-14.42.38:109][ 36]LogShaderCompilers: Display: Worker (6/13): shaders left to compile 4
[2025.09.19-14.42.38:109][ 36]LogShaderCompilers: Display: Worker (7/13): shaders left to compile 3
[2025.09.19-14.42.38:181][ 42]LogShaderCompilers: Display: Worker (2/13): shaders left to compile 2
[2025.09.19-14.42.38:182][ 42]LogShaderCompilers: Display: Worker (3/13): shaders left to compile 1
[2025.09.19-14.42.38:716][100]MaterialEditorStats: Base pass shader: 128 instructions
[2025.09.19-14.42.38:716][100]MaterialEditorStats: Base pass shader with Surface Lightmap: 155 instructions
[2025.09.19-14.42.38:716][100]MaterialEditorStats: Base pass shader with Volumetric Lightmap: 202 instructions
[2025.09.19-14.42.38:716][100]MaterialEditorStats: Base pass vertex shader: 44 instructions
[2025.09.19-14.42.38:716][100]MaterialEditorStats: Texture samplers: 6/16
[2025.09.19-14.42.38:716][100]MaterialEditorStats: Texture Lookups (Est.): VS(0), PS(3)
[2025.09.19-14.42.38:716][100]MaterialEditorStats: User interpolators: 2/4 Scalars (1/4 Vectors) (TexCoords: 2, Custom: 0)
[2025.09.19-14.42.39:593][205]LogMaterialEditor: Saving and Compiling material M_metal_trimsheet01
[2025.09.19-14.42.39:757][205]LogMaterial: Display: Missing cached shader map for material M_metal_trimsheet01, compiling. 
[2025.09.19-14.42.39:792][205]LogShaderCompilers: Display: Worker (1/13): shaders left to compile 30
[2025.09.19-14.42.39:792][205]LogShaderCompilers: Display: Worker (2/13): shaders left to compile 29
[2025.09.19-14.42.39:792][205]LogShaderCompilers: Display: Worker (3/13): shaders left to compile 28
[2025.09.19-14.42.39:792][205]LogShaderCompilers: Display: Worker (4/13): shaders left to compile 27
[2025.09.19-14.42.39:792][205]LogShaderCompilers: Display: Worker (5/13): shaders left to compile 26
[2025.09.19-14.42.39:792][205]LogShaderCompilers: Display: Worker (6/13): shaders left to compile 25
[2025.09.19-14.42.39:792][205]LogShaderCompilers: Display: Worker (7/13): shaders left to compile 24
[2025.09.19-14.42.39:792][205]LogShaderCompilers: Display: Worker (8/13): shaders left to compile 23
[2025.09.19-14.42.39:792][205]LogShaderCompilers: Display: Worker (9/13): shaders left to compile 22
[2025.09.19-14.42.39:792][205]LogShaderCompilers: Display: Worker (10/13): shaders left to compile 21
[2025.09.19-14.42.39:792][205]LogShaderCompilers: Display: Worker (11/13): shaders left to compile 20
[2025.09.19-14.42.39:792][205]LogShaderCompilers: Display: Worker (12/13): shaders left to compile 19
[2025.09.19-14.42.39:798][205]LogMaterial: Display: Missing cached shader map for material M_metal_trimsheet01, compiling. 
[2025.09.19-14.42.39:818][205]LogMaterial: Display: Missing cached shader map for material M_metal_trimsheet01, compiling. 
[2025.09.19-14.42.39:859][205]LogUObjectHash: Compacting FUObjectHashTables data took   2.03ms
[2025.09.19-14.42.39:866][205]LogMaterial: Display: Missing cached shader map for material DebugViewMode MaterialTexCoordScale, compiling. 
[2025.09.19-14.42.40:362][205]LogShaderCompilers: Display: Worker (8/13): shaders left to compile 51
[2025.09.19-14.42.40:362][205]LogShaderCompilers: Display: Worker (7/13): shaders left to compile 50
[2025.09.19-14.42.40:362][205]LogShaderCompilers: Display: Worker (5/13): shaders left to compile 49
[2025.09.19-14.42.40:362][205]LogShaderCompilers: Display: Worker (2/13): shaders left to compile 48
[2025.09.19-14.42.40:362][205]LogShaderCompilers: Display: Worker (9/13): shaders left to compile 47
[2025.09.19-14.42.40:362][205]LogShaderCompilers: Display: Worker (1/13): shaders left to compile 46
[2025.09.19-14.42.40:362][205]LogShaderCompilers: Display: Worker (3/13): shaders left to compile 45
[2025.09.19-14.42.40:362][205]LogShaderCompilers: Display: Worker (6/13): shaders left to compile 44
[2025.09.19-14.42.40:362][205]LogShaderCompilers: Display: Worker (4/13): shaders left to compile 43
[2025.09.19-14.42.40:362][205]LogShaderCompilers: Display: Worker (12/13): shaders left to compile 42
[2025.09.19-14.42.40:362][205]LogShaderCompilers: Display: Worker (10/13): shaders left to compile 41
[2025.09.19-14.42.40:362][205]LogShaderCompilers: Display: Worker (11/13): shaders left to compile 40
[2025.09.19-14.42.40:362][205]LogShaderCompilers: Display: Worker (5/13): shaders left to compile 39
[2025.09.19-14.42.40:362][205]LogShaderCompilers: Display: Worker (1/13): shaders left to compile 38
[2025.09.19-14.42.40:362][205]LogShaderCompilers: Display: Worker (4/13): shaders left to compile 37
[2025.09.19-14.42.40:362][205]LogShaderCompilers: Display: Worker (8/13): shaders left to compile 36
[2025.09.19-14.42.40:362][205]LogShaderCompilers: Display: Worker (2/13): shaders left to compile 35
[2025.09.19-14.42.40:362][205]LogShaderCompilers: Display: Worker (9/13): shaders left to compile 34
[2025.09.19-14.42.40:362][205]LogShaderCompilers: Display: Worker (3/13): shaders left to compile 33
[2025.09.19-14.42.40:362][205]LogShaderCompilers: Display: Worker (7/13): shaders left to compile 32
[2025.09.19-14.42.40:362][205]LogShaderCompilers: Display: Worker (11/13): shaders left to compile 31
[2025.09.19-14.42.40:362][205]LogShaderCompilers: Display: Worker (6/13): shaders left to compile 28
[2025.09.19-14.42.40:362][205]LogShaderCompilers: Display: Worker (12/13): shaders left to compile 25
[2025.09.19-14.42.40:362][205]LogShaderCompilers: Display: Worker (4/13): shaders left to compile 22
[2025.09.19-14.42.40:362][205]LogShaderCompilers: Display: Worker (10/13): shaders left to compile 20
[2025.09.19-14.42.40:362][205]LogShaderCompilers: Display: Worker (3/13): shaders left to compile 18
[2025.09.19-14.42.40:362][205]LogShaderCompilers: Display: Worker (7/13): shaders left to compile 16
[2025.09.19-14.42.40:362][205]LogShaderCompilers: Display: Worker (9/13): shaders left to compile 14
[2025.09.19-14.42.40:367][205]TextureStreamingBuild: Display: Compiling optional shaders took 0.507 seconds.
[2025.09.19-14.42.40:388][205]LogUObjectHash: Compacting FUObjectHashTables data took   0.59ms
[2025.09.19-14.42.40:397][205]LogShaderCompilers: Display: Worker (5/13): shaders left to compile 12
[2025.09.19-14.42.40:399][205]LogShaderCompilers: Display: Worker (8/13): shaders left to compile 10
[2025.09.19-14.42.40:867][205]LogShaderCompilers: Display: Worker (1/13): shaders left to compile 9
[2025.09.19-14.42.40:867][205]LogShaderCompilers: Display: Worker (2/13): shaders left to compile 8
[2025.09.19-14.42.40:867][205]LogShaderCompilers: Display: Worker (12/13): shaders left to compile 7
[2025.09.19-14.42.40:867][205]LogShaderCompilers: Display: Worker (2/13): shaders left to compile 6
[2025.09.19-14.42.40:867][205]LogShaderCompilers: Display: Worker (11/13): shaders left to compile 5
[2025.09.19-14.42.40:867][205]LogShaderCompilers: Display: Worker (6/13): shaders left to compile 4
[2025.09.19-14.42.40:867][205]LogShaderCompilers: Display: Worker (8/13): shaders left to compile 3
[2025.09.19-14.42.40:867][205]LogShaderCompilers: Display: Worker (1/13): shaders left to compile 2
[2025.09.19-14.42.40:867][205]LogShaderCompilers: Display: Worker (10/13): shaders left to compile 1
[2025.09.19-14.42.40:882][205]LogSavePackage: Moving 'E:/GameDev/hggjam/GameJamHGGUnreal4.23.1/GameJamCrew/Saved/M_metal_trimsheet01F8FF81D346067B73DB28F887B678BCF1.tmp' to 'E:/GameDev/hggjam/GameJamHGGUnreal4.23.1/GameJamCrew/Content/LevelAssets/Materials/metal/metal_trimsheet01/M_metal_trimsheet01.uasset'
[2025.09.19-14.42.41:484][276]LogSlate: Window 'M_metal_trimsheet01' being destroyed
[2025.09.19-14.42.41:488][276]LogSlate: Window 'M_metal_trimsheet01' being destroyed
[2025.09.19-14.42.41:504][276]LogWorld: UWorld::CleanupWorld for World_36, bSessionEnded=true, bCleanupResources=true
[2025.09.19-14.42.49:069][182]LogSlate: FSceneViewport::OnFocusLost() reason 5
[2025.09.19-14.42.49:074][182]Cmd: OBJ SAVEPACKAGE PACKAGE="/Game/Levels/CheeseFactory_001" FILE="E:/GameDev/hggjam/GameJamHGGUnreal4.23.1/GameJamCrew/Content/Levels/CheeseFactory_001.umap" SILENT=true AUTOSAVING=false KEEPDIRTY=false
[2025.09.19-14.42.49:094][182]LogUObjectHash: Compacting FUObjectHashTables data took   0.81ms
[2025.09.19-14.42.49:216][182]LogSavePackage: Moving 'E:/GameDev/hggjam/GameJamHGGUnreal4.23.1/GameJamCrew/Saved/CheeseFactory_0017ADA58F6430A3CBA32948F8687B33654.tmp' to 'E:/GameDev/hggjam/GameJamHGGUnreal4.23.1/GameJamCrew/Content/Levels/CheeseFactory_001.umap'
[2025.09.19-14.42.49:228][182]Cmd: OBJ SAVEPACKAGE PACKAGE="/Game/Levels/CheeseFactory_001_BuiltData" FILE="E:/GameDev/hggjam/GameJamHGGUnreal4.23.1/GameJamCrew/Content/Levels/CheeseFactory_001_BuiltData.uasset" SILENT=true
[2025.09.19-14.42.49:514][182]LogSavePackage: Moving 'E:/GameDev/hggjam/GameJamHGGUnreal4.23.1/GameJamCrew/Saved/CheeseFactory_001_BuiltDataB940ACE64FD423492290CD84E8B5AC0F.tmp' to 'E:/GameDev/hggjam/GameJamHGGUnreal4.23.1/GameJamCrew/Content/Levels/CheeseFactory_001_BuiltData.uasset'
[2025.09.19-14.42.52:212][503]MapCheck: New page: Map Check
[2025.09.19-14.42.52:227][503]LightingResults: New page: Lighting Build - Sep 19, 2025, 8:42:52 PM
[2025.09.19-14.42.52:231][503]LogSwarmInterface: [OpenConnection] Registering TCP channel ...
[2025.09.19-14.42.52:235][503]LogSwarmInterface: [OpenConnection] Connecting to agent ...
[2025.09.19-14.42.52:235][503]LogSwarmInterface: [TryOpenConnection] Testing the Agent
[2025.09.19-14.42.52:236][503]LogSwarmInterface: [TryOpenConnection] Opening Connection to Agent
[2025.09.19-14.42.52:236][503]LogSwarmInterface: [TryOpenConnection] Local Process ID is 3812
[2025.09.19-14.42.56:794][503]LogStaticLightingSystem: Running Lightmass w/ ImmediateImport mode ENABLED
[2025.09.19-14.42.56:794][503]LogStaticLightingSystem: Running Lightmass w/ ImmediateProcess mode ENABLED
[2025.09.19-14.42.56:794][503]LogStaticLightingSystem: Running Lightmass w/ Sorting mode ENABLED
[2025.09.19-14.42.56:794][503]LogStaticLightingSystem: Running Lightmass w/ Mapping paddings ENABLED
[2025.09.19-14.42.56:794][503]LogStaticLightingSystem: Running Lightmass w/ Mapping debug paddings DISABLED
[2025.09.19-14.42.56:865][503]LogEditorBuildUtils: Build time 0:04
[2025.09.19-14.42.56:872][503]LogMaterial: Display: Missing cached shader map for material FLightmassMaterialRenderer M_metal_trimsheet01, compiling. 
[2025.09.19-14.42.56:875][503]LogMaterial: Display: Missing cached shader map for material FLightmassMaterialRenderer M_metal_trimsheet01, compiling. 
[2025.09.19-14.42.56:992][504]LogShaderCompilers: Display: Worker (1/13): shaders left to compile 2
[2025.09.19-14.42.56:992][504]LogShaderCompilers: Display: Worker (2/13): shaders left to compile 1
[2025.09.19-14.42.56:992][504]LogShaderCompilers: Display: Worker (3/13): shaders left to compile 2
[2025.09.19-14.42.56:992][504]LogShaderCompilers: Display: Worker (4/13): shaders left to compile 1
[2025.09.19-14.42.57:030][505]LogUObjectHash: Compacting FUObjectHashTables data took   0.98ms
[2025.09.19-14.43.17:944][459]Job is a success!
[2025.09.19-14.43.17:996][461]LogVolumetricLightmapImport: Imported Volumetric Lightmap in 0.003s
[2025.09.19-14.43.17:996][461]LogVolumetricLightmapImport:      Indirection Texture 16x16x16 = 0.0Mb
[2025.09.19-14.43.17:997][461]LogVolumetricLightmapImport:      BrickData 100x5x5 = 0.1Mb
[2025.09.19-14.43.17:997][461]LogVolumetricLightmapImport:      Bricks at Level
[2025.09.19-14.43.17:997][461]LogVolumetricLightmapImport:          0: 5.0% covering 100.0% of volume
[2025.09.19-14.43.17:997][461]LogVolumetricLightmapImport:          1: 5.0% covering 1.6% of volume
[2025.09.19-14.43.17:997][461]LogVolumetricLightmapImport:          2: 90.0% covering 0.4% of volume
[2025.09.19-14.43.18:997][461]LogTexture: Display: Building textures: HQ_Lightmap1_1 (AutoDXT, 1024X1024)
[2025.09.19-14.43.18:997][461]LogTexture: Display: Building textures: LQ_Lightmap_1_1 (DXT1, 1024X1024)
[2025.09.19-14.43.18:997][461]LogTexture: Display: Building textures: HQ_Lightmap0_2 (AutoDXT, 1024X1024)
[2025.09.19-14.43.18:997][461]LogTexture: Display: Building textures: LQ_Lightmap_0_2 (DXT1, 1024X1024)
[2025.09.19-14.43.18:997][461]LogTexture: Display: Building textures: HQ_Lightmap0_3 (AutoDXT, 1024X1024)
[2025.09.19-14.43.18:997][461]LogTexture: Display: Building textures: LQ_Lightmap_0_3 (DXT1, 1024X1024)
[2025.09.19-14.43.18:997][461]LogTexture: Display: Building textures: HQ_Lightmap1_4 (AutoDXT, 1024X1024)
[2025.09.19-14.43.18:997][461]LogTexture: Display: Building textures: LQ_Lightmap_1_4 (DXT1, 1024X1024)
[2025.09.19-14.43.18:997][461]LogTexture: Display: Building textures: HQ_Lightmap0_5 (AutoDXT, 1024X1024)
[2025.09.19-14.43.18:997][461]LogTexture: Display: Building textures: LQ_Lightmap_0_5 (DXT1, 1024X1024)
[2025.09.19-14.43.18:997][461]LogTexture: Display: Building textures: HQ_Lightmap1_6 (AutoDXT, 1024X1024)
[2025.09.19-14.43.18:997][461]LogTexture: Display: Building textures: LQ_Lightmap_1_6 (DXT1, 1024X1024)
[2025.09.19-14.43.18:997][461]LogTexture: Display: Building textures: HQ_Lightmap1_7 (AutoDXT, 1024X1024)
[2025.09.19-14.43.18:997][461]LogTexture: Display: Building textures: LQ_Lightmap_1_7 (DXT1, 1024X1024)
[2025.09.19-14.43.18:997][461]LogTexture: Display: Building textures: HQ_Lightmap0_8 (AutoDXT, 1024X1024)
[2025.09.19-14.43.18:997][461]LogTexture: Display: Building textures: LQ_Lightmap_0_8 (DXT1, 1024X1024)
[2025.09.19-14.43.18:997][461]LogTexture: Display: Building textures: HQ_Lightmap0_9 (AutoDXT, 1024X1024)
[2025.09.19-14.43.18:997][461]LogTexture: Display: Building textures: LQ_Lightmap_0_9 (DXT1, 1024X1024)
[2025.09.19-14.43.18:997][461]LogTexture: Display: Building textures: HQ_Lightmap0_10 (AutoDXT, 1024X1024)
[2025.09.19-14.43.18:997][461]LogTexture: Display: Building textures: LQ_Lightmap_0_10 (DXT1, 1024X1024)
[2025.09.19-14.43.18:997][461]LogTexture: Display: Building textures: HQ_Lightmap0_11 (AutoDXT, 128X128)
[2025.09.19-14.43.18:997][461]LogTexture: Display: Building textures: LQ_Lightmap_0_11 (DXT1, 128X128)
[2025.09.19-14.43.18:997][461]LogTexture: Display: Building textures: HQ_Lightmap0_12 (AutoDXT, 64X64)
[2025.09.19-14.43.18:997][461]LogTexture: Display: Building textures: LQ_Lightmap_0_12 (DXT1, 64X64)
[2025.09.19-14.43.19:100][461]LogTexture: Display: Building textures: ShadowMapTexture2D_97 (G8, 32X32)
[2025.09.19-14.43.19:100][461]LogTexture: Display: Building textures: ShadowMapTexture2D_96 (G8, 1024X512)
[2025.09.19-14.43.19:100][461]LogTexture: Display: Building textures: ShadowMapTexture2D_95 (G8, 1024X1024)
[2025.09.19-14.43.19:100][461]LogTexture: Display: Building textures: ShadowMapTexture2D_94 (G8, 1024X1024)
[2025.09.19-14.43.19:109][461]LogStaticLightingSystem: CheeseFactory_001_BuiltData storing lightmap data for 520 meshes in 25 LightmapResourceClusters (20.8 Meshes per cluster).
[2025.09.19-14.43.19:131][461]LogUObjectHash: Compacting FUObjectHashTables data took   0.83ms
[2025.09.19-14.43.19:132][461]Lightmass on CECOMAIN: 21.9 sec total, 62 ms importing, 13 ms setup, 1.51 sec photons, 20.2 sec processing, 0 ms extra exporting [520/520 mappings]. Threads: 5:03 min total, 3:38 min processing.
[2025.09.19-14.43.19:137][461]LogStaticLightingSystem: Illumination: 26.8 sec (787 ms encoding lightmaps, 97 ms encoding shadowmaps)
[2025.09.19-14.43.19:137][461]LogStaticLightingSystem: Lightmap texture memory:  20.0 MB (20.0 MB streaming, 0.0 MB non-streaming), 24 textures
[2025.09.19-14.43.19:137][461]LogStaticLightingSystem: Shadowmap texture memory: 3.3 MB (3.3 MB streaming, 0.0 MB non-streaming), 4 textures
[2025.09.19-14.43.19:813][461]DumpUnbuiltLightIteractions
[2025.09.19-14.43.19:813][461]Lights with unbuilt interactions: 0
[2025.09.19-14.43.19:813][461]
[2025.09.19-14.43.19:813][461]Primitives with unbuilt interactions: 0
[2025.09.19-14.43.19:867][462]Cmd: MAP CHECK NOTIFYRESULTS
[2025.09.19-14.43.19:867][462]MapCheck: New page: CheeseFactory_001 - Sep 19, 2025, 8:43:19 PM
[2025.09.19-14.43.19:869][462]MapCheck: Map check complete: 0 Error(s), 0 Warning(s), took 1.541ms to complete.
[2025.09.19-14.43.39:594][828]LogEditorViewport: Clicking on Actor (LMB): PointLight (PointLight5)
[2025.09.19-14.45.06:833][292]LogEditorViewport: Clicking on Actor (LMB): StaticMeshActor (vent01_80x100)
[2025.09.19-14.45.24:118][362]LogSlate: FSceneViewport::OnFocusLost() reason 5
[2025.09.19-14.45.24:124][362]Cmd: OBJ SAVEPACKAGE PACKAGE="/Game/Levels/CheeseFactory_001" FILE="E:/GameDev/hggjam/GameJamHGGUnreal4.23.1/GameJamCrew/Content/Levels/CheeseFactory_001.umap" SILENT=true AUTOSAVING=false KEEPDIRTY=false
[2025.09.19-14.45.24:143][362]LogUObjectHash: Compacting FUObjectHashTables data took   0.84ms
[2025.09.19-14.45.24:270][362]LogSavePackage: Moving 'E:/GameDev/hggjam/GameJamHGGUnreal4.23.1/GameJamCrew/Saved/CheeseFactory_0010A2B8CAE42751C60CF79C187FAB7B0AF.tmp' to 'E:/GameDev/hggjam/GameJamHGGUnreal4.23.1/GameJamCrew/Content/Levels/CheeseFactory_001.umap'
[2025.09.19-14.45.24:282][362]Cmd: OBJ SAVEPACKAGE PACKAGE="/Game/Levels/CheeseFactory_001_BuiltData" FILE="E:/GameDev/hggjam/GameJamHGGUnreal4.23.1/GameJamCrew/Content/Levels/CheeseFactory_001_BuiltData.uasset" SILENT=true
[2025.09.19-14.45.24:555][362]LogSavePackage: Moving 'E:/GameDev/hggjam/GameJamHGGUnreal4.23.1/GameJamCrew/Saved/CheeseFactory_001_BuiltData1D8FEA0E4D0275706C540DAFB78CC04F.tmp' to 'E:/GameDev/hggjam/GameJamHGGUnreal4.23.1/GameJamCrew/Content/Levels/CheeseFactory_001_BuiltData.uasset'
[2025.09.19-14.45.47:351][ 95]LogEditorViewport: Clicking on Actor (LMB): DirectionalLight (DirectionalLight)
[2025.09.19-14.45.58:052][375]LogSlate: FSceneViewport::OnFocusLost() reason 0
[2025.09.19-14.46.11:785][ 22]LogSlate: FSceneViewport::OnFocusLost() reason 0
[2025.09.19-14.46.57:153][465]LogSlate: FSceneViewport::OnFocusLost() reason 0
[2025.09.19-14.47.12:697][330]LogSlate: FSceneViewport::OnFocusLost() reason 0
[2025.09.19-14.47.17:558][913]LogEditorViewport: Clicking on Actor (LMB): StaticMeshActor (floor01_2x45)
[2025.09.19-14.47.18:350][  5]LogEditorViewport: Clicking on Actor (LMB): DirectionalLight (DirectionalLight)
[2025.09.19-14.47.24:670][760]Cmd: TRANSACTION UNDO
[2025.09.19-14.47.24:670][760]LogEditorTransaction: Undo Rotate Actors
[2025.09.19-14.48.04:968][588]LogSlate: FSceneViewport::OnFocusLost() reason 0
[2025.09.19-14.48.13:698][635]LogEditorViewport: Clicking on Actor (LMB): StaticMeshActor (wall01_2x8)
[2025.09.19-14.48.20:087][396]LogSlate: FSceneViewport::OnFocusLost() reason 2
[2025.09.19-14.48.20:919][496]MapCheck: New page: Map Check
[2025.09.19-14.48.20:930][496]LogSlate: FSceneViewport::OnFocusLost() reason 5
[2025.09.19-14.48.20:932][496]LightingResults: New page: Lighting Build - Sep 19, 2025, 8:48:20 PM
[2025.09.19-14.48.20:936][496]LogSwarmInterface: [OpenConnection] Registering TCP channel ...
[2025.09.19-14.48.20:939][496]LogSwarmInterface: [OpenConnection] Connecting to agent ...
[2025.09.19-14.48.20:939][496]LogSwarmInterface: [TryOpenConnection] Testing the Agent
[2025.09.19-14.48.20:940][496]LogSwarmInterface: [TryOpenConnection] Opening Connection to Agent
[2025.09.19-14.48.20:940][496]LogSwarmInterface: [TryOpenConnection] Local Process ID is 3812
[2025.09.19-14.48.25:494][496]LogStaticLightingSystem: Running Lightmass w/ ImmediateImport mode ENABLED
[2025.09.19-14.48.25:494][496]LogStaticLightingSystem: Running Lightmass w/ ImmediateProcess mode ENABLED
[2025.09.19-14.48.25:494][496]LogStaticLightingSystem: Running Lightmass w/ Sorting mode ENABLED
[2025.09.19-14.48.25:494][496]LogStaticLightingSystem: Running Lightmass w/ Mapping paddings ENABLED
[2025.09.19-14.48.25:494][496]LogStaticLightingSystem: Running Lightmass w/ Mapping debug paddings DISABLED
[2025.09.19-14.48.25:558][496]LogEditorBuildUtils: Build time 0:04
[2025.09.19-14.48.25:601][497]LogUObjectHash: Compacting FUObjectHashTables data took   1.30ms
[2025.09.19-14.48.46:962][489]Job is a success!
[2025.09.19-14.48.46:984][491]LogSlate: FSceneViewport::OnFocusLost() reason 5
[2025.09.19-14.48.47:014][491]LogVolumetricLightmapImport: Imported Volumetric Lightmap in 0.003s
[2025.09.19-14.48.47:014][491]LogVolumetricLightmapImport:      Indirection Texture 16x16x16 = 0.0Mb
[2025.09.19-14.48.47:014][491]LogVolumetricLightmapImport:      BrickData 100x5x5 = 0.1Mb
[2025.09.19-14.48.47:014][491]LogVolumetricLightmapImport:      Bricks at Level
[2025.09.19-14.48.47:014][491]LogVolumetricLightmapImport:          0: 5.0% covering 100.0% of volume
[2025.09.19-14.48.47:014][491]LogVolumetricLightmapImport:          1: 5.0% covering 1.6% of volume
[2025.09.19-14.48.47:014][491]LogVolumetricLightmapImport:          2: 90.0% covering 0.4% of volume
[2025.09.19-14.48.48:034][491]LogTexture: Display: Building textures: HQ_Lightmap0_1 (AutoDXT, 1024X1024)
[2025.09.19-14.48.48:035][491]LogTexture: Display: Building textures: LQ_Lightmap_0_1 (DXT1, 1024X1024)
[2025.09.19-14.48.48:035][491]LogTexture: Display: Building textures: HQ_Lightmap1_2 (AutoDXT, 1024X1024)
[2025.09.19-14.48.48:035][491]LogTexture: Display: Building textures: LQ_Lightmap_1_2 (DXT1, 1024X1024)
[2025.09.19-14.48.48:035][491]LogTexture: Display: Building textures: HQ_Lightmap1_3 (AutoDXT, 1024X1024)
[2025.09.19-14.48.48:035][491]LogTexture: Display: Building textures: LQ_Lightmap_1_3 (DXT1, 1024X1024)
[2025.09.19-14.48.48:035][491]LogTexture: Display: Building textures: HQ_Lightmap0_4 (AutoDXT, 1024X1024)
[2025.09.19-14.48.48:035][491]LogTexture: Display: Building textures: LQ_Lightmap_0_4 (DXT1, 1024X1024)
[2025.09.19-14.48.48:035][491]LogTexture: Display: Building textures: HQ_Lightmap1_5 (AutoDXT, 1024X1024)
[2025.09.19-14.48.48:035][491]LogTexture: Display: Building textures: LQ_Lightmap_1_5 (DXT1, 1024X1024)
[2025.09.19-14.48.48:035][491]LogTexture: Display: Building textures: HQ_Lightmap0_6 (AutoDXT, 1024X1024)
[2025.09.19-14.48.48:035][491]LogTexture: Display: Building textures: LQ_Lightmap_0_6 (DXT1, 1024X1024)
[2025.09.19-14.48.48:035][491]LogTexture: Display: Building textures: HQ_Lightmap0_7 (AutoDXT, 1024X1024)
[2025.09.19-14.48.48:035][491]LogTexture: Display: Building textures: LQ_Lightmap_0_7 (DXT1, 1024X1024)
[2025.09.19-14.48.48:035][491]LogTexture: Display: Building textures: HQ_Lightmap1_8 (AutoDXT, 1024X1024)
[2025.09.19-14.48.48:035][491]LogTexture: Display: Building textures: LQ_Lightmap_1_8 (DXT1, 1024X1024)
[2025.09.19-14.48.48:035][491]LogTexture: Display: Building textures: HQ_Lightmap1_9 (AutoDXT, 1024X1024)
[2025.09.19-14.48.48:035][491]LogTexture: Display: Building textures: LQ_Lightmap_1_9 (DXT1, 1024X1024)
[2025.09.19-14.48.48:035][491]LogTexture: Display: Building textures: HQ_Lightmap1_10 (AutoDXT, 1024X1024)
[2025.09.19-14.48.48:035][491]LogTexture: Display: Building textures: LQ_Lightmap_1_10 (DXT1, 1024X1024)
[2025.09.19-14.48.48:035][491]LogTexture: Display: Building textures: HQ_Lightmap1_11 (AutoDXT, 128X128)
[2025.09.19-14.48.48:035][491]LogTexture: Display: Building textures: LQ_Lightmap_1_11 (DXT1, 128X128)
[2025.09.19-14.48.48:035][491]LogTexture: Display: Building textures: HQ_Lightmap1_12 (AutoDXT, 64X64)
[2025.09.19-14.48.48:035][491]LogTexture: Display: Building textures: LQ_Lightmap_1_12 (DXT1, 64X64)
[2025.09.19-14.48.48:169][491]LogTexture: Display: Building textures: ShadowMapTexture2D_102 (G8, 32X32)
[2025.09.19-14.48.48:169][491]LogTexture: Display: Building textures: ShadowMapTexture2D_100 (G8, 1024X1024)
[2025.09.19-14.48.48:169][491]LogTexture: Display: Building textures: ShadowMapTexture2D_98 (G8, 1024X1024)
[2025.09.19-14.48.48:169][491]LogTexture: Display: Building textures: ShadowMapTexture2D_99 (G8, 1024X1024)
[2025.09.19-14.48.48:169][491]LogTexture: Display: Building textures: ShadowMapTexture2D_101 (G8, 1024X1024)
[2025.09.19-14.48.48:176][491]LogStaticLightingSystem: CheeseFactory_001_BuiltData storing lightmap data for 520 meshes in 27 LightmapResourceClusters (19.3 Meshes per cluster).
[2025.09.19-14.48.48:198][491]Lightmass on CECOMAIN: 22.3 sec total, 61 ms importing, 13 ms setup, 1.48 sec photons, 20.7 sec processing, 0 ms extra exporting [520/520 mappings]. Threads: 5:11 min total, 3:45 min processing.
[2025.09.19-14.48.48:199][491]LogUObjectHash: Compacting FUObjectHashTables data took   0.81ms
[2025.09.19-14.48.48:205][491]LogStaticLightingSystem: Illumination: 27.2 sec (799 ms encoding lightmaps, 127 ms encoding shadowmaps)
[2025.09.19-14.48.48:205][491]LogStaticLightingSystem: Lightmap texture memory:  20.0 MB (20.0 MB streaming, 0.0 MB non-streaming), 24 textures
[2025.09.19-14.48.48:205][491]LogStaticLightingSystem: Shadowmap texture memory: 5.3 MB (5.3 MB streaming, 0.0 MB non-streaming), 5 textures
[2025.09.19-14.48.48:512][491]DumpUnbuiltLightIteractions
[2025.09.19-14.48.48:513][491]Lights with unbuilt interactions: 0
[2025.09.19-14.48.48:513][491]
[2025.09.19-14.48.48:513][491]Primitives with unbuilt interactions: 0
[2025.09.19-14.48.48:518][491]LogSlate: FSceneViewport::OnFocusLost() reason 5
[2025.09.19-14.48.48:570][492]Cmd: MAP CHECK NOTIFYRESULTS
[2025.09.19-14.48.48:570][492]MapCheck: New page: CheeseFactory_001 - Sep 19, 2025, 8:48:48 PM
[2025.09.19-14.48.48:572][492]MapCheck: Map check complete: 0 Error(s), 0 Warning(s), took 1.556ms to complete.
[2025.09.19-14.52.17:623][576]LogEditorViewport: Clicking on Actor (LMB): StaticMeshActor (floor01_2x35)
[2025.09.19-14.53.00:709][741]LogEditorViewport: Clicking on Actor (LMB): StaticMeshActor (floor01_2x275)
[2025.09.19-14.53.28:211][ 36]LogEditorViewport: Clicking on Actor (LMB): StaticMeshActor (floor01_2x257)
[2025.09.19-14.55.25:535][110]LogSlate: FSceneViewport::OnFocusLost() reason 5
[2025.09.19-14.55.25:564][110]LogUObjectHash: Compacting FUObjectHashTables data took   0.54ms
[2025.09.19-14.55.25:694][110]LogSavePackage: Moving 'E:/GameDev/hggjam/GameJamHGGUnreal4.23.1/GameJamCrew/Saved/CheeseFactory_001_Auto6D5B5783349061074F0EC0E93C35AB840.tmp' to 'E:/GameDev/hggjam/GameJamHGGUnreal4.23.1/GameJamCrew/Saved/Autosaves/Game/Levels/CheeseFactory_001_Auto6.umap'
[2025.09.19-14.55.25:696][110]LogFileHelpers: Editor autosave (incl. sublevels) for '/Game/Levels/CheeseFactory_001' took 0.151
[2025.09.19-14.55.25:696][110]LogFileHelpers: Editor autosave (incl. sublevels) for all levels took 0.151
[2025.09.19-14.55.29:445][558]LogEditorViewport: Clicking on Actor (LMB): PointLight (PointLight6)
[2025.09.19-14.55.29:571][571]Cmd: ACTOR HIDE SELECTED
[2025.09.19-14.55.30:429][674]Cmd: TRANSACTION UNDO
[2025.09.19-14.55.30:429][674]LogEditorTransaction: Undo Hide Selected
[2025.09.19-14.55.57:375][904]LogEditorViewport: Clicking on Actor (LMB): StaticMeshActor (floor01_2x153)
[2025.09.19-14.55.59:424][146]LogSlate: FSceneViewport::OnFocusLost() reason 5
[2025.09.19-14.55.59:429][146]Cmd: OBJ SAVEPACKAGE PACKAGE="/Game/Levels/CheeseFactory_001" FILE="E:/GameDev/hggjam/GameJamHGGUnreal4.23.1/GameJamCrew/Content/Levels/CheeseFactory_001.umap" SILENT=true AUTOSAVING=false KEEPDIRTY=false
[2025.09.19-14.55.59:449][146]LogUObjectHash: Compacting FUObjectHashTables data took   0.98ms
[2025.09.19-14.55.59:570][146]LogSavePackage: Moving 'E:/GameDev/hggjam/GameJamHGGUnreal4.23.1/GameJamCrew/Saved/CheeseFactory_001585246C7482A14E19D09CBB2BFCD9048.tmp' to 'E:/GameDev/hggjam/GameJamHGGUnreal4.23.1/GameJamCrew/Content/Levels/CheeseFactory_001.umap'
[2025.09.19-14.55.59:581][146]Cmd: OBJ SAVEPACKAGE PACKAGE="/Game/Levels/CheeseFactory_001_BuiltData" FILE="E:/GameDev/hggjam/GameJamHGGUnreal4.23.1/GameJamCrew/Content/Levels/CheeseFactory_001_BuiltData.uasset" SILENT=true
[2025.09.19-14.55.59:873][146]LogSavePackage: Moving 'E:/GameDev/hggjam/GameJamHGGUnreal4.23.1/GameJamCrew/Saved/CheeseFactory_001_BuiltData50F1681247C97967EC27DFA9F381DB56.tmp' to 'E:/GameDev/hggjam/GameJamHGGUnreal4.23.1/GameJamCrew/Content/Levels/CheeseFactory_001_BuiltData.uasset'
[2025.09.19-14.56.58:675][200]LogEditorViewport: Clicking on Actor (LMB): StaticMeshActor (floor01_2x5)
[2025.09.19-14.57.05:872][ 60]LogEditorViewport: Clicking on Actor (LMB): StaticMeshActor (wall01_2x125)
[2025.09.19-14.57.24:730][313]LogSlate: FSceneViewport::OnFocusLost() reason 0
[2025.09.19-14.57.31:533][124]LogEditorViewport: Clicking on Actor (LMB): StaticMeshActor (wall01_2x130)
[2025.09.19-14.57.32:710][263]LogEditorViewport: Clicking on Actor (LMB): StaticMeshActor (wall01_2x131)
[2025.09.19-14.57.37:862][873]LogEditorViewport: Clicking on Actor (LMB): BP_Sky_Sphere_C (BP_Sky_Sphere)
[2025.09.19-14.57.43:793][582]LogEditorViewport: Clicking on Actor (LMB): StaticMeshActor (wall01_2x133)
[2025.09.19-14.58.18:735][759]Cmd: TRANSACTION UNDO
[2025.09.19-14.58.18:736][759]LogEditorTransaction: Undo Move Actors
[2025.09.19-14.58.34:006][586]LogEditorViewport: Clicking on Actor (LMB): StaticMeshActor (wall01_2x135)
[2025.09.19-14.58.34:342][624]LogEditorViewport: Clicking on Actor (LMB): StaticMeshActor (wall01_2x136)
[2025.09.19-14.58.39:829][277]LogEditorViewport: Clicking on Actor (LMB): StaticMeshActor (wall01_2x141)
[2025.09.19-14.58.41:328][456]LogEditorViewport: Clicking on Actor (LMB): StaticMeshActor (wall01_2x133)
[2025.09.19-14.58.47:189][146]LogEditorViewport: Clicking on Actor (LMB): BP_Sky_Sphere_C (BP_Sky_Sphere)
[2025.09.19-14.58.52:134][737]LogEditorViewport: Clicking on Actor (LMB): StaticMeshActor (wall01_2x145)
[2025.09.19-14.59.02:438][968]LogEditorViewport: Clicking on Actor (LMB): StaticMeshActor (wall01_2x141)
[2025.09.19-14.59.05:902][376]LogEditorViewport: Clicking on Actor (LMB): StaticMeshActor (floor01_2x127)
[2025.09.19-14.59.11:338][ 25]LogEditorViewport: Clicking on Actor (LMB): StaticMeshActor (wall01_2x133)
[2025.09.19-14.59.15:588][526]Cmd: TRANSACTION UNDO
[2025.09.19-14.59.15:588][526]LogEditorTransaction: Undo Move Actors
[2025.09.19-14.59.27:691][973]LogEditorViewport: Clicking on Actor (LMB): StaticMeshActor (wall01_2x144)
[2025.09.19-14.59.28:817][103]Cmd: DELETE
[2025.09.19-14.59.28:817][103]Cmd: ACTOR DELETE
[2025.09.19-14.59.28:821][103]LogEditorActor: Deleted Actor: StaticMeshActor
[2025.09.19-14.59.28:822][103]LogEditorActor: Deleted Actor: StaticMeshActor
[2025.09.19-14.59.28:841][103]LogUObjectHash: Compacting FUObjectHashTables data took   1.07ms
[2025.09.19-14.59.28:842][103]LogEditorActor: Deleted 2 Actors (0.024 secs)
[2025.09.19-14.59.29:091][133]LogEditorViewport: Clicking on Actor (LMB): StaticMeshActor (wall01_2x136)
[2025.09.19-14.59.42:599][738]LogEditorViewport: Clicking on Actor (LMB): StaticMeshActor (wall01_2x131)
[2025.09.19-14.59.49:763][594]LogEditorViewport: Clicking on Actor (LMB): StaticMeshActor (wall01_2x147)
[2025.09.19-15.00.17:634][922]LogEditorViewport: Clicking on Actor (LMB): StaticMeshActor (wall01_2x155)
[2025.09.19-15.00.19:000][ 83]LogEditorViewport: Clicking on Actor (LMB): StaticMeshActor (wall01_2x3)
[2025.09.19-15.00.19:966][195]LogEditorViewport: Clicking on Actor (LMB): StaticMeshActor (wall01_garage_arch)
[2025.09.19-15.00.32:874][734]LogEditorViewport: Clicking on Actor (LMB): StaticMeshActor (wall01_2x155)
[2025.09.19-15.00.37:195][249]LogEditorViewport: Clicking on Actor (LMB): StaticMeshActor (wall01_2x156)
[2025.09.19-15.00.38:246][373]LogEditorViewport: Clicking on Actor (LMB): StaticMeshActor (wall01_2x155)
[2025.09.19-15.00.46:167][315]LogEditorViewport: Clicking on Actor (LMB): StaticMeshActor (wall01_2x156)
[2025.09.19-15.00.49:586][723]LogEditorViewport: Clicking on Actor (LMB): StaticMeshActor (wall01_garage_arch2)
[2025.09.19-15.00.53:146][146]LogEditorViewport: Clicking on Actor (LMB): StaticMeshActor (wall01_2x155)
[2025.09.19-15.00.53:850][228]LogEditorViewport: Clicking on Actor (LMB): StaticMeshActor (wall01_garage_arch2)
[2025.09.19-15.00.57:492][662]LogEditorViewport: Clicking on Actor (LMB): StaticMeshActor (wall01_2x156)
[2025.09.19-15.01.06:191][692]LogSlate: FSceneViewport::OnFocusLost() reason 2
[2025.09.19-15.01.14:148][642]LogEditorViewport: Clicking on Actor (LMB): StaticMeshActor (wall01_garage_arch2)
[2025.09.19-15.01.19:881][327]LogEditorViewport: Clicking on Actor (LMB): StaticMeshActor (wall01_2x132)
[2025.09.19-15.01.22:897][685]LogSlate: FSceneViewport::OnFocusLost() reason 2
[2025.09.19-15.01.24:264][846]LogEditorViewport: Clicking on Actor (LMB): StaticMeshActor (wall01_2x130)
[2025.09.19-15.01.26:001][ 47]LogSlate: FSceneViewport::OnFocusLost() reason 2
[2025.09.19-15.01.28:688][365]LogEditorViewport: Clicking on Actor (LMB): StaticMeshActor (wall01_2x150)
[2025.09.19-15.01.35:835][205]LogSlate: FSceneViewport::OnFocusLost() reason 2
[2025.09.19-15.01.39:304][616]LogEditorViewport: Clicking on Actor (LMB): StaticMeshActor (wall01_2x141)
[2025.09.19-15.01.44:134][192]Cmd: TRANSACTION UNDO
[2025.09.19-15.01.44:134][192]LogEditorTransaction: Undo Clicking on Actors
[2025.09.19-15.01.44:382][214]Cmd: TRANSACTION UNDO
[2025.09.19-15.01.44:382][214]LogEditorTransaction: Undo Edit Static Mesh
[2025.09.19-15.01.44:593][231]Cmd: TRANSACTION UNDO
[2025.09.19-15.01.44:594][231]LogEditorTransaction: Undo Clicking on Actors
[2025.09.19-15.01.47:098][528]Cmd: TRANSACTION REDO
[2025.09.19-15.01.47:098][528]LogEditorTransaction: Redo Clicking on Actors
[2025.09.19-15.01.47:319][552]Cmd: TRANSACTION REDO
[2025.09.19-15.01.47:319][552]LogEditorTransaction: Redo Edit Static Mesh
[2025.09.19-15.01.47:502][573]Cmd: TRANSACTION REDO
[2025.09.19-15.01.47:502][573]LogEditorTransaction: Redo Clicking on Actors
[2025.09.19-15.01.48:381][676]LogEditorViewport: Clicking on Actor (LMB): StaticMeshActor (wall01_2x132)
[2025.09.19-15.01.49:943][855]LogSlate: FSceneViewport::OnFocusLost() reason 2
[2025.09.19-15.01.54:815][434]LogEditorViewport: Clicking on Actor (LMB): BP_Sky_Sphere_C (BP_Sky_Sphere)
[2025.09.19-15.02.04:985][651]LogEditorViewport: Clicking on Actor (LMB): StaticMeshActor (wall01_2x156)
[2025.09.19-15.02.11:730][454]LogEditorViewport: Clicking on Actor (LMB): StaticMeshActor (wall01_2x160)
[2025.09.19-15.02.15:770][933]LogEditorViewport: Clicking on Actor (LMB): StaticMeshActor (wall01_2x161)
[2025.09.19-15.02.34:742][190]Cmd: TRANSACTION UNDO
[2025.09.19-15.02.34:742][190]LogEditorTransaction: Undo Move Actors
[2025.09.19-15.02.40:341][857]LogEditorViewport: Clicking on Actor (LMB): StaticMeshActor (wall01_2x172)
[2025.09.19-15.02.41:877][ 37]Cmd: DELETE
[2025.09.19-15.02.41:877][ 37]Cmd: ACTOR DELETE
[2025.09.19-15.02.41:881][ 37]LogEditorActor: Deleted Actor: StaticMeshActor
[2025.09.19-15.02.41:881][ 37]LogEditorActor: Deleted Actor: StaticMeshActor
[2025.09.19-15.02.41:900][ 37]LogUObjectHash: Compacting FUObjectHashTables data took   0.73ms
[2025.09.19-15.02.41:900][ 37]LogEditorActor: Deleted 2 Actors (0.023 secs)
[2025.09.19-15.02.42:691][132]LogEditorViewport: Clicking on Actor (LMB): StaticMeshActor (wall01_2x170)
[2025.09.19-15.03.00:047][187]LogEditorViewport: Clicking on Actor (LMB): StaticMeshActor (floor01_2x46)
[2025.09.19-15.03.02:604][491]LogEditorViewport: Clicking on Actor (LMB): StaticMeshActor (wall01_2x161)
[2025.09.19-15.03.41:326][129]LogEditorViewport: Clicking on Actor (LMB): StaticMeshActor (wall01_2x131)
[2025.09.19-15.03.47:178][820]LogEditorViewport: Clicking on Actor (LMB): StaticMeshActor (wall01_2x132)
[2025.09.19-15.03.56:172][895]LogEditorViewport: Clicking on Actor (LMB): StaticMeshActor (wall01_2x142)
[2025.09.19-15.04.02:508][640]LogSlate: FSceneViewport::OnFocusLost() reason 2
[2025.09.19-15.04.11:766][745]LogEditorViewport: Clicking on Actor (LMB): StaticMeshActor (wall01_2x134)
[2025.09.19-15.04.21:436][890]LogEditorViewport: Clicking on Actor (LMB): StaticMeshActor (wall01_2x150)
[2025.09.19-15.04.24:411][235]Cmd: DELETE
[2025.09.19-15.04.24:411][235]Cmd: ACTOR DELETE
[2025.09.19-15.04.24:416][235]LogEditorActor: Deleted Actor: StaticMeshActor
[2025.09.19-15.04.24:416][235]LogEditorActor: Deleted Actor: StaticMeshActor
[2025.09.19-15.04.24:416][235]LogEditorActor: Deleted Actor: StaticMeshActor
[2025.09.19-15.04.24:416][235]LogEditorActor: Deleted Actor: StaticMeshActor
[2025.09.19-15.04.24:435][235]LogUObjectHash: Compacting FUObjectHashTables data took   0.81ms
[2025.09.19-15.04.24:435][235]LogEditorActor: Deleted 4 Actors (0.023 secs)
[2025.09.19-15.05.08:894][568]LogEditorViewport: Clicking on Actor (LMB): StaticMeshActor (floor01_2x46)
[2025.09.19-15.05.13:820][155]LogSlate: FSceneViewport::OnFocusLost() reason 0
[2025.09.19-15.05.23:507][312]LogEditorViewport: Clicking on Actor (LMB): StaticMeshActor (floor01_2x63)
[2025.09.19-15.05.26:072][617]Cmd: DELETE
[2025.09.19-15.05.26:072][617]Cmd: ACTOR DELETE
[2025.09.19-15.05.26:076][617]LogEditorActor: Deleted Actor: StaticMeshActor
[2025.09.19-15.05.26:096][617]LogUObjectHash: Compacting FUObjectHashTables data took   0.42ms
[2025.09.19-15.05.26:096][617]LogEditorActor: Deleted 1 Actors (0.025 secs)
[2025.09.19-15.05.26:414][655]LogEditorViewport: Clicking on Actor (LMB): StaticMeshActor (floor01_2x74)
[2025.09.19-15.05.26:528][666]Cmd: DELETE
[2025.09.19-15.05.26:528][666]Cmd: ACTOR DELETE
[2025.09.19-15.05.26:533][666]LogEditorActor: Deleted Actor: StaticMeshActor
[2025.09.19-15.05.26:551][666]LogUObjectHash: Compacting FUObjectHashTables data took   0.40ms
[2025.09.19-15.05.26:551][666]LogEditorActor: Deleted 1 Actors (0.022 secs)
[2025.09.19-15.05.26:905][708]LogEditorViewport: Clicking on Actor (LMB): StaticMeshActor (floor01_2x204)
[2025.09.19-15.05.26:995][716]Cmd: DELETE
[2025.09.19-15.05.26:995][716]Cmd: ACTOR DELETE
[2025.09.19-15.05.26:999][716]LogEditorActor: Deleted Actor: StaticMeshActor
[2025.09.19-15.05.27:019][716]LogUObjectHash: Compacting FUObjectHashTables data took   0.41ms
[2025.09.19-15.05.27:019][716]LogEditorActor: Deleted 1 Actors (0.024 secs)
[2025.09.19-15.05.29:445][  7]LogEditorViewport: Clicking on Actor (LMB): StaticMeshActor (floor01_2x46)
[2025.09.19-15.05.36:717][867]LogEditorViewport: Clicking on Actor (LMB): StaticMeshActor (floor01_2x6)
[2025.09.19-15.05.45:369][878]Cmd: TRANSACTION UNDO
[2025.09.19-15.05.45:369][878]LogEditorTransaction: Undo Move Actors
[2025.09.19-15.05.49:569][366]LogEditorViewport: Clicking on Actor (LMB): StaticMeshActor (wall01_2x132)
[2025.09.19-15.05.58:911][447]LogEditorViewport: Clicking on Actor (LMB): StaticMeshActor (wall01_2x141)
[2025.09.19-15.05.59:634][531]Cmd: TRANSACTION UNDO
[2025.09.19-15.05.59:634][531]LogEditorTransaction: Undo Clicking on Actors
[2025.09.19-15.06.06:986][389]LogSlate: FSceneViewport::OnFocusLost() reason 5
[2025.09.19-15.06.06:992][389]Cmd: OBJ SAVEPACKAGE PACKAGE="/Game/Levels/CheeseFactory_001" FILE="E:/GameDev/hggjam/GameJamHGGUnreal4.23.1/GameJamCrew/Content/Levels/CheeseFactory_001.umap" SILENT=true AUTOSAVING=false KEEPDIRTY=false
[2025.09.19-15.06.07:011][389]LogUObjectHash: Compacting FUObjectHashTables data took   0.71ms
[2025.09.19-15.06.07:142][389]LogSavePackage: Moving 'E:/GameDev/hggjam/GameJamHGGUnreal4.23.1/GameJamCrew/Saved/CheeseFactory_0013B0D2DB946890EE0B27D00832242FCB7.tmp' to 'E:/GameDev/hggjam/GameJamHGGUnreal4.23.1/GameJamCrew/Content/Levels/CheeseFactory_001.umap'
[2025.09.19-15.06.07:156][389]Cmd: OBJ SAVEPACKAGE PACKAGE="/Game/Levels/CheeseFactory_001_BuiltData" FILE="E:/GameDev/hggjam/GameJamHGGUnreal4.23.1/GameJamCrew/Content/Levels/CheeseFactory_001_BuiltData.uasset" SILENT=true
[2025.09.19-15.06.07:457][389]LogSavePackage: Moving 'E:/GameDev/hggjam/GameJamHGGUnreal4.23.1/GameJamCrew/Saved/CheeseFactory_001_BuiltData62E3AC7B49CEE2AAAA6417944615DFA5.tmp' to 'E:/GameDev/hggjam/GameJamHGGUnreal4.23.1/GameJamCrew/Content/Levels/CheeseFactory_001_BuiltData.uasset'
[2025.09.19-15.06.08:190][470]LogEditorViewport: Clicking on Actor (LMB): BP_Sky_Sphere_C (BP_Sky_Sphere)
[2025.09.19-15.06.09:994][679]LogSlate: FSceneViewport::OnFocusLost() reason 0
[2025.09.19-15.06.10:070][688]LogEditorViewport: Clicking Background
[2025.09.19-15.06.10:468][735]LogSlate: FSceneViewport::OnFocusLost() reason 5
[2025.09.19-15.06.10:475][735]Cmd: OBJ SAVEPACKAGE PACKAGE="/Game/Levels/CheeseFactory_001" FILE="E:/GameDev/hggjam/GameJamHGGUnreal4.23.1/GameJamCrew/Content/Levels/CheeseFactory_001.umap" SILENT=true AUTOSAVING=false KEEPDIRTY=false
[2025.09.19-15.06.10:494][735]LogUObjectHash: Compacting FUObjectHashTables data took   0.97ms
[2025.09.19-15.06.10:621][735]LogSavePackage: Moving 'E:/GameDev/hggjam/GameJamHGGUnreal4.23.1/GameJamCrew/Saved/CheeseFactory_001782AC7AB4222C205470BAD87E8242DDE.tmp' to 'E:/GameDev/hggjam/GameJamHGGUnreal4.23.1/GameJamCrew/Content/Levels/CheeseFactory_001.umap'
[2025.09.19-15.06.10:632][735]Cmd: OBJ SAVEPACKAGE PACKAGE="/Game/Levels/CheeseFactory_001_BuiltData" FILE="E:/GameDev/hggjam/GameJamHGGUnreal4.23.1/GameJamCrew/Content/Levels/CheeseFactory_001_BuiltData.uasset" SILENT=true
[2025.09.19-15.06.10:909][735]LogSavePackage: Moving 'E:/GameDev/hggjam/GameJamHGGUnreal4.23.1/GameJamCrew/Saved/CheeseFactory_001_BuiltData43DBD3424BCA7FB0632244BC2F523C39.tmp' to 'E:/GameDev/hggjam/GameJamHGGUnreal4.23.1/GameJamCrew/Content/Levels/CheeseFactory_001_BuiltData.uasset'
[2025.09.19-15.06.16:806][441]LogEditorViewport: Clicking on Actor (LMB): StaticMeshActor (pillar01_half4)
[2025.09.19-15.06.20:751][906]Cmd: EDIT COPY
[2025.09.19-15.06.21:274][968]Cmd: EDIT PASTE
[2025.09.19-15.06.22:586][123]Cmd: TRANSACTION UNDO
[2025.09.19-15.06.22:586][123]LogEditorTransaction: Undo Paste
[2025.09.19-15.06.24:185][310]Cmd: TRANSACTION UNDO
[2025.09.19-15.06.24:185][310]LogEditorTransaction: Undo Clicking on Actors
[2025.09.19-15.06.25:193][428]LogEditorViewport: Clicking on Actor (LMB): StaticMeshActor (pillar01_half10)
[2025.09.19-15.06.28:021][760]Cmd: TRANSACTION UNDO
[2025.09.19-15.06.28:021][760]LogEditorTransaction: Undo Move Actors
[2025.09.19-15.06.37:499][888]LogSlate: FSceneViewport::OnFocusLost() reason 0
[2025.09.19-15.07.04:336][ 88]LogEditorViewport: Clicking on Actor (LMB): StaticMeshActor (pillar01_half25)
[2025.09.19-15.07.05:221][191]Cmd: TRANSACTION UNDO
[2025.09.19-15.07.05:221][191]LogEditorTransaction: Undo Clicking on Actors
[2025.09.19-15.07.07:009][387]LogEditorViewport: Clicking on Actor (LMB): StaticMeshActor (pillar01_half24)
[2025.09.19-15.07.07:497][443]Cmd: TRANSACTION UNDO
[2025.09.19-15.07.07:497][443]LogEditorTransaction: Undo Clicking on Actors
[2025.09.19-15.07.14:059][221]LogEditorViewport: Clicking on Actor (LMB): StaticMeshActor (floor01_2x121)
[2025.09.19-15.07.15:522][392]LogEditorViewport: Clicking on Actor (LMB): StaticMeshActor (pillar01_half24)
[2025.09.19-15.07.23:078][284]LogEditorViewport: Clicking on Actor (LMB): StaticMeshActor (pillar01_half26)
[2025.09.19-15.07.34:279][606]LogEditorViewport: Clicking on Actor (LMB): StaticMeshActor (wall01_2x155)
[2025.09.19-15.07.36:922][919]LogEditorViewport: Clicking on Actor (LMB): StaticMeshActor (pillar01_half26)
[2025.09.19-15.07.43:257][663]LogEditorViewport: Clicking on Actor (LMB): StaticMeshActor (pillar01_half27)
[2025.09.19-15.07.44:781][841]LogEditorViewport: Clicking on Actor (LMB): StaticMeshActor (pillar01_half24)
[2025.09.19-15.08.01:153][783]LogEditorViewport: Clicking on Actor (LMB): StaticMeshActor (pillar01_half33)
[2025.09.19-15.08.13:339][233]LogEditorViewport: Clicking on Actor (LMB): StaticMeshActor (wall01_2x143)
[2025.09.19-15.08.16:693][632]LogEditorViewport: Clicking on Actor (LMB): StaticMeshActor (pillar01_half34)
[2025.09.19-15.08.21:393][190]LogEditorViewport: Clicking on Actor (LMB): StaticMeshActor (pillar01_half32)
[2025.09.19-15.08.24:978][614]LogEditorViewport: Clicking on Actor (LMB): StaticMeshActor (wall01_2x133)
[2025.09.19-15.08.26:273][766]LogEditorViewport: Clicking on Actor (LMB): StaticMeshActor (pillar01_half34)
[2025.09.19-15.08.29:458][140]LogEditorViewport: Clicking on Actor (LMB): StaticMeshActor (floor01_2x63)
[2025.09.19-15.08.31:397][368]LogEditorViewport: Clicking on Actor (LMB): StaticMeshActor (pillar01_half32)
[2025.09.19-15.08.37:341][ 74]LogEditorViewport: Clicking on Actor (LMB): StaticMeshActor (pillar01_half34)
[2025.09.19-15.08.41:512][568]LogEditorViewport: Clicking on Actor (LMB): StaticMeshActor (wall01_2x133)
[2025.09.19-15.08.50:133][599]LogEditorViewport: Clicking on Actor (LMB): StaticMeshActor (pillar01_half33)
[2025.09.19-15.08.54:674][135]Cmd: TRANSACTION UNDO
[2025.09.19-15.08.54:674][135]LogEditorTransaction: Undo Move Actors
[2025.09.19-15.08.56:564][359]LogEditorViewport: Clicking on Actor (LMB): StaticMeshActor (pillar01_half35)
[2025.09.19-15.09.04:250][274]Cmd: TRANSACTION UNDO
[2025.09.19-15.09.04:250][274]LogEditorTransaction: Undo Move Actors
[2025.09.19-15.09.04:688][320]Cmd: TRANSACTION UNDO
[2025.09.19-15.09.04:688][320]LogEditorTransaction: Undo Clicking on Actors
[2025.09.19-15.09.04:974][351]Cmd: TRANSACTION UNDO
[2025.09.19-15.09.04:974][351]LogEditorTransaction: Undo Clicking on Actors
[2025.09.19-15.09.05:380][398]Cmd: TRANSACTION UNDO
[2025.09.19-15.09.05:380][398]LogEditorTransaction: Undo Move Actors
[2025.09.19-15.09.06:239][500]LogSlate: FSceneViewport::OnFocusLost() reason 5
[2025.09.19-15.09.06:245][500]Cmd: OBJ SAVEPACKAGE PACKAGE="/Game/Levels/CheeseFactory_001" FILE="E:/GameDev/hggjam/GameJamHGGUnreal4.23.1/GameJamCrew/Content/Levels/CheeseFactory_001.umap" SILENT=true AUTOSAVING=false KEEPDIRTY=false
[2025.09.19-15.09.06:264][500]LogUObjectHash: Compacting FUObjectHashTables data took   1.04ms
[2025.09.19-15.09.06:398][500]LogSavePackage: Moving 'E:/GameDev/hggjam/GameJamHGGUnreal4.23.1/GameJamCrew/Saved/CheeseFactory_00114C5762A44D1342C535960A5580C3359.tmp' to 'E:/GameDev/hggjam/GameJamHGGUnreal4.23.1/GameJamCrew/Content/Levels/CheeseFactory_001.umap'
[2025.09.19-15.09.06:411][500]Cmd: OBJ SAVEPACKAGE PACKAGE="/Game/Levels/CheeseFactory_001_BuiltData" FILE="E:/GameDev/hggjam/GameJamHGGUnreal4.23.1/GameJamCrew/Content/Levels/CheeseFactory_001_BuiltData.uasset" SILENT=true
[2025.09.19-15.09.06:687][500]LogSavePackage: Moving 'E:/GameDev/hggjam/GameJamHGGUnreal4.23.1/GameJamCrew/Saved/CheeseFactory_001_BuiltData936251DA41B2F53DA56CC6B25B07521D.tmp' to 'E:/GameDev/hggjam/GameJamHGGUnreal4.23.1/GameJamCrew/Content/Levels/CheeseFactory_001_BuiltData.uasset'
[2025.09.19-15.09.07:906][642]LogSlate: FSceneViewport::OnFocusLost() reason 0
[2025.09.19-15.09.07:972][650]LogEditorViewport: Clicking Background
[2025.09.19-15.09.08:201][677]LogSlate: FSceneViewport::OnFocusLost() reason 0
[2025.09.19-15.09.11:630][ 87]LogEditorViewport: Clicking on Actor (LMB): StaticMeshActor (floor01_2x45)
[2025.09.19-15.09.12:875][233]LogEditorViewport: Clicking on Actor (LMB): StaticMeshActor (floor01_2x2)
[2025.09.19-15.09.13:827][342]Cmd: DELETE
[2025.09.19-15.09.13:827][342]Cmd: ACTOR DELETE
[2025.09.19-15.09.13:832][342]LogEditorActor: Deleted Actor: StaticMeshActor
[2025.09.19-15.09.13:832][342]LogEditorActor: Deleted Actor: StaticMeshActor
[2025.09.19-15.09.13:851][342]LogUObjectHash: Compacting FUObjectHashTables data took   0.95ms
[2025.09.19-15.09.13:851][342]LogEditorActor: Deleted 2 Actors (0.025 secs)
[2025.09.19-15.09.14:138][376]LogEditorViewport: Clicking on Actor (LMB): StaticMeshActor (floor01_2x7)
[2025.09.19-15.09.17:918][819]LogSlate: FSceneViewport::OnFocusLost() reason 5
[2025.09.19-15.09.17:924][819]Cmd: OBJ SAVEPACKAGE PACKAGE="/Game/Levels/CheeseFactory_001" FILE="E:/GameDev/hggjam/GameJamHGGUnreal4.23.1/GameJamCrew/Content/Levels/CheeseFactory_001.umap" SILENT=true AUTOSAVING=false KEEPDIRTY=false
[2025.09.19-15.09.17:944][819]LogUObjectHash: Compacting FUObjectHashTables data took   0.73ms
[2025.09.19-15.09.18:074][819]LogSavePackage: Moving 'E:/GameDev/hggjam/GameJamHGGUnreal4.23.1/GameJamCrew/Saved/CheeseFactory_001E85C5A06454693C705FA0684456E2ED6.tmp' to 'E:/GameDev/hggjam/GameJamHGGUnreal4.23.1/GameJamCrew/Content/Levels/CheeseFactory_001.umap'
[2025.09.19-15.09.18:085][819]Cmd: OBJ SAVEPACKAGE PACKAGE="/Game/Levels/CheeseFactory_001_BuiltData" FILE="E:/GameDev/hggjam/GameJamHGGUnreal4.23.1/GameJamCrew/Content/Levels/CheeseFactory_001_BuiltData.uasset" SILENT=true
[2025.09.19-15.09.18:364][819]LogSavePackage: Moving 'E:/GameDev/hggjam/GameJamHGGUnreal4.23.1/GameJamCrew/Saved/CheeseFactory_001_BuiltData9F6B5C1C4FC151C1659DDB9224C745CA.tmp' to 'E:/GameDev/hggjam/GameJamHGGUnreal4.23.1/GameJamCrew/Content/Levels/CheeseFactory_001_BuiltData.uasset'
[2025.09.19-15.09.35:866][915]LogSlate: FSceneViewport::OnFocusLost() reason 2
[2025.09.19-15.09.38:054][176]MapCheck: New page: Map Check
[2025.09.19-15.09.38:063][176]LogSlate: FSceneViewport::OnFocusLost() reason 5
[2025.09.19-15.09.38:065][176]LightingResults: New page: Lighting Build - Sep 19, 2025, 9:09:38 PM
[2025.09.19-15.09.38:070][176]LogSwarmInterface: [OpenConnection] Registering TCP channel ...
[2025.09.19-15.09.38:073][176]LogSwarmInterface: [OpenConnection] Connecting to agent ...
[2025.09.19-15.09.38:073][176]LogSwarmInterface: [TryOpenConnection] Testing the Agent
[2025.09.19-15.09.38:074][176]LogSwarmInterface: [TryOpenConnection] Opening Connection to Agent
[2025.09.19-15.09.38:074][176]LogSwarmInterface: [TryOpenConnection] Local Process ID is 3812
[2025.09.19-15.09.42:647][176]LogStaticLightingSystem: Running Lightmass w/ ImmediateImport mode ENABLED
[2025.09.19-15.09.42:647][176]LogStaticLightingSystem: Running Lightmass w/ ImmediateProcess mode ENABLED
[2025.09.19-15.09.42:647][176]LogStaticLightingSystem: Running Lightmass w/ Sorting mode ENABLED
[2025.09.19-15.09.42:647][176]LogStaticLightingSystem: Running Lightmass w/ Mapping paddings ENABLED
[2025.09.19-15.09.42:647][176]LogStaticLightingSystem: Running Lightmass w/ Mapping debug paddings DISABLED
[2025.09.19-15.09.42:712][176]LogEditorBuildUtils: Build time 0:04
[2025.09.19-15.09.42:754][177]LogUObjectHash: Compacting FUObjectHashTables data took   1.13ms
[2025.09.19-15.10.09:453][673]Job is a success!
[2025.09.19-15.10.09:478][675]LogSlate: FSceneViewport::OnFocusLost() reason 5
[2025.09.19-15.10.09:510][675]LogVolumetricLightmapImport: Imported Volumetric Lightmap in 0.003s
[2025.09.19-15.10.09:510][675]LogVolumetricLightmapImport:      Indirection Texture 16x16x16 = 0.0Mb
[2025.09.19-15.10.09:510][675]LogVolumetricLightmapImport:      BrickData 100x5x5 = 0.1Mb
[2025.09.19-15.10.09:510][675]LogVolumetricLightmapImport:      Bricks at Level
[2025.09.19-15.10.09:510][675]LogVolumetricLightmapImport:          0: 5.0% covering 100.0% of volume
[2025.09.19-15.10.09:510][675]LogVolumetricLightmapImport:          1: 5.0% covering 1.6% of volume
[2025.09.19-15.10.09:510][675]LogVolumetricLightmapImport:          2: 90.0% covering 0.4% of volume
[2025.09.19-15.10.10:981][675]LogTexture: Display: Building textures: HQ_Lightmap1_1 (AutoDXT, 1024X1024)
[2025.09.19-15.10.10:981][675]LogTexture: Display: Building textures: LQ_Lightmap_1_1 (DXT1, 1024X1024)
[2025.09.19-15.10.10:981][675]LogTexture: Display: Building textures: HQ_Lightmap0_2 (AutoDXT, 1024X1024)
[2025.09.19-15.10.10:981][675]LogTexture: Display: Building textures: LQ_Lightmap_0_2 (DXT1, 1024X1024)
[2025.09.19-15.10.10:981][675]LogTexture: Display: Building textures: HQ_Lightmap0_3 (AutoDXT, 1024X1024)
[2025.09.19-15.10.10:981][675]LogTexture: Display: Building textures: LQ_Lightmap_0_3 (DXT1, 1024X1024)
[2025.09.19-15.10.10:981][675]LogTexture: Display: Building textures: HQ_Lightmap1_4 (AutoDXT, 1024X1024)
[2025.09.19-15.10.10:981][675]LogTexture: Display: Building textures: LQ_Lightmap_1_4 (DXT1, 1024X1024)
[2025.09.19-15.10.10:981][675]LogTexture: Display: Building textures: HQ_Lightmap0_5 (AutoDXT, 1024X1024)
[2025.09.19-15.10.10:981][675]LogTexture: Display: Building textures: LQ_Lightmap_0_5 (DXT1, 1024X1024)
[2025.09.19-15.10.10:981][675]LogTexture: Display: Building textures: HQ_Lightmap1_6 (AutoDXT, 1024X1024)
[2025.09.19-15.10.10:981][675]LogTexture: Display: Building textures: LQ_Lightmap_1_6 (DXT1, 1024X1024)
[2025.09.19-15.10.10:981][675]LogTexture: Display: Building textures: HQ_Lightmap1_7 (AutoDXT, 1024X1024)
[2025.09.19-15.10.10:981][675]LogTexture: Display: Building textures: LQ_Lightmap_1_7 (DXT1, 1024X1024)
[2025.09.19-15.10.10:981][675]LogTexture: Display: Building textures: HQ_Lightmap0_8 (AutoDXT, 1024X1024)
[2025.09.19-15.10.10:981][675]LogTexture: Display: Building textures: LQ_Lightmap_0_8 (DXT1, 1024X1024)
[2025.09.19-15.10.10:981][675]LogTexture: Display: Building textures: HQ_Lightmap0_9 (AutoDXT, 1024X1024)
[2025.09.19-15.10.10:981][675]LogTexture: Display: Building textures: LQ_Lightmap_0_9 (DXT1, 1024X1024)
[2025.09.19-15.10.10:981][675]LogTexture: Display: Building textures: HQ_Lightmap0_10 (AutoDXT, 1024X1024)
[2025.09.19-15.10.10:981][675]LogTexture: Display: Building textures: LQ_Lightmap_0_10 (DXT1, 1024X1024)
[2025.09.19-15.10.10:981][675]LogTexture: Display: Building textures: HQ_Lightmap0_11 (AutoDXT, 1024X1024)
[2025.09.19-15.10.10:981][675]LogTexture: Display: Building textures: LQ_Lightmap_0_11 (DXT1, 1024X1024)
[2025.09.19-15.10.10:981][675]LogTexture: Display: Building textures: HQ_Lightmap0_12 (AutoDXT, 1024X1024)
[2025.09.19-15.10.10:981][675]LogTexture: Display: Building textures: LQ_Lightmap_0_12 (DXT1, 1024X1024)
[2025.09.19-15.10.10:981][675]LogTexture: Display: Building textures: HQ_Lightmap0_13 (AutoDXT, 1024X1024)
[2025.09.19-15.10.10:981][675]LogTexture: Display: Building textures: LQ_Lightmap_0_13 (DXT1, 1024X1024)
[2025.09.19-15.10.10:981][675]LogTexture: Display: Building textures: HQ_Lightmap0_14 (AutoDXT, 1024X1024)
[2025.09.19-15.10.10:981][675]LogTexture: Display: Building textures: LQ_Lightmap_0_14 (DXT1, 1024X1024)
[2025.09.19-15.10.10:981][675]LogTexture: Display: Building textures: HQ_Lightmap0_15 (AutoDXT, 1024X1024)
[2025.09.19-15.10.10:981][675]LogTexture: Display: Building textures: LQ_Lightmap_0_15 (DXT1, 1024X1024)
[2025.09.19-15.10.10:981][675]LogTexture: Display: Building textures: HQ_Lightmap0_16 (AutoDXT, 64X64)
[2025.09.19-15.10.10:981][675]LogTexture: Display: Building textures: LQ_Lightmap_0_16 (DXT1, 64X64)
[2025.09.19-15.10.11:122][675]LogTexture: Display: Building textures: ShadowMapTexture2D_109 (G8, 32X32)
[2025.09.19-15.10.11:122][675]LogTexture: Display: Building textures: ShadowMapTexture2D_108 (G8, 1024X512)
[2025.09.19-15.10.11:122][675]LogTexture: Display: Building textures: ShadowMapTexture2D_104 (G8, 1024X1024)
[2025.09.19-15.10.11:122][675]LogTexture: Display: Building textures: ShadowMapTexture2D_107 (G8, 1024X1024)
[2025.09.19-15.10.11:122][675]LogTexture: Display: Building textures: ShadowMapTexture2D_106 (G8, 1024X1024)
[2025.09.19-15.10.11:122][675]LogTexture: Display: Building textures: ShadowMapTexture2D_103 (G8, 1024X1024)
[2025.09.19-15.10.11:122][675]LogTexture: Display: Building textures: ShadowMapTexture2D_105 (G8, 1024X1024)
[2025.09.19-15.10.11:133][675]LogStaticLightingSystem: CheeseFactory_001_BuiltData storing lightmap data for 571 meshes in 36 LightmapResourceClusters (15.9 Meshes per cluster).
[2025.09.19-15.10.11:156][675]LogUObjectHash: Compacting FUObjectHashTables data took   0.92ms
[2025.09.19-15.10.11:157][675]Lightmass on CECOMAIN: 28.1 sec total, 62 ms importing, 13 ms setup, 2.40 sec photons, 25.6 sec processing, 0 ms extra exporting [571/571 mappings]. Threads: 6:24 min total, 4:23 min processing.
[2025.09.19-15.10.11:162][675]LogStaticLightingSystem: Illumination: 33.0 sec (1.16 sec encoding lightmaps, 128 ms encoding shadowmaps)
[2025.09.19-15.10.11:162][675]LogStaticLightingSystem: Lightmap texture memory:  30.0 MB (30.0 MB streaming, 0.0 MB non-streaming), 32 textures
[2025.09.19-15.10.11:162][675]LogStaticLightingSystem: Shadowmap texture memory: 7.3 MB (7.3 MB streaming, 0.0 MB non-streaming), 7 textures
[2025.09.19-15.10.11:677][675]DumpUnbuiltLightIteractions
[2025.09.19-15.10.11:677][675]Lights with unbuilt interactions: 0
[2025.09.19-15.10.11:677][675]
[2025.09.19-15.10.11:677][675]Primitives with unbuilt interactions: 0
[2025.09.19-15.10.11:683][675]LogSlate: FSceneViewport::OnFocusLost() reason 5
[2025.09.19-15.10.11:731][676]Cmd: MAP CHECK NOTIFYRESULTS
[2025.09.19-15.10.11:731][676]MapCheck: New page: CheeseFactory_001 - Sep 19, 2025, 9:10:11 PM
[2025.09.19-15.10.11:733][676]MapCheck: Map check complete: 0 Error(s), 0 Warning(s), took 1.628ms to complete.
[2025.09.19-15.10.44:232][575]LogEditorViewport: Clicking on Actor (LMB): StaticMeshActor (floor01_2x25)
[2025.09.19-15.10.49:480][201]LogEditorViewport: Clicking on Actor (LMB): StaticMeshActor (wall01_2x16)
[2025.09.19-15.10.57:496][159]LogSlate: FSceneViewport::OnFocusLost() reason 5
[2025.09.19-15.10.57:502][159]Cmd: OBJ SAVEPACKAGE PACKAGE="/Game/Levels/CheeseFactory_001" FILE="E:/GameDev/hggjam/GameJamHGGUnreal4.23.1/GameJamCrew/Content/Levels/CheeseFactory_001.umap" SILENT=true AUTOSAVING=false KEEPDIRTY=false
[2025.09.19-15.10.57:521][159]LogUObjectHash: Compacting FUObjectHashTables data took   0.53ms
[2025.09.19-15.10.57:654][159]LogSavePackage: Moving 'E:/GameDev/hggjam/GameJamHGGUnreal4.23.1/GameJamCrew/Saved/CheeseFactory_001EC0B772F4332E53B0902278B8A3080F4.tmp' to 'E:/GameDev/hggjam/GameJamHGGUnreal4.23.1/GameJamCrew/Content/Levels/CheeseFactory_001.umap'
[2025.09.19-15.10.57:665][159]Cmd: OBJ SAVEPACKAGE PACKAGE="/Game/Levels/CheeseFactory_001_BuiltData" FILE="E:/GameDev/hggjam/GameJamHGGUnreal4.23.1/GameJamCrew/Content/Levels/CheeseFactory_001_BuiltData.uasset" SILENT=true
[2025.09.19-15.10.58:074][159]LogSavePackage: Moving 'E:/GameDev/hggjam/GameJamHGGUnreal4.23.1/GameJamCrew/Saved/CheeseFactory_001_BuiltDataC9CB690C48131190B86BA9BFD4446445.tmp' to 'E:/GameDev/hggjam/GameJamHGGUnreal4.23.1/GameJamCrew/Content/Levels/CheeseFactory_001_BuiltData.uasset'
[2025.09.19-15.10.58:679][230]LogEditorViewport: Clicking on Actor (LMB): StaticMeshActor (floor01_2x60)
[2025.09.19-15.11.03:053][751]LogSlate: FSceneViewport::OnFocusLost() reason 5
[2025.09.19-15.11.03:058][751]Cmd: OBJ SAVEPACKAGE PACKAGE="/Game/Levels/CheeseFactory_001" FILE="E:/GameDev/hggjam/GameJamHGGUnreal4.23.1/GameJamCrew/Content/Levels/CheeseFactory_001.umap" SILENT=true AUTOSAVING=false KEEPDIRTY=false
[2025.09.19-15.11.03:080][751]LogUObjectHash: Compacting FUObjectHashTables data took   0.92ms
[2025.09.19-15.11.03:208][751]LogSavePackage: Moving 'E:/GameDev/hggjam/GameJamHGGUnreal4.23.1/GameJamCrew/Saved/CheeseFactory_0018692B91F489E8CCB8F36688644F6EA3F.tmp' to 'E:/GameDev/hggjam/GameJamHGGUnreal4.23.1/GameJamCrew/Content/Levels/CheeseFactory_001.umap'
[2025.09.19-15.11.03:220][751]Cmd: OBJ SAVEPACKAGE PACKAGE="/Game/Levels/CheeseFactory_001_BuiltData" FILE="E:/GameDev/hggjam/GameJamHGGUnreal4.23.1/GameJamCrew/Content/Levels/CheeseFactory_001_BuiltData.uasset" SILENT=true
[2025.09.19-15.11.03:628][751]LogSavePackage: Moving 'E:/GameDev/hggjam/GameJamHGGUnreal4.23.1/GameJamCrew/Saved/CheeseFactory_001_BuiltDataFCA3F09647D24CA23485C0AA1B3D3F59.tmp' to 'E:/GameDev/hggjam/GameJamHGGUnreal4.23.1/GameJamCrew/Content/Levels/CheeseFactory_001_BuiltData.uasset'
[2025.09.19-15.12.42:753][641]LogSlate: FSceneViewport::OnFocusLost() reason 5
[2025.09.19-15.12.46:278][ 63]LogSlate: FSceneViewport::OnFocusLost() reason 5
[2025.09.19-15.12.46:747][118]LogSlate: FSceneViewport::OnFocusLost() reason 5
[2025.09.19-15.12.49:991][505]MapCheck: New page: Map Check
[2025.09.19-15.12.50:000][505]LightingResults: New page: Lighting Build - Sep 19, 2025, 9:12:50 PM
[2025.09.19-15.12.50:005][505]LogSwarmInterface: [OpenConnection] Registering TCP channel ...
[2025.09.19-15.12.50:007][505]LogSwarmInterface: [OpenConnection] Connecting to agent ...
[2025.09.19-15.12.50:007][505]LogSwarmInterface: [TryOpenConnection] Testing the Agent
[2025.09.19-15.12.50:008][505]LogSwarmInterface: [TryOpenConnection] Opening Connection to Agent
[2025.09.19-15.12.50:008][505]LogSwarmInterface: [TryOpenConnection] Local Process ID is 3812
[2025.09.19-15.12.54:570][505]LogStaticLightingSystem: Running Lightmass w/ ImmediateImport mode ENABLED
[2025.09.19-15.12.54:570][505]LogStaticLightingSystem: Running Lightmass w/ ImmediateProcess mode ENABLED
[2025.09.19-15.12.54:570][505]LogStaticLightingSystem: Running Lightmass w/ Sorting mode ENABLED
[2025.09.19-15.12.54:570][505]LogStaticLightingSystem: Running Lightmass w/ Mapping paddings ENABLED
[2025.09.19-15.12.54:570][505]LogStaticLightingSystem: Running Lightmass w/ Mapping debug paddings DISABLED
[2025.09.19-15.12.54:633][505]LogEditorBuildUtils: Build time 0:04
[2025.09.19-15.12.54:674][506]LogUObjectHash: Compacting FUObjectHashTables data took   1.07ms
[2025.09.19-15.13.20:423][913]Job is a success!
[2025.09.19-15.13.20:480][915]LogVolumetricLightmapImport: Imported Volumetric Lightmap in 0.003s
[2025.09.19-15.13.20:480][915]LogVolumetricLightmapImport:      Indirection Texture 16x16x16 = 0.0Mb
[2025.09.19-15.13.20:480][915]LogVolumetricLightmapImport:      BrickData 100x5x5 = 0.1Mb
[2025.09.19-15.13.20:480][915]LogVolumetricLightmapImport:      Bricks at Level
[2025.09.19-15.13.20:480][915]LogVolumetricLightmapImport:          0: 5.0% covering 100.0% of volume
[2025.09.19-15.13.20:480][915]LogVolumetricLightmapImport:          1: 5.0% covering 1.6% of volume
[2025.09.19-15.13.20:480][915]LogVolumetricLightmapImport:          2: 90.0% covering 0.4% of volume
[2025.09.19-15.13.21:945][915]LogTexture: Display: Building textures: HQ_Lightmap0_1 (AutoDXT, 1024X1024)
[2025.09.19-15.13.21:945][915]LogTexture: Display: Building textures: LQ_Lightmap_0_1 (DXT1, 1024X1024)
[2025.09.19-15.13.21:945][915]LogTexture: Display: Building textures: HQ_Lightmap1_2 (AutoDXT, 1024X1024)
[2025.09.19-15.13.21:945][915]LogTexture: Display: Building textures: LQ_Lightmap_1_2 (DXT1, 1024X1024)
[2025.09.19-15.13.21:945][915]LogTexture: Display: Building textures: HQ_Lightmap1_3 (AutoDXT, 1024X1024)
[2025.09.19-15.13.21:945][915]LogTexture: Display: Building textures: LQ_Lightmap_1_3 (DXT1, 1024X1024)
[2025.09.19-15.13.21:945][915]LogTexture: Display: Building textures: HQ_Lightmap0_4 (AutoDXT, 1024X1024)
[2025.09.19-15.13.21:945][915]LogTexture: Display: Building textures: LQ_Lightmap_0_4 (DXT1, 1024X1024)
[2025.09.19-15.13.21:945][915]LogTexture: Display: Building textures: HQ_Lightmap1_5 (AutoDXT, 1024X1024)
[2025.09.19-15.13.21:945][915]LogTexture: Display: Building textures: LQ_Lightmap_1_5 (DXT1, 1024X1024)
[2025.09.19-15.13.21:945][915]LogTexture: Display: Building textures: HQ_Lightmap0_6 (AutoDXT, 1024X1024)
[2025.09.19-15.13.21:945][915]LogTexture: Display: Building textures: LQ_Lightmap_0_6 (DXT1, 1024X1024)
[2025.09.19-15.13.21:945][915]LogTexture: Display: Building textures: HQ_Lightmap0_7 (AutoDXT, 1024X1024)
[2025.09.19-15.13.21:945][915]LogTexture: Display: Building textures: LQ_Lightmap_0_7 (DXT1, 1024X1024)
[2025.09.19-15.13.21:945][915]LogTexture: Display: Building textures: HQ_Lightmap1_8 (AutoDXT, 1024X1024)
[2025.09.19-15.13.21:945][915]LogTexture: Display: Building textures: LQ_Lightmap_1_8 (DXT1, 1024X1024)
[2025.09.19-15.13.21:945][915]LogTexture: Display: Building textures: HQ_Lightmap1_9 (AutoDXT, 1024X1024)
[2025.09.19-15.13.21:945][915]LogTexture: Display: Building textures: LQ_Lightmap_1_9 (DXT1, 1024X1024)
[2025.09.19-15.13.21:945][915]LogTexture: Display: Building textures: HQ_Lightmap1_10 (AutoDXT, 1024X1024)
[2025.09.19-15.13.21:945][915]LogTexture: Display: Building textures: LQ_Lightmap_1_10 (DXT1, 1024X1024)
[2025.09.19-15.13.21:945][915]LogTexture: Display: Building textures: HQ_Lightmap1_11 (AutoDXT, 1024X1024)
[2025.09.19-15.13.21:945][915]LogTexture: Display: Building textures: LQ_Lightmap_1_11 (DXT1, 1024X1024)
[2025.09.19-15.13.21:945][915]LogTexture: Display: Building textures: HQ_Lightmap1_12 (AutoDXT, 1024X1024)
[2025.09.19-15.13.21:945][915]LogTexture: Display: Building textures: LQ_Lightmap_1_12 (DXT1, 1024X1024)
[2025.09.19-15.13.21:945][915]LogTexture: Display: Building textures: HQ_Lightmap1_13 (AutoDXT, 1024X1024)
[2025.09.19-15.13.21:945][915]LogTexture: Display: Building textures: LQ_Lightmap_1_13 (DXT1, 1024X1024)
[2025.09.19-15.13.21:945][915]LogTexture: Display: Building textures: HQ_Lightmap1_14 (AutoDXT, 1024X1024)
[2025.09.19-15.13.21:945][915]LogTexture: Display: Building textures: LQ_Lightmap_1_14 (DXT1, 1024X1024)
[2025.09.19-15.13.21:945][915]LogTexture: Display: Building textures: HQ_Lightmap1_15 (AutoDXT, 1024X1024)
[2025.09.19-15.13.21:945][915]LogTexture: Display: Building textures: LQ_Lightmap_1_15 (DXT1, 1024X1024)
[2025.09.19-15.13.21:945][915]LogTexture: Display: Building textures: HQ_Lightmap1_16 (AutoDXT, 64X64)
[2025.09.19-15.13.21:945][915]LogTexture: Display: Building textures: LQ_Lightmap_1_16 (DXT1, 64X64)
[2025.09.19-15.13.22:074][915]LogTexture: Display: Building textures: ShadowMapTexture2D_116 (G8, 32X32)
[2025.09.19-15.13.22:074][915]LogTexture: Display: Building textures: ShadowMapTexture2D_115 (G8, 1024X512)
[2025.09.19-15.13.22:074][915]LogTexture: Display: Building textures: ShadowMapTexture2D_114 (G8, 1024X1024)
[2025.09.19-15.13.22:074][915]LogTexture: Display: Building textures: ShadowMapTexture2D_110 (G8, 1024X1024)
[2025.09.19-15.13.22:074][915]LogTexture: Display: Building textures: ShadowMapTexture2D_111 (G8, 1024X1024)
[2025.09.19-15.13.22:074][915]LogTexture: Display: Building textures: ShadowMapTexture2D_112 (G8, 1024X1024)
[2025.09.19-15.13.22:074][915]LogTexture: Display: Building textures: ShadowMapTexture2D_113 (G8, 1024X1024)
[2025.09.19-15.13.22:085][915]Lightmass on CECOMAIN: 27.2 sec total, 61 ms importing, 15 ms setup, 2.10 sec photons, 24.9 sec processing, 0 ms extra exporting [571/571 mappings]. Threads: 6:14 min total, 4:16 min processing.
[2025.09.19-15.13.22:087][915]LogStaticLightingSystem: CheeseFactory_001_BuiltData storing lightmap data for 571 meshes in 36 LightmapResourceClusters (15.9 Meshes per cluster).
[2025.09.19-15.13.22:112][915]LogUObjectHash: Compacting FUObjectHashTables data took   0.93ms
[2025.09.19-15.13.22:119][915]LogStaticLightingSystem: Illumination: 32.1 sec (1.16 sec encoding lightmaps, 121 ms encoding shadowmaps)
[2025.09.19-15.13.22:119][915]LogStaticLightingSystem: Lightmap texture memory:  30.0 MB (30.0 MB streaming, 0.0 MB non-streaming), 32 textures
[2025.09.19-15.13.22:119][915]LogStaticLightingSystem: Shadowmap texture memory: 7.3 MB (7.3 MB streaming, 0.0 MB non-streaming), 7 textures
[2025.09.19-15.13.22:604][915]DumpUnbuiltLightIteractions
[2025.09.19-15.13.22:604][915]Lights with unbuilt interactions: 0
[2025.09.19-15.13.22:604][915]
[2025.09.19-15.13.22:604][915]Primitives with unbuilt interactions: 0
[2025.09.19-15.13.22:663][916]Cmd: MAP CHECK NOTIFYRESULTS
[2025.09.19-15.13.22:663][916]MapCheck: New page: CheeseFactory_001 - Sep 19, 2025, 9:13:22 PM
[2025.09.19-15.13.22:665][916]MapCheck: Map check complete: 0 Error(s), 0 Warning(s), took 1.67ms to complete.
[2025.09.19-15.14.12:434][886]LogSlate: FSceneViewport::OnFocusLost() reason 5
[2025.09.19-15.14.17:639][510]LogSlate: FSceneViewport::OnFocusLost() reason 5
[2025.09.19-15.14.18:146][570]LogSlate: FSceneViewport::OnFocusLost() reason 5
[2025.09.19-15.14.18:212][577]LogSlate: FSceneViewport::OnFocusLost() reason 5
[2025.09.19-15.14.19:777][764]LogSlate: FSceneViewport::OnFocusLost() reason 5
[2025.09.19-15.14.42:794][525]LogEditorViewport: Clicking on Actor (LMB): BP_Sky_Sphere_C (BP_Sky_Sphere)
[2025.09.19-15.15.23:581][ 59]LogSlate: FSceneViewport::OnFocusLost() reason 5
[2025.09.19-15.15.23:587][ 59]Cmd: OBJ SAVEPACKAGE PACKAGE="/Game/Levels/CheeseFactory_001" FILE="E:/GameDev/hggjam/GameJamHGGUnreal4.23.1/GameJamCrew/Content/Levels/CheeseFactory_001.umap" SILENT=true AUTOSAVING=false KEEPDIRTY=false
[2025.09.19-15.15.23:605][ 59]LogUObjectHash: Compacting FUObjectHashTables data took   0.41ms
[2025.09.19-15.15.23:739][ 59]LogSavePackage: Moving 'E:/GameDev/hggjam/GameJamHGGUnreal4.23.1/GameJamCrew/Saved/CheeseFactory_0019655AB77485832E4D557D9A708B86541.tmp' to 'E:/GameDev/hggjam/GameJamHGGUnreal4.23.1/GameJamCrew/Content/Levels/CheeseFactory_001.umap'
[2025.09.19-15.15.23:750][ 59]Cmd: OBJ SAVEPACKAGE PACKAGE="/Game/Levels/CheeseFactory_001_BuiltData" FILE="E:/GameDev/hggjam/GameJamHGGUnreal4.23.1/GameJamCrew/Content/Levels/CheeseFactory_001_BuiltData.uasset" SILENT=true
[2025.09.19-15.15.24:176][ 59]LogSavePackage: Moving 'E:/GameDev/hggjam/GameJamHGGUnreal4.23.1/GameJamCrew/Saved/CheeseFactory_001_BuiltData0DED18174D9E56C2BB6E78AFE2688233.tmp' to 'E:/GameDev/hggjam/GameJamHGGUnreal4.23.1/GameJamCrew/Content/Levels/CheeseFactory_001_BuiltData.uasset'
[2025.09.19-15.15.25:043][161]Cmd: POLY SELECT MEMORY INTERSECTION
[2025.09.19-15.15.25:809][253]Cmd: POLY SELECT MEMORY INTERSECTION
[2025.09.19-15.15.29:981][753]LogEditorViewport: Clicking on Actor (LMB): StaticMeshActor (wall01_2x49)
[2025.09.19-15.15.33:581][181]LogSlate: FSceneViewport::OnFocusLost() reason 5
[2025.09.19-15.15.49:301][ 61]LogSlate: FSceneViewport::OnFocusLost() reason 5
[2025.09.19-15.15.52:423][432]LogSlate: Updating window title bar state: overlay mode, drag disabled, window buttons hidden, title bar hidden
[2025.09.19-15.15.52:427][432]LogSlate: Updating window title bar state: overlay mode, drag disabled, window buttons hidden, title bar hidden
[2025.09.19-15.15.52:433][432]LogSlate: Updating window title bar state: overlay mode, drag disabled, window buttons hidden, title bar hidden
[2025.09.19-15.15.52:437][432]LogSlate: Updating window title bar state: overlay mode, drag disabled, window buttons hidden, title bar hidden
[2025.09.19-15.15.52:438][432]LogSlate: FSceneViewport::OnFocusLost() reason 2
[2025.09.19-15.16.00:690][417]LogSlate: FSceneViewport::OnFocusLost() reason 0
[2025.09.19-15.16.00:796][425]LogRenderer: Reallocating scene render targets to support 1616x776 Format 10 NumSamples 1 (Frame:2117697).
[2025.09.19-15.16.00:828][426]LogRenderer: Reallocating scene render targets to support 1636x776 Format 10 NumSamples 1 (Frame:2117703).
[2025.09.19-15.16.00:860][427]LogRenderer: Reallocating scene render targets to support 1672x776 Format 10 NumSamples 1 (Frame:2117709).
[2025.09.19-15.16.00:893][428]LogRenderer: Reallocating scene render targets to support 1724x776 Format 10 NumSamples 1 (Frame:2117715).
[2025.09.19-15.16.00:925][429]LogRenderer: Reallocating scene render targets to support 1772x776 Format 10 NumSamples 1 (Frame:2117721).
[2025.09.19-15.16.00:964][430]LogRenderer: Reallocating scene render targets to support 1812x776 Format 10 NumSamples 1 (Frame:2117727).
[2025.09.19-15.16.00:996][431]LogRenderer: Reallocating scene render targets to support 1856x776 Format 10 NumSamples 1 (Frame:2117733).
[2025.09.19-15.16.01:027][432]LogRenderer: Reallocating scene render targets to support 1892x776 Format 10 NumSamples 1 (Frame:2117739).
[2025.09.19-15.16.01:061][433]LogRenderer: Reallocating scene render targets to support 1924x776 Format 10 NumSamples 1 (Frame:2117745).
[2025.09.19-15.16.01:093][434]LogRenderer: Reallocating scene render targets to support 1944x776 Format 10 NumSamples 1 (Frame:2117751).
[2025.09.19-15.16.01:121][436]LogRenderer: Reallocating scene render targets to support 1960x776 Format 10 NumSamples 1 (Frame:2117757).
[2025.09.19-15.16.02:844][594]LogRenderer: Reallocating scene render targets to support 1960x784 Format 10 NumSamples 1 (Frame:2118123).
[2025.09.19-15.16.02:872][595]LogRenderer: Reallocating scene render targets to support 1960x792 Format 10 NumSamples 1 (Frame:2118129).
[2025.09.19-15.16.02:900][596]LogRenderer: Reallocating scene render targets to support 1960x800 Format 10 NumSamples 1 (Frame:2118135).
[2025.09.19-15.16.02:933][597]LogRenderer: Reallocating scene render targets to support 1960x804 Format 10 NumSamples 1 (Frame:2118141).
[2025.09.19-15.16.02:968][598]LogRenderer: Reallocating scene render targets to support 1960x812 Format 10 NumSamples 1 (Frame:2118147).
[2025.09.19-15.16.02:999][599]LogRenderer: Reallocating scene render targets to support 1960x824 Format 10 NumSamples 1 (Frame:2118153).
[2025.09.19-15.16.03:031][600]LogRenderer: Reallocating scene render targets to support 1960x836 Format 10 NumSamples 1 (Frame:2118159).
[2025.09.19-15.16.03:060][601]LogRenderer: Reallocating scene render targets to support 1960x844 Format 10 NumSamples 1 (Frame:2118165).
[2025.09.19-15.16.03:094][602]LogRenderer: Reallocating scene render targets to support 1960x856 Format 10 NumSamples 1 (Frame:2118171).
[2025.09.19-15.16.03:129][603]LogRenderer: Reallocating scene render targets to support 1960x864 Format 10 NumSamples 1 (Frame:2118177).
[2025.09.19-15.16.03:162][604]LogRenderer: Reallocating scene render targets to support 1960x868 Format 10 NumSamples 1 (Frame:2118183).
[2025.09.19-15.16.03:505][641]LogRenderer: Reallocating scene render targets to support 1960x872 Format 10 NumSamples 1 (Frame:2118195).
[2025.09.19-16.07.35:913][168]LogSlate: FSceneViewport::OnFocusLost() reason 5
[2025.09.19-16.07.35:919][168]Cmd: OBJ SAVEPACKAGE PACKAGE="/Game/Levels/CheeseFactory_001" FILE="E:/GameDev/hggjam/GameJamHGGUnreal4.23.1/GameJamCrew/Content/Levels/CheeseFactory_001.umap" SILENT=true AUTOSAVING=false KEEPDIRTY=false
[2025.09.19-16.07.35:939][168]LogUObjectHash: Compacting FUObjectHashTables data took   1.22ms
[2025.09.19-16.07.36:073][168]LogSavePackage: Moving 'E:/GameDev/hggjam/GameJamHGGUnreal4.23.1/GameJamCrew/Saved/CheeseFactory_0015379882F4B4EB81D52C14FAE5F6A8162.tmp' to 'E:/GameDev/hggjam/GameJamHGGUnreal4.23.1/GameJamCrew/Content/Levels/CheeseFactory_001.umap'
[2025.09.19-16.07.36:084][168]Cmd: OBJ SAVEPACKAGE PACKAGE="/Game/Levels/CheeseFactory_001_BuiltData" FILE="E:/GameDev/hggjam/GameJamHGGUnreal4.23.1/GameJamCrew/Content/Levels/CheeseFactory_001_BuiltData.uasset" SILENT=true
[2025.09.19-16.07.36:511][168]LogSavePackage: Moving 'E:/GameDev/hggjam/GameJamHGGUnreal4.23.1/GameJamCrew/Saved/CheeseFactory_001_BuiltData3DCF62D542EB6A3011D8858C11486778.tmp' to 'E:/GameDev/hggjam/GameJamHGGUnreal4.23.1/GameJamCrew/Content/Levels/CheeseFactory_001_BuiltData.uasset'
[2025.09.19-16.07.49:920][774]LogSlate: FSceneViewport::OnFocusLost() reason 5
[2025.09.19-16.07.49:926][774]Cmd: OBJ SAVEPACKAGE PACKAGE="/Game/Levels/CheeseFactory_001" FILE="E:/GameDev/hggjam/GameJamHGGUnreal4.23.1/GameJamCrew/Content/Levels/CheeseFactory_001.umap" SILENT=true AUTOSAVING=false KEEPDIRTY=false
[2025.09.19-16.07.49:945][774]LogUObjectHash: Compacting FUObjectHashTables data took   0.93ms
[2025.09.19-16.07.50:075][774]LogSavePackage: Moving 'E:/GameDev/hggjam/GameJamHGGUnreal4.23.1/GameJamCrew/Saved/CheeseFactory_001D76F64F7490041CF74A9858C9E398D79.tmp' to 'E:/GameDev/hggjam/GameJamHGGUnreal4.23.1/GameJamCrew/Content/Levels/CheeseFactory_001.umap'
[2025.09.19-16.07.50:088][774]Cmd: OBJ SAVEPACKAGE PACKAGE="/Game/Levels/CheeseFactory_001_BuiltData" FILE="E:/GameDev/hggjam/GameJamHGGUnreal4.23.1/GameJamCrew/Content/Levels/CheeseFactory_001_BuiltData.uasset" SILENT=true
[2025.09.19-16.07.50:492][774]LogSavePackage: Moving 'E:/GameDev/hggjam/GameJamHGGUnreal4.23.1/GameJamCrew/Saved/CheeseFactory_001_BuiltDataAAC3EEC04E4051658D46A9AECE169D83.tmp' to 'E:/GameDev/hggjam/GameJamHGGUnreal4.23.1/GameJamCrew/Content/Levels/CheeseFactory_001_BuiltData.uasset'
[2025.09.19-16.07.51:599][905]LogSlate: FSceneViewport::OnFocusLost() reason 0
[2025.09.19-16.07.51:703][915]LogUObjectHash: Compacting FUObjectHashTables data took   0.93ms
[2025.09.19-16.07.54:385][915]LogSlate: Window 'Save Content' being destroyed
[2025.09.19-16.07.54:428][915]LogSavePackage: Moving 'E:/GameDev/hggjam/GameJamHGGUnreal4.23.1/GameJamCrew/Saved/brick02_color711E8E8D4BD33D269203BCACBBE84E62.tmp' to 'E:/GameDev/hggjam/GameJamHGGUnreal4.23.1/GameJamCrew/Content/LevelAssets/Materials/bricks/brick02/brick02_color.uasset'
[2025.09.19-16.07.54:437][915]LogSavePackage: Moving 'E:/GameDev/hggjam/GameJamHGGUnreal4.23.1/GameJamCrew/Saved/brick02_mixed4DCCE2C34A17164E21737C8E1467E701.tmp' to 'E:/GameDev/hggjam/GameJamHGGUnreal4.23.1/GameJamCrew/Content/LevelAssets/Materials/bricks/brick02/brick02_mixed.uasset'
[2025.09.19-16.07.54:470][915]LogSavePackage: Moving 'E:/GameDev/hggjam/GameJamHGGUnreal4.23.1/GameJamCrew/Saved/brick02_normal8A4733FA408CC9C961C9B686776D2819.tmp' to 'E:/GameDev/hggjam/GameJamHGGUnreal4.23.1/GameJamCrew/Content/LevelAssets/Materials/bricks/brick02/brick02_normal.uasset'
[2025.09.19-16.07.54:478][915]LogSavePackage: Moving 'E:/GameDev/hggjam/GameJamHGGUnreal4.23.1/GameJamCrew/Saved/M_brick024A6F38BA4CD9516A5A5992BDE10306D0.tmp' to 'E:/GameDev/hggjam/GameJamHGGUnreal4.23.1/GameJamCrew/Content/LevelAssets/Materials/bricks/brick02/M_brick02.uasset'
[2025.09.19-16.07.54:502][915]LogSavePackage: Moving 'E:/GameDev/hggjam/GameJamHGGUnreal4.23.1/GameJamCrew/Saved/conc_bare_color9846C607406AE51A0E192EA67C4D1D4B.tmp' to 'E:/GameDev/hggjam/GameJamHGGUnreal4.23.1/GameJamCrew/Content/LevelAssets/Materials/conc/conc_bare01/conc_bare_color.uasset'
[2025.09.19-16.07.54:512][915]LogSavePackage: Moving 'E:/GameDev/hggjam/GameJamHGGUnreal4.23.1/GameJamCrew/Saved/conc_bare_mixed123AC0804B4C91AA69D2D68BFBCE2FEF.tmp' to 'E:/GameDev/hggjam/GameJamHGGUnreal4.23.1/GameJamCrew/Content/LevelAssets/Materials/conc/conc_bare01/conc_bare_mixed.uasset'
[2025.09.19-16.07.54:539][915]LogSavePackage: Moving 'E:/GameDev/hggjam/GameJamHGGUnreal4.23.1/GameJamCrew/Saved/conc_bare_normal855912D8429E7399A6B40E9E0FD2254D.tmp' to 'E:/GameDev/hggjam/GameJamHGGUnreal4.23.1/GameJamCrew/Content/LevelAssets/Materials/conc/conc_bare01/conc_bare_normal.uasset'
[2025.09.19-16.07.54:543][915]LogSavePackage: Moving 'E:/GameDev/hggjam/GameJamHGGUnreal4.23.1/GameJamCrew/Saved/M_conc_bare3087BA114940A49F0D44538EFD6F3509.tmp' to 'E:/GameDev/hggjam/GameJamHGGUnreal4.23.1/GameJamCrew/Content/LevelAssets/Materials/conc/conc_bare01/M_conc_bare.uasset'
[2025.09.19-16.07.54:570][915]LogSavePackage: Moving 'E:/GameDev/hggjam/GameJamHGGUnreal4.23.1/GameJamCrew/Saved/conc_floor01_color98AD7C404E214E6BDCA45D82FD5A8B85.tmp' to 'E:/GameDev/hggjam/GameJamHGGUnreal4.23.1/GameJamCrew/Content/LevelAssets/Materials/conc/conc_floor01/conc_floor01_color.uasset'
[2025.09.19-16.07.54:580][915]LogSavePackage: Moving 'E:/GameDev/hggjam/GameJamHGGUnreal4.23.1/GameJamCrew/Saved/conc_floor01_mixed5C765B4947A20EABF64645B1BF186744.tmp' to 'E:/GameDev/hggjam/GameJamHGGUnreal4.23.1/GameJamCrew/Content/LevelAssets/Materials/conc/conc_floor01/conc_floor01_mixed.uasset'
[2025.09.19-16.07.54:611][915]LogSavePackage: Moving 'E:/GameDev/hggjam/GameJamHGGUnreal4.23.1/GameJamCrew/Saved/conc_floor01_normalE1D48FD645C4486C5FDF1FAC370BBB0F.tmp' to 'E:/GameDev/hggjam/GameJamHGGUnreal4.23.1/GameJamCrew/Content/LevelAssets/Materials/conc/conc_floor01/conc_floor01_normal.uasset'
[2025.09.19-16.07.54:616][915]LogSavePackage: Moving 'E:/GameDev/hggjam/GameJamHGGUnreal4.23.1/GameJamCrew/Saved/M_conc_floor019C12A171467FF2F20A2F7291FC8B991B.tmp' to 'E:/GameDev/hggjam/GameJamHGGUnreal4.23.1/GameJamCrew/Content/LevelAssets/Materials/conc/conc_floor01/M_conc_floor01.uasset'
[2025.09.19-16.07.54:640][915]LogSavePackage: Moving 'E:/GameDev/hggjam/GameJamHGGUnreal4.23.1/GameJamCrew/Saved/metal_panels_corrugated02_color4970748E462907A0A545328A834BCA78.tmp' to 'E:/GameDev/hggjam/GameJamHGGUnreal4.23.1/GameJamCrew/Content/LevelAssets/Materials/metal/metal_panels/metal_panels_corrugated02_color.uasset'
[2025.09.19-16.07.54:647][915]LogSavePackage: Moving 'E:/GameDev/hggjam/GameJamHGGUnreal4.23.1/GameJamCrew/Saved/metal_panels_corrugated02_mixed674CD7754D88D312C2C12FBF8E65F398.tmp' to 'E:/GameDev/hggjam/GameJamHGGUnreal4.23.1/GameJamCrew/Content/LevelAssets/Materials/metal/metal_panels/metal_panels_corrugated02_mixed.uasset'
[2025.09.19-16.07.54:667][915]LogSavePackage: Moving 'E:/GameDev/hggjam/GameJamHGGUnreal4.23.1/GameJamCrew/Saved/metal_panels_corrugated02_normal3169224C42163A27FD5B3E9A1A1FDB14.tmp' to 'E:/GameDev/hggjam/GameJamHGGUnreal4.23.1/GameJamCrew/Content/LevelAssets/Materials/metal/metal_panels/metal_panels_corrugated02_normal.uasset'
[2025.09.19-16.07.54:688][915]LogSavePackage: Moving 'E:/GameDev/hggjam/GameJamHGGUnreal4.23.1/GameJamCrew/Saved/metal_trimsheet01_color388844DE419FBB30F11BD2B50EF4CE6D.tmp' to 'E:/GameDev/hggjam/GameJamHGGUnreal4.23.1/GameJamCrew/Content/LevelAssets/Materials/metal/metal_trimsheet01/metal_trimsheet01_color.uasset'
[2025.09.19-16.07.54:696][915]LogSavePackage: Moving 'E:/GameDev/hggjam/GameJamHGGUnreal4.23.1/GameJamCrew/Saved/metal_trimsheet01_mixed36E285C94FB7CF48D4F6199386B1E9B3.tmp' to 'E:/GameDev/hggjam/GameJamHGGUnreal4.23.1/GameJamCrew/Content/LevelAssets/Materials/metal/metal_trimsheet01/metal_trimsheet01_mixed.uasset'
[2025.09.19-16.07.54:713][915]LogSavePackage: Moving 'E:/GameDev/hggjam/GameJamHGGUnreal4.23.1/GameJamCrew/Saved/metal_trimsheet01_normalF1FE9AB44ECF42F40C85229789772F15.tmp' to 'E:/GameDev/hggjam/GameJamHGGUnreal4.23.1/GameJamCrew/Content/LevelAssets/Materials/metal/metal_trimsheet01/metal_trimsheet01_normal.uasset'
[2025.09.19-16.07.54:717][915]LogSavePackage: Moving 'E:/GameDev/hggjam/GameJamHGGUnreal4.23.1/GameJamCrew/Saved/M_tiles01679C23364CB49BD32839E1B8CAF8BD15.tmp' to 'E:/GameDev/hggjam/GameJamHGGUnreal4.23.1/GameJamCrew/Content/LevelAssets/Materials/tiles/tile01/M_tiles01.uasset'
[2025.09.19-16.07.54:741][915]LogSavePackage: Moving 'E:/GameDev/hggjam/GameJamHGGUnreal4.23.1/GameJamCrew/Saved/tiles01_colorD5C86421463F01FB6348D7B212AA9763.tmp' to 'E:/GameDev/hggjam/GameJamHGGUnreal4.23.1/GameJamCrew/Content/LevelAssets/Materials/tiles/tile01/tiles01_color.uasset'
[2025.09.19-16.07.54:749][915]LogSavePackage: Moving 'E:/GameDev/hggjam/GameJamHGGUnreal4.23.1/GameJamCrew/Saved/tiles01_mixed68969A0C4D93C55D7A451F98ECA4F86C.tmp' to 'E:/GameDev/hggjam/GameJamHGGUnreal4.23.1/GameJamCrew/Content/LevelAssets/Materials/tiles/tile01/tiles01_mixed.uasset'
[2025.09.19-16.07.54:767][915]LogSavePackage: Moving 'E:/GameDev/hggjam/GameJamHGGUnreal4.23.1/GameJamCrew/Saved/tiles01_normal8A0B2C0C49E8F0A563801094F813F66F.tmp' to 'E:/GameDev/hggjam/GameJamHGGUnreal4.23.1/GameJamCrew/Content/LevelAssets/Materials/tiles/tile01/tiles01_normal.uasset'
[2025.09.19-16.07.54:789][915]LogSavePackage: Moving 'E:/GameDev/hggjam/GameJamHGGUnreal4.23.1/GameJamCrew/Saved/wood04_colorFFDCB15F4B25BB6FD63EABB4800EC754.tmp' to 'E:/GameDev/hggjam/GameJamHGGUnreal4.23.1/GameJamCrew/Content/LevelAssets/Materials/wood/wood04/wood04_color.uasset'
[2025.09.19-16.07.54:799][915]LogSavePackage: Moving 'E:/GameDev/hggjam/GameJamHGGUnreal4.23.1/GameJamCrew/Saved/wood04_mixedB80FC1A04D116F28572AAC97FD8C8165.tmp' to 'E:/GameDev/hggjam/GameJamHGGUnreal4.23.1/GameJamCrew/Content/LevelAssets/Materials/wood/wood04/wood04_mixed.uasset'
[2025.09.19-16.07.54:818][915]LogSavePackage: Moving 'E:/GameDev/hggjam/GameJamHGGUnreal4.23.1/GameJamCrew/Saved/wood04_normal1CAB51FA4180D0DDD70B2F8E981ECF3D.tmp' to 'E:/GameDev/hggjam/GameJamHGGUnreal4.23.1/GameJamCrew/Content/LevelAssets/Materials/wood/wood04/wood04_normal.uasset'
[2025.09.19-16.07.54:839][915]LogSavePackage: Moving 'E:/GameDev/hggjam/GameJamHGGUnreal4.23.1/GameJamCrew/Saved/wood_siding01_color3F8B5E2949DAD7DE247D15AE10D9DDDA.tmp' to 'E:/GameDev/hggjam/GameJamHGGUnreal4.23.1/GameJamCrew/Content/LevelAssets/Materials/wood/wood_siding01/wood_siding01_color.uasset'
[2025.09.19-16.07.54:847][915]LogSavePackage: Moving 'E:/GameDev/hggjam/GameJamHGGUnreal4.23.1/GameJamCrew/Saved/wood_siding01_mixedFE0308474E9B5954793A2690A4561AB1.tmp' to 'E:/GameDev/hggjam/GameJamHGGUnreal4.23.1/GameJamCrew/Content/LevelAssets/Materials/wood/wood_siding01/wood_siding01_mixed.uasset'
[2025.09.19-16.07.54:866][915]LogSavePackage: Moving 'E:/GameDev/hggjam/GameJamHGGUnreal4.23.1/GameJamCrew/Saved/wood_siding01_normalDECF86A340B701A19071789B7A33D071.tmp' to 'E:/GameDev/hggjam/GameJamHGGUnreal4.23.1/GameJamCrew/Content/LevelAssets/Materials/wood/wood_siding01/wood_siding01_normal.uasset'
[2025.09.19-16.07.54:877][915]LogSavePackage: Moving 'E:/GameDev/hggjam/GameJamHGGUnreal4.23.1/GameJamCrew/Saved/wood_trimsheet02_colorC8238F1648B81A2A810BF5B17E97B6F8.tmp' to 'E:/GameDev/hggjam/GameJamHGGUnreal4.23.1/GameJamCrew/Content/LevelAssets/Materials/wood/wood_trimsheet02/wood_trimsheet02_color.uasset'
[2025.09.19-16.07.54:882][915]LogSavePackage: Moving 'E:/GameDev/hggjam/GameJamHGGUnreal4.23.1/GameJamCrew/Saved/wood_trimsheet02_mixed7C631638400BB36D765F439BD3F02105.tmp' to 'E:/GameDev/hggjam/GameJamHGGUnreal4.23.1/GameJamCrew/Content/LevelAssets/Materials/wood/wood_trimsheet02/wood_trimsheet02_mixed.uasset'
[2025.09.19-16.07.54:893][915]LogSavePackage: Moving 'E:/GameDev/hggjam/GameJamHGGUnreal4.23.1/GameJamCrew/Saved/wood_trimsheet02_normalCCC041B6409422AF8E8E86843E8EDC23.tmp' to 'E:/GameDev/hggjam/GameJamHGGUnreal4.23.1/GameJamCrew/Content/LevelAssets/Materials/wood/wood_trimsheet02/wood_trimsheet02_normal.uasset'
[2025.09.19-16.07.54:898][915]LogSavePackage: Moving 'E:/GameDev/hggjam/GameJamHGGUnreal4.23.1/GameJamCrew/Saved/vent01_80x50429727DE418305189CF213A30D82819C.tmp' to 'E:/GameDev/hggjam/GameJamHGGUnreal4.23.1/GameJamCrew/Content/LevelAssets/Models/modular/vents/vent01/vent01_80x50.uasset'
[2025.09.19-16.07.54:903][915]LogSavePackage: Moving 'E:/GameDev/hggjam/GameJamHGGUnreal4.23.1/GameJamCrew/Saved/vent01_80x50_half8E08147E420FE34C684163BBEF6C463A.tmp' to 'E:/GameDev/hggjam/GameJamHGGUnreal4.23.1/GameJamCrew/Content/LevelAssets/Models/modular/vents/vent01/vent01_80x50_half.uasset'
[2025.09.19-16.07.54:908][915]LogSavePackage: Moving 'E:/GameDev/hggjam/GameJamHGGUnreal4.23.1/GameJamCrew/Saved/wall01_garage_arch_window84E4B982448AE2263EC16FA1B483972D.tmp' to 'E:/GameDev/hggjam/GameJamHGGUnreal4.23.1/GameJamCrew/Content/LevelAssets/Models/modular/walls/wall01_garage_arch_window.uasset'
[2025.09.19-16.07.54:969][915]LogSlate: Window 'GameJamCrew - Unreal Editor' being destroyed
[2025.09.19-16.07.55:162][916]Cmd: QUIT_EDITOR
[2025.09.19-16.07.55:168][916]LogWindowsTextInputMethodSystem: Display: IME system now deactivated.
[2025.09.19-16.07.55:174][916]LogExit: Preparing to exit.
[2025.09.19-16.07.55:187][916]LogWorld: UWorld::CleanupWorld for World_1, bSessionEnded=true, bCleanupResources=true
[2025.09.19-16.07.55:187][916]LogWorld: UWorld::CleanupWorld for World_0, bSessionEnded=true, bCleanupResources=true
[2025.09.19-16.07.55:193][916]LogDemo: Cleaned up 0 splitscreen connections with owner deletion
[2025.09.19-16.07.55:197][916]LogWorld: UWorld::CleanupWorld for None, bSessionEnded=true, bCleanupResources=true
[2025.09.19-16.07.55:197][916]LogExit: Editor shut down
[2025.09.19-16.07.55:197][916]LogExit: Transaction tracking system shut down
[2025.09.19-16.07.55:363][916]LogExit: Object subsystem successfully closed.
[2025.09.19-16.07.55:378][916]LogShaderCompilers: Display: Shaders left to compile 0
[2025.09.19-16.07.55:389][916]LogModuleManager: Shutting down and abandoning module StaticMeshEditor (674)
[2025.09.19-16.07.55:389][916]LogModuleManager: Shutting down and abandoning module HierarchicalLODUtilities (672)
[2025.09.19-16.07.55:389][916]LogModuleManager: Shutting down and abandoning module MeshBuilder (670)
[2025.09.19-16.07.55:389][916]LogModuleManager: Shutting down and abandoning module HierarchicalLODOutliner (668)
[2025.09.19-16.07.55:389][916]LogModuleManager: Shutting down and abandoning module SceneOutliner (666)
[2025.09.19-16.07.55:389][916]LogModuleManager: Shutting down and abandoning module AddContentDialog (664)
[2025.09.19-16.07.55:391][916]LogModuleManager: Shutting down and abandoning module WidgetCarousel (663)
[2025.09.19-16.07.55:391][916]LogModuleManager: Shutting down and abandoning module EditorWidgets (660)
[2025.09.19-16.07.55:391][916]LogModuleManager: Shutting down and abandoning module CollectionManager (658)
[2025.09.19-16.07.55:391][916]LogModuleManager: Shutting down and abandoning module StatsViewer (656)
[2025.09.19-16.07.55:391][916]LogModuleManager: Shutting down and abandoning module VirtualTexturingEditor (654)
[2025.09.19-16.07.55:391][916]LogModuleManager: Shutting down and abandoning module FoliageEdit (652)
[2025.09.19-16.07.55:391][916]LogModuleManager: Shutting down and abandoning module LandscapeEditor (650)
[2025.09.19-16.07.55:391][916]LogModuleManager: Shutting down and abandoning module MeshPaintMode (648)
[2025.09.19-16.07.55:391][916]LogModuleManager: Shutting down and abandoning module SceneDepthPickerMode (646)
[2025.09.19-16.07.55:391][916]LogModuleManager: Shutting down and abandoning module ActorPickerMode (644)
[2025.09.19-16.07.55:391][916]LogModuleManager: Shutting down and abandoning module GeometryMode (642)
[2025.09.19-16.07.55:391][916]LogModuleManager: Shutting down and abandoning module TextureAlignMode (640)
[2025.09.19-16.07.55:391][916]LogModuleManager: Shutting down and abandoning module BspMode (638)
[2025.09.19-16.07.55:391][916]LogModuleManager: Shutting down and abandoning module PIEPreviewDeviceProfileSelector (636)
[2025.09.19-16.07.55:391][916]LogModuleManager: Shutting down and abandoning module SequenceRecorderSections (634)
[2025.09.19-16.07.55:391][916]LogModuleManager: Shutting down and abandoning module AutomationWorker (632)
[2025.09.19-16.07.55:391][916]LogModuleManager: Shutting down and abandoning module OculusMR (630)
[2025.09.19-16.07.55:391][916]LogModuleManager: Shutting down and abandoning module AudioCaptureEditor (628)
[2025.09.19-16.07.55:391][916]LogModuleManager: Shutting down and abandoning module MatineeToLevelSequence (626)
[2025.09.19-16.07.55:391][916]LogModuleManager: Shutting down and abandoning module LevelSequenceEditor (624)
[2025.09.19-16.07.55:391][916]LogModuleManager: Shutting down and abandoning module PlacementMode (623)
[2025.09.19-16.07.55:391][916]LogModuleManager: Shutting down and abandoning module MaterialEditor (622)
[2025.09.19-16.07.55:391][916]LogModuleManager: Shutting down and abandoning module ActorSequenceEditor (618)
[2025.09.19-16.07.55:391][916]LogModuleManager: Shutting down and abandoning module WmfMediaFactory (616)
[2025.09.19-16.07.55:391][916]LogModuleManager: Shutting down and abandoning module WmfMediaEditor (614)
[2025.09.19-16.07.55:391][916]LogModuleManager: Shutting down and abandoning module WebMMediaFactory (612)
[2025.09.19-16.07.55:391][916]LogModuleManager: Shutting down and abandoning module WebMMediaEditor (610)
[2025.09.19-16.07.55:391][916]LogModuleManager: Shutting down and abandoning module WebMMedia (608)
[2025.09.19-16.07.55:391][916]LogModuleManager: Shutting down and abandoning module MediaPlayerEditor (606)
[2025.09.19-16.07.55:391][916]LogModuleManager: Shutting down and abandoning module MediaCompositingEditor (604)
[2025.09.19-16.07.55:391][916]LogModuleManager: Shutting down and abandoning module SequenceRecorder (603)
[2025.09.19-16.07.55:391][916]LogModuleManager: Shutting down and abandoning module OpenExrWrapper (600)
[2025.09.19-16.07.55:391][916]LogModuleManager: Shutting down and abandoning module ImgMediaFactory (598)
[2025.09.19-16.07.55:391][916]LogModuleManager: Shutting down and abandoning module ImgMediaEditor (596)
[2025.09.19-16.07.55:391][916]LogModuleManager: Shutting down and abandoning module AvfMediaFactory (594)
[2025.09.19-16.07.55:391][916]LogModuleManager: Shutting down and abandoning module AvfMediaEditor (592)
[2025.09.19-16.07.55:391][916]LogModuleManager: Shutting down and abandoning module AndroidMediaFactory (590)
[2025.09.19-16.07.55:391][916]LogModuleManager: Shutting down and abandoning module AndroidMediaEditor (588)
[2025.09.19-16.07.55:391][916]LogModuleManager: Shutting down and abandoning module MagicLeapCameraPreviewFactory (586)
[2025.09.19-16.07.55:392][916]LogModuleManager: Shutting down and abandoning module MagicLeapMediaCodecFactory (584)
[2025.09.19-16.07.55:392][916]LogModuleManager: Shutting down and abandoning module MagicLeapMediaFactory (582)
[2025.09.19-16.07.55:392][916]LogModuleManager: Shutting down and abandoning module MagicLeapMediaEditor (580)
[2025.09.19-16.07.55:392][916]LogModuleManager: Shutting down and abandoning module CharacterAI (578)
[2025.09.19-16.07.55:392][916]LogModuleManager: Shutting down and abandoning module SmartSnapping (576)
[2025.09.19-16.07.55:392][916]LogModuleManager: Shutting down and abandoning module SessionServices (574)
[2025.09.19-16.07.55:392][916]LogModuleManager: Shutting down and abandoning module MeshPaint (572)
[2025.09.19-16.07.55:392][916]LogModuleManager: Shutting down and abandoning module ViewportSnapping (570)
[2025.09.19-16.07.55:392][916]LogModuleManager: Shutting down and abandoning module ViewportInteraction (568)
[2025.09.19-16.07.55:392][916]LogModuleManager: Shutting down and abandoning module ClothPainter (566)
[2025.09.19-16.07.55:392][916]LogModuleManager: Shutting down and abandoning module SkeletalMeshEditor (565)
[2025.09.19-16.07.55:392][916]LogModuleManager: Shutting down and abandoning module LogVisualizer (562)
[2025.09.19-16.07.55:392][916]LogModuleManager: Shutting down and abandoning module IntroTutorials (560)
[2025.09.19-16.07.55:392][916]LogModuleManager: Shutting down and abandoning module GameProjectGeneration (559)
[2025.09.19-16.07.55:392][916]LogModuleManager: Shutting down and abandoning module LuminPlatformEditor (556)
[2025.09.19-16.07.55:392][916]LogModuleManager: Shutting down and abandoning module IOSPlatformEditor (554)
[2025.09.19-16.07.55:392][916]LogModuleManager: Shutting down and abandoning module HTML5PlatformEditor (552)
[2025.09.19-16.07.55:392][916]LogModuleManager: Shutting down and abandoning module AndroidPlatformEditor (550)
[2025.09.19-16.07.55:392][916]LogModuleManager: Shutting down and abandoning module AndroidDeviceDetection (549)
[2025.09.19-16.07.55:977][916]LogModuleManager: Shutting down and abandoning module WindowsPlatformEditor (546)
[2025.09.19-16.07.55:977][916]LogModuleManager: Shutting down and abandoning module LuminRuntimeSettings (544)
[2025.09.19-16.07.55:977][916]LogModuleManager: Shutting down and abandoning module IOSRuntimeSettings (542)
[2025.09.19-16.07.55:977][916]LogModuleManager: Shutting down and abandoning module AndroidRuntimeSettings (540)
[2025.09.19-16.07.55:977][916]LogModuleManager: Shutting down and abandoning module TimeManagementEditor (538)
[2025.09.19-16.07.55:977][916]LogModuleManager: Shutting down and abandoning module InputBindingEditor (536)
[2025.09.19-16.07.55:977][916]LogModuleManager: Shutting down and abandoning module MergeActors (534)
[2025.09.19-16.07.55:977][916]LogModuleManager: Shutting down and abandoning module LocalizationDashboard (532)
[2025.09.19-16.07.55:977][916]LogModuleManager: Shutting down and abandoning module LocalizationService (531)
[2025.09.19-16.07.55:977][916]LogModuleManager: Shutting down and abandoning module HardwareTargeting (528)
[2025.09.19-16.07.55:977][916]LogModuleManager: Shutting down and abandoning module DeviceProfileEditor (526)
[2025.09.19-16.07.55:977][916]LogModuleManager: Shutting down and abandoning module UndoHistory (524)
[2025.09.19-16.07.55:977][916]LogModuleManager: Shutting down and abandoning module XmlParser (522)
[2025.09.19-16.07.55:977][916]LogModuleManager: Shutting down and abandoning module Blutility (520)
[2025.09.19-16.07.55:977][916]LogModuleManager: Shutting down and abandoning module ProjectSettingsViewer (518)
[2025.09.19-16.07.55:977][916]LogModuleManager: Shutting down and abandoning module ProjectTargetPlatformEditor (517)
[2025.09.19-16.07.55:977][916]LogModuleManager: Shutting down and abandoning module EditorSettingsViewer (514)
[2025.09.19-16.07.55:977][916]LogModuleManager: Shutting down and abandoning module SettingsEditor (512)
[2025.09.19-16.07.55:977][916]LogModuleManager: Shutting down and abandoning module ProjectLauncher (510)
[2025.09.19-16.07.55:977][916]LogModuleManager: Shutting down and abandoning module SessionFrontend (508)
[2025.09.19-16.07.55:977][916]LogModuleManager: Shutting down and abandoning module ProfilerClient (506)
[2025.09.19-16.07.55:977][916]LogModuleManager: Shutting down and abandoning module DeviceManager (504)
[2025.09.19-16.07.55:977][916]LogModuleManager: Shutting down and abandoning module TargetDeviceServices (503)
[2025.09.19-16.07.56:020][916]LogModuleManager: Shutting down and abandoning module AutomationController (500)
[2025.09.19-16.07.56:020][916]LogModuleManager: Shutting down and abandoning module AutomationWindow (498)
[2025.09.19-16.07.56:020][916]LogModuleManager: Shutting down and abandoning module Layers (496)
[2025.09.19-16.07.56:020][916]LogModuleManager: Shutting down and abandoning module ComponentVisualizers (494)
[2025.09.19-16.07.56:020][916]LogModuleManager: Shutting down and abandoning module DetailCustomizations (492)
[2025.09.19-16.07.56:020][916]LogModuleManager: Shutting down and abandoning module PackagesDialog (490)
[2025.09.19-16.07.56:020][916]LogModuleManager: Shutting down and abandoning module AnimationBlueprintEditor (488)
[2025.09.19-16.07.56:020][916]LogModuleManager: Shutting down and abandoning module Persona (486)
[2025.09.19-16.07.56:020][916]LogModuleManager: Shutting down and abandoning module AdvancedPreviewScene (485)
[2025.09.19-16.07.56:020][916]LogModuleManager: Shutting down and abandoning module AnimGraph (483)
[2025.09.19-16.07.56:020][916]LogModuleManager: Shutting down and abandoning module Kismet (480)
[2025.09.19-16.07.56:020][916]LogModuleManager: Shutting down and abandoning module KismetWidgets (479)
[2025.09.19-16.07.56:020][916]LogModuleManager: Shutting down and abandoning module GraphEditor (476)
[2025.09.19-16.07.56:020][916]LogModuleManager: Shutting down and abandoning module StructViewer (474)
[2025.09.19-16.07.56:020][916]LogModuleManager: Shutting down and abandoning module ClassViewer (472)
[2025.09.19-16.07.56:020][916]LogModuleManager: Shutting down and abandoning module Toolbox (470)
[2025.09.19-16.07.56:020][916]LogModuleManager: Shutting down and abandoning module ModuleUI (468)
[2025.09.19-16.07.56:020][916]LogModuleManager: Shutting down and abandoning module MovieSceneTools (466)
[2025.09.19-16.07.56:020][916]LogModuleManager: Shutting down and abandoning module OutputLog (464)
[2025.09.19-16.07.56:023][916]LogModuleManager: Shutting down and abandoning module GammaUI (462)
[2025.09.19-16.07.56:023][916]LogModuleManager: Shutting down and abandoning module Documentation (460)
[2025.09.19-16.07.56:023][916]LogModuleManager: Shutting down and abandoning module LiveCoding (458)
[2025.09.19-16.07.56:023][916]LogModuleManager: Shutting down and abandoning module LevelSequence (456)
[2025.09.19-16.07.56:023][916]LogModuleManager: Shutting down and abandoning module MovieSceneTracks (454)
[2025.09.19-16.07.56:023][916]LogModuleManager: Shutting down and abandoning module MovieScene (452)
[2025.09.19-16.07.56:023][916]LogModuleManager: Shutting down and abandoning module StreamingPauseRendering (450)
[2025.09.19-16.07.56:023][916]LogModuleManager: Shutting down and abandoning module LauncherPlatform (448)
[2025.09.19-16.07.56:023][916]LogModuleManager: Shutting down and abandoning module AnalyticsET (446)
[2025.09.19-16.07.56:023][916]LogModuleManager: Shutting down and abandoning module PortalServices (444)
[2025.09.19-16.07.56:023][916]LogModuleManager: Shutting down and abandoning module PortalRpc (442)
[2025.09.19-16.07.56:023][916]LogModuleManager: Shutting down and abandoning module MessagingRpc (440)
[2025.09.19-16.07.56:023][916]LogModuleManager: Shutting down and abandoning module AIModule (438)
[2025.09.19-16.07.56:023][916]LogModuleManager: Shutting down and abandoning module GameplayDebugger (437)
[2025.09.19-16.07.56:023][916]LogModuleManager: Shutting down and abandoning module AITestSuite (435)
[2025.09.19-16.07.56:023][916]LogModuleManager: Shutting down and abandoning module NavigationSystem (433)
[2025.09.19-16.07.56:023][916]LogModuleManager: Shutting down and abandoning module DesktopPlatform (430)
[2025.09.19-16.07.56:023][916]LogModuleManager: Shutting down and abandoning module ImageWriteQueue (428)
[2025.09.19-16.07.56:025][916]LogModuleManager: Shutting down and abandoning module ProfilerService (426)
[2025.09.19-16.07.56:169][916]LogModuleManager: Shutting down and abandoning module TaskGraph (424)
[2025.09.19-16.07.56:169][916]LogModuleManager: Shutting down and abandoning module ScreenshotTools (422)
[2025.09.19-16.07.56:169][916]LogModuleManager: Shutting down and abandoning module SteamVRController (420)
[2025.09.19-16.07.56:169][916]LogModuleManager: Shutting down and abandoning module ProceduralMeshComponentEditor (418)
[2025.09.19-16.07.56:169][916]LogModuleManager: Shutting down and abandoning module ProceduralMeshComponent (416)
[2025.09.19-16.07.56:169][916]LogModuleManager: Shutting down and abandoning module OculusEditor (414)
[2025.09.19-16.07.56:169][916]LogModuleManager: Shutting down and abandoning module OculusInput (412)
[2025.09.19-16.07.56:169][916]LogModuleManager: Shutting down and abandoning module MobilePatchingUtils (410)
[2025.09.19-16.07.56:169][916]LogModuleManager: Shutting down and abandoning module EditableMesh (408)
[2025.09.19-16.07.56:169][916]LogModuleManager: Shutting down and abandoning module CustomMeshComponent (406)
[2025.09.19-16.07.56:169][916]LogModuleManager: Shutting down and abandoning module CableComponent (404)
[2025.09.19-16.07.56:169][916]LogModuleManager: Shutting down and abandoning module AudioCapture (402)
[2025.09.19-16.07.56:169][916]LogModuleManager: Shutting down and abandoning module ArchVisCharacter (400)
[2025.09.19-16.07.56:169][916]LogModuleManager: Shutting down and abandoning module AppleImageUtilsBlueprintSupport (398)
[2025.09.19-16.07.56:169][916]LogModuleManager: Shutting down and abandoning module AppleImageUtils (396)
[2025.09.19-16.07.56:169][916]LogModuleManager: Shutting down and abandoning module AndroidPermission (394)
[2025.09.19-16.07.56:169][916]LogModuleManager: Shutting down and abandoning module NUTUnrealEngine4 (392)
[2025.09.19-16.07.56:169][916]LogModuleManager: Shutting down and abandoning module NetcodeUnitTest (390)
[2025.09.19-16.07.56:169][916]LogModuleManager: Shutting down and abandoning module MediaCompositing (388)
[2025.09.19-16.07.56:169][916]LogModuleManager: Shutting down and abandoning module ImgMedia (386)
[2025.09.19-16.07.56:169][916]LogModuleManager: Shutting down and abandoning module MagicLeapHelperVulkan (384)
[2025.09.19-16.07.56:169][916]LogModuleManager: Shutting down and abandoning module MagicLeapHelperOpenGL (382)
[2025.09.19-16.07.56:169][916]LogModuleManager: Shutting down and abandoning module MagicLeapAudio (380)
[2025.09.19-16.07.56:170][916]LogModuleManager: Shutting down and abandoning module HTML5Networking (378)
[2025.09.19-16.07.56:170][916]LogModuleManager: Shutting down and abandoning module GeometryCacheTracks (376)
[2025.09.19-16.07.56:170][916]LogModuleManager: Shutting down and abandoning module GeometryCacheSequencer (374)
[2025.09.19-16.07.56:170][916]LogModuleManager: Shutting down and abandoning module BackChannel (372)
[2025.09.19-16.07.56:170][916]LogModuleManager: Shutting down and abandoning module AutomationUtilsEditor (370)
[2025.09.19-16.07.56:170][916]LogModuleManager: Shutting down and abandoning module AutomationUtils (368)
[2025.09.19-16.07.56:170][916]LogModuleManager: Shutting down and abandoning module AlembicImporter (366)
[2025.09.19-16.07.56:170][916]LogModuleManager: Shutting down and abandoning module AlembicLibrary (365)
[2025.09.19-16.07.56:170][916]LogModuleManager: Shutting down and abandoning module GeometryCache (364)
[2025.09.19-16.07.56:170][916]LogModuleManager: Shutting down and abandoning module GeometryCacheEd (363)
[2025.09.19-16.07.56:170][916]LogModuleManager: Shutting down and abandoning module VariantManagerContent (358)
[2025.09.19-16.07.56:170][916]LogModuleManager: Shutting down and abandoning module DatasmithContentEditor (356)
[2025.09.19-16.07.56:170][916]LogModuleManager: Shutting down and abandoning module SpeedTreeImporter (354)
[2025.09.19-16.07.56:170][916]LogModuleManager: Shutting down and abandoning module PluginBrowser (352)
[2025.09.19-16.07.56:170][916]LogModuleManager: Shutting down and abandoning module MobileLauncherProfileWizard (350)
[2025.09.19-16.07.56:170][916]LogModuleManager: Shutting down and abandoning module MaterialAnalyzer (348)
[2025.09.19-16.07.56:170][916]LogModuleManager: Shutting down and abandoning module CurveEditorTools (346)
[2025.09.19-16.07.56:170][916]LogModuleManager: Shutting down and abandoning module CurveEditor (345)
[2025.09.19-16.07.56:170][916]LogModuleManager: Shutting down and abandoning module CryptoKeysOpenSSL (342)
[2025.09.19-16.07.56:170][916]LogModuleManager: Shutting down and abandoning module CryptoKeys (340)
[2025.09.19-16.07.56:170][916]LogModuleManager: Shutting down and abandoning module VisualStudioSourceCodeAccess (338)
[2025.09.19-16.07.56:170][916]LogModuleManager: Shutting down and abandoning module VisualStudioCodeSourceCodeAccess (336)
[2025.09.19-16.07.56:170][916]LogModuleManager: Shutting down and abandoning module UObjectPlugin (334)
[2025.09.19-16.07.56:170][916]LogModuleManager: Shutting down and abandoning module SubversionSourceControl (332)
[2025.09.19-16.07.56:170][916]LogModuleManager: Shutting down and abandoning module PerforceSourceControl (330)
[2025.09.19-16.07.56:170][916]LogModuleManager: Shutting down and abandoning module GitSourceControl (328)
[2025.09.19-16.07.56:170][916]LogModuleManager: Shutting down and abandoning module SourceControl (327)
[2025.09.19-16.07.56:170][916]LogModuleManager: Shutting down and abandoning module CLionSourceCodeAccess (324)
[2025.09.19-16.07.56:170][916]LogModuleManager: Shutting down and abandoning module AnimationSharingEd (322)
[2025.09.19-16.07.56:170][916]LogModuleManager: Shutting down and abandoning module ActorLayerUtilitiesEditor (320)
[2025.09.19-16.07.56:170][916]LogModuleManager: Shutting down and abandoning module ActorLayerUtilities (318)
[2025.09.19-16.07.56:170][916]LogModuleManager: Shutting down and abandoning module LightPropagationVolumeEditor (316)
[2025.09.19-16.07.56:170][916]LogModuleManager: Shutting down and abandoning module PaperTiledImporter (314)
[2025.09.19-16.07.56:170][916]LogModuleManager: Shutting down and abandoning module PaperSpriteSheetImporter (312)
[2025.09.19-16.07.56:170][916]LogModuleManager: Shutting down and abandoning module Paper2DEditor (310)
[2025.09.19-16.07.56:170][916]LogModuleManager: Shutting down and abandoning module SignificanceManager (308)
[2025.09.19-16.07.56:170][916]LogModuleManager: Shutting down and abandoning module RuntimePhysXCooking (306)
[2025.09.19-16.07.56:170][916]LogModuleManager: Shutting down and abandoning module PhysXVehiclesEditor (304)
[2025.09.19-16.07.56:170][916]LogModuleManager: Shutting down and abandoning module LocationServicesBPLibrary (300)
[2025.09.19-16.07.56:170][916]LogModuleManager: Shutting down and abandoning module ActorSequence (298)
[2025.09.19-16.07.56:170][916]LogModuleManager: Shutting down and abandoning module UdpMessaging (296)
[2025.09.19-16.07.56:271][916]LogModuleManager: Shutting down and abandoning module TcpMessaging (294)
[2025.09.19-16.07.56:372][916]LogModuleManager: Shutting down and abandoning module MagicLeapIdentity (292)
[2025.09.19-16.07.56:372][916]LogModuleManager: Shutting down and abandoning module MagicLeapSecureStorage (290)
[2025.09.19-16.07.56:372][916]LogModuleManager: Shutting down and abandoning module MagicLeapHandTracking (288)
[2025.09.19-16.07.56:372][916]LogModuleManager: Shutting down and abandoning module MagicLeapEyeTracker (286)
[2025.09.19-16.07.56:372][916]LogModuleManager: Shutting down and abandoning module MagicLeapController (284)
[2025.09.19-16.07.56:372][916]LogSlate: Slate User Destroyed.  User Index 0, Is Virtual User: 0
[2025.09.19-16.07.56:372][916]LogModuleManager: Shutting down and abandoning module MagicLeapAR (282)
[2025.09.19-16.07.56:372][916]LogModuleManager: Shutting down and abandoning module AugmentedReality (281)
[2025.09.19-16.07.56:372][916]LogModuleManager: Shutting down and abandoning module GameplayTagsEditor (278)
[2025.09.19-16.07.56:372][916]LogModuleManager: Shutting down and abandoning module FacialAnimationEditor (276)
[2025.09.19-16.07.56:372][916]LogModuleManager: Shutting down and abandoning module FacialAnimation (274)
[2025.09.19-16.07.56:372][916]LogModuleManager: Shutting down and abandoning module DataValidation (272)
[2025.09.19-16.07.56:372][916]LogModuleManager: Shutting down and abandoning module AssetManagerEditor (270)
[2025.09.19-16.07.56:372][916]LogModuleManager: Shutting down and abandoning module LevelEditor (269)
[2025.09.19-16.07.56:372][916]LogModuleManager: Shutting down and abandoning module PixelInspectorModule (268)
[2025.09.19-16.07.56:372][916]LogModuleManager: Shutting down and abandoning module CommonMenuExtensions (266)
[2025.09.19-16.07.56:372][916]LogModuleManager: Shutting down and abandoning module MainFrame (264)
[2025.09.19-16.07.56:372][916]LogModuleManager: Shutting down and abandoning module HotReload (263)
[2025.09.19-16.07.56:373][916]LogModuleManager: Shutting down and abandoning module ContentBrowser (259)
[2025.09.19-16.07.56:373][916]LogModuleManager: Shutting down and abandoning module TreeMap (257)
[2025.09.19-16.07.56:373][916]LogModuleManager: Shutting down and abandoning module AnimationSharing (254)
[2025.09.19-16.07.56:373][916]LogModuleManager: Shutting down and abandoning module LightPropagationVolumeRuntime (252)
[2025.09.19-16.07.56:373][916]LogModuleManager: Shutting down and abandoning module Paper2D (250)
[2025.09.19-16.07.56:373][916]LogModuleManager: Shutting down and abandoning module WindowsMoviePlayer (248)
[2025.09.19-16.07.56:375][916]LogModuleManager: Shutting down and abandoning module WebMMoviePlayer (246)
[2025.09.19-16.07.56:375][916]LogModuleManager: Shutting down and abandoning module NetworkReplayStreaming (244)
[2025.09.19-16.07.56:375][916]LogModuleManager: Shutting down and abandoning module PacketHandler (242)
[2025.09.19-16.07.56:375][916]LogModuleManager: Shutting down and abandoning module ClothingSystemEditor (240)
[2025.09.19-16.07.56:375][916]LogModuleManager: Shutting down and abandoning module ClothingSystemRuntime (238)
[2025.09.19-16.07.56:375][916]LogModuleManager: Shutting down and abandoning module MediaAssets (236)
[2025.09.19-16.07.56:375][916]LogModuleManager: Shutting down and abandoning module Overlay (234)
[2025.09.19-16.07.56:375][916]LogModuleManager: Shutting down and abandoning module OverlayEditor (233)
[2025.09.19-16.07.56:375][916]LogModuleManager: Shutting down and abandoning module VREditor (230)
[2025.09.19-16.07.56:375][916]LogModuleManager: Shutting down and abandoning module StringTableEditor (228)
[2025.09.19-16.07.56:375][916]LogModuleManager: Shutting down and abandoning module GameplayTasksEditor (226)
[2025.09.19-16.07.56:375][916]LogModuleManager: Shutting down and abandoning module BehaviorTreeEditor (224)
[2025.09.19-16.07.56:375][916]LogModuleManager: Shutting down and abandoning module FunctionalTesting (222)
[2025.09.19-16.07.56:375][916]LogModuleManager: Shutting down and abandoning module CollisionAnalyzer (220)
[2025.09.19-16.07.56:375][916]LogModuleManager: Shutting down and abandoning module WorkspaceMenuStructure (219)
[2025.09.19-16.07.56:375][916]LogModuleManager: Shutting down and abandoning module UMG (216)
[2025.09.19-16.07.56:375][916]LogModuleManager: Shutting down and abandoning module UMGEditor (215)
[2025.09.19-16.07.56:375][916]LogModuleManager: Shutting down and abandoning module Sequencer (214)
[2025.09.19-16.07.56:375][916]LogModuleManager: Shutting down and abandoning module MessageLog (211)
[2025.09.19-16.07.56:375][916]LogModuleManager: Shutting down and abandoning module SlateReflector (206)
[2025.09.19-16.07.56:375][916]LogModuleManager: Shutting down and abandoning module Slate (204)
[2025.09.19-16.07.56:375][916]LogModuleManager: Shutting down and abandoning module LandscapeEditorUtilities (202)
[2025.09.19-16.07.56:375][916]LogModuleManager: Shutting down and abandoning module EditorStyle (200)
[2025.09.19-16.07.56:376][916]LogModuleManager: Shutting down and abandoning module UnrealEd (198)
[2025.09.19-16.07.56:376][916]LogModuleManager: Shutting down and abandoning module MRMesh (196)
[2025.09.19-16.07.56:376][916]LogModuleManager: Shutting down and abandoning module SourceCodeAccess (194)
[2025.09.19-16.07.56:376][916]LogModuleManager: Shutting down and abandoning module HeadMountedDisplay (192)
[2025.09.19-16.07.56:376][916]LogModuleManager: Shutting down and abandoning module XAudio2 (190)
[2025.09.19-16.07.56:376][916]LogModuleManager: Shutting down and abandoning module Networking (188)
[2025.09.19-16.07.56:376][916]LogModuleManager: Shutting down and abandoning module Core (186)
[2025.09.19-16.07.56:376][916]LogModuleManager: Shutting down and abandoning module KismetCompiler (184)
[2025.09.19-16.07.56:376][916]LogModuleManager: Shutting down and abandoning module MeshUtilities (182)
[2025.09.19-16.07.56:376][916]LogModuleManager: Shutting down and abandoning module MeshMergeUtilities (181)
[2025.09.19-16.07.56:376][916]LogModuleManager: Shutting down and abandoning module MeshReductionInterface (180)
[2025.09.19-16.07.56:376][916]LogModuleManager: Shutting down and abandoning module SkeletalMeshReduction (179)
[2025.09.19-16.07.56:376][916]LogModuleManager: Shutting down and abandoning module ProxyLODMeshReduction (177)
[2025.09.19-16.07.56:376][916]LogModuleManager: Shutting down and abandoning module QuadricMeshReduction (175)
[2025.09.19-16.07.56:376][916]LogModuleManager: Shutting down and abandoning module MaterialBaking (171)
[2025.09.19-16.07.56:376][916]LogModuleManager: Shutting down and abandoning module NullInstallBundleManager (166)
[2025.09.19-16.07.56:376][916]LogModuleManager: Shutting down and abandoning module DerivedDataCache (164)
[2025.09.19-16.07.56:376][916]LogDerivedDataCache: Shutdown
[2025.09.19-16.07.56:376][916]LogModuleManager: Shutting down and abandoning module XGEController (162)
[2025.09.19-16.07.56:376][916]LogModuleManager: Shutting down and abandoning module TargetPlatform (160)
[2025.09.19-16.07.56:376][916]LogModuleManager: Shutting down and abandoning module VulkanShaderFormat (159)
[2025.09.19-16.07.56:376][916]LogModuleManager: Shutting down and abandoning module ShaderFormatVectorVM (157)
[2025.09.19-16.07.56:376][916]LogModuleManager: Shutting down and abandoning module ShaderFormatOpenGL (155)
[2025.09.19-16.07.56:376][916]LogModuleManager: Shutting down and abandoning module ShaderFormatD3D (153)
[2025.09.19-16.07.56:376][916]LogModuleManager: Shutting down and abandoning module MetalShaderFormat (151)
[2025.09.19-16.07.56:376][916]LogModuleManager: Shutting down and abandoning module TextureFormatUncompressed (149)
[2025.09.19-16.07.56:376][916]LogModuleManager: Shutting down and abandoning module TextureFormatPVR (147)
[2025.09.19-16.07.56:376][916]LogModuleManager: Shutting down and abandoning module TextureFormatDXT (145)
[2025.09.19-16.07.56:376][916]LogModuleManager: Shutting down and abandoning module TextureFormatIntelISPCTexComp (143)
[2025.09.19-16.07.56:376][916]LogModuleManager: Shutting down and abandoning module TextureFormatASTC (141)
[2025.09.19-16.07.56:376][916]LogModuleManager: Shutting down and abandoning module ImageWrapper (140)
[2025.09.19-16.07.56:376][916]LogModuleManager: Shutting down and abandoning module TextureFormatAndroid (137)
[2025.09.19-16.07.56:376][916]LogModuleManager: Shutting down and abandoning module AudioFormatOpus (135)
[2025.09.19-16.07.56:376][916]LogModuleManager: Shutting down and abandoning module AudioFormatOgg (133)
[2025.09.19-16.07.56:376][916]LogModuleManager: Shutting down and abandoning module AudioFormatADPCM (131)
[2025.09.19-16.07.56:376][916]LogModuleManager: Shutting down and abandoning module LuminTargetPlatform (129)
[2025.09.19-16.07.56:376][916]LogModuleManager: Shutting down and abandoning module LinuxTargetPlatform (127)
[2025.09.19-16.07.56:376][916]LogModuleManager: Shutting down and abandoning module LinuxServerTargetPlatform (125)
[2025.09.19-16.07.56:376][916]LogModuleManager: Shutting down and abandoning module LinuxNoEditorTargetPlatform (123)
[2025.09.19-16.07.56:376][916]LogModuleManager: Shutting down and abandoning module LinuxClientTargetPlatform (121)
[2025.09.19-16.07.56:376][916]LogModuleManager: Shutting down and abandoning module TVOSTargetPlatform (119)
[2025.09.19-16.07.56:377][916]LogModuleManager: Shutting down and abandoning module Messaging (117)
[2025.09.19-16.07.56:377][916]LogModuleManager: Shutting down and abandoning module IOSTargetPlatform (115)
[2025.09.19-16.07.56:377][916]LogModuleManager: Shutting down and abandoning module HTML5TargetPlatform (113)
[2025.09.19-16.07.56:377][916]LogModuleManager: Shutting down and abandoning module AndroidTargetPlatform (111)
[2025.09.19-16.07.56:380][916]LogModuleManager: Shutting down and abandoning module WindowsTargetPlatform (109)
[2025.09.19-16.07.56:380][916]LogModuleManager: Shutting down and abandoning module WindowsServerTargetPlatform (107)
[2025.09.19-16.07.56:380][916]LogModuleManager: Shutting down and abandoning module WindowsNoEditorTargetPlatform (105)
[2025.09.19-16.07.56:381][916]LogModuleManager: Shutting down and abandoning module WindowsClientTargetPlatform (103)
[2025.09.19-16.07.56:381][916]LogModuleManager: Shutting down and abandoning module MacTargetPlatform (101)
[2025.09.19-16.07.56:381][916]LogModuleManager: Shutting down and abandoning module MacServerTargetPlatform (99)
[2025.09.19-16.07.56:381][916]LogModuleManager: Shutting down and abandoning module MacNoEditorTargetPlatform (97)
[2025.09.19-16.07.56:381][916]LogModuleManager: Shutting down and abandoning module MacClientTargetPlatform (95)
[2025.09.19-16.07.56:381][916]LogModuleManager: Shutting down and abandoning module AllDesktopTargetPlatform (93)
[2025.09.19-16.07.56:381][916]LogModuleManager: Shutting down and abandoning module InputCore (90)
[2025.09.19-16.07.56:381][916]LogModuleManager: Shutting down and abandoning module Settings (88)
[2025.09.19-16.07.56:381][916]LogModuleManager: Shutting down and abandoning module DirectoryWatcher (86)
[2025.09.19-16.07.56:381][916]LogModuleManager: Shutting down and abandoning module PhysXCooking (84)
[2025.09.19-16.07.56:381][916]LogModuleManager: Shutting down and abandoning module WindowsPlatformFeatures (82)
[2025.09.19-16.07.56:381][916]LogModuleManager: Shutting down and abandoning module GameplayMediaEncoder (81)
[2025.09.19-16.07.56:381][916]LogModuleManager: Shutting down and abandoning module SteamVR (78)
[2025.09.19-16.07.56:381][916]LogHMD: Freeing OpenVRDLLHandle.
[2025.09.19-16.07.56:381][916]LogModuleManager: Shutting down and abandoning module OculusHMD (76)
[2025.09.19-16.07.56:381][916]LogModuleManager: Shutting down and abandoning module ExampleDeviceProfileSelector (74)
[2025.09.19-16.07.56:381][916]LogModuleManager: Shutting down and abandoning module LauncherChunkInstaller (72)
[2025.09.19-16.07.56:381][916]LogModuleManager: Shutting down and abandoning module OnlineBlueprintSupport (70)
[2025.09.19-16.07.56:381][916]LogModuleManager: Shutting down and abandoning module OnlineSubsystem (66)
[2025.09.19-16.07.56:382][916]LogModuleManager: Shutting down and abandoning module XMPP (61)
[2025.09.19-16.07.56:382][916]LogModuleManager: Shutting down and abandoning module WebSockets (60)
[2025.09.19-16.07.56:388][916]LogModuleManager: Shutting down and abandoning module HTTP (57)
[2025.09.19-16.07.56:388][916]LogHttp: Display: Http module shutting down, but needs to wait on 1 outstanding Http requests:
[2025.09.19-16.07.56:388][916]LogHttp: Display: 	verb=[POST] url=[https://datarouter.ol.epicgames.com/datarouter/api/v1/public/data?SessionID=%7BE8AAE873-4519-7945-4F39-98907C625704%7D&AppID=UEEditor.Rocket.Release&AppVersion=4.23.1-9631420%2B%2B%2BUE4%2BRelease-4.23&UserID=fcf63f4f4aa3b52c2cf4428b646ed4b7%7C817ac0c8b8ec4586b1a7d191863bddae%7C716e1537-9eef-4754-8647-18858cea8326&AppEnvironment=datacollector-binary&UploadType=eteventstream] status=Processing
[2025.09.19-16.07.56:407][916]LogModuleManager: Shutting down and abandoning module SSL (56)
[2025.09.19-16.07.56:408][916]LogModuleManager: Shutting down and abandoning module WmfMedia (52)
[2025.09.19-16.07.56:409][916]LogModuleManager: Shutting down and abandoning module Media (51)
[2025.09.19-16.07.56:409][916]LogModuleManager: Shutting down and abandoning module MagicLeap (48)
[2025.09.19-16.07.56:409][916]LogModuleManager: Shutting down and abandoning module DatasmithContent (46)
[2025.09.19-16.07.56:410][916]LogModuleManager: Shutting down and abandoning module AISupportModule (44)
[2025.09.19-16.07.56:410][916]LogModuleManager: Shutting down and abandoning module PlatformCryptoOpenSSL (42)
[2025.09.19-16.07.56:410][916]LogModuleManager: Shutting down and abandoning module PlatformCrypto (40)
[2025.09.19-16.07.56:410][916]LogModuleManager: Shutting down and abandoning module AnimationModifiers (38)
[2025.09.19-16.07.56:410][916]LogModuleManager: Shutting down and abandoning module PropertyEditor (37)
[2025.09.19-16.07.56:410][916]LogModuleManager: Shutting down and abandoning module AudioEditor (34)
[2025.09.19-16.07.56:410][916]LogModuleManager: Shutting down and abandoning module TextureCompressor (32)
[2025.09.19-16.07.56:410][916]LogModuleManager: Shutting down and abandoning module RenderCore (30)
[2025.09.19-16.07.56:410][916]LogModuleManager: Shutting down and abandoning module Landscape (28)
[2025.09.19-16.07.56:410][916]LogModuleManager: Shutting down and abandoning module SlateRHIRenderer (26)
[2025.09.19-16.07.56:411][916]LogModuleManager: Shutting down and abandoning module OpenGLDrv (24)
[2025.09.19-16.07.56:411][916]LogModuleManager: Shutting down and abandoning module D3D11RHI (22)
[2025.09.19-16.07.56:411][916]LogModuleManager: Shutting down and abandoning module AnimGraphRuntime (20)
[2025.09.19-16.07.56:411][916]LogModuleManager: Shutting down and abandoning module Renderer (18)
[2025.09.19-16.07.56:411][916]LogModuleManager: Shutting down and abandoning module Engine (16)
[2025.09.19-16.07.56:411][916]LogModuleManager: Shutting down and abandoning module CoreUObject (14)
[2025.09.19-16.07.56:411][916]LogModuleManager: Shutting down and abandoning module NetworkFile (12)
[2025.09.19-16.07.56:411][916]LogModuleManager: Shutting down and abandoning module CookedIterativeFile (10)
[2025.09.19-16.07.56:411][916]LogModuleManager: Shutting down and abandoning module StreamingFile (8)
[2025.09.19-16.07.56:411][916]LogModuleManager: Shutting down and abandoning module SandboxFile (6)
[2025.09.19-16.07.56:411][916]LogModuleManager: Shutting down and abandoning module PakFile (4)
[2025.09.19-16.07.56:411][916]LogModuleManager: Shutting down and abandoning module RSA (3)
[2025.09.19-16.07.56:412][916]LogD3D11RHI: Shutdown
[2025.09.19-16.07.56:412][916]LogD3D11RHI: CleanupD3DDevice
[2025.09.19-16.07.56:412][916]LogRendererCore: FGlobalDynamicReadBuffer::Cleanup()
[2025.09.19-16.07.56:412][916]LogRendererCore: FGlobalDynamicReadBuffer::Cleanup()
[2025.09.19-16.07.56:412][916]LogRendererCore: FGlobalDynamicReadBuffer::Cleanup()
[2025.09.19-16.07.56:414][916]LogD3D11RHI: ~FD3D11DynamicRHI
[2025.09.19-16.07.56:421][916]LogExit: Exiting.
[2025.09.19-16.07.56:425][916]Log file closed, 09/19/25 19:07:56
