Log file open, 09/24/25 16:48:21
LogWindows: Failed to load 'aqProf.dll' (GetLastError=126)
LogWindows: File 'aqProf.dll' does not exist
LogWindows: Failed to load 'VtuneApi.dll' (GetLastError=126)
LogWindows: File 'VtuneApi.dll' does not exist
LogWindows: Failed to load 'VtuneApi32e.dll' (GetLastError=126)
LogWindows: File 'VtuneApi32e.dll' does not exist
LogConsoleResponse: Display: Failed to find resolution value strings in scalability ini. Falling back to default.
LogInit: Display: Running engine for game: GameJamCrew
LogPlatformFile: Not using cached read wrapper
LogTaskGraph: Started task graph with 5 named threads and 47 total threads with 3 sets of task threads.
LogStats: Stats thread started at 0.038865
LogD3D11RHI: Loaded GFSDK_Aftermath_Lib.x64.dll
LogICUInternationalization: ICU TimeZone Detection - Raw Offset: +2:00, Platform Override: ''
LogPluginManager: Mounting plugin Paper2D
LogPluginManager: Mounting plugin AISupport
LogPluginManager: Mounting plugin LightPropagationVolume
LogPluginManager: Mounting plugin ActorLayerUtilities
LogPluginManager: Mounting plugin AnimationSharing
LogPluginManager: Mounting plugin CLionSourceCodeAccess
LogPluginManager: Mounting plugin CodeLiteSourceCodeAccess
LogPluginManager: Mounting plugin GitSourceControl
LogPluginManager: Mounting plugin KDevelopSourceCodeAccess
LogPluginManager: Mounting plugin NullSourceCodeAccess
LogPluginManager: Mounting plugin PerforceSourceControl
LogPluginManager: Mounting plugin SubversionSourceControl
LogPluginManager: Mounting plugin UObjectPlugin
LogPluginManager: Mounting plugin VisualStudioCodeSourceCodeAccess
LogPluginManager: Mounting plugin VisualStudioSourceCodeAccess
LogPluginManager: Mounting plugin XCodeSourceCodeAccess
LogPluginManager: Mounting plugin AssetManagerEditor
LogPluginManager: Mounting plugin CryptoKeys
LogPluginManager: Mounting plugin CurveEditorTools
LogPluginManager: Mounting plugin DataValidation
LogPluginManager: Mounting plugin FacialAnimation
LogPluginManager: Mounting plugin GameplayTagsEditor
LogPluginManager: Mounting plugin MacGraphicsSwitching
LogPluginManager: Mounting plugin MaterialAnalyzer
LogPluginManager: Mounting plugin MobileLauncherProfileWizard
LogPluginManager: Mounting plugin PluginBrowser
LogPluginManager: Mounting plugin SpeedTreeImporter
LogPluginManager: Mounting plugin DatasmithContent
LogPluginManager: Mounting plugin VariantManagerContent
LogPluginManager: Mounting plugin AlembicImporter
LogPluginManager: Mounting plugin AutomationUtils
LogPluginManager: Mounting plugin BackChannel
LogPluginManager: Mounting plugin CharacterAI
LogPluginManager: Mounting plugin GeometryCache
LogPluginManager: Mounting plugin HTML5Networking
LogPluginManager: Mounting plugin PlatformCrypto
LogPluginManager: Mounting plugin ProxyLODPlugin
LogPluginManager: Mounting plugin SkeletalReduction
LogPluginManager: Mounting plugin MagicLeap
LogPluginManager: Mounting plugin MagicLeapMedia
LogPluginManager: Mounting plugin AndroidMedia
LogPluginManager: Mounting plugin AvfMedia
LogPluginManager: Mounting plugin ImgMedia
LogPluginManager: Mounting plugin MediaCompositing
LogPluginManager: Mounting plugin MediaPlayerEditor
LogPluginManager: Mounting plugin WebMMedia
LogPluginManager: Mounting plugin WmfMedia
LogPluginManager: Mounting plugin TcpMessaging
LogPluginManager: Mounting plugin UdpMessaging
LogPluginManager: Mounting plugin ActorSequence
LogPluginManager: Mounting plugin LevelSequenceEditor
LogPluginManager: Mounting plugin MatineeToLevelSequence
LogPluginManager: Mounting plugin NetcodeUnitTest
LogPluginManager: Mounting plugin NUTUnrealEngine4
LogPluginManager: Mounting plugin OnlineSubsystemGooglePlay
LogPluginManager: Mounting plugin OnlineSubsystemIOS
LogPluginManager: Mounting plugin OnlineSubsystem
LogPluginManager: Mounting plugin OnlineSubsystemNull
LogPluginManager: Mounting plugin OnlineSubsystemUtils
LogPluginManager: Mounting plugin LauncherChunkInstaller
LogPluginManager: Mounting plugin AndroidDeviceProfileSelector
LogPluginManager: Mounting plugin AndroidMoviePlayer
LogPluginManager: Mounting plugin AndroidPermission
LogPluginManager: Mounting plugin AppleImageUtils
LogPluginManager: Mounting plugin AppleMoviePlayer
LogPluginManager: Mounting plugin ArchVisCharacter
LogPluginManager: Mounting plugin AudioCapture
LogPluginManager: Mounting plugin CableComponent
LogPluginManager: Mounting plugin CustomMeshComponent
LogPluginManager: Mounting plugin EditableMesh
LogPluginManager: Mounting plugin ExampleDeviceProfileSelector
LogPluginManager: Mounting plugin GoogleCloudMessaging
LogPluginManager: Mounting plugin IOSDeviceProfileSelector
LogPluginManager: Mounting plugin LinuxDeviceProfileSelector
LogPluginManager: Mounting plugin LocationServicesBPLibrary
LogPluginManager: Mounting plugin MobilePatchingUtils
LogPluginManager: Mounting plugin OculusVR
LogPluginManager: Mounting plugin PhysXVehicles
LogPluginManager: Mounting plugin ProceduralMeshComponent
LogPluginManager: Mounting plugin RuntimePhysXCooking
LogPluginManager: Mounting plugin SignificanceManager
LogPluginManager: Mounting plugin SteamVR
LogPluginManager: Mounting plugin WebMMoviePlayer
LogPluginManager: Mounting plugin WindowsMoviePlayer
LogPluginManager: Mounting plugin ScreenshotTools
LogInit: Using libcurl 7.55.1-DEV
LogInit:  - built for x86_64-pc-win32
LogInit:  - supports SSL with OpenSSL/1.1.1
LogInit:  - supports HTTP deflate (compression) using libz 1.2.8
LogInit:  - other features:
LogInit:      CURL_VERSION_SSL
LogInit:      CURL_VERSION_LIBZ
LogInit:      CURL_VERSION_IPV6
LogInit:      CURL_VERSION_ASYNCHDNS
LogInit:      CURL_VERSION_LARGEFILE
LogInit:      CURL_VERSION_IDN
LogInit:  CurlRequestOptions (configurable via config and command line):
LogInit:  - bVerifyPeer = true  - Libcurl will verify peer certificate
LogInit:  - bUseHttpProxy = false  - Libcurl will NOT use HTTP proxy
LogInit:  - bDontReuseConnections = false  - Libcurl will reuse connections
LogInit:  - MaxHostConnections = 16  - Libcurl will limit the number of connections to a host
LogInit:  - LocalHostAddr = Default
LogInit:  - BufferSize = 65536
LogOnline: OSS: Creating online subsystem instance for: NULL
LogInit: WinSock: version 1.1 (2.2), MaxSocks=32767, MaxUdp=65467
LogInit: Build: ++UE4+Release-4.23-CL-9631420
LogInit: Engine Version: 4.23.1-9631420+++UE4+Release-4.23
LogInit: Compatible Engine Version: 4.23.0-8386587+++UE4+Release-4.23
LogInit: Net CL: 8386587
LogInit: OS: Windows 10 (Release 2009) (), CPU: AMD Ryzen 7 9700X 8-Core Processor             , GPU: NVIDIA GeForce RTX 5070
LogInit: Compiled (64-bit): Oct 18 2019 02:07:44
LogInit: Compiled with Visual C++: 19.16.27030.01
LogInit: Build Configuration: Development
LogInit: Branch Name: ++UE4+Release-4.23
LogInit: Command Line:  -AUTH_LOGIN=unused -AUTH_PASSWORD=d4c27345751e4187b0d9f9d764d509f1 -AUTH_TYPE=exchangecode -epicapp=UE_4.23 -epicenv=Prod -EpicPortal -epicusername=KLIX100 -epicuserid=817ac0c8b8ec4586b1a7d191863bddae -epiclocale=en -epicsandboxid=ue
LogInit: Base Directory: C:/Program Files/Epic Games/UE_4.23/Engine/Binaries/Win64/
LogInit: Installed Engine Build: 1
LogDevObjectVersion: Number of dev versions registered: 23
LogDevObjectVersion:   Dev-Blueprints (B0D832E4-1F89-4F0D-ACCF-7EB736FD4AA2): 10
LogDevObjectVersion:   Dev-Build (E1C64328-A22C-4D53-A36C-8E866417BD8C): 0
LogDevObjectVersion:   Dev-Core (375EC13C-06E4-48FB-B500-84F0262A717E): 3
LogDevObjectVersion:   Dev-Editor (E4B068ED-F494-42E9-A231-DA0B2E46BB41): 34
LogDevObjectVersion:   Dev-Framework (CFFC743F-43B0-4480-9391-14DF171D2073): 35
LogDevObjectVersion:   Dev-Mobile (B02B49B5-BB20-44E9-A304-32B752E40360): 2
LogDevObjectVersion:   Dev-Networking (A4E4105C-59A1-49B5-A7C5-40C4547EDFEE): 0
LogDevObjectVersion:   Dev-Online (39C831C9-5AE6-47DC-9A44-9C173E1C8E7C): 0
LogDevObjectVersion:   Dev-Physics (78F01B33-EBEA-4F98-B9B4-84EACCB95AA2): 0
LogDevObjectVersion:   Dev-Platform (6631380F-2D4D-43E0-8009-CF276956A95A): 0
LogDevObjectVersion:   Dev-Rendering (12F88B9F-8875-4AFC-A67C-D90C383ABD29): 31
LogDevObjectVersion:   Dev-Sequencer (7B5AE74C-D270-4C10-A958-57980B212A5A): 11
LogDevObjectVersion:   Dev-VR (D7296918-1DD6-4BDD-9DE2-64A83CC13884): 2
LogDevObjectVersion:   Dev-LoadTimes (C2A15278-BFE7-4AFE-6C17-90FF531DF755): 1
LogDevObjectVersion:   Private-Geometry (6EACA3D4-40EC-4CC1-B786-8BED09428FC5): 3
LogDevObjectVersion:   Dev-AnimPhys (29E575DD-E0A3-4627-9D10-D276232CDCEA): 17
LogDevObjectVersion:   Dev-Anim (AF43A65D-7FD3-4947-9873-3E8ED9C1BB05): 2
LogDevObjectVersion:   Dev-ReflectionCapture (6B266CEC-1EC7-4B8F-A30B-E4D90942FC07): 1
LogDevObjectVersion:   Dev-Automation (0DF73D61-A23F-47EA-B727-89E90C41499A): 1
LogDevObjectVersion:   FortniteMain (601D1886-AC64-4F84-AA16-D3DE0DEAC7D6): 27
LogDevObjectVersion:   Dev-Enterprise (9DFFBCD6-494F-0158-E221-12823C92A888): 6
LogDevObjectVersion:   Dev-Niagara (F2AED0AC-9AFE-416F-8664-AA7FFA26D6FC): 1
LogDevObjectVersion:   Dev-Destruction (174F1F0B-B4C6-45A5-B13F-2EE8D0FB917D): 9
LogInit: Presizing for max 16777216 objects, including 0 objects not considered by GC, pre-allocating 0 bytes for permanent pool.
LogInit: Object subsystem initialized
LogConfig: Setting CVar [[con.DebugEarlyDefault:1]]
LogConfig: Setting CVar [[r.setres:1280x720]]
[2025.09.24-13.48.21:978][  0]LogConfig: Setting CVar [[r.VSync:0]]
[2025.09.24-13.48.21:978][  0]LogConfig: Setting CVar [[r.RHICmdBypass:0]]
[2025.09.24-13.48.21:978][  0]LogConfig: Applying CVar settings from Section [/Script/Engine.RendererSettings] File [E:/GameDev/hggjam/GameJamHGGUnreal4.23.1/GameJamCrew/Saved/Config/Windows/Engine.ini]
[2025.09.24-13.48.21:978][  0]LogConfig: Setting CVar [[r.GPUCrashDebugging:0]]
[2025.09.24-13.48.21:978][  0]LogConfig: Applying CVar settings from Section [/Script/Engine.RendererOverrideSettings] File [E:/GameDev/hggjam/GameJamHGGUnreal4.23.1/GameJamCrew/Saved/Config/Windows/Engine.ini]
[2025.09.24-13.48.21:978][  0]LogConfig: Applying CVar settings from Section [/Script/Engine.StreamingSettings] File [E:/GameDev/hggjam/GameJamHGGUnreal4.23.1/GameJamCrew/Saved/Config/Windows/Engine.ini]
[2025.09.24-13.48.21:978][  0]LogConfig: Setting CVar [[s.MinBulkDataSizeForAsyncLoading:131072]]
[2025.09.24-13.48.21:978][  0]LogConfig: Setting CVar [[s.AsyncLoadingThreadEnabled:0]]
[2025.09.24-13.48.21:978][  0]LogConfig: Setting CVar [[s.EventDrivenLoaderEnabled:1]]
[2025.09.24-13.48.21:978][  0]LogConfig: Setting CVar [[s.WarnIfTimeLimitExceeded:0]]
[2025.09.24-13.48.21:978][  0]LogConfig: Setting CVar [[s.TimeLimitExceededMultiplier:1.5]]
[2025.09.24-13.48.21:978][  0]LogConfig: Setting CVar [[s.TimeLimitExceededMinTime:0.005]]
[2025.09.24-13.48.21:978][  0]LogConfig: Setting CVar [[s.UseBackgroundLevelStreaming:1]]
[2025.09.24-13.48.21:978][  0]LogConfig: Setting CVar [[s.PriorityAsyncLoadingExtraTime:15.0]]
[2025.09.24-13.48.21:978][  0]LogConfig: Setting CVar [[s.LevelStreamingActorsUpdateTimeLimit:5.0]]
[2025.09.24-13.48.21:978][  0]LogConfig: Setting CVar [[s.PriorityLevelStreamingActorsUpdateExtraTime:5.0]]
[2025.09.24-13.48.21:978][  0]LogConfig: Setting CVar [[s.LevelStreamingComponentsRegistrationGranularity:10]]
[2025.09.24-13.48.21:978][  0]LogConfig: Setting CVar [[s.UnregisterComponentsTimeLimit:1.0]]
[2025.09.24-13.48.21:978][  0]LogConfig: Setting CVar [[s.LevelStreamingComponentsUnregistrationGranularity:5]]
[2025.09.24-13.48.21:978][  0]LogConfig: Applying CVar settings from Section [/Script/Engine.GarbageCollectionSettings] File [E:/GameDev/hggjam/GameJamHGGUnreal4.23.1/GameJamCrew/Saved/Config/Windows/Engine.ini]
[2025.09.24-13.48.21:978][  0]LogConfig: Setting CVar [[gc.MaxObjectsNotConsideredByGC:1]]
[2025.09.24-13.48.21:978][  0]LogConfig: Setting CVar [[gc.SizeOfPermanentObjectPool:0]]
[2025.09.24-13.48.21:978][  0]LogConfig: Setting CVar [[gc.FlushStreamingOnGC:0]]
[2025.09.24-13.48.21:978][  0]LogConfig: Setting CVar [[gc.NumRetriesBeforeForcingGC:10]]
[2025.09.24-13.48.21:978][  0]LogConfig: Setting CVar [[gc.AllowParallelGC:1]]
[2025.09.24-13.48.21:978][  0]LogConfig: Setting CVar [[gc.TimeBetweenPurgingPendingKillObjects:61.1]]
[2025.09.24-13.48.21:978][  0]LogConfig: Setting CVar [[gc.MaxObjectsInEditor:16777216]]
[2025.09.24-13.48.21:978][  0]LogConfig: Setting CVar [[gc.IncrementalBeginDestroyEnabled:1]]
[2025.09.24-13.48.21:978][  0]LogConfig: Setting CVar [[gc.CreateGCClusters:1]]
[2025.09.24-13.48.21:978][  0]LogConfig: Setting CVar [[gc.MinGCClusterSize:5]]
[2025.09.24-13.48.21:978][  0]LogConfig: Setting CVar [[gc.ActorClusteringEnabled:0]]
[2025.09.24-13.48.21:978][  0]LogConfig: Setting CVar [[gc.BlueprintClusteringEnabled:0]]
[2025.09.24-13.48.21:978][  0]LogConfig: Setting CVar [[gc.UseDisregardForGCOnDedicatedServers:0]]
[2025.09.24-13.48.21:978][  0]LogConfig: Applying CVar settings from Section [/Script/Engine.NetworkSettings] File [E:/GameDev/hggjam/GameJamHGGUnreal4.23.1/GameJamCrew/Saved/Config/Windows/Engine.ini]
[2025.09.24-13.48.21:978][  0]LogConfig: Applying CVar settings from Section [/Script/UnrealEd.CookerSettings] File [E:/GameDev/hggjam/GameJamHGGUnreal4.23.1/GameJamCrew/Saved/Config/Windows/Engine.ini]
[2025.09.24-13.48.21:979][  0]LogConfig: Applying CVar settings from Section [ViewDistanceQuality@3] File [E:/GameDev/hggjam/GameJamHGGUnreal4.23.1/GameJamCrew/Saved/Config/Windows/Scalability.ini]
[2025.09.24-13.48.21:979][  0]LogConfig: Setting CVar [[r.SkeletalMeshLODBias:0]]
[2025.09.24-13.48.21:979][  0]LogConfig: Setting CVar [[r.ViewDistanceScale:1.0]]
[2025.09.24-13.48.21:979][  0]LogConfig: Applying CVar settings from Section [AntiAliasingQuality@3] File [E:/GameDev/hggjam/GameJamHGGUnreal4.23.1/GameJamCrew/Saved/Config/Windows/Scalability.ini]
[2025.09.24-13.48.21:979][  0]LogConfig: Setting CVar [[r.PostProcessAAQuality:4]]
[2025.09.24-13.48.21:979][  0]LogConfig: Applying CVar settings from Section [ShadowQuality@3] File [E:/GameDev/hggjam/GameJamHGGUnreal4.23.1/GameJamCrew/Saved/Config/Windows/Scalability.ini]
[2025.09.24-13.48.21:979][  0]LogConfig: Setting CVar [[r.LightFunctionQuality:1]]
[2025.09.24-13.48.21:979][  0]LogConfig: Setting CVar [[r.ShadowQuality:5]]
[2025.09.24-13.48.21:979][  0]LogConfig: Setting CVar [[r.Shadow.CSM.MaxCascades:10]]
[2025.09.24-13.48.21:979][  0]LogConfig: Setting CVar [[r.Shadow.MaxResolution:2048]]
[2025.09.24-13.48.21:979][  0]LogConfig: Setting CVar [[r.Shadow.MaxCSMResolution:2048]]
[2025.09.24-13.48.21:979][  0]LogConfig: Setting CVar [[r.Shadow.RadiusThreshold:0.01]]
[2025.09.24-13.48.21:979][  0]LogConfig: Setting CVar [[r.Shadow.DistanceScale:1.0]]
[2025.09.24-13.48.21:979][  0]LogConfig: Setting CVar [[r.Shadow.CSM.TransitionScale:1.0]]
[2025.09.24-13.48.21:979][  0]LogConfig: Setting CVar [[r.Shadow.PreShadowResolutionFactor:1.0]]
[2025.09.24-13.48.21:979][  0]LogConfig: Setting CVar [[r.DistanceFieldShadowing:1]]
[2025.09.24-13.48.21:979][  0]LogConfig: Setting CVar [[r.DistanceFieldAO:1]]
[2025.09.24-13.48.21:979][  0]LogConfig: Setting CVar [[r.AOQuality:2]]
[2025.09.24-13.48.21:979][  0]LogConfig: Setting CVar [[r.VolumetricFog:1]]
[2025.09.24-13.48.21:979][  0]LogConfig: Setting CVar [[r.VolumetricFog.GridPixelSize:8]]
[2025.09.24-13.48.21:979][  0]LogConfig: Setting CVar [[r.VolumetricFog.GridSizeZ:128]]
[2025.09.24-13.48.21:979][  0]LogConfig: Setting CVar [[r.VolumetricFog.HistoryMissSupersampleCount:4]]
[2025.09.24-13.48.21:979][  0]LogConfig: Setting CVar [[r.LightMaxDrawDistanceScale:1]]
[2025.09.24-13.48.21:980][  0]LogConfig: Setting CVar [[r.CapsuleShadows:1]]
[2025.09.24-13.48.21:980][  0]LogConfig: Applying CVar settings from Section [PostProcessQuality@3] File [E:/GameDev/hggjam/GameJamHGGUnreal4.23.1/GameJamCrew/Saved/Config/Windows/Scalability.ini]
[2025.09.24-13.48.21:980][  0]LogConfig: Setting CVar [[r.MotionBlurQuality:4]]
[2025.09.24-13.48.21:980][  0]LogConfig: Setting CVar [[r.AmbientOcclusionMipLevelFactor:0.4]]
[2025.09.24-13.48.21:980][  0]LogConfig: Setting CVar [[r.AmbientOcclusionMaxQuality:100]]
[2025.09.24-13.48.21:980][  0]LogConfig: Setting CVar [[r.AmbientOcclusionLevels:-1]]
[2025.09.24-13.48.21:980][  0]LogConfig: Setting CVar [[r.AmbientOcclusionRadiusScale:1.0]]
[2025.09.24-13.48.21:980][  0]LogConfig: Setting CVar [[r.DepthOfFieldQuality:2]]
[2025.09.24-13.48.21:980][  0]LogConfig: Setting CVar [[r.RenderTargetPoolMin:400]]
[2025.09.24-13.48.21:980][  0]LogConfig: Setting CVar [[r.LensFlareQuality:2]]
[2025.09.24-13.48.21:980][  0]LogConfig: Setting CVar [[r.SceneColorFringeQuality:1]]
[2025.09.24-13.48.21:980][  0]LogConfig: Setting CVar [[r.EyeAdaptationQuality:2]]
[2025.09.24-13.48.21:980][  0]LogConfig: Setting CVar [[r.BloomQuality:5]]
[2025.09.24-13.48.21:980][  0]LogConfig: Setting CVar [[r.FastBlurThreshold:100]]
[2025.09.24-13.48.21:980][  0]LogConfig: Setting CVar [[r.Upscale.Quality:3]]
[2025.09.24-13.48.21:980][  0]LogConfig: Setting CVar [[r.Tonemapper.GrainQuantization:1]]
[2025.09.24-13.48.21:980][  0]LogConfig: Setting CVar [[r.LightShaftQuality:1]]
[2025.09.24-13.48.21:980][  0]LogConfig: Setting CVar [[r.Filter.SizeScale:1]]
[2025.09.24-13.48.21:980][  0]LogConfig: Setting CVar [[r.Tonemapper.Quality:5]]
[2025.09.24-13.48.21:980][  0]LogConfig: Setting CVar [[r.DOF.Gather.AccumulatorQuality:1        ; higher gathering accumulator quality]]
[2025.09.24-13.48.21:980][  0]LogConfig: Setting CVar [[r.DOF.Gather.PostfilterMethod:1          ; Median3x3 postfilering method]]
[2025.09.24-13.48.21:980][  0]LogConfig: Setting CVar [[r.DOF.Gather.EnableBokehSettings:0       ; no bokeh simulation when gathering]]
[2025.09.24-13.48.21:980][  0]LogConfig: Setting CVar [[r.DOF.Gather.RingCount:4                 ; medium number of samples when gathering]]
[2025.09.24-13.48.21:980][  0]LogConfig: Setting CVar [[r.DOF.Scatter.ForegroundCompositing:1    ; additive foreground scattering]]
[2025.09.24-13.48.21:980][  0]LogConfig: Setting CVar [[r.DOF.Scatter.BackgroundCompositing:2    ; additive background scattering]]
[2025.09.24-13.48.21:980][  0]LogConfig: Setting CVar [[r.DOF.Scatter.EnableBokehSettings:1      ; bokeh simulation when scattering]]
[2025.09.24-13.48.21:980][  0]LogConfig: Setting CVar [[r.DOF.Scatter.MaxSpriteRatio:0.1         ; only a maximum of 10% of scattered bokeh]]
[2025.09.24-13.48.21:980][  0]LogConfig: Setting CVar [[r.DOF.Recombine.Quality:1                ; cheap slight out of focus]]
[2025.09.24-13.48.21:980][  0]LogConfig: Setting CVar [[r.DOF.Recombine.EnableBokehSettings:0    ; no bokeh simulation on slight out of focus]]
[2025.09.24-13.48.21:980][  0]LogConfig: Setting CVar [[r.DOF.TemporalAAQuality:1                ; more stable temporal accumulation]]
[2025.09.24-13.48.21:980][  0]LogConfig: Setting CVar [[r.DOF.Kernel.MaxForegroundRadius:0.025]]
[2025.09.24-13.48.21:980][  0]LogConfig: Setting CVar [[r.DOF.Kernel.MaxBackgroundRadius:0.025]]
[2025.09.24-13.48.21:980][  0]LogConfig: Applying CVar settings from Section [TextureQuality@3] File [E:/GameDev/hggjam/GameJamHGGUnreal4.23.1/GameJamCrew/Saved/Config/Windows/Scalability.ini]
[2025.09.24-13.48.21:980][  0]LogConfig: Setting CVar [[r.Streaming.MipBias:0]]
[2025.09.24-13.48.21:980][  0]LogConfig: Setting CVar [[r.Streaming.AmortizeCPUToGPUCopy:0]]
[2025.09.24-13.48.21:980][  0]LogConfig: Setting CVar [[r.Streaming.MaxNumTexturesToStreamPerFrame:0]]
[2025.09.24-13.48.21:980][  0]LogConfig: Setting CVar [[r.Streaming.Boost:1]]
[2025.09.24-13.48.21:980][  0]LogConfig: Setting CVar [[r.MaxAnisotropy:8]]
[2025.09.24-13.48.21:980][  0]LogConfig: Setting CVar [[r.Streaming.LimitPoolSizeToVRAM:0]]
[2025.09.24-13.48.21:980][  0]LogConfig: Setting CVar [[r.Streaming.PoolSize:1000]]
[2025.09.24-13.48.21:980][  0]LogConfig: Setting CVar [[r.Streaming.MaxEffectiveScreenSize:0]]
[2025.09.24-13.48.21:980][  0]LogConfig: Applying CVar settings from Section [EffectsQuality@3] File [E:/GameDev/hggjam/GameJamHGGUnreal4.23.1/GameJamCrew/Saved/Config/Windows/Scalability.ini]
[2025.09.24-13.48.21:980][  0]LogConfig: Setting CVar [[r.TranslucencyLightingVolumeDim:64]]
[2025.09.24-13.48.21:980][  0]LogConfig: Setting CVar [[r.RefractionQuality:2]]
[2025.09.24-13.48.21:980][  0]LogConfig: Setting CVar [[r.SSR.Quality:3]]
[2025.09.24-13.48.21:980][  0]LogConfig: Setting CVar [[r.SceneColorFormat:4]]
[2025.09.24-13.48.21:980][  0]LogConfig: Setting CVar [[r.DetailMode:2]]
[2025.09.24-13.48.21:980][  0]LogConfig: Setting CVar [[r.TranslucencyVolumeBlur:1]]
[2025.09.24-13.48.21:980][  0]LogConfig: Setting CVar [[r.MaterialQualityLevel:1 ; High quality]]
[2025.09.24-13.48.21:980][  0]LogConfig: Setting CVar [[r.SSS.Scale:1]]
[2025.09.24-13.48.21:980][  0]LogConfig: Setting CVar [[r.SSS.SampleSet:2]]
[2025.09.24-13.48.21:980][  0]LogConfig: Setting CVar [[r.SSS.Quality:1]]
[2025.09.24-13.48.21:980][  0]LogConfig: Setting CVar [[r.SSS.HalfRes:1]]
[2025.09.24-13.48.21:980][  0]LogConfig: Setting CVar [[r.EmitterSpawnRateScale:1.0]]
[2025.09.24-13.48.21:980][  0]LogConfig: Setting CVar [[r.ParticleLightQuality:2]]
[2025.09.24-13.48.21:980][  0]LogConfig: Applying CVar settings from Section [FoliageQuality@3] File [E:/GameDev/hggjam/GameJamHGGUnreal4.23.1/GameJamCrew/Saved/Config/Windows/Scalability.ini]
[2025.09.24-13.48.21:980][  0]LogConfig: Setting CVar [[foliage.DensityScale:1.0]]
[2025.09.24-13.48.21:980][  0]LogConfig: Setting CVar [[grass.DensityScale:1.0]]
[2025.09.24-13.48.21:980][  0]LogInit: Selected Device Profile: [Windows]
[2025.09.24-13.48.21:980][  0]LogInit: Applying CVar settings loaded from the selected device profile: [Windows]
[2025.09.24-13.48.21:981][  0]LogHAL: Display: Platform has ~ 62 GB [66126716928 / 68719476736 / 62], which maps to Largest [LargestMinGB=32, LargerMinGB=12, DefaultMinGB=8, SmallerMinGB=6, SmallestMinGB=0)
[2025.09.24-13.48.21:981][  0]LogInit: Going up to parent DeviceProfile []
[2025.09.24-13.48.21:981][  0]LogConfig: Applying CVar settings from Section [ViewDistanceQuality@3] File [E:/GameDev/hggjam/GameJamHGGUnreal4.23.1/GameJamCrew/Saved/Config/Windows/Scalability.ini]
[2025.09.24-13.48.21:981][  0]LogConfig: Setting CVar [[r.SkeletalMeshLODBias:0]]
[2025.09.24-13.48.21:981][  0]LogConfig: Setting CVar [[r.ViewDistanceScale:1.0]]
[2025.09.24-13.48.21:981][  0]LogConfig: Applying CVar settings from Section [AntiAliasingQuality@3] File [E:/GameDev/hggjam/GameJamHGGUnreal4.23.1/GameJamCrew/Saved/Config/Windows/Scalability.ini]
[2025.09.24-13.48.21:981][  0]LogConfig: Setting CVar [[r.PostProcessAAQuality:4]]
[2025.09.24-13.48.21:981][  0]LogConfig: Applying CVar settings from Section [ShadowQuality@3] File [E:/GameDev/hggjam/GameJamHGGUnreal4.23.1/GameJamCrew/Saved/Config/Windows/Scalability.ini]
[2025.09.24-13.48.21:981][  0]LogConfig: Setting CVar [[r.LightFunctionQuality:1]]
[2025.09.24-13.48.21:981][  0]LogConfig: Setting CVar [[r.ShadowQuality:5]]
[2025.09.24-13.48.21:981][  0]LogConfig: Setting CVar [[r.Shadow.CSM.MaxCascades:10]]
[2025.09.24-13.48.21:981][  0]LogConfig: Setting CVar [[r.Shadow.MaxResolution:2048]]
[2025.09.24-13.48.21:981][  0]LogConfig: Setting CVar [[r.Shadow.MaxCSMResolution:2048]]
[2025.09.24-13.48.21:981][  0]LogConfig: Setting CVar [[r.Shadow.RadiusThreshold:0.01]]
[2025.09.24-13.48.21:981][  0]LogConfig: Setting CVar [[r.Shadow.DistanceScale:1.0]]
[2025.09.24-13.48.21:981][  0]LogConfig: Setting CVar [[r.Shadow.CSM.TransitionScale:1.0]]
[2025.09.24-13.48.21:981][  0]LogConfig: Setting CVar [[r.Shadow.PreShadowResolutionFactor:1.0]]
[2025.09.24-13.48.21:981][  0]LogConfig: Setting CVar [[r.DistanceFieldShadowing:1]]
[2025.09.24-13.48.21:981][  0]LogConfig: Setting CVar [[r.DistanceFieldAO:1]]
[2025.09.24-13.48.21:981][  0]LogConfig: Setting CVar [[r.AOQuality:2]]
[2025.09.24-13.48.21:981][  0]LogConfig: Setting CVar [[r.VolumetricFog:1]]
[2025.09.24-13.48.21:981][  0]LogConfig: Setting CVar [[r.VolumetricFog.GridPixelSize:8]]
[2025.09.24-13.48.21:981][  0]LogConfig: Setting CVar [[r.VolumetricFog.GridSizeZ:128]]
[2025.09.24-13.48.21:981][  0]LogConfig: Setting CVar [[r.VolumetricFog.HistoryMissSupersampleCount:4]]
[2025.09.24-13.48.21:981][  0]LogConfig: Setting CVar [[r.LightMaxDrawDistanceScale:1]]
[2025.09.24-13.48.21:981][  0]LogConfig: Setting CVar [[r.CapsuleShadows:1]]
[2025.09.24-13.48.21:981][  0]LogConfig: Applying CVar settings from Section [PostProcessQuality@3] File [E:/GameDev/hggjam/GameJamHGGUnreal4.23.1/GameJamCrew/Saved/Config/Windows/Scalability.ini]
[2025.09.24-13.48.21:981][  0]LogConfig: Setting CVar [[r.MotionBlurQuality:4]]
[2025.09.24-13.48.21:981][  0]LogConfig: Setting CVar [[r.AmbientOcclusionMipLevelFactor:0.4]]
[2025.09.24-13.48.21:981][  0]LogConfig: Setting CVar [[r.AmbientOcclusionMaxQuality:100]]
[2025.09.24-13.48.21:981][  0]LogConfig: Setting CVar [[r.AmbientOcclusionLevels:-1]]
[2025.09.24-13.48.21:981][  0]LogConfig: Setting CVar [[r.AmbientOcclusionRadiusScale:1.0]]
[2025.09.24-13.48.21:981][  0]LogConfig: Setting CVar [[r.DepthOfFieldQuality:2]]
[2025.09.24-13.48.21:981][  0]LogConfig: Setting CVar [[r.RenderTargetPoolMin:400]]
[2025.09.24-13.48.21:981][  0]LogConfig: Setting CVar [[r.LensFlareQuality:2]]
[2025.09.24-13.48.21:981][  0]LogConfig: Setting CVar [[r.SceneColorFringeQuality:1]]
[2025.09.24-13.48.21:981][  0]LogConfig: Setting CVar [[r.EyeAdaptationQuality:2]]
[2025.09.24-13.48.21:981][  0]LogConfig: Setting CVar [[r.BloomQuality:5]]
[2025.09.24-13.48.21:981][  0]LogConfig: Setting CVar [[r.FastBlurThreshold:100]]
[2025.09.24-13.48.21:981][  0]LogConfig: Setting CVar [[r.Upscale.Quality:3]]
[2025.09.24-13.48.21:981][  0]LogConfig: Setting CVar [[r.Tonemapper.GrainQuantization:1]]
[2025.09.24-13.48.21:981][  0]LogConfig: Setting CVar [[r.LightShaftQuality:1]]
[2025.09.24-13.48.21:981][  0]LogConfig: Setting CVar [[r.Filter.SizeScale:1]]
[2025.09.24-13.48.21:981][  0]LogConfig: Setting CVar [[r.Tonemapper.Quality:5]]
[2025.09.24-13.48.21:981][  0]LogConfig: Setting CVar [[r.DOF.Gather.AccumulatorQuality:1        ; higher gathering accumulator quality]]
[2025.09.24-13.48.21:981][  0]LogConfig: Setting CVar [[r.DOF.Gather.PostfilterMethod:1          ; Median3x3 postfilering method]]
[2025.09.24-13.48.21:981][  0]LogConfig: Setting CVar [[r.DOF.Gather.EnableBokehSettings:0       ; no bokeh simulation when gathering]]
[2025.09.24-13.48.21:981][  0]LogConfig: Setting CVar [[r.DOF.Gather.RingCount:4                 ; medium number of samples when gathering]]
[2025.09.24-13.48.21:981][  0]LogConfig: Setting CVar [[r.DOF.Scatter.ForegroundCompositing:1    ; additive foreground scattering]]
[2025.09.24-13.48.21:981][  0]LogConfig: Setting CVar [[r.DOF.Scatter.BackgroundCompositing:2    ; additive background scattering]]
[2025.09.24-13.48.21:981][  0]LogConfig: Setting CVar [[r.DOF.Scatter.EnableBokehSettings:1      ; bokeh simulation when scattering]]
[2025.09.24-13.48.21:981][  0]LogConfig: Setting CVar [[r.DOF.Scatter.MaxSpriteRatio:0.1         ; only a maximum of 10% of scattered bokeh]]
[2025.09.24-13.48.21:981][  0]LogConfig: Setting CVar [[r.DOF.Recombine.Quality:1                ; cheap slight out of focus]]
[2025.09.24-13.48.21:981][  0]LogConfig: Setting CVar [[r.DOF.Recombine.EnableBokehSettings:0    ; no bokeh simulation on slight out of focus]]
[2025.09.24-13.48.21:981][  0]LogConfig: Setting CVar [[r.DOF.TemporalAAQuality:1                ; more stable temporal accumulation]]
[2025.09.24-13.48.21:981][  0]LogConfig: Setting CVar [[r.DOF.Kernel.MaxForegroundRadius:0.025]]
[2025.09.24-13.48.21:981][  0]LogConfig: Setting CVar [[r.DOF.Kernel.MaxBackgroundRadius:0.025]]
[2025.09.24-13.48.21:981][  0]LogConfig: Applying CVar settings from Section [TextureQuality@3] File [E:/GameDev/hggjam/GameJamHGGUnreal4.23.1/GameJamCrew/Saved/Config/Windows/Scalability.ini]
[2025.09.24-13.48.21:982][  0]LogConfig: Setting CVar [[r.Streaming.MipBias:0]]
[2025.09.24-13.48.21:982][  0]LogConfig: Setting CVar [[r.Streaming.AmortizeCPUToGPUCopy:0]]
[2025.09.24-13.48.21:982][  0]LogConfig: Setting CVar [[r.Streaming.MaxNumTexturesToStreamPerFrame:0]]
[2025.09.24-13.48.21:982][  0]LogConfig: Setting CVar [[r.Streaming.Boost:1]]
[2025.09.24-13.48.21:982][  0]LogConfig: Setting CVar [[r.MaxAnisotropy:8]]
[2025.09.24-13.48.21:982][  0]LogConfig: Setting CVar [[r.Streaming.LimitPoolSizeToVRAM:0]]
[2025.09.24-13.48.21:982][  0]LogConfig: Setting CVar [[r.Streaming.PoolSize:1000]]
[2025.09.24-13.48.21:982][  0]LogConfig: Setting CVar [[r.Streaming.MaxEffectiveScreenSize:0]]
[2025.09.24-13.48.21:982][  0]LogConfig: Applying CVar settings from Section [EffectsQuality@3] File [E:/GameDev/hggjam/GameJamHGGUnreal4.23.1/GameJamCrew/Saved/Config/Windows/Scalability.ini]
[2025.09.24-13.48.21:982][  0]LogConfig: Setting CVar [[r.TranslucencyLightingVolumeDim:64]]
[2025.09.24-13.48.21:982][  0]LogConfig: Setting CVar [[r.RefractionQuality:2]]
[2025.09.24-13.48.21:982][  0]LogConfig: Setting CVar [[r.SSR.Quality:3]]
[2025.09.24-13.48.21:982][  0]LogConfig: Setting CVar [[r.SceneColorFormat:4]]
[2025.09.24-13.48.21:982][  0]LogConfig: Setting CVar [[r.DetailMode:2]]
[2025.09.24-13.48.21:982][  0]LogConfig: Setting CVar [[r.TranslucencyVolumeBlur:1]]
[2025.09.24-13.48.21:982][  0]LogConfig: Setting CVar [[r.MaterialQualityLevel:1 ; High quality]]
[2025.09.24-13.48.21:982][  0]LogConfig: Setting CVar [[r.SSS.Scale:1]]
[2025.09.24-13.48.21:982][  0]LogConfig: Setting CVar [[r.SSS.SampleSet:2]]
[2025.09.24-13.48.21:982][  0]LogConfig: Setting CVar [[r.SSS.Quality:1]]
[2025.09.24-13.48.21:982][  0]LogConfig: Setting CVar [[r.SSS.HalfRes:1]]
[2025.09.24-13.48.21:982][  0]LogConfig: Setting CVar [[r.EmitterSpawnRateScale:1.0]]
[2025.09.24-13.48.21:982][  0]LogConfig: Setting CVar [[r.ParticleLightQuality:2]]
[2025.09.24-13.48.21:982][  0]LogConfig: Applying CVar settings from Section [FoliageQuality@3] File [E:/GameDev/hggjam/GameJamHGGUnreal4.23.1/GameJamCrew/Saved/Config/Windows/Scalability.ini]
[2025.09.24-13.48.21:982][  0]LogConfig: Setting CVar [[foliage.DensityScale:1.0]]
[2025.09.24-13.48.21:982][  0]LogConfig: Setting CVar [[grass.DensityScale:1.0]]
[2025.09.24-13.48.21:982][  0]LogConfig: Applying CVar settings from Section [Startup] File [../../../Engine/Config/ConsoleVariables.ini]
[2025.09.24-13.48.21:982][  0]LogConfig: Setting CVar [[net.UseAdaptiveNetUpdateFrequency:0]]
[2025.09.24-13.48.21:982][  0]LogConfig: Setting CVar [[p.chaos.AllowCreatePhysxBodies:1]]
[2025.09.24-13.48.21:982][  0]LogConfig: Applying CVar settings from Section [ConsoleVariables] File [E:/GameDev/hggjam/GameJamHGGUnreal4.23.1/GameJamCrew/Saved/Config/Windows/Engine.ini]
[2025.09.24-13.48.21:982][  0]LogInit: Computer: CECOMAIN
[2025.09.24-13.48.21:982][  0]LogInit: User: Цветан
[2025.09.24-13.48.21:982][  0]LogInit: CPU Page size=4096, Cores=8
[2025.09.24-13.48.21:982][  0]LogInit: High frequency timer resolution =10.000000 MHz
[2025.09.24-13.48.21:982][  0]LogMemory: Memory total: Physical=61.6GB (62GB approx)
[2025.09.24-13.48.21:982][  0]LogMemory: Platform Memory Stats for Windows
[2025.09.24-13.48.21:982][  0]LogMemory: Process Physical Memory: 108.02 MB used, 108.02 MB peak
[2025.09.24-13.48.21:982][  0]LogMemory: Process Virtual Memory: 101.07 MB used, 101.07 MB peak
[2025.09.24-13.48.21:982][  0]LogMemory: Physical Memory: 15159.25 MB used,  47904.10 MB free, 63063.35 MB total
[2025.09.24-13.48.21:982][  0]LogMemory: Virtual Memory: 4713.26 MB used,  134213016.00 MB free, 134217728.00 MB total
[2025.09.24-13.48.21:984][  0]LogWindows: WindowsPlatformFeatures enabled
[2025.09.24-13.48.22:007][  0]LogInit: Using OS detected language (en-GB).
[2025.09.24-13.48.22:007][  0]LogInit: Using OS detected locale (en-US).
[2025.09.24-13.48.22:008][  0]LogTextLocalizationManager: No specific localization for 'en-GB' exists, so the 'en' localization will be used.
[2025.09.24-13.48.22:092][  0]LogInit: Setting process to per monitor DPI aware
[2025.09.24-13.48.22:117][  0]LogSlate: New Slate User Created.  User Index 0, Is Virtual User: 0
[2025.09.24-13.48.22:117][  0]LogSlate: Slate User Registered.  User Index 0, Is Virtual User: 0
[2025.09.24-13.48.22:197][  0]LogHMD: Failed to initialize OpenVR with code 110
[2025.09.24-13.48.22:197][  0]LogD3D11RHI: D3D11 adapters:
[2025.09.24-13.48.22:312][  0]LogD3D11RHI:    0. 'NVIDIA GeForce RTX 5070' (Feature Level 11_0)
[2025.09.24-13.48.22:312][  0]LogD3D11RHI:       11855/0/31531 MB DedicatedVideo/DedicatedSystem/SharedSystem, Outputs:2, VendorId:0x10de
[2025.09.24-13.48.22:351][  0]LogD3D11RHI:    1. 'AMD Radeon(TM) Graphics' (Feature Level 11_0)
[2025.09.24-13.48.22:351][  0]LogD3D11RHI:       2021/0/31531 MB DedicatedVideo/DedicatedSystem/SharedSystem, Outputs:0, VendorId:0x1002
[2025.09.24-13.48.22:352][  0]LogD3D11RHI:    2. 'Microsoft Basic Render Driver' (Feature Level 11_0)
[2025.09.24-13.48.22:353][  0]LogD3D11RHI:       0/0/31531 MB DedicatedVideo/DedicatedSystem/SharedSystem, Outputs:0, VendorId:0x1414
[2025.09.24-13.48.22:353][  0]LogD3D11RHI: Chosen D3D11 Adapter: 0
[2025.09.24-13.48.22:358][  0]LogD3D11RHI: Creating new Direct3DDevice
[2025.09.24-13.48.22:358][  0]LogD3D11RHI:     GPU DeviceId: 0x2f04 (for the marketing name, search the web for "GPU Device Id")
[2025.09.24-13.48.22:358][  0]LogWindows: EnumDisplayDevices:
[2025.09.24-13.48.22:358][  0]LogWindows:    0. 'NVIDIA GeForce RTX 5070' (P:1 D:1)
[2025.09.24-13.48.22:359][  0]LogWindows:    1. 'NVIDIA GeForce RTX 5070' (P:0 D:1)
[2025.09.24-13.48.22:359][  0]LogWindows:    2. 'NVIDIA GeForce RTX 5070' (P:0 D:0)
[2025.09.24-13.48.22:359][  0]LogWindows:    3. 'NVIDIA GeForce RTX 5070' (P:0 D:0)
[2025.09.24-13.48.22:359][  0]LogWindows:    4. 'AMD Radeon(TM) Graphics' (P:0 D:0)
[2025.09.24-13.48.22:359][  0]LogWindows:    5. 'AMD Radeon(TM) Graphics' (P:0 D:0)
[2025.09.24-13.48.22:359][  0]LogWindows:    6. 'AMD Radeon(TM) Graphics' (P:0 D:0)
[2025.09.24-13.48.22:360][  0]LogWindows:    7. 'AMD Radeon(TM) Graphics' (P:0 D:0)
[2025.09.24-13.48.22:360][  0]LogWindows:    8. 'AMD Radeon(TM) Graphics' (P:0 D:0)
[2025.09.24-13.48.22:360][  0]LogWindows: DebugString: PrimaryIsNotTheChoosenAdapter PrimaryIsNotTheChoosenAdapter PrimaryIsNotTheChoosenAdapter PrimaryIsNotTheChoosenAdapter PrimaryIsNotTheChoosenAdapter FoundDriverCount:4 
[2025.09.24-13.48.22:360][  0]LogD3D11RHI:     Adapter Name: NVIDIA GeForce RTX 5070
[2025.09.24-13.48.22:360][  0]LogD3D11RHI:   Driver Version: 581.15 (internal:32.0.15.8115, unified:581.15)
[2025.09.24-13.48.22:360][  0]LogD3D11RHI:      Driver Date: 8-21-2025
[2025.09.24-13.48.22:360][  0]LogRHI: Texture pool is 8298 MB (70% of 11855 MB)
[2025.09.24-13.48.22:434][  0]LogD3D11RHI: Async texture creation enabled
[2025.09.24-13.48.22:449][  0]LogD3D11RHI: GPU Timing Frequency: 1000.000000 (Debug: 2 2)
[2025.09.24-13.48.22:620][  0]LogTemp: Display: Module 'AllDesktopTargetPlatform' loaded TargetPlatform 'AllDesktop'
[2025.09.24-13.48.22:623][  0]LogTemp: Display: Module 'MacClientTargetPlatform' loaded TargetPlatform 'MacClient'
[2025.09.24-13.48.22:627][  0]LogTemp: Display: Module 'MacNoEditorTargetPlatform' loaded TargetPlatform 'MacNoEditor'
[2025.09.24-13.48.22:631][  0]LogTemp: Display: Module 'MacServerTargetPlatform' loaded TargetPlatform 'MacServer'
[2025.09.24-13.48.22:636][  0]LogTemp: Display: Module 'MacTargetPlatform' loaded TargetPlatform 'Mac'
[2025.09.24-13.48.22:639][  0]LogTemp: Display: Module 'WindowsClientTargetPlatform' loaded TargetPlatform 'WindowsClient'
[2025.09.24-13.48.22:644][  0]LogTemp: Display: Module 'WindowsNoEditorTargetPlatform' loaded TargetPlatform 'WindowsNoEditor'
[2025.09.24-13.48.22:648][  0]LogTemp: Display: Module 'WindowsServerTargetPlatform' loaded TargetPlatform 'WindowsServer'
[2025.09.24-13.48.22:650][  0]LogTemp: Display: Module 'WindowsTargetPlatform' loaded TargetPlatform 'Windows'
[2025.09.24-13.48.22:665][  0]LogTemp: Display: Module 'AndroidTargetPlatform' loaded TargetPlatform 'Android'
[2025.09.24-13.48.22:665][  0]LogTemp: Display: Module 'AndroidTargetPlatform' loaded TargetPlatform 'Android_ASTC'
[2025.09.24-13.48.22:665][  0]LogTemp: Display: Module 'AndroidTargetPlatform' loaded TargetPlatform 'Android_ATC'
[2025.09.24-13.48.22:665][  0]LogTemp: Display: Module 'AndroidTargetPlatform' loaded TargetPlatform 'Android_DXT'
[2025.09.24-13.48.22:665][  0]LogTemp: Display: Module 'AndroidTargetPlatform' loaded TargetPlatform 'Android_ETC1'
[2025.09.24-13.48.22:665][  0]LogTemp: Display: Module 'AndroidTargetPlatform' loaded TargetPlatform 'Android_ETC1a'
[2025.09.24-13.48.22:665][  0]LogTemp: Display: Module 'AndroidTargetPlatform' loaded TargetPlatform 'Android_ETC2'
[2025.09.24-13.48.22:665][  0]LogTemp: Display: Module 'AndroidTargetPlatform' loaded TargetPlatform 'Android_PVRTC'
[2025.09.24-13.48.22:665][  0]LogTemp: Display: Module 'AndroidTargetPlatform' loaded TargetPlatform 'AndroidClient'
[2025.09.24-13.48.22:665][  0]LogTemp: Display: Module 'AndroidTargetPlatform' loaded TargetPlatform 'Android_ASTCClient'
[2025.09.24-13.48.22:665][  0]LogTemp: Display: Module 'AndroidTargetPlatform' loaded TargetPlatform 'Android_ATCClient'
[2025.09.24-13.48.22:665][  0]LogTemp: Display: Module 'AndroidTargetPlatform' loaded TargetPlatform 'Android_DXTClient'
[2025.09.24-13.48.22:665][  0]LogTemp: Display: Module 'AndroidTargetPlatform' loaded TargetPlatform 'Android_ETC1Client'
[2025.09.24-13.48.22:665][  0]LogTemp: Display: Module 'AndroidTargetPlatform' loaded TargetPlatform 'Android_ETC1aClient'
[2025.09.24-13.48.22:665][  0]LogTemp: Display: Module 'AndroidTargetPlatform' loaded TargetPlatform 'Android_ETC2Client'
[2025.09.24-13.48.22:665][  0]LogTemp: Display: Module 'AndroidTargetPlatform' loaded TargetPlatform 'Android_PVRTCClient'
[2025.09.24-13.48.22:665][  0]LogTemp: Display: Module 'AndroidTargetPlatform' loaded TargetPlatform 'Android_Multi'
[2025.09.24-13.48.22:665][  0]LogTemp: Display: Module 'AndroidTargetPlatform' loaded TargetPlatform 'Android_MultiClient'
[2025.09.24-13.48.22:667][  0]LogTemp: Display: Module 'HTML5TargetPlatform' loaded TargetPlatform 'HTML5'
[2025.09.24-13.48.22:675][  0]LogTemp: Display: Module 'IOSTargetPlatform' loaded TargetPlatform 'IOSClient'
[2025.09.24-13.48.22:675][  0]LogTemp: Display: Module 'IOSTargetPlatform' loaded TargetPlatform 'IOS'
[2025.09.24-13.48.22:681][  0]LogTemp: Display: Module 'TVOSTargetPlatform' loaded TargetPlatform 'TVOSClient'
[2025.09.24-13.48.22:681][  0]LogTemp: Display: Module 'TVOSTargetPlatform' loaded TargetPlatform 'TVOS'
[2025.09.24-13.48.22:684][  0]LogTemp: Display: Module 'LinuxClientTargetPlatform' loaded TargetPlatform 'LinuxClient'
[2025.09.24-13.48.22:687][  0]LogTemp: Display: Module 'LinuxNoEditorTargetPlatform' loaded TargetPlatform 'LinuxNoEditor'
[2025.09.24-13.48.22:690][  0]LogTemp: Display: Module 'LinuxServerTargetPlatform' loaded TargetPlatform 'LinuxServer'
[2025.09.24-13.48.22:694][  0]LogTemp: Display: Module 'LinuxTargetPlatform' loaded TargetPlatform 'Linux'
[2025.09.24-13.48.22:703][  0]LogTemp: Display: Module 'LuminTargetPlatform' loaded TargetPlatform 'Lumin'
[2025.09.24-13.48.22:703][  0]LogTemp: Display: Module 'LuminTargetPlatform' loaded TargetPlatform 'LuminClient'
[2025.09.24-13.48.22:703][  0]LogTargetPlatformManager: Display: Building Assets For Windows
[2025.09.24-13.48.22:708][  0]LogAudioDebug: Display: Lib vorbis DLL was dynamically loaded.
[2025.09.24-13.48.22:728][  0]LogShaderCompilers: Guid format shader working directory is -6 characters bigger than the processId version (E:/GameDev/hggjam/GameJamHGGUnreal4.23.1/GameJamCrew/Intermediate/Shaders/WorkingDirectory/23824/).
[2025.09.24-13.48.22:728][  0]LogShaderCompilers: Cleaned the shader compiler working directory 'C:/Users/Цветан/AppData/Local/Temp/UnrealShaderWorkingDir/08841D604A20FB8DDE19888A8F08013B/'.
[2025.09.24-13.48.22:729][  0]LogXGEController: Cannot use XGE Controller as Incredibuild is not installed on this machine.
[2025.09.24-13.48.22:729][  0]LogShaderCompilers: Cannot use XGE Shader Compiler as Incredibuild is not installed on this machine.
[2025.09.24-13.48.22:729][  0]LogShaderCompilers: Display: Using Local Shader Compiler.
[2025.09.24-13.48.22:987][  0]LogDerivedDataCache: Display: Max Cache Size: 512 MB
[2025.09.24-13.48.23:010][  0]LogDerivedDataCache: Loaded boot cache 0.02s 73MB C:/Users/Цветан/AppData/Local/UnrealEngine/4.23/DerivedDataCache/Boot.ddc.
[2025.09.24-13.48.23:010][  0]LogDerivedDataCache: Display: Loaded Boot cache: C:/Users/Цветан/AppData/Local/UnrealEngine/4.23/DerivedDataCache/Boot.ddc
[2025.09.24-13.48.23:010][  0]LogDerivedDataCache: FDerivedDataBackendGraph:  Pak pak cache file E:/GameDev/hggjam/GameJamHGGUnreal4.23.1/GameJamCrew/DerivedDataCache/DDC.ddp not found, will not use a pak cache.
[2025.09.24-13.48.23:010][  0]LogDerivedDataCache: Unable to find inner node Pak for hierarchical cache Hierarchy.
[2025.09.24-13.48.23:010][  0]LogDerivedDataCache: FDerivedDataBackendGraph:  CompressedPak pak cache file E:/GameDev/hggjam/GameJamHGGUnreal4.23.1/GameJamCrew/DerivedDataCache/Compressed.ddp not found, will not use a pak cache.
[2025.09.24-13.48.23:010][  0]LogDerivedDataCache: Unable to find inner node CompressedPak for hierarchical cache Hierarchy.
[2025.09.24-13.48.23:018][  0]LogDerivedDataCache: Display: Pak cache opened for reading ../../../Engine/DerivedDataCache/Compressed.ddp.
[2025.09.24-13.48.23:018][  0]LogDerivedDataCache: FDerivedDataBackendGraph:  EnterprisePak pak cache file ../../../Enterprise/DerivedDataCache/Compressed.ddp not found, will not use a pak cache.
[2025.09.24-13.48.23:018][  0]LogDerivedDataCache: Unable to find inner node EnterprisePak for hierarchical cache Hierarchy.
[2025.09.24-13.48.23:019][  0]LogDerivedDataCache: Using Local data cache path C:/Users/Цветан/AppData/Local/UnrealEngine/Common/DerivedDataCache: Writable
[2025.09.24-13.48.23:019][  0]LogDerivedDataCache: Shared data cache path not found in *engine.ini, will not use an Shared cache.
[2025.09.24-13.48.23:019][  0]LogDerivedDataCache: Unable to find inner node Shared for hierarchical cache Hierarchy.
[2025.09.24-13.48.23:029][  0]LogMaterial: Verifying Global Shaders for PCD3D_SM5
[2025.09.24-13.48.23:031][  0]LogSlate: Using FreeType 2.6.0
[2025.09.24-13.48.23:031][  0]LogSlate: SlateFontServices - WITH_FREETYPE: 1, WITH_HARFBUZZ: 1
[2025.09.24-13.48.23:057][  0]LogAssetRegistry: FAssetRegistry took 0.0016 seconds to start up
[2025.09.24-13.48.23:187][  0]LogInit: Selected Device Profile: [Windows]
[2025.09.24-13.48.23:251][  0]LogMeshReduction: Using QuadricMeshReduction for automatic static mesh reduction
[2025.09.24-13.48.23:251][  0]LogMeshReduction: Using SimplygonMeshReduction for automatic skeletal mesh reduction
[2025.09.24-13.48.23:251][  0]LogMeshReduction: Using ProxyLODMeshReduction for automatic mesh merging
[2025.09.24-13.48.23:251][  0]LogMeshReduction: No distributed automatic mesh merging module available
[2025.09.24-13.48.23:251][  0]LogMeshMerging: No distributed automatic mesh merging module available
[2025.09.24-13.48.23:256][  0]LogNetVersion: GameJamCrew 1.0.0, NetCL: 8386587, EngineNetVer: 11, GameNetVer: 0 (Checksum: 118800057)
[2025.09.24-13.48.23:426][  0]LogPackageLocalizationCache: Processed 12 localized package path(s) for 1 prioritized culture(s) in 0.021797 seconds
[2025.09.24-13.48.23:429][  0]LogUObjectArray: 43444 objects as part of root set at end of initial load.
[2025.09.24-13.48.23:429][  0]LogUObjectAllocator: 7548648 out of 0 bytes used by permanent object pool.
[2025.09.24-13.48.23:429][  0]LogUObjectArray: CloseDisregardForGC: 0/0 objects in disregard for GC pool
[2025.09.24-13.48.23:791][  0]LogTcpMessaging: Initializing TcpMessaging bridge
[2025.09.24-13.48.23:792][  0]LogUdpMessaging: Initializing bridge on interface 0.0.0.0:0 to multicast group 230.0.0.1:6666.
[2025.09.24-13.48.23:815][  0]SourceControl: Source control is disabled
[2025.09.24-13.48.23:817][  0]SourceControl: Source control is disabled
[2025.09.24-13.48.23:818][  0]SourceControl: Source control is disabled
[2025.09.24-13.48.23:818][  0]SourceControl: Source control is disabled
[2025.09.24-13.48.23:855][  0]LogAndroidPermission: UAndroidPermissionCallbackProxy::GetInstance
[2025.09.24-13.48.23:916][  0]LogOcInput: OculusInput pre-init called
[2025.09.24-13.48.23:920][  0]LogWindows: Failed to load 'OVRPlugin.dll' (GetLastError=126)
[2025.09.24-13.48.23:921][  0]LogWindows: File 'OVRPlugin.dll' does not exist
[2025.09.24-13.48.23:951][  0]LogEngine: Initializing Engine...
[2025.09.24-13.48.23:951][  0]LogHMD: Failed to initialize OpenVR with code 110
[2025.09.24-13.48.23:952][  0]LogStats: UGameplayTagsManager::InitializeManager -  0.000 s
[2025.09.24-13.48.24:025][  0]LogInit: Initializing FReadOnlyCVARCache
[2025.09.24-13.48.24:032][  0]LogAIModule: Creating AISystem for world Untitled
[2025.09.24-13.48.24:042][  0]LogInit: XAudio2 using 'Speakers (Realtek(R) Audio)' : 2 channels at 48 kHz using 32 bits per sample (channel mask 0x3)
[2025.09.24-13.48.24:055][  0]LogInit: FAudioDevice initialized.
[2025.09.24-13.48.24:055][  0]LogNetVersion: Set ProjectVersion to 1.0.0.0. Version Checksum will be recalculated on next use.
[2025.09.24-13.48.24:085][  0]LogDerivedDataCache: Saved boot cache 0.03s 73MB C:/Users/Цветан/AppData/Local/UnrealEngine/4.23/DerivedDataCache/Boot.ddc.
[2025.09.24-13.48.24:087][  0]LogInit: Texture streaming: Enabled
[2025.09.24-13.48.24:097][  0]LogEngineSessionManager: EngineSessionManager initialized
[2025.09.24-13.48.24:097][  0]LogEditorSessionSummary: Verbose: Initializing EditorSessionSummaryWriter for editor session tracking
[2025.09.24-13.48.24:097][  0]LogEditorSessionSummary: EditorSessionSummaryWriter initialized
[2025.09.24-13.48.24:115][  0]LogInit: Transaction tracking system initialized
[2025.09.24-13.48.24:130][  0]BlueprintLog: New page: Editor Load
[2025.09.24-13.48.24:163][  0]LocalizationService: Localization service is disabled
[2025.09.24-13.48.24:255][  0]LogFileCache: Scanning file cache for directory 'E:/GameDev/hggjam/GameJamHGGUnreal4.23.1/GameJamCrew/Content/' took 0.01s
[2025.09.24-13.48.24:255][  0]LogCook: Display: Max memory allowance for cook 16384mb min free memory 0mb
[2025.09.24-13.48.24:255][  0]LogCook: Display: Mobile HDR setting 1
[2025.09.24-13.48.24:338][  0]SourceControl: Source control is disabled
[2025.09.24-13.48.24:338][  0]Cmd: MAP LOAD FILE="E:/GameDev/hggjam/GameJamHGGUnreal4.23.1/GameJamCrew/Content/ThirdPersonBP/Maps/ThirdPersonExampleMap.umap" TEMPLATE=0 SHOWPROGRESS=1 FEATURELEVEL=3
[2025.09.24-13.48.24:343][  0]LightingResults: New page: Lighting Build
[2025.09.24-13.48.24:346][  0]LogWorld: UWorld::CleanupWorld for Untitled, bSessionEnded=true, bCleanupResources=true
[2025.09.24-13.48.24:346][  0]MapCheck: New page: Map Check
[2025.09.24-13.48.24:346][  0]LightingResults: New page: Lighting Build
[2025.09.24-13.48.24:367][  0]LogUObjectHash: Compacting FUObjectHashTables data took   1.08ms
[2025.09.24-13.48.24:732][  0]LogAIModule: Creating AISystem for world ThirdPersonExampleMap
[2025.09.24-13.48.24:740][  0]LogEditorServer: Finished looking for orphan Actors (0.000 secs)
[2025.09.24-13.48.24:762][  0]LogUObjectHash: Compacting FUObjectHashTables data took   1.05ms
[2025.09.24-13.48.24:762][  0]Cmd: MAP CHECKDEP NOCLEARLOG
[2025.09.24-13.48.24:762][  0]MapCheck: Map check complete: 0 Error(s), 0 Warning(s), took 0.075ms to complete.
[2025.09.24-13.48.24:762][  0]LogFileHelpers: Loading map 'ThirdPersonExampleMap' took 0.425
[2025.09.24-13.48.24:858][  0]LogSlate: Updating window title bar state: overlay mode, drag disabled, window buttons hidden, title bar hidden
[2025.09.24-13.48.24:863][  0]LogSlate: Updating window title bar state: overlay mode, drag disabled, window buttons hidden, title bar hidden
[2025.09.24-13.48.24:867][  0]LogSlate: Updating window title bar state: overlay mode, drag disabled, window buttons hidden, title bar hidden
[2025.09.24-13.48.24:871][  0]LogSlate: Updating window title bar state: overlay mode, drag disabled, window buttons hidden, title bar hidden
[2025.09.24-13.48.24:875][  0]LogSlate: Updating window title bar state: overlay mode, drag disabled, window buttons hidden, title bar hidden
[2025.09.24-13.48.24:876][  0]LogSlate: Updating window title bar state: overlay mode, drag disabled, window buttons hidden, title bar hidden
[2025.09.24-13.48.24:880][  0]LogSlate: Updating window title bar state: overlay mode, drag disabled, window buttons hidden, title bar hidden
[2025.09.24-13.48.24:883][  0]LogSlate: Updating window title bar state: overlay mode, drag disabled, window buttons hidden, title bar hidden
[2025.09.24-13.48.24:887][  0]LogSlate: Updating window title bar state: overlay mode, drag disabled, window buttons hidden, title bar hidden
[2025.09.24-13.48.24:891][  0]LogSlate: Updating window title bar state: overlay mode, drag disabled, window buttons hidden, title bar hidden
[2025.09.24-13.48.24:894][  0]LogSlate: Updating window title bar state: overlay mode, drag disabled, window buttons hidden, title bar hidden
[2025.09.24-13.48.24:897][  0]LogSlate: Updating window title bar state: overlay mode, drag disabled, window buttons hidden, title bar hidden
[2025.09.24-13.48.24:903][  0]LogCollectionManager: Loaded 0 collections in 0.001247 seconds
[2025.09.24-13.48.24:916][  0]LogFileCache: Scanning file cache for directory 'E:/GameDev/hggjam/GameJamHGGUnreal4.23.1/GameJamCrew/Saved/Collections/' took 0.00s
[2025.09.24-13.48.24:916][  0]LogFileCache: Scanning file cache for directory 'E:/GameDev/hggjam/GameJamHGGUnreal4.23.1/GameJamCrew/Content/Developers/Цветан/Collections/' took 0.00s
[2025.09.24-13.48.24:916][  0]LogFileCache: Scanning file cache for directory 'E:/GameDev/hggjam/GameJamHGGUnreal4.23.1/GameJamCrew/Content/Collections/' took 0.00s
[2025.09.24-13.48.24:916][  0]LogCollectionManager: Rebuilt the GUID cache for 0 collections in 0.000001 seconds
[2025.09.24-13.48.24:922][  0]LogContentBrowser: Native class hierarchy populated in 0.0055 seconds. Added 2863 classes and 680 folders.
[2025.09.24-13.48.24:928][  0]LogContentBrowser: Native class hierarchy updated for 'WidgetCarousel' in 0.0001 seconds. Added 0 classes and 0 folders.
[2025.09.24-13.48.24:991][  0]LogContentBrowser: Native class hierarchy updated for 'AddContentDialog' in 0.0002 seconds. Added 0 classes and 0 folders.
[2025.09.24-13.48.24:998][  0]LogContentBrowser: Native class hierarchy updated for 'SceneOutliner' in 0.0002 seconds. Added 1 classes and 2 folders.
[2025.09.24-13.48.25:037][  0]LogSlate: Took 0.000108 seconds to synchronously load lazily loaded font '../../../Engine/Content/Slate/Fonts/Roboto-Regular.ttf' (155K)
[2025.09.24-13.48.25:038][  0]LogSlate: Took 0.000085 seconds to synchronously load lazily loaded font '../../../Engine/Content/Slate/Fonts/Roboto-Bold.ttf' (160K)
[2025.09.24-13.48.25:040][  0]LogSlate: Took 0.000336 seconds to synchronously load lazily loaded font '../../../Engine/Content/Editor/Slate/Fonts/FontAwesome.ttf' (139K)
[2025.09.24-13.48.25:075][  0]LogRenderer: Reallocating scene render targets to support 1636x888 Format 10 NumSamples 1 (Frame:1).
[2025.09.24-13.48.25:105][  0]LogSlate: Took 0.000435 seconds to synchronously load lazily loaded font '../../../Engine/Content/Slate/Fonts/Roboto-Light.ttf' (167K)
[2025.09.24-13.48.25:134][  0]LogContentBrowser: Native class hierarchy updated for 'HierarchicalLODOutliner' in 0.0001 seconds. Added 0 classes and 0 folders.
[2025.09.24-13.48.25:134][  0]LogLoad: (Engine Initialization) Total time: 3.65 seconds
[2025.09.24-13.48.25:135][  0]LogLoad: (Engine Initialization) Total Blueprint compile time: 0.00 seconds
[2025.09.24-13.48.25:200][  0]LogContentStreaming: Texture pool size now 1000 MB
[2025.09.24-13.48.25:258][  1]LogAssetRegistry: Asset discovery search completed in 2.2017 seconds
[2025.09.24-13.48.25:260][  1]LogCollectionManager: Rebuilt the object cache for 0 collections in 0.000003 seconds (found 0 objects)
[2025.09.24-13.48.25:260][  1]LogCollectionManager: Fixed up redirectors for 0 collections in 0.000026 seconds (updated 0 objects)
[2025.09.24-13.58.27:796][800]LogEditorSessionSummary: EditorSessionSummary sent report. Type=Shutdown, SessionId={07E1CBFA-4CB7-430B-228D-2191493C12C3}
[2025.09.24-15.13.28:090][652]LogSlate: FSceneViewport::OnFocusLost() reason 0
[2025.09.24-15.13.30:743][970]LogEditorViewport: Clicking on Actor (LMB): StaticMeshActor (Floor)
[2025.09.24-15.13.32:323][151]LogEditorViewport: Clicking on Actor (LMB): ThirdPersonCharacter_C (ThirdPersonCharacter)
[2025.09.24-15.13.37:229][732]Cmd: EDIT COPY
[2025.09.24-15.13.40:325][ 95]LogSlate: FSceneViewport::OnFocusLost() reason 5
[2025.09.24-15.13.48:088][ 25]LogSlate: FSceneViewport::OnFocusLost() reason 5
[2025.09.24-15.13.48:110][ 25]LogSlate: Took 0.000143 seconds to synchronously load lazily loaded font '../../../Engine/Content/Slate/Fonts/Roboto-Light.ttf' (167K)
[2025.09.24-15.13.49:163][147]LogUObjectHash: Compacting FUObjectHashTables data took   0.68ms
[2025.09.24-15.13.49:164][147]Cmd: MAP LOAD FILE="E:/GameDev/hggjam/GameJamHGGUnreal4.23.1/GameJamCrew/Content/Levels/CheeseFactory_001.umap" TEMPLATE=0 SHOWPROGRESS=1 FEATURELEVEL=3
[2025.09.24-15.13.49:178][147]LightingResults: New page: Lighting Build
[2025.09.24-15.13.49:178][147]LoadErrors: New page: Loading map: CheeseFactory_001.umap
[2025.09.24-15.13.49:178][147]LogWorld: UWorld::CleanupWorld for ThirdPersonExampleMap, bSessionEnded=true, bCleanupResources=true
[2025.09.24-15.13.49:179][147]MapCheck: New page: Map Check
[2025.09.24-15.13.49:179][147]LightingResults: New page: Lighting Build
[2025.09.24-15.13.49:200][147]LogUObjectHash: Compacting FUObjectHashTables data took   0.93ms
[2025.09.24-15.13.49:533][147]LogStaticMesh: Building static mesh vent01_80x50_trim...
[2025.09.24-15.13.49:540][147]LogStaticMesh: Built static mesh [0.01s] /Game/LevelAssets/Models/modular/vents/vent01/vent01_80x50_trim.vent01_80x50_trim
[2025.09.24-15.13.49:544][147]LogStaticMesh: Building static mesh vent01_support...
[2025.09.24-15.13.49:547][147]LogStaticMesh: Built static mesh [0.00s] /Game/LevelAssets/Models/modular/vents/vent01/vent01_support.vent01_support
[2025.09.24-15.13.49:547][147]LogStaticMesh: Building static mesh vent01_support_cable...
[2025.09.24-15.13.49:548][147]LogStaticMesh: Built static mesh [0.00s] /Game/LevelAssets/Models/modular/vents/vent01/vent01_support_cable.vent01_support_cable
[2025.09.24-15.13.49:577][147]LogAIModule: Creating AISystem for world CheeseFactory_001
[2025.09.24-15.13.49:594][147]LogEditorServer: Finished looking for orphan Actors (0.000 secs)
[2025.09.24-15.13.49:618][147]LogUObjectHash: Compacting FUObjectHashTables data took   0.84ms
[2025.09.24-15.13.49:634][147]Cmd: MAP CHECKDEP NOCLEARLOG
[2025.09.24-15.13.49:634][147]MapCheck: Map check complete: 0 Error(s), 0 Warning(s), took 0.086ms to complete.
[2025.09.24-15.13.49:634][147]LogFileHelpers: Loading map 'CheeseFactory_001' took 0.470
[2025.09.24-15.13.49:634][147]LogSlate: Window 'Open Level' being destroyed
[2025.09.24-15.13.52:566][493]Cmd: EDIT PASTE
[2025.09.24-15.14.08:556][362]LogSlate: FSceneViewport::OnFocusLost() reason 2
[2025.09.24-15.14.12:329][815]LogEditorViewport: Clicking on Actor (LMB): StaticMeshActor (floor01_2x118)
[2025.09.24-15.14.13:017][893]LogEditorViewport: Clicking on Actor (LMB): ThirdPersonCharacter_C (ThirdPersonCharacter)
[2025.09.24-15.14.17:243][394]LogSlate: FSceneViewport::OnFocusLost() reason 5
[2025.09.24-15.14.17:248][394]Cmd: OBJ SAVEPACKAGE PACKAGE="/Game/Levels/CheeseFactory_001" FILE="E:/GameDev/hggjam/GameJamHGGUnreal4.23.1/GameJamCrew/Content/Levels/CheeseFactory_001.umap" SILENT=true AUTOSAVING=false KEEPDIRTY=false
[2025.09.24-15.14.17:268][394]LogUObjectHash: Compacting FUObjectHashTables data took   0.72ms
[2025.09.24-15.14.17:452][394]LogSavePackage: Moving 'E:/GameDev/hggjam/GameJamHGGUnreal4.23.1/GameJamCrew/Saved/CheeseFactory_001840D41CC4CFDD38B18256B99646699E7.tmp' to 'E:/GameDev/hggjam/GameJamHGGUnreal4.23.1/GameJamCrew/Content/Levels/CheeseFactory_001.umap'
[2025.09.24-15.14.17:463][394]Cmd: OBJ SAVEPACKAGE PACKAGE="/Game/Levels/CheeseFactory_001_BuiltData" FILE="E:/GameDev/hggjam/GameJamHGGUnreal4.23.1/GameJamCrew/Content/Levels/CheeseFactory_001_BuiltData.uasset" SILENT=true
[2025.09.24-15.14.18:321][394]LogSavePackage: Moving 'E:/GameDev/hggjam/GameJamHGGUnreal4.23.1/GameJamCrew/Saved/CheeseFactory_001_BuiltDataAB292A9E4731AE6621463CBDA580F805.tmp' to 'E:/GameDev/hggjam/GameJamHGGUnreal4.23.1/GameJamCrew/Content/Levels/CheeseFactory_001_BuiltData.uasset'
[2025.09.24-15.14.18:991][472]LogSlate: FSceneViewport::OnFocusLost() reason 0
[2025.09.24-15.14.19:107][486]LogTemp: Repeating last play command: Selected Viewport
[2025.09.24-15.14.19:111][486]LogBlueprintUserMessages: Early PlayInEditor Detection: Level '/Game/Levels/CheeseFactory_001.CheeseFactory_001:PersistentLevel' has LevelScriptBlueprint '/Game/Levels/CheeseFactory_001.CheeseFactory_001:PersistentLevel.CheeseFactory_001' with GeneratedClass '/Game/Levels/CheeseFactory_001.CheeseFactory_001_C' with ClassGeneratedBy '/Game/Levels/CheeseFactory_001.CheeseFactory_001:PersistentLevel.CheeseFactory_001'
[2025.09.24-15.14.19:112][486]LogPlayLevel: PlayLevel: No blueprints needed recompiling
[2025.09.24-15.14.19:112][486]PIE: New page: PIE session: CheeseFactory_001 (Sep 24, 2025, 9:14:19 PM)
[2025.09.24-15.14.19:113][486]LogOnline: OSS: Creating online subsystem instance for: NULL
[2025.09.24-15.14.19:113][486]LogPlayLevel: Creating play world package: /Game/Levels/UEDPIE_0_CheeseFactory_001
[2025.09.24-15.14.19:130][486]LogPlayLevel: PIE: StaticDuplicateObject took: (0.016919s)
[2025.09.24-15.14.19:130][486]LogAIModule: Creating AISystem for world CheeseFactory_001
[2025.09.24-15.14.19:131][486]LogPlayLevel: PIE: World Init took: (0.000556s)
[2025.09.24-15.14.19:131][486]LogPlayLevel: PIE: Created PIE world by copying editor world from /Game/Levels/CheeseFactory_001.CheeseFactory_001 to /Game/Levels/UEDPIE_0_CheeseFactory_001.CheeseFactory_001 (0.017624s)
[2025.09.24-15.14.19:162][486]LogUObjectHash: Compacting FUObjectHashTables data took   0.97ms
[2025.09.24-15.14.19:170][486]LogInit: XAudio2 using 'Speakers (Realtek(R) Audio)' : 2 channels at 48 kHz using 32 bits per sample (channel mask 0x3)
[2025.09.24-15.14.19:181][486]LogInit: FAudioDevice initialized.
[2025.09.24-15.14.19:190][486]LogLoad: Game class is 'ThirdPersonGameMode_C'
[2025.09.24-15.14.19:199][486]LogWorld: Bringing World /Game/Levels/UEDPIE_0_CheeseFactory_001.CheeseFactory_001 up for play (max tick rate 0) at 2025.09.24-18.14.19
[2025.09.24-15.14.19:200][486]LogWorld: Bringing up level for play took: 0.008349
[2025.09.24-15.14.19:200][486]LogOnline: OSS: Creating online subsystem instance for: :Context_4
[2025.09.24-15.14.19:205][486]LogContentBrowser: Native class hierarchy updated for 'MovieSceneCapture' in 0.0002 seconds. Added 20 classes and 0 folders.
[2025.09.24-15.14.19:205][486]PIE: Play in editor start time for /Game/Levels/UEDPIE_0_CheeseFactory_001 -0.65
[2025.09.24-15.14.19:205][486]LogBlueprintUserMessages: Late PlayInEditor Detection: Level '/Game/Levels/CheeseFactory_001.CheeseFactory_001:PersistentLevel' has LevelScriptBlueprint '/Game/Levels/CheeseFactory_001.CheeseFactory_001:PersistentLevel.CheeseFactory_001' with GeneratedClass '/Game/Levels/CheeseFactory_001.CheeseFactory_001_C' with ClassGeneratedBy '/Game/Levels/CheeseFactory_001.CheeseFactory_001:PersistentLevel.CheeseFactory_001'
[2025.09.24-15.14.25:406][228]LogCharacterMovement: ThirdPersonCharacter_167 is stuck and failed to move! Velocity: X=44.60 Y=-91.37 Z=0.00 Location: X=-107.01 Y=-408.98 Z=183.86 Normal: X=-0.33 Y=-0.00 Z=0.94 PenetrationDepth:0.053 Actor:Rail_2m_Side24_203 Component:StaticMeshComponent0 BoneName:None (0 other events since notify)
[2025.09.24-15.14.26:406][348]LogCharacterMovement: ThirdPersonCharacter_167 is stuck and failed to move! Velocity: X=469.64 Y=373.42 Z=0.00 Location: X=-107.00 Y=-410.00 Z=183.86 Normal: X=-0.33 Y=-0.00 Z=0.94 PenetrationDepth:0.052 Actor:Rail_2m_Side24_203 Component:StaticMeshComponent0 BoneName:None (114 other events since notify)
[2025.09.24-15.14.27:406][468]LogCharacterMovement: ThirdPersonCharacter_167 is stuck and failed to move! Velocity: X=16.98 Y=70.80 Z=0.00 Location: X=-107.00 Y=-410.00 Z=183.86 Normal: X=-0.33 Y=-0.00 Z=0.94 PenetrationDepth:0.052 Actor:Rail_2m_Side24_203 Component:StaticMeshComponent0 BoneName:None (119 other events since notify)
[2025.09.24-15.14.28:614][613]LogCharacterMovement: ThirdPersonCharacter_167 is stuck and failed to move! Velocity: X=17.04 Y=0.92 Z=0.00 Location: X=-107.00 Y=-410.00 Z=183.86 Normal: X=-0.33 Y=-0.00 Z=0.94 PenetrationDepth:0.052 Actor:Rail_2m_Side24_203 Component:StaticMeshComponent0 BoneName:None (50 other events since notify)
[2025.09.24-15.14.42:439][272]LogCharacterMovement: ThirdPersonCharacter_167 is stuck and failed to move! Velocity: X=62.61 Y=258.51 Z=0.00 Location: X=-106.87 Y=-436.81 Z=183.86 Normal: X=-0.33 Y=-0.00 Z=0.94 PenetrationDepth:0.092 Actor:Rail_2m_Side24_203 Component:StaticMeshComponent0 BoneName:None (60 other events since notify)
[2025.09.24-15.14.43:439][392]LogCharacterMovement: ThirdPersonCharacter_167 is stuck and failed to move! Velocity: X=177.95 Y=247.42 Z=0.00 Location: X=-106.87 Y=-436.81 Z=183.86 Normal: X=-0.33 Y=-0.00 Z=0.94 PenetrationDepth:0.092 Actor:Rail_2m_Side24_203 Component:StaticMeshComponent0 BoneName:None (119 other events since notify)
[2025.09.24-15.14.44:982][577]LogCharacterMovement: ThirdPersonCharacter_167 is stuck and failed to move! Velocity: X=0.37 Y=17.06 Z=0.00 Location: X=-106.87 Y=-436.81 Z=183.86 Normal: X=-0.33 Y=-0.00 Z=0.94 PenetrationDepth:0.092 Actor:Rail_2m_Side24_203 Component:StaticMeshComponent0 BoneName:None (70 other events since notify)
[2025.09.24-15.14.45:982][697]LogCharacterMovement: ThirdPersonCharacter_167 is stuck and failed to move! Velocity: X=-589.30 Y=112.78 Z=0.00 Location: X=-106.87 Y=-436.81 Z=183.86 Normal: X=-0.33 Y=-0.00 Z=0.94 PenetrationDepth:0.092 Actor:Rail_2m_Side24_203 Component:StaticMeshComponent0 BoneName:None (119 other events since notify)
[2025.09.24-15.14.54:825][758]LogBlueprintUserMessages: Early EndPlayMap Detection: Level '/Game/Levels/CheeseFactory_001.CheeseFactory_001:PersistentLevel' has LevelScriptBlueprint '/Game/Levels/CheeseFactory_001.CheeseFactory_001:PersistentLevel.CheeseFactory_001' with GeneratedClass '/Game/Levels/CheeseFactory_001.CheeseFactory_001_C' with ClassGeneratedBy '/Game/Levels/CheeseFactory_001.CheeseFactory_001:PersistentLevel.CheeseFactory_001'
[2025.09.24-15.14.54:825][758]LogSlate: Updating window title bar state: overlay mode, drag disabled, window buttons hidden, title bar hidden
[2025.09.24-15.14.54:825][758]LogWorld: BeginTearingDown for /Game/Levels/UEDPIE_0_CheeseFactory_001
[2025.09.24-15.14.54:825][758]LogWorld: UWorld::CleanupWorld for CheeseFactory_001, bSessionEnded=true, bCleanupResources=true
[2025.09.24-15.14.54:837][758]LogPlayLevel: Display: Shutting down PIE online subsystems
[2025.09.24-15.14.54:837][758]LogBlueprintUserMessages: Late EndPlayMap Detection: Level '/Game/Levels/CheeseFactory_001.CheeseFactory_001:PersistentLevel' has LevelScriptBlueprint '/Game/Levels/CheeseFactory_001.CheeseFactory_001:PersistentLevel.CheeseFactory_001' with GeneratedClass '/Game/Levels/CheeseFactory_001.CheeseFactory_001_C' with ClassGeneratedBy '/Game/Levels/CheeseFactory_001.CheeseFactory_001:PersistentLevel.CheeseFactory_001'
[2025.09.24-15.14.54:861][758]LogSlate: Updating window title bar state: overlay mode, drag disabled, window buttons hidden, title bar hidden
[2025.09.24-15.14.54:863][758]LogUObjectHash: Compacting FUObjectHashTables data took   0.96ms
[2025.09.24-15.14.54:931][765]LogPlayLevel: Display: Destroying online subsystem :Context_4
[2025.09.24-15.15.33:372][160]LogEditorViewport: Clicking on Actor (LMB): StaticMeshActor (wall01_2x16)
[2025.09.24-15.15.34:684][314]LogEditorViewport: Clicking on Actor (LMB): StaticMeshActor (Rail_2m_Side23)
[2025.09.24-15.15.35:599][421]Cmd: DELETE
[2025.09.24-15.15.35:599][421]Cmd: ACTOR DELETE
[2025.09.24-15.15.35:608][421]LogEditorActor: Deleted Actor: StaticMeshActor
[2025.09.24-15.15.35:626][421]LogUObjectHash: Compacting FUObjectHashTables data took   0.40ms
[2025.09.24-15.15.35:626][421]LogEditorActor: Deleted 1 Actors (0.027 secs)
[2025.09.24-15.15.37:534][650]LogSlate: FSceneViewport::OnFocusLost() reason 0
[2025.09.24-15.15.37:609][659]LogTemp: Repeating last play command: Selected Viewport
[2025.09.24-15.15.37:613][659]LogBlueprintUserMessages: Early PlayInEditor Detection: Level '/Game/Levels/CheeseFactory_001.CheeseFactory_001:PersistentLevel' has LevelScriptBlueprint '/Game/Levels/CheeseFactory_001.CheeseFactory_001:PersistentLevel.CheeseFactory_001' with GeneratedClass '/Game/Levels/CheeseFactory_001.CheeseFactory_001_C' with ClassGeneratedBy '/Game/Levels/CheeseFactory_001.CheeseFactory_001:PersistentLevel.CheeseFactory_001'
[2025.09.24-15.15.37:613][659]LogPlayLevel: PlayLevel: No blueprints needed recompiling
[2025.09.24-15.15.37:613][659]PIE: New page: PIE session: CheeseFactory_001 (Sep 24, 2025, 9:15:37 PM)
[2025.09.24-15.15.37:613][659]LogPlayLevel: Creating play world package: /Game/Levels/UEDPIE_0_CheeseFactory_001
[2025.09.24-15.15.37:630][659]LogPlayLevel: PIE: StaticDuplicateObject took: (0.016874s)
[2025.09.24-15.15.37:630][659]LogAIModule: Creating AISystem for world CheeseFactory_001
[2025.09.24-15.15.37:630][659]LogPlayLevel: PIE: World Init took: (0.000530s)
[2025.09.24-15.15.37:630][659]LogPlayLevel: PIE: Created PIE world by copying editor world from /Game/Levels/CheeseFactory_001.CheeseFactory_001 to /Game/Levels/UEDPIE_0_CheeseFactory_001.CheeseFactory_001 (0.017498s)
[2025.09.24-15.15.37:650][659]LogUObjectHash: Compacting FUObjectHashTables data took   0.81ms
[2025.09.24-15.15.37:657][659]LogInit: XAudio2 using 'Speakers (Realtek(R) Audio)' : 2 channels at 48 kHz using 32 bits per sample (channel mask 0x3)
[2025.09.24-15.15.37:668][659]LogInit: FAudioDevice initialized.
[2025.09.24-15.15.37:677][659]LogLoad: Game class is 'ThirdPersonGameMode_C'
[2025.09.24-15.15.37:682][659]LogWorld: Bringing World /Game/Levels/UEDPIE_0_CheeseFactory_001.CheeseFactory_001 up for play (max tick rate 0) at 2025.09.24-18.15.37
[2025.09.24-15.15.37:682][659]LogWorld: Bringing up level for play took: 0.005450
[2025.09.24-15.15.37:682][659]LogOnline: OSS: Creating online subsystem instance for: :Context_5
[2025.09.24-15.15.37:684][659]PIE: Play in editor start time for /Game/Levels/UEDPIE_0_CheeseFactory_001 -0.171
[2025.09.24-15.15.37:684][659]LogBlueprintUserMessages: Late PlayInEditor Detection: Level '/Game/Levels/CheeseFactory_001.CheeseFactory_001:PersistentLevel' has LevelScriptBlueprint '/Game/Levels/CheeseFactory_001.CheeseFactory_001:PersistentLevel.CheeseFactory_001' with GeneratedClass '/Game/Levels/CheeseFactory_001.CheeseFactory_001_C' with ClassGeneratedBy '/Game/Levels/CheeseFactory_001.CheeseFactory_001:PersistentLevel.CheeseFactory_001'
[2025.09.24-15.16.04:626][889]LogCharacterMovement: ThirdPersonCharacter_167 is stuck and failed to move! Velocity: X=26.34 Y=21.71 Z=0.00 Location: X=962.64 Y=-232.14 Z=483.85 Normal: X=0.60 Y=-0.24 Z=0.76 PenetrationDepth:75.574 Actor:Rail_2m_Side16 Component:StaticMeshComponent0 BoneName:None (0 other events since notify)
[2025.09.24-15.16.05:634][ 10]LogCharacterMovement: ThirdPersonCharacter_167 is stuck and failed to move! Velocity: X=250.88 Y=545.03 Z=0.00 Location: X=962.64 Y=-232.14 Z=483.85 Normal: X=0.60 Y=-0.24 Z=0.76 PenetrationDepth:75.574 Actor:Rail_2m_Side16 Component:StaticMeshComponent0 BoneName:None (120 other events since notify)
[2025.09.24-15.16.06:676][135]LogCharacterMovement: ThirdPersonCharacter_167 is stuck and failed to move! Velocity: X=-16.61 Y=3.91 Z=0.00 Location: X=962.64 Y=-232.14 Z=483.85 Normal: X=0.60 Y=-0.24 Z=0.76 PenetrationDepth:75.574 Actor:Rail_2m_Side16 Component:StaticMeshComponent0 BoneName:None (66 other events since notify)
[2025.09.24-15.16.07:676][255]LogCharacterMovement: ThirdPersonCharacter_167 is stuck and failed to move! Velocity: X=-384.52 Y=-113.05 Z=0.00 Location: X=962.64 Y=-232.14 Z=483.85 Normal: X=0.60 Y=-0.24 Z=0.76 PenetrationDepth:75.574 Actor:Rail_2m_Side16 Component:StaticMeshComponent0 BoneName:None (85 other events since notify)
[2025.09.24-15.16.08:684][376]LogCharacterMovement: ThirdPersonCharacter_167 is stuck and failed to move! Velocity: X=571.82 Y=-181.72 Z=0.00 Location: X=962.64 Y=-232.14 Z=483.85 Normal: X=0.60 Y=-0.24 Z=0.76 PenetrationDepth:75.574 Actor:Rail_2m_Side16 Component:StaticMeshComponent0 BoneName:None (120 other events since notify)
[2025.09.24-15.16.09:684][496]LogCharacterMovement: ThirdPersonCharacter_167 is stuck and failed to move! Velocity: X=-15.67 Y=-599.80 Z=0.00 Location: X=1044.86 Y=-231.71 Z=483.87 Normal: X=0.00 Y=-0.33 Z=0.94 PenetrationDepth:0.137 Actor:Rail_2m_Side16 Component:StaticMeshComponent0 BoneName:None (103 other events since notify)
[2025.09.24-15.16.22:161][993]LogCharacterMovement: ThirdPersonCharacter_167 is stuck and failed to move! Velocity: X=45.28 Y=9.09 Z=0.00 Location: X=796.29 Y=-222.11 Z=407.33 Normal: X=0.00 Y=0.00 Z=-1.00 PenetrationDepth:7.333 Actor:doorframe_1x9 Component:StaticMeshComponent0 BoneName:None (15 other events since notify)
[2025.09.24-15.17.18:727][779]LogBlueprintUserMessages: Early EndPlayMap Detection: Level '/Game/Levels/CheeseFactory_001.CheeseFactory_001:PersistentLevel' has LevelScriptBlueprint '/Game/Levels/CheeseFactory_001.CheeseFactory_001:PersistentLevel.CheeseFactory_001' with GeneratedClass '/Game/Levels/CheeseFactory_001.CheeseFactory_001_C' with ClassGeneratedBy '/Game/Levels/CheeseFactory_001.CheeseFactory_001:PersistentLevel.CheeseFactory_001'
[2025.09.24-15.17.18:728][779]LogSlate: Updating window title bar state: overlay mode, drag disabled, window buttons hidden, title bar hidden
[2025.09.24-15.17.18:728][779]LogWorld: BeginTearingDown for /Game/Levels/UEDPIE_0_CheeseFactory_001
[2025.09.24-15.17.18:728][779]LogWorld: UWorld::CleanupWorld for CheeseFactory_001, bSessionEnded=true, bCleanupResources=true
[2025.09.24-15.17.18:738][779]LogPlayLevel: Display: Shutting down PIE online subsystems
[2025.09.24-15.17.18:738][779]LogBlueprintUserMessages: Late EndPlayMap Detection: Level '/Game/Levels/CheeseFactory_001.CheeseFactory_001:PersistentLevel' has LevelScriptBlueprint '/Game/Levels/CheeseFactory_001.CheeseFactory_001:PersistentLevel.CheeseFactory_001' with GeneratedClass '/Game/Levels/CheeseFactory_001.CheeseFactory_001_C' with ClassGeneratedBy '/Game/Levels/CheeseFactory_001.CheeseFactory_001:PersistentLevel.CheeseFactory_001'
[2025.09.24-15.17.18:760][779]LogSlate: Updating window title bar state: overlay mode, drag disabled, window buttons hidden, title bar hidden
[2025.09.24-15.17.18:764][779]LogUObjectHash: Compacting FUObjectHashTables data took   0.88ms
[2025.09.24-15.17.18:828][786]LogPlayLevel: Display: Destroying online subsystem :Context_5
[2025.09.24-15.17.24:425][457]LogEditorViewport: Clicking on Actor (LMB): StaticMeshActor (Rail_2m_Side9)
[2025.09.24-15.17.40:038][319]LogEditorViewport: Clicking on Actor (LMB): StaticMeshActor (Rail_2m_Side11)
[2025.09.24-15.18.22:131][324]LogEditorViewport: Clicking on Actor (LMB): StaticMeshActor (floor01_2x224)
[2025.09.24-15.18.25:207][688]LogSlate: FSceneViewport::OnFocusLost() reason 5
[2025.09.24-15.18.25:212][688]Cmd: OBJ SAVEPACKAGE PACKAGE="/Game/Levels/CheeseFactory_001" FILE="E:/GameDev/hggjam/GameJamHGGUnreal4.23.1/GameJamCrew/Content/Levels/CheeseFactory_001.umap" SILENT=true AUTOSAVING=false KEEPDIRTY=false
[2025.09.24-15.18.25:231][688]LogUObjectHash: Compacting FUObjectHashTables data took   0.42ms
[2025.09.24-15.18.25:409][688]LogSavePackage: Moving 'E:/GameDev/hggjam/GameJamHGGUnreal4.23.1/GameJamCrew/Saved/CheeseFactory_001F68B6DA3456C663AA21DEDAFA551C8F5.tmp' to 'E:/GameDev/hggjam/GameJamHGGUnreal4.23.1/GameJamCrew/Content/Levels/CheeseFactory_001.umap'
[2025.09.24-15.18.25:422][688]Cmd: OBJ SAVEPACKAGE PACKAGE="/Game/Levels/CheeseFactory_001_BuiltData" FILE="E:/GameDev/hggjam/GameJamHGGUnreal4.23.1/GameJamCrew/Content/Levels/CheeseFactory_001_BuiltData.uasset" SILENT=true
[2025.09.24-15.18.25:913][688]LogSavePackage: Moving 'E:/GameDev/hggjam/GameJamHGGUnreal4.23.1/GameJamCrew/Saved/CheeseFactory_001_BuiltDataABB846234CB8455E779554BB9654972C.tmp' to 'E:/GameDev/hggjam/GameJamHGGUnreal4.23.1/GameJamCrew/Content/Levels/CheeseFactory_001_BuiltData.uasset'
[2025.09.24-15.18.26:820][794]LogSlate: FSceneViewport::OnFocusLost() reason 0
[2025.09.24-15.18.26:902][804]LogTemp: Repeating last play command: Selected Viewport
[2025.09.24-15.18.26:906][804]LogBlueprintUserMessages: Early PlayInEditor Detection: Level '/Game/Levels/CheeseFactory_001.CheeseFactory_001:PersistentLevel' has LevelScriptBlueprint '/Game/Levels/CheeseFactory_001.CheeseFactory_001:PersistentLevel.CheeseFactory_001' with GeneratedClass '/Game/Levels/CheeseFactory_001.CheeseFactory_001_C' with ClassGeneratedBy '/Game/Levels/CheeseFactory_001.CheeseFactory_001:PersistentLevel.CheeseFactory_001'
[2025.09.24-15.18.26:906][804]LogPlayLevel: PlayLevel: No blueprints needed recompiling
[2025.09.24-15.18.26:906][804]PIE: New page: PIE session: CheeseFactory_001 (Sep 24, 2025, 9:18:26 PM)
[2025.09.24-15.18.26:906][804]LogPlayLevel: Creating play world package: /Game/Levels/UEDPIE_0_CheeseFactory_001
[2025.09.24-15.18.26:925][804]LogPlayLevel: PIE: StaticDuplicateObject took: (0.017284s)
[2025.09.24-15.18.26:925][804]LogAIModule: Creating AISystem for world CheeseFactory_001
[2025.09.24-15.18.26:925][804]LogPlayLevel: PIE: World Init took: (0.000566s)
[2025.09.24-15.18.26:925][804]LogPlayLevel: PIE: Created PIE world by copying editor world from /Game/Levels/CheeseFactory_001.CheeseFactory_001 to /Game/Levels/UEDPIE_0_CheeseFactory_001.CheeseFactory_001 (0.017951s)
[2025.09.24-15.18.26:944][804]LogUObjectHash: Compacting FUObjectHashTables data took   1.03ms
[2025.09.24-15.18.26:950][804]LogInit: XAudio2 using 'Speakers (Realtek(R) Audio)' : 2 channels at 48 kHz using 32 bits per sample (channel mask 0x3)
[2025.09.24-15.18.26:962][804]LogInit: FAudioDevice initialized.
[2025.09.24-15.18.26:970][804]LogLoad: Game class is 'ThirdPersonGameMode_C'
[2025.09.24-15.18.26:976][804]LogWorld: Bringing World /Game/Levels/UEDPIE_0_CheeseFactory_001.CheeseFactory_001 up for play (max tick rate 0) at 2025.09.24-18.18.26
[2025.09.24-15.18.26:976][804]LogWorld: Bringing up level for play took: 0.005401
[2025.09.24-15.18.26:977][804]LogOnline: OSS: Creating online subsystem instance for: :Context_6
[2025.09.24-15.18.26:978][804]PIE: Play in editor start time for /Game/Levels/UEDPIE_0_CheeseFactory_001 -0.878
[2025.09.24-15.18.26:978][804]LogBlueprintUserMessages: Late PlayInEditor Detection: Level '/Game/Levels/CheeseFactory_001.CheeseFactory_001:PersistentLevel' has LevelScriptBlueprint '/Game/Levels/CheeseFactory_001.CheeseFactory_001:PersistentLevel.CheeseFactory_001' with GeneratedClass '/Game/Levels/CheeseFactory_001.CheeseFactory_001_C' with ClassGeneratedBy '/Game/Levels/CheeseFactory_001.CheeseFactory_001:PersistentLevel.CheeseFactory_001'
[2025.09.24-15.18.39:740][334]LogCharacterMovement: ThirdPersonCharacter_167 is stuck and failed to move! Velocity: X=90.70 Y=18.52 Z=0.00 Location: X=103.99 Y=-1565.20 Z=483.75 Normal: X=-0.18 Y=-0.68 Z=0.71 PenetrationDepth:97.687 Actor:Rail_2m_Side7 Component:StaticMeshComponent0 BoneName:None (0 other events since notify)
[2025.09.24-15.18.40:740][454]LogCharacterMovement: ThirdPersonCharacter_167 is stuck and failed to move! Velocity: X=52.03 Y=269.72 Z=0.00 Location: X=156.48 Y=-1545.27 Z=483.86 Normal: X=0.00 Y=-0.34 Z=0.94 PenetrationDepth:0.036 Actor:Rail_2m_Side8_98 Component:StaticMeshComponent0 BoneName:None (16 other events since notify)
[2025.09.24-15.18.41:749][575]LogCharacterMovement: ThirdPersonCharacter_167 is stuck and failed to move! Velocity: X=-425.16 Y=423.37 Z=0.00 Location: X=157.76 Y=-1545.27 Z=483.86 Normal: X=0.00 Y=-0.34 Z=0.94 PenetrationDepth:0.027 Actor:Rail_2m_Side8_98 Component:StaticMeshComponent0 BoneName:None (92 other events since notify)
[2025.09.24-15.19.14:498][503]LogBlueprintUserMessages: Early EndPlayMap Detection: Level '/Game/Levels/CheeseFactory_001.CheeseFactory_001:PersistentLevel' has LevelScriptBlueprint '/Game/Levels/CheeseFactory_001.CheeseFactory_001:PersistentLevel.CheeseFactory_001' with GeneratedClass '/Game/Levels/CheeseFactory_001.CheeseFactory_001_C' with ClassGeneratedBy '/Game/Levels/CheeseFactory_001.CheeseFactory_001:PersistentLevel.CheeseFactory_001'
[2025.09.24-15.19.14:498][503]LogSlate: Updating window title bar state: overlay mode, drag disabled, window buttons hidden, title bar hidden
[2025.09.24-15.19.14:498][503]LogWorld: BeginTearingDown for /Game/Levels/UEDPIE_0_CheeseFactory_001
[2025.09.24-15.19.14:498][503]LogWorld: UWorld::CleanupWorld for CheeseFactory_001, bSessionEnded=true, bCleanupResources=true
[2025.09.24-15.19.14:506][503]LogPlayLevel: Display: Shutting down PIE online subsystems
[2025.09.24-15.19.14:506][503]LogBlueprintUserMessages: Late EndPlayMap Detection: Level '/Game/Levels/CheeseFactory_001.CheeseFactory_001:PersistentLevel' has LevelScriptBlueprint '/Game/Levels/CheeseFactory_001.CheeseFactory_001:PersistentLevel.CheeseFactory_001' with GeneratedClass '/Game/Levels/CheeseFactory_001.CheeseFactory_001_C' with ClassGeneratedBy '/Game/Levels/CheeseFactory_001.CheeseFactory_001:PersistentLevel.CheeseFactory_001'
[2025.09.24-15.19.14:528][503]LogSlate: Updating window title bar state: overlay mode, drag disabled, window buttons hidden, title bar hidden
[2025.09.24-15.19.14:531][503]LogUObjectHash: Compacting FUObjectHashTables data took   0.98ms
[2025.09.24-15.19.14:604][511]LogPlayLevel: Display: Destroying online subsystem :Context_6
[2025.09.24-15.19.15:686][640]LogSlate: FSceneViewport::OnFocusLost() reason 5
[2025.09.24-15.19.15:691][640]Cmd: OBJ SAVEPACKAGE PACKAGE="/Game/Levels/CheeseFactory_001" FILE="E:/GameDev/hggjam/GameJamHGGUnreal4.23.1/GameJamCrew/Content/Levels/CheeseFactory_001.umap" SILENT=true AUTOSAVING=false KEEPDIRTY=false
[2025.09.24-15.19.15:712][640]LogUObjectHash: Compacting FUObjectHashTables data took   0.41ms
[2025.09.24-15.19.15:888][640]LogSavePackage: Moving 'E:/GameDev/hggjam/GameJamHGGUnreal4.23.1/GameJamCrew/Saved/CheeseFactory_001B6550FA34252C9A6E4A7AB883B43E4C2.tmp' to 'E:/GameDev/hggjam/GameJamHGGUnreal4.23.1/GameJamCrew/Content/Levels/CheeseFactory_001.umap'
[2025.09.24-15.19.15:899][640]Cmd: OBJ SAVEPACKAGE PACKAGE="/Game/Levels/CheeseFactory_001_BuiltData" FILE="E:/GameDev/hggjam/GameJamHGGUnreal4.23.1/GameJamCrew/Content/Levels/CheeseFactory_001_BuiltData.uasset" SILENT=true
[2025.09.24-15.19.16:409][640]LogSavePackage: Moving 'E:/GameDev/hggjam/GameJamHGGUnreal4.23.1/GameJamCrew/Saved/CheeseFactory_001_BuiltData4F57AF64485CA28C9529CAA550B67F3C.tmp' to 'E:/GameDev/hggjam/GameJamHGGUnreal4.23.1/GameJamCrew/Content/Levels/CheeseFactory_001_BuiltData.uasset'
[2025.09.24-15.32.41:550][590]LogEditorViewport: Clicking on Actor (LMB): StaticMeshActor (Channel114)
[2025.09.24-15.32.43:031][765]LogEditorViewport: Clicking on Actor (LMB): StaticMeshActor (Channel120)
[2025.09.24-15.32.44:192][902]LogEditorViewport: Clicking on Actor (LMB): StaticMeshActor (Channel120)
[2025.09.24-15.32.45:883][104]LogEditorViewport: Clicking on Actor (LMB): StaticMeshActor (Channel121)
[2025.09.24-15.32.47:647][311]Cmd: DELETE
[2025.09.24-15.32.47:647][311]Cmd: ACTOR DELETE
[2025.09.24-15.32.47:653][311]LogEditorActor: Deleted Actor: StaticMeshActor
[2025.09.24-15.32.47:654][311]LogEditorActor: Deleted Actor: StaticMeshActor
[2025.09.24-15.32.47:674][311]LogUObjectHash: Compacting FUObjectHashTables data took   1.18ms
[2025.09.24-15.32.47:674][311]LogEditorActor: Deleted 2 Actors (0.027 secs)
[2025.09.24-15.32.49:173][491]LogEditorViewport: Clicking on Actor (LMB): StaticMeshActor (Channel114)
[2025.09.24-15.33.07:900][717]LogEditorViewport: Clicking on Actor (LMB): StaticMeshActor (Channel122)
[2025.09.24-15.33.11:474][139]Cmd: DELETE
[2025.09.24-15.33.11:474][139]Cmd: ACTOR DELETE
[2025.09.24-15.33.11:480][139]LogEditorActor: Deleted Actor: StaticMeshActor
[2025.09.24-15.33.11:480][139]LogEditorActor: Deleted Actor: StaticMeshActor
[2025.09.24-15.33.11:498][139]LogUObjectHash: Compacting FUObjectHashTables data took   0.71ms
[2025.09.24-15.33.11:499][139]LogEditorActor: Deleted 2 Actors (0.025 secs)
[2025.09.24-15.39.16:345][134]LogUObjectHash: Compacting FUObjectHashTables data took   0.59ms
[2025.09.24-15.39.16:533][134]LogSavePackage: Moving 'E:/GameDev/hggjam/GameJamHGGUnreal4.23.1/GameJamCrew/Saved/CheeseFactory_001_Auto1EB351F804E2AFF7E6FCFB1A5A29E4BFB.tmp' to 'E:/GameDev/hggjam/GameJamHGGUnreal4.23.1/GameJamCrew/Saved/Autosaves/Game/Levels/CheeseFactory_001_Auto1.umap'
[2025.09.24-15.39.16:534][134]LogFileHelpers: Editor autosave (incl. sublevels) for '/Game/Levels/CheeseFactory_001' took 0.210
[2025.09.24-15.39.16:534][134]LogFileHelpers: Editor autosave (incl. sublevels) for all levels took 0.210
[2025.09.24-15.50.26:632][743]LogEditorViewport: Clicking on Actor (LMB): StaticMeshActor (Channel120)
[2025.09.24-15.50.28:494][961]LogEditorViewport: Clicking on Actor (LMB): StaticMeshActor (wall01_2x99)
[2025.09.24-15.50.33:841][600]Cmd: TRANSACTION UNDO
[2025.09.24-15.50.33:841][600]LogEditorTransaction: Undo Clicking on Actors
[2025.09.24-15.50.34:041][620]Cmd: TRANSACTION UNDO
[2025.09.24-15.50.34:042][620]LogEditorTransaction: Undo Clicking on Actors
[2025.09.24-15.50.34:270][644]Cmd: TRANSACTION UNDO
[2025.09.24-15.50.34:270][644]LogEditorTransaction: Undo Clicking on Actors
[2025.09.24-15.50.34:485][669]Cmd: TRANSACTION UNDO
[2025.09.24-15.50.34:485][669]LogEditorTransaction: Undo Delete Actors
[2025.09.24-15.50.34:694][690]Cmd: TRANSACTION UNDO
[2025.09.24-15.50.34:695][690]LogEditorTransaction: Undo Clicking on Actors
[2025.09.24-15.50.34:880][710]Cmd: TRANSACTION UNDO
[2025.09.24-15.50.34:880][710]LogEditorTransaction: Undo Clicking on Actors
[2025.09.24-15.50.35:085][733]Cmd: TRANSACTION UNDO
[2025.09.24-15.50.35:085][733]LogEditorTransaction: Undo Move Actors
[2025.09.24-15.50.35:282][756]Cmd: TRANSACTION UNDO
[2025.09.24-15.50.35:284][756]LogEditorTransaction: Undo Move Actors
[2025.09.24-15.50.35:485][780]Cmd: TRANSACTION UNDO
[2025.09.24-15.50.35:485][780]LogEditorTransaction: Undo Move Actors
[2025.09.24-15.50.35:843][819]Cmd: TRANSACTION UNDO
[2025.09.24-15.50.35:844][819]LogEditorTransaction: Undo Clicking on Actors
[2025.09.24-15.50.36:126][851]Cmd: TRANSACTION UNDO
[2025.09.24-15.50.36:126][851]LogEditorTransaction: Undo Clicking on Actors
[2025.09.24-15.50.36:367][878]Cmd: TRANSACTION UNDO
[2025.09.24-15.50.36:367][878]LogEditorTransaction: Undo Clicking on Actors
[2025.09.24-15.50.36:580][902]Cmd: TRANSACTION UNDO
[2025.09.24-15.50.36:580][902]LogEditorTransaction: Undo Clicking on Actors
[2025.09.24-15.50.36:893][938]Cmd: TRANSACTION UNDO
[2025.09.24-15.50.36:893][938]LogEditorTransaction: Undo Clicking on Actors
[2025.09.24-15.50.37:209][976]Cmd: TRANSACTION UNDO
[2025.09.24-15.50.37:209][976]LogEditorTransaction: Undo Delete Actors
[2025.09.24-15.50.43:700][750]LogEditorViewport: Clicking on Actor (LMB): StaticMeshActor (Channel119)
[2025.09.24-15.50.46:067][ 31]LogEditorViewport: Clicking on Actor (LMB): StaticMeshActor (Channel117)
[2025.09.24-15.50.47:038][145]LogEditorViewport: Clicking on Actor (LMB): StaticMeshActor (Channel118)
[2025.09.24-15.50.58:791][544]LogEditorViewport: Clicking on Actor (LMB): StaticMeshActor (Channel111)
[2025.09.24-15.51.33:180][788]LogUObjectHash: Compacting FUObjectHashTables data took   1.40ms
[2025.09.24-15.51.33:376][788]LogSavePackage: Moving 'E:/GameDev/hggjam/GameJamHGGUnreal4.23.1/GameJamCrew/Saved/CheeseFactory_001_Auto2C13440E946412BD00155D18DC65C9594.tmp' to 'E:/GameDev/hggjam/GameJamHGGUnreal4.23.1/GameJamCrew/Saved/Autosaves/Game/Levels/CheeseFactory_001_Auto2.umap'
[2025.09.24-15.51.33:378][788]LogFileHelpers: Editor autosave (incl. sublevels) for '/Game/Levels/CheeseFactory_001' took 0.219
[2025.09.24-15.51.33:378][788]LogFileHelpers: Editor autosave (incl. sublevels) for all levels took 0.219
[2025.09.24-16.05.06:796][846]LogSlate: FSceneViewport::OnFocusLost() reason 0
[2025.09.24-16.52.28:433][ 41]LogEditorViewport: Clicking on Actor (LMB): StaticMeshActor (Channel123)
[2025.09.24-16.52.30:197][249]LogEditorViewport: Clicking on Actor (LMB): StaticMeshActor (Channel122)
[2025.09.24-16.52.31:325][382]LogEditorViewport: Clicking on Actor (LMB): StaticMeshActor (Channel121)
[2025.09.24-16.52.31:770][433]LogEditorViewport: Clicking on Actor (LMB): StaticMeshActor (Channel120)
[2025.09.24-16.52.32:946][571]LogEditorViewport: Clicking on Actor (LMB): StaticMeshActor (Channel125)
[2025.09.24-16.52.33:641][652]LogEditorViewport: Clicking on Actor (LMB): StaticMeshActor (Channel124)
[2025.09.24-16.52.34:088][703]LogEditorViewport: Clicking on Actor (LMB): StaticMeshActor (Channel123)
[2025.09.24-16.52.43:262][796]LogEditorViewport: Clicking on Actor (LMB): StaticMeshActor (Channel128)
[2025.09.24-16.53.08:291][787]LogEditorViewport: Clicking on Actor (LMB): StaticMeshActor (wall01_2x94)
[2025.09.24-16.53.09:124][883]LogSlate: FSceneViewport::OnFocusLost() reason 5
[2025.09.24-16.53.09:129][883]Cmd: OBJ SAVEPACKAGE PACKAGE="/Game/Levels/CheeseFactory_001" FILE="E:/GameDev/hggjam/GameJamHGGUnreal4.23.1/GameJamCrew/Content/Levels/CheeseFactory_001.umap" SILENT=true AUTOSAVING=false KEEPDIRTY=false
[2025.09.24-16.53.09:150][883]LogUObjectHash: Compacting FUObjectHashTables data took   1.21ms
[2025.09.24-16.53.09:332][883]LogSavePackage: Moving 'E:/GameDev/hggjam/GameJamHGGUnreal4.23.1/GameJamCrew/Saved/CheeseFactory_001CF749F1E4760F0DB8F24CFBEB2145ABC.tmp' to 'E:/GameDev/hggjam/GameJamHGGUnreal4.23.1/GameJamCrew/Content/Levels/CheeseFactory_001.umap'
[2025.09.24-16.53.09:343][883]Cmd: OBJ SAVEPACKAGE PACKAGE="/Game/Levels/CheeseFactory_001_BuiltData" FILE="E:/GameDev/hggjam/GameJamHGGUnreal4.23.1/GameJamCrew/Content/Levels/CheeseFactory_001_BuiltData.uasset" SILENT=true
[2025.09.24-16.53.09:822][883]LogSavePackage: Moving 'E:/GameDev/hggjam/GameJamHGGUnreal4.23.1/GameJamCrew/Saved/CheeseFactory_001_BuiltData821E62344DC4E0E4D0FB308517DDF576.tmp' to 'E:/GameDev/hggjam/GameJamHGGUnreal4.23.1/GameJamCrew/Content/Levels/CheeseFactory_001_BuiltData.uasset'
[2025.09.24-16.53.22:822][439]LogSlate: FSceneViewport::OnFocusLost() reason 2
[2025.09.24-16.53.23:541][525]MapCheck: New page: Map Check
[2025.09.24-16.53.23:550][525]LogSlate: FSceneViewport::OnFocusLost() reason 5
[2025.09.24-16.53.23:556][525]LightingResults: New page: Lighting Build - Sep 24, 2025, 10:53:23 PM
[2025.09.24-16.53.23:585][525]LogSwarmInterface: [OpenConnection] Registering TCP channel ...
[2025.09.24-16.53.23:619][525]LogSwarmInterface: [OpenConnection] Connecting to agent ...
[2025.09.24-16.53.23:626][525]LogSwarmInterface: [TryOpenConnection] Testing the Agent
[2025.09.24-16.53.24:146][525]LogSwarmInterface: [TryOpenConnection] Opening Connection to Agent
[2025.09.24-16.53.24:146][525]LogSwarmInterface: [TryOpenConnection] Local Process ID is 23824
[2025.09.24-16.53.31:013][525]LogStaticLightingSystem: Running Lightmass w/ ImmediateImport mode ENABLED
[2025.09.24-16.53.31:013][525]LogStaticLightingSystem: Running Lightmass w/ ImmediateProcess mode ENABLED
[2025.09.24-16.53.31:013][525]LogStaticLightingSystem: Running Lightmass w/ Sorting mode ENABLED
[2025.09.24-16.53.31:013][525]LogStaticLightingSystem: Running Lightmass w/ Mapping paddings ENABLED
[2025.09.24-16.53.31:013][525]LogStaticLightingSystem: Running Lightmass w/ Mapping debug paddings DISABLED
[2025.09.24-16.53.31:113][525]LogEditorBuildUtils: Build time 0:07
[2025.09.24-16.53.31:166][526]LogUObjectHash: Compacting FUObjectHashTables data took   0.93ms
[2025.09.24-16.53.50:312][583]LightingResults: Warning: cylinder Object has overlapping UVs.
[2025.09.24-16.53.50:312][583]LightingResults: cylinder Lightmap UV are overlapping by 6.0%. Please adjust content - Enable Error Coloring to visualize.
[2025.09.24-16.53.55:326][598]LightingResults: Warning: Skim_Milk Object has overlapping UVs.
[2025.09.24-16.53.55:326][598]LightingResults: Skim_Milk Lightmap UV are overlapping by 1.1%. Please adjust content - Enable Error Coloring to visualize.
[2025.09.24-16.53.57:678][605]LightingResults: Warning: Cheese_box_with_Cheese Object has overlapping UVs.
[2025.09.24-16.53.57:678][605]LightingResults: Cheese_box_with_Cheese Lightmap UV are overlapping by 20.0%. Please adjust content - Enable Error Coloring to visualize.
[2025.09.24-16.53.58:353][607]LightingResults: Warning: Cheese_box_without_Cheese Object has overlapping UVs.
[2025.09.24-16.53.58:353][607]LightingResults: Cheese_box_without_Cheese Lightmap UV are overlapping by 31.3%. Please adjust content - Enable Error Coloring to visualize.
[2025.09.24-16.53.59:355][610]LightingResults: Warning: Cheese_box_without_Cheese Object has overlapping UVs.
[2025.09.24-16.53.59:355][610]LightingResults: Cheese_box_without_Cheese Lightmap UV are overlapping by 31.3%. Please adjust content - Enable Error Coloring to visualize.
[2025.09.24-16.54.22:185][678]LightingResults: Warning: Cheese_box_with_Cheese Object has overlapping UVs.
[2025.09.24-16.54.22:185][678]LightingResults: Cheese_box_with_Cheese Lightmap UV are overlapping by 20.0%. Please adjust content - Enable Error Coloring to visualize.
[2025.09.24-16.54.23:198][681]LightingResults: Warning: Cheese_box_without_Cheese Object has overlapping UVs.
[2025.09.24-16.54.23:198][681]LightingResults: Cheese_box_without_Cheese Lightmap UV are overlapping by 31.3%. Please adjust content - Enable Error Coloring to visualize.
[2025.09.24-16.54.23:863][683]LightingResults: Warning: Cheese_box_without_Cheese Object has overlapping UVs.
[2025.09.24-16.54.23:864][683]LightingResults: Cheese_box_without_Cheese Lightmap UV are overlapping by 31.3%. Please adjust content - Enable Error Coloring to visualize.
[2025.09.24-16.54.24:196][684]LightingResults: Warning: Skim_Milk Object has overlapping UVs.
[2025.09.24-16.54.24:196][684]LightingResults: Skim_Milk Lightmap UV are overlapping by 1.1%. Please adjust content - Enable Error Coloring to visualize.
[2025.09.24-16.54.34:903][716]Job is a success!
[2025.09.24-16.54.35:293][717]LogVolumetricLightmapImport: Imported Volumetric Lightmap in 0.003s
[2025.09.24-16.54.35:293][717]LogVolumetricLightmapImport:      Indirection Texture 16x16x16 = 0.0Mb
[2025.09.24-16.54.35:293][717]LogVolumetricLightmapImport:      BrickData 85x5x5 = 0.1Mb
[2025.09.24-16.54.35:293][717]LogVolumetricLightmapImport:      Bricks at Level
[2025.09.24-16.54.35:293][717]LogVolumetricLightmapImport:          0: 5.9% covering 100.0% of volume
[2025.09.24-16.54.35:293][717]LogVolumetricLightmapImport:          1: 5.9% covering 1.6% of volume
[2025.09.24-16.54.35:293][717]LogVolumetricLightmapImport:          2: 88.2% covering 0.4% of volume
[2025.09.24-16.54.37:082][717]LogTexture: Display: Building textures: HQ_Lightmap1_1 (AutoDXT, 1024X1024)
[2025.09.24-16.54.37:082][717]LogTexture: Display: Building textures: LQ_Lightmap_1_1 (DXT1, 1024X1024)
[2025.09.24-16.54.37:082][717]LogTexture: Display: Building textures: HQ_Lightmap1_2 (AutoDXT, 1024X1024)
[2025.09.24-16.54.37:082][717]LogTexture: Display: Building textures: LQ_Lightmap_1_2 (DXT1, 1024X1024)
[2025.09.24-16.54.37:082][717]LogTexture: Display: Building textures: HQ_Lightmap1_3 (AutoDXT, 1024X1024)
[2025.09.24-16.54.37:082][717]LogTexture: Display: Building textures: LQ_Lightmap_1_3 (DXT1, 1024X1024)
[2025.09.24-16.54.37:082][717]LogTexture: Display: Building textures: HQ_Lightmap1_4 (AutoDXT, 1024X1024)
[2025.09.24-16.54.37:082][717]LogTexture: Display: Building textures: LQ_Lightmap_1_4 (DXT1, 1024X1024)
[2025.09.24-16.54.37:082][717]LogTexture: Display: Building textures: HQ_Lightmap1_5 (AutoDXT, 1024X1024)
[2025.09.24-16.54.37:082][717]LogTexture: Display: Building textures: LQ_Lightmap_1_5 (DXT1, 1024X1024)
[2025.09.24-16.54.37:082][717]LogTexture: Display: Building textures: HQ_Lightmap1_6 (AutoDXT, 1024X1024)
[2025.09.24-16.54.37:082][717]LogTexture: Display: Building textures: LQ_Lightmap_1_6 (DXT1, 1024X1024)
[2025.09.24-16.54.37:082][717]LogTexture: Display: Building textures: HQ_Lightmap1_7 (AutoDXT, 1024X1024)
[2025.09.24-16.54.37:082][717]LogTexture: Display: Building textures: LQ_Lightmap_1_7 (DXT1, 1024X1024)
[2025.09.24-16.54.37:082][717]LogTexture: Display: Building textures: HQ_Lightmap1_8 (AutoDXT, 1024X1024)
[2025.09.24-16.54.37:083][717]LogTexture: Display: Building textures: LQ_Lightmap_1_8 (DXT1, 1024X1024)
[2025.09.24-16.54.37:083][717]LogTexture: Display: Building textures: HQ_Lightmap1_9 (AutoDXT, 1024X1024)
[2025.09.24-16.54.37:083][717]LogTexture: Display: Building textures: LQ_Lightmap_1_9 (DXT1, 1024X1024)
[2025.09.24-16.54.37:083][717]LogTexture: Display: Building textures: HQ_Lightmap1_10 (AutoDXT, 1024X1024)
[2025.09.24-16.54.37:083][717]LogTexture: Display: Building textures: LQ_Lightmap_1_10 (DXT1, 1024X1024)
[2025.09.24-16.54.37:083][717]LogTexture: Display: Building textures: HQ_Lightmap1_11 (AutoDXT, 1024X1024)
[2025.09.24-16.54.37:083][717]LogTexture: Display: Building textures: LQ_Lightmap_1_11 (DXT1, 1024X1024)
[2025.09.24-16.54.37:083][717]LogTexture: Display: Building textures: HQ_Lightmap1_12 (AutoDXT, 1024X1024)
[2025.09.24-16.54.37:083][717]LogTexture: Display: Building textures: LQ_Lightmap_1_12 (DXT1, 1024X1024)
[2025.09.24-16.54.37:083][717]LogTexture: Display: Building textures: HQ_Lightmap1_13 (AutoDXT, 1024X1024)
[2025.09.24-16.54.37:083][717]LogTexture: Display: Building textures: LQ_Lightmap_1_13 (DXT1, 1024X1024)
[2025.09.24-16.54.37:083][717]LogTexture: Display: Building textures: HQ_Lightmap1_14 (AutoDXT, 1024X1024)
[2025.09.24-16.54.37:083][717]LogTexture: Display: Building textures: LQ_Lightmap_1_14 (DXT1, 1024X1024)
[2025.09.24-16.54.37:083][717]LogTexture: Display: Building textures: HQ_Lightmap1_15 (AutoDXT, 1024X1024)
[2025.09.24-16.54.37:083][717]LogTexture: Display: Building textures: LQ_Lightmap_1_15 (DXT1, 1024X1024)
[2025.09.24-16.54.37:083][717]LogTexture: Display: Building textures: HQ_Lightmap1_16 (AutoDXT, 1024X1024)
[2025.09.24-16.54.37:083][717]LogTexture: Display: Building textures: LQ_Lightmap_1_16 (DXT1, 1024X1024)
[2025.09.24-16.54.37:083][717]LogTexture: Display: Building textures: HQ_Lightmap1_17 (AutoDXT, 64X64)
[2025.09.24-16.54.37:083][717]LogTexture: Display: Building textures: LQ_Lightmap_1_17 (DXT1, 64X64)
[2025.09.24-16.54.37:237][717]LogTexture: Display: Building textures: ShadowMapTexture2D_5 (G8, 32X32)
[2025.09.24-16.54.37:237][717]LogTexture: Display: Building textures: ShadowMapTexture2D_2 (G8, 1024X1024)
[2025.09.24-16.54.37:237][717]LogTexture: Display: Building textures: ShadowMapTexture2D_1 (G8, 1024X1024)
[2025.09.24-16.54.37:237][717]LogTexture: Display: Building textures: ShadowMapTexture2D_3 (G8, 1024X1024)
[2025.09.24-16.54.37:237][717]LogTexture: Display: Building textures: ShadowMapTexture2D_4 (G8, 1024X1024)
[2025.09.24-16.54.37:237][717]LogTexture: Display: Building textures: ShadowMapTexture2D_0 (G8, 1024X1024)
[2025.09.24-16.54.37:265][717]Lightmass on CECOMAIN: 1:05 min total, 101 ms importing, 36 ms setup, 3.72 sec photons, 1:01 min processing, 0 ms extra exporting [813/813 mappings]. Threads: 15:29 min total, 10:56 min processing.
[2025.09.24-16.54.37:266][717]LogStaticLightingSystem: CheeseFactory_001_BuiltData storing lightmap data for 813 meshes in 38 LightmapResourceClusters (21.4 Meshes per cluster).
[2025.09.24-16.54.37:289][717]LogUObjectHash: Compacting FUObjectHashTables data took   0.84ms
[2025.09.24-16.54.37:294][717]LogStaticLightingSystem: Illumination: 1:13 min (1.40 sec encoding lightmaps, 151 ms encoding shadowmaps)
[2025.09.24-16.54.37:294][717]LogStaticLightingSystem: Lightmap texture memory:  32.0 MB (32.0 MB streaming, 0.0 MB non-streaming), 34 textures
[2025.09.24-16.54.37:294][717]LogStaticLightingSystem: Shadowmap texture memory: 6.7 MB (6.7 MB streaming, 0.0 MB non-streaming), 6 textures
[2025.09.24-16.54.38:066][717]DumpUnbuiltLightIteractions
[2025.09.24-16.54.38:066][717]Lights with unbuilt interactions: 0
[2025.09.24-16.54.38:066][717]
[2025.09.24-16.54.38:066][717]Primitives with unbuilt interactions: 0
[2025.09.24-16.54.38:186][718]Cmd: MAP CHECK NOTIFYRESULTS
[2025.09.24-16.54.38:186][718]MapCheck: New page: CheeseFactory_001 - Sep 24, 2025, 10:54:38 PM
[2025.09.24-16.54.38:188][718]MapCheck: Map check complete: 0 Error(s), 0 Warning(s), took 2.23ms to complete.
[2025.09.24-16.54.43:846][ 41]LogSlate: Window 'Message Log' being destroyed
[2025.09.24-16.54.43:851][ 41]LogSlate: Window 'Message Log' being destroyed
[2025.09.24-16.54.58:717][824]LogEditorViewport: Clicking on Actor (LMB): StaticMeshActor (door4)
[2025.09.24-16.54.59:162][875]LogEditorViewport: Clicking on Actor (context menu): StaticMeshActor (door4)
[2025.09.24-16.54.59:176][875]LogSlate: FSceneViewport::OnFocusLost() reason 5
[2025.09.24-16.55.00:319][ 11]LogEditorViewport: Clicking on Actor (LMB): StaticMeshActor (door4)
[2025.09.24-16.55.02:958][325]LogEditorViewport: Clicking on Actor (LMB): StaticMeshActor (floor01_2x249)
[2025.09.24-17.03.12:251][346]LogUObjectHash: Compacting FUObjectHashTables data took   1.05ms
[2025.09.24-17.03.12:450][346]LogSavePackage: Moving 'E:/GameDev/hggjam/GameJamHGGUnreal4.23.1/GameJamCrew/Saved/CheeseFactory_001_Auto3C30DAF194533E7D96CBA6FAE7461EF5B.tmp' to 'E:/GameDev/hggjam/GameJamHGGUnreal4.23.1/GameJamCrew/Saved/Autosaves/Game/Levels/CheeseFactory_001_Auto3.umap'
[2025.09.24-17.03.12:451][346]LogFileHelpers: Editor autosave (incl. sublevels) for '/Game/Levels/CheeseFactory_001' took 0.222
[2025.09.24-17.03.12:451][346]LogFileHelpers: Editor autosave (incl. sublevels) for all levels took 0.222
[2025.09.24-17.09.25:900][462]LogSlate: FSceneViewport::OnFocusLost() reason 0
[2025.09.24-17.09.26:236][462]LogUObjectHash: Compacting FUObjectHashTables data took   1.14ms
[2025.09.24-17.09.28:105][462]LogSlate: Window 'Save Content' being destroyed
[2025.09.24-17.09.28:117][462]LogSlate: FSceneViewport::OnFocusLost() reason 5
[2025.09.24-17.09.28:123][462]Cmd: OBJ SAVEPACKAGE PACKAGE="/Game/Levels/CheeseFactory_001" FILE="E:/GameDev/hggjam/GameJamHGGUnreal4.23.1/GameJamCrew/Content/Levels/CheeseFactory_001.umap" SILENT=true AUTOSAVING=false KEEPDIRTY=false
[2025.09.24-17.09.28:143][462]LogUObjectHash: Compacting FUObjectHashTables data took   0.43ms
[2025.09.24-17.09.28:329][462]LogSavePackage: Moving 'E:/GameDev/hggjam/GameJamHGGUnreal4.23.1/GameJamCrew/Saved/CheeseFactory_001DB13DDA84B7ADE3100670FBA771AD556.tmp' to 'E:/GameDev/hggjam/GameJamHGGUnreal4.23.1/GameJamCrew/Content/Levels/CheeseFactory_001.umap'
[2025.09.24-17.09.28:340][462]LogFileHelpers: Saving map 'CheeseFactory_001' took 0.217
[2025.09.24-17.09.28:341][462]Cmd: OBJ SAVEPACKAGE PACKAGE="/Game/Levels/CheeseFactory_001_BuiltData" FILE="E:/GameDev/hggjam/GameJamHGGUnreal4.23.1/GameJamCrew/Content/Levels/CheeseFactory_001_BuiltData.uasset" SILENT=true
[2025.09.24-17.09.28:874][462]LogSavePackage: Moving 'E:/GameDev/hggjam/GameJamHGGUnreal4.23.1/GameJamCrew/Saved/CheeseFactory_001_BuiltData8AA4A8634F06AB0B1559AD857474AEEE.tmp' to 'E:/GameDev/hggjam/GameJamHGGUnreal4.23.1/GameJamCrew/Content/Levels/CheeseFactory_001_BuiltData.uasset'
[2025.09.24-17.09.28:947][462]LogSlate: Window 'GameJamCrew - Unreal Editor' being destroyed
[2025.09.24-17.09.29:097][463]Cmd: QUIT_EDITOR
[2025.09.24-17.09.29:980][463]LogWindowsTextInputMethodSystem: Display: IME system now deactivated.
[2025.09.24-17.09.29:985][463]LogExit: Preparing to exit.
[2025.09.24-17.09.30:361][463]LogWorld: UWorld::CleanupWorld for World_1, bSessionEnded=true, bCleanupResources=true
[2025.09.24-17.09.30:361][463]LogWorld: UWorld::CleanupWorld for World_0, bSessionEnded=true, bCleanupResources=true
[2025.09.24-17.09.30:361][463]LogWorld: UWorld::CleanupWorld for World_2, bSessionEnded=true, bCleanupResources=true
[2025.09.24-17.09.30:376][463]LogDemo: Cleaned up 0 splitscreen connections with owner deletion
[2025.09.24-17.09.30:380][463]LogWorld: UWorld::CleanupWorld for None, bSessionEnded=true, bCleanupResources=true
[2025.09.24-17.09.30:380][463]LogExit: Editor shut down
[2025.09.24-17.09.30:381][463]LogExit: Transaction tracking system shut down
[2025.09.24-17.09.30:563][463]LogExit: Object subsystem successfully closed.
[2025.09.24-17.09.30:582][463]LogShaderCompilers: Display: Shaders left to compile 0
[2025.09.24-17.09.30:594][463]LogModuleManager: Shutting down and abandoning module MovieSceneCapture (674)
[2025.09.24-17.09.30:594][463]LogModuleManager: Shutting down and abandoning module Voice (672)
[2025.09.24-17.09.30:595][463]LogModuleManager: Shutting down and abandoning module MeshBuilder (670)
[2025.09.24-17.09.30:595][463]LogModuleManager: Shutting down and abandoning module HierarchicalLODOutliner (668)
[2025.09.24-17.09.30:595][463]LogModuleManager: Shutting down and abandoning module SceneOutliner (666)
[2025.09.24-17.09.30:595][463]LogModuleManager: Shutting down and abandoning module AddContentDialog (664)
[2025.09.24-17.09.30:595][463]LogModuleManager: Shutting down and abandoning module WidgetCarousel (663)
[2025.09.24-17.09.30:595][463]LogModuleManager: Shutting down and abandoning module EditorWidgets (660)
[2025.09.24-17.09.30:595][463]LogModuleManager: Shutting down and abandoning module CollectionManager (658)
[2025.09.24-17.09.30:595][463]LogModuleManager: Shutting down and abandoning module StatsViewer (656)
[2025.09.24-17.09.30:595][463]LogModuleManager: Shutting down and abandoning module VirtualTexturingEditor (654)
[2025.09.24-17.09.30:596][463]LogModuleManager: Shutting down and abandoning module FoliageEdit (652)
[2025.09.24-17.09.30:596][463]LogModuleManager: Shutting down and abandoning module LandscapeEditor (650)
[2025.09.24-17.09.30:596][463]LogModuleManager: Shutting down and abandoning module MeshPaintMode (648)
[2025.09.24-17.09.30:596][463]LogModuleManager: Shutting down and abandoning module SceneDepthPickerMode (646)
[2025.09.24-17.09.30:596][463]LogModuleManager: Shutting down and abandoning module ActorPickerMode (644)
[2025.09.24-17.09.30:596][463]LogModuleManager: Shutting down and abandoning module GeometryMode (642)
[2025.09.24-17.09.30:596][463]LogModuleManager: Shutting down and abandoning module TextureAlignMode (640)
[2025.09.24-17.09.30:596][463]LogModuleManager: Shutting down and abandoning module BspMode (638)
[2025.09.24-17.09.30:596][463]LogModuleManager: Shutting down and abandoning module PIEPreviewDeviceProfileSelector (636)
[2025.09.24-17.09.30:596][463]LogModuleManager: Shutting down and abandoning module SequenceRecorderSections (634)
[2025.09.24-17.09.30:596][463]LogModuleManager: Shutting down and abandoning module AutomationWorker (632)
[2025.09.24-17.09.30:596][463]LogModuleManager: Shutting down and abandoning module OculusMR (630)
[2025.09.24-17.09.30:596][463]LogModuleManager: Shutting down and abandoning module AudioCaptureEditor (628)
[2025.09.24-17.09.30:596][463]LogModuleManager: Shutting down and abandoning module MatineeToLevelSequence (626)
[2025.09.24-17.09.30:596][463]LogModuleManager: Shutting down and abandoning module LevelSequenceEditor (624)
[2025.09.24-17.09.30:596][463]LogModuleManager: Shutting down and abandoning module PlacementMode (623)
[2025.09.24-17.09.30:596][463]LogModuleManager: Shutting down and abandoning module MaterialEditor (622)
[2025.09.24-17.09.30:596][463]LogModuleManager: Shutting down and abandoning module ActorSequenceEditor (618)
[2025.09.24-17.09.30:596][463]LogModuleManager: Shutting down and abandoning module WmfMediaFactory (616)
[2025.09.24-17.09.30:596][463]LogModuleManager: Shutting down and abandoning module WmfMediaEditor (614)
[2025.09.24-17.09.30:596][463]LogModuleManager: Shutting down and abandoning module WebMMediaFactory (612)
[2025.09.24-17.09.30:596][463]LogModuleManager: Shutting down and abandoning module WebMMediaEditor (610)
[2025.09.24-17.09.30:596][463]LogModuleManager: Shutting down and abandoning module WebMMedia (608)
[2025.09.24-17.09.30:596][463]LogModuleManager: Shutting down and abandoning module MediaPlayerEditor (606)
[2025.09.24-17.09.30:596][463]LogModuleManager: Shutting down and abandoning module MediaCompositingEditor (604)
[2025.09.24-17.09.30:596][463]LogModuleManager: Shutting down and abandoning module SequenceRecorder (603)
[2025.09.24-17.09.30:596][463]LogModuleManager: Shutting down and abandoning module OpenExrWrapper (600)
[2025.09.24-17.09.30:596][463]LogModuleManager: Shutting down and abandoning module ImgMediaFactory (598)
[2025.09.24-17.09.30:596][463]LogModuleManager: Shutting down and abandoning module ImgMediaEditor (596)
[2025.09.24-17.09.30:596][463]LogModuleManager: Shutting down and abandoning module AvfMediaFactory (594)
[2025.09.24-17.09.30:596][463]LogModuleManager: Shutting down and abandoning module AvfMediaEditor (592)
[2025.09.24-17.09.30:596][463]LogModuleManager: Shutting down and abandoning module AndroidMediaFactory (590)
[2025.09.24-17.09.30:596][463]LogModuleManager: Shutting down and abandoning module AndroidMediaEditor (588)
[2025.09.24-17.09.30:596][463]LogModuleManager: Shutting down and abandoning module MagicLeapCameraPreviewFactory (586)
[2025.09.24-17.09.30:596][463]LogModuleManager: Shutting down and abandoning module MagicLeapMediaCodecFactory (584)
[2025.09.24-17.09.30:596][463]LogModuleManager: Shutting down and abandoning module MagicLeapMediaFactory (582)
[2025.09.24-17.09.30:596][463]LogModuleManager: Shutting down and abandoning module MagicLeapMediaEditor (580)
[2025.09.24-17.09.30:596][463]LogModuleManager: Shutting down and abandoning module CharacterAI (578)
[2025.09.24-17.09.30:596][463]LogModuleManager: Shutting down and abandoning module SmartSnapping (576)
[2025.09.24-17.09.30:596][463]LogModuleManager: Shutting down and abandoning module SessionServices (574)
[2025.09.24-17.09.30:596][463]LogModuleManager: Shutting down and abandoning module MeshPaint (572)
[2025.09.24-17.09.30:596][463]LogModuleManager: Shutting down and abandoning module ViewportSnapping (570)
[2025.09.24-17.09.30:596][463]LogModuleManager: Shutting down and abandoning module ViewportInteraction (568)
[2025.09.24-17.09.30:596][463]LogModuleManager: Shutting down and abandoning module ClothPainter (566)
[2025.09.24-17.09.30:596][463]LogModuleManager: Shutting down and abandoning module SkeletalMeshEditor (565)
[2025.09.24-17.09.30:596][463]LogModuleManager: Shutting down and abandoning module LogVisualizer (562)
[2025.09.24-17.09.30:596][463]LogModuleManager: Shutting down and abandoning module IntroTutorials (560)
[2025.09.24-17.09.30:596][463]LogModuleManager: Shutting down and abandoning module GameProjectGeneration (559)
[2025.09.24-17.09.30:596][463]LogModuleManager: Shutting down and abandoning module LuminPlatformEditor (556)
[2025.09.24-17.09.30:596][463]LogModuleManager: Shutting down and abandoning module IOSPlatformEditor (554)
[2025.09.24-17.09.30:596][463]LogModuleManager: Shutting down and abandoning module HTML5PlatformEditor (552)
[2025.09.24-17.09.30:596][463]LogModuleManager: Shutting down and abandoning module AndroidPlatformEditor (550)
[2025.09.24-17.09.30:596][463]LogModuleManager: Shutting down and abandoning module AndroidDeviceDetection (549)
[2025.09.24-17.09.31:515][463]LogModuleManager: Shutting down and abandoning module WindowsPlatformEditor (546)
[2025.09.24-17.09.31:515][463]LogModuleManager: Shutting down and abandoning module LuminRuntimeSettings (544)
[2025.09.24-17.09.31:515][463]LogModuleManager: Shutting down and abandoning module IOSRuntimeSettings (542)
[2025.09.24-17.09.31:515][463]LogModuleManager: Shutting down and abandoning module AndroidRuntimeSettings (540)
[2025.09.24-17.09.31:515][463]LogModuleManager: Shutting down and abandoning module TimeManagementEditor (538)
[2025.09.24-17.09.31:515][463]LogModuleManager: Shutting down and abandoning module InputBindingEditor (536)
[2025.09.24-17.09.31:515][463]LogModuleManager: Shutting down and abandoning module MergeActors (534)
[2025.09.24-17.09.31:515][463]LogModuleManager: Shutting down and abandoning module LocalizationDashboard (532)
[2025.09.24-17.09.31:515][463]LogModuleManager: Shutting down and abandoning module LocalizationService (531)
[2025.09.24-17.09.31:515][463]LogModuleManager: Shutting down and abandoning module HardwareTargeting (528)
[2025.09.24-17.09.31:515][463]LogModuleManager: Shutting down and abandoning module DeviceProfileEditor (526)
[2025.09.24-17.09.31:515][463]LogModuleManager: Shutting down and abandoning module UndoHistory (524)
[2025.09.24-17.09.31:515][463]LogModuleManager: Shutting down and abandoning module XmlParser (522)
[2025.09.24-17.09.31:515][463]LogModuleManager: Shutting down and abandoning module Blutility (520)
[2025.09.24-17.09.31:515][463]LogModuleManager: Shutting down and abandoning module ProjectSettingsViewer (518)
[2025.09.24-17.09.31:515][463]LogModuleManager: Shutting down and abandoning module ProjectTargetPlatformEditor (517)
[2025.09.24-17.09.31:515][463]LogModuleManager: Shutting down and abandoning module EditorSettingsViewer (514)
[2025.09.24-17.09.31:515][463]LogModuleManager: Shutting down and abandoning module SettingsEditor (512)
[2025.09.24-17.09.31:515][463]LogModuleManager: Shutting down and abandoning module ProjectLauncher (510)
[2025.09.24-17.09.31:515][463]LogModuleManager: Shutting down and abandoning module SessionFrontend (508)
[2025.09.24-17.09.31:515][463]LogModuleManager: Shutting down and abandoning module ProfilerClient (506)
[2025.09.24-17.09.31:515][463]LogModuleManager: Shutting down and abandoning module DeviceManager (504)
[2025.09.24-17.09.31:515][463]LogModuleManager: Shutting down and abandoning module TargetDeviceServices (503)
[2025.09.24-17.09.31:559][463]LogModuleManager: Shutting down and abandoning module AutomationController (500)
[2025.09.24-17.09.31:559][463]LogModuleManager: Shutting down and abandoning module AutomationWindow (498)
[2025.09.24-17.09.31:559][463]LogModuleManager: Shutting down and abandoning module Layers (496)
[2025.09.24-17.09.31:559][463]LogModuleManager: Shutting down and abandoning module ComponentVisualizers (494)
[2025.09.24-17.09.31:559][463]LogModuleManager: Shutting down and abandoning module DetailCustomizations (492)
[2025.09.24-17.09.31:559][463]LogModuleManager: Shutting down and abandoning module PackagesDialog (490)
[2025.09.24-17.09.31:559][463]LogModuleManager: Shutting down and abandoning module AnimationBlueprintEditor (488)
[2025.09.24-17.09.31:559][463]LogModuleManager: Shutting down and abandoning module Persona (486)
[2025.09.24-17.09.31:559][463]LogModuleManager: Shutting down and abandoning module AdvancedPreviewScene (485)
[2025.09.24-17.09.31:559][463]LogModuleManager: Shutting down and abandoning module AnimGraph (483)
[2025.09.24-17.09.31:559][463]LogModuleManager: Shutting down and abandoning module Kismet (480)
[2025.09.24-17.09.31:559][463]LogModuleManager: Shutting down and abandoning module KismetWidgets (479)
[2025.09.24-17.09.31:559][463]LogModuleManager: Shutting down and abandoning module GraphEditor (476)
[2025.09.24-17.09.31:559][463]LogModuleManager: Shutting down and abandoning module StructViewer (474)
[2025.09.24-17.09.31:559][463]LogModuleManager: Shutting down and abandoning module ClassViewer (472)
[2025.09.24-17.09.31:559][463]LogModuleManager: Shutting down and abandoning module Toolbox (470)
[2025.09.24-17.09.31:559][463]LogModuleManager: Shutting down and abandoning module ModuleUI (468)
[2025.09.24-17.09.31:559][463]LogModuleManager: Shutting down and abandoning module MovieSceneTools (466)
[2025.09.24-17.09.31:560][463]LogModuleManager: Shutting down and abandoning module OutputLog (464)
[2025.09.24-17.09.31:560][463]LogModuleManager: Shutting down and abandoning module GammaUI (462)
[2025.09.24-17.09.31:560][463]LogModuleManager: Shutting down and abandoning module Documentation (460)
[2025.09.24-17.09.31:560][463]LogModuleManager: Shutting down and abandoning module LiveCoding (458)
[2025.09.24-17.09.31:560][463]LogModuleManager: Shutting down and abandoning module LevelSequence (456)
[2025.09.24-17.09.31:560][463]LogModuleManager: Shutting down and abandoning module MovieSceneTracks (454)
[2025.09.24-17.09.31:560][463]LogModuleManager: Shutting down and abandoning module MovieScene (452)
[2025.09.24-17.09.31:560][463]LogModuleManager: Shutting down and abandoning module StreamingPauseRendering (450)
[2025.09.24-17.09.31:560][463]LogModuleManager: Shutting down and abandoning module LauncherPlatform (448)
[2025.09.24-17.09.31:560][463]LogModuleManager: Shutting down and abandoning module AnalyticsET (446)
[2025.09.24-17.09.31:560][463]LogModuleManager: Shutting down and abandoning module PortalServices (444)
[2025.09.24-17.09.31:560][463]LogModuleManager: Shutting down and abandoning module PortalRpc (442)
[2025.09.24-17.09.31:560][463]LogModuleManager: Shutting down and abandoning module MessagingRpc (440)
[2025.09.24-17.09.31:560][463]LogModuleManager: Shutting down and abandoning module AIModule (438)
[2025.09.24-17.09.31:560][463]LogModuleManager: Shutting down and abandoning module GameplayDebugger (437)
[2025.09.24-17.09.31:560][463]LogModuleManager: Shutting down and abandoning module AITestSuite (435)
[2025.09.24-17.09.31:560][463]LogModuleManager: Shutting down and abandoning module NavigationSystem (433)
[2025.09.24-17.09.31:560][463]LogModuleManager: Shutting down and abandoning module DesktopPlatform (430)
[2025.09.24-17.09.31:560][463]LogModuleManager: Shutting down and abandoning module ImageWriteQueue (428)
[2025.09.24-17.09.31:562][463]LogModuleManager: Shutting down and abandoning module ProfilerService (426)
[2025.09.24-17.09.31:610][463]LogModuleManager: Shutting down and abandoning module TaskGraph (424)
[2025.09.24-17.09.31:610][463]LogModuleManager: Shutting down and abandoning module ScreenshotTools (422)
[2025.09.24-17.09.31:610][463]LogModuleManager: Shutting down and abandoning module SteamVRController (420)
[2025.09.24-17.09.31:610][463]LogModuleManager: Shutting down and abandoning module ProceduralMeshComponentEditor (418)
[2025.09.24-17.09.31:610][463]LogModuleManager: Shutting down and abandoning module ProceduralMeshComponent (416)
[2025.09.24-17.09.31:610][463]LogModuleManager: Shutting down and abandoning module OculusEditor (414)
[2025.09.24-17.09.31:610][463]LogModuleManager: Shutting down and abandoning module OculusInput (412)
[2025.09.24-17.09.31:610][463]LogModuleManager: Shutting down and abandoning module MobilePatchingUtils (410)
[2025.09.24-17.09.31:610][463]LogModuleManager: Shutting down and abandoning module EditableMesh (408)
[2025.09.24-17.09.31:610][463]LogModuleManager: Shutting down and abandoning module CustomMeshComponent (406)
[2025.09.24-17.09.31:610][463]LogModuleManager: Shutting down and abandoning module CableComponent (404)
[2025.09.24-17.09.31:610][463]LogModuleManager: Shutting down and abandoning module AudioCapture (402)
[2025.09.24-17.09.31:610][463]LogModuleManager: Shutting down and abandoning module ArchVisCharacter (400)
[2025.09.24-17.09.31:610][463]LogModuleManager: Shutting down and abandoning module AppleImageUtilsBlueprintSupport (398)
[2025.09.24-17.09.31:610][463]LogModuleManager: Shutting down and abandoning module AppleImageUtils (396)
[2025.09.24-17.09.31:610][463]LogModuleManager: Shutting down and abandoning module AndroidPermission (394)
[2025.09.24-17.09.31:610][463]LogModuleManager: Shutting down and abandoning module NUTUnrealEngine4 (392)
[2025.09.24-17.09.31:610][463]LogModuleManager: Shutting down and abandoning module NetcodeUnitTest (390)
[2025.09.24-17.09.31:610][463]LogModuleManager: Shutting down and abandoning module MediaCompositing (388)
[2025.09.24-17.09.31:610][463]LogModuleManager: Shutting down and abandoning module ImgMedia (386)
[2025.09.24-17.09.31:610][463]LogModuleManager: Shutting down and abandoning module MagicLeapHelperVulkan (384)
[2025.09.24-17.09.31:610][463]LogModuleManager: Shutting down and abandoning module MagicLeapHelperOpenGL (382)
[2025.09.24-17.09.31:610][463]LogModuleManager: Shutting down and abandoning module MagicLeapAudio (380)
[2025.09.24-17.09.31:610][463]LogModuleManager: Shutting down and abandoning module HTML5Networking (378)
[2025.09.24-17.09.31:610][463]LogModuleManager: Shutting down and abandoning module GeometryCacheTracks (376)
[2025.09.24-17.09.31:610][463]LogModuleManager: Shutting down and abandoning module GeometryCacheSequencer (374)
[2025.09.24-17.09.31:610][463]LogModuleManager: Shutting down and abandoning module BackChannel (372)
[2025.09.24-17.09.31:610][463]LogModuleManager: Shutting down and abandoning module AutomationUtilsEditor (370)
[2025.09.24-17.09.31:610][463]LogModuleManager: Shutting down and abandoning module AutomationUtils (368)
[2025.09.24-17.09.31:610][463]LogModuleManager: Shutting down and abandoning module AlembicImporter (366)
[2025.09.24-17.09.31:610][463]LogModuleManager: Shutting down and abandoning module AlembicLibrary (365)
[2025.09.24-17.09.31:610][463]LogModuleManager: Shutting down and abandoning module GeometryCache (364)
[2025.09.24-17.09.31:610][463]LogModuleManager: Shutting down and abandoning module GeometryCacheEd (363)
[2025.09.24-17.09.31:610][463]LogModuleManager: Shutting down and abandoning module VariantManagerContent (358)
[2025.09.24-17.09.31:610][463]LogModuleManager: Shutting down and abandoning module DatasmithContentEditor (356)
[2025.09.24-17.09.31:610][463]LogModuleManager: Shutting down and abandoning module SpeedTreeImporter (354)
[2025.09.24-17.09.31:610][463]LogModuleManager: Shutting down and abandoning module PluginBrowser (352)
[2025.09.24-17.09.31:610][463]LogModuleManager: Shutting down and abandoning module MobileLauncherProfileWizard (350)
[2025.09.24-17.09.31:610][463]LogModuleManager: Shutting down and abandoning module MaterialAnalyzer (348)
[2025.09.24-17.09.31:610][463]LogModuleManager: Shutting down and abandoning module CurveEditorTools (346)
[2025.09.24-17.09.31:610][463]LogModuleManager: Shutting down and abandoning module CurveEditor (345)
[2025.09.24-17.09.31:610][463]LogModuleManager: Shutting down and abandoning module CryptoKeysOpenSSL (342)
[2025.09.24-17.09.31:610][463]LogModuleManager: Shutting down and abandoning module CryptoKeys (340)
[2025.09.24-17.09.31:610][463]LogModuleManager: Shutting down and abandoning module VisualStudioSourceCodeAccess (338)
[2025.09.24-17.09.31:610][463]LogModuleManager: Shutting down and abandoning module VisualStudioCodeSourceCodeAccess (336)
[2025.09.24-17.09.31:610][463]LogModuleManager: Shutting down and abandoning module UObjectPlugin (334)
[2025.09.24-17.09.31:610][463]LogModuleManager: Shutting down and abandoning module SubversionSourceControl (332)
[2025.09.24-17.09.31:610][463]LogModuleManager: Shutting down and abandoning module PerforceSourceControl (330)
[2025.09.24-17.09.31:610][463]LogModuleManager: Shutting down and abandoning module GitSourceControl (328)
[2025.09.24-17.09.31:610][463]LogModuleManager: Shutting down and abandoning module SourceControl (327)
[2025.09.24-17.09.31:611][463]LogModuleManager: Shutting down and abandoning module CLionSourceCodeAccess (324)
[2025.09.24-17.09.31:611][463]LogModuleManager: Shutting down and abandoning module AnimationSharingEd (322)
[2025.09.24-17.09.31:611][463]LogModuleManager: Shutting down and abandoning module ActorLayerUtilitiesEditor (320)
[2025.09.24-17.09.31:611][463]LogModuleManager: Shutting down and abandoning module ActorLayerUtilities (318)
[2025.09.24-17.09.31:611][463]LogModuleManager: Shutting down and abandoning module LightPropagationVolumeEditor (316)
[2025.09.24-17.09.31:611][463]LogModuleManager: Shutting down and abandoning module PaperTiledImporter (314)
[2025.09.24-17.09.31:611][463]LogModuleManager: Shutting down and abandoning module PaperSpriteSheetImporter (312)
[2025.09.24-17.09.31:611][463]LogModuleManager: Shutting down and abandoning module Paper2DEditor (310)
[2025.09.24-17.09.31:611][463]LogModuleManager: Shutting down and abandoning module SignificanceManager (308)
[2025.09.24-17.09.31:611][463]LogModuleManager: Shutting down and abandoning module RuntimePhysXCooking (306)
[2025.09.24-17.09.31:611][463]LogModuleManager: Shutting down and abandoning module PhysXVehiclesEditor (304)
[2025.09.24-17.09.31:611][463]LogModuleManager: Shutting down and abandoning module LocationServicesBPLibrary (300)
[2025.09.24-17.09.31:611][463]LogModuleManager: Shutting down and abandoning module ActorSequence (298)
[2025.09.24-17.09.31:611][463]LogModuleManager: Shutting down and abandoning module UdpMessaging (296)
[2025.09.24-17.09.31:711][463]LogModuleManager: Shutting down and abandoning module TcpMessaging (294)
[2025.09.24-17.09.31:813][463]LogModuleManager: Shutting down and abandoning module MagicLeapIdentity (292)
[2025.09.24-17.09.31:813][463]LogModuleManager: Shutting down and abandoning module MagicLeapSecureStorage (290)
[2025.09.24-17.09.31:813][463]LogModuleManager: Shutting down and abandoning module MagicLeapHandTracking (288)
[2025.09.24-17.09.31:813][463]LogModuleManager: Shutting down and abandoning module MagicLeapEyeTracker (286)
[2025.09.24-17.09.31:813][463]LogModuleManager: Shutting down and abandoning module MagicLeapController (284)
[2025.09.24-17.09.31:813][463]LogSlate: Slate User Destroyed.  User Index 0, Is Virtual User: 0
[2025.09.24-17.09.31:813][463]LogModuleManager: Shutting down and abandoning module MagicLeapAR (282)
[2025.09.24-17.09.31:813][463]LogModuleManager: Shutting down and abandoning module AugmentedReality (281)
[2025.09.24-17.09.31:813][463]LogModuleManager: Shutting down and abandoning module GameplayTagsEditor (278)
[2025.09.24-17.09.31:813][463]LogModuleManager: Shutting down and abandoning module FacialAnimationEditor (276)
[2025.09.24-17.09.31:813][463]LogModuleManager: Shutting down and abandoning module FacialAnimation (274)
[2025.09.24-17.09.31:813][463]LogModuleManager: Shutting down and abandoning module DataValidation (272)
[2025.09.24-17.09.31:813][463]LogModuleManager: Shutting down and abandoning module AssetManagerEditor (270)
[2025.09.24-17.09.31:813][463]LogModuleManager: Shutting down and abandoning module LevelEditor (269)
[2025.09.24-17.09.31:813][463]LogModuleManager: Shutting down and abandoning module PixelInspectorModule (268)
[2025.09.24-17.09.31:813][463]LogModuleManager: Shutting down and abandoning module CommonMenuExtensions (266)
[2025.09.24-17.09.31:813][463]LogModuleManager: Shutting down and abandoning module MainFrame (264)
[2025.09.24-17.09.31:813][463]LogModuleManager: Shutting down and abandoning module HotReload (263)
[2025.09.24-17.09.31:814][463]LogModuleManager: Shutting down and abandoning module ContentBrowser (259)
[2025.09.24-17.09.31:814][463]LogModuleManager: Shutting down and abandoning module TreeMap (257)
[2025.09.24-17.09.31:814][463]LogModuleManager: Shutting down and abandoning module AnimationSharing (254)
[2025.09.24-17.09.31:814][463]LogModuleManager: Shutting down and abandoning module LightPropagationVolumeRuntime (252)
[2025.09.24-17.09.31:814][463]LogModuleManager: Shutting down and abandoning module Paper2D (250)
[2025.09.24-17.09.31:814][463]LogModuleManager: Shutting down and abandoning module WindowsMoviePlayer (248)
[2025.09.24-17.09.31:816][463]LogModuleManager: Shutting down and abandoning module WebMMoviePlayer (246)
[2025.09.24-17.09.31:816][463]LogModuleManager: Shutting down and abandoning module NetworkReplayStreaming (244)
[2025.09.24-17.09.31:816][463]LogModuleManager: Shutting down and abandoning module PacketHandler (242)
[2025.09.24-17.09.31:816][463]LogModuleManager: Shutting down and abandoning module ClothingSystemEditor (240)
[2025.09.24-17.09.31:816][463]LogModuleManager: Shutting down and abandoning module ClothingSystemRuntime (238)
[2025.09.24-17.09.31:816][463]LogModuleManager: Shutting down and abandoning module MediaAssets (236)
[2025.09.24-17.09.31:816][463]LogModuleManager: Shutting down and abandoning module Overlay (234)
[2025.09.24-17.09.31:816][463]LogModuleManager: Shutting down and abandoning module OverlayEditor (233)
[2025.09.24-17.09.31:816][463]LogModuleManager: Shutting down and abandoning module VREditor (230)
[2025.09.24-17.09.31:816][463]LogModuleManager: Shutting down and abandoning module StringTableEditor (228)
[2025.09.24-17.09.31:816][463]LogModuleManager: Shutting down and abandoning module GameplayTasksEditor (226)
[2025.09.24-17.09.31:816][463]LogModuleManager: Shutting down and abandoning module BehaviorTreeEditor (224)
[2025.09.24-17.09.31:816][463]LogModuleManager: Shutting down and abandoning module FunctionalTesting (222)
[2025.09.24-17.09.31:816][463]LogModuleManager: Shutting down and abandoning module CollisionAnalyzer (220)
[2025.09.24-17.09.31:816][463]LogModuleManager: Shutting down and abandoning module WorkspaceMenuStructure (219)
[2025.09.24-17.09.31:816][463]LogModuleManager: Shutting down and abandoning module UMG (216)
[2025.09.24-17.09.31:816][463]LogModuleManager: Shutting down and abandoning module UMGEditor (215)
[2025.09.24-17.09.31:816][463]LogModuleManager: Shutting down and abandoning module Sequencer (214)
[2025.09.24-17.09.31:816][463]LogModuleManager: Shutting down and abandoning module MessageLog (211)
[2025.09.24-17.09.31:816][463]LogModuleManager: Shutting down and abandoning module SlateReflector (206)
[2025.09.24-17.09.31:816][463]LogModuleManager: Shutting down and abandoning module Slate (204)
[2025.09.24-17.09.31:816][463]LogModuleManager: Shutting down and abandoning module LandscapeEditorUtilities (202)
[2025.09.24-17.09.31:816][463]LogModuleManager: Shutting down and abandoning module EditorStyle (200)
[2025.09.24-17.09.31:817][463]LogModuleManager: Shutting down and abandoning module UnrealEd (198)
[2025.09.24-17.09.31:817][463]LogModuleManager: Shutting down and abandoning module MRMesh (196)
[2025.09.24-17.09.31:817][463]LogModuleManager: Shutting down and abandoning module SourceCodeAccess (194)
[2025.09.24-17.09.31:817][463]LogModuleManager: Shutting down and abandoning module HeadMountedDisplay (192)
[2025.09.24-17.09.31:817][463]LogModuleManager: Shutting down and abandoning module XAudio2 (190)
[2025.09.24-17.09.31:817][463]LogModuleManager: Shutting down and abandoning module Networking (188)
[2025.09.24-17.09.31:817][463]LogModuleManager: Shutting down and abandoning module Core (186)
[2025.09.24-17.09.31:817][463]LogModuleManager: Shutting down and abandoning module KismetCompiler (184)
[2025.09.24-17.09.31:817][463]LogModuleManager: Shutting down and abandoning module MeshUtilities (182)
[2025.09.24-17.09.31:817][463]LogModuleManager: Shutting down and abandoning module MeshMergeUtilities (181)
[2025.09.24-17.09.31:817][463]LogModuleManager: Shutting down and abandoning module MeshReductionInterface (180)
[2025.09.24-17.09.31:817][463]LogModuleManager: Shutting down and abandoning module SkeletalMeshReduction (179)
[2025.09.24-17.09.31:817][463]LogModuleManager: Shutting down and abandoning module ProxyLODMeshReduction (177)
[2025.09.24-17.09.31:817][463]LogModuleManager: Shutting down and abandoning module QuadricMeshReduction (175)
[2025.09.24-17.09.31:817][463]LogModuleManager: Shutting down and abandoning module MaterialBaking (171)
[2025.09.24-17.09.31:817][463]LogModuleManager: Shutting down and abandoning module NullInstallBundleManager (166)
[2025.09.24-17.09.31:817][463]LogModuleManager: Shutting down and abandoning module DerivedDataCache (164)
[2025.09.24-17.09.31:817][463]LogDerivedDataCache: Shutdown
[2025.09.24-17.09.31:817][463]LogModuleManager: Shutting down and abandoning module XGEController (162)
[2025.09.24-17.09.31:817][463]LogModuleManager: Shutting down and abandoning module TargetPlatform (160)
[2025.09.24-17.09.31:817][463]LogModuleManager: Shutting down and abandoning module VulkanShaderFormat (159)
[2025.09.24-17.09.31:817][463]LogModuleManager: Shutting down and abandoning module ShaderFormatVectorVM (157)
[2025.09.24-17.09.31:817][463]LogModuleManager: Shutting down and abandoning module ShaderFormatOpenGL (155)
[2025.09.24-17.09.31:817][463]LogModuleManager: Shutting down and abandoning module ShaderFormatD3D (153)
[2025.09.24-17.09.31:817][463]LogModuleManager: Shutting down and abandoning module MetalShaderFormat (151)
[2025.09.24-17.09.31:817][463]LogModuleManager: Shutting down and abandoning module TextureFormatUncompressed (149)
[2025.09.24-17.09.31:817][463]LogModuleManager: Shutting down and abandoning module TextureFormatPVR (147)
[2025.09.24-17.09.31:817][463]LogModuleManager: Shutting down and abandoning module TextureFormatDXT (145)
[2025.09.24-17.09.31:817][463]LogModuleManager: Shutting down and abandoning module TextureFormatIntelISPCTexComp (143)
[2025.09.24-17.09.31:817][463]LogModuleManager: Shutting down and abandoning module TextureFormatASTC (141)
[2025.09.24-17.09.31:817][463]LogModuleManager: Shutting down and abandoning module ImageWrapper (140)
[2025.09.24-17.09.31:817][463]LogModuleManager: Shutting down and abandoning module TextureFormatAndroid (137)
[2025.09.24-17.09.31:817][463]LogModuleManager: Shutting down and abandoning module AudioFormatOpus (135)
[2025.09.24-17.09.31:817][463]LogModuleManager: Shutting down and abandoning module AudioFormatOgg (133)
[2025.09.24-17.09.31:817][463]LogModuleManager: Shutting down and abandoning module AudioFormatADPCM (131)
[2025.09.24-17.09.31:817][463]LogModuleManager: Shutting down and abandoning module LuminTargetPlatform (129)
[2025.09.24-17.09.31:818][463]LogModuleManager: Shutting down and abandoning module LinuxTargetPlatform (127)
[2025.09.24-17.09.31:818][463]LogModuleManager: Shutting down and abandoning module LinuxServerTargetPlatform (125)
[2025.09.24-17.09.31:818][463]LogModuleManager: Shutting down and abandoning module LinuxNoEditorTargetPlatform (123)
[2025.09.24-17.09.31:818][463]LogModuleManager: Shutting down and abandoning module LinuxClientTargetPlatform (121)
[2025.09.24-17.09.31:818][463]LogModuleManager: Shutting down and abandoning module TVOSTargetPlatform (119)
[2025.09.24-17.09.31:818][463]LogModuleManager: Shutting down and abandoning module Messaging (117)
[2025.09.24-17.09.31:818][463]LogModuleManager: Shutting down and abandoning module IOSTargetPlatform (115)
[2025.09.24-17.09.31:819][463]LogModuleManager: Shutting down and abandoning module HTML5TargetPlatform (113)
[2025.09.24-17.09.31:819][463]LogModuleManager: Shutting down and abandoning module AndroidTargetPlatform (111)
[2025.09.24-17.09.31:822][463]LogModuleManager: Shutting down and abandoning module WindowsTargetPlatform (109)
[2025.09.24-17.09.31:822][463]LogModuleManager: Shutting down and abandoning module WindowsServerTargetPlatform (107)
[2025.09.24-17.09.31:822][463]LogModuleManager: Shutting down and abandoning module WindowsNoEditorTargetPlatform (105)
[2025.09.24-17.09.31:822][463]LogModuleManager: Shutting down and abandoning module WindowsClientTargetPlatform (103)
[2025.09.24-17.09.31:822][463]LogModuleManager: Shutting down and abandoning module MacTargetPlatform (101)
[2025.09.24-17.09.31:822][463]LogModuleManager: Shutting down and abandoning module MacServerTargetPlatform (99)
[2025.09.24-17.09.31:822][463]LogModuleManager: Shutting down and abandoning module MacNoEditorTargetPlatform (97)
[2025.09.24-17.09.31:822][463]LogModuleManager: Shutting down and abandoning module MacClientTargetPlatform (95)
[2025.09.24-17.09.31:822][463]LogModuleManager: Shutting down and abandoning module AllDesktopTargetPlatform (93)
[2025.09.24-17.09.31:822][463]LogModuleManager: Shutting down and abandoning module InputCore (90)
[2025.09.24-17.09.31:822][463]LogModuleManager: Shutting down and abandoning module Settings (88)
[2025.09.24-17.09.31:822][463]LogModuleManager: Shutting down and abandoning module DirectoryWatcher (86)
[2025.09.24-17.09.31:822][463]LogModuleManager: Shutting down and abandoning module PhysXCooking (84)
[2025.09.24-17.09.31:822][463]LogModuleManager: Shutting down and abandoning module WindowsPlatformFeatures (82)
[2025.09.24-17.09.31:822][463]LogModuleManager: Shutting down and abandoning module GameplayMediaEncoder (81)
[2025.09.24-17.09.31:822][463]LogModuleManager: Shutting down and abandoning module SteamVR (78)
[2025.09.24-17.09.31:822][463]LogHMD: Freeing OpenVRDLLHandle.
[2025.09.24-17.09.31:822][463]LogModuleManager: Shutting down and abandoning module OculusHMD (76)
[2025.09.24-17.09.31:822][463]LogModuleManager: Shutting down and abandoning module ExampleDeviceProfileSelector (74)
[2025.09.24-17.09.31:822][463]LogModuleManager: Shutting down and abandoning module LauncherChunkInstaller (72)
[2025.09.24-17.09.31:822][463]LogModuleManager: Shutting down and abandoning module OnlineBlueprintSupport (70)
[2025.09.24-17.09.31:822][463]LogModuleManager: Shutting down and abandoning module OnlineSubsystem (66)
[2025.09.24-17.09.31:823][463]LogModuleManager: Shutting down and abandoning module XMPP (61)
[2025.09.24-17.09.31:823][463]LogModuleManager: Shutting down and abandoning module WebSockets (60)
[2025.09.24-17.09.31:851][463]LogModuleManager: Shutting down and abandoning module HTTP (57)
[2025.09.24-17.09.31:851][463]LogHttp: Display: Http module shutting down, but needs to wait on 1 outstanding Http requests:
[2025.09.24-17.09.31:851][463]LogHttp: Display: 	verb=[POST] url=[https://datarouter.ol.epicgames.com/datarouter/api/v1/public/data?SessionID=%7BD18A124C-4CDD-7361-E711-1D9B9E369E25%7D&AppID=UEEditor.Rocket.Release&AppVersion=4.23.1-9631420%2B%2B%2BUE4%2BRelease-4.23&UserID=fcf63f4f4aa3b52c2cf4428b646ed4b7%7C817ac0c8b8ec4586b1a7d191863bddae%7C716e1537-9eef-4754-8647-18858cea8326&AppEnvironment=datacollector-binary&UploadType=eteventstream] status=Processing
[2025.09.24-17.09.31:866][463]LogModuleManager: Shutting down and abandoning module SSL (56)
[2025.09.24-17.09.31:867][463]LogModuleManager: Shutting down and abandoning module WmfMedia (52)
[2025.09.24-17.09.31:867][463]LogModuleManager: Shutting down and abandoning module Media (51)
[2025.09.24-17.09.31:868][463]LogModuleManager: Shutting down and abandoning module MagicLeap (48)
[2025.09.24-17.09.31:868][463]LogModuleManager: Shutting down and abandoning module DatasmithContent (46)
[2025.09.24-17.09.31:868][463]LogModuleManager: Shutting down and abandoning module AISupportModule (44)
[2025.09.24-17.09.31:868][463]LogModuleManager: Shutting down and abandoning module PlatformCryptoOpenSSL (42)
[2025.09.24-17.09.31:868][463]LogModuleManager: Shutting down and abandoning module PlatformCrypto (40)
[2025.09.24-17.09.31:868][463]LogModuleManager: Shutting down and abandoning module AnimationModifiers (38)
[2025.09.24-17.09.31:868][463]LogModuleManager: Shutting down and abandoning module PropertyEditor (37)
[2025.09.24-17.09.31:868][463]LogModuleManager: Shutting down and abandoning module AudioEditor (34)
[2025.09.24-17.09.31:869][463]LogModuleManager: Shutting down and abandoning module TextureCompressor (32)
[2025.09.24-17.09.31:869][463]LogModuleManager: Shutting down and abandoning module RenderCore (30)
[2025.09.24-17.09.31:869][463]LogModuleManager: Shutting down and abandoning module Landscape (28)
[2025.09.24-17.09.31:869][463]LogModuleManager: Shutting down and abandoning module SlateRHIRenderer (26)
[2025.09.24-17.09.31:870][463]LogModuleManager: Shutting down and abandoning module OpenGLDrv (24)
[2025.09.24-17.09.31:870][463]LogModuleManager: Shutting down and abandoning module D3D11RHI (22)
[2025.09.24-17.09.31:870][463]LogModuleManager: Shutting down and abandoning module AnimGraphRuntime (20)
[2025.09.24-17.09.31:870][463]LogModuleManager: Shutting down and abandoning module Renderer (18)
[2025.09.24-17.09.31:870][463]LogModuleManager: Shutting down and abandoning module Engine (16)
[2025.09.24-17.09.31:870][463]LogModuleManager: Shutting down and abandoning module CoreUObject (14)
[2025.09.24-17.09.31:870][463]LogModuleManager: Shutting down and abandoning module NetworkFile (12)
[2025.09.24-17.09.31:870][463]LogModuleManager: Shutting down and abandoning module CookedIterativeFile (10)
[2025.09.24-17.09.31:870][463]LogModuleManager: Shutting down and abandoning module StreamingFile (8)
[2025.09.24-17.09.31:870][463]LogModuleManager: Shutting down and abandoning module SandboxFile (6)
[2025.09.24-17.09.31:870][463]LogModuleManager: Shutting down and abandoning module PakFile (4)
[2025.09.24-17.09.31:870][463]LogModuleManager: Shutting down and abandoning module RSA (3)
[2025.09.24-17.09.31:871][463]LogD3D11RHI: Shutdown
[2025.09.24-17.09.31:871][463]LogD3D11RHI: CleanupD3DDevice
[2025.09.24-17.09.31:871][463]LogRendererCore: FGlobalDynamicReadBuffer::Cleanup()
[2025.09.24-17.09.31:871][463]LogRendererCore: FGlobalDynamicReadBuffer::Cleanup()
[2025.09.24-17.09.31:871][463]LogRendererCore: FGlobalDynamicReadBuffer::Cleanup()
[2025.09.24-17.09.31:872][463]LogD3D11RHI: ~FD3D11DynamicRHI
[2025.09.24-17.09.31:879][463]LogExit: Exiting.
[2025.09.24-17.09.31:889][463]Log file closed, 09/24/25 20:09:31
