Log file open, 09/29/25 18:55:14
LogWindows: Failed to load 'aqProf.dll' (GetLastError=126)
LogWindows: File 'aqProf.dll' does not exist
LogWindows: Failed to load 'VtuneApi.dll' (GetLastError=126)
LogWindows: File 'VtuneApi.dll' does not exist
LogWindows: Failed to load 'VtuneApi32e.dll' (GetLastError=126)
LogWindows: File 'VtuneApi32e.dll' does not exist
LogConsoleResponse: Display: Failed to find resolution value strings in scalability ini. Falling back to default.
LogInit: Display: Running engine for game: GameJamCrew
LogPlatformFile: Not using cached read wrapper
LogTaskGraph: Started task graph with 5 named threads and 35 total threads with 3 sets of task threads.
LogStats: Stats thread started at 0.042175
LogD3D11RHI: Loaded GFSDK_Aftermath_Lib.x64.dll
LogICUInternationalization: ICU TimeZone Detection - Raw Offset: +1:00, Platform Override: ''
LogPluginManager: Mounting plugin Paper2D
LogPluginManager: Mounting plugin AISupport
LogPluginManager: Mounting plugin LightPropagationVolume
LogPluginManager: Mounting plugin ActorLayerUtilities
LogPluginManager: Mounting plugin AnimationSharing
LogPluginManager: Mounting plugin CLionSourceCodeAccess
LogPluginManager: Mounting plugin CodeLiteSourceCodeAccess
LogPluginManager: Mounting plugin GitSourceControl
LogPluginManager: Mounting plugin KDevelopSourceCodeAccess
LogPluginManager: Mounting plugin NullSourceCodeAccess
LogPluginManager: Mounting plugin PerforceSourceControl
LogPluginManager: Mounting plugin SubversionSourceControl
LogPluginManager: Mounting plugin UObjectPlugin
LogPluginManager: Mounting plugin VisualStudioCodeSourceCodeAccess
LogPluginManager: Mounting plugin VisualStudioSourceCodeAccess
LogPluginManager: Mounting plugin XCodeSourceCodeAccess
LogPluginManager: Mounting plugin AssetManagerEditor
LogPluginManager: Mounting plugin CryptoKeys
LogPluginManager: Mounting plugin CurveEditorTools
LogPluginManager: Mounting plugin DataValidation
LogPluginManager: Mounting plugin FacialAnimation
LogPluginManager: Mounting plugin GameplayTagsEditor
LogPluginManager: Mounting plugin MacGraphicsSwitching
LogPluginManager: Mounting plugin MaterialAnalyzer
LogPluginManager: Mounting plugin MobileLauncherProfileWizard
LogPluginManager: Mounting plugin PluginBrowser
LogPluginManager: Mounting plugin SpeedTreeImporter
LogPluginManager: Mounting plugin DatasmithContent
LogPluginManager: Mounting plugin VariantManagerContent
LogPluginManager: Mounting plugin AlembicImporter
LogPluginManager: Mounting plugin AutomationUtils
LogPluginManager: Mounting plugin BackChannel
LogPluginManager: Mounting plugin CharacterAI
LogPluginManager: Mounting plugin GeometryCache
LogPluginManager: Mounting plugin HTML5Networking
LogPluginManager: Mounting plugin PlatformCrypto
LogPluginManager: Mounting plugin ProxyLODPlugin
LogPluginManager: Mounting plugin SkeletalReduction
LogPluginManager: Mounting plugin MagicLeap
LogPluginManager: Mounting plugin MagicLeapMedia
LogPluginManager: Mounting plugin AndroidMedia
LogPluginManager: Mounting plugin AvfMedia
LogPluginManager: Mounting plugin ImgMedia
LogPluginManager: Mounting plugin MediaCompositing
LogPluginManager: Mounting plugin MediaPlayerEditor
LogPluginManager: Mounting plugin WebMMedia
LogPluginManager: Mounting plugin WmfMedia
LogPluginManager: Mounting plugin TcpMessaging
LogPluginManager: Mounting plugin UdpMessaging
LogPluginManager: Mounting plugin ActorSequence
LogPluginManager: Mounting plugin LevelSequenceEditor
LogPluginManager: Mounting plugin MatineeToLevelSequence
LogPluginManager: Mounting plugin NetcodeUnitTest
LogPluginManager: Mounting plugin NUTUnrealEngine4
LogPluginManager: Mounting plugin OnlineSubsystemGooglePlay
LogPluginManager: Mounting plugin OnlineSubsystemIOS
LogPluginManager: Mounting plugin OnlineSubsystem
LogPluginManager: Mounting plugin OnlineSubsystemNull
LogPluginManager: Mounting plugin OnlineSubsystemUtils
LogPluginManager: Mounting plugin LauncherChunkInstaller
LogPluginManager: Mounting plugin AndroidDeviceProfileSelector
LogPluginManager: Mounting plugin AndroidMoviePlayer
LogPluginManager: Mounting plugin AndroidPermission
LogPluginManager: Mounting plugin AppleImageUtils
LogPluginManager: Mounting plugin AppleMoviePlayer
LogPluginManager: Mounting plugin ArchVisCharacter
LogPluginManager: Mounting plugin AudioCapture
LogPluginManager: Mounting plugin CableComponent
LogPluginManager: Mounting plugin CustomMeshComponent
LogPluginManager: Mounting plugin EditableMesh
LogPluginManager: Mounting plugin ExampleDeviceProfileSelector
LogPluginManager: Mounting plugin GoogleCloudMessaging
LogPluginManager: Mounting plugin IOSDeviceProfileSelector
LogPluginManager: Mounting plugin LinuxDeviceProfileSelector
LogPluginManager: Mounting plugin LocationServicesBPLibrary
LogPluginManager: Mounting plugin MobilePatchingUtils
LogPluginManager: Mounting plugin OculusVR
LogPluginManager: Mounting plugin PhysXVehicles
LogPluginManager: Mounting plugin ProceduralMeshComponent
LogPluginManager: Mounting plugin RuntimePhysXCooking
LogPluginManager: Mounting plugin SignificanceManager
LogPluginManager: Mounting plugin SteamVR
LogPluginManager: Mounting plugin WebMMoviePlayer
LogPluginManager: Mounting plugin WindowsMoviePlayer
LogPluginManager: Mounting plugin ScreenshotTools
LogInit: Using libcurl 7.55.1-DEV
LogInit:  - built for x86_64-pc-win32
LogInit:  - supports SSL with OpenSSL/1.1.1
LogInit:  - supports HTTP deflate (compression) using libz 1.2.8
LogInit:  - other features:
LogInit:      CURL_VERSION_SSL
LogInit:      CURL_VERSION_LIBZ
LogInit:      CURL_VERSION_IPV6
LogInit:      CURL_VERSION_ASYNCHDNS
LogInit:      CURL_VERSION_LARGEFILE
LogInit:      CURL_VERSION_IDN
LogInit:  CurlRequestOptions (configurable via config and command line):
LogInit:  - bVerifyPeer = true  - Libcurl will verify peer certificate
LogInit:  - bUseHttpProxy = false  - Libcurl will NOT use HTTP proxy
LogInit:  - bDontReuseConnections = false  - Libcurl will reuse connections
LogInit:  - MaxHostConnections = 16  - Libcurl will limit the number of connections to a host
LogInit:  - LocalHostAddr = Default
LogInit:  - BufferSize = 65536
LogOnline: OSS: Creating online subsystem instance for: NULL
LogInit: WinSock: version 1.1 (2.2), MaxSocks=32767, MaxUdp=65467
LogInit: Build: ++UE4+Release-4.23-CL-9631420
LogInit: Engine Version: 4.23.1-9631420+++UE4+Release-4.23
LogInit: Compatible Engine Version: 4.23.0-8386587+++UE4+Release-4.23
LogInit: Net CL: 8386587
LogInit: OS: Windows 10 (Release 2009) (), CPU: AMD Ryzen 5 7600X 6-Core Processor             , GPU: NVIDIA GeForce RTX 3070 Ti
LogInit: Compiled (64-bit): Oct 18 2019 02:07:44
LogInit: Compiled with Visual C++: 19.16.27030.01
LogInit: Build Configuration: Development
LogInit: Branch Name: ++UE4+Release-4.23
LogInit: Command Line: 
LogInit: Base Directory: D:/UE_4.23/Engine/Binaries/Win64/
LogInit: Installed Engine Build: 1
LogDevObjectVersion: Number of dev versions registered: 23
LogDevObjectVersion:   Dev-Blueprints (B0D832E4-1F89-4F0D-ACCF-7EB736FD4AA2): 10
LogDevObjectVersion:   Dev-Build (E1C64328-A22C-4D53-A36C-8E866417BD8C): 0
LogDevObjectVersion:   Dev-Core (375EC13C-06E4-48FB-B500-84F0262A717E): 3
LogDevObjectVersion:   Dev-Editor (E4B068ED-F494-42E9-A231-DA0B2E46BB41): 34
LogDevObjectVersion:   Dev-Framework (CFFC743F-43B0-4480-9391-14DF171D2073): 35
LogDevObjectVersion:   Dev-Mobile (B02B49B5-BB20-44E9-A304-32B752E40360): 2
LogDevObjectVersion:   Dev-Networking (A4E4105C-59A1-49B5-A7C5-40C4547EDFEE): 0
LogDevObjectVersion:   Dev-Online (39C831C9-5AE6-47DC-9A44-9C173E1C8E7C): 0
LogDevObjectVersion:   Dev-Physics (78F01B33-EBEA-4F98-B9B4-84EACCB95AA2): 0
LogDevObjectVersion:   Dev-Platform (6631380F-2D4D-43E0-8009-CF276956A95A): 0
LogDevObjectVersion:   Dev-Rendering (12F88B9F-8875-4AFC-A67C-D90C383ABD29): 31
LogDevObjectVersion:   Dev-Sequencer (7B5AE74C-D270-4C10-A958-57980B212A5A): 11
LogDevObjectVersion:   Dev-VR (D7296918-1DD6-4BDD-9DE2-64A83CC13884): 2
LogDevObjectVersion:   Dev-LoadTimes (C2A15278-BFE7-4AFE-6C17-90FF531DF755): 1
LogDevObjectVersion:   Private-Geometry (6EACA3D4-40EC-4CC1-B786-8BED09428FC5): 3
LogDevObjectVersion:   Dev-AnimPhys (29E575DD-E0A3-4627-9D10-D276232CDCEA): 17
LogDevObjectVersion:   Dev-Anim (AF43A65D-7FD3-4947-9873-3E8ED9C1BB05): 2
LogDevObjectVersion:   Dev-ReflectionCapture (6B266CEC-1EC7-4B8F-A30B-E4D90942FC07): 1
LogDevObjectVersion:   Dev-Automation (0DF73D61-A23F-47EA-B727-89E90C41499A): 1
LogDevObjectVersion:   FortniteMain (601D1886-AC64-4F84-AA16-D3DE0DEAC7D6): 27
LogDevObjectVersion:   Dev-Enterprise (9DFFBCD6-494F-0158-E221-12823C92A888): 6
LogDevObjectVersion:   Dev-Niagara (F2AED0AC-9AFE-416F-8664-AA7FFA26D6FC): 1
LogDevObjectVersion:   Dev-Destruction (174F1F0B-B4C6-45A5-B13F-2EE8D0FB917D): 9
LogInit: Presizing for max 16777216 objects, including 0 objects not considered by GC, pre-allocating 0 bytes for permanent pool.
LogInit: Object subsystem initialized
LogConfig: Setting CVar [[con.DebugEarlyDefault:1]]
LogConfig: Setting CVar [[r.setres:1280x720]]
[2025.09.29-16.55.14:243][  0]LogConfig: Setting CVar [[r.VSync:0]]
[2025.09.29-16.55.14:243][  0]LogConfig: Setting CVar [[r.RHICmdBypass:0]]
[2025.09.29-16.55.14:243][  0]LogConfig: Applying CVar settings from Section [/Script/Engine.RendererSettings] File [E:/GameJamHGGUnreal4.23.1/GameJamCrew/Saved/Config/Windows/Engine.ini]
[2025.09.29-16.55.14:243][  0]LogConfig: Setting CVar [[r.GPUCrashDebugging:0]]
[2025.09.29-16.55.14:243][  0]LogConfig: Applying CVar settings from Section [/Script/Engine.RendererOverrideSettings] File [E:/GameJamHGGUnreal4.23.1/GameJamCrew/Saved/Config/Windows/Engine.ini]
[2025.09.29-16.55.14:243][  0]LogConfig: Applying CVar settings from Section [/Script/Engine.StreamingSettings] File [E:/GameJamHGGUnreal4.23.1/GameJamCrew/Saved/Config/Windows/Engine.ini]
[2025.09.29-16.55.14:243][  0]LogConfig: Setting CVar [[s.MinBulkDataSizeForAsyncLoading:131072]]
[2025.09.29-16.55.14:243][  0]LogConfig: Setting CVar [[s.AsyncLoadingThreadEnabled:0]]
[2025.09.29-16.55.14:243][  0]LogConfig: Setting CVar [[s.EventDrivenLoaderEnabled:1]]
[2025.09.29-16.55.14:243][  0]LogConfig: Setting CVar [[s.WarnIfTimeLimitExceeded:0]]
[2025.09.29-16.55.14:243][  0]LogConfig: Setting CVar [[s.TimeLimitExceededMultiplier:1.5]]
[2025.09.29-16.55.14:243][  0]LogConfig: Setting CVar [[s.TimeLimitExceededMinTime:0.005]]
[2025.09.29-16.55.14:243][  0]LogConfig: Setting CVar [[s.UseBackgroundLevelStreaming:1]]
[2025.09.29-16.55.14:243][  0]LogConfig: Setting CVar [[s.PriorityAsyncLoadingExtraTime:15.0]]
[2025.09.29-16.55.14:243][  0]LogConfig: Setting CVar [[s.LevelStreamingActorsUpdateTimeLimit:5.0]]
[2025.09.29-16.55.14:243][  0]LogConfig: Setting CVar [[s.PriorityLevelStreamingActorsUpdateExtraTime:5.0]]
[2025.09.29-16.55.14:243][  0]LogConfig: Setting CVar [[s.LevelStreamingComponentsRegistrationGranularity:10]]
[2025.09.29-16.55.14:243][  0]LogConfig: Setting CVar [[s.UnregisterComponentsTimeLimit:1.0]]
[2025.09.29-16.55.14:243][  0]LogConfig: Setting CVar [[s.LevelStreamingComponentsUnregistrationGranularity:5]]
[2025.09.29-16.55.14:243][  0]LogConfig: Applying CVar settings from Section [/Script/Engine.GarbageCollectionSettings] File [E:/GameJamHGGUnreal4.23.1/GameJamCrew/Saved/Config/Windows/Engine.ini]
[2025.09.29-16.55.14:243][  0]LogConfig: Setting CVar [[gc.MaxObjectsNotConsideredByGC:1]]
[2025.09.29-16.55.14:243][  0]LogConfig: Setting CVar [[gc.SizeOfPermanentObjectPool:0]]
[2025.09.29-16.55.14:243][  0]LogConfig: Setting CVar [[gc.FlushStreamingOnGC:0]]
[2025.09.29-16.55.14:243][  0]LogConfig: Setting CVar [[gc.NumRetriesBeforeForcingGC:10]]
[2025.09.29-16.55.14:243][  0]LogConfig: Setting CVar [[gc.AllowParallelGC:1]]
[2025.09.29-16.55.14:243][  0]LogConfig: Setting CVar [[gc.TimeBetweenPurgingPendingKillObjects:61.1]]
[2025.09.29-16.55.14:243][  0]LogConfig: Setting CVar [[gc.MaxObjectsInEditor:16777216]]
[2025.09.29-16.55.14:243][  0]LogConfig: Setting CVar [[gc.IncrementalBeginDestroyEnabled:1]]
[2025.09.29-16.55.14:243][  0]LogConfig: Setting CVar [[gc.CreateGCClusters:1]]
[2025.09.29-16.55.14:243][  0]LogConfig: Setting CVar [[gc.MinGCClusterSize:5]]
[2025.09.29-16.55.14:243][  0]LogConfig: Setting CVar [[gc.ActorClusteringEnabled:0]]
[2025.09.29-16.55.14:243][  0]LogConfig: Setting CVar [[gc.BlueprintClusteringEnabled:0]]
[2025.09.29-16.55.14:243][  0]LogConfig: Setting CVar [[gc.UseDisregardForGCOnDedicatedServers:0]]
[2025.09.29-16.55.14:243][  0]LogConfig: Applying CVar settings from Section [/Script/Engine.NetworkSettings] File [E:/GameJamHGGUnreal4.23.1/GameJamCrew/Saved/Config/Windows/Engine.ini]
[2025.09.29-16.55.14:243][  0]LogConfig: Applying CVar settings from Section [/Script/UnrealEd.CookerSettings] File [E:/GameJamHGGUnreal4.23.1/GameJamCrew/Saved/Config/Windows/Engine.ini]
[2025.09.29-16.55.14:248][  0]LogConfig: Applying CVar settings from Section [ViewDistanceQuality@3] File [E:/GameJamHGGUnreal4.23.1/GameJamCrew/Saved/Config/Windows/Scalability.ini]
[2025.09.29-16.55.14:248][  0]LogConfig: Setting CVar [[r.SkeletalMeshLODBias:0]]
[2025.09.29-16.55.14:248][  0]LogConfig: Setting CVar [[r.ViewDistanceScale:1.0]]
[2025.09.29-16.55.14:248][  0]LogConfig: Applying CVar settings from Section [AntiAliasingQuality@3] File [E:/GameJamHGGUnreal4.23.1/GameJamCrew/Saved/Config/Windows/Scalability.ini]
[2025.09.29-16.55.14:248][  0]LogConfig: Setting CVar [[r.PostProcessAAQuality:4]]
[2025.09.29-16.55.14:248][  0]LogConfig: Applying CVar settings from Section [ShadowQuality@3] File [E:/GameJamHGGUnreal4.23.1/GameJamCrew/Saved/Config/Windows/Scalability.ini]
[2025.09.29-16.55.14:248][  0]LogConfig: Setting CVar [[r.LightFunctionQuality:1]]
[2025.09.29-16.55.14:248][  0]LogConfig: Setting CVar [[r.ShadowQuality:5]]
[2025.09.29-16.55.14:248][  0]LogConfig: Setting CVar [[r.Shadow.CSM.MaxCascades:10]]
[2025.09.29-16.55.14:248][  0]LogConfig: Setting CVar [[r.Shadow.MaxResolution:2048]]
[2025.09.29-16.55.14:248][  0]LogConfig: Setting CVar [[r.Shadow.MaxCSMResolution:2048]]
[2025.09.29-16.55.14:248][  0]LogConfig: Setting CVar [[r.Shadow.RadiusThreshold:0.01]]
[2025.09.29-16.55.14:248][  0]LogConfig: Setting CVar [[r.Shadow.DistanceScale:1.0]]
[2025.09.29-16.55.14:248][  0]LogConfig: Setting CVar [[r.Shadow.CSM.TransitionScale:1.0]]
[2025.09.29-16.55.14:248][  0]LogConfig: Setting CVar [[r.Shadow.PreShadowResolutionFactor:1.0]]
[2025.09.29-16.55.14:248][  0]LogConfig: Setting CVar [[r.DistanceFieldShadowing:1]]
[2025.09.29-16.55.14:248][  0]LogConfig: Setting CVar [[r.DistanceFieldAO:1]]
[2025.09.29-16.55.14:248][  0]LogConfig: Setting CVar [[r.AOQuality:2]]
[2025.09.29-16.55.14:248][  0]LogConfig: Setting CVar [[r.VolumetricFog:1]]
[2025.09.29-16.55.14:248][  0]LogConfig: Setting CVar [[r.VolumetricFog.GridPixelSize:8]]
[2025.09.29-16.55.14:248][  0]LogConfig: Setting CVar [[r.VolumetricFog.GridSizeZ:128]]
[2025.09.29-16.55.14:248][  0]LogConfig: Setting CVar [[r.VolumetricFog.HistoryMissSupersampleCount:4]]
[2025.09.29-16.55.14:248][  0]LogConfig: Setting CVar [[r.LightMaxDrawDistanceScale:1]]
[2025.09.29-16.55.14:248][  0]LogConfig: Setting CVar [[r.CapsuleShadows:1]]
[2025.09.29-16.55.14:248][  0]LogConfig: Applying CVar settings from Section [PostProcessQuality@3] File [E:/GameJamHGGUnreal4.23.1/GameJamCrew/Saved/Config/Windows/Scalability.ini]
[2025.09.29-16.55.14:248][  0]LogConfig: Setting CVar [[r.MotionBlurQuality:4]]
[2025.09.29-16.55.14:248][  0]LogConfig: Setting CVar [[r.AmbientOcclusionMipLevelFactor:0.4]]
[2025.09.29-16.55.14:248][  0]LogConfig: Setting CVar [[r.AmbientOcclusionMaxQuality:100]]
[2025.09.29-16.55.14:248][  0]LogConfig: Setting CVar [[r.AmbientOcclusionLevels:-1]]
[2025.09.29-16.55.14:248][  0]LogConfig: Setting CVar [[r.AmbientOcclusionRadiusScale:1.0]]
[2025.09.29-16.55.14:248][  0]LogConfig: Setting CVar [[r.DepthOfFieldQuality:2]]
[2025.09.29-16.55.14:248][  0]LogConfig: Setting CVar [[r.RenderTargetPoolMin:400]]
[2025.09.29-16.55.14:248][  0]LogConfig: Setting CVar [[r.LensFlareQuality:2]]
[2025.09.29-16.55.14:248][  0]LogConfig: Setting CVar [[r.SceneColorFringeQuality:1]]
[2025.09.29-16.55.14:248][  0]LogConfig: Setting CVar [[r.EyeAdaptationQuality:2]]
[2025.09.29-16.55.14:248][  0]LogConfig: Setting CVar [[r.BloomQuality:5]]
[2025.09.29-16.55.14:248][  0]LogConfig: Setting CVar [[r.FastBlurThreshold:100]]
[2025.09.29-16.55.14:248][  0]LogConfig: Setting CVar [[r.Upscale.Quality:3]]
[2025.09.29-16.55.14:248][  0]LogConfig: Setting CVar [[r.Tonemapper.GrainQuantization:1]]
[2025.09.29-16.55.14:248][  0]LogConfig: Setting CVar [[r.LightShaftQuality:1]]
[2025.09.29-16.55.14:248][  0]LogConfig: Setting CVar [[r.Filter.SizeScale:1]]
[2025.09.29-16.55.14:248][  0]LogConfig: Setting CVar [[r.Tonemapper.Quality:5]]
[2025.09.29-16.55.14:248][  0]LogConfig: Setting CVar [[r.DOF.Gather.AccumulatorQuality:1        ; higher gathering accumulator quality]]
[2025.09.29-16.55.14:248][  0]LogConfig: Setting CVar [[r.DOF.Gather.PostfilterMethod:1          ; Median3x3 postfilering method]]
[2025.09.29-16.55.14:248][  0]LogConfig: Setting CVar [[r.DOF.Gather.EnableBokehSettings:0       ; no bokeh simulation when gathering]]
[2025.09.29-16.55.14:248][  0]LogConfig: Setting CVar [[r.DOF.Gather.RingCount:4                 ; medium number of samples when gathering]]
[2025.09.29-16.55.14:248][  0]LogConfig: Setting CVar [[r.DOF.Scatter.ForegroundCompositing:1    ; additive foreground scattering]]
[2025.09.29-16.55.14:248][  0]LogConfig: Setting CVar [[r.DOF.Scatter.BackgroundCompositing:2    ; additive background scattering]]
[2025.09.29-16.55.14:248][  0]LogConfig: Setting CVar [[r.DOF.Scatter.EnableBokehSettings:1      ; bokeh simulation when scattering]]
[2025.09.29-16.55.14:248][  0]LogConfig: Setting CVar [[r.DOF.Scatter.MaxSpriteRatio:0.1         ; only a maximum of 10% of scattered bokeh]]
[2025.09.29-16.55.14:248][  0]LogConfig: Setting CVar [[r.DOF.Recombine.Quality:1                ; cheap slight out of focus]]
[2025.09.29-16.55.14:248][  0]LogConfig: Setting CVar [[r.DOF.Recombine.EnableBokehSettings:0    ; no bokeh simulation on slight out of focus]]
[2025.09.29-16.55.14:248][  0]LogConfig: Setting CVar [[r.DOF.TemporalAAQuality:1                ; more stable temporal accumulation]]
[2025.09.29-16.55.14:248][  0]LogConfig: Setting CVar [[r.DOF.Kernel.MaxForegroundRadius:0.025]]
[2025.09.29-16.55.14:248][  0]LogConfig: Setting CVar [[r.DOF.Kernel.MaxBackgroundRadius:0.025]]
[2025.09.29-16.55.14:248][  0]LogConfig: Applying CVar settings from Section [TextureQuality@3] File [E:/GameJamHGGUnreal4.23.1/GameJamCrew/Saved/Config/Windows/Scalability.ini]
[2025.09.29-16.55.14:248][  0]LogConfig: Setting CVar [[r.Streaming.MipBias:0]]
[2025.09.29-16.55.14:248][  0]LogConfig: Setting CVar [[r.Streaming.AmortizeCPUToGPUCopy:0]]
[2025.09.29-16.55.14:248][  0]LogConfig: Setting CVar [[r.Streaming.MaxNumTexturesToStreamPerFrame:0]]
[2025.09.29-16.55.14:248][  0]LogConfig: Setting CVar [[r.Streaming.Boost:1]]
[2025.09.29-16.55.14:248][  0]LogConfig: Setting CVar [[r.MaxAnisotropy:8]]
[2025.09.29-16.55.14:248][  0]LogConfig: Setting CVar [[r.Streaming.LimitPoolSizeToVRAM:0]]
[2025.09.29-16.55.14:248][  0]LogConfig: Setting CVar [[r.Streaming.PoolSize:1000]]
[2025.09.29-16.55.14:248][  0]LogConfig: Setting CVar [[r.Streaming.MaxEffectiveScreenSize:0]]
[2025.09.29-16.55.14:248][  0]LogConfig: Applying CVar settings from Section [EffectsQuality@3] File [E:/GameJamHGGUnreal4.23.1/GameJamCrew/Saved/Config/Windows/Scalability.ini]
[2025.09.29-16.55.14:248][  0]LogConfig: Setting CVar [[r.TranslucencyLightingVolumeDim:64]]
[2025.09.29-16.55.14:248][  0]LogConfig: Setting CVar [[r.RefractionQuality:2]]
[2025.09.29-16.55.14:248][  0]LogConfig: Setting CVar [[r.SSR.Quality:3]]
[2025.09.29-16.55.14:248][  0]LogConfig: Setting CVar [[r.SceneColorFormat:4]]
[2025.09.29-16.55.14:248][  0]LogConfig: Setting CVar [[r.DetailMode:2]]
[2025.09.29-16.55.14:248][  0]LogConfig: Setting CVar [[r.TranslucencyVolumeBlur:1]]
[2025.09.29-16.55.14:248][  0]LogConfig: Setting CVar [[r.MaterialQualityLevel:1 ; High quality]]
[2025.09.29-16.55.14:248][  0]LogConfig: Setting CVar [[r.SSS.Scale:1]]
[2025.09.29-16.55.14:249][  0]LogConfig: Setting CVar [[r.SSS.SampleSet:2]]
[2025.09.29-16.55.14:249][  0]LogConfig: Setting CVar [[r.SSS.Quality:1]]
[2025.09.29-16.55.14:249][  0]LogConfig: Setting CVar [[r.SSS.HalfRes:1]]
[2025.09.29-16.55.14:249][  0]LogConfig: Setting CVar [[r.EmitterSpawnRateScale:1.0]]
[2025.09.29-16.55.14:249][  0]LogConfig: Setting CVar [[r.ParticleLightQuality:2]]
[2025.09.29-16.55.14:249][  0]LogConfig: Applying CVar settings from Section [FoliageQuality@3] File [E:/GameJamHGGUnreal4.23.1/GameJamCrew/Saved/Config/Windows/Scalability.ini]
[2025.09.29-16.55.14:249][  0]LogConfig: Setting CVar [[foliage.DensityScale:1.0]]
[2025.09.29-16.55.14:249][  0]LogConfig: Setting CVar [[grass.DensityScale:1.0]]
[2025.09.29-16.55.14:249][  0]LogInit: Selected Device Profile: [Windows]
[2025.09.29-16.55.14:249][  0]LogInit: Applying CVar settings loaded from the selected device profile: [Windows]
[2025.09.29-16.55.14:250][  0]LogHAL: Display: Platform has ~ 32 GB [33444225024 / 34359738368 / 32], which maps to Largest [LargestMinGB=32, LargerMinGB=12, DefaultMinGB=8, SmallerMinGB=6, SmallestMinGB=0)
[2025.09.29-16.55.14:250][  0]LogInit: Going up to parent DeviceProfile []
[2025.09.29-16.55.14:250][  0]LogConfig: Applying CVar settings from Section [ViewDistanceQuality@3] File [E:/GameJamHGGUnreal4.23.1/GameJamCrew/Saved/Config/Windows/Scalability.ini]
[2025.09.29-16.55.14:250][  0]LogConfig: Setting CVar [[r.SkeletalMeshLODBias:0]]
[2025.09.29-16.55.14:250][  0]LogConfig: Setting CVar [[r.ViewDistanceScale:1.0]]
[2025.09.29-16.55.14:250][  0]LogConfig: Applying CVar settings from Section [AntiAliasingQuality@3] File [E:/GameJamHGGUnreal4.23.1/GameJamCrew/Saved/Config/Windows/Scalability.ini]
[2025.09.29-16.55.14:250][  0]LogConfig: Setting CVar [[r.PostProcessAAQuality:4]]
[2025.09.29-16.55.14:250][  0]LogConfig: Applying CVar settings from Section [ShadowQuality@3] File [E:/GameJamHGGUnreal4.23.1/GameJamCrew/Saved/Config/Windows/Scalability.ini]
[2025.09.29-16.55.14:250][  0]LogConfig: Setting CVar [[r.LightFunctionQuality:1]]
[2025.09.29-16.55.14:250][  0]LogConfig: Setting CVar [[r.ShadowQuality:5]]
[2025.09.29-16.55.14:250][  0]LogConfig: Setting CVar [[r.Shadow.CSM.MaxCascades:10]]
[2025.09.29-16.55.14:250][  0]LogConfig: Setting CVar [[r.Shadow.MaxResolution:2048]]
[2025.09.29-16.55.14:250][  0]LogConfig: Setting CVar [[r.Shadow.MaxCSMResolution:2048]]
[2025.09.29-16.55.14:250][  0]LogConfig: Setting CVar [[r.Shadow.RadiusThreshold:0.01]]
[2025.09.29-16.55.14:250][  0]LogConfig: Setting CVar [[r.Shadow.DistanceScale:1.0]]
[2025.09.29-16.55.14:250][  0]LogConfig: Setting CVar [[r.Shadow.CSM.TransitionScale:1.0]]
[2025.09.29-16.55.14:250][  0]LogConfig: Setting CVar [[r.Shadow.PreShadowResolutionFactor:1.0]]
[2025.09.29-16.55.14:250][  0]LogConfig: Setting CVar [[r.DistanceFieldShadowing:1]]
[2025.09.29-16.55.14:250][  0]LogConfig: Setting CVar [[r.DistanceFieldAO:1]]
[2025.09.29-16.55.14:250][  0]LogConfig: Setting CVar [[r.AOQuality:2]]
[2025.09.29-16.55.14:250][  0]LogConfig: Setting CVar [[r.VolumetricFog:1]]
[2025.09.29-16.55.14:250][  0]LogConfig: Setting CVar [[r.VolumetricFog.GridPixelSize:8]]
[2025.09.29-16.55.14:250][  0]LogConfig: Setting CVar [[r.VolumetricFog.GridSizeZ:128]]
[2025.09.29-16.55.14:250][  0]LogConfig: Setting CVar [[r.VolumetricFog.HistoryMissSupersampleCount:4]]
[2025.09.29-16.55.14:250][  0]LogConfig: Setting CVar [[r.LightMaxDrawDistanceScale:1]]
[2025.09.29-16.55.14:251][  0]LogConfig: Setting CVar [[r.CapsuleShadows:1]]
[2025.09.29-16.55.14:251][  0]LogConfig: Applying CVar settings from Section [PostProcessQuality@3] File [E:/GameJamHGGUnreal4.23.1/GameJamCrew/Saved/Config/Windows/Scalability.ini]
[2025.09.29-16.55.14:251][  0]LogConfig: Setting CVar [[r.MotionBlurQuality:4]]
[2025.09.29-16.55.14:251][  0]LogConfig: Setting CVar [[r.AmbientOcclusionMipLevelFactor:0.4]]
[2025.09.29-16.55.14:251][  0]LogConfig: Setting CVar [[r.AmbientOcclusionMaxQuality:100]]
[2025.09.29-16.55.14:251][  0]LogConfig: Setting CVar [[r.AmbientOcclusionLevels:-1]]
[2025.09.29-16.55.14:251][  0]LogConfig: Setting CVar [[r.AmbientOcclusionRadiusScale:1.0]]
[2025.09.29-16.55.14:251][  0]LogConfig: Setting CVar [[r.DepthOfFieldQuality:2]]
[2025.09.29-16.55.14:251][  0]LogConfig: Setting CVar [[r.RenderTargetPoolMin:400]]
[2025.09.29-16.55.14:251][  0]LogConfig: Setting CVar [[r.LensFlareQuality:2]]
[2025.09.29-16.55.14:251][  0]LogConfig: Setting CVar [[r.SceneColorFringeQuality:1]]
[2025.09.29-16.55.14:251][  0]LogConfig: Setting CVar [[r.EyeAdaptationQuality:2]]
[2025.09.29-16.55.14:251][  0]LogConfig: Setting CVar [[r.BloomQuality:5]]
[2025.09.29-16.55.14:251][  0]LogConfig: Setting CVar [[r.FastBlurThreshold:100]]
[2025.09.29-16.55.14:251][  0]LogConfig: Setting CVar [[r.Upscale.Quality:3]]
[2025.09.29-16.55.14:251][  0]LogConfig: Setting CVar [[r.Tonemapper.GrainQuantization:1]]
[2025.09.29-16.55.14:251][  0]LogConfig: Setting CVar [[r.LightShaftQuality:1]]
[2025.09.29-16.55.14:251][  0]LogConfig: Setting CVar [[r.Filter.SizeScale:1]]
[2025.09.29-16.55.14:251][  0]LogConfig: Setting CVar [[r.Tonemapper.Quality:5]]
[2025.09.29-16.55.14:251][  0]LogConfig: Setting CVar [[r.DOF.Gather.AccumulatorQuality:1        ; higher gathering accumulator quality]]
[2025.09.29-16.55.14:251][  0]LogConfig: Setting CVar [[r.DOF.Gather.PostfilterMethod:1          ; Median3x3 postfilering method]]
[2025.09.29-16.55.14:251][  0]LogConfig: Setting CVar [[r.DOF.Gather.EnableBokehSettings:0       ; no bokeh simulation when gathering]]
[2025.09.29-16.55.14:251][  0]LogConfig: Setting CVar [[r.DOF.Gather.RingCount:4                 ; medium number of samples when gathering]]
[2025.09.29-16.55.14:251][  0]LogConfig: Setting CVar [[r.DOF.Scatter.ForegroundCompositing:1    ; additive foreground scattering]]
[2025.09.29-16.55.14:251][  0]LogConfig: Setting CVar [[r.DOF.Scatter.BackgroundCompositing:2    ; additive background scattering]]
[2025.09.29-16.55.14:251][  0]LogConfig: Setting CVar [[r.DOF.Scatter.EnableBokehSettings:1      ; bokeh simulation when scattering]]
[2025.09.29-16.55.14:251][  0]LogConfig: Setting CVar [[r.DOF.Scatter.MaxSpriteRatio:0.1         ; only a maximum of 10% of scattered bokeh]]
[2025.09.29-16.55.14:251][  0]LogConfig: Setting CVar [[r.DOF.Recombine.Quality:1                ; cheap slight out of focus]]
[2025.09.29-16.55.14:251][  0]LogConfig: Setting CVar [[r.DOF.Recombine.EnableBokehSettings:0    ; no bokeh simulation on slight out of focus]]
[2025.09.29-16.55.14:251][  0]LogConfig: Setting CVar [[r.DOF.TemporalAAQuality:1                ; more stable temporal accumulation]]
[2025.09.29-16.55.14:251][  0]LogConfig: Setting CVar [[r.DOF.Kernel.MaxForegroundRadius:0.025]]
[2025.09.29-16.55.14:251][  0]LogConfig: Setting CVar [[r.DOF.Kernel.MaxBackgroundRadius:0.025]]
[2025.09.29-16.55.14:251][  0]LogConfig: Applying CVar settings from Section [TextureQuality@3] File [E:/GameJamHGGUnreal4.23.1/GameJamCrew/Saved/Config/Windows/Scalability.ini]
[2025.09.29-16.55.14:251][  0]LogConfig: Setting CVar [[r.Streaming.MipBias:0]]
[2025.09.29-16.55.14:251][  0]LogConfig: Setting CVar [[r.Streaming.AmortizeCPUToGPUCopy:0]]
[2025.09.29-16.55.14:251][  0]LogConfig: Setting CVar [[r.Streaming.MaxNumTexturesToStreamPerFrame:0]]
[2025.09.29-16.55.14:251][  0]LogConfig: Setting CVar [[r.Streaming.Boost:1]]
[2025.09.29-16.55.14:251][  0]LogConfig: Setting CVar [[r.MaxAnisotropy:8]]
[2025.09.29-16.55.14:251][  0]LogConfig: Setting CVar [[r.Streaming.LimitPoolSizeToVRAM:0]]
[2025.09.29-16.55.14:251][  0]LogConfig: Setting CVar [[r.Streaming.PoolSize:1000]]
[2025.09.29-16.55.14:251][  0]LogConfig: Setting CVar [[r.Streaming.MaxEffectiveScreenSize:0]]
[2025.09.29-16.55.14:251][  0]LogConfig: Applying CVar settings from Section [EffectsQuality@3] File [E:/GameJamHGGUnreal4.23.1/GameJamCrew/Saved/Config/Windows/Scalability.ini]
[2025.09.29-16.55.14:251][  0]LogConfig: Setting CVar [[r.TranslucencyLightingVolumeDim:64]]
[2025.09.29-16.55.14:251][  0]LogConfig: Setting CVar [[r.RefractionQuality:2]]
[2025.09.29-16.55.14:251][  0]LogConfig: Setting CVar [[r.SSR.Quality:3]]
[2025.09.29-16.55.14:251][  0]LogConfig: Setting CVar [[r.SceneColorFormat:4]]
[2025.09.29-16.55.14:251][  0]LogConfig: Setting CVar [[r.DetailMode:2]]
[2025.09.29-16.55.14:251][  0]LogConfig: Setting CVar [[r.TranslucencyVolumeBlur:1]]
[2025.09.29-16.55.14:251][  0]LogConfig: Setting CVar [[r.MaterialQualityLevel:1 ; High quality]]
[2025.09.29-16.55.14:251][  0]LogConfig: Setting CVar [[r.SSS.Scale:1]]
[2025.09.29-16.55.14:251][  0]LogConfig: Setting CVar [[r.SSS.SampleSet:2]]
[2025.09.29-16.55.14:251][  0]LogConfig: Setting CVar [[r.SSS.Quality:1]]
[2025.09.29-16.55.14:251][  0]LogConfig: Setting CVar [[r.SSS.HalfRes:1]]
[2025.09.29-16.55.14:251][  0]LogConfig: Setting CVar [[r.EmitterSpawnRateScale:1.0]]
[2025.09.29-16.55.14:251][  0]LogConfig: Setting CVar [[r.ParticleLightQuality:2]]
[2025.09.29-16.55.14:251][  0]LogConfig: Applying CVar settings from Section [FoliageQuality@3] File [E:/GameJamHGGUnreal4.23.1/GameJamCrew/Saved/Config/Windows/Scalability.ini]
[2025.09.29-16.55.14:251][  0]LogConfig: Setting CVar [[foliage.DensityScale:1.0]]
[2025.09.29-16.55.14:251][  0]LogConfig: Setting CVar [[grass.DensityScale:1.0]]
[2025.09.29-16.55.14:251][  0]LogConfig: Applying CVar settings from Section [Startup] File [../../../Engine/Config/ConsoleVariables.ini]
[2025.09.29-16.55.14:251][  0]LogConfig: Setting CVar [[net.UseAdaptiveNetUpdateFrequency:0]]
[2025.09.29-16.55.14:251][  0]LogConfig: Setting CVar [[p.chaos.AllowCreatePhysxBodies:1]]
[2025.09.29-16.55.14:251][  0]LogConfig: Applying CVar settings from Section [ConsoleVariables] File [E:/GameJamHGGUnreal4.23.1/GameJamCrew/Saved/Config/Windows/Engine.ini]
[2025.09.29-16.55.14:251][  0]LogInit: Computer: DESKTOP-BGKSG1U
[2025.09.29-16.55.14:251][  0]LogInit: User: filip
[2025.09.29-16.55.14:251][  0]LogInit: CPU Page size=4096, Cores=6
[2025.09.29-16.55.14:251][  0]LogInit: High frequency timer resolution =10.000000 MHz
[2025.09.29-16.55.14:252][  0]LogMemory: Memory total: Physical=31.1GB (32GB approx)
[2025.09.29-16.55.14:252][  0]LogMemory: Platform Memory Stats for Windows
[2025.09.29-16.55.14:252][  0]LogMemory: Process Physical Memory: 107.37 MB used, 107.37 MB peak
[2025.09.29-16.55.14:252][  0]LogMemory: Process Virtual Memory: 101.84 MB used, 101.84 MB peak
[2025.09.29-16.55.14:252][  0]LogMemory: Physical Memory: 16202.13 MB used,  15692.77 MB free, 31894.90 MB total
[2025.09.29-16.55.14:252][  0]LogMemory: Virtual Memory: 4698.27 MB used,  134213032.00 MB free, 134217728.00 MB total
[2025.09.29-16.55.14:259][  0]LogWindows: WindowsPlatformFeatures enabled
[2025.09.29-16.55.14:300][  0]LogInit: Using OS detected language (en-GB).
[2025.09.29-16.55.14:300][  0]LogInit: Using OS detected locale (en-AU).
[2025.09.29-16.55.14:300][  0]LogTextLocalizationManager: No specific localization for 'en-GB' exists, so the 'en' localization will be used.
[2025.09.29-16.55.14:418][  0]LogInit: Setting process to per monitor DPI aware
[2025.09.29-16.55.14:446][  0]LogSlate: New Slate User Created.  User Index 0, Is Virtual User: 0
[2025.09.29-16.55.14:446][  0]LogSlate: Slate User Registered.  User Index 0, Is Virtual User: 0
[2025.09.29-16.55.14:613][  0]LogHMD: Failed to initialize OpenVR with code 110
[2025.09.29-16.55.14:613][  0]LogD3D11RHI: D3D11 adapters:
[2025.09.29-16.55.14:757][  0]LogD3D11RHI:    0. 'NVIDIA GeForce RTX 3070 Ti' (Feature Level 11_0)
[2025.09.29-16.55.14:757][  0]LogD3D11RHI:       8018/0/15947 MB DedicatedVideo/DedicatedSystem/SharedSystem, Outputs:3, VendorId:0x10de
[2025.09.29-16.55.14:804][  0]LogD3D11RHI:    1. 'AMD Radeon(TM) Graphics' (Feature Level 11_0)
[2025.09.29-16.55.14:804][  0]LogD3D11RHI:       485/0/15947 MB DedicatedVideo/DedicatedSystem/SharedSystem, Outputs:0, VendorId:0x1002
[2025.09.29-16.55.14:915][  0]LogD3D11RHI:    2. 'NVIDIA GeForce RTX 3070 Ti' (Feature Level 11_0)
[2025.09.29-16.55.14:915][  0]LogD3D11RHI:       8018/0/15947 MB DedicatedVideo/DedicatedSystem/SharedSystem, Outputs:0, VendorId:0x10de
[2025.09.29-16.55.14:917][  0]LogD3D11RHI:    3. 'Microsoft Basic Render Driver' (Feature Level 11_0)
[2025.09.29-16.55.14:917][  0]LogD3D11RHI:       0/0/15947 MB DedicatedVideo/DedicatedSystem/SharedSystem, Outputs:0, VendorId:0x1414
[2025.09.29-16.55.14:917][  0]LogD3D11RHI: Chosen D3D11 Adapter: 0
[2025.09.29-16.55.14:925][  0]LogD3D11RHI: Creating new Direct3DDevice
[2025.09.29-16.55.14:925][  0]LogD3D11RHI:     GPU DeviceId: 0x2482 (for the marketing name, search the web for "GPU Device Id")
[2025.09.29-16.55.14:925][  0]LogWindows: EnumDisplayDevices:
[2025.09.29-16.55.14:925][  0]LogWindows:    0. 'NVIDIA GeForce RTX 3070 Ti' (P:1 D:1)
[2025.09.29-16.55.14:925][  0]LogWindows:    1. 'NVIDIA GeForce RTX 3070 Ti' (P:0 D:1)
[2025.09.29-16.55.14:925][  0]LogWindows:    2. 'NVIDIA GeForce RTX 3070 Ti' (P:0 D:1)
[2025.09.29-16.55.14:925][  0]LogWindows:    3. 'NVIDIA GeForce RTX 3070 Ti' (P:0 D:0)
[2025.09.29-16.55.14:926][  0]LogWindows:    4. 'AMD Radeon(TM) Graphics' (P:0 D:0)
[2025.09.29-16.55.14:926][  0]LogWindows:    5. 'AMD Radeon(TM) Graphics' (P:0 D:0)
[2025.09.29-16.55.14:926][  0]LogWindows:    6. 'AMD Radeon(TM) Graphics' (P:0 D:0)
[2025.09.29-16.55.14:926][  0]LogWindows:    7. 'AMD Radeon(TM) Graphics' (P:0 D:0)
[2025.09.29-16.55.14:927][  0]LogWindows:    8. 'AMD Radeon(TM) Graphics' (P:0 D:0)
[2025.09.29-16.55.14:927][  0]LogWindows:    9. 'Parsec Virtual Display Adapter' (P:0 D:0)
[2025.09.29-16.55.14:927][  0]LogWindows:    10. 'Parsec Virtual Display Adapter' (P:0 D:0)
[2025.09.29-16.55.14:927][  0]LogWindows:    11. 'Parsec Virtual Display Adapter' (P:0 D:0)
[2025.09.29-16.55.14:927][  0]LogWindows:    12. 'Parsec Virtual Display Adapter' (P:0 D:0)
[2025.09.29-16.55.14:927][  0]LogWindows:    13. 'Parsec Virtual Display Adapter' (P:0 D:0)
[2025.09.29-16.55.14:927][  0]LogWindows:    14. 'Parsec Virtual Display Adapter' (P:0 D:0)
[2025.09.29-16.55.14:927][  0]LogWindows:    15. 'Parsec Virtual Display Adapter' (P:0 D:0)
[2025.09.29-16.55.14:928][  0]LogWindows:    16. 'Parsec Virtual Display Adapter' (P:0 D:0)
[2025.09.29-16.55.14:928][  0]LogWindows:    17. 'Parsec Virtual Display Adapter' (P:0 D:0)
[2025.09.29-16.55.14:928][  0]LogWindows:    18. 'Parsec Virtual Display Adapter' (P:0 D:0)
[2025.09.29-16.55.14:928][  0]LogWindows:    19. 'Parsec Virtual Display Adapter' (P:0 D:0)
[2025.09.29-16.55.14:928][  0]LogWindows:    20. 'Parsec Virtual Display Adapter' (P:0 D:0)
[2025.09.29-16.55.14:928][  0]LogWindows:    21. 'Parsec Virtual Display Adapter' (P:0 D:0)
[2025.09.29-16.55.14:928][  0]LogWindows:    22. 'Parsec Virtual Display Adapter' (P:0 D:0)
[2025.09.29-16.55.14:928][  0]LogWindows:    23. 'Parsec Virtual Display Adapter' (P:0 D:0)
[2025.09.29-16.55.14:929][  0]LogWindows:    24. 'Parsec Virtual Display Adapter' (P:0 D:0)
[2025.09.29-16.55.14:929][  0]LogWindows: DebugString: PrimaryIsNotTheChoosenAdapter PrimaryIsNotTheChoosenAdapter PrimaryIsNotTheChoosenAdapter PrimaryIsNotTheChoosenAdapter PrimaryIsNotTheChoosenAdapter GetVideoDriverDetailsInvalid PrimaryIsNotTheChoosenAdapter GetVideoDriverDetailsInvalid PrimaryIsNotTheChoosenAdapter GetVideoDriverDetailsInvalid PrimaryIsNotTheChoosenAdapter GetVideoDriverDetailsInvalid PrimaryIsNotTheChoosenAdapter GetVideoDriverDetailsInvalid PrimaryIsNotTheChoosenAdapter GetVideoDriverDetailsInvalid PrimaryIsNotTheChoosenAdapter GetVideoDriverDetailsInvalid PrimaryIsNotTheChoosenAdapter GetVideoDriverDetailsInvalid PrimaryIsNotTheChoosenAdapter GetVideoDriverDetailsInvalid PrimaryIsNotTheChoosenAdapter GetVideoDriverDetailsInvalid PrimaryIsNotTheChoosenAdapter GetVideoDriverDetailsInvalid PrimaryIsNotTheChoosenAdapter GetVideoDriverDetailsInvalid PrimaryIsNotTheChoosenAdapter GetVideoDriverDetailsInvalid PrimaryIsNotTheChoosenAdapter GetVideoDriverDetailsInvalid PrimaryIsNotTheChoosenAdapter GetVideoDriverDetailsInvalid PrimaryIsNotTheChoosenAdapter GetVideoDriverDetailsInvalid PrimaryIsNotTheChoosenAdapter FoundDriverCount:4 
[2025.09.29-16.55.14:929][  0]LogD3D11RHI:     Adapter Name: NVIDIA GeForce RTX 3070 Ti
[2025.09.29-16.55.14:929][  0]LogD3D11RHI:   Driver Version: 572.83 (internal:32.0.15.7283, unified:572.83)
[2025.09.29-16.55.14:929][  0]LogD3D11RHI:      Driver Date: 3-14-2025
[2025.09.29-16.55.14:929][  0]LogRHI: Texture pool is 5612 MB (70% of 8018 MB)
[2025.09.29-16.55.15:037][  0]LogD3D11RHI: Async texture creation enabled
[2025.09.29-16.55.15:055][  0]LogD3D11RHI: GPU Timing Frequency: 1000.000000 (Debug: 2 2)
[2025.09.29-16.55.15:059][  0]LogD3D11RHI: HDR output is supported on display 1 (NvId: 0x80061086).
[2025.09.29-16.55.15:251][  0]LogTemp: Display: Module 'AllDesktopTargetPlatform' loaded TargetPlatform 'AllDesktop'
[2025.09.29-16.55.15:256][  0]LogTemp: Display: Module 'MacClientTargetPlatform' loaded TargetPlatform 'MacClient'
[2025.09.29-16.55.15:260][  0]LogTemp: Display: Module 'MacNoEditorTargetPlatform' loaded TargetPlatform 'MacNoEditor'
[2025.09.29-16.55.15:264][  0]LogTemp: Display: Module 'MacServerTargetPlatform' loaded TargetPlatform 'MacServer'
[2025.09.29-16.55.15:270][  0]LogTemp: Display: Module 'MacTargetPlatform' loaded TargetPlatform 'Mac'
[2025.09.29-16.55.15:275][  0]LogTemp: Display: Module 'WindowsClientTargetPlatform' loaded TargetPlatform 'WindowsClient'
[2025.09.29-16.55.15:280][  0]LogTemp: Display: Module 'WindowsNoEditorTargetPlatform' loaded TargetPlatform 'WindowsNoEditor'
[2025.09.29-16.55.15:285][  0]LogTemp: Display: Module 'WindowsServerTargetPlatform' loaded TargetPlatform 'WindowsServer'
[2025.09.29-16.55.15:288][  0]LogTemp: Display: Module 'WindowsTargetPlatform' loaded TargetPlatform 'Windows'
[2025.09.29-16.55.15:311][  0]LogTemp: Display: Module 'AndroidTargetPlatform' loaded TargetPlatform 'Android'
[2025.09.29-16.55.15:311][  0]LogTemp: Display: Module 'AndroidTargetPlatform' loaded TargetPlatform 'Android_ASTC'
[2025.09.29-16.55.15:311][  0]LogTemp: Display: Module 'AndroidTargetPlatform' loaded TargetPlatform 'Android_ATC'
[2025.09.29-16.55.15:311][  0]LogTemp: Display: Module 'AndroidTargetPlatform' loaded TargetPlatform 'Android_DXT'
[2025.09.29-16.55.15:311][  0]LogTemp: Display: Module 'AndroidTargetPlatform' loaded TargetPlatform 'Android_ETC1'
[2025.09.29-16.55.15:311][  0]LogTemp: Display: Module 'AndroidTargetPlatform' loaded TargetPlatform 'Android_ETC1a'
[2025.09.29-16.55.15:311][  0]LogTemp: Display: Module 'AndroidTargetPlatform' loaded TargetPlatform 'Android_ETC2'
[2025.09.29-16.55.15:311][  0]LogTemp: Display: Module 'AndroidTargetPlatform' loaded TargetPlatform 'Android_PVRTC'
[2025.09.29-16.55.15:311][  0]LogTemp: Display: Module 'AndroidTargetPlatform' loaded TargetPlatform 'AndroidClient'
[2025.09.29-16.55.15:311][  0]LogTemp: Display: Module 'AndroidTargetPlatform' loaded TargetPlatform 'Android_ASTCClient'
[2025.09.29-16.55.15:311][  0]LogTemp: Display: Module 'AndroidTargetPlatform' loaded TargetPlatform 'Android_ATCClient'
[2025.09.29-16.55.15:311][  0]LogTemp: Display: Module 'AndroidTargetPlatform' loaded TargetPlatform 'Android_DXTClient'
[2025.09.29-16.55.15:311][  0]LogTemp: Display: Module 'AndroidTargetPlatform' loaded TargetPlatform 'Android_ETC1Client'
[2025.09.29-16.55.15:311][  0]LogTemp: Display: Module 'AndroidTargetPlatform' loaded TargetPlatform 'Android_ETC1aClient'
[2025.09.29-16.55.15:311][  0]LogTemp: Display: Module 'AndroidTargetPlatform' loaded TargetPlatform 'Android_ETC2Client'
[2025.09.29-16.55.15:311][  0]LogTemp: Display: Module 'AndroidTargetPlatform' loaded TargetPlatform 'Android_PVRTCClient'
[2025.09.29-16.55.15:311][  0]LogTemp: Display: Module 'AndroidTargetPlatform' loaded TargetPlatform 'Android_Multi'
[2025.09.29-16.55.15:311][  0]LogTemp: Display: Module 'AndroidTargetPlatform' loaded TargetPlatform 'Android_MultiClient'
[2025.09.29-16.55.15:312][  0]LogTemp: Display: Module 'HTML5TargetPlatform' loaded TargetPlatform 'HTML5'
[2025.09.29-16.55.15:322][  0]LogTemp: Display: Module 'IOSTargetPlatform' loaded TargetPlatform 'IOSClient'
[2025.09.29-16.55.15:322][  0]LogTemp: Display: Module 'IOSTargetPlatform' loaded TargetPlatform 'IOS'
[2025.09.29-16.55.15:332][  0]LogTemp: Display: Module 'TVOSTargetPlatform' loaded TargetPlatform 'TVOSClient'
[2025.09.29-16.55.15:332][  0]LogTemp: Display: Module 'TVOSTargetPlatform' loaded TargetPlatform 'TVOS'
[2025.09.29-16.55.15:337][  0]LogTemp: Display: Module 'LinuxClientTargetPlatform' loaded TargetPlatform 'LinuxClient'
[2025.09.29-16.55.15:342][  0]LogTemp: Display: Module 'LinuxNoEditorTargetPlatform' loaded TargetPlatform 'LinuxNoEditor'
[2025.09.29-16.55.15:347][  0]LogTemp: Display: Module 'LinuxServerTargetPlatform' loaded TargetPlatform 'LinuxServer'
[2025.09.29-16.55.15:352][  0]LogTemp: Display: Module 'LinuxTargetPlatform' loaded TargetPlatform 'Linux'
[2025.09.29-16.55.15:365][  0]LogTemp: Display: Module 'LuminTargetPlatform' loaded TargetPlatform 'Lumin'
[2025.09.29-16.55.15:365][  0]LogTemp: Display: Module 'LuminTargetPlatform' loaded TargetPlatform 'LuminClient'
[2025.09.29-16.55.15:366][  0]LogTargetPlatformManager: Display: Building Assets For Windows
[2025.09.29-16.55.15:370][  0]LogAudioDebug: Display: Lib vorbis DLL was dynamically loaded.
[2025.09.29-16.55.15:394][  0]LogShaderCompilers: Guid format shader working directory is 9 characters bigger than the processId version (E:/GameJamHGGUnreal4.23.1/GameJamCrew/Intermediate/Shaders/WorkingDirectory/4416/).
[2025.09.29-16.55.15:394][  0]LogShaderCompilers: Cleaned the shader compiler working directory 'C:/Users/filip/AppData/Local/Temp/UnrealShaderWorkingDir/FB985F7E435F23DAFA15B6B1FD5E7AD9/'.
[2025.09.29-16.55.15:395][  0]LogXGEController: Cleaning working directory: C:/Users/filip/AppData/Local/Temp/UnrealXGEWorkingDir/
[2025.09.29-16.55.15:395][  0]LogXGEController: Cannot use XGE Controller as Incredibuild is not installed on this machine.
[2025.09.29-16.55.15:395][  0]LogShaderCompilers: Cannot use XGE Shader Compiler as Incredibuild is not installed on this machine.
[2025.09.29-16.55.15:395][  0]LogShaderCompilers: Display: Using Local Shader Compiler.
[2025.09.29-16.55.15:754][  0]LogDerivedDataCache: Display: Max Cache Size: 512 MB
[2025.09.29-16.55.15:779][  0]LogDerivedDataCache: Loaded boot cache 0.02s 73MB C:/Users/filip/AppData/Local/UnrealEngine/4.23/DerivedDataCache/Boot.ddc.
[2025.09.29-16.55.15:779][  0]LogDerivedDataCache: Display: Loaded Boot cache: C:/Users/filip/AppData/Local/UnrealEngine/4.23/DerivedDataCache/Boot.ddc
[2025.09.29-16.55.15:779][  0]LogDerivedDataCache: FDerivedDataBackendGraph:  Pak pak cache file E:/GameJamHGGUnreal4.23.1/GameJamCrew/DerivedDataCache/DDC.ddp not found, will not use a pak cache.
[2025.09.29-16.55.15:779][  0]LogDerivedDataCache: Unable to find inner node Pak for hierarchical cache Hierarchy.
[2025.09.29-16.55.15:779][  0]LogDerivedDataCache: FDerivedDataBackendGraph:  CompressedPak pak cache file E:/GameJamHGGUnreal4.23.1/GameJamCrew/DerivedDataCache/Compressed.ddp not found, will not use a pak cache.
[2025.09.29-16.55.15:779][  0]LogDerivedDataCache: Unable to find inner node CompressedPak for hierarchical cache Hierarchy.
[2025.09.29-16.55.15:787][  0]LogDerivedDataCache: Display: Pak cache opened for reading ../../../Engine/DerivedDataCache/Compressed.ddp.
[2025.09.29-16.55.15:787][  0]LogDerivedDataCache: FDerivedDataBackendGraph:  EnterprisePak pak cache file ../../../Enterprise/DerivedDataCache/Compressed.ddp not found, will not use a pak cache.
[2025.09.29-16.55.15:787][  0]LogDerivedDataCache: Unable to find inner node EnterprisePak for hierarchical cache Hierarchy.
[2025.09.29-16.55.15:788][  0]LogDerivedDataCache: Using Local data cache path C:/Users/filip/AppData/Local/UnrealEngine/Common/DerivedDataCache: Writable
[2025.09.29-16.55.15:788][  0]LogDerivedDataCache: Shared data cache path not found in *engine.ini, will not use an Shared cache.
[2025.09.29-16.55.15:788][  0]LogDerivedDataCache: Unable to find inner node Shared for hierarchical cache Hierarchy.
[2025.09.29-16.55.15:799][  0]LogMaterial: Verifying Global Shaders for PCD3D_SM5
[2025.09.29-16.55.15:800][  0]LogSlate: Using FreeType 2.6.0
[2025.09.29-16.55.15:801][  0]LogSlate: SlateFontServices - WITH_FREETYPE: 1, WITH_HARFBUZZ: 1
[2025.09.29-16.55.15:839][  0]LogAssetRegistry: FAssetRegistry took 0.0016 seconds to start up
[2025.09.29-16.55.15:990][  0]LogInit: Selected Device Profile: [Windows]
[2025.09.29-16.55.16:063][  0]LogMeshReduction: Using QuadricMeshReduction for automatic static mesh reduction
[2025.09.29-16.55.16:063][  0]LogMeshReduction: Using SimplygonMeshReduction for automatic skeletal mesh reduction
[2025.09.29-16.55.16:063][  0]LogMeshReduction: Using ProxyLODMeshReduction for automatic mesh merging
[2025.09.29-16.55.16:063][  0]LogMeshReduction: No distributed automatic mesh merging module available
[2025.09.29-16.55.16:063][  0]LogMeshMerging: No distributed automatic mesh merging module available
[2025.09.29-16.55.16:069][  0]LogNetVersion: GameJamCrew 1.0.0, NetCL: 8386587, EngineNetVer: 11, GameNetVer: 0 (Checksum: 118800057)
[2025.09.29-16.55.16:302][  0]LogPackageLocalizationCache: Processed 12 localized package path(s) for 1 prioritized culture(s) in 0.039896 seconds
[2025.09.29-16.55.16:307][  0]LogUObjectArray: 43444 objects as part of root set at end of initial load.
[2025.09.29-16.55.16:307][  0]LogUObjectAllocator: 7548648 out of 0 bytes used by permanent object pool.
[2025.09.29-16.55.16:307][  0]LogUObjectArray: CloseDisregardForGC: 0/0 objects in disregard for GC pool
[2025.09.29-16.55.16:855][  0]LogTcpMessaging: Initializing TcpMessaging bridge
[2025.09.29-16.55.16:857][  0]LogUdpMessaging: Initializing bridge on interface 0.0.0.0:0 to multicast group 230.0.0.1:6666.
[2025.09.29-16.55.16:886][  0]SourceControl: Source control is disabled
[2025.09.29-16.55.16:886][  0]SourceControl: Source control is disabled
[2025.09.29-16.55.16:887][  0]SourceControl: Source control is disabled
[2025.09.29-16.55.16:887][  0]SourceControl: Source control is disabled
[2025.09.29-16.55.16:938][  0]LogAndroidPermission: UAndroidPermissionCallbackProxy::GetInstance
[2025.09.29-16.55.17:055][  0]LogOcInput: OculusInput pre-init called
[2025.09.29-16.55.17:059][  0]LogWindows: Failed to load 'OVRPlugin.dll' (GetLastError=126)
[2025.09.29-16.55.17:059][  0]LogWindows: File 'OVRPlugin.dll' does not exist
[2025.09.29-16.55.17:094][  0]LogEngine: Initializing Engine...
[2025.09.29-16.55.17:095][  0]LogHMD: Failed to initialize OpenVR with code 110
[2025.09.29-16.55.17:095][  0]LogStats: UGameplayTagsManager::InitializeManager -  0.000 s
[2025.09.29-16.55.17:200][  0]LogInit: Initializing FReadOnlyCVARCache
[2025.09.29-16.55.17:206][  0]LogAIModule: Creating AISystem for world Untitled
[2025.09.29-16.55.17:227][  0]LogInit: XAudio2 using 'Högtalare (Yeti Classic)' : 6 channels at 44.1 kHz using 16 bits per sample (channel mask 0x3f)
[2025.09.29-16.55.17:241][  0]LogInit: FAudioDevice initialized.
[2025.09.29-16.55.17:241][  0]LogNetVersion: Set ProjectVersion to 1.0.0.0. Version Checksum will be recalculated on next use.
[2025.09.29-16.55.17:303][  0]LogDerivedDataCache: Saved boot cache 0.06s 73MB C:/Users/filip/AppData/Local/UnrealEngine/4.23/DerivedDataCache/Boot.ddc.
[2025.09.29-16.55.17:305][  0]LogInit: Texture streaming: Enabled
[2025.09.29-16.55.17:313][  0]LogEngineSessionManager: EngineSessionManager initialized
[2025.09.29-16.55.17:313][  0]LogEditorSessionSummary: Verbose: Initializing EditorSessionSummaryWriter for editor session tracking
[2025.09.29-16.55.17:314][  0]LogEditorSessionSummary: EditorSessionSummaryWriter initialized
[2025.09.29-16.55.17:338][  0]LogInit: Transaction tracking system initialized
[2025.09.29-16.55.17:351][  0]BlueprintLog: New page: Editor Load
[2025.09.29-16.55.17:382][  0]LocalizationService: Localization service is disabled
[2025.09.29-16.55.17:493][  0]LogCook: Display: Max memory allowance for cook 16384mb min free memory 0mb
[2025.09.29-16.55.17:493][  0]LogCook: Display: Mobile HDR setting 1
[2025.09.29-16.55.17:599][  0]LogFileCache: Scanning file cache for directory 'E:/GameJamHGGUnreal4.23.1/GameJamCrew/Content/' took 0.00s
[2025.09.29-16.55.17:599][  0]SourceControl: Source control is disabled
[2025.09.29-16.55.17:599][  0]Cmd: MAP LOAD FILE="E:/GameJamHGGUnreal4.23.1/GameJamCrew/Content/ThirdPersonBP/Maps/ThirdPersonExampleMap.umap" TEMPLATE=0 SHOWPROGRESS=1 FEATURELEVEL=3
[2025.09.29-16.55.17:599][  0]LightingResults: New page: Lighting Build
[2025.09.29-16.55.17:600][  0]LogWorld: UWorld::CleanupWorld for Untitled, bSessionEnded=true, bCleanupResources=true
[2025.09.29-16.55.17:600][  0]MapCheck: New page: Map Check
[2025.09.29-16.55.17:600][  0]LightingResults: New page: Lighting Build
[2025.09.29-16.55.17:617][  0]LogUObjectHash: Compacting FUObjectHashTables data took   1.03ms
[2025.09.29-16.55.17:655][  0]LogBlueprint: Error: [Compiler CatBluePrint] Play (None)  references an unknown sequence
[2025.09.29-16.55.17:656][  0]LogBlueprint: Warning: [Compiler CatBluePrint] Walk to Jump  will never be taken, please connect something to  Can Enter Transition
[2025.09.29-16.55.17:656][  0]LogBlueprint: Error: [Compiler CatBluePrint] Missing allocated node for AnimGraphNode_SequencePlayer_0 while searching for node links - likely due to the node having outstanding errors.
[2025.09.29-16.55.17:693][  0]LogLinker: Warning: While loading 'E:/GameJamHGGUnreal4.23.1/GameJamCrew/Content/ThirdPersonBP/Maps/ThirdPersonExampleMap.umap' failed to load '/Game/ThirdPersonBP/Maps/ThirdPersonExampleMap_BuiltData': Can't find file.
[2025.09.29-16.55.17:693][  0]LogLinker: Warning: While loading 'E:/GameJamHGGUnreal4.23.1/GameJamCrew/Content/ThirdPersonBP/Maps/ThirdPersonExampleMap.umap' failed to load '/Game/ThirdPersonBP/Maps/ThirdPersonExampleMap_BuiltData': Can't find file.
[2025.09.29-16.55.17:697][  0]LogLinker: Warning: While loading 'E:/GameJamHGGUnreal4.23.1/GameJamCrew/Content/ThirdPersonBP/Maps/ThirdPersonExampleMap.umap' failed to load '/Game/ThirdPersonBP/Maps/ThirdPersonExampleMap_BuiltData': Can't find file.
[2025.09.29-16.55.17:697][  0]LogLinker: Warning: While loading 'E:/GameJamHGGUnreal4.23.1/GameJamCrew/Content/ThirdPersonBP/Maps/ThirdPersonExampleMap.umap' failed to load '/Game/ThirdPersonBP/Maps/ThirdPersonExampleMap_BuiltData': Can't find file.
[2025.09.29-16.55.17:698][  0]LogLinker: Warning: Failed to load '/Game/ThirdPersonBP/Maps/ThirdPersonExampleMap_BuiltData': Can't find file.
[2025.09.29-16.55.17:698][  0]LogLinker: Warning: Failed to load '/Game/ThirdPersonBP/Maps/ThirdPersonExampleMap_BuiltData': Can't find file.
[2025.09.29-16.55.17:698][  0]LogLinker: Warning: Failed to load '/Game/ThirdPersonBP/Maps/ThirdPersonExampleMap_BuiltData': Can't find file.
[2025.09.29-16.55.17:698][  0]LogLinker: Warning: Failed to load '/Game/ThirdPersonBP/Maps/ThirdPersonExampleMap_BuiltData': Can't find file.
[2025.09.29-16.55.17:704][  0]LogLinker: Warning: While loading 'E:/GameJamHGGUnreal4.23.1/GameJamCrew/Content/ThirdPersonBP/Maps/ThirdPersonExampleMap.umap' failed to load '/Game/ThirdPersonBP/Maps/ThirdPersonExampleMap_BuiltData': Can't find file.
[2025.09.29-16.55.17:704][  0]LoadErrors: Failed to load /Game/ThirdPersonBP/Maps/ThirdPersonExampleMap_BuiltData.ThirdPersonExampleMap_BuiltData Referenced by PersistentLevel
[2025.09.29-16.55.17:704][  0]LogLinker: Warning: While loading 'E:/GameJamHGGUnreal4.23.1/GameJamCrew/Content/ThirdPersonBP/Maps/ThirdPersonExampleMap.umap' failed to load '/Game/ThirdPersonBP/Maps/ThirdPersonExampleMap_BuiltData': Can't find file.
[2025.09.29-16.55.17:704][  0]LoadErrors: Failed to load /Game/ThirdPersonBP/Maps/ThirdPersonExampleMap_BuiltData.ThirdPersonExampleMap_BuiltData Referenced by PersistentLevel
[2025.09.29-16.55.17:726][  0]LogAIModule: Creating AISystem for world ThirdPersonExampleMap
[2025.09.29-16.55.17:736][  0]LogEditorServer: Finished looking for orphan Actors (0.000 secs)
[2025.09.29-16.55.17:753][  0]LogUObjectHash: Compacting FUObjectHashTables data took   1.45ms
[2025.09.29-16.55.17:753][  0]Cmd: MAP CHECKDEP NOCLEARLOG
[2025.09.29-16.55.17:753][  0]MapCheck: Map check complete: 0 Error(s), 0 Warning(s), took 0.083ms to complete.
[2025.09.29-16.55.17:753][  0]LogFileHelpers: Loading map 'ThirdPersonExampleMap' took 0.155
[2025.09.29-16.55.17:831][  0]LogSlate: Updating window title bar state: overlay mode, drag disabled, window buttons hidden, title bar hidden
[2025.09.29-16.55.17:835][  0]LogSlate: Updating window title bar state: overlay mode, drag disabled, window buttons hidden, title bar hidden
[2025.09.29-16.55.17:839][  0]LogSlate: Updating window title bar state: overlay mode, drag disabled, window buttons hidden, title bar hidden
[2025.09.29-16.55.17:842][  0]LogSlate: Updating window title bar state: overlay mode, drag disabled, window buttons hidden, title bar hidden
[2025.09.29-16.55.17:845][  0]LogCollectionManager: Loaded 0 collections in 0.000593 seconds
[2025.09.29-16.55.17:848][  0]LogFileCache: Scanning file cache for directory 'E:/GameJamHGGUnreal4.23.1/GameJamCrew/Saved/Collections/' took 0.00s
[2025.09.29-16.55.17:848][  0]LogFileCache: Scanning file cache for directory 'E:/GameJamHGGUnreal4.23.1/GameJamCrew/Content/Developers/filip/Collections/' took 0.00s
[2025.09.29-16.55.17:848][  0]LogFileCache: Scanning file cache for directory 'E:/GameJamHGGUnreal4.23.1/GameJamCrew/Content/Collections/' took 0.00s
[2025.09.29-16.55.17:848][  0]LogCollectionManager: Rebuilt the GUID cache for 0 collections in 0.000001 seconds
[2025.09.29-16.55.17:855][  0]LogContentBrowser: Native class hierarchy populated in 0.0055 seconds. Added 2863 classes and 680 folders.
[2025.09.29-16.55.17:857][  0]LogContentBrowser: Native class hierarchy updated for 'WidgetCarousel' in 0.0002 seconds. Added 0 classes and 0 folders.
[2025.09.29-16.55.17:889][  0]LogContentBrowser: Native class hierarchy updated for 'AddContentDialog' in 0.0002 seconds. Added 0 classes and 0 folders.
[2025.09.29-16.55.17:893][  0]LogContentBrowser: Native class hierarchy updated for 'SceneOutliner' in 0.0002 seconds. Added 1 classes and 2 folders.
[2025.09.29-16.55.17:904][  0]LogSlate: Took 0.000183 seconds to synchronously load lazily loaded font '../../../Engine/Content/Slate/Fonts/Roboto-Bold.ttf' (160K)
[2025.09.29-16.55.17:905][  0]LogSlate: Took 0.000173 seconds to synchronously load lazily loaded font '../../../Engine/Content/Slate/Fonts/Roboto-Regular.ttf' (155K)
[2025.09.29-16.55.17:910][  0]LogContentBrowser: Native class hierarchy updated for 'HierarchicalLODOutliner' in 0.0003 seconds. Added 0 classes and 0 folders.
[2025.09.29-16.55.17:910][  0]LogLoad: (Engine Initialization) Total time: 4.44 seconds
[2025.09.29-16.55.17:910][  0]LogLoad: (Engine Initialization) Total Blueprint compile time: 0.00 seconds
[2025.09.29-16.55.17:954][  0]LogAssetRegistry: Asset discovery search completed in 2.1147 seconds
[2025.09.29-16.55.17:956][  0]LogCollectionManager: Rebuilt the object cache for 0 collections in 0.000004 seconds (found 0 objects)
[2025.09.29-16.55.17:956][  0]LogCollectionManager: Fixed up redirectors for 0 collections in 0.000048 seconds (updated 0 objects)
[2025.09.29-16.55.17:956][  0]LogContentStreaming: Texture pool size now 1000 MB
[2025.09.29-16.55.17:963][  0]LogSlate: FSceneViewport::OnFocusLost() reason 5
[2025.09.29-16.55.17:972][  0]LogSlate: Took 0.000175 seconds to synchronously load lazily loaded font '../../../Engine/Content/Editor/Slate/Fonts/FontAwesome.ttf' (139K)
[2025.09.29-16.55.18:001][  0]LogSlate: Took 0.000225 seconds to synchronously load lazily loaded font '../../../Engine/Content/Slate/Fonts/Roboto-Light.ttf' (167K)
[2025.09.29-16.55.18:013][  1]LogRenderer: Reallocating scene render targets to support 804x360 Format 10 NumSamples 1 (Frame:1).
[2025.09.29-16.55.18:258][  1]LogFileCache: Retrieving MD5 hashes for directory 'E:/GameJamHGGUnreal4.23.1/GameJamCrew/Content/' took 0.33s
[2025.09.29-16.55.19:266][  4]LogSlate: Took 0.000194 seconds to synchronously load lazily loaded font '../../../Engine/Content/Slate/Fonts/Roboto-Light.ttf' (167K)
[2025.09.29-16.55.35:025][174]LogSlate: Window 'Message Log' being destroyed
[2025.09.29-16.55.35:030][174]LogSlate: Window 'Message Log' being destroyed
[2025.09.29-16.55.42:901][764]LogFactory: FactoryCreateFile: StaticMesh with FbxFactory (0 0 C:\Users\filip\Desktop\Jump.fbx)
[2025.09.29-16.55.42:909][764]LogFbx: Loading FBX Scene from C:\Users\filip\Desktop\Jump.fbx
[2025.09.29-16.55.42:923][764]LogFbx: FBX Scene Loaded Succesfully
[2025.09.29-16.55.42:931][764]LogSlate: FSceneViewport::OnFocusLost() reason 5
[2025.09.29-16.55.52:878][764]LogSlate: Window 'FBX Import Options' being destroyed
[2025.09.29-16.55.52:903][764]LogFbx: Valid bind pose for Pose (SkeletonAndPose:skinCluster1) - SkeletonAndPose:CatBodyLowPoly
[2025.09.29-16.55.52:972][764]LogMaterial: Display: Material /Game/Mannequin/Cat/Default_Material.Default_Material needed to have new flag set bUsedWithSkeletalMesh !
[2025.09.29-16.55.52:973][764]LogMaterial: Display: Missing cached shader map for material Default_Material, compiling. 
[2025.09.29-16.55.53:006][764]LogMaterial: Display: Missing cached shader map for material Default_Material, compiling. 
[2025.09.29-16.55.53:026][764]LogFbx: Triangulating skeletal mesh SkeletonAndPose:CatBodyLowPoly
[2025.09.29-16.55.53:049][764]LogShaderCompilers: Display: Worker (1/9): shaders left to compile 60
[2025.09.29-16.55.53:049][764]LogShaderCompilers: Display: Worker (2/9): shaders left to compile 52
[2025.09.29-16.55.53:049][764]LogShaderCompilers: Display: Worker (3/9): shaders left to compile 44
[2025.09.29-16.55.53:049][764]LogShaderCompilers: Display: Worker (4/9): shaders left to compile 36
[2025.09.29-16.55.53:049][764]LogShaderCompilers: Display: Worker (5/9): shaders left to compile 28
[2025.09.29-16.55.53:049][764]LogShaderCompilers: Display: Worker (6/9): shaders left to compile 20
[2025.09.29-16.55.53:049][764]LogShaderCompilers: Display: Worker (7/9): shaders left to compile 12
[2025.09.29-16.55.53:049][764]LogShaderCompilers: Display: Worker (8/9): shaders left to compile 4
[2025.09.29-16.55.53:049][764]LogFbx: Warning: Bones digested - 47  Depth of hierarchy - 17
[2025.09.29-16.55.53:126][764]LogSkeletalMesh: Section 0: 2795 vertices, 44 active bones
[2025.09.29-16.55.53:127][764]LogSkeletalMesh: Section 0: Material=0, 4510 triangles
[2025.09.29-16.55.53:129][764]LogSkeletalMesh: Building Skeletal Mesh Jump...
[2025.09.29-16.55.53:132][764]LogSkeletalMesh: Built Skeletal Mesh [0.00s] /Game/Mannequin/Cat/Jump.Jump
[2025.09.29-16.55.53:133][764]LogLinker: Failed to load '/Game/Mannequin/Cat/Jump_PhysicsAsset': Can't find file.
[2025.09.29-16.55.53:133][764]LogLinker: Failed to load '/Game/Mannequin/Cat/Jump_PhysicsAsset': Can't find file.
[2025.09.29-16.55.53:137][764]LogWorld: UWorld::CleanupWorld for World_5, bSessionEnded=true, bCleanupResources=true
[2025.09.29-16.55.53:141][764]LogFbx: SortedLinks :(0) Version
[2025.09.29-16.55.53:141][764]LogFbx: SortedLinks :(1) CatBodyLowPoly
[2025.09.29-16.55.53:141][764]LogFbx: SortedLinks :(2) LatestVR
[2025.09.29-16.55.53:141][764]LogFbx: SortedLinks :(3) Root
[2025.09.29-16.55.53:141][764]LogFbx: SortedLinks :(4) Neck
[2025.09.29-16.55.53:141][764]LogFbx: SortedLinks :(5) L_Scapula
[2025.09.29-16.55.53:141][764]LogFbx: SortedLinks :(6) L_Shoulder
[2025.09.29-16.55.53:141][764]LogFbx: SortedLinks :(7) LF_Leg1
[2025.09.29-16.55.53:141][764]LogFbx: SortedLinks :(8) LF_Leg2
[2025.09.29-16.55.53:141][764]LogFbx: SortedLinks :(9) LF_Leg3
[2025.09.29-16.55.53:141][764]LogFbx: SortedLinks :(10) LF_Leg4
[2025.09.29-16.55.53:141][764]LogFbx: SortedLinks :(11) Spine1
[2025.09.29-16.55.53:141][764]LogFbx: SortedLinks :(12) Spine2
[2025.09.29-16.55.53:141][764]LogFbx: SortedLinks :(13) Spine3
[2025.09.29-16.55.53:141][764]LogFbx: SortedLinks :(14) Spine4
[2025.09.29-16.55.53:141][764]LogFbx: SortedLinks :(15) Spine5
[2025.09.29-16.55.53:141][764]LogFbx: SortedLinks :(16) TailBone
[2025.09.29-16.55.53:141][764]LogFbx: SortedLinks :(17) R_Hip
[2025.09.29-16.55.53:141][764]LogFbx: SortedLinks :(18) RB_Leg1
[2025.09.29-16.55.53:141][764]LogFbx: SortedLinks :(19) RB_Leg2
[2025.09.29-16.55.53:141][764]LogFbx: SortedLinks :(20) RB_Leg3
[2025.09.29-16.55.53:141][764]LogFbx: SortedLinks :(21) RB_Leg4
[2025.09.29-16.55.53:141][764]LogFbx: SortedLinks :(22) RB_Leg5
[2025.09.29-16.55.53:141][764]LogFbx: SortedLinks :(23) RB_Leg6
[2025.09.29-16.55.53:141][764]LogFbx: SortedLinks :(24) Tail1
[2025.09.29-16.55.53:141][764]LogFbx: SortedLinks :(25) Tail2
[2025.09.29-16.55.53:141][764]LogFbx: SortedLinks :(26) Tail3
[2025.09.29-16.55.53:141][764]LogFbx: SortedLinks :(27) Tail4
[2025.09.29-16.55.53:141][764]LogFbx: SortedLinks :(28) Tail5
[2025.09.29-16.55.53:141][764]LogFbx: SortedLinks :(29) Tail6
[2025.09.29-16.55.53:141][764]LogFbx: SortedLinks :(30) L_Hip2
[2025.09.29-16.55.53:142][764]LogFbx: SortedLinks :(31) LB_Leg1
[2025.09.29-16.55.53:142][764]LogFbx: SortedLinks :(32) LB_Leg2
[2025.09.29-16.55.53:142][764]LogFbx: SortedLinks :(33) LB_Leg3
[2025.09.29-16.55.53:142][764]LogFbx: SortedLinks :(34) LB_Leg4
[2025.09.29-16.55.53:142][764]LogFbx: SortedLinks :(35) LB_Leg5
[2025.09.29-16.55.53:142][764]LogFbx: SortedLinks :(36) LB_Leg6
[2025.09.29-16.55.53:142][764]LogFbx: SortedLinks :(37) Head1
[2025.09.29-16.55.53:142][764]LogFbx: SortedLinks :(38) Head2
[2025.09.29-16.55.53:142][764]LogFbx: SortedLinks :(39) Head3
[2025.09.29-16.55.53:142][764]LogFbx: SortedLinks :(40) Head4
[2025.09.29-16.55.53:142][764]LogFbx: SortedLinks :(41) R_Scapula
[2025.09.29-16.55.53:142][764]LogFbx: SortedLinks :(42) R_Shoulder4
[2025.09.29-16.55.53:142][764]LogFbx: SortedLinks :(43) RF_Leg1
[2025.09.29-16.55.53:142][764]LogFbx: SortedLinks :(44) RF_Leg2
[2025.09.29-16.55.53:142][764]LogFbx: SortedLinks :(45) RF_Leg3
[2025.09.29-16.55.53:142][764]LogFbx: SortedLinks :(46) RF_Leg4
[2025.09.29-16.55.53:143][764]LogFbx: Parsing AnimStack Take 001
[2025.09.29-16.55.53:143][764]LogLinker: Failed to load '/Game/Mannequin/Cat/Jump_Anim': Can't find file.
[2025.09.29-16.55.53:143][764]LogLinker: Failed to load '/Game/Mannequin/Cat/Jump_Anim': Can't find file.
[2025.09.29-16.55.53:428][764]LogAnimationCompression: Building Anim DDC data for AnimSequence /Game/Mannequin/Cat/Jump_Anim.Jump_Anim
[2025.09.29-16.55.53:428][764]LogAnimationCompression: Recompressing (AnimSequence /Game/Mannequin/Cat/Jump_Anim.Jump_Anim) using current/default (AnimCompress_BitwiseCompressOnly_0) bFirstRecompressUsingCurrentOrDefault(1) bTryAlternateCompressor(0) IsCompressedDataValid(0)
[2025.09.29-16.55.53:432][764]LogSkeletalMesh: Building Skeletal Mesh Jump...
[2025.09.29-16.55.53:435][764]LogSkeletalMesh: Built Skeletal Mesh [0.00s] /Game/Mannequin/Cat/Jump.Jump
[2025.09.29-16.55.53:444][764]FBXImport: Warning: Mesh [Geometry have no name] in the fbx file is not reference by any hierarchy node. 
[2025.09.29-16.55.53:460][764]LogSkeletalMesh: Building Skeletal Mesh Jump...
[2025.09.29-16.55.53:463][764]LogSkeletalMesh: Built Skeletal Mesh [0.00s] /Game/Mannequin/Cat/Jump.Jump
[2025.09.29-16.55.54:641][894]LogSlate: Window 'Message Log' being destroyed
[2025.09.29-16.55.54:646][894]LogSlate: Window 'Message Log' being destroyed
[2025.09.29-16.55.58:529][356]LogAssetEditorManager: Opening Asset editor for AnimSequence /Game/Mannequin/Cat/Jump_Anim.Jump_Anim
[2025.09.29-16.55.58:532][356]LogContentBrowser: Native class hierarchy updated for 'SkeletonEditor' in 0.0002 seconds. Added 1 classes and 2 folders.
[2025.09.29-16.55.58:628][356]LogActorComponent: RegisterComponentWithWorld: (/Engine/Transient.World_6:PersistentLevel.AnimationEditorPreviewActor_0.DebugSkelMeshComponent_0) Already registered. Aborting.
[2025.09.29-16.55.58:630][356]LogContentBrowser: Native class hierarchy updated for 'PinnedCommandList' in 0.0002 seconds. Added 1 classes and 0 folders.
[2025.09.29-16.55.58:647][356]LogSkeletalMesh: USkeletalMeshComponent::InitArticulated : Bodies already created (/Engine/Transient.World_6:PersistentLevel.AnimationEditorPreviewActor_0.DebugSkelMeshComponent_0) - call TermArticulated first.
[2025.09.29-16.55.58:788][356]LogContentBrowser: Verbose: The majority of assets in the view are of type: AnimSequence
[2025.09.29-16.56.01:561][686]LogSlate: FSceneViewport::OnFocusLost() reason 5
[2025.09.29-16.56.01:572][686]Cmd: OBJ SAVEPACKAGE PACKAGE="/Game/Mannequin/Cat/Jump_Anim" FILE="E:/GameJamHGGUnreal4.23.1/GameJamCrew/Content/Mannequin/Cat/Jump_Anim.uasset" SILENT=true
[2025.09.29-16.56.01:578][686]LogSavePackage: Moving 'E:/GameJamHGGUnreal4.23.1/GameJamCrew/Saved/Jump_Anim0BEE80EA40C3999B86AF388441F4076C.tmp' to 'E:/GameJamHGGUnreal4.23.1/GameJamCrew/Content/Mannequin/Cat/Jump_Anim.uasset'
[2025.09.29-16.56.06:557][280]LogSlate: Window 'Jump_Anim' being destroyed
[2025.09.29-16.56.06:562][280]LogWorld: UWorld::CleanupWorld for World_6, bSessionEnded=true, bCleanupResources=true
[2025.09.29-16.56.06:575][280]LogWorld: UWorld::CleanupWorld for World_8, bSessionEnded=true, bCleanupResources=true
[2025.09.29-16.56.06:618][280]LogWorld: UWorld::CleanupWorld for World_7, bSessionEnded=true, bCleanupResources=true
[2025.09.29-16.56.13:271][ 73]LogUObjectHash: Compacting FUObjectHashTables data took   0.93ms
[2025.09.29-16.56.14:252][ 73]LogSlate: Window 'Delete Assets' being destroyed
[2025.09.29-16.56.14:641][ 73]LogUObjectGlobals: Force Deleting 4 Package(s):
	Asset Name: /Game/Mannequin/Cat/Jump_PhysicsAsset.Jump_PhysicsAsset
	Asset Name: /Game/Mannequin/Cat/Jump_Anim.Jump_Anim
	Asset Name: /Game/Mannequin/Cat/Jump.Jump
	Asset Name: /Game/Mannequin/Cat/Default_Material.Default_Material
[2025.09.29-16.56.14:851][ 73]LogSkeletalMesh: Building Skeletal Mesh Jump...
[2025.09.29-16.56.14:853][ 73]LogSkeletalMesh: Built Skeletal Mesh [0.00s] /Game/Mannequin/Cat/Jump.Jump
[2025.09.29-16.56.14:856][ 73]LogSkeletalMesh: Building Skeletal Mesh Jump...
[2025.09.29-16.56.14:858][ 73]LogSkeletalMesh: Built Skeletal Mesh [0.00s] /Game/Mannequin/Cat/Jump.Jump
[2025.09.29-16.56.15:064][ 73]LogUObjectHash: Compacting FUObjectHashTables data took   0.98ms
[2025.09.29-16.56.15:081][ 73]LogUObjectHash: Compacting FUObjectHashTables data took   1.04ms
[2025.09.29-16.56.15:095][ 73]LogUObjectHash: Compacting FUObjectHashTables data took   0.55ms
[2025.09.29-16.56.16:280][174]LogFactory: FactoryCreateFile: StaticMesh with FbxFactory (0 0 C:\Users\filip\Desktop\Jump.fbx)
[2025.09.29-16.56.16:287][174]LogFbx: Loading FBX Scene from C:\Users\filip\Desktop\Jump.fbx
[2025.09.29-16.56.16:301][174]LogFbx: FBX Scene Loaded Succesfully
[2025.09.29-16.56.23:726][174]LogSlate: Window 'FBX Import Options' being destroyed
[2025.09.29-16.56.23:752][174]LogFbx: SortedLinks :(0) Version
[2025.09.29-16.56.23:752][174]LogFbx: SortedLinks :(1) CatBodyLowPoly
[2025.09.29-16.56.23:752][174]LogFbx: SortedLinks :(2) LatestVR
[2025.09.29-16.56.23:752][174]LogFbx: SortedLinks :(3) Root
[2025.09.29-16.56.23:752][174]LogFbx: SortedLinks :(4) Neck
[2025.09.29-16.56.23:752][174]LogFbx: SortedLinks :(5) L_Scapula
[2025.09.29-16.56.23:752][174]LogFbx: SortedLinks :(6) L_Shoulder
[2025.09.29-16.56.23:752][174]LogFbx: SortedLinks :(7) LF_Leg1
[2025.09.29-16.56.23:752][174]LogFbx: SortedLinks :(8) LF_Leg2
[2025.09.29-16.56.23:752][174]LogFbx: SortedLinks :(9) LF_Leg3
[2025.09.29-16.56.23:752][174]LogFbx: SortedLinks :(10) LF_Leg4
[2025.09.29-16.56.23:752][174]LogFbx: SortedLinks :(11) Spine1
[2025.09.29-16.56.23:752][174]LogFbx: SortedLinks :(12) Spine2
[2025.09.29-16.56.23:752][174]LogFbx: SortedLinks :(13) Spine3
[2025.09.29-16.56.23:752][174]LogFbx: SortedLinks :(14) Spine4
[2025.09.29-16.56.23:752][174]LogFbx: SortedLinks :(15) Spine5
[2025.09.29-16.56.23:752][174]LogFbx: SortedLinks :(16) TailBone
[2025.09.29-16.56.23:752][174]LogFbx: SortedLinks :(17) R_Hip
[2025.09.29-16.56.23:752][174]LogFbx: SortedLinks :(18) RB_Leg1
[2025.09.29-16.56.23:752][174]LogFbx: SortedLinks :(19) RB_Leg2
[2025.09.29-16.56.23:752][174]LogFbx: SortedLinks :(20) RB_Leg3
[2025.09.29-16.56.23:752][174]LogFbx: SortedLinks :(21) RB_Leg4
[2025.09.29-16.56.23:752][174]LogFbx: SortedLinks :(22) RB_Leg5
[2025.09.29-16.56.23:752][174]LogFbx: SortedLinks :(23) RB_Leg6
[2025.09.29-16.56.23:752][174]LogFbx: SortedLinks :(24) Tail1
[2025.09.29-16.56.23:752][174]LogFbx: SortedLinks :(25) Tail2
[2025.09.29-16.56.23:752][174]LogFbx: SortedLinks :(26) Tail3
[2025.09.29-16.56.23:752][174]LogFbx: SortedLinks :(27) Tail4
[2025.09.29-16.56.23:752][174]LogFbx: SortedLinks :(28) Tail5
[2025.09.29-16.56.23:752][174]LogFbx: SortedLinks :(29) Tail6
[2025.09.29-16.56.23:752][174]LogFbx: SortedLinks :(30) L_Hip2
[2025.09.29-16.56.23:752][174]LogFbx: SortedLinks :(31) LB_Leg1
[2025.09.29-16.56.23:752][174]LogFbx: SortedLinks :(32) LB_Leg2
[2025.09.29-16.56.23:752][174]LogFbx: SortedLinks :(33) LB_Leg3
[2025.09.29-16.56.23:752][174]LogFbx: SortedLinks :(34) LB_Leg4
[2025.09.29-16.56.23:752][174]LogFbx: SortedLinks :(35) LB_Leg5
[2025.09.29-16.56.23:752][174]LogFbx: SortedLinks :(36) LB_Leg6
[2025.09.29-16.56.23:752][174]LogFbx: SortedLinks :(37) Head1
[2025.09.29-16.56.23:752][174]LogFbx: SortedLinks :(38) Head2
[2025.09.29-16.56.23:752][174]LogFbx: SortedLinks :(39) Head3
[2025.09.29-16.56.23:752][174]LogFbx: SortedLinks :(40) Head4
[2025.09.29-16.56.23:752][174]LogFbx: SortedLinks :(41) R_Scapula
[2025.09.29-16.56.23:752][174]LogFbx: SortedLinks :(42) R_Shoulder4
[2025.09.29-16.56.23:752][174]LogFbx: SortedLinks :(43) RF_Leg1
[2025.09.29-16.56.23:752][174]LogFbx: SortedLinks :(44) RF_Leg2
[2025.09.29-16.56.23:752][174]LogFbx: SortedLinks :(45) RF_Leg3
[2025.09.29-16.56.23:752][174]LogFbx: SortedLinks :(46) RF_Leg4
[2025.09.29-16.56.23:753][174]LogFbx: Parsing AnimStack Take 001
[2025.09.29-16.56.23:758][174]LogLinker: Failed to load '/Game/Mannequin/Cat/Jump': Can't find file.
[2025.09.29-16.56.23:758][174]LogLinker: Failed to load '/Game/Mannequin/Cat/Jump': Can't find file.
[2025.09.29-16.56.23:970][174]LogAnimationCompression: Building Anim DDC data for AnimSequence /Game/Mannequin/Cat/Jump.Jump
[2025.09.29-16.56.23:970][174]LogAnimationCompression: Recompressing (AnimSequence /Game/Mannequin/Cat/Jump.Jump) using current/default (AnimCompress_BitwiseCompressOnly_0) bFirstRecompressUsingCurrentOrDefault(1) bTryAlternateCompressor(0) IsCompressedDataValid(0)
[2025.09.29-16.56.23:974][174]FBXImport: Warning: Mesh [Geometry have no name] in the fbx file is not reference by any hierarchy node. 
[2025.09.29-16.56.25:126][310]LogSlate: Window 'Message Log' being destroyed
[2025.09.29-16.56.25:131][310]LogSlate: Window 'Message Log' being destroyed
[2025.09.29-16.56.25:964][409]LogAssetEditorManager: Opening Asset editor for AnimSequence /Game/Mannequin/Cat/Jump.Jump
[2025.09.29-16.56.25:968][409]LogActorComponent: RegisterComponentWithWorld: (/Engine/Transient.World_9:PersistentLevel.AnimationEditorPreviewActor_0.DebugSkelMeshComponent_0) Already registered. Aborting.
[2025.09.29-16.56.25:975][409]LogSkeletalMesh: USkeletalMeshComponent::InitArticulated : Bodies already created (/Engine/Transient.World_9:PersistentLevel.AnimationEditorPreviewActor_0.DebugSkelMeshComponent_0) - call TermArticulated first.
[2025.09.29-16.56.26:093][409]LogContentBrowser: Verbose: The majority of assets in the view are of type: AnimSequence
[2025.09.29-16.56.29:405][806]LogSlate: FSceneViewport::OnFocusLost() reason 5
[2025.09.29-16.56.29:416][806]Cmd: OBJ SAVEPACKAGE PACKAGE="/Game/Mannequin/Cat/Jump" FILE="E:/GameJamHGGUnreal4.23.1/GameJamCrew/Content/Mannequin/Cat/Jump.uasset" SILENT=true
[2025.09.29-16.56.29:421][806]LogSavePackage: Moving 'E:/GameJamHGGUnreal4.23.1/GameJamCrew/Saved/Jump5BBCA4F649C0806B75B28694C8A0F38C.tmp' to 'E:/GameJamHGGUnreal4.23.1/GameJamCrew/Content/Mannequin/Cat/Jump.uasset'
[2025.09.29-16.56.30:646][951]LogSlate: FSceneViewport::OnFocusLost() reason 0
[2025.09.29-16.56.31:487][ 49]Cmd: OBJ SAVEPACKAGE PACKAGE="/Game/Mannequin/Cat/Jump" FILE="E:/GameJamHGGUnreal4.23.1/GameJamCrew/Content/Mannequin/Cat/Jump.uasset" SILENT=true
[2025.09.29-16.56.31:489][ 49]LogSavePackage: Moving 'E:/GameJamHGGUnreal4.23.1/GameJamCrew/Saved/Jump1D7FE990405806E0D3532489E421DD21.tmp' to 'E:/GameJamHGGUnreal4.23.1/GameJamCrew/Content/Mannequin/Cat/Jump.uasset'
[2025.09.29-16.56.33:037][230]LogUObjectHash: Compacting FUObjectHashTables data took   0.95ms
[2025.09.29-16.56.33:726][230]LogSlate: Window 'Delete Assets' being destroyed
[2025.09.29-16.56.33:985][230]LogWorld: UWorld::CleanupWorld for World_11, bSessionEnded=true, bCleanupResources=true
[2025.09.29-16.56.34:031][230]LogWorld: UWorld::CleanupWorld for World_10, bSessionEnded=true, bCleanupResources=true
[2025.09.29-16.56.34:038][230]LogWorld: UWorld::CleanupWorld for World_9, bSessionEnded=true, bCleanupResources=true
[2025.09.29-16.56.34:039][230]LogUObjectGlobals: Force Deleting 1 Package(s):
	Asset Name: /Game/Mannequin/Cat/Jump.Jump
[2025.09.29-16.56.34:166][230]LogUObjectHash: Compacting FUObjectHashTables data took   0.67ms
[2025.09.29-16.56.34:181][230]LogUObjectHash: Compacting FUObjectHashTables data took   0.44ms
[2025.09.29-16.56.34:195][230]LogUObjectHash: Compacting FUObjectHashTables data took   0.43ms
[2025.09.29-16.56.39:711][654]LogFactory: FactoryCreateFile: StaticMesh with FbxFactory (0 0 C:\Users\filip\Desktop\Jump.fbx)
[2025.09.29-16.56.39:717][654]LogFbx: Loading FBX Scene from C:\Users\filip\Desktop\Jump.fbx
[2025.09.29-16.56.39:732][654]LogFbx: FBX Scene Loaded Succesfully
[2025.09.29-16.56.40:774][654]LogSlate: Window 'FBX Import Options' being destroyed
[2025.09.29-16.56.40:791][654]LogFbx: Valid bind pose for Pose (SkeletonAndPose:skinCluster1) - SkeletonAndPose:CatBodyLowPoly
[2025.09.29-16.56.40:792][654]LogMaterial: Display: Material /Game/Mannequin/Default_Material.Default_Material needed to have new flag set bUsedWithSkeletalMesh !
[2025.09.29-16.56.40:794][654]LogMaterial: Display: Missing cached shader map for material Default_Material, compiling. 
[2025.09.29-16.56.40:812][654]LogMaterial: Display: Missing cached shader map for material Default_Material, compiling. 
[2025.09.29-16.56.40:832][654]LogFbx: Triangulating skeletal mesh SkeletonAndPose:CatBodyLowPoly
[2025.09.29-16.56.40:853][654]LogShaderCompilers: Display: Worker (1/9): shaders left to compile 60
[2025.09.29-16.56.40:853][654]LogShaderCompilers: Display: Worker (2/9): shaders left to compile 52
[2025.09.29-16.56.40:853][654]LogShaderCompilers: Display: Worker (3/9): shaders left to compile 44
[2025.09.29-16.56.40:853][654]LogShaderCompilers: Display: Worker (4/9): shaders left to compile 36
[2025.09.29-16.56.40:853][654]LogShaderCompilers: Display: Worker (5/9): shaders left to compile 28
[2025.09.29-16.56.40:853][654]LogShaderCompilers: Display: Worker (6/9): shaders left to compile 20
[2025.09.29-16.56.40:853][654]LogShaderCompilers: Display: Worker (7/9): shaders left to compile 12
[2025.09.29-16.56.40:853][654]LogShaderCompilers: Display: Worker (8/9): shaders left to compile 4
[2025.09.29-16.56.40:853][654]LogFbx: Warning: Bones digested - 47  Depth of hierarchy - 17
[2025.09.29-16.56.40:928][654]LogSkeletalMesh: Section 0: 2795 vertices, 44 active bones
[2025.09.29-16.56.40:928][654]LogSkeletalMesh: Section 0: Material=0, 4510 triangles
[2025.09.29-16.56.40:930][654]LogSkeletalMesh: Building Skeletal Mesh Jump...
[2025.09.29-16.56.40:932][654]LogSkeletalMesh: Built Skeletal Mesh [0.00s] /Game/Mannequin/Jump.Jump
[2025.09.29-16.56.40:933][654]LogLinker: Failed to load '/Game/Mannequin/Jump_Skeleton': Can't find file.
[2025.09.29-16.56.40:933][654]LogLinker: Failed to load '/Game/Mannequin/Jump_Skeleton': Can't find file.
[2025.09.29-16.56.40:934][654]LogLinker: Failed to load '/Game/Mannequin/Jump_PhysicsAsset': Can't find file.
[2025.09.29-16.56.40:934][654]LogLinker: Failed to load '/Game/Mannequin/Jump_PhysicsAsset': Can't find file.
[2025.09.29-16.56.40:938][654]LogWorld: UWorld::CleanupWorld for World_12, bSessionEnded=true, bCleanupResources=true
[2025.09.29-16.56.40:943][654]LogFbx: SortedLinks :(0) Version
[2025.09.29-16.56.40:943][654]LogFbx: SortedLinks :(1) CatBodyLowPoly
[2025.09.29-16.56.40:943][654]LogFbx: SortedLinks :(2) LatestVR
[2025.09.29-16.56.40:943][654]LogFbx: SortedLinks :(3) Root
[2025.09.29-16.56.40:943][654]LogFbx: SortedLinks :(4) Neck
[2025.09.29-16.56.40:943][654]LogFbx: SortedLinks :(5) L_Scapula
[2025.09.29-16.56.40:943][654]LogFbx: SortedLinks :(6) L_Shoulder
[2025.09.29-16.56.40:943][654]LogFbx: SortedLinks :(7) LF_Leg1
[2025.09.29-16.56.40:943][654]LogFbx: SortedLinks :(8) LF_Leg2
[2025.09.29-16.56.40:943][654]LogFbx: SortedLinks :(9) LF_Leg3
[2025.09.29-16.56.40:943][654]LogFbx: SortedLinks :(10) LF_Leg4
[2025.09.29-16.56.40:943][654]LogFbx: SortedLinks :(11) Spine1
[2025.09.29-16.56.40:943][654]LogFbx: SortedLinks :(12) Spine2
[2025.09.29-16.56.40:943][654]LogFbx: SortedLinks :(13) Spine3
[2025.09.29-16.56.40:943][654]LogFbx: SortedLinks :(14) Spine4
[2025.09.29-16.56.40:943][654]LogFbx: SortedLinks :(15) Spine5
[2025.09.29-16.56.40:943][654]LogFbx: SortedLinks :(16) TailBone
[2025.09.29-16.56.40:943][654]LogFbx: SortedLinks :(17) R_Hip
[2025.09.29-16.56.40:943][654]LogFbx: SortedLinks :(18) RB_Leg1
[2025.09.29-16.56.40:943][654]LogFbx: SortedLinks :(19) RB_Leg2
[2025.09.29-16.56.40:943][654]LogFbx: SortedLinks :(20) RB_Leg3
[2025.09.29-16.56.40:943][654]LogFbx: SortedLinks :(21) RB_Leg4
[2025.09.29-16.56.40:943][654]LogFbx: SortedLinks :(22) RB_Leg5
[2025.09.29-16.56.40:943][654]LogFbx: SortedLinks :(23) RB_Leg6
[2025.09.29-16.56.40:943][654]LogFbx: SortedLinks :(24) Tail1
[2025.09.29-16.56.40:943][654]LogFbx: SortedLinks :(25) Tail2
[2025.09.29-16.56.40:943][654]LogFbx: SortedLinks :(26) Tail3
[2025.09.29-16.56.40:943][654]LogFbx: SortedLinks :(27) Tail4
[2025.09.29-16.56.40:943][654]LogFbx: SortedLinks :(28) Tail5
[2025.09.29-16.56.40:943][654]LogFbx: SortedLinks :(29) Tail6
[2025.09.29-16.56.40:943][654]LogFbx: SortedLinks :(30) L_Hip2
[2025.09.29-16.56.40:943][654]LogFbx: SortedLinks :(31) LB_Leg1
[2025.09.29-16.56.40:943][654]LogFbx: SortedLinks :(32) LB_Leg2
[2025.09.29-16.56.40:943][654]LogFbx: SortedLinks :(33) LB_Leg3
[2025.09.29-16.56.40:943][654]LogFbx: SortedLinks :(34) LB_Leg4
[2025.09.29-16.56.40:943][654]LogFbx: SortedLinks :(35) LB_Leg5
[2025.09.29-16.56.40:943][654]LogFbx: SortedLinks :(36) LB_Leg6
[2025.09.29-16.56.40:943][654]LogFbx: SortedLinks :(37) Head1
[2025.09.29-16.56.40:943][654]LogFbx: SortedLinks :(38) Head2
[2025.09.29-16.56.40:943][654]LogFbx: SortedLinks :(39) Head3
[2025.09.29-16.56.40:943][654]LogFbx: SortedLinks :(40) Head4
[2025.09.29-16.56.40:943][654]LogFbx: SortedLinks :(41) R_Scapula
[2025.09.29-16.56.40:943][654]LogFbx: SortedLinks :(42) R_Shoulder4
[2025.09.29-16.56.40:943][654]LogFbx: SortedLinks :(43) RF_Leg1
[2025.09.29-16.56.40:943][654]LogFbx: SortedLinks :(44) RF_Leg2
[2025.09.29-16.56.40:943][654]LogFbx: SortedLinks :(45) RF_Leg3
[2025.09.29-16.56.40:943][654]LogFbx: SortedLinks :(46) RF_Leg4
[2025.09.29-16.56.40:945][654]LogFbx: Parsing AnimStack Take 001
[2025.09.29-16.56.40:945][654]LogLinker: Failed to load '/Game/Mannequin/Jump_Anim': Can't find file.
[2025.09.29-16.56.40:945][654]LogLinker: Failed to load '/Game/Mannequin/Jump_Anim': Can't find file.
[2025.09.29-16.56.41:196][654]LogAnimationCompression: Building Anim DDC data for AnimSequence /Game/Mannequin/Jump_Anim.Jump_Anim
[2025.09.29-16.56.41:196][654]LogAnimationCompression: Recompressing (AnimSequence /Game/Mannequin/Jump_Anim.Jump_Anim) using current/default (AnimCompress_BitwiseCompressOnly_0) bFirstRecompressUsingCurrentOrDefault(1) bTryAlternateCompressor(0) IsCompressedDataValid(0)
[2025.09.29-16.56.41:198][654]LogSkeletalMesh: Building Skeletal Mesh Jump...
[2025.09.29-16.56.41:202][654]LogSkeletalMesh: Built Skeletal Mesh [0.00s] /Game/Mannequin/Jump.Jump
[2025.09.29-16.56.41:208][654]FBXImport: Warning: Mesh [Geometry have no name] in the fbx file is not reference by any hierarchy node. 
[2025.09.29-16.56.41:221][654]LogSkeletalMesh: Building Skeletal Mesh Jump...
[2025.09.29-16.56.41:225][654]LogSkeletalMesh: Built Skeletal Mesh [0.00s] /Game/Mannequin/Jump.Jump
[2025.09.29-16.56.42:511][803]LogSlate: Window 'Message Log' being destroyed
[2025.09.29-16.56.42:516][803]LogSlate: Window 'Message Log' being destroyed
[2025.09.29-16.56.43:527][923]LogAssetEditorManager: Opening Asset editor for AnimSequence /Game/Mannequin/Jump_Anim.Jump_Anim
[2025.09.29-16.56.43:531][923]LogActorComponent: RegisterComponentWithWorld: (/Engine/Transient.World_13:PersistentLevel.AnimationEditorPreviewActor_0.DebugSkelMeshComponent_0) Already registered. Aborting.
[2025.09.29-16.56.43:547][923]LogSkeletalMesh: USkeletalMeshComponent::InitArticulated : Bodies already created (/Engine/Transient.World_13:PersistentLevel.AnimationEditorPreviewActor_0.DebugSkelMeshComponent_0) - call TermArticulated first.
[2025.09.29-16.56.43:671][923]LogContentBrowser: Verbose: The majority of assets in the view are of type: AnimSequence
[2025.09.29-16.56.45:952][195]LogSlate: FSceneViewport::OnFocusLost() reason 5
[2025.09.29-16.56.45:963][195]Cmd: OBJ SAVEPACKAGE PACKAGE="/Game/Mannequin/Jump_Anim" FILE="E:/GameJamHGGUnreal4.23.1/GameJamCrew/Content/Mannequin/Jump_Anim.uasset" SILENT=true
[2025.09.29-16.56.45:968][195]LogSavePackage: Moving 'E:/GameJamHGGUnreal4.23.1/GameJamCrew/Saved/Jump_Anim52F33EFF4D0CD8505E519A858B2B7698.tmp' to 'E:/GameJamHGGUnreal4.23.1/GameJamCrew/Content/Mannequin/Jump_Anim.uasset'
[2025.09.29-16.56.48:676][517]LogSlate: Window 'Jump_Anim' being destroyed
[2025.09.29-16.56.48:682][517]LogWorld: UWorld::CleanupWorld for World_13, bSessionEnded=true, bCleanupResources=true
[2025.09.29-16.56.48:695][517]LogWorld: UWorld::CleanupWorld for World_15, bSessionEnded=true, bCleanupResources=true
[2025.09.29-16.56.48:740][517]LogWorld: UWorld::CleanupWorld for World_14, bSessionEnded=true, bCleanupResources=true
[2025.09.29-16.56.50:430][717]LogAssetEditorManager: Opening Asset editor for AnimSequence /Game/Mannequin/Jump_Anim.Jump_Anim
[2025.09.29-16.56.50:434][717]LogActorComponent: RegisterComponentWithWorld: (/Engine/Transient.World_16:PersistentLevel.AnimationEditorPreviewActor_0.DebugSkelMeshComponent_0) Already registered. Aborting.
[2025.09.29-16.56.50:450][717]LogSkeletalMesh: USkeletalMeshComponent::InitArticulated : Bodies already created (/Engine/Transient.World_16:PersistentLevel.AnimationEditorPreviewActor_0.DebugSkelMeshComponent_0) - call TermArticulated first.
[2025.09.29-16.56.50:579][717]LogContentBrowser: Verbose: The majority of assets in the view are of type: AnimSequence
[2025.09.29-16.56.57:012][485]LogSlate: Window 'Jump_Anim' being destroyed
[2025.09.29-16.56.57:017][485]LogWorld: UWorld::CleanupWorld for World_16, bSessionEnded=true, bCleanupResources=true
[2025.09.29-16.56.57:030][485]LogWorld: UWorld::CleanupWorld for World_18, bSessionEnded=true, bCleanupResources=true
[2025.09.29-16.56.57:080][485]LogWorld: UWorld::CleanupWorld for World_17, bSessionEnded=true, bCleanupResources=true
[2025.09.29-16.56.59:746][802]LogAssetEditorManager: Opening Asset editor for AnimSequence /Game/Mannequin/Jump_Anim.Jump_Anim
[2025.09.29-16.56.59:750][802]LogActorComponent: RegisterComponentWithWorld: (/Engine/Transient.World_19:PersistentLevel.AnimationEditorPreviewActor_0.DebugSkelMeshComponent_0) Already registered. Aborting.
[2025.09.29-16.56.59:767][802]LogSkeletalMesh: USkeletalMeshComponent::InitArticulated : Bodies already created (/Engine/Transient.World_19:PersistentLevel.AnimationEditorPreviewActor_0.DebugSkelMeshComponent_0) - call TermArticulated first.
[2025.09.29-16.56.59:894][802]LogContentBrowser: Verbose: The majority of assets in the view are of type: AnimSequence
[2025.09.29-16.57.04:070][301]LogSlate: Window 'Jump_Anim' being destroyed
[2025.09.29-16.57.04:074][301]LogWorld: UWorld::CleanupWorld for World_19, bSessionEnded=true, bCleanupResources=true
[2025.09.29-16.57.04:089][301]LogWorld: UWorld::CleanupWorld for World_21, bSessionEnded=true, bCleanupResources=true
[2025.09.29-16.57.04:131][301]LogWorld: UWorld::CleanupWorld for World_20, bSessionEnded=true, bCleanupResources=true
[2025.09.29-16.57.04:926][394]LogAssetEditorManager: Opening Asset editor for SkeletalMesh /Game/Mannequin/Jump.Jump
[2025.09.29-16.57.04:930][394]LogActorComponent: RegisterComponentWithWorld: (/Engine/Transient.World_22:PersistentLevel.AnimationEditorPreviewActor_0.DebugSkelMeshComponent_0) Already registered. Aborting.
[2025.09.29-16.57.04:946][394]LogSkeletalMesh: USkeletalMeshComponent::InitArticulated : Bodies already created (/Engine/Transient.World_22:PersistentLevel.AnimationEditorPreviewActor_0.DebugSkelMeshComponent_0) - call TermArticulated first.
[2025.09.29-16.57.05:032][394]LogSlate: Took 0.000198 seconds to synchronously load lazily loaded font '../../../Engine/Content/Slate/Fonts/Roboto-Italic.ttf' (157K)
[2025.09.29-16.57.05:038][395]LogRenderer: Reallocating scene render targets to support 868x504 Format 10 NumSamples 1 (Frame:1).
[2025.09.29-16.57.06:805][604]LogSlate: Window 'Jump' being destroyed
[2025.09.29-16.57.06:810][604]LogWorld: UWorld::CleanupWorld for World_22, bSessionEnded=true, bCleanupResources=true
[2025.09.29-16.57.08:812][836]LogUObjectHash: Compacting FUObjectHashTables data took   1.03ms
[2025.09.29-16.57.09:563][836]LogSlate: Window 'Delete Assets' being destroyed
[2025.09.29-16.57.09:860][836]LogUObjectGlobals: Force Deleting 1 Package(s):
	Asset Name: /Game/Mannequin/Jump_Skeleton.Jump_Skeleton
[2025.09.29-16.57.09:924][836]LogSkeletalMesh: Building Skeletal Mesh Jump...
[2025.09.29-16.57.09:926][836]LogSkeletalMesh: Built Skeletal Mesh [0.00s] /Game/Mannequin/Jump.Jump
[2025.09.29-16.57.09:991][836]LogUObjectHash: Compacting FUObjectHashTables data took   0.92ms
[2025.09.29-16.57.09:997][836]LogAnimation: Warning: SkeletalMesh Jump has no skeleton. This needs to fixed before an animation can be set
[2025.09.29-16.57.09:997][836]LogAnimation: Warning: SkeletalMesh Jump has no skeleton. This needs to fixed before an animation can be set
[2025.09.29-16.57.10:002][837]LogAnimation: Warning: SkeletalMesh Jump has no skeleton. This needs to fixed before an animation can be set
[2025.09.29-16.57.10:014][838]LogAnimation: Warning: SkeletalMesh Jump has no skeleton. This needs to fixed before an animation can be set
[2025.09.29-16.57.10:032][840]LogAnimation: Warning: SkeletalMesh Jump has no skeleton. This needs to fixed before an animation can be set
[2025.09.29-16.57.10:048][842]LogAnimation: Warning: SkeletalMesh Jump has no skeleton. This needs to fixed before an animation can be set
[2025.09.29-16.57.10:065][844]LogAnimation: Warning: SkeletalMesh Jump has no skeleton. This needs to fixed before an animation can be set
[2025.09.29-16.57.10:081][846]LogAnimation: Warning: SkeletalMesh Jump has no skeleton. This needs to fixed before an animation can be set
[2025.09.29-16.57.10:099][848]LogAnimation: Warning: SkeletalMesh Jump has no skeleton. This needs to fixed before an animation can be set
[2025.09.29-16.57.10:116][850]LogAnimation: Warning: SkeletalMesh Jump has no skeleton. This needs to fixed before an animation can be set
[2025.09.29-16.57.10:132][852]LogAnimation: Warning: SkeletalMesh Jump has no skeleton. This needs to fixed before an animation can be set
[2025.09.29-16.57.10:148][854]LogAnimation: Warning: SkeletalMesh Jump has no skeleton. This needs to fixed before an animation can be set
[2025.09.29-16.57.10:165][856]LogAnimation: Warning: SkeletalMesh Jump has no skeleton. This needs to fixed before an animation can be set
[2025.09.29-16.57.10:182][858]LogAnimation: Warning: SkeletalMesh Jump has no skeleton. This needs to fixed before an animation can be set
[2025.09.29-16.57.10:200][860]LogAnimation: Warning: SkeletalMesh Jump has no skeleton. This needs to fixed before an animation can be set
[2025.09.29-16.57.10:216][862]LogAnimation: Warning: SkeletalMesh Jump has no skeleton. This needs to fixed before an animation can be set
[2025.09.29-16.57.10:233][864]LogAnimation: Warning: SkeletalMesh Jump has no skeleton. This needs to fixed before an animation can be set
[2025.09.29-16.57.10:250][866]LogAnimation: Warning: SkeletalMesh Jump has no skeleton. This needs to fixed before an animation can be set
[2025.09.29-16.57.10:267][868]LogAnimation: Warning: SkeletalMesh Jump has no skeleton. This needs to fixed before an animation can be set
[2025.09.29-16.57.10:283][870]LogAnimation: Warning: SkeletalMesh Jump has no skeleton. This needs to fixed before an animation can be set
[2025.09.29-16.57.10:300][872]LogAnimation: Warning: SkeletalMesh Jump has no skeleton. This needs to fixed before an animation can be set
[2025.09.29-16.57.10:316][874]LogAnimation: Warning: SkeletalMesh Jump has no skeleton. This needs to fixed before an animation can be set
[2025.09.29-16.57.10:333][876]LogAnimation: Warning: SkeletalMesh Jump has no skeleton. This needs to fixed before an animation can be set
[2025.09.29-16.57.10:350][878]LogAnimation: Warning: SkeletalMesh Jump has no skeleton. This needs to fixed before an animation can be set
[2025.09.29-16.57.10:366][880]LogAnimation: Warning: SkeletalMesh Jump has no skeleton. This needs to fixed before an animation can be set
[2025.09.29-16.57.10:383][882]LogAnimation: Warning: SkeletalMesh Jump has no skeleton. This needs to fixed before an animation can be set
[2025.09.29-16.57.10:400][884]LogAnimation: Warning: SkeletalMesh Jump has no skeleton. This needs to fixed before an animation can be set
[2025.09.29-16.57.10:416][886]LogAnimation: Warning: SkeletalMesh Jump has no skeleton. This needs to fixed before an animation can be set
[2025.09.29-16.57.10:433][888]LogAnimation: Warning: SkeletalMesh Jump has no skeleton. This needs to fixed before an animation can be set
[2025.09.29-16.57.10:450][890]LogAnimation: Warning: SkeletalMesh Jump has no skeleton. This needs to fixed before an animation can be set
[2025.09.29-16.57.10:466][892]LogAnimation: Warning: SkeletalMesh Jump has no skeleton. This needs to fixed before an animation can be set
[2025.09.29-16.57.10:483][894]LogAnimation: Warning: SkeletalMesh Jump has no skeleton. This needs to fixed before an animation can be set
[2025.09.29-16.57.10:500][896]LogAnimation: Warning: SkeletalMesh Jump has no skeleton. This needs to fixed before an animation can be set
[2025.09.29-16.57.10:516][898]LogAnimation: Warning: SkeletalMesh Jump has no skeleton. This needs to fixed before an animation can be set
[2025.09.29-16.57.10:533][900]LogAnimation: Warning: SkeletalMesh Jump has no skeleton. This needs to fixed before an animation can be set
[2025.09.29-16.57.10:550][902]LogAnimation: Warning: SkeletalMesh Jump has no skeleton. This needs to fixed before an animation can be set
[2025.09.29-16.57.10:566][904]LogAnimation: Warning: SkeletalMesh Jump has no skeleton. This needs to fixed before an animation can be set
[2025.09.29-16.57.10:583][906]LogAnimation: Warning: SkeletalMesh Jump has no skeleton. This needs to fixed before an animation can be set
[2025.09.29-16.57.10:600][908]LogAnimation: Warning: SkeletalMesh Jump has no skeleton. This needs to fixed before an animation can be set
[2025.09.29-16.57.10:617][910]LogAnimation: Warning: SkeletalMesh Jump has no skeleton. This needs to fixed before an animation can be set
[2025.09.29-16.57.10:633][912]LogAnimation: Warning: SkeletalMesh Jump has no skeleton. This needs to fixed before an animation can be set
[2025.09.29-16.57.10:650][914]LogAnimation: Warning: SkeletalMesh Jump has no skeleton. This needs to fixed before an animation can be set
[2025.09.29-16.57.10:670][916]LogAnimation: Warning: SkeletalMesh Jump has no skeleton. This needs to fixed before an animation can be set
[2025.09.29-16.57.10:687][918]LogAnimation: Warning: SkeletalMesh Jump has no skeleton. This needs to fixed before an animation can be set
[2025.09.29-16.57.10:705][920]LogAnimation: Warning: SkeletalMesh Jump has no skeleton. This needs to fixed before an animation can be set
[2025.09.29-16.57.10:721][922]LogAnimation: Warning: SkeletalMesh Jump has no skeleton. This needs to fixed before an animation can be set
[2025.09.29-16.57.10:737][924]LogAnimation: Warning: SkeletalMesh Jump has no skeleton. This needs to fixed before an animation can be set
[2025.09.29-16.57.10:755][926]LogAnimation: Warning: SkeletalMesh Jump has no skeleton. This needs to fixed before an animation can be set
[2025.09.29-16.57.10:771][928]LogAnimation: Warning: SkeletalMesh Jump has no skeleton. This needs to fixed before an animation can be set
[2025.09.29-16.57.10:788][930]LogAnimation: Warning: SkeletalMesh Jump has no skeleton. This needs to fixed before an animation can be set
[2025.09.29-16.57.10:804][932]LogAnimation: Warning: SkeletalMesh Jump has no skeleton. This needs to fixed before an animation can be set
[2025.09.29-16.57.10:821][934]LogAnimation: Warning: SkeletalMesh Jump has no skeleton. This needs to fixed before an animation can be set
[2025.09.29-16.57.10:838][936]LogAnimation: Warning: SkeletalMesh Jump has no skeleton. This needs to fixed before an animation can be set
[2025.09.29-16.57.10:856][938]LogAnimation: Warning: SkeletalMesh Jump has no skeleton. This needs to fixed before an animation can be set
[2025.09.29-16.57.10:871][940]LogAnimation: Warning: SkeletalMesh Jump has no skeleton. This needs to fixed before an animation can be set
[2025.09.29-16.57.10:888][942]LogAnimation: Warning: SkeletalMesh Jump has no skeleton. This needs to fixed before an animation can be set
[2025.09.29-16.57.10:904][944]LogAnimation: Warning: SkeletalMesh Jump has no skeleton. This needs to fixed before an animation can be set
[2025.09.29-16.57.10:922][946]LogAnimation: Warning: SkeletalMesh Jump has no skeleton. This needs to fixed before an animation can be set
[2025.09.29-16.57.10:938][948]LogAnimation: Warning: SkeletalMesh Jump has no skeleton. This needs to fixed before an animation can be set
[2025.09.29-16.57.10:958][950]LogAnimation: Warning: SkeletalMesh Jump has no skeleton. This needs to fixed before an animation can be set
[2025.09.29-16.57.10:973][952]LogAnimation: Warning: SkeletalMesh Jump has no skeleton. This needs to fixed before an animation can be set
[2025.09.29-16.57.10:990][954]LogAnimation: Warning: SkeletalMesh Jump has no skeleton. This needs to fixed before an animation can be set
[2025.09.29-16.57.11:007][956]LogAnimation: Warning: SkeletalMesh Jump has no skeleton. This needs to fixed before an animation can be set
[2025.09.29-16.57.11:023][958]LogAnimation: Warning: SkeletalMesh Jump has no skeleton. This needs to fixed before an animation can be set
[2025.09.29-16.57.11:040][960]LogAnimation: Warning: SkeletalMesh Jump has no skeleton. This needs to fixed before an animation can be set
[2025.09.29-16.57.11:056][962]LogAnimation: Warning: SkeletalMesh Jump has no skeleton. This needs to fixed before an animation can be set
[2025.09.29-16.57.11:165][975]LogAnimation: Warning: SkeletalMesh Jump has no skeleton. This needs to fixed before an animation can be set
[2025.09.29-16.57.11:182][977]LogAnimation: Warning: SkeletalMesh Jump has no skeleton. This needs to fixed before an animation can be set
[2025.09.29-16.57.11:198][979]LogAnimation: Warning: SkeletalMesh Jump has no skeleton. This needs to fixed before an animation can be set
[2025.09.29-16.57.11:215][981]LogAnimation: Warning: SkeletalMesh Jump has no skeleton. This needs to fixed before an animation can be set
[2025.09.29-16.57.11:231][983]LogAnimation: Warning: SkeletalMesh Jump has no skeleton. This needs to fixed before an animation can be set
[2025.09.29-16.57.11:248][984]LogAssetEditorManager: Opening Asset editor for AnimSequence /Game/Mannequin/Jump_Anim.Jump_Anim
[2025.09.29-16.57.12:273][984]LogSlate: Window 'Message' being destroyed
[2025.09.29-16.57.12:327][984]LogContentBrowser: Verbose: The majority of assets in the view are of type: Skeleton
[2025.09.29-16.57.14:605][254]LogSlate: FSceneViewport::OnFocusLost() reason 0
[2025.09.29-16.57.16:390][468]LogAnimationCompression: Building Anim DDC data for AnimSequence /Game/Mannequin/Jump_Anim.Jump_Anim
[2025.09.29-16.57.16:390][468]LogAnimationCompression: Recompressing (AnimSequence /Game/Mannequin/Jump_Anim.Jump_Anim) using current/default (AnimCompress_BitwiseCompressOnly_0) bFirstRecompressUsingCurrentOrDefault(1) bTryAlternateCompressor(0) IsCompressedDataValid(0)
[2025.09.29-16.57.16:405][468]LogAssetEditorManager: Opening Asset editor for AnimSequence /Game/Mannequin/Jump_Anim.Jump_Anim
[2025.09.29-16.57.16:420][468]LogActorComponent: RegisterComponentWithWorld: (/Engine/Transient.World_25:PersistentLevel.AnimationEditorPreviewActor_0.DebugSkelMeshComponent_0) Already registered. Aborting.
[2025.09.29-16.57.16:434][468]LogSkeletalMesh: USkeletalMeshComponent::InitArticulated : Bodies already created (/Engine/Transient.World_25:PersistentLevel.AnimationEditorPreviewActor_0.DebugSkelMeshComponent_0) - call TermArticulated first.
[2025.09.29-16.57.16:533][468]LogSlate: Window 'Select Skeleton' being destroyed
[2025.09.29-16.57.16:535][468]LogWorld: UWorld::CleanupWorld for World_24, bSessionEnded=true, bCleanupResources=true
[2025.09.29-16.57.16:540][468]LogWorld: UWorld::CleanupWorld for World_23, bSessionEnded=true, bCleanupResources=true
[2025.09.29-16.57.16:587][468]LogContentBrowser: Verbose: The majority of assets in the view are of type: AnimSequence
[2025.09.29-16.57.16:592][469]LogAnimation: Warning: SkeletalMesh Jump has no skeleton. This needs to fixed before an animation can be set
[2025.09.29-16.57.16:593][469]LogAnimation: Warning: SkeletalMesh Jump has no skeleton. This needs to fixed before an animation can be set
[2025.09.29-16.57.18:962][745]LogSlate: FSceneViewport::OnFocusLost() reason 5
[2025.09.29-16.57.18:972][745]Cmd: OBJ SAVEPACKAGE PACKAGE="/Game/Mannequin/Jump_Anim" FILE="E:/GameJamHGGUnreal4.23.1/GameJamCrew/Content/Mannequin/Jump_Anim.uasset" SILENT=true
[2025.09.29-16.57.18:979][745]LogSavePackage: Moving 'E:/GameJamHGGUnreal4.23.1/GameJamCrew/Saved/Jump_Anim19EEB2BB4CDBF9DEDEB9F79076DFF389.tmp' to 'E:/GameJamHGGUnreal4.23.1/GameJamCrew/Content/Mannequin/Jump_Anim.uasset'
[2025.09.29-16.57.22:136][118]LogSlate: FSceneViewport::OnFocusLost() reason 0
[2025.09.29-16.57.22:862][205]LogSlate: Window 'Jump_Anim' being destroyed
[2025.09.29-16.57.22:867][205]LogWorld: UWorld::CleanupWorld for World_25, bSessionEnded=true, bCleanupResources=true
[2025.09.29-16.57.22:880][205]LogWorld: UWorld::CleanupWorld for World_27, bSessionEnded=true, bCleanupResources=true
[2025.09.29-16.57.22:930][205]LogWorld: UWorld::CleanupWorld for World_26, bSessionEnded=true, bCleanupResources=true
[2025.09.29-16.57.23:250][242]LogAnimation: Warning: SkeletalMesh Jump has no skeleton. This needs to fixed before an animation can be set
[2025.09.29-16.57.23:267][244]LogAnimation: Warning: SkeletalMesh Jump has no skeleton. This needs to fixed before an animation can be set
[2025.09.29-16.57.23:286][246]LogAnimation: Warning: SkeletalMesh Jump has no skeleton. This needs to fixed before an animation can be set
[2025.09.29-16.57.23:304][248]LogAnimation: Warning: SkeletalMesh Jump has no skeleton. This needs to fixed before an animation can be set
[2025.09.29-16.57.23:320][250]LogAnimation: Warning: SkeletalMesh Jump has no skeleton. This needs to fixed before an animation can be set
[2025.09.29-16.57.23:337][252]LogAnimation: Warning: SkeletalMesh Jump has no skeleton. This needs to fixed before an animation can be set
[2025.09.29-16.57.23:355][254]LogAnimation: Warning: SkeletalMesh Jump has no skeleton. This needs to fixed before an animation can be set
[2025.09.29-16.57.23:371][256]LogAnimation: Warning: SkeletalMesh Jump has no skeleton. This needs to fixed before an animation can be set
[2025.09.29-16.57.23:387][258]LogAnimation: Warning: SkeletalMesh Jump has no skeleton. This needs to fixed before an animation can be set
[2025.09.29-16.57.23:406][260]LogAnimation: Warning: SkeletalMesh Jump has no skeleton. This needs to fixed before an animation can be set
[2025.09.29-16.57.23:423][262]LogAnimation: Warning: SkeletalMesh Jump has no skeleton. This needs to fixed before an animation can be set
[2025.09.29-16.57.23:438][264]LogAnimation: Warning: SkeletalMesh Jump has no skeleton. This needs to fixed before an animation can be set
[2025.09.29-16.57.23:456][266]LogAnimation: Warning: SkeletalMesh Jump has no skeleton. This needs to fixed before an animation can be set
[2025.09.29-16.57.23:473][268]LogAnimation: Warning: SkeletalMesh Jump has no skeleton. This needs to fixed before an animation can be set
[2025.09.29-16.57.23:488][270]LogAnimation: Warning: SkeletalMesh Jump has no skeleton. This needs to fixed before an animation can be set
[2025.09.29-16.57.23:506][272]LogAnimation: Warning: SkeletalMesh Jump has no skeleton. This needs to fixed before an animation can be set
[2025.09.29-16.57.23:597][283]LogAnimation: Warning: SkeletalMesh Jump has no skeleton. This needs to fixed before an animation can be set
[2025.09.29-16.57.23:614][285]LogAnimation: Warning: SkeletalMesh Jump has no skeleton. This needs to fixed before an animation can be set
[2025.09.29-16.57.23:631][287]LogAnimation: Warning: SkeletalMesh Jump has no skeleton. This needs to fixed before an animation can be set
[2025.09.29-16.57.23:647][289]LogAnimation: Warning: SkeletalMesh Jump has no skeleton. This needs to fixed before an animation can be set
[2025.09.29-16.57.23:664][291]LogAnimation: Warning: SkeletalMesh Jump has no skeleton. This needs to fixed before an animation can be set
[2025.09.29-16.57.23:680][293]LogAnimation: Warning: SkeletalMesh Jump has no skeleton. This needs to fixed before an animation can be set
[2025.09.29-16.57.23:697][295]LogAnimation: Warning: SkeletalMesh Jump has no skeleton. This needs to fixed before an animation can be set
[2025.09.29-16.57.23:714][297]LogAnimation: Warning: SkeletalMesh Jump has no skeleton. This needs to fixed before an animation can be set
[2025.09.29-16.57.23:731][299]LogAnimation: Warning: SkeletalMesh Jump has no skeleton. This needs to fixed before an animation can be set
[2025.09.29-16.57.23:747][301]LogAnimation: Warning: SkeletalMesh Jump has no skeleton. This needs to fixed before an animation can be set
[2025.09.29-16.57.23:764][303]LogAnimation: Warning: SkeletalMesh Jump has no skeleton. This needs to fixed before an animation can be set
[2025.09.29-16.57.23:781][305]LogAnimation: Warning: SkeletalMesh Jump has no skeleton. This needs to fixed before an animation can be set
[2025.09.29-16.57.23:797][307]LogAnimation: Warning: SkeletalMesh Jump has no skeleton. This needs to fixed before an animation can be set
[2025.09.29-16.57.23:814][309]Cmd: TRANSACTION UNDO
[2025.09.29-16.57.23:814][309]LogEditorTransaction: Undo Edit Import Mesh
[2025.09.29-16.57.23:818][309]LogAnimation: Warning: SkeletalMesh Jump has no skeleton. This needs to fixed before an animation can be set
[2025.09.29-16.57.23:832][311]LogAnimation: Warning: SkeletalMesh Jump has no skeleton. This needs to fixed before an animation can be set
[2025.09.29-16.57.23:848][313]LogAnimation: Warning: SkeletalMesh Jump has no skeleton. This needs to fixed before an animation can be set
[2025.09.29-16.57.23:865][315]LogAnimation: Warning: SkeletalMesh Jump has no skeleton. This needs to fixed before an animation can be set
[2025.09.29-16.57.23:882][317]LogAnimation: Warning: SkeletalMesh Jump has no skeleton. This needs to fixed before an animation can be set
[2025.09.29-16.57.23:898][319]LogAnimation: Warning: SkeletalMesh Jump has no skeleton. This needs to fixed before an animation can be set
[2025.09.29-16.57.23:915][321]LogAnimation: Warning: SkeletalMesh Jump has no skeleton. This needs to fixed before an animation can be set
[2025.09.29-16.57.23:931][323]LogAnimation: Warning: SkeletalMesh Jump has no skeleton. This needs to fixed before an animation can be set
[2025.09.29-16.57.23:948][325]LogAnimation: Warning: SkeletalMesh Jump has no skeleton. This needs to fixed before an animation can be set
[2025.09.29-16.57.23:965][327]LogAnimation: Warning: SkeletalMesh Jump has no skeleton. This needs to fixed before an animation can be set
[2025.09.29-16.57.23:981][329]LogAnimation: Warning: SkeletalMesh Jump has no skeleton. This needs to fixed before an animation can be set
[2025.09.29-16.57.23:999][331]LogAnimation: Warning: SkeletalMesh Jump has no skeleton. This needs to fixed before an animation can be set
[2025.09.29-16.57.24:015][333]LogAnimation: Warning: SkeletalMesh Jump has no skeleton. This needs to fixed before an animation can be set
[2025.09.29-16.57.24:023][334]Cmd: TRANSACTION UNDO
[2025.09.29-16.57.24:023][334]LogEditorTransaction: Undo Edit Import Mesh
[2025.09.29-16.57.24:032][335]LogAnimation: Warning: SkeletalMesh Jump has no skeleton. This needs to fixed before an animation can be set
[2025.09.29-16.57.24:049][337]LogAnimation: Warning: SkeletalMesh Jump has no skeleton. This needs to fixed before an animation can be set
[2025.09.29-16.57.24:065][339]LogAnimation: Warning: SkeletalMesh Jump has no skeleton. This needs to fixed before an animation can be set
[2025.09.29-16.57.24:082][341]LogAnimation: Warning: SkeletalMesh Jump has no skeleton. This needs to fixed before an animation can be set
[2025.09.29-16.57.24:098][343]LogAnimation: Warning: SkeletalMesh Jump has no skeleton. This needs to fixed before an animation can be set
[2025.09.29-16.57.24:115][345]LogAnimation: Warning: SkeletalMesh Jump has no skeleton. This needs to fixed before an animation can be set
[2025.09.29-16.57.24:132][347]LogAnimation: Warning: SkeletalMesh Jump has no skeleton. This needs to fixed before an animation can be set
[2025.09.29-16.57.24:148][349]LogAnimation: Warning: SkeletalMesh Jump has no skeleton. This needs to fixed before an animation can be set
[2025.09.29-16.57.24:165][351]LogAnimation: Warning: SkeletalMesh Jump has no skeleton. This needs to fixed before an animation can be set
[2025.09.29-16.57.24:182][353]LogAnimation: Warning: SkeletalMesh Jump has no skeleton. This needs to fixed before an animation can be set
[2025.09.29-16.57.24:198][355]LogAnimation: Warning: SkeletalMesh Jump has no skeleton. This needs to fixed before an animation can be set
[2025.09.29-16.57.24:215][357]LogAnimation: Warning: SkeletalMesh Jump has no skeleton. This needs to fixed before an animation can be set
[2025.09.29-16.57.24:232][359]LogAnimation: Warning: SkeletalMesh Jump has no skeleton. This needs to fixed before an animation can be set
[2025.09.29-16.57.24:248][361]LogAnimation: Warning: SkeletalMesh Jump has no skeleton. This needs to fixed before an animation can be set
[2025.09.29-16.57.24:265][363]LogAnimation: Warning: SkeletalMesh Jump has no skeleton. This needs to fixed before an animation can be set
[2025.09.29-16.57.24:282][365]LogAnimation: Warning: SkeletalMesh Jump has no skeleton. This needs to fixed before an animation can be set
[2025.09.29-16.57.24:298][367]LogAnimation: Warning: SkeletalMesh Jump has no skeleton. This needs to fixed before an animation can be set
[2025.09.29-16.57.24:316][369]LogAnimation: Warning: SkeletalMesh Jump has no skeleton. This needs to fixed before an animation can be set
[2025.09.29-16.57.24:332][371]LogAnimation: Warning: SkeletalMesh Jump has no skeleton. This needs to fixed before an animation can be set
[2025.09.29-16.57.24:348][373]LogAnimation: Warning: SkeletalMesh Jump has no skeleton. This needs to fixed before an animation can be set
[2025.09.29-16.57.24:366][375]LogAnimation: Warning: SkeletalMesh Jump has no skeleton. This needs to fixed before an animation can be set
[2025.09.29-16.57.24:383][377]LogAnimation: Warning: SkeletalMesh Jump has no skeleton. This needs to fixed before an animation can be set
[2025.09.29-16.57.24:399][379]LogAnimation: Warning: SkeletalMesh Jump has no skeleton. This needs to fixed before an animation can be set
[2025.09.29-16.57.24:415][381]LogAnimation: Warning: SkeletalMesh Jump has no skeleton. This needs to fixed before an animation can be set
[2025.09.29-16.57.24:432][383]LogAnimation: Warning: SkeletalMesh Jump has no skeleton. This needs to fixed before an animation can be set
[2025.09.29-16.57.24:448][385]LogAnimation: Warning: SkeletalMesh Jump has no skeleton. This needs to fixed before an animation can be set
[2025.09.29-16.57.24:466][387]LogAnimation: Warning: SkeletalMesh Jump has no skeleton. This needs to fixed before an animation can be set
[2025.09.29-16.57.24:481][389]LogAnimation: Warning: SkeletalMesh Jump has no skeleton. This needs to fixed before an animation can be set
[2025.09.29-16.57.24:499][391]LogAnimation: Warning: SkeletalMesh Jump has no skeleton. This needs to fixed before an animation can be set
[2025.09.29-16.57.24:516][393]LogAnimation: Warning: SkeletalMesh Jump has no skeleton. This needs to fixed before an animation can be set
[2025.09.29-16.57.24:532][395]LogAnimation: Warning: SkeletalMesh Jump has no skeleton. This needs to fixed before an animation can be set
[2025.09.29-16.57.24:549][397]LogAnimation: Warning: SkeletalMesh Jump has no skeleton. This needs to fixed before an animation can be set
[2025.09.29-16.57.24:566][399]LogAnimation: Warning: SkeletalMesh Jump has no skeleton. This needs to fixed before an animation can be set
[2025.09.29-16.57.24:583][401]LogAnimation: Warning: SkeletalMesh Jump has no skeleton. This needs to fixed before an animation can be set
[2025.09.29-16.57.24:599][403]LogAnimation: Warning: SkeletalMesh Jump has no skeleton. This needs to fixed before an animation can be set
[2025.09.29-16.57.24:619][405]LogAnimation: Warning: SkeletalMesh Jump has no skeleton. This needs to fixed before an animation can be set
[2025.09.29-16.57.24:635][407]LogAnimation: Warning: SkeletalMesh Jump has no skeleton. This needs to fixed before an animation can be set
[2025.09.29-16.57.24:652][409]LogAnimation: Warning: SkeletalMesh Jump has no skeleton. This needs to fixed before an animation can be set
[2025.09.29-16.57.24:670][411]LogAnimation: Warning: SkeletalMesh Jump has no skeleton. This needs to fixed before an animation can be set
[2025.09.29-16.57.24:685][413]LogAnimation: Warning: SkeletalMesh Jump has no skeleton. This needs to fixed before an animation can be set
[2025.09.29-16.57.24:702][415]LogAnimation: Warning: SkeletalMesh Jump has no skeleton. This needs to fixed before an animation can be set
[2025.09.29-16.57.24:718][417]LogAnimation: Warning: SkeletalMesh Jump has no skeleton. This needs to fixed before an animation can be set
[2025.09.29-16.57.24:735][419]LogAnimation: Warning: SkeletalMesh Jump has no skeleton. This needs to fixed before an animation can be set
[2025.09.29-16.57.24:868][435]LogAnimation: Warning: SkeletalMesh Jump has no skeleton. This needs to fixed before an animation can be set
[2025.09.29-16.57.24:884][437]LogAnimation: Warning: SkeletalMesh Jump has no skeleton. This needs to fixed before an animation can be set
[2025.09.29-16.57.24:901][439]LogAnimation: Warning: SkeletalMesh Jump has no skeleton. This needs to fixed before an animation can be set
[2025.09.29-16.57.24:918][441]LogAnimation: Warning: SkeletalMesh Jump has no skeleton. This needs to fixed before an animation can be set
[2025.09.29-16.57.24:934][443]LogAnimation: Warning: SkeletalMesh Jump has no skeleton. This needs to fixed before an animation can be set
[2025.09.29-16.57.24:952][445]LogAnimation: Warning: SkeletalMesh Jump has no skeleton. This needs to fixed before an animation can be set
[2025.09.29-16.57.24:968][447]LogAnimation: Warning: SkeletalMesh Jump has no skeleton. This needs to fixed before an animation can be set
[2025.09.29-16.57.24:985][449]LogAnimation: Warning: SkeletalMesh Jump has no skeleton. This needs to fixed before an animation can be set
[2025.09.29-16.57.25:001][451]LogAnimation: Warning: SkeletalMesh Jump has no skeleton. This needs to fixed before an animation can be set
[2025.09.29-16.57.25:018][453]LogAnimation: Warning: SkeletalMesh Jump has no skeleton. This needs to fixed before an animation can be set
[2025.09.29-16.57.25:035][455]LogAnimation: Warning: SkeletalMesh Jump has no skeleton. This needs to fixed before an animation can be set
[2025.09.29-16.57.25:052][457]LogAnimation: Warning: SkeletalMesh Jump has no skeleton. This needs to fixed before an animation can be set
[2025.09.29-16.57.25:068][459]LogAnimation: Warning: SkeletalMesh Jump has no skeleton. This needs to fixed before an animation can be set
[2025.09.29-16.57.25:084][461]LogAnimation: Warning: SkeletalMesh Jump has no skeleton. This needs to fixed before an animation can be set
[2025.09.29-16.57.25:102][463]LogAnimation: Warning: SkeletalMesh Jump has no skeleton. This needs to fixed before an animation can be set
[2025.09.29-16.57.25:119][465]LogAnimation: Warning: SkeletalMesh Jump has no skeleton. This needs to fixed before an animation can be set
[2025.09.29-16.57.25:135][467]LogAnimation: Warning: SkeletalMesh Jump has no skeleton. This needs to fixed before an animation can be set
[2025.09.29-16.57.25:152][469]LogAnimation: Warning: SkeletalMesh Jump has no skeleton. This needs to fixed before an animation can be set
[2025.09.29-16.57.25:168][471]LogAnimation: Warning: SkeletalMesh Jump has no skeleton. This needs to fixed before an animation can be set
[2025.09.29-16.57.25:185][473]LogAnimation: Warning: SkeletalMesh Jump has no skeleton. This needs to fixed before an animation can be set
[2025.09.29-16.57.25:337][490]LogAnimation: Warning: SkeletalMesh Jump has no skeleton. This needs to fixed before an animation can be set
[2025.09.29-16.57.25:350][492]LogAnimation: Warning: SkeletalMesh Jump has no skeleton. This needs to fixed before an animation can be set
[2025.09.29-16.57.25:366][494]LogAnimation: Warning: SkeletalMesh Jump has no skeleton. This needs to fixed before an animation can be set
[2025.09.29-16.57.25:382][496]LogAnimation: Warning: SkeletalMesh Jump has no skeleton. This needs to fixed before an animation can be set
[2025.09.29-16.57.25:399][498]LogAnimation: Warning: SkeletalMesh Jump has no skeleton. This needs to fixed before an animation can be set
[2025.09.29-16.57.25:417][500]LogAnimation: Warning: SkeletalMesh Jump has no skeleton. This needs to fixed before an animation can be set
[2025.09.29-16.57.25:433][502]LogAnimation: Warning: SkeletalMesh Jump has no skeleton. This needs to fixed before an animation can be set
[2025.09.29-16.57.25:450][504]LogAnimation: Warning: SkeletalMesh Jump has no skeleton. This needs to fixed before an animation can be set
[2025.09.29-16.57.25:467][506]LogAnimation: Warning: SkeletalMesh Jump has no skeleton. This needs to fixed before an animation can be set
[2025.09.29-16.57.25:483][508]LogAnimation: Warning: SkeletalMesh Jump has no skeleton. This needs to fixed before an animation can be set
[2025.09.29-16.57.28:150][826]LogAnimation: Warning: SkeletalMesh Jump has no skeleton. This needs to fixed before an animation can be set
[2025.09.29-16.57.28:163][828]LogAnimation: Warning: SkeletalMesh Jump has no skeleton. This needs to fixed before an animation can be set
[2025.09.29-16.57.28:180][830]LogAnimation: Warning: SkeletalMesh Jump has no skeleton. This needs to fixed before an animation can be set
[2025.09.29-16.57.28:197][832]LogAnimation: Warning: SkeletalMesh Jump has no skeleton. This needs to fixed before an animation can be set
[2025.09.29-16.57.28:214][834]LogAnimation: Warning: SkeletalMesh Jump has no skeleton. This needs to fixed before an animation can be set
[2025.09.29-16.57.28:230][836]LogAnimation: Warning: SkeletalMesh Jump has no skeleton. This needs to fixed before an animation can be set
[2025.09.29-16.57.28:250][838]LogAnimation: Warning: SkeletalMesh Jump has no skeleton. This needs to fixed before an animation can be set
[2025.09.29-16.57.28:265][840]LogAnimation: Warning: SkeletalMesh Jump has no skeleton. This needs to fixed before an animation can be set
[2025.09.29-16.57.28:282][842]LogAnimation: Warning: SkeletalMesh Jump has no skeleton. This needs to fixed before an animation can be set
[2025.09.29-16.57.28:298][844]LogAnimation: Warning: SkeletalMesh Jump has no skeleton. This needs to fixed before an animation can be set
[2025.09.29-16.57.28:315][846]LogAnimation: Warning: SkeletalMesh Jump has no skeleton. This needs to fixed before an animation can be set
[2025.09.29-16.57.28:331][848]LogAnimation: Warning: SkeletalMesh Jump has no skeleton. This needs to fixed before an animation can be set
[2025.09.29-16.57.28:348][850]LogAnimation: Warning: SkeletalMesh Jump has no skeleton. This needs to fixed before an animation can be set
[2025.09.29-16.57.28:365][852]LogAnimation: Warning: SkeletalMesh Jump has no skeleton. This needs to fixed before an animation can be set
[2025.09.29-16.57.28:381][854]LogAnimation: Warning: SkeletalMesh Jump has no skeleton. This needs to fixed before an animation can be set
[2025.09.29-16.57.28:398][856]LogAnimation: Warning: SkeletalMesh Jump has no skeleton. This needs to fixed before an animation can be set
[2025.09.29-16.57.28:415][858]LogAnimation: Warning: SkeletalMesh Jump has no skeleton. This needs to fixed before an animation can be set
[2025.09.29-16.57.28:432][860]LogAnimation: Warning: SkeletalMesh Jump has no skeleton. This needs to fixed before an animation can be set
[2025.09.29-16.57.28:448][862]LogAnimation: Warning: SkeletalMesh Jump has no skeleton. This needs to fixed before an animation can be set
[2025.09.29-16.57.28:465][864]LogAnimation: Warning: SkeletalMesh Jump has no skeleton. This needs to fixed before an animation can be set
[2025.09.29-16.57.28:481][866]LogAnimation: Warning: SkeletalMesh Jump has no skeleton. This needs to fixed before an animation can be set
[2025.09.29-16.57.28:498][868]LogAnimation: Warning: SkeletalMesh Jump has no skeleton. This needs to fixed before an animation can be set
[2025.09.29-16.57.28:515][870]LogAnimation: Warning: SkeletalMesh Jump has no skeleton. This needs to fixed before an animation can be set
[2025.09.29-16.57.28:531][872]LogAnimation: Warning: SkeletalMesh Jump has no skeleton. This needs to fixed before an animation can be set
[2025.09.29-16.57.28:649][886]LogAnimation: Warning: SkeletalMesh Jump has no skeleton. This needs to fixed before an animation can be set
[2025.09.29-16.57.28:664][888]LogAnimation: Warning: SkeletalMesh Jump has no skeleton. This needs to fixed before an animation can be set
[2025.09.29-16.57.28:681][890]LogAnimation: Warning: SkeletalMesh Jump has no skeleton. This needs to fixed before an animation can be set
[2025.09.29-16.57.28:707][892]LogAssetEditorManager: Opening Asset editor for AnimSequence /Game/Mannequin/Jump_Anim.Jump_Anim
[2025.09.29-16.57.28:712][892]LogActorComponent: RegisterComponentWithWorld: (/Engine/Transient.World_28:PersistentLevel.AnimationEditorPreviewActor_0.DebugSkelMeshComponent_0) Already registered. Aborting.
[2025.09.29-16.57.28:728][892]LogSkeletalMesh: USkeletalMeshComponent::InitArticulated : Bodies already created (/Engine/Transient.World_28:PersistentLevel.AnimationEditorPreviewActor_0.DebugSkelMeshComponent_0) - call TermArticulated first.
[2025.09.29-16.57.28:854][892]LogContentBrowser: Verbose: The majority of assets in the view are of type: AnimSequence
[2025.09.29-16.57.28:858][893]LogAnimation: Warning: SkeletalMesh Jump has no skeleton. This needs to fixed before an animation can be set
[2025.09.29-16.57.28:858][893]LogAnimation: Warning: SkeletalMesh Jump has no skeleton. This needs to fixed before an animation can be set
[2025.09.29-16.57.32:999][381]LogSlate: Window 'Jump_Anim' being destroyed
[2025.09.29-16.57.33:003][381]LogWorld: UWorld::CleanupWorld for World_28, bSessionEnded=true, bCleanupResources=true
[2025.09.29-16.57.33:018][381]LogWorld: UWorld::CleanupWorld for World_30, bSessionEnded=true, bCleanupResources=true
[2025.09.29-16.57.33:062][381]LogWorld: UWorld::CleanupWorld for World_29, bSessionEnded=true, bCleanupResources=true
[2025.09.29-16.57.33:350][415]LogAnimation: Warning: SkeletalMesh Jump has no skeleton. This needs to fixed before an animation can be set
[2025.09.29-16.57.33:369][417]LogAnimation: Warning: SkeletalMesh Jump has no skeleton. This needs to fixed before an animation can be set
[2025.09.29-16.57.33:385][419]LogAnimation: Warning: SkeletalMesh Jump has no skeleton. This needs to fixed before an animation can be set
[2025.09.29-16.57.33:401][421]LogAnimation: Warning: SkeletalMesh Jump has no skeleton. This needs to fixed before an animation can be set
[2025.09.29-16.57.33:421][423]LogAnimation: Warning: SkeletalMesh Jump has no skeleton. This needs to fixed before an animation can be set
[2025.09.29-16.57.33:435][425]LogAnimation: Warning: SkeletalMesh Jump has no skeleton. This needs to fixed before an animation can be set
[2025.09.29-16.57.33:451][427]LogAnimation: Warning: SkeletalMesh Jump has no skeleton. This needs to fixed before an animation can be set
[2025.09.29-16.57.33:468][429]LogAnimation: Warning: SkeletalMesh Jump has no skeleton. This needs to fixed before an animation can be set
[2025.09.29-16.57.33:483][431]LogAnimation: Warning: SkeletalMesh Jump has no skeleton. This needs to fixed before an animation can be set
[2025.09.29-16.57.33:501][433]LogAnimation: Warning: SkeletalMesh Jump has no skeleton. This needs to fixed before an animation can be set
[2025.09.29-16.57.33:520][435]LogAnimation: Warning: SkeletalMesh Jump has no skeleton. This needs to fixed before an animation can be set
[2025.09.29-16.57.33:535][437]LogAnimation: Warning: SkeletalMesh Jump has no skeleton. This needs to fixed before an animation can be set
[2025.09.29-16.57.33:551][439]LogAnimation: Warning: SkeletalMesh Jump has no skeleton. This needs to fixed before an animation can be set
[2025.09.29-16.57.33:569][441]LogAnimation: Warning: SkeletalMesh Jump has no skeleton. This needs to fixed before an animation can be set
[2025.09.29-16.57.33:587][443]LogAnimation: Warning: SkeletalMesh Jump has no skeleton. This needs to fixed before an animation can be set
[2025.09.29-16.57.33:601][445]LogAnimation: Warning: SkeletalMesh Jump has no skeleton. This needs to fixed before an animation can be set
[2025.09.29-16.57.33:618][447]LogAnimation: Warning: SkeletalMesh Jump has no skeleton. This needs to fixed before an animation can be set
[2025.09.29-16.57.33:634][449]LogAnimation: Warning: SkeletalMesh Jump has no skeleton. This needs to fixed before an animation can be set
[2025.09.29-16.57.33:651][451]LogAnimation: Warning: SkeletalMesh Jump has no skeleton. This needs to fixed before an animation can be set
[2025.09.29-16.57.33:668][453]LogAnimation: Warning: SkeletalMesh Jump has no skeleton. This needs to fixed before an animation can be set
[2025.09.29-16.57.33:684][455]LogAnimation: Warning: SkeletalMesh Jump has no skeleton. This needs to fixed before an animation can be set
[2025.09.29-16.57.33:701][457]LogAnimation: Warning: SkeletalMesh Jump has no skeleton. This needs to fixed before an animation can be set
[2025.09.29-16.57.33:717][459]LogAnimation: Warning: SkeletalMesh Jump has no skeleton. This needs to fixed before an animation can be set
[2025.09.29-16.57.33:734][461]LogAnimation: Warning: SkeletalMesh Jump has no skeleton. This needs to fixed before an animation can be set
[2025.09.29-16.57.33:750][463]LogAnimation: Warning: SkeletalMesh Jump has no skeleton. This needs to fixed before an animation can be set
[2025.09.29-16.57.33:768][465]LogAnimation: Warning: SkeletalMesh Jump has no skeleton. This needs to fixed before an animation can be set
[2025.09.29-16.57.33:784][467]LogAnimation: Warning: SkeletalMesh Jump has no skeleton. This needs to fixed before an animation can be set
[2025.09.29-16.57.33:801][469]LogAnimation: Warning: SkeletalMesh Jump has no skeleton. This needs to fixed before an animation can be set
[2025.09.29-16.57.33:817][471]LogAnimation: Warning: SkeletalMesh Jump has no skeleton. This needs to fixed before an animation can be set
[2025.09.29-16.57.33:834][473]LogAnimation: Warning: SkeletalMesh Jump has no skeleton. This needs to fixed before an animation can be set
[2025.09.29-16.57.33:850][475]LogAnimation: Warning: SkeletalMesh Jump has no skeleton. This needs to fixed before an animation can be set
[2025.09.29-16.57.33:867][477]LogAnimation: Warning: SkeletalMesh Jump has no skeleton. This needs to fixed before an animation can be set
[2025.09.29-16.57.33:884][479]LogAnimation: Warning: SkeletalMesh Jump has no skeleton. This needs to fixed before an animation can be set
[2025.09.29-16.57.33:900][481]LogAnimation: Warning: SkeletalMesh Jump has no skeleton. This needs to fixed before an animation can be set
[2025.09.29-16.57.33:917][483]LogAnimation: Warning: SkeletalMesh Jump has no skeleton. This needs to fixed before an animation can be set
[2025.09.29-16.57.33:934][485]LogAnimation: Warning: SkeletalMesh Jump has no skeleton. This needs to fixed before an animation can be set
[2025.09.29-16.57.33:950][487]LogAnimation: Warning: SkeletalMesh Jump has no skeleton. This needs to fixed before an animation can be set
[2025.09.29-16.57.33:967][489]LogAnimation: Warning: SkeletalMesh Jump has no skeleton. This needs to fixed before an animation can be set
[2025.09.29-16.57.33:984][491]LogAnimation: Warning: SkeletalMesh Jump has no skeleton. This needs to fixed before an animation can be set
[2025.09.29-16.57.34:000][493]LogAnimation: Warning: SkeletalMesh Jump has no skeleton. This needs to fixed before an animation can be set
[2025.09.29-16.57.34:018][495]LogAnimation: Warning: SkeletalMesh Jump has no skeleton. This needs to fixed before an animation can be set
[2025.09.29-16.57.34:034][497]LogAnimation: Warning: SkeletalMesh Jump has no skeleton. This needs to fixed before an animation can be set
[2025.09.29-16.57.34:050][499]LogAnimation: Warning: SkeletalMesh Jump has no skeleton. This needs to fixed before an animation can be set
[2025.09.29-16.57.34:068][501]LogAnimation: Warning: SkeletalMesh Jump has no skeleton. This needs to fixed before an animation can be set
[2025.09.29-16.57.34:084][503]LogAnimation: Warning: SkeletalMesh Jump has no skeleton. This needs to fixed before an animation can be set
[2025.09.29-16.57.34:100][505]LogAnimation: Warning: SkeletalMesh Jump has no skeleton. This needs to fixed before an animation can be set
[2025.09.29-16.57.34:117][507]LogAnimation: Warning: SkeletalMesh Jump has no skeleton. This needs to fixed before an animation can be set
[2025.09.29-16.57.34:135][509]LogAnimation: Warning: SkeletalMesh Jump has no skeleton. This needs to fixed before an animation can be set
[2025.09.29-16.57.34:150][511]LogAnimation: Warning: SkeletalMesh Jump has no skeleton. This needs to fixed before an animation can be set
[2025.09.29-16.57.34:167][513]LogAnimation: Warning: SkeletalMesh Jump has no skeleton. This needs to fixed before an animation can be set
[2025.09.29-16.57.34:184][515]LogAnimation: Warning: SkeletalMesh Jump has no skeleton. This needs to fixed before an animation can be set
[2025.09.29-16.57.34:201][517]LogAnimation: Warning: SkeletalMesh Jump has no skeleton. This needs to fixed before an animation can be set
[2025.09.29-16.57.34:221][519]LogAnimation: Warning: SkeletalMesh Jump has no skeleton. This needs to fixed before an animation can be set
[2025.09.29-16.57.34:234][521]LogAnimation: Warning: SkeletalMesh Jump has no skeleton. This needs to fixed before an animation can be set
[2025.09.29-16.57.34:252][523]LogAnimation: Warning: SkeletalMesh Jump has no skeleton. This needs to fixed before an animation can be set
[2025.09.29-16.57.34:267][525]LogAnimation: Warning: SkeletalMesh Jump has no skeleton. This needs to fixed before an animation can be set
[2025.09.29-16.57.34:284][527]LogAnimation: Warning: SkeletalMesh Jump has no skeleton. This needs to fixed before an animation can be set
[2025.09.29-16.57.34:301][529]LogAnimation: Warning: SkeletalMesh Jump has no skeleton. This needs to fixed before an animation can be set
[2025.09.29-16.57.34:417][543]LogAnimation: Warning: SkeletalMesh Jump has no skeleton. This needs to fixed before an animation can be set
[2025.09.29-16.57.34:434][545]LogAnimation: Warning: SkeletalMesh Jump has no skeleton. This needs to fixed before an animation can be set
[2025.09.29-16.57.34:451][547]LogAnimation: Warning: SkeletalMesh Jump has no skeleton. This needs to fixed before an animation can be set
[2025.09.29-16.57.38:794][ 67]LogAnimation: Warning: SkeletalMesh Jump has no skeleton. This needs to fixed before an animation can be set
[2025.09.29-16.57.38:794][ 67]LogAnimation: Warning: SkeletalMesh Jump has no skeleton. This needs to fixed before an animation can be set
[2025.09.29-16.57.38:801][ 68]LogAnimation: Warning: SkeletalMesh Jump has no skeleton. This needs to fixed before an animation can be set
[2025.09.29-16.57.38:817][ 70]LogAnimation: Warning: SkeletalMesh Jump has no skeleton. This needs to fixed before an animation can be set
[2025.09.29-16.57.38:835][ 72]LogAnimation: Warning: SkeletalMesh Jump has no skeleton. This needs to fixed before an animation can be set
[2025.09.29-16.57.38:851][ 74]LogAnimation: Warning: SkeletalMesh Jump has no skeleton. This needs to fixed before an animation can be set
[2025.09.29-16.57.38:868][ 76]LogAnimation: Warning: SkeletalMesh Jump has no skeleton. This needs to fixed before an animation can be set
[2025.09.29-16.57.38:885][ 78]LogAnimation: Warning: SkeletalMesh Jump has no skeleton. This needs to fixed before an animation can be set
[2025.09.29-16.57.38:901][ 80]LogAnimation: Warning: SkeletalMesh Jump has no skeleton. This needs to fixed before an animation can be set
[2025.09.29-16.57.38:918][ 82]LogAnimation: Warning: SkeletalMesh Jump has no skeleton. This needs to fixed before an animation can be set
[2025.09.29-16.57.38:935][ 84]LogAnimation: Warning: SkeletalMesh Jump has no skeleton. This needs to fixed before an animation can be set
[2025.09.29-16.57.38:951][ 86]LogAnimation: Warning: SkeletalMesh Jump has no skeleton. This needs to fixed before an animation can be set
[2025.09.29-16.57.38:968][ 88]LogAnimation: Warning: SkeletalMesh Jump has no skeleton. This needs to fixed before an animation can be set
[2025.09.29-16.57.38:987][ 90]LogAnimation: Warning: SkeletalMesh Jump has no skeleton. This needs to fixed before an animation can be set
[2025.09.29-16.57.39:006][ 92]LogAnimation: Warning: SkeletalMesh Jump has no skeleton. This needs to fixed before an animation can be set
[2025.09.29-16.57.39:021][ 94]LogAnimation: Warning: SkeletalMesh Jump has no skeleton. This needs to fixed before an animation can be set
[2025.09.29-16.57.39:037][ 96]LogAnimation: Warning: SkeletalMesh Jump has no skeleton. This needs to fixed before an animation can be set
[2025.09.29-16.57.39:053][ 98]LogAnimation: Warning: SkeletalMesh Jump has no skeleton. This needs to fixed before an animation can be set
[2025.09.29-16.57.39:070][100]LogAnimation: Warning: SkeletalMesh Jump has no skeleton. This needs to fixed before an animation can be set
[2025.09.29-16.57.39:087][102]LogAnimation: Warning: SkeletalMesh Jump has no skeleton. This needs to fixed before an animation can be set
[2025.09.29-16.57.39:106][104]LogAnimation: Warning: SkeletalMesh Jump has no skeleton. This needs to fixed before an animation can be set
[2025.09.29-16.57.39:120][106]LogAnimation: Warning: SkeletalMesh Jump has no skeleton. This needs to fixed before an animation can be set
[2025.09.29-16.57.39:136][108]LogAnimation: Warning: SkeletalMesh Jump has no skeleton. This needs to fixed before an animation can be set
[2025.09.29-16.57.39:153][110]LogAnimation: Warning: SkeletalMesh Jump has no skeleton. This needs to fixed before an animation can be set
[2025.09.29-16.57.39:170][112]LogAnimation: Warning: SkeletalMesh Jump has no skeleton. This needs to fixed before an animation can be set
[2025.09.29-16.57.39:187][114]LogAnimation: Warning: SkeletalMesh Jump has no skeleton. This needs to fixed before an animation can be set
[2025.09.29-16.57.39:203][116]LogAnimation: Warning: SkeletalMesh Jump has no skeleton. This needs to fixed before an animation can be set
[2025.09.29-16.57.39:221][118]LogAnimation: Warning: SkeletalMesh Jump has no skeleton. This needs to fixed before an animation can be set
[2025.09.29-16.57.39:237][120]LogAnimation: Warning: SkeletalMesh Jump has no skeleton. This needs to fixed before an animation can be set
[2025.09.29-16.57.39:253][122]LogAnimation: Warning: SkeletalMesh Jump has no skeleton. This needs to fixed before an animation can be set
[2025.09.29-16.57.39:270][124]LogAnimation: Warning: SkeletalMesh Jump has no skeleton. This needs to fixed before an animation can be set
[2025.09.29-16.57.39:287][126]LogAnimation: Warning: SkeletalMesh Jump has no skeleton. This needs to fixed before an animation can be set
[2025.09.29-16.57.39:303][128]LogAnimation: Warning: SkeletalMesh Jump has no skeleton. This needs to fixed before an animation can be set
[2025.09.29-16.57.39:320][130]LogAnimation: Warning: SkeletalMesh Jump has no skeleton. This needs to fixed before an animation can be set
[2025.09.29-16.57.39:336][132]LogAnimation: Warning: SkeletalMesh Jump has no skeleton. This needs to fixed before an animation can be set
[2025.09.29-16.57.39:353][134]LogAnimation: Warning: SkeletalMesh Jump has no skeleton. This needs to fixed before an animation can be set
[2025.09.29-16.57.39:370][136]LogAnimation: Warning: SkeletalMesh Jump has no skeleton. This needs to fixed before an animation can be set
[2025.09.29-16.57.39:386][138]LogAnimation: Warning: SkeletalMesh Jump has no skeleton. This needs to fixed before an animation can be set
[2025.09.29-16.57.39:403][140]LogAnimation: Warning: SkeletalMesh Jump has no skeleton. This needs to fixed before an animation can be set
[2025.09.29-16.57.39:420][142]LogAnimation: Warning: SkeletalMesh Jump has no skeleton. This needs to fixed before an animation can be set
[2025.09.29-16.57.39:436][144]LogAnimation: Warning: SkeletalMesh Jump has no skeleton. This needs to fixed before an animation can be set
[2025.09.29-16.57.39:453][146]LogAnimation: Warning: SkeletalMesh Jump has no skeleton. This needs to fixed before an animation can be set
[2025.09.29-16.57.39:470][148]LogAnimation: Warning: SkeletalMesh Jump has no skeleton. This needs to fixed before an animation can be set
[2025.09.29-16.57.39:489][150]LogAnimation: Warning: SkeletalMesh Jump has no skeleton. This needs to fixed before an animation can be set
[2025.09.29-16.57.39:503][152]LogAnimation: Warning: SkeletalMesh Jump has no skeleton. This needs to fixed before an animation can be set
[2025.09.29-16.57.39:520][154]LogAnimation: Warning: SkeletalMesh Jump has no skeleton. This needs to fixed before an animation can be set
[2025.09.29-16.57.39:537][156]LogAnimation: Warning: SkeletalMesh Jump has no skeleton. This needs to fixed before an animation can be set
[2025.09.29-16.57.39:636][168]LogAnimation: Warning: SkeletalMesh Jump has no skeleton. This needs to fixed before an animation can be set
[2025.09.29-16.57.39:653][170]LogAnimation: Warning: SkeletalMesh Jump has no skeleton. This needs to fixed before an animation can be set
[2025.09.29-16.57.39:670][172]LogAnimation: Warning: SkeletalMesh Jump has no skeleton. This needs to fixed before an animation can be set
[2025.09.29-16.57.39:687][174]LogAnimation: Warning: SkeletalMesh Jump has no skeleton. This needs to fixed before an animation can be set
[2025.09.29-16.57.40:805][307]LogAnimation: Warning: SkeletalMesh Jump has no skeleton. This needs to fixed before an animation can be set
[2025.09.29-16.57.40:812][308]LogAnimation: Warning: SkeletalMesh Jump has no skeleton. This needs to fixed before an animation can be set
[2025.09.29-16.57.40:829][310]LogAnimation: Warning: SkeletalMesh Jump has no skeleton. This needs to fixed before an animation can be set
[2025.09.29-16.57.40:846][312]LogAnimation: Warning: SkeletalMesh Jump has no skeleton. This needs to fixed before an animation can be set
[2025.09.29-16.57.40:862][314]LogAnimation: Warning: SkeletalMesh Jump has no skeleton. This needs to fixed before an animation can be set
[2025.09.29-16.57.40:879][316]LogAnimation: Warning: SkeletalMesh Jump has no skeleton. This needs to fixed before an animation can be set
[2025.09.29-16.57.40:896][318]LogAnimation: Warning: SkeletalMesh Jump has no skeleton. This needs to fixed before an animation can be set
[2025.09.29-16.57.40:912][320]LogAnimation: Warning: SkeletalMesh Jump has no skeleton. This needs to fixed before an animation can be set
[2025.09.29-16.57.40:933][322]LogAnimation: Warning: SkeletalMesh Jump has no skeleton. This needs to fixed before an animation can be set
[2025.09.29-16.57.40:951][324]LogAnimation: Warning: SkeletalMesh Jump has no skeleton. This needs to fixed before an animation can be set
[2025.09.29-16.57.40:966][326]LogAnimation: Warning: SkeletalMesh Jump has no skeleton. This needs to fixed before an animation can be set
[2025.09.29-16.57.40:984][328]LogAnimation: Warning: SkeletalMesh Jump has no skeleton. This needs to fixed before an animation can be set
[2025.09.29-16.57.40:999][330]LogAnimation: Warning: SkeletalMesh Jump has no skeleton. This needs to fixed before an animation can be set
[2025.09.29-16.57.41:016][332]LogAnimation: Warning: SkeletalMesh Jump has no skeleton. This needs to fixed before an animation can be set
[2025.09.29-16.57.41:033][334]LogAnimation: Warning: SkeletalMesh Jump has no skeleton. This needs to fixed before an animation can be set
[2025.09.29-16.57.41:050][336]LogAnimation: Warning: SkeletalMesh Jump has no skeleton. This needs to fixed before an animation can be set
[2025.09.29-16.57.41:066][338]LogAnimation: Warning: SkeletalMesh Jump has no skeleton. This needs to fixed before an animation can be set
[2025.09.29-16.57.41:083][340]LogAnimation: Warning: SkeletalMesh Jump has no skeleton. This needs to fixed before an animation can be set
[2025.09.29-16.57.41:100][342]LogAnimation: Warning: SkeletalMesh Jump has no skeleton. This needs to fixed before an animation can be set
[2025.09.29-16.57.41:116][344]LogAnimation: Warning: SkeletalMesh Jump has no skeleton. This needs to fixed before an animation can be set
[2025.09.29-16.57.41:136][346]LogAnimation: Warning: SkeletalMesh Jump has no skeleton. This needs to fixed before an animation can be set
[2025.09.29-16.57.41:148][348]LogAnimation: Warning: SkeletalMesh Jump has no skeleton. This needs to fixed before an animation can be set
[2025.09.29-16.57.41:166][350]LogAnimation: Warning: SkeletalMesh Jump has no skeleton. This needs to fixed before an animation can be set
[2025.09.29-16.57.41:183][352]LogAnimation: Warning: SkeletalMesh Jump has no skeleton. This needs to fixed before an animation can be set
[2025.09.29-16.57.41:200][354]LogAnimation: Warning: SkeletalMesh Jump has no skeleton. This needs to fixed before an animation can be set
[2025.09.29-16.57.41:216][356]LogAnimation: Warning: SkeletalMesh Jump has no skeleton. This needs to fixed before an animation can be set
[2025.09.29-16.57.41:233][358]LogAnimation: Warning: SkeletalMesh Jump has no skeleton. This needs to fixed before an animation can be set
[2025.09.29-16.57.41:248][360]LogAnimation: Warning: SkeletalMesh Jump has no skeleton. This needs to fixed before an animation can be set
[2025.09.29-16.57.41:266][362]LogAnimation: Warning: SkeletalMesh Jump has no skeleton. This needs to fixed before an animation can be set
[2025.09.29-16.57.41:282][364]LogAnimation: Warning: SkeletalMesh Jump has no skeleton. This needs to fixed before an animation can be set
[2025.09.29-16.57.41:300][366]LogAnimation: Warning: SkeletalMesh Jump has no skeleton. This needs to fixed before an animation can be set
[2025.09.29-16.57.41:316][368]LogAnimation: Warning: SkeletalMesh Jump has no skeleton. This needs to fixed before an animation can be set
[2025.09.29-16.57.41:333][370]LogAnimation: Warning: SkeletalMesh Jump has no skeleton. This needs to fixed before an animation can be set
[2025.09.29-16.57.41:350][372]LogAnimation: Warning: SkeletalMesh Jump has no skeleton. This needs to fixed before an animation can be set
[2025.09.29-16.57.41:366][374]LogAnimation: Warning: SkeletalMesh Jump has no skeleton. This needs to fixed before an animation can be set
[2025.09.29-16.57.41:383][376]LogAnimation: Warning: SkeletalMesh Jump has no skeleton. This needs to fixed before an animation can be set
[2025.09.29-16.57.41:398][378]LogAnimation: Warning: SkeletalMesh Jump has no skeleton. This needs to fixed before an animation can be set
[2025.09.29-16.57.41:415][380]LogAnimation: Warning: SkeletalMesh Jump has no skeleton. This needs to fixed before an animation can be set
[2025.09.29-16.57.41:432][382]LogAnimation: Warning: SkeletalMesh Jump has no skeleton. This needs to fixed before an animation can be set
[2025.09.29-16.57.41:450][384]LogAnimation: Warning: SkeletalMesh Jump has no skeleton. This needs to fixed before an animation can be set
[2025.09.29-16.57.41:466][386]LogAnimation: Warning: SkeletalMesh Jump has no skeleton. This needs to fixed before an animation can be set
[2025.09.29-16.57.41:483][388]LogAnimation: Warning: SkeletalMesh Jump has no skeleton. This needs to fixed before an animation can be set
[2025.09.29-16.57.41:499][390]LogAnimation: Warning: SkeletalMesh Jump has no skeleton. This needs to fixed before an animation can be set
[2025.09.29-16.57.41:516][392]LogAnimation: Warning: SkeletalMesh Jump has no skeleton. This needs to fixed before an animation can be set
[2025.09.29-16.57.41:533][394]LogAnimation: Warning: SkeletalMesh Jump has no skeleton. This needs to fixed before an animation can be set
[2025.09.29-16.57.41:549][396]LogAnimation: Warning: SkeletalMesh Jump has no skeleton. This needs to fixed before an animation can be set
[2025.09.29-16.57.41:566][398]LogAnimation: Warning: SkeletalMesh Jump has no skeleton. This needs to fixed before an animation can be set
[2025.09.29-16.57.41:582][400]LogAnimation: Warning: SkeletalMesh Jump has no skeleton. This needs to fixed before an animation can be set
[2025.09.29-16.57.41:598][402]LogAnimation: Warning: SkeletalMesh Jump has no skeleton. This needs to fixed before an animation can be set
[2025.09.29-16.57.41:616][404]LogAnimation: Warning: SkeletalMesh Jump has no skeleton. This needs to fixed before an animation can be set
[2025.09.29-16.57.41:633][406]LogAnimation: Warning: SkeletalMesh Jump has no skeleton. This needs to fixed before an animation can be set
[2025.09.29-16.57.41:648][408]LogAnimation: Warning: SkeletalMesh Jump has no skeleton. This needs to fixed before an animation can be set
[2025.09.29-16.57.41:774][423]LogAnimation: Warning: SkeletalMesh Jump has no skeleton. This needs to fixed before an animation can be set
[2025.09.29-16.57.41:791][425]LogAnimation: Warning: SkeletalMesh Jump has no skeleton. This needs to fixed before an animation can be set
[2025.09.29-16.57.41:808][427]LogAnimation: Warning: SkeletalMesh Jump has no skeleton. This needs to fixed before an animation can be set
[2025.09.29-16.57.41:824][429]LogAnimation: Warning: SkeletalMesh Jump has no skeleton. This needs to fixed before an animation can be set
[2025.09.29-16.57.41:840][431]LogAnimation: Warning: SkeletalMesh Jump has no skeleton. This needs to fixed before an animation can be set
[2025.09.29-16.57.44:948][801]LogUObjectHash: Compacting FUObjectHashTables data took   0.91ms
[2025.09.29-16.57.46:220][801]LogSlate: Window 'Delete Assets' being destroyed
[2025.09.29-16.57.46:639][801]LogUObjectGlobals: Force Deleting 6 Package(s):
	Asset Name: /Game/Mannequin/Character/Cat/Cat_SK.Cat_SK
	Asset Name: /Game/Mannequin/Character/Cat/Cat_Phyisc.Cat_Phyisc
	Asset Name: /Game/Mannequin/Character/Cat/Cat_S.Cat_S
	Asset Name: /Game/Mannequin/Character/Cat/Idle.Idle
	Asset Name: /Game/Mannequin/Character/Cat/Jump.Jump
	Asset Name: /Game/Mannequin/Character/Cat/Walk.Walk
[2025.09.29-16.57.46:745][801]LogSkeletalMesh: Building Skeletal Mesh Cat_SK...
[2025.09.29-16.57.46:747][801]LogSkeletalMesh: Built Skeletal Mesh [0.00s] /Game/Mannequin/Character/Cat/Cat_SK.Cat_SK
[2025.09.29-16.57.46:751][801]LogSkeletalMesh: Building Skeletal Mesh Cat_SK...
[2025.09.29-16.57.46:754][801]LogSkeletalMesh: Built Skeletal Mesh [0.00s] /Game/Mannequin/Character/Cat/Cat_SK.Cat_SK
[2025.09.29-16.57.47:028][801]LogUObjectHash: Compacting FUObjectHashTables data took   0.90ms
[2025.09.29-16.57.47:043][801]LogUObjectHash: Compacting FUObjectHashTables data took   0.45ms
[2025.09.29-16.57.47:057][801]LogUObjectHash: Compacting FUObjectHashTables data took   0.44ms
[2025.09.29-16.57.47:071][801]LogUObjectHash: Compacting FUObjectHashTables data took   0.43ms
[2025.09.29-16.57.47:086][801]LogUObjectHash: Compacting FUObjectHashTables data took   0.46ms
[2025.09.29-16.57.47:100][801]LogUObjectHash: Compacting FUObjectHashTables data took   0.43ms
[2025.09.29-16.57.47:115][801]LogUObjectHash: Compacting FUObjectHashTables data took   0.44ms
[2025.09.29-16.57.47:128][801]LogUObjectHash: Compacting FUObjectHashTables data took   0.42ms
[2025.09.29-16.57.47:765][875]LogAnimation: Warning: SkeletalMesh Jump has no skeleton. This needs to fixed before an animation can be set
[2025.09.29-16.57.47:772][876]LogAnimation: Warning: SkeletalMesh Jump has no skeleton. This needs to fixed before an animation can be set
[2025.09.29-16.57.47:789][878]LogAnimation: Warning: SkeletalMesh Jump has no skeleton. This needs to fixed before an animation can be set
[2025.09.29-16.57.47:806][880]LogAnimation: Warning: SkeletalMesh Jump has no skeleton. This needs to fixed before an animation can be set
[2025.09.29-16.57.47:822][882]LogAnimation: Warning: SkeletalMesh Jump has no skeleton. This needs to fixed before an animation can be set
[2025.09.29-16.57.47:839][884]LogAnimation: Warning: SkeletalMesh Jump has no skeleton. This needs to fixed before an animation can be set
[2025.09.29-16.57.47:856][886]LogAnimation: Warning: SkeletalMesh Jump has no skeleton. This needs to fixed before an animation can be set
[2025.09.29-16.57.47:873][888]LogAnimation: Warning: SkeletalMesh Jump has no skeleton. This needs to fixed before an animation can be set
[2025.09.29-16.57.47:889][890]LogAnimation: Warning: SkeletalMesh Jump has no skeleton. This needs to fixed before an animation can be set
[2025.09.29-16.57.47:905][892]LogAnimation: Warning: SkeletalMesh Jump has no skeleton. This needs to fixed before an animation can be set
[2025.09.29-16.57.47:923][894]LogAnimation: Warning: SkeletalMesh Jump has no skeleton. This needs to fixed before an animation can be set
[2025.09.29-16.57.47:939][896]LogAnimation: Warning: SkeletalMesh Jump has no skeleton. This needs to fixed before an animation can be set
[2025.09.29-16.57.47:955][898]LogAnimation: Warning: SkeletalMesh Jump has no skeleton. This needs to fixed before an animation can be set
[2025.09.29-16.57.47:972][900]LogAnimation: Warning: SkeletalMesh Jump has no skeleton. This needs to fixed before an animation can be set
[2025.09.29-16.57.47:988][902]LogAnimation: Warning: SkeletalMesh Jump has no skeleton. This needs to fixed before an animation can be set
[2025.09.29-16.57.48:005][904]LogAnimation: Warning: SkeletalMesh Jump has no skeleton. This needs to fixed before an animation can be set
[2025.09.29-16.57.48:022][906]LogAnimation: Warning: SkeletalMesh Jump has no skeleton. This needs to fixed before an animation can be set
[2025.09.29-16.57.48:038][908]LogAnimation: Warning: SkeletalMesh Jump has no skeleton. This needs to fixed before an animation can be set
[2025.09.29-16.57.48:056][910]LogAnimation: Warning: SkeletalMesh Jump has no skeleton. This needs to fixed before an animation can be set
[2025.09.29-16.57.48:072][912]LogAnimation: Warning: SkeletalMesh Jump has no skeleton. This needs to fixed before an animation can be set
[2025.09.29-16.57.48:089][914]LogAnimation: Warning: SkeletalMesh Jump has no skeleton. This needs to fixed before an animation can be set
[2025.09.29-16.57.48:106][916]LogAnimation: Warning: SkeletalMesh Jump has no skeleton. This needs to fixed before an animation can be set
[2025.09.29-16.57.48:122][918]LogAnimation: Warning: SkeletalMesh Jump has no skeleton. This needs to fixed before an animation can be set
[2025.09.29-16.57.48:138][920]LogAnimation: Warning: SkeletalMesh Jump has no skeleton. This needs to fixed before an animation can be set
[2025.09.29-16.57.48:155][922]LogAnimation: Warning: SkeletalMesh Jump has no skeleton. This needs to fixed before an animation can be set
[2025.09.29-16.57.48:173][924]LogAnimation: Warning: SkeletalMesh Jump has no skeleton. This needs to fixed before an animation can be set
[2025.09.29-16.57.48:189][926]LogAnimation: Warning: SkeletalMesh Jump has no skeleton. This needs to fixed before an animation can be set
[2025.09.29-16.57.48:209][928]LogAnimation: Warning: SkeletalMesh Jump has no skeleton. This needs to fixed before an animation can be set
[2025.09.29-16.57.48:222][930]LogAnimation: Warning: SkeletalMesh Jump has no skeleton. This needs to fixed before an animation can be set
[2025.09.29-16.57.48:240][932]LogAnimation: Warning: SkeletalMesh Jump has no skeleton. This needs to fixed before an animation can be set
[2025.09.29-16.57.48:256][934]LogAnimation: Warning: SkeletalMesh Jump has no skeleton. This needs to fixed before an animation can be set
[2025.09.29-16.57.48:272][936]LogAnimation: Warning: SkeletalMesh Jump has no skeleton. This needs to fixed before an animation can be set
[2025.09.29-16.57.48:301][939]LogAnimation: Warning: SkeletalMesh Jump has no skeleton. This needs to fixed before an animation can be set
[2025.09.29-16.57.48:317][941]LogAnimation: Warning: SkeletalMesh Jump has no skeleton. This needs to fixed before an animation can be set
[2025.09.29-16.57.48:334][943]LogAnimation: Warning: SkeletalMesh Jump has no skeleton. This needs to fixed before an animation can be set
[2025.09.29-16.57.48:351][945]LogAnimation: Warning: SkeletalMesh Jump has no skeleton. This needs to fixed before an animation can be set
[2025.09.29-16.57.48:367][947]LogAnimation: Warning: SkeletalMesh Jump has no skeleton. This needs to fixed before an animation can be set
[2025.09.29-16.57.48:384][949]LogAnimation: Warning: SkeletalMesh Jump has no skeleton. This needs to fixed before an animation can be set
[2025.09.29-16.57.48:400][951]LogAnimation: Warning: SkeletalMesh Jump has no skeleton. This needs to fixed before an animation can be set
[2025.09.29-16.57.48:416][953]LogAnimation: Warning: SkeletalMesh Jump has no skeleton. This needs to fixed before an animation can be set
[2025.09.29-16.57.48:509][964]LogAnimation: Warning: SkeletalMesh Jump has no skeleton. This needs to fixed before an animation can be set
[2025.09.29-16.57.48:525][966]LogAnimation: Warning: SkeletalMesh Jump has no skeleton. This needs to fixed before an animation can be set
[2025.09.29-16.57.48:542][968]LogAnimation: Warning: SkeletalMesh Jump has no skeleton. This needs to fixed before an animation can be set
[2025.09.29-16.57.48:558][970]LogAnimation: Warning: SkeletalMesh Jump has no skeleton. This needs to fixed before an animation can be set
[2025.09.29-16.57.48:575][972]LogAnimation: Warning: SkeletalMesh Jump has no skeleton. This needs to fixed before an animation can be set
[2025.09.29-16.57.48:592][974]LogAnimation: Warning: SkeletalMesh Jump has no skeleton. This needs to fixed before an animation can be set
[2025.09.29-16.57.48:608][976]LogAnimation: Warning: SkeletalMesh Jump has no skeleton. This needs to fixed before an animation can be set
[2025.09.29-16.57.48:625][978]LogAnimation: Warning: SkeletalMesh Jump has no skeleton. This needs to fixed before an animation can be set
[2025.09.29-16.57.48:642][980]LogAnimation: Warning: SkeletalMesh Jump has no skeleton. This needs to fixed before an animation can be set
[2025.09.29-16.57.48:658][982]LogAnimation: Warning: SkeletalMesh Jump has no skeleton. This needs to fixed before an animation can be set
[2025.09.29-16.57.48:675][984]LogAnimation: Warning: SkeletalMesh Jump has no skeleton. This needs to fixed before an animation can be set
[2025.09.29-16.57.48:692][986]LogAnimation: Warning: SkeletalMesh Jump has no skeleton. This needs to fixed before an animation can be set
[2025.09.29-16.57.48:708][988]LogAnimation: Warning: SkeletalMesh Jump has no skeleton. This needs to fixed before an animation can be set
[2025.09.29-16.57.48:725][990]LogAnimation: Warning: SkeletalMesh Jump has no skeleton. This needs to fixed before an animation can be set
[2025.09.29-16.57.48:742][992]LogAnimation: Warning: SkeletalMesh Jump has no skeleton. This needs to fixed before an animation can be set
[2025.09.29-16.57.48:759][994]LogAnimation: Warning: SkeletalMesh Jump has no skeleton. This needs to fixed before an animation can be set
[2025.09.29-16.57.48:775][996]LogAnimation: Warning: SkeletalMesh Jump has no skeleton. This needs to fixed before an animation can be set
[2025.09.29-16.57.48:792][998]LogAnimation: Warning: SkeletalMesh Jump has no skeleton. This needs to fixed before an animation can be set
[2025.09.29-16.57.48:808][  0]LogAnimation: Warning: SkeletalMesh Jump has no skeleton. This needs to fixed before an animation can be set
[2025.09.29-16.57.48:825][  2]LogAnimation: Warning: SkeletalMesh Jump has no skeleton. This needs to fixed before an animation can be set
[2025.09.29-16.57.48:842][  4]LogAnimation: Warning: SkeletalMesh Jump has no skeleton. This needs to fixed before an animation can be set
[2025.09.29-16.57.48:858][  6]LogAnimation: Warning: SkeletalMesh Jump has no skeleton. This needs to fixed before an animation can be set
[2025.09.29-16.57.48:875][  8]LogAnimation: Warning: SkeletalMesh Jump has no skeleton. This needs to fixed before an animation can be set
[2025.09.29-16.57.48:892][ 10]LogAnimation: Warning: SkeletalMesh Jump has no skeleton. This needs to fixed before an animation can be set
[2025.09.29-16.57.48:908][ 12]LogAnimation: Warning: SkeletalMesh Jump has no skeleton. This needs to fixed before an animation can be set
[2025.09.29-16.57.48:983][ 21]LogAnimation: Warning: SkeletalMesh Jump has no skeleton. This needs to fixed before an animation can be set
[2025.09.29-16.57.49:000][ 23]LogAnimation: Warning: SkeletalMesh Jump has no skeleton. This needs to fixed before an animation can be set
[2025.09.29-16.57.49:017][ 25]LogAnimation: Warning: SkeletalMesh Jump has no skeleton. This needs to fixed before an animation can be set
[2025.09.29-16.57.49:033][ 27]LogAnimation: Warning: SkeletalMesh Jump has no skeleton. This needs to fixed before an animation can be set
[2025.09.29-16.57.49:050][ 29]LogAnimation: Warning: SkeletalMesh Jump has no skeleton. This needs to fixed before an animation can be set
[2025.09.29-16.57.49:066][ 31]LogAnimation: Warning: SkeletalMesh Jump has no skeleton. This needs to fixed before an animation can be set
[2025.09.29-16.57.49:092][ 33]LogAssetEditorManager: Opening Asset editor for AnimSequence /Game/Mannequin/Jump_Anim.Jump_Anim
[2025.09.29-16.57.50:601][ 33]LogSlate: Window 'Message' being destroyed
[2025.09.29-16.57.50:651][ 33]LogContentBrowser: Verbose: The majority of assets in the view are of type: Skeleton
[2025.09.29-16.57.53:528][371]LogAnimationCompression: Building Anim DDC data for AnimSequence /Game/Mannequin/Jump_Anim.Jump_Anim
[2025.09.29-16.57.53:528][371]LogAnimationCompression: Recompressing (AnimSequence /Game/Mannequin/Jump_Anim.Jump_Anim) using current/default (AnimCompress_BitwiseCompressOnly_0) bFirstRecompressUsingCurrentOrDefault(1) bTryAlternateCompressor(0) IsCompressedDataValid(0)
[2025.09.29-16.57.53:544][371]LogAssetEditorManager: Opening Asset editor for AnimSequence /Game/Mannequin/Jump_Anim.Jump_Anim
[2025.09.29-16.57.53:553][371]LogActorComponent: RegisterComponentWithWorld: (/Engine/Transient.World_33:PersistentLevel.AnimationEditorPreviewActor_0.DebugSkelMeshComponent_0) Already registered. Aborting.
[2025.09.29-16.57.53:569][371]LogSkeletalMesh: USkeletalMeshComponent::InitArticulated : Bodies already created (/Engine/Transient.World_33:PersistentLevel.AnimationEditorPreviewActor_0.DebugSkelMeshComponent_0) - call TermArticulated first.
[2025.09.29-16.57.53:672][371]LogSlate: Window 'Select Skeleton' being destroyed
[2025.09.29-16.57.53:675][371]LogWorld: UWorld::CleanupWorld for World_32, bSessionEnded=true, bCleanupResources=true
[2025.09.29-16.57.53:683][371]LogWorld: UWorld::CleanupWorld for World_31, bSessionEnded=true, bCleanupResources=true
[2025.09.29-16.57.53:737][371]LogContentBrowser: Verbose: The majority of assets in the view are of type: AnimSequence
[2025.09.29-16.57.53:742][372]LogAnimation: Warning: SkeletalMesh Jump has no skeleton. This needs to fixed before an animation can be set
[2025.09.29-16.57.53:742][372]LogAnimation: Warning: SkeletalMesh Jump has no skeleton. This needs to fixed before an animation can be set
[2025.09.29-16.57.55:935][629]LogSlate: FSceneViewport::OnFocusLost() reason 5
[2025.09.29-16.57.55:946][629]Cmd: OBJ SAVEPACKAGE PACKAGE="/Game/Mannequin/Jump_Anim" FILE="E:/GameJamHGGUnreal4.23.1/GameJamCrew/Content/Mannequin/Jump_Anim.uasset" SILENT=true
[2025.09.29-16.57.55:952][629]LogSavePackage: Moving 'E:/GameJamHGGUnreal4.23.1/GameJamCrew/Saved/Jump_Anim152590004C18DD802179F48B0447A39B.tmp' to 'E:/GameJamHGGUnreal4.23.1/GameJamCrew/Content/Mannequin/Jump_Anim.uasset'
[2025.09.29-17.00.44:486][844]LogAssetEditorManager: Opening Asset editor for SkeletalMesh /Game/Mannequin/Cat/ska.ska
[2025.09.29-17.00.44:491][844]LogActorComponent: RegisterComponentWithWorld: (/Engine/Transient.World_36:PersistentLevel.AnimationEditorPreviewActor_0.DebugSkelMeshComponent_0) Already registered. Aborting.
[2025.09.29-17.00.44:503][844]LogSkeletalMesh: USkeletalMeshComponent::InitArticulated : Bodies already created (/Engine/Transient.World_36:PersistentLevel.AnimationEditorPreviewActor_0.DebugSkelMeshComponent_0) - call TermArticulated first.
[2025.09.29-17.00.52:443][669]LogSlate: FSceneViewport::OnFocusLost() reason 5
[2025.09.29-17.00.52:454][669]Cmd: OBJ SAVEPACKAGE PACKAGE="/Game/Mannequin/Cat/ska" FILE="E:/GameJamHGGUnreal4.23.1/GameJamCrew/Content/Mannequin/Cat/ska.uasset" SILENT=true
[2025.09.29-17.00.52:466][669]LogSavePackage: Moving 'E:/GameJamHGGUnreal4.23.1/GameJamCrew/Saved/skaED2B1E884DD24E90886D1BA24F445849.tmp' to 'E:/GameJamHGGUnreal4.23.1/GameJamCrew/Content/Mannequin/Cat/ska.uasset'
[2025.09.29-17.01.02:506][864]LogAnimation: Warning: SkeletalMesh Jump has no skeleton. This needs to fixed before an animation can be set
[2025.09.29-17.01.02:506][864]LogAnimation: Warning: SkeletalMesh Jump has no skeleton. This needs to fixed before an animation can be set
[2025.09.29-17.01.02:523][866]LogAnimation: Warning: SkeletalMesh Jump has no skeleton. This needs to fixed before an animation can be set
[2025.09.29-17.01.02:690][886]LogAnimation: Warning: SkeletalMesh Jump has no skeleton. This needs to fixed before an animation can be set
[2025.09.29-17.01.02:707][888]LogAnimation: Warning: SkeletalMesh Jump has no skeleton. This needs to fixed before an animation can be set
[2025.09.29-17.01.02:723][890]LogAnimation: Warning: SkeletalMesh Jump has no skeleton. This needs to fixed before an animation can be set
[2025.09.29-17.01.02:740][892]LogAnimation: Warning: SkeletalMesh Jump has no skeleton. This needs to fixed before an animation can be set
[2025.09.29-17.01.02:756][894]LogAnimation: Warning: SkeletalMesh Jump has no skeleton. This needs to fixed before an animation can be set
[2025.09.29-17.01.02:774][896]LogAnimation: Warning: SkeletalMesh Jump has no skeleton. This needs to fixed before an animation can be set
[2025.09.29-17.01.02:790][898]LogAnimation: Warning: SkeletalMesh Jump has no skeleton. This needs to fixed before an animation can be set
[2025.09.29-17.01.02:807][900]LogAnimation: Warning: SkeletalMesh Jump has no skeleton. This needs to fixed before an animation can be set
[2025.09.29-17.01.03:774][ 16]LogWorld: UWorld::CleanupWorld for World_36, bSessionEnded=true, bCleanupResources=true
[2025.09.29-17.01.04:465][ 93]LogSlate: Window 'Jump_Anim' being destroyed
[2025.09.29-17.01.04:470][ 93]LogWorld: UWorld::CleanupWorld for World_33, bSessionEnded=true, bCleanupResources=true
[2025.09.29-17.01.04:483][ 93]LogWorld: UWorld::CleanupWorld for World_35, bSessionEnded=true, bCleanupResources=true
[2025.09.29-17.01.04:532][ 93]LogWorld: UWorld::CleanupWorld for World_34, bSessionEnded=true, bCleanupResources=true
[2025.09.29-17.01.04:881][134]LogAnimation: Warning: SkeletalMesh Jump has no skeleton. This needs to fixed before an animation can be set
[2025.09.29-17.01.04:896][136]LogAnimation: Warning: SkeletalMesh Jump has no skeleton. This needs to fixed before an animation can be set
[2025.09.29-17.01.04:912][138]LogAnimation: Warning: SkeletalMesh Jump has no skeleton. This needs to fixed before an animation can be set
[2025.09.29-17.01.04:930][140]LogAnimation: Warning: SkeletalMesh Jump has no skeleton. This needs to fixed before an animation can be set
[2025.09.29-17.01.04:945][142]LogAnimation: Warning: SkeletalMesh Jump has no skeleton. This needs to fixed before an animation can be set
[2025.09.29-17.01.04:962][144]LogAnimation: Warning: SkeletalMesh Jump has no skeleton. This needs to fixed before an animation can be set
[2025.09.29-17.01.04:979][146]LogAnimation: Warning: SkeletalMesh Jump has no skeleton. This needs to fixed before an animation can be set
[2025.09.29-17.01.04:995][148]LogAnimation: Warning: SkeletalMesh Jump has no skeleton. This needs to fixed before an animation can be set
[2025.09.29-17.01.05:012][150]LogAnimation: Warning: SkeletalMesh Jump has no skeleton. This needs to fixed before an animation can be set
[2025.09.29-17.01.05:028][152]LogAnimation: Warning: SkeletalMesh Jump has no skeleton. This needs to fixed before an animation can be set
[2025.09.29-17.01.05:045][154]LogAnimation: Warning: SkeletalMesh Jump has no skeleton. This needs to fixed before an animation can be set
[2025.09.29-17.01.05:061][156]LogAnimation: Warning: SkeletalMesh Jump has no skeleton. This needs to fixed before an animation can be set
[2025.09.29-17.01.05:078][158]LogAnimation: Warning: SkeletalMesh Jump has no skeleton. This needs to fixed before an animation can be set
[2025.09.29-17.01.05:096][160]LogAnimation: Warning: SkeletalMesh Jump has no skeleton. This needs to fixed before an animation can be set
[2025.09.29-17.01.05:113][162]LogAnimation: Warning: SkeletalMesh Jump has no skeleton. This needs to fixed before an animation can be set
[2025.09.29-17.01.05:129][164]LogAnimation: Warning: SkeletalMesh Jump has no skeleton. This needs to fixed before an animation can be set
[2025.09.29-17.01.05:145][166]LogAnimation: Warning: SkeletalMesh Jump has no skeleton. This needs to fixed before an animation can be set
[2025.09.29-17.01.05:162][168]LogAnimation: Warning: SkeletalMesh Jump has no skeleton. This needs to fixed before an animation can be set
[2025.09.29-17.01.05:179][170]LogAnimation: Warning: SkeletalMesh Jump has no skeleton. This needs to fixed before an animation can be set
[2025.09.29-17.01.05:195][172]LogAnimation: Warning: SkeletalMesh Jump has no skeleton. This needs to fixed before an animation can be set
[2025.09.29-17.01.05:211][174]LogAnimation: Warning: SkeletalMesh Jump has no skeleton. This needs to fixed before an animation can be set
[2025.09.29-17.01.05:229][176]LogAnimation: Warning: SkeletalMesh Jump has no skeleton. This needs to fixed before an animation can be set
[2025.09.29-17.01.05:246][178]LogAnimation: Warning: SkeletalMesh Jump has no skeleton. This needs to fixed before an animation can be set
[2025.09.29-17.01.05:262][180]LogAnimation: Warning: SkeletalMesh Jump has no skeleton. This needs to fixed before an animation can be set
[2025.09.29-17.01.05:279][182]LogAnimation: Warning: SkeletalMesh Jump has no skeleton. This needs to fixed before an animation can be set
[2025.09.29-17.01.05:296][184]LogAnimation: Warning: SkeletalMesh Jump has no skeleton. This needs to fixed before an animation can be set
[2025.09.29-17.01.05:313][186]LogAnimation: Warning: SkeletalMesh Jump has no skeleton. This needs to fixed before an animation can be set
[2025.09.29-17.01.05:329][188]LogAnimation: Warning: SkeletalMesh Jump has no skeleton. This needs to fixed before an animation can be set
[2025.09.29-17.01.05:345][190]LogAnimation: Warning: SkeletalMesh Jump has no skeleton. This needs to fixed before an animation can be set
[2025.09.29-17.01.05:361][192]LogAnimation: Warning: SkeletalMesh Jump has no skeleton. This needs to fixed before an animation can be set
[2025.09.29-17.01.05:379][194]LogAnimation: Warning: SkeletalMesh Jump has no skeleton. This needs to fixed before an animation can be set
[2025.09.29-17.01.05:395][196]LogAnimation: Warning: SkeletalMesh Jump has no skeleton. This needs to fixed before an animation can be set
[2025.09.29-17.01.05:412][198]LogAnimation: Warning: SkeletalMesh Jump has no skeleton. This needs to fixed before an animation can be set
[2025.09.29-17.01.05:428][200]LogAnimation: Warning: SkeletalMesh Jump has no skeleton. This needs to fixed before an animation can be set
[2025.09.29-17.01.05:545][214]LogAnimation: Warning: SkeletalMesh Jump has no skeleton. This needs to fixed before an animation can be set
[2025.09.29-17.01.05:562][216]LogAnimation: Warning: SkeletalMesh Jump has no skeleton. This needs to fixed before an animation can be set
[2025.09.29-17.01.05:578][218]LogAnimation: Warning: SkeletalMesh Jump has no skeleton. This needs to fixed before an animation can be set
[2025.09.29-17.01.05:595][220]LogAnimation: Warning: SkeletalMesh Jump has no skeleton. This needs to fixed before an animation can be set
[2025.09.29-17.01.05:612][222]LogAnimation: Warning: SkeletalMesh Jump has no skeleton. This needs to fixed before an animation can be set
[2025.09.29-17.01.05:629][224]LogAnimation: Warning: SkeletalMesh Jump has no skeleton. This needs to fixed before an animation can be set
[2025.09.29-17.01.05:645][226]LogAnimation: Warning: SkeletalMesh Jump has no skeleton. This needs to fixed before an animation can be set
[2025.09.29-17.01.05:661][228]LogAnimation: Warning: SkeletalMesh Jump has no skeleton. This needs to fixed before an animation can be set
[2025.09.29-17.01.05:679][230]LogAnimation: Warning: SkeletalMesh Jump has no skeleton. This needs to fixed before an animation can be set
[2025.09.29-17.01.05:695][232]LogAnimation: Warning: SkeletalMesh Jump has no skeleton. This needs to fixed before an animation can be set
[2025.09.29-17.01.05:713][234]LogAnimation: Warning: SkeletalMesh Jump has no skeleton. This needs to fixed before an animation can be set
[2025.09.29-17.01.05:728][236]LogAnimation: Warning: SkeletalMesh Jump has no skeleton. This needs to fixed before an animation can be set
[2025.09.29-17.01.05:745][238]LogAnimation: Warning: SkeletalMesh Jump has no skeleton. This needs to fixed before an animation can be set
[2025.09.29-17.01.05:762][240]LogAnimation: Warning: SkeletalMesh Jump has no skeleton. This needs to fixed before an animation can be set
[2025.09.29-17.01.05:779][242]LogAnimation: Warning: SkeletalMesh Jump has no skeleton. This needs to fixed before an animation can be set
[2025.09.29-17.01.05:795][244]LogAnimation: Warning: SkeletalMesh Jump has no skeleton. This needs to fixed before an animation can be set
[2025.09.29-17.01.05:812][246]LogAnimation: Warning: SkeletalMesh Jump has no skeleton. This needs to fixed before an animation can be set
[2025.09.29-17.01.05:828][248]LogAnimation: Warning: SkeletalMesh Jump has no skeleton. This needs to fixed before an animation can be set
[2025.09.29-17.01.05:846][250]LogAnimation: Warning: SkeletalMesh Jump has no skeleton. This needs to fixed before an animation can be set
[2025.09.29-17.01.05:862][252]LogAnimation: Warning: SkeletalMesh Jump has no skeleton. This needs to fixed before an animation can be set
[2025.09.29-17.01.05:878][254]LogAnimation: Warning: SkeletalMesh Jump has no skeleton. This needs to fixed before an animation can be set
[2025.09.29-17.01.05:895][256]LogAnimation: Warning: SkeletalMesh Jump has no skeleton. This needs to fixed before an animation can be set
[2025.09.29-17.01.05:911][258]LogAnimation: Warning: SkeletalMesh Jump has no skeleton. This needs to fixed before an animation can be set
[2025.09.29-17.01.05:929][260]LogAnimation: Warning: SkeletalMesh Jump has no skeleton. This needs to fixed before an animation can be set
[2025.09.29-17.01.05:945][262]LogAnimation: Warning: SkeletalMesh Jump has no skeleton. This needs to fixed before an animation can be set
[2025.09.29-17.01.05:962][264]LogAnimation: Warning: SkeletalMesh Jump has no skeleton. This needs to fixed before an animation can be set
[2025.09.29-17.01.05:979][266]LogAnimation: Warning: SkeletalMesh Jump has no skeleton. This needs to fixed before an animation can be set
[2025.09.29-17.01.05:995][268]LogAnimation: Warning: SkeletalMesh Jump has no skeleton. This needs to fixed before an animation can be set
[2025.09.29-17.01.06:012][270]LogAnimation: Warning: SkeletalMesh Jump has no skeleton. This needs to fixed before an animation can be set
[2025.09.29-17.01.06:029][272]LogAnimation: Warning: SkeletalMesh Jump has no skeleton. This needs to fixed before an animation can be set
[2025.09.29-17.01.06:045][274]LogAnimation: Warning: SkeletalMesh Jump has no skeleton. This needs to fixed before an animation can be set
[2025.09.29-17.01.06:062][276]LogAnimation: Warning: SkeletalMesh Jump has no skeleton. This needs to fixed before an animation can be set
[2025.09.29-17.01.06:078][278]LogAnimation: Warning: SkeletalMesh Jump has no skeleton. This needs to fixed before an animation can be set
[2025.09.29-17.01.06:095][280]LogAnimation: Warning: SkeletalMesh Jump has no skeleton. This needs to fixed before an animation can be set
[2025.09.29-17.01.06:112][282]LogAnimation: Warning: SkeletalMesh Jump has no skeleton. This needs to fixed before an animation can be set
[2025.09.29-17.01.06:128][284]LogAnimation: Warning: SkeletalMesh Jump has no skeleton. This needs to fixed before an animation can be set
[2025.09.29-17.01.06:145][286]LogAnimation: Warning: SkeletalMesh Jump has no skeleton. This needs to fixed before an animation can be set
[2025.09.29-17.01.06:162][288]LogAnimation: Warning: SkeletalMesh Jump has no skeleton. This needs to fixed before an animation can be set
[2025.09.29-17.01.06:179][290]LogAnimation: Warning: SkeletalMesh Jump has no skeleton. This needs to fixed before an animation can be set
[2025.09.29-17.01.06:195][292]LogAnimation: Warning: SkeletalMesh Jump has no skeleton. This needs to fixed before an animation can be set
[2025.09.29-17.01.06:212][294]LogAnimation: Warning: SkeletalMesh Jump has no skeleton. This needs to fixed before an animation can be set
[2025.09.29-17.01.06:228][296]LogAnimation: Warning: SkeletalMesh Jump has no skeleton. This needs to fixed before an animation can be set
[2025.09.29-17.01.06:245][298]LogAnimation: Warning: SkeletalMesh Jump has no skeleton. This needs to fixed before an animation can be set
[2025.09.29-17.01.06:262][300]LogAnimation: Warning: SkeletalMesh Jump has no skeleton. This needs to fixed before an animation can be set
[2025.09.29-17.01.06:279][302]LogAnimation: Warning: SkeletalMesh Jump has no skeleton. This needs to fixed before an animation can be set
[2025.09.29-17.01.06:303][305]LogAnimation: Warning: SkeletalMesh Jump has no skeleton. This needs to fixed before an animation can be set
[2025.09.29-17.01.06:320][307]LogAnimation: Warning: SkeletalMesh Jump has no skeleton. This needs to fixed before an animation can be set
[2025.09.29-17.01.06:337][309]LogAnimation: Warning: SkeletalMesh Jump has no skeleton. This needs to fixed before an animation can be set
[2025.09.29-17.01.06:353][311]LogAnimation: Warning: SkeletalMesh Jump has no skeleton. This needs to fixed before an animation can be set
[2025.09.29-17.01.06:370][313]LogAnimation: Warning: SkeletalMesh Jump has no skeleton. This needs to fixed before an animation can be set
[2025.09.29-17.01.06:387][315]LogAnimation: Warning: SkeletalMesh Jump has no skeleton. This needs to fixed before an animation can be set
[2025.09.29-17.01.06:404][317]LogAnimation: Warning: SkeletalMesh Jump has no skeleton. This needs to fixed before an animation can be set
[2025.09.29-17.01.06:420][319]LogAnimation: Warning: SkeletalMesh Jump has no skeleton. This needs to fixed before an animation can be set
[2025.09.29-17.01.06:436][321]LogAnimation: Warning: SkeletalMesh Jump has no skeleton. This needs to fixed before an animation can be set
[2025.09.29-17.01.06:453][323]LogAnimation: Warning: SkeletalMesh Jump has no skeleton. This needs to fixed before an animation can be set
[2025.09.29-17.01.06:470][325]LogAnimation: Warning: SkeletalMesh Jump has no skeleton. This needs to fixed before an animation can be set
[2025.09.29-17.01.06:487][327]LogAnimation: Warning: SkeletalMesh Jump has no skeleton. This needs to fixed before an animation can be set
[2025.09.29-17.01.06:504][329]LogAnimation: Warning: SkeletalMesh Jump has no skeleton. This needs to fixed before an animation can be set
[2025.09.29-17.01.06:520][331]LogAnimation: Warning: SkeletalMesh Jump has no skeleton. This needs to fixed before an animation can be set
[2025.09.29-17.01.06:536][333]LogAnimation: Warning: SkeletalMesh Jump has no skeleton. This needs to fixed before an animation can be set
[2025.09.29-17.01.06:553][335]LogAnimation: Warning: SkeletalMesh Jump has no skeleton. This needs to fixed before an animation can be set
[2025.09.29-17.01.06:570][337]LogAnimation: Warning: SkeletalMesh Jump has no skeleton. This needs to fixed before an animation can be set
[2025.09.29-17.01.06:587][339]LogAnimation: Warning: SkeletalMesh Jump has no skeleton. This needs to fixed before an animation can be set
[2025.09.29-17.01.06:603][341]LogAnimation: Warning: SkeletalMesh Jump has no skeleton. This needs to fixed before an animation can be set
[2025.09.29-17.01.06:620][343]LogAnimation: Warning: SkeletalMesh Jump has no skeleton. This needs to fixed before an animation can be set
[2025.09.29-17.01.06:636][345]LogAnimation: Warning: SkeletalMesh Jump has no skeleton. This needs to fixed before an animation can be set
[2025.09.29-17.01.06:654][347]LogAnimation: Warning: SkeletalMesh Jump has no skeleton. This needs to fixed before an animation can be set
[2025.09.29-17.01.06:670][349]LogAnimation: Warning: SkeletalMesh Jump has no skeleton. This needs to fixed before an animation can be set
[2025.09.29-17.01.06:686][351]LogAnimation: Warning: SkeletalMesh Jump has no skeleton. This needs to fixed before an animation can be set
[2025.09.29-17.01.06:704][353]LogAnimation: Warning: SkeletalMesh Jump has no skeleton. This needs to fixed before an animation can be set
[2025.09.29-17.01.06:720][355]LogAnimation: Warning: SkeletalMesh Jump has no skeleton. This needs to fixed before an animation can be set
[2025.09.29-17.01.06:736][357]LogAnimation: Warning: SkeletalMesh Jump has no skeleton. This needs to fixed before an animation can be set
[2025.09.29-17.01.06:753][359]LogAnimation: Warning: SkeletalMesh Jump has no skeleton. This needs to fixed before an animation can be set
[2025.09.29-17.01.06:770][361]LogAnimation: Warning: SkeletalMesh Jump has no skeleton. This needs to fixed before an animation can be set
[2025.09.29-17.01.06:787][363]LogAnimation: Warning: SkeletalMesh Jump has no skeleton. This needs to fixed before an animation can be set
[2025.09.29-17.01.06:803][365]LogAnimation: Warning: SkeletalMesh Jump has no skeleton. This needs to fixed before an animation can be set
[2025.09.29-17.01.06:820][367]LogAnimation: Warning: SkeletalMesh Jump has no skeleton. This needs to fixed before an animation can be set
[2025.09.29-17.01.06:837][369]LogAnimation: Warning: SkeletalMesh Jump has no skeleton. This needs to fixed before an animation can be set
[2025.09.29-17.01.06:853][371]LogAnimation: Warning: SkeletalMesh Jump has no skeleton. This needs to fixed before an animation can be set
[2025.09.29-17.01.06:870][373]LogAnimation: Warning: SkeletalMesh Jump has no skeleton. This needs to fixed before an animation can be set
[2025.09.29-17.01.06:887][375]LogAnimation: Warning: SkeletalMesh Jump has no skeleton. This needs to fixed before an animation can be set
[2025.09.29-17.01.06:905][377]LogAnimation: Warning: SkeletalMesh Jump has no skeleton. This needs to fixed before an animation can be set
[2025.09.29-17.01.06:921][379]LogAnimation: Warning: SkeletalMesh Jump has no skeleton. This needs to fixed before an animation can be set
[2025.09.29-17.01.06:937][381]LogAnimation: Warning: SkeletalMesh Jump has no skeleton. This needs to fixed before an animation can be set
[2025.09.29-17.01.06:954][383]LogAnimation: Warning: SkeletalMesh Jump has no skeleton. This needs to fixed before an animation can be set
[2025.09.29-17.01.06:970][385]LogAnimation: Warning: SkeletalMesh Jump has no skeleton. This needs to fixed before an animation can be set
[2025.09.29-17.01.06:987][387]LogAnimation: Warning: SkeletalMesh Jump has no skeleton. This needs to fixed before an animation can be set
[2025.09.29-17.01.07:004][389]LogAnimation: Warning: SkeletalMesh Jump has no skeleton. This needs to fixed before an animation can be set
[2025.09.29-17.01.07:020][391]LogAnimation: Warning: SkeletalMesh Jump has no skeleton. This needs to fixed before an animation can be set
[2025.09.29-17.01.07:037][393]LogAnimation: Warning: SkeletalMesh Jump has no skeleton. This needs to fixed before an animation can be set
[2025.09.29-17.01.07:053][395]LogAnimation: Warning: SkeletalMesh Jump has no skeleton. This needs to fixed before an animation can be set
[2025.09.29-17.01.07:070][397]LogAnimation: Warning: SkeletalMesh Jump has no skeleton. This needs to fixed before an animation can be set
[2025.09.29-17.01.07:087][399]LogAnimation: Warning: SkeletalMesh Jump has no skeleton. This needs to fixed before an animation can be set
[2025.09.29-17.01.07:103][401]LogAnimation: Warning: SkeletalMesh Jump has no skeleton. This needs to fixed before an animation can be set
[2025.09.29-17.01.07:120][403]LogAnimation: Warning: SkeletalMesh Jump has no skeleton. This needs to fixed before an animation can be set
[2025.09.29-17.01.07:137][405]LogAnimation: Warning: SkeletalMesh Jump has no skeleton. This needs to fixed before an animation can be set
[2025.09.29-17.01.07:153][407]LogAnimation: Warning: SkeletalMesh Jump has no skeleton. This needs to fixed before an animation can be set
[2025.09.29-17.01.07:170][409]LogAnimation: Warning: SkeletalMesh Jump has no skeleton. This needs to fixed before an animation can be set
[2025.09.29-17.01.07:187][411]LogAnimation: Warning: SkeletalMesh Jump has no skeleton. This needs to fixed before an animation can be set
[2025.09.29-17.01.07:203][413]LogAnimation: Warning: SkeletalMesh Jump has no skeleton. This needs to fixed before an animation can be set
[2025.09.29-17.01.07:220][415]LogAnimation: Warning: SkeletalMesh Jump has no skeleton. This needs to fixed before an animation can be set
[2025.09.29-17.01.07:237][417]LogAnimation: Warning: SkeletalMesh Jump has no skeleton. This needs to fixed before an animation can be set
[2025.09.29-17.01.07:253][419]LogAnimation: Warning: SkeletalMesh Jump has no skeleton. This needs to fixed before an animation can be set
[2025.09.29-17.01.07:270][421]LogAnimation: Warning: SkeletalMesh Jump has no skeleton. This needs to fixed before an animation can be set
[2025.09.29-17.01.07:287][423]LogAnimation: Warning: SkeletalMesh Jump has no skeleton. This needs to fixed before an animation can be set
[2025.09.29-17.01.07:303][425]LogAnimation: Warning: SkeletalMesh Jump has no skeleton. This needs to fixed before an animation can be set
[2025.09.29-17.01.07:320][427]LogAnimation: Warning: SkeletalMesh Jump has no skeleton. This needs to fixed before an animation can be set
[2025.09.29-17.01.07:336][429]LogAnimation: Warning: SkeletalMesh Jump has no skeleton. This needs to fixed before an animation can be set
[2025.09.29-17.01.07:353][431]LogAnimation: Warning: SkeletalMesh Jump has no skeleton. This needs to fixed before an animation can be set
[2025.09.29-17.01.07:370][433]LogAnimation: Warning: SkeletalMesh Jump has no skeleton. This needs to fixed before an animation can be set
[2025.09.29-17.01.07:387][435]LogAnimation: Warning: SkeletalMesh Jump has no skeleton. This needs to fixed before an animation can be set
[2025.09.29-17.01.07:403][437]LogAnimation: Warning: SkeletalMesh Jump has no skeleton. This needs to fixed before an animation can be set
[2025.09.29-17.01.07:420][439]LogAnimation: Warning: SkeletalMesh Jump has no skeleton. This needs to fixed before an animation can be set
[2025.09.29-17.01.07:437][441]LogAnimation: Warning: SkeletalMesh Jump has no skeleton. This needs to fixed before an animation can be set
[2025.09.29-17.01.07:453][443]LogAnimation: Warning: SkeletalMesh Jump has no skeleton. This needs to fixed before an animation can be set
[2025.09.29-17.01.07:470][445]LogAnimation: Warning: SkeletalMesh Jump has no skeleton. This needs to fixed before an animation can be set
[2025.09.29-17.01.07:486][447]LogAnimation: Warning: SkeletalMesh Jump has no skeleton. This needs to fixed before an animation can be set
[2025.09.29-17.01.07:503][449]LogAnimation: Warning: SkeletalMesh Jump has no skeleton. This needs to fixed before an animation can be set
[2025.09.29-17.01.07:520][451]LogAnimation: Warning: SkeletalMesh Jump has no skeleton. This needs to fixed before an animation can be set
[2025.09.29-17.01.07:536][453]LogAnimation: Warning: SkeletalMesh Jump has no skeleton. This needs to fixed before an animation can be set
[2025.09.29-17.01.07:554][455]LogAnimation: Warning: SkeletalMesh Jump has no skeleton. This needs to fixed before an animation can be set
[2025.09.29-17.01.07:570][457]LogAnimation: Warning: SkeletalMesh Jump has no skeleton. This needs to fixed before an animation can be set
[2025.09.29-17.01.07:587][459]LogAnimation: Warning: SkeletalMesh Jump has no skeleton. This needs to fixed before an animation can be set
[2025.09.29-17.01.07:603][461]LogAnimation: Warning: SkeletalMesh Jump has no skeleton. This needs to fixed before an animation can be set
[2025.09.29-17.01.07:620][463]LogAnimation: Warning: SkeletalMesh Jump has no skeleton. This needs to fixed before an animation can be set
[2025.09.29-17.01.07:636][465]LogAnimation: Warning: SkeletalMesh Jump has no skeleton. This needs to fixed before an animation can be set
[2025.09.29-17.01.07:653][467]LogAnimation: Warning: SkeletalMesh Jump has no skeleton. This needs to fixed before an animation can be set
[2025.09.29-17.01.07:670][469]LogAnimation: Warning: SkeletalMesh Jump has no skeleton. This needs to fixed before an animation can be set
[2025.09.29-17.01.07:686][471]LogAnimation: Warning: SkeletalMesh Jump has no skeleton. This needs to fixed before an animation can be set
[2025.09.29-17.01.07:703][473]LogAnimation: Warning: SkeletalMesh Jump has no skeleton. This needs to fixed before an animation can be set
[2025.09.29-17.01.07:720][475]LogAnimation: Warning: SkeletalMesh Jump has no skeleton. This needs to fixed before an animation can be set
[2025.09.29-17.01.07:736][477]LogAnimation: Warning: SkeletalMesh Jump has no skeleton. This needs to fixed before an animation can be set
[2025.09.29-17.01.07:754][479]LogAnimation: Warning: SkeletalMesh Jump has no skeleton. This needs to fixed before an animation can be set
[2025.09.29-17.01.07:770][481]LogAnimation: Warning: SkeletalMesh Jump has no skeleton. This needs to fixed before an animation can be set
[2025.09.29-17.01.07:787][483]LogAnimation: Warning: SkeletalMesh Jump has no skeleton. This needs to fixed before an animation can be set
[2025.09.29-17.01.07:804][485]LogAnimation: Warning: SkeletalMesh Jump has no skeleton. This needs to fixed before an animation can be set
[2025.09.29-17.01.07:820][487]LogAnimation: Warning: SkeletalMesh Jump has no skeleton. This needs to fixed before an animation can be set
[2025.09.29-17.01.07:836][489]LogAnimation: Warning: SkeletalMesh Jump has no skeleton. This needs to fixed before an animation can be set
[2025.09.29-17.01.07:853][491]LogAnimation: Warning: SkeletalMesh Jump has no skeleton. This needs to fixed before an animation can be set
[2025.09.29-17.01.07:870][493]LogAnimation: Warning: SkeletalMesh Jump has no skeleton. This needs to fixed before an animation can be set
[2025.09.29-17.01.07:887][495]LogAnimation: Warning: SkeletalMesh Jump has no skeleton. This needs to fixed before an animation can be set
[2025.09.29-17.01.07:903][497]LogAnimation: Warning: SkeletalMesh Jump has no skeleton. This needs to fixed before an animation can be set
[2025.09.29-17.01.07:920][499]LogAnimation: Warning: SkeletalMesh Jump has no skeleton. This needs to fixed before an animation can be set
[2025.09.29-17.01.07:938][501]LogAnimation: Warning: SkeletalMesh Jump has no skeleton. This needs to fixed before an animation can be set
[2025.09.29-17.01.07:956][503]LogAnimation: Warning: SkeletalMesh Jump has no skeleton. This needs to fixed before an animation can be set
[2025.09.29-17.01.07:971][505]LogAnimation: Warning: SkeletalMesh Jump has no skeleton. This needs to fixed before an animation can be set
[2025.09.29-17.01.07:987][507]LogAnimation: Warning: SkeletalMesh Jump has no skeleton. This needs to fixed before an animation can be set
[2025.09.29-17.01.08:005][509]LogAnimation: Warning: SkeletalMesh Jump has no skeleton. This needs to fixed before an animation can be set
[2025.09.29-17.01.08:023][511]LogAnimation: Warning: SkeletalMesh Jump has no skeleton. This needs to fixed before an animation can be set
[2025.09.29-17.01.08:037][513]LogAnimation: Warning: SkeletalMesh Jump has no skeleton. This needs to fixed before an animation can be set
[2025.09.29-17.01.08:054][515]LogAnimation: Warning: SkeletalMesh Jump has no skeleton. This needs to fixed before an animation can be set
[2025.09.29-17.01.08:071][517]LogAnimation: Warning: SkeletalMesh Jump has no skeleton. This needs to fixed before an animation can be set
[2025.09.29-17.01.08:087][519]LogAnimation: Warning: SkeletalMesh Jump has no skeleton. This needs to fixed before an animation can be set
[2025.09.29-17.01.08:103][521]LogAnimation: Warning: SkeletalMesh Jump has no skeleton. This needs to fixed before an animation can be set
[2025.09.29-17.01.08:120][523]LogAnimation: Warning: SkeletalMesh Jump has no skeleton. This needs to fixed before an animation can be set
[2025.09.29-17.01.08:137][525]LogAnimation: Warning: SkeletalMesh Jump has no skeleton. This needs to fixed before an animation can be set
[2025.09.29-17.01.08:154][527]LogAnimation: Warning: SkeletalMesh Jump has no skeleton. This needs to fixed before an animation can be set
[2025.09.29-17.01.08:170][529]LogAnimation: Warning: SkeletalMesh Jump has no skeleton. This needs to fixed before an animation can be set
[2025.09.29-17.01.08:187][531]LogAnimation: Warning: SkeletalMesh Jump has no skeleton. This needs to fixed before an animation can be set
[2025.09.29-17.01.08:203][533]LogAnimation: Warning: SkeletalMesh Jump has no skeleton. This needs to fixed before an animation can be set
[2025.09.29-17.01.08:220][535]LogAnimation: Warning: SkeletalMesh Jump has no skeleton. This needs to fixed before an animation can be set
[2025.09.29-17.01.08:237][537]LogAnimation: Warning: SkeletalMesh Jump has no skeleton. This needs to fixed before an animation can be set
[2025.09.29-17.01.08:254][539]LogAnimation: Warning: SkeletalMesh Jump has no skeleton. This needs to fixed before an animation can be set
[2025.09.29-17.01.08:270][541]LogAnimation: Warning: SkeletalMesh Jump has no skeleton. This needs to fixed before an animation can be set
[2025.09.29-17.01.08:286][543]LogAnimation: Warning: SkeletalMesh Jump has no skeleton. This needs to fixed before an animation can be set
[2025.09.29-17.01.08:303][545]LogAnimation: Warning: SkeletalMesh Jump has no skeleton. This needs to fixed before an animation can be set
[2025.09.29-17.01.08:320][547]LogAnimation: Warning: SkeletalMesh Jump has no skeleton. This needs to fixed before an animation can be set
[2025.09.29-17.01.08:337][549]LogAnimation: Warning: SkeletalMesh Jump has no skeleton. This needs to fixed before an animation can be set
[2025.09.29-17.01.08:353][551]LogAnimation: Warning: SkeletalMesh Jump has no skeleton. This needs to fixed before an animation can be set
[2025.09.29-17.01.08:372][553]LogAnimation: Warning: SkeletalMesh Jump has no skeleton. This needs to fixed before an animation can be set
[2025.09.29-17.01.08:387][555]LogAnimation: Warning: SkeletalMesh Jump has no skeleton. This needs to fixed before an animation can be set
[2025.09.29-17.01.08:404][557]LogAnimation: Warning: SkeletalMesh Jump has no skeleton. This needs to fixed before an animation can be set
[2025.09.29-17.01.08:420][559]LogAnimation: Warning: SkeletalMesh Jump has no skeleton. This needs to fixed before an animation can be set
[2025.09.29-17.01.08:437][561]LogAnimation: Warning: SkeletalMesh Jump has no skeleton. This needs to fixed before an animation can be set
[2025.09.29-17.01.08:454][563]LogAnimation: Warning: SkeletalMesh Jump has no skeleton. This needs to fixed before an animation can be set
[2025.09.29-17.01.08:470][565]LogAnimation: Warning: SkeletalMesh Jump has no skeleton. This needs to fixed before an animation can be set
[2025.09.29-17.01.08:487][567]LogAnimation: Warning: SkeletalMesh Jump has no skeleton. This needs to fixed before an animation can be set
[2025.09.29-17.01.08:504][569]LogAnimation: Warning: SkeletalMesh Jump has no skeleton. This needs to fixed before an animation can be set
[2025.09.29-17.01.08:520][571]LogAnimation: Warning: SkeletalMesh Jump has no skeleton. This needs to fixed before an animation can be set
[2025.09.29-17.01.08:536][573]LogAnimation: Warning: SkeletalMesh Jump has no skeleton. This needs to fixed before an animation can be set
[2025.09.29-17.01.08:553][575]LogAnimation: Warning: SkeletalMesh Jump has no skeleton. This needs to fixed before an animation can be set
[2025.09.29-17.01.08:570][577]LogAnimation: Warning: SkeletalMesh Jump has no skeleton. This needs to fixed before an animation can be set
[2025.09.29-17.01.08:587][579]LogAnimation: Warning: SkeletalMesh Jump has no skeleton. This needs to fixed before an animation can be set
[2025.09.29-17.01.08:604][581]LogAnimation: Warning: SkeletalMesh Jump has no skeleton. This needs to fixed before an animation can be set
[2025.09.29-17.01.08:624][583]LogAnimation: Warning: SkeletalMesh Jump has no skeleton. This needs to fixed before an animation can be set
[2025.09.29-17.01.08:637][585]LogAnimation: Warning: SkeletalMesh Jump has no skeleton. This needs to fixed before an animation can be set
[2025.09.29-17.01.08:654][587]LogAnimation: Warning: SkeletalMesh Jump has no skeleton. This needs to fixed before an animation can be set
[2025.09.29-17.01.08:670][589]LogAnimation: Warning: SkeletalMesh Jump has no skeleton. This needs to fixed before an animation can be set
[2025.09.29-17.01.08:688][591]LogAnimation: Warning: SkeletalMesh Jump has no skeleton. This needs to fixed before an animation can be set
[2025.09.29-17.01.08:703][593]LogAnimation: Warning: SkeletalMesh Jump has no skeleton. This needs to fixed before an animation can be set
[2025.09.29-17.01.08:720][595]LogAnimation: Warning: SkeletalMesh Jump has no skeleton. This needs to fixed before an animation can be set
[2025.09.29-17.01.08:737][597]LogAnimation: Warning: SkeletalMesh Jump has no skeleton. This needs to fixed before an animation can be set
[2025.09.29-17.01.08:754][599]LogAnimation: Warning: SkeletalMesh Jump has no skeleton. This needs to fixed before an animation can be set
[2025.09.29-17.01.08:771][601]LogAnimation: Warning: SkeletalMesh Jump has no skeleton. This needs to fixed before an animation can be set
[2025.09.29-17.01.08:787][603]LogAnimation: Warning: SkeletalMesh Jump has no skeleton. This needs to fixed before an animation can be set
[2025.09.29-17.01.08:804][605]LogAnimation: Warning: SkeletalMesh Jump has no skeleton. This needs to fixed before an animation can be set
[2025.09.29-17.01.08:821][607]LogAnimation: Warning: SkeletalMesh Jump has no skeleton. This needs to fixed before an animation can be set
[2025.09.29-17.01.08:837][609]LogAnimation: Warning: SkeletalMesh Jump has no skeleton. This needs to fixed before an animation can be set
[2025.09.29-17.01.08:854][611]LogAnimation: Warning: SkeletalMesh Jump has no skeleton. This needs to fixed before an animation can be set
[2025.09.29-17.01.08:870][613]LogAnimation: Warning: SkeletalMesh Jump has no skeleton. This needs to fixed before an animation can be set
[2025.09.29-17.01.08:987][627]LogAnimation: Warning: SkeletalMesh Jump has no skeleton. This needs to fixed before an animation can be set
[2025.09.29-17.01.09:004][629]LogAnimation: Warning: SkeletalMesh Jump has no skeleton. This needs to fixed before an animation can be set
[2025.09.29-17.01.09:020][631]LogAnimation: Warning: SkeletalMesh Jump has no skeleton. This needs to fixed before an animation can be set
[2025.09.29-17.01.09:037][633]LogAnimation: Warning: SkeletalMesh Jump has no skeleton. This needs to fixed before an animation can be set
[2025.09.29-17.01.10:314][785]LogAnimation: Warning: SkeletalMesh Jump has no skeleton. This needs to fixed before an animation can be set
[2025.09.29-17.01.10:321][786]LogAnimation: Warning: SkeletalMesh Jump has no skeleton. This needs to fixed before an animation can be set
[2025.09.29-17.01.10:338][788]LogAnimation: Warning: SkeletalMesh Jump has no skeleton. This needs to fixed before an animation can be set
[2025.09.29-17.01.10:354][790]LogAnimation: Warning: SkeletalMesh Jump has no skeleton. This needs to fixed before an animation can be set
[2025.09.29-17.01.10:371][792]LogAnimation: Warning: SkeletalMesh Jump has no skeleton. This needs to fixed before an animation can be set
[2025.09.29-17.01.10:388][794]LogAnimation: Warning: SkeletalMesh Jump has no skeleton. This needs to fixed before an animation can be set
[2025.09.29-17.01.10:404][796]LogAnimation: Warning: SkeletalMesh Jump has no skeleton. This needs to fixed before an animation can be set
[2025.09.29-17.01.10:421][798]LogAnimation: Warning: SkeletalMesh Jump has no skeleton. This needs to fixed before an animation can be set
[2025.09.29-17.01.10:437][800]LogAnimation: Warning: SkeletalMesh Jump has no skeleton. This needs to fixed before an animation can be set
[2025.09.29-17.01.10:454][802]LogAnimation: Warning: SkeletalMesh Jump has no skeleton. This needs to fixed before an animation can be set
[2025.09.29-17.01.10:471][804]LogAnimation: Warning: SkeletalMesh Jump has no skeleton. This needs to fixed before an animation can be set
[2025.09.29-17.01.10:490][806]LogAnimation: Warning: SkeletalMesh Jump has no skeleton. This needs to fixed before an animation can be set
[2025.09.29-17.01.10:506][808]LogAnimation: Warning: SkeletalMesh Jump has no skeleton. This needs to fixed before an animation can be set
[2025.09.29-17.01.10:523][810]LogAnimation: Warning: SkeletalMesh Jump has no skeleton. This needs to fixed before an animation can be set
[2025.09.29-17.01.10:540][812]LogAnimation: Warning: SkeletalMesh Jump has no skeleton. This needs to fixed before an animation can be set
[2025.09.29-17.01.10:557][814]LogAnimation: Warning: SkeletalMesh Jump has no skeleton. This needs to fixed before an animation can be set
[2025.09.29-17.01.10:572][816]LogAnimation: Warning: SkeletalMesh Jump has no skeleton. This needs to fixed before an animation can be set
[2025.09.29-17.01.10:590][818]LogAnimation: Warning: SkeletalMesh Jump has no skeleton. This needs to fixed before an animation can be set
[2025.09.29-17.01.10:606][820]LogAnimation: Warning: SkeletalMesh Jump has no skeleton. This needs to fixed before an animation can be set
[2025.09.29-17.01.10:623][822]LogAnimation: Warning: SkeletalMesh Jump has no skeleton. This needs to fixed before an animation can be set
[2025.09.29-17.01.10:641][824]LogAnimation: Warning: SkeletalMesh Jump has no skeleton. This needs to fixed before an animation can be set
[2025.09.29-17.01.10:655][826]LogAnimation: Warning: SkeletalMesh Jump has no skeleton. This needs to fixed before an animation can be set
[2025.09.29-17.01.10:673][828]LogAnimation: Warning: SkeletalMesh Jump has no skeleton. This needs to fixed before an animation can be set
[2025.09.29-17.01.10:690][830]LogAnimation: Warning: SkeletalMesh Jump has no skeleton. This needs to fixed before an animation can be set
[2025.09.29-17.01.10:705][832]LogAnimation: Warning: SkeletalMesh Jump has no skeleton. This needs to fixed before an animation can be set
[2025.09.29-17.01.10:721][834]LogAnimation: Warning: SkeletalMesh Jump has no skeleton. This needs to fixed before an animation can be set
[2025.09.29-17.01.10:739][836]LogAnimation: Warning: SkeletalMesh Jump has no skeleton. This needs to fixed before an animation can be set
[2025.09.29-17.01.10:756][838]LogAnimation: Warning: SkeletalMesh Jump has no skeleton. This needs to fixed before an animation can be set
[2025.09.29-17.01.10:772][840]LogAnimation: Warning: SkeletalMesh Jump has no skeleton. This needs to fixed before an animation can be set
[2025.09.29-17.01.10:789][842]LogAnimation: Warning: SkeletalMesh Jump has no skeleton. This needs to fixed before an animation can be set
[2025.09.29-17.01.10:806][844]LogAnimation: Warning: SkeletalMesh Jump has no skeleton. This needs to fixed before an animation can be set
[2025.09.29-17.01.10:823][846]LogAnimation: Warning: SkeletalMesh Jump has no skeleton. This needs to fixed before an animation can be set
[2025.09.29-17.01.10:839][848]LogAnimation: Warning: SkeletalMesh Jump has no skeleton. This needs to fixed before an animation can be set
[2025.09.29-17.01.10:855][850]LogAnimation: Warning: SkeletalMesh Jump has no skeleton. This needs to fixed before an animation can be set
[2025.09.29-17.01.10:872][852]LogAnimation: Warning: SkeletalMesh Jump has no skeleton. This needs to fixed before an animation can be set
[2025.09.29-17.01.10:888][854]LogAnimation: Warning: SkeletalMesh Jump has no skeleton. This needs to fixed before an animation can be set
[2025.09.29-17.01.10:905][856]LogAnimation: Warning: SkeletalMesh Jump has no skeleton. This needs to fixed before an animation can be set
[2025.09.29-17.01.10:922][858]LogAnimation: Warning: SkeletalMesh Jump has no skeleton. This needs to fixed before an animation can be set
[2025.09.29-17.01.10:939][860]LogAnimation: Warning: SkeletalMesh Jump has no skeleton. This needs to fixed before an animation can be set
[2025.09.29-17.01.10:956][862]LogAnimation: Warning: SkeletalMesh Jump has no skeleton. This needs to fixed before an animation can be set
[2025.09.29-17.01.10:972][864]LogAnimation: Warning: SkeletalMesh Jump has no skeleton. This needs to fixed before an animation can be set
[2025.09.29-17.01.10:989][866]LogAnimation: Warning: SkeletalMesh Jump has no skeleton. This needs to fixed before an animation can be set
[2025.09.29-17.01.11:006][868]LogAnimation: Warning: SkeletalMesh Jump has no skeleton. This needs to fixed before an animation can be set
[2025.09.29-17.01.11:023][870]LogAnimation: Warning: SkeletalMesh Jump has no skeleton. This needs to fixed before an animation can be set
[2025.09.29-17.01.11:041][872]LogAnimation: Warning: SkeletalMesh Jump has no skeleton. This needs to fixed before an animation can be set
[2025.09.29-17.01.11:056][874]LogAnimation: Warning: SkeletalMesh Jump has no skeleton. This needs to fixed before an animation can be set
[2025.09.29-17.01.11:072][876]LogAnimation: Warning: SkeletalMesh Jump has no skeleton. This needs to fixed before an animation can be set
[2025.09.29-17.01.11:089][878]LogAnimation: Warning: SkeletalMesh Jump has no skeleton. This needs to fixed before an animation can be set
[2025.09.29-17.01.11:105][880]LogAnimation: Warning: SkeletalMesh Jump has no skeleton. This needs to fixed before an animation can be set
[2025.09.29-17.01.11:223][894]LogAnimation: Warning: SkeletalMesh Jump has no skeleton. This needs to fixed before an animation can be set
[2025.09.29-17.01.11:239][896]LogAnimation: Warning: SkeletalMesh Jump has no skeleton. This needs to fixed before an animation can be set
[2025.09.29-17.01.11:255][898]LogAnimation: Warning: SkeletalMesh Jump has no skeleton. This needs to fixed before an animation can be set
[2025.09.29-17.01.11:272][900]LogAnimation: Warning: SkeletalMesh Jump has no skeleton. This needs to fixed before an animation can be set
[2025.09.29-17.01.11:289][902]LogAnimation: Warning: SkeletalMesh Jump has no skeleton. This needs to fixed before an animation can be set
[2025.09.29-17.01.12:709][ 70]LogAssetEditorManager: Opening Asset editor for SkeletalMesh /Game/Mannequin/Cat/ska.ska
[2025.09.29-17.01.12:714][ 70]LogActorComponent: RegisterComponentWithWorld: (/Engine/Transient.World_37:PersistentLevel.AnimationEditorPreviewActor_0.DebugSkelMeshComponent_0) Already registered. Aborting.
[2025.09.29-17.01.12:731][ 70]LogSkeletalMesh: USkeletalMeshComponent::InitArticulated : Bodies already created (/Engine/Transient.World_37:PersistentLevel.AnimationEditorPreviewActor_0.DebugSkelMeshComponent_0) - call TermArticulated first.
[2025.09.29-17.01.27:831][860]LogSlate: Window 'ska' being destroyed
[2025.09.29-17.01.27:836][860]LogWorld: UWorld::CleanupWorld for World_37, bSessionEnded=true, bCleanupResources=true
[2025.09.29-17.01.36:393][880]LogAnimation: Warning: SkeletalMesh Jump has no skeleton. This needs to fixed before an animation can be set
[2025.09.29-17.01.36:394][880]LogAnimation: Warning: SkeletalMesh Jump has no skeleton. This needs to fixed before an animation can be set
[2025.09.29-17.01.36:401][881]LogAnimation: Warning: SkeletalMesh Jump has no skeleton. This needs to fixed before an animation can be set
[2025.09.29-17.01.36:417][883]LogAnimation: Warning: SkeletalMesh Jump has no skeleton. This needs to fixed before an animation can be set
[2025.09.29-17.01.36:434][885]LogAnimation: Warning: SkeletalMesh Jump has no skeleton. This needs to fixed before an animation can be set
[2025.09.29-17.01.36:450][887]LogAnimation: Warning: SkeletalMesh Jump has no skeleton. This needs to fixed before an animation can be set
[2025.09.29-17.01.36:467][889]LogAnimation: Warning: SkeletalMesh Jump has no skeleton. This needs to fixed before an animation can be set
[2025.09.29-17.01.36:484][891]LogAnimation: Warning: SkeletalMesh Jump has no skeleton. This needs to fixed before an animation can be set
[2025.09.29-17.01.36:501][893]LogAnimation: Warning: SkeletalMesh Jump has no skeleton. This needs to fixed before an animation can be set
[2025.09.29-17.01.36:517][895]LogAnimation: Warning: SkeletalMesh Jump has no skeleton. This needs to fixed before an animation can be set
[2025.09.29-17.01.36:534][897]LogAnimation: Warning: SkeletalMesh Jump has no skeleton. This needs to fixed before an animation can be set
[2025.09.29-17.01.36:551][899]LogAnimation: Warning: SkeletalMesh Jump has no skeleton. This needs to fixed before an animation can be set
[2025.09.29-17.01.36:567][901]LogAnimation: Warning: SkeletalMesh Jump has no skeleton. This needs to fixed before an animation can be set
[2025.09.29-17.01.36:584][903]LogAnimation: Warning: SkeletalMesh Jump has no skeleton. This needs to fixed before an animation can be set
[2025.09.29-17.01.36:600][905]LogAnimation: Warning: SkeletalMesh Jump has no skeleton. This needs to fixed before an animation can be set
[2025.09.29-17.01.36:618][907]LogAnimation: Warning: SkeletalMesh Jump has no skeleton. This needs to fixed before an animation can be set
[2025.09.29-17.01.36:634][909]LogAnimation: Warning: SkeletalMesh Jump has no skeleton. This needs to fixed before an animation can be set
[2025.09.29-17.01.36:651][911]LogAnimation: Warning: SkeletalMesh Jump has no skeleton. This needs to fixed before an animation can be set
[2025.09.29-17.01.36:667][913]LogAnimation: Warning: SkeletalMesh Jump has no skeleton. This needs to fixed before an animation can be set
[2025.09.29-17.01.36:684][915]LogAnimation: Warning: SkeletalMesh Jump has no skeleton. This needs to fixed before an animation can be set
[2025.09.29-17.01.36:701][917]LogAnimation: Warning: SkeletalMesh Jump has no skeleton. This needs to fixed before an animation can be set
[2025.09.29-17.01.36:717][919]LogAnimation: Warning: SkeletalMesh Jump has no skeleton. This needs to fixed before an animation can be set
[2025.09.29-17.01.36:734][921]LogAnimation: Warning: SkeletalMesh Jump has no skeleton. This needs to fixed before an animation can be set
[2025.09.29-17.01.36:751][923]LogAnimation: Warning: SkeletalMesh Jump has no skeleton. This needs to fixed before an animation can be set
[2025.09.29-17.01.36:767][925]LogAnimation: Warning: SkeletalMesh Jump has no skeleton. This needs to fixed before an animation can be set
[2025.09.29-17.01.36:784][927]LogAnimation: Warning: SkeletalMesh Jump has no skeleton. This needs to fixed before an animation can be set
[2025.09.29-17.01.36:801][929]LogAnimation: Warning: SkeletalMesh Jump has no skeleton. This needs to fixed before an animation can be set
[2025.09.29-17.01.36:820][931]LogAnimation: Warning: SkeletalMesh Jump has no skeleton. This needs to fixed before an animation can be set
[2025.09.29-17.01.36:835][933]LogAnimation: Warning: SkeletalMesh Jump has no skeleton. This needs to fixed before an animation can be set
[2025.09.29-17.01.36:851][935]LogAnimation: Warning: SkeletalMesh Jump has no skeleton. This needs to fixed before an animation can be set
[2025.09.29-17.01.36:868][937]LogAnimation: Warning: SkeletalMesh Jump has no skeleton. This needs to fixed before an animation can be set
[2025.09.29-17.01.36:886][939]LogAnimation: Warning: SkeletalMesh Jump has no skeleton. This needs to fixed before an animation can be set
[2025.09.29-17.01.36:902][941]LogAnimation: Warning: SkeletalMesh Jump has no skeleton. This needs to fixed before an animation can be set
[2025.09.29-17.01.36:919][943]LogAnimation: Warning: SkeletalMesh Jump has no skeleton. This needs to fixed before an animation can be set
[2025.09.29-17.01.36:935][945]LogAnimation: Warning: SkeletalMesh Jump has no skeleton. This needs to fixed before an animation can be set
[2025.09.29-17.01.36:952][947]LogAnimation: Warning: SkeletalMesh Jump has no skeleton. This needs to fixed before an animation can be set
[2025.09.29-17.01.36:968][949]LogAnimation: Warning: SkeletalMesh Jump has no skeleton. This needs to fixed before an animation can be set
[2025.09.29-17.01.36:985][951]LogAnimation: Warning: SkeletalMesh Jump has no skeleton. This needs to fixed before an animation can be set
[2025.09.29-17.01.37:002][953]LogAnimation: Warning: SkeletalMesh Jump has no skeleton. This needs to fixed before an animation can be set
[2025.09.29-17.01.37:018][955]LogAnimation: Warning: SkeletalMesh Jump has no skeleton. This needs to fixed before an animation can be set
[2025.09.29-17.01.37:035][957]LogAnimation: Warning: SkeletalMesh Jump has no skeleton. This needs to fixed before an animation can be set
[2025.09.29-17.01.37:051][959]LogAnimation: Warning: SkeletalMesh Jump has no skeleton. This needs to fixed before an animation can be set
[2025.09.29-17.01.37:068][961]LogAnimation: Warning: SkeletalMesh Jump has no skeleton. This needs to fixed before an animation can be set
[2025.09.29-17.01.37:085][963]LogAnimation: Warning: SkeletalMesh Jump has no skeleton. This needs to fixed before an animation can be set
[2025.09.29-17.01.37:102][965]LogAnimation: Warning: SkeletalMesh Jump has no skeleton. This needs to fixed before an animation can be set
[2025.09.29-17.01.37:119][967]LogAnimation: Warning: SkeletalMesh Jump has no skeleton. This needs to fixed before an animation can be set
[2025.09.29-17.01.37:136][969]LogAnimation: Warning: SkeletalMesh Jump has no skeleton. This needs to fixed before an animation can be set
[2025.09.29-17.01.37:152][971]LogAnimation: Warning: SkeletalMesh Jump has no skeleton. This needs to fixed before an animation can be set
[2025.09.29-17.01.37:168][973]LogAnimation: Warning: SkeletalMesh Jump has no skeleton. This needs to fixed before an animation can be set
[2025.09.29-17.01.37:185][975]LogAnimation: Warning: SkeletalMesh Jump has no skeleton. This needs to fixed before an animation can be set
[2025.09.29-17.01.37:202][977]LogAnimation: Warning: SkeletalMesh Jump has no skeleton. This needs to fixed before an animation can be set
[2025.09.29-17.01.37:219][979]LogAnimation: Warning: SkeletalMesh Jump has no skeleton. This needs to fixed before an animation can be set
[2025.09.29-17.01.37:236][981]LogAnimation: Warning: SkeletalMesh Jump has no skeleton. This needs to fixed before an animation can be set
[2025.09.29-17.01.37:252][983]LogAnimation: Warning: SkeletalMesh Jump has no skeleton. This needs to fixed before an animation can be set
[2025.09.29-17.01.37:269][985]LogAnimation: Warning: SkeletalMesh Jump has no skeleton. This needs to fixed before an animation can be set
[2025.09.29-17.01.37:285][987]LogAnimation: Warning: SkeletalMesh Jump has no skeleton. This needs to fixed before an animation can be set
[2025.09.29-17.01.37:302][989]LogAnimation: Warning: SkeletalMesh Jump has no skeleton. This needs to fixed before an animation can be set
[2025.09.29-17.01.37:318][991]LogAnimation: Warning: SkeletalMesh Jump has no skeleton. This needs to fixed before an animation can be set
[2025.09.29-17.01.37:335][993]LogAnimation: Warning: SkeletalMesh Jump has no skeleton. This needs to fixed before an animation can be set
[2025.09.29-17.01.37:352][995]LogAnimation: Warning: SkeletalMesh Jump has no skeleton. This needs to fixed before an animation can be set
[2025.09.29-17.01.37:369][997]LogAnimation: Warning: SkeletalMesh Jump has no skeleton. This needs to fixed before an animation can be set
[2025.09.29-17.01.37:385][999]LogAnimation: Warning: SkeletalMesh Jump has no skeleton. This needs to fixed before an animation can be set
[2025.09.29-17.01.37:402][  1]LogAnimation: Warning: SkeletalMesh Jump has no skeleton. This needs to fixed before an animation can be set
[2025.09.29-17.01.37:419][  3]LogAnimation: Warning: SkeletalMesh Jump has no skeleton. This needs to fixed before an animation can be set
[2025.09.29-17.01.37:535][ 17]LogAnimation: Warning: SkeletalMesh Jump has no skeleton. This needs to fixed before an animation can be set
[2025.09.29-17.01.37:552][ 19]LogAnimation: Warning: SkeletalMesh Jump has no skeleton. This needs to fixed before an animation can be set
[2025.09.29-17.01.37:569][ 21]LogAnimation: Warning: SkeletalMesh Jump has no skeleton. This needs to fixed before an animation can be set
[2025.09.29-17.01.37:585][ 23]LogAnimation: Warning: SkeletalMesh Jump has no skeleton. This needs to fixed before an animation can be set
[2025.09.29-17.01.37:602][ 25]LogAnimation: Warning: SkeletalMesh Jump has no skeleton. This needs to fixed before an animation can be set
[2025.09.29-17.01.37:618][ 27]LogAnimation: Warning: SkeletalMesh Jump has no skeleton. This needs to fixed before an animation can be set
[2025.09.29-17.01.37:635][ 29]LogAnimation: Warning: SkeletalMesh Jump has no skeleton. This needs to fixed before an animation can be set
[2025.09.29-17.01.37:652][ 31]LogAnimation: Warning: SkeletalMesh Jump has no skeleton. This needs to fixed before an animation can be set
[2025.09.29-17.01.37:669][ 33]LogAnimation: Warning: SkeletalMesh Jump has no skeleton. This needs to fixed before an animation can be set
[2025.09.29-17.01.37:685][ 35]LogAnimation: Warning: SkeletalMesh Jump has no skeleton. This needs to fixed before an animation can be set
[2025.09.29-17.01.37:702][ 37]LogAnimation: Warning: SkeletalMesh Jump has no skeleton. This needs to fixed before an animation can be set
[2025.09.29-17.01.37:718][ 39]LogAnimation: Warning: SkeletalMesh Jump has no skeleton. This needs to fixed before an animation can be set
[2025.09.29-17.01.37:735][ 41]LogAnimation: Warning: SkeletalMesh Jump has no skeleton. This needs to fixed before an animation can be set
[2025.09.29-17.01.37:752][ 43]LogAnimation: Warning: SkeletalMesh Jump has no skeleton. This needs to fixed before an animation can be set
[2025.09.29-17.01.37:769][ 45]LogAnimation: Warning: SkeletalMesh Jump has no skeleton. This needs to fixed before an animation can be set
[2025.09.29-17.01.37:785][ 47]LogAnimation: Warning: SkeletalMesh Jump has no skeleton. This needs to fixed before an animation can be set
[2025.09.29-17.01.37:803][ 49]LogAnimation: Warning: SkeletalMesh Jump has no skeleton. This needs to fixed before an animation can be set
[2025.09.29-17.01.37:819][ 51]LogAnimation: Warning: SkeletalMesh Jump has no skeleton. This needs to fixed before an animation can be set
[2025.09.29-17.01.37:836][ 53]LogAnimation: Warning: SkeletalMesh Jump has no skeleton. This needs to fixed before an animation can be set
[2025.09.29-17.01.37:853][ 55]LogAnimation: Warning: SkeletalMesh Jump has no skeleton. This needs to fixed before an animation can be set
[2025.09.29-17.01.37:869][ 57]LogAnimation: Warning: SkeletalMesh Jump has no skeleton. This needs to fixed before an animation can be set
[2025.09.29-17.01.37:885][ 59]LogAnimation: Warning: SkeletalMesh Jump has no skeleton. This needs to fixed before an animation can be set
[2025.09.29-17.01.37:902][ 61]LogAnimation: Warning: SkeletalMesh Jump has no skeleton. This needs to fixed before an animation can be set
[2025.09.29-17.01.37:919][ 63]LogAnimation: Warning: SkeletalMesh Jump has no skeleton. This needs to fixed before an animation can be set
[2025.09.29-17.01.37:935][ 65]LogAnimation: Warning: SkeletalMesh Jump has no skeleton. This needs to fixed before an animation can be set
[2025.09.29-17.01.37:952][ 67]LogAnimation: Warning: SkeletalMesh Jump has no skeleton. This needs to fixed before an animation can be set
[2025.09.29-17.01.37:969][ 69]LogAnimation: Warning: SkeletalMesh Jump has no skeleton. This needs to fixed before an animation can be set
[2025.09.29-17.01.37:985][ 71]LogAnimation: Warning: SkeletalMesh Jump has no skeleton. This needs to fixed before an animation can be set
[2025.09.29-17.01.38:002][ 73]LogAnimation: Warning: SkeletalMesh Jump has no skeleton. This needs to fixed before an animation can be set
[2025.09.29-17.01.38:018][ 75]LogAnimation: Warning: SkeletalMesh Jump has no skeleton. This needs to fixed before an animation can be set
[2025.09.29-17.01.38:036][ 77]LogAnimation: Warning: SkeletalMesh Jump has no skeleton. This needs to fixed before an animation can be set
[2025.09.29-17.01.38:052][ 79]LogAnimation: Warning: SkeletalMesh Jump has no skeleton. This needs to fixed before an animation can be set
[2025.09.29-17.01.38:068][ 81]LogAnimation: Warning: SkeletalMesh Jump has no skeleton. This needs to fixed before an animation can be set
[2025.09.29-17.01.38:085][ 83]LogAnimation: Warning: SkeletalMesh Jump has no skeleton. This needs to fixed before an animation can be set
[2025.09.29-17.01.38:102][ 85]LogAnimation: Warning: SkeletalMesh Jump has no skeleton. This needs to fixed before an animation can be set
[2025.09.29-17.01.38:119][ 87]LogAnimation: Warning: SkeletalMesh Jump has no skeleton. This needs to fixed before an animation can be set
[2025.09.29-17.01.38:136][ 89]LogAnimation: Warning: SkeletalMesh Jump has no skeleton. This needs to fixed before an animation can be set
[2025.09.29-17.01.38:152][ 91]LogAnimation: Warning: SkeletalMesh Jump has no skeleton. This needs to fixed before an animation can be set
[2025.09.29-17.01.38:169][ 93]LogAnimation: Warning: SkeletalMesh Jump has no skeleton. This needs to fixed before an animation can be set
[2025.09.29-17.01.38:185][ 95]LogAnimation: Warning: SkeletalMesh Jump has no skeleton. This needs to fixed before an animation can be set
[2025.09.29-17.01.38:202][ 97]LogAnimation: Warning: SkeletalMesh Jump has no skeleton. This needs to fixed before an animation can be set
[2025.09.29-17.01.38:218][ 99]LogAnimation: Warning: SkeletalMesh Jump has no skeleton. This needs to fixed before an animation can be set
[2025.09.29-17.01.38:235][101]LogAnimation: Warning: SkeletalMesh Jump has no skeleton. This needs to fixed before an animation can be set
[2025.09.29-17.01.38:252][103]LogAnimation: Warning: SkeletalMesh Jump has no skeleton. This needs to fixed before an animation can be set
[2025.09.29-17.01.38:268][105]LogAnimation: Warning: SkeletalMesh Jump has no skeleton. This needs to fixed before an animation can be set
[2025.09.29-17.01.38:285][107]LogAnimation: Warning: SkeletalMesh Jump has no skeleton. This needs to fixed before an animation can be set
[2025.09.29-17.01.38:302][109]LogAnimation: Warning: SkeletalMesh Jump has no skeleton. This needs to fixed before an animation can be set
[2025.09.29-17.01.38:411][122]LogAnimation: Warning: SkeletalMesh Jump has no skeleton. This needs to fixed before an animation can be set
[2025.09.29-17.01.38:427][124]LogAnimation: Warning: SkeletalMesh Jump has no skeleton. This needs to fixed before an animation can be set
[2025.09.29-17.01.38:443][126]LogAnimation: Warning: SkeletalMesh Jump has no skeleton. This needs to fixed before an animation can be set
[2025.09.29-17.01.38:460][128]LogAnimation: Warning: SkeletalMesh Jump has no skeleton. This needs to fixed before an animation can be set
[2025.09.29-17.01.38:477][130]LogAnimation: Warning: SkeletalMesh Jump has no skeleton. This needs to fixed before an animation can be set
[2025.09.29-17.01.38:494][131]LogAssetEditorManager: Opening Asset editor for SkeletalMesh /Game/Mannequin/Jump.Jump
[2025.09.29-17.01.39:541][131]LogSlate: Window 'Message' being destroyed
[2025.09.29-17.01.39:556][131]LogActorComponent: RegisterComponentWithWorld: (/Engine/Transient.World_38:PersistentLevel.AnimationEditorPreviewActor_0.DebugSkelMeshComponent_0) Already registered. Aborting.
[2025.09.29-17.01.39:569][131]LogSkeletalMesh: USkeletalMeshComponent::InitArticulated : Bodies already created (/Engine/Transient.World_38:PersistentLevel.AnimationEditorPreviewActor_0.DebugSkelMeshComponent_0) - call TermArticulated first.
[2025.09.29-17.01.43:335][570]LogSlate: FSceneViewport::OnFocusLost() reason 5
[2025.09.29-17.01.43:345][570]Cmd: OBJ SAVEPACKAGE PACKAGE="/Game/Mannequin/Jump" FILE="E:/GameJamHGGUnreal4.23.1/GameJamCrew/Content/Mannequin/Jump.uasset" SILENT=true
[2025.09.29-17.01.43:355][570]LogSavePackage: Moving 'E:/GameJamHGGUnreal4.23.1/GameJamCrew/Saved/Jump57DEBA5D474C17026BF6898CCF05C7BC.tmp' to 'E:/GameJamHGGUnreal4.23.1/GameJamCrew/Content/Mannequin/Jump.uasset'
[2025.09.29-17.01.44:153][663]LogSlate: Window 'Jump' being destroyed
[2025.09.29-17.01.44:158][663]LogWorld: UWorld::CleanupWorld for World_38, bSessionEnded=true, bCleanupResources=true
[2025.09.29-17.01.45:798][850]Cmd: OBJ SAVEPACKAGE PACKAGE="/Game/Mannequin/Default_Material" FILE="E:/GameJamHGGUnreal4.23.1/GameJamCrew/Content/Mannequin/Default_Material.uasset" SILENT=true
[2025.09.29-17.01.45:805][850]LogSavePackage: Moving 'E:/GameJamHGGUnreal4.23.1/GameJamCrew/Saved/Default_MaterialD32E4E384D61D5782348888BEE602D56.tmp' to 'E:/GameJamHGGUnreal4.23.1/GameJamCrew/Content/Mannequin/Default_Material.uasset'
[2025.09.29-17.01.45:807][850]Cmd: OBJ SAVEPACKAGE PACKAGE="/Game/Mannequin/Jump" FILE="E:/GameJamHGGUnreal4.23.1/GameJamCrew/Content/Mannequin/Jump.uasset" SILENT=true
[2025.09.29-17.01.45:813][850]LogSavePackage: Moving 'E:/GameJamHGGUnreal4.23.1/GameJamCrew/Saved/Jump5B898D964E18DC8AAD4700A55BA72007.tmp' to 'E:/GameJamHGGUnreal4.23.1/GameJamCrew/Content/Mannequin/Jump.uasset'
[2025.09.29-17.01.45:817][850]Cmd: OBJ SAVEPACKAGE PACKAGE="/Game/Mannequin/Jump_Anim" FILE="E:/GameJamHGGUnreal4.23.1/GameJamCrew/Content/Mannequin/Jump_Anim.uasset" SILENT=true
[2025.09.29-17.01.45:820][850]LogSavePackage: Moving 'E:/GameJamHGGUnreal4.23.1/GameJamCrew/Saved/Jump_Anim1CE454A9487735498198C99297288D09.tmp' to 'E:/GameJamHGGUnreal4.23.1/GameJamCrew/Content/Mannequin/Jump_Anim.uasset'
[2025.09.29-17.01.45:827][850]Cmd: OBJ SAVEPACKAGE PACKAGE="/Game/Mannequin/Jump_PhysicsAsset" FILE="E:/GameJamHGGUnreal4.23.1/GameJamCrew/Content/Mannequin/Jump_PhysicsAsset.uasset" SILENT=true
[2025.09.29-17.01.45:833][850]LogSavePackage: Moving 'E:/GameJamHGGUnreal4.23.1/GameJamCrew/Saved/Jump_PhysicsAsset1D8F257F43096E8244CE3480DBDD2285.tmp' to 'E:/GameJamHGGUnreal4.23.1/GameJamCrew/Content/Mannequin/Jump_PhysicsAsset.uasset'
[2025.09.29-17.01.45:837][850]Cmd: OBJ SAVEPACKAGE PACKAGE="/Game/Mannequin/Jump_Skeleton" FILE="E:/GameJamHGGUnreal4.23.1/GameJamCrew/Content/Mannequin/Jump_Skeleton.uasset" SILENT=true
[2025.09.29-17.01.45:838][850]LogSavePackage: Moving 'E:/GameJamHGGUnreal4.23.1/GameJamCrew/Saved/Jump_Skeleton34416FFA433723A77FF002B7B882C6C2.tmp' to 'E:/GameJamHGGUnreal4.23.1/GameJamCrew/Content/Mannequin/Jump_Skeleton.uasset'
[2025.09.29-17.01.49:104][238]LogAssetEditorManager: Opening Asset editor for SkeletalMesh /Game/Mannequin/Jump.Jump
[2025.09.29-17.01.49:108][238]LogActorComponent: RegisterComponentWithWorld: (/Engine/Transient.World_39:PersistentLevel.AnimationEditorPreviewActor_0.DebugSkelMeshComponent_0) Already registered. Aborting.
[2025.09.29-17.01.49:125][238]LogSkeletalMesh: USkeletalMeshComponent::InitArticulated : Bodies already created (/Engine/Transient.World_39:PersistentLevel.AnimationEditorPreviewActor_0.DebugSkelMeshComponent_0) - call TermArticulated first.
[2025.09.29-17.02.21:076][328]LogSlate: Window 'Jump' being destroyed
[2025.09.29-17.02.21:081][328]LogWorld: UWorld::CleanupWorld for World_39, bSessionEnded=true, bCleanupResources=true
[2025.09.29-17.02.25:021][790]LogAssetEditorManager: Opening Asset editor for AnimBlueprint /Game/Mannequin/Cat/CatBluePrint.CatBluePrint
[2025.09.29-17.02.25:030][790]LogActorComponent: RegisterComponentWithWorld: (/Engine/Transient.World_41:PersistentLevel.AnimationEditorPreviewActor_0.DebugSkelMeshComponent_0) Already registered. Aborting.
[2025.09.29-17.02.25:153][790]LogContentBrowser: Native class hierarchy updated for 'BlueprintGraph' in 0.0004 seconds. Added 121 classes and 0 folders.
[2025.09.29-17.02.25:546][790]LogSkeletalMesh: USkeletalMeshComponent::InitArticulated : Bodies already created (/Engine/Transient.World_41:PersistentLevel.AnimationEditorPreviewActor_0.DebugSkelMeshComponent_0) - call TermArticulated first.
[2025.09.29-17.02.25:654][790]LogSlate: Took 0.000233 seconds to synchronously load lazily loaded font '../../../Engine/Content/Slate/Fonts/Roboto-BoldCondensed.ttf' (158K)
[2025.09.29-17.02.25:691][790]LogContentBrowser: Verbose: The majority of assets in the view are of type: AnimSequence
[2025.09.29-17.02.29:639][257]LogAssetEditorManager: Opening Asset editor for SkeletalMesh /Game/Mannequin/Cat/ska.ska
[2025.09.29-17.02.29:644][257]LogActorComponent: RegisterComponentWithWorld: (/Engine/Transient.World_43:PersistentLevel.AnimationEditorPreviewActor_0.DebugSkelMeshComponent_0) Already registered. Aborting.
[2025.09.29-17.02.29:656][257]LogSkeletalMesh: USkeletalMeshComponent::InitArticulated : Bodies already created (/Engine/Transient.World_43:PersistentLevel.AnimationEditorPreviewActor_0.DebugSkelMeshComponent_0) - call TermArticulated first.
[2025.09.29-17.02.35:951][992]LogSkeletalMesh: Building Skeletal Mesh ska...
[2025.09.29-17.02.35:953][992]LogSkeletalMesh: Built Skeletal Mesh [0.00s] /Game/Mannequin/Cat/ska.ska
[2025.09.29-17.02.38:834][332]LogSkeletalMesh: Building Skeletal Mesh ska...
[2025.09.29-17.02.38:836][332]LogSkeletalMesh: Built Skeletal Mesh [0.00s] /Game/Mannequin/Cat/ska.ska
[2025.09.29-17.02.57:656][589]LogAssetEditorManager: Opening Asset editor for Skeleton /Game/Mannequin/Cat/sk.sk
[2025.09.29-17.02.57:660][589]LogActorComponent: RegisterComponentWithWorld: (/Engine/Transient.World_44:PersistentLevel.AnimationEditorPreviewActor_0.DebugSkelMeshComponent_0) Already registered. Aborting.
[2025.09.29-17.02.57:674][589]LogSkeletalMesh: USkeletalMeshComponent::InitArticulated : Bodies already created (/Engine/Transient.World_44:PersistentLevel.AnimationEditorPreviewActor_0.DebugSkelMeshComponent_0) - call TermArticulated first.
[2025.09.29-17.03.03:560][280]LogActorComponent: RegisterComponentWithWorld: (/Engine/Transient.World_44:PersistentLevel.AnimationEditorPreviewActor_0.DebugSkelMeshComponent_0) Already registered. Aborting.
[2025.09.29-17.03.13:357][448]LogWorld: UWorld::CleanupWorld for World_44, bSessionEnded=true, bCleanupResources=true
[2025.09.29-17.03.15:150][657]LogWorld: UWorld::CleanupWorld for World_43, bSessionEnded=true, bCleanupResources=true
[2025.09.29-17.03.51:317][443]LogSlate: Window 'CatBluePrint' being destroyed
[2025.09.29-17.03.51:334][443]LogWorld: UWorld::CleanupWorld for World_41, bSessionEnded=true, bCleanupResources=true
[2025.09.29-17.03.51:337][443]LogWorld: UWorld::CleanupWorld for World_40, bSessionEnded=true, bCleanupResources=true
[2025.09.29-17.03.51:389][443]LogWorld: UWorld::CleanupWorld for World_42, bSessionEnded=true, bCleanupResources=true
[2025.09.29-17.04.14:798][ 13]Cmd: OBJ SAVEPACKAGE PACKAGE="/Game/Mannequin/Cat/sk" FILE="E:/GameJamHGGUnreal4.23.1/GameJamCrew/Content/Mannequin/Cat/sk.uasset" SILENT=true
[2025.09.29-17.04.14:801][ 13]LogSavePackage: Moving 'E:/GameJamHGGUnreal4.23.1/GameJamCrew/Saved/sk97BB3E5F49EB6C09C29EF3950B38C6AF.tmp' to 'E:/GameJamHGGUnreal4.23.1/GameJamCrew/Content/Mannequin/Cat/sk.uasset'
[2025.09.29-17.04.15:451][ 88]Cmd: OBJ SAVEPACKAGE PACKAGE="/Game/Mannequin/Cat/ska" FILE="E:/GameJamHGGUnreal4.23.1/GameJamCrew/Content/Mannequin/Cat/ska.uasset" SILENT=true
[2025.09.29-17.04.15:460][ 88]LogSavePackage: Moving 'E:/GameJamHGGUnreal4.23.1/GameJamCrew/Saved/ska549EC28946FE033FA5D895A97AA24169.tmp' to 'E:/GameJamHGGUnreal4.23.1/GameJamCrew/Content/Mannequin/Cat/ska.uasset'
[2025.09.29-17.04.20:756][716]LogAssetEditorManager: Opening Asset editor for SkeletalMesh /Game/Mannequin/Cat/ska.ska
[2025.09.29-17.04.20:760][716]LogActorComponent: RegisterComponentWithWorld: (/Engine/Transient.World_45:PersistentLevel.AnimationEditorPreviewActor_0.DebugSkelMeshComponent_0) Already registered. Aborting.
[2025.09.29-17.04.20:777][716]LogSkeletalMesh: USkeletalMeshComponent::InitArticulated : Bodies already created (/Engine/Transient.World_45:PersistentLevel.AnimationEditorPreviewActor_0.DebugSkelMeshComponent_0) - call TermArticulated first.
[2025.09.29-17.04.22:279][883]LogRenderer: Reallocating scene render targets to support 868x556 Format 10 NumSamples 1 (Frame:205).
[2025.09.29-17.04.22:633][925]LogSlate: Window 'ska' being destroyed
[2025.09.29-17.04.44:174][508]LogSkeletalMesh: Building Skeletal Mesh ska...
[2025.09.29-17.04.44:176][508]LogSkeletalMesh: Built Skeletal Mesh [0.00s] /Game/Mannequin/Cat/ska.ska
[2025.09.29-17.04.46:728][812]LogSlate: FSceneViewport::OnFocusLost() reason 5
[2025.09.29-17.04.46:738][812]Cmd: OBJ SAVEPACKAGE PACKAGE="/Game/Mannequin/Cat/ska" FILE="E:/GameJamHGGUnreal4.23.1/GameJamCrew/Content/Mannequin/Cat/ska.uasset" SILENT=true
[2025.09.29-17.04.46:748][812]LogSavePackage: Moving 'E:/GameJamHGGUnreal4.23.1/GameJamCrew/Saved/ska44DD0D374DAF6032C929B89276900EC3.tmp' to 'E:/GameJamHGGUnreal4.23.1/GameJamCrew/Content/Mannequin/Cat/ska.uasset'
[2025.09.29-17.04.56:516][983]LogSlate: FSceneViewport::OnFocusLost() reason 0
[2025.09.29-17.04.59:496][339]LogAssetEditorManager: Opening Asset editor for Skeleton /Game/Mannequin/Cat/sk.sk
[2025.09.29-17.04.59:500][339]LogActorComponent: RegisterComponentWithWorld: (/Engine/Transient.World_46:PersistentLevel.AnimationEditorPreviewActor_0.DebugSkelMeshComponent_0) Already registered. Aborting.
[2025.09.29-17.04.59:511][339]LogSkeletalMesh: USkeletalMeshComponent::InitArticulated : Bodies already created (/Engine/Transient.World_46:PersistentLevel.AnimationEditorPreviewActor_0.DebugSkelMeshComponent_0) - call TermArticulated first.
[2025.09.29-17.05.02:819][722]LogRenderer: Reallocating scene render targets to support 1144x876 Format 10 NumSamples 1 (Frame:408).
[2025.09.29-17.05.24:047][267]LogEditorSessionSummary: EditorSessionSummary sent report. Type=Shutdown, SessionId={7775EF4D-47CA-91E7-23E1-11AB107ABE6A}
[2025.09.29-17.05.31:069][107]LogSlate: FSceneViewport::OnFocusLost() reason 5
[2025.09.29-17.05.31:074][107]Cmd: OBJ SAVEPACKAGE PACKAGE="/Game/Mannequin/Cat/ska" FILE="E:/GameJamHGGUnreal4.23.1/GameJamCrew/Content/Mannequin/Cat/ska.uasset" SILENT=true
[2025.09.29-17.05.31:080][107]LogSavePackage: Moving 'E:/GameJamHGGUnreal4.23.1/GameJamCrew/Saved/ska8CC5806A49813CC1B25EFFAA7393B3FA.tmp' to 'E:/GameJamHGGUnreal4.23.1/GameJamCrew/Content/Mannequin/Cat/ska.uasset'
[2025.09.29-17.05.34:736][543]LogSlate: FSceneViewport::OnFocusLost() reason 5
[2025.09.29-17.05.34:742][543]Cmd: OBJ SAVEPACKAGE PACKAGE="/Game/Mannequin/Cat/ska" FILE="E:/GameJamHGGUnreal4.23.1/GameJamCrew/Content/Mannequin/Cat/ska.uasset" SILENT=true
[2025.09.29-17.05.34:747][543]LogSavePackage: Moving 'E:/GameJamHGGUnreal4.23.1/GameJamCrew/Saved/skaB9AD56494BB32BC9B19D0496DFE3F1A4.tmp' to 'E:/GameJamHGGUnreal4.23.1/GameJamCrew/Content/Mannequin/Cat/ska.uasset'
[2025.09.29-17.05.59:572][514]LogWorld: UWorld::CleanupWorld for World_46, bSessionEnded=true, bCleanupResources=true
[2025.09.29-17.06.01:796][776]LogRenderer: Reallocating scene render targets to support 1208x876 Format 10 NumSamples 1 (Frame:47826).
[2025.09.29-17.06.03:747][ 10]LogWorld: UWorld::CleanupWorld for World_45, bSessionEnded=true, bCleanupResources=true
[2025.09.29-17.06.20:526][ 75]LogMaterial: Display: Missing cached shader map for material standardSurface1, compiling. 
[2025.09.29-17.06.20:570][ 75]LogShaderCompilers: Display: Worker (1/9): shaders left to compile 60
[2025.09.29-17.06.20:570][ 75]LogShaderCompilers: Display: Worker (2/9): shaders left to compile 52
[2025.09.29-17.06.20:570][ 75]LogShaderCompilers: Display: Worker (3/9): shaders left to compile 44
[2025.09.29-17.06.20:570][ 75]LogShaderCompilers: Display: Worker (4/9): shaders left to compile 36
[2025.09.29-17.06.20:570][ 75]LogShaderCompilers: Display: Worker (5/9): shaders left to compile 28
[2025.09.29-17.06.20:570][ 75]LogShaderCompilers: Display: Worker (6/9): shaders left to compile 20
[2025.09.29-17.06.20:570][ 75]LogShaderCompilers: Display: Worker (7/9): shaders left to compile 12
[2025.09.29-17.06.20:570][ 75]LogShaderCompilers: Display: Worker (8/9): shaders left to compile 4
[2025.09.29-17.06.20:588][ 75]LogUObjectHash: Compacting FUObjectHashTables data took   2.72ms
[2025.09.29-17.06.23:330][ 75]LogSlate: Window 'Delete Assets' being destroyed
[2025.09.29-17.06.29:480][799]LogUObjectHash: Compacting FUObjectHashTables data took   1.35ms
[2025.09.29-17.06.31:000][799]LogSlate: Window 'Delete Assets' being destroyed
[2025.09.29-17.06.53:186][799]LogUObjectGlobals: Force Deleting 5 Package(s):
	Asset Name: /Game/Mannequin/Cat/Idle.Idle
	Asset Name: /Game/Mannequin/Cat/pa.pa
	Asset Name: /Game/Mannequin/Cat/sk.sk
	Asset Name: /Game/Mannequin/Cat/ska.ska
	Asset Name: /Game/Mannequin/Cat/Walk.Walk
[2025.09.29-17.06.53:307][799]LogSkeletalMesh: Building Skeletal Mesh ska...
[2025.09.29-17.06.53:309][799]LogSkeletalMesh: Built Skeletal Mesh [0.00s] /Game/Mannequin/Cat/ska.ska
[2025.09.29-17.06.53:313][799]LogSkeletalMesh: Building Skeletal Mesh ska...
[2025.09.29-17.06.53:315][799]LogSkeletalMesh: Built Skeletal Mesh [0.00s] /Game/Mannequin/Cat/ska.ska
[2025.09.29-17.06.53:799][799]LogUObjectHash: Compacting FUObjectHashTables data took   1.50ms
[2025.09.29-17.06.53:816][799]LogUObjectHash: Compacting FUObjectHashTables data took   0.54ms
[2025.09.29-17.06.53:832][799]LogUObjectHash: Compacting FUObjectHashTables data took   0.56ms
[2025.09.29-17.06.53:849][799]LogUObjectHash: Compacting FUObjectHashTables data took   0.58ms
[2025.09.29-17.06.53:865][799]LogUObjectHash: Compacting FUObjectHashTables data took   0.53ms
[2025.09.29-17.06.53:882][799]LogUObjectHash: Compacting FUObjectHashTables data took   1.35ms
[2025.09.29-17.06.53:898][799]LogUObjectHash: Compacting FUObjectHashTables data took   0.53ms
[2025.09.29-17.06.53:980][800]LogUObjectHash: Compacting FUObjectHashTables data took   1.02ms
[2025.09.29-17.06.54:073][800]LogSavePackage: Moving 'E:/GameJamHGGUnreal4.23.1/GameJamCrew/Saved/ThirdPersonExampleMap_Auto1A312744242C6760CF882A991958B9507.tmp' to 'E:/GameJamHGGUnreal4.23.1/GameJamCrew/Saved/Autosaves/Game/ThirdPersonBP/Maps/ThirdPersonExampleMap_Auto1.umap'
[2025.09.29-17.06.54:075][800]LogFileHelpers: Editor autosave (incl. sublevels) for '/Game/ThirdPersonBP/Maps/ThirdPersonExampleMap' took 0.112
[2025.09.29-17.06.54:075][800]LogFileHelpers: Editor autosave (incl. sublevels) for all levels took 0.112
[2025.09.29-17.06.54:076][800]OBJ SavePackage: Generating thumbnails for [0] asset(s) in package [/Game/ThirdPersonBP/Blueprints/ThirdPersonCharacter] ([1] browsable assets)...
[2025.09.29-17.06.54:076][800]OBJ SavePackage: Finished generating thumbnails for package [/Game/ThirdPersonBP/Blueprints/ThirdPersonCharacter]
[2025.09.29-17.06.54:120][800]LogSavePackage: Moving 'E:/GameJamHGGUnreal4.23.1/GameJamCrew/Saved/ThirdPersonCharacter_Auto1580CB76D45C3D1B2619B4F9C239E786F.tmp' to 'E:/GameJamHGGUnreal4.23.1/GameJamCrew/Saved/Autosaves/Game/ThirdPersonBP/Blueprints/ThirdPersonCharacter_Auto1.uasset'
[2025.09.29-17.06.54:121][800]OBJ SavePackage: Generating thumbnails for [1] asset(s) in package [/Game/Mannequin/Cat/CatBluePrint] ([1] browsable assets)...
[2025.09.29-17.06.54:122][800]OBJ SavePackage:     Rendered thumbnail for [AnimBlueprint /Game/Mannequin/Cat/CatBluePrint.CatBluePrint]
[2025.09.29-17.06.54:122][800]OBJ SavePackage: Finished generating thumbnails for package [/Game/Mannequin/Cat/CatBluePrint]
[2025.09.29-17.06.54:122][800]Cmd: OBJ SAVEPACKAGE PACKAGE="/Game/Mannequin/Cat/CatBluePrint" FILE="E:/GameJamHGGUnreal4.23.1/GameJamCrew/Saved/Autosaves/Game/Mannequin/Cat/CatBluePrint_Auto1.uasset" SILENT=false AUTOSAVING=true
[2025.09.29-17.06.54:139][800]LogSavePackage: Moving 'E:/GameJamHGGUnreal4.23.1/GameJamCrew/Saved/CatBluePrint_Auto1F421D4F14FD77731670E2792EF6A5685.tmp' to 'E:/GameJamHGGUnreal4.23.1/GameJamCrew/Saved/Autosaves/Game/Mannequin/Cat/CatBluePrint_Auto1.uasset'
[2025.09.29-17.06.54:140][800]OBJ SavePackage: Generating thumbnails for [1] asset(s) in package [/Game/Mannequin/Jump_Anim] ([1] browsable assets)...
[2025.09.29-17.06.54:141][800]OBJ SavePackage:     Rendered thumbnail for [AnimSequence /Game/Mannequin/Jump_Anim.Jump_Anim]
[2025.09.29-17.06.54:142][800]OBJ SavePackage: Finished generating thumbnails for package [/Game/Mannequin/Jump_Anim]
[2025.09.29-17.06.54:142][800]Cmd: OBJ SAVEPACKAGE PACKAGE="/Game/Mannequin/Jump_Anim" FILE="E:/GameJamHGGUnreal4.23.1/GameJamCrew/Saved/Autosaves/Game/Mannequin/Jump_Anim_Auto1.uasset" SILENT=false AUTOSAVING=true
[2025.09.29-17.06.54:145][800]LogSavePackage: Moving 'E:/GameJamHGGUnreal4.23.1/GameJamCrew/Saved/Jump_Anim_Auto1DC3FF57A45490579DD9CA1AD2E765978.tmp' to 'E:/GameJamHGGUnreal4.23.1/GameJamCrew/Saved/Autosaves/Game/Mannequin/Jump_Anim_Auto1.uasset'
[2025.09.29-17.06.54:145][800]LogFileHelpers: Auto-saving content packages took 0.069
[2025.09.29-17.09.49:925][373]LogAssetEditorManager: Opening Asset editor for AnimBlueprint /Game/Mannequin/Cat/CatBluePrint.CatBluePrint
[2025.09.29-17.09.54:026][373]LogSlate: Window 'Message' being destroyed
[2025.09.29-17.09.54:076][373]LogContentBrowser: Verbose: The majority of assets in the view are of type: Skeleton
[2025.09.29-17.09.57:568][788]LogBlueprint: Error: [Compiler CatBluePrint] Play (None)  references an unknown sequence
[2025.09.29-17.09.57:568][788]LogBlueprint: Error: [Compiler CatBluePrint] Play (None)  references an unknown sequence
[2025.09.29-17.09.57:568][788]LogBlueprint: Error: [Compiler CatBluePrint] Play (None)  references an unknown sequence
[2025.09.29-17.09.57:568][788]LogBlueprint: Warning: [Compiler CatBluePrint] Walk to Jump  will never be taken, please connect something to  Can Enter Transition
[2025.09.29-17.09.57:569][788]LogBlueprint: Error: [Compiler CatBluePrint] Missing allocated node for AnimGraphNode_SequencePlayer_0 while searching for node links - likely due to the node having outstanding errors.
[2025.09.29-17.09.57:569][788]LogBlueprint: Error: [Compiler CatBluePrint] Missing allocated node for AnimGraphNode_SequencePlayer_1 while searching for node links - likely due to the node having outstanding errors.
[2025.09.29-17.09.57:569][788]LogBlueprint: Error: [Compiler CatBluePrint] Missing allocated node for AnimGraphNode_SequencePlayer_0 while searching for node links - likely due to the node having outstanding errors.
[2025.09.29-17.09.57:653][788]LogSlate: Window 'Select Skeleton' being destroyed
[2025.09.29-17.09.57:658][788]LogWorld: UWorld::CleanupWorld for World_49, bSessionEnded=true, bCleanupResources=true
[2025.09.29-17.09.57:669][788]LogWorld: UWorld::CleanupWorld for World_48, bSessionEnded=true, bCleanupResources=true
[2025.09.29-17.09.57:677][788]LogLinker: Warning: Failed to load '/Game/Mannequin/Cat/ska': Can't find file.
[2025.09.29-17.09.57:677][788]LogLinker: Warning: Failed to load '/Game/Mannequin/Cat/ska': Can't find file.
[2025.09.29-17.09.57:677][788]LogUObjectGlobals: Warning: Failed to find object 'Object /Game/Mannequin/Cat/ska.ska'
[2025.09.29-17.09.59:543][  8]Cmd: OBJ SAVEPACKAGE PACKAGE="/Game/Mannequin/Cat/CatBluePrint" FILE="E:/GameJamHGGUnreal4.23.1/GameJamCrew/Content/Mannequin/Cat/CatBluePrint.uasset" SILENT=true
[2025.09.29-17.09.59:564][  8]LogSavePackage: Moving 'E:/GameJamHGGUnreal4.23.1/GameJamCrew/Saved/CatBluePrintD8722BE44AC0FC000334AE85929A3DA3.tmp' to 'E:/GameJamHGGUnreal4.23.1/GameJamCrew/Content/Mannequin/Cat/CatBluePrint.uasset'
[2025.09.29-17.10.03:298][449]LogMetaData: Removing '/Game/Mannequin/Animations/Jump.Jump' ref from Metadata '/Game/Mannequin/Jump.PackageMetaData'
[2025.09.29-17.10.03:332][449]Cmd: OBJ SAVEPACKAGE PACKAGE="/Game/Mannequin/Animations/standardSurface1" FILE="E:/GameJamHGGUnreal4.23.1/GameJamCrew/Content/Mannequin/Animations/standardSurface1.uasset" SILENT=true
[2025.09.29-17.10.03:337][449]LogSavePackage: Moving 'E:/GameJamHGGUnreal4.23.1/GameJamCrew/Saved/standardSurface1ADBEF79E4FE8DCBD2342DCBE8549CB12.tmp' to 'E:/GameJamHGGUnreal4.23.1/GameJamCrew/Content/Mannequin/Animations/standardSurface1.uasset'
[2025.09.29-17.10.03:346][449]Cmd: OBJ SAVEPACKAGE PACKAGE="/Game/Mannequin/Animations/Default_Material" FILE="E:/GameJamHGGUnreal4.23.1/GameJamCrew/Content/Mannequin/Animations/Default_Material.uasset" SILENT=true
[2025.09.29-17.10.03:350][449]LogSavePackage: Moving 'E:/GameJamHGGUnreal4.23.1/GameJamCrew/Saved/Default_Material9D9C151C4E1219D7C04E8A86AD6DD0BD.tmp' to 'E:/GameJamHGGUnreal4.23.1/GameJamCrew/Content/Mannequin/Animations/Default_Material.uasset'
[2025.09.29-17.10.03:360][449]Cmd: OBJ SAVEPACKAGE PACKAGE="/Game/Mannequin/Animations/Jump" FILE="E:/GameJamHGGUnreal4.23.1/GameJamCrew/Content/Mannequin/Animations/Jump.uasset" SILENT=true
[2025.09.29-17.10.03:368][449]LogSavePackage: Moving 'E:/GameJamHGGUnreal4.23.1/GameJamCrew/Saved/JumpDA19435343E750D041379C9D31B6BDBE.tmp' to 'E:/GameJamHGGUnreal4.23.1/GameJamCrew/Content/Mannequin/Animations/Jump.uasset'
[2025.09.29-17.10.03:373][449]Cmd: OBJ SAVEPACKAGE PACKAGE="/Game/Mannequin/Animations/Jump_Anim" FILE="E:/GameJamHGGUnreal4.23.1/GameJamCrew/Content/Mannequin/Animations/Jump_Anim.uasset" SILENT=true
[2025.09.29-17.10.03:377][449]LogSavePackage: Moving 'E:/GameJamHGGUnreal4.23.1/GameJamCrew/Saved/Jump_Anim204C91F2464E704E20434D90AAA118BB.tmp' to 'E:/GameJamHGGUnreal4.23.1/GameJamCrew/Content/Mannequin/Animations/Jump_Anim.uasset'
[2025.09.29-17.10.03:385][449]Cmd: OBJ SAVEPACKAGE PACKAGE="/Game/Mannequin/Animations/Jump_PhysicsAsset" FILE="E:/GameJamHGGUnreal4.23.1/GameJamCrew/Content/Mannequin/Animations/Jump_PhysicsAsset.uasset" SILENT=true
[2025.09.29-17.10.03:391][449]LogSavePackage: Moving 'E:/GameJamHGGUnreal4.23.1/GameJamCrew/Saved/Jump_PhysicsAssetED93975B458F8A6E3D65AF81E63329DC.tmp' to 'E:/GameJamHGGUnreal4.23.1/GameJamCrew/Content/Mannequin/Animations/Jump_PhysicsAsset.uasset'
[2025.09.29-17.10.03:396][449]Cmd: OBJ SAVEPACKAGE PACKAGE="/Game/Mannequin/Animations/Jump_Skeleton" FILE="E:/GameJamHGGUnreal4.23.1/GameJamCrew/Content/Mannequin/Animations/Jump_Skeleton.uasset" SILENT=true
[2025.09.29-17.10.03:397][449]LogSavePackage: Moving 'E:/GameJamHGGUnreal4.23.1/GameJamCrew/Saved/Jump_Skeleton495B5F35422F474F7632C3830D069061.tmp' to 'E:/GameJamHGGUnreal4.23.1/GameJamCrew/Content/Mannequin/Animations/Jump_Skeleton.uasset'
[2025.09.29-17.10.03:730][449]LogUObjectHash: Compacting FUObjectHashTables data took   2.26ms
[2025.09.29-17.10.03:745][449]LogUObjectHash: Compacting FUObjectHashTables data took   0.53ms
[2025.09.29-17.10.03:762][449]LogUObjectHash: Compacting FUObjectHashTables data took   0.55ms
[2025.09.29-17.10.03:778][449]LogUObjectHash: Compacting FUObjectHashTables data took   0.53ms
[2025.09.29-17.10.03:795][449]LogUObjectHash: Compacting FUObjectHashTables data took   0.53ms
[2025.09.29-17.10.03:810][449]LogUObjectHash: Compacting FUObjectHashTables data took   0.53ms
[2025.09.29-17.10.03:829][449]LogUObjectHash: Compacting FUObjectHashTables data took   1.31ms
[2025.09.29-17.10.03:846][449]LogUObjectHash: Compacting FUObjectHashTables data took   0.55ms
[2025.09.29-17.10.03:864][449]Cmd: OBJ SAVEPACKAGE PACKAGE="/Game/Mannequin/Cat/CatBluePrint" FILE="E:/GameJamHGGUnreal4.23.1/GameJamCrew/Content/Mannequin/Cat/CatBluePrint.uasset" SILENT=true
[2025.09.29-17.10.03:883][449]LogSavePackage: Moving 'E:/GameJamHGGUnreal4.23.1/GameJamCrew/Saved/CatBluePrintABD6271A4B5F72F2BBD893B7328ABD97.tmp' to 'E:/GameJamHGGUnreal4.23.1/GameJamCrew/Content/Mannequin/Cat/CatBluePrint.uasset'
[2025.09.29-17.10.05:323][610]LogUObjectHash: Compacting FUObjectHashTables data took   1.46ms
[2025.09.29-17.10.05:413][610]LogSavePackage: Moving 'E:/GameJamHGGUnreal4.23.1/GameJamCrew/Saved/ThirdPersonExampleMapE4C3C9284925768674441FA2F80C0EBC.tmp' to 'E:/GameJamHGGUnreal4.23.1/GameJamCrew/Content/ThirdPersonBP/Maps/ThirdPersonExampleMap.umap'
[2025.09.29-17.11.07:371][ 14]LogUObjectHash: Compacting FUObjectHashTables data took   1.62ms
[2025.09.29-17.11.09:103][ 14]LogSlate: Window 'Delete Assets' being destroyed
[2025.09.29-17.11.27:758][ 14]LogUObjectGlobals: Force Deleting 6 Package(s):
	Asset Name: /Game/Mannequin/Animations/Default_Material.Default_Material
	Asset Name: /Game/Mannequin/Animations/Jump.Jump
	Asset Name: /Game/Mannequin/Animations/Jump_Anim.Jump_Anim
	Asset Name: /Game/Mannequin/Animations/Jump_PhysicsAsset.Jump_PhysicsAsset
	Asset Name: /Game/Mannequin/Animations/Jump_Skeleton.Jump_Skeleton
	Asset Name: /Game/Mannequin/Animations/standardSurface1.standardSurface1
[2025.09.29-17.11.27:873][ 14]LogSkeletalMesh: Building Skeletal Mesh Jump...
[2025.09.29-17.11.27:875][ 14]LogSkeletalMesh: Built Skeletal Mesh [0.00s] /Game/Mannequin/Animations/Jump.Jump
[2025.09.29-17.11.27:875][ 14]LogSkeletalMesh: Building Skeletal Mesh Jump...
[2025.09.29-17.11.27:877][ 14]LogSkeletalMesh: Built Skeletal Mesh [0.00s] /Game/Mannequin/Animations/Jump.Jump
[2025.09.29-17.11.27:881][ 14]LogSkeletalMesh: Building Skeletal Mesh Jump...
[2025.09.29-17.11.27:883][ 14]LogSkeletalMesh: Built Skeletal Mesh [0.00s] /Game/Mannequin/Animations/Jump.Jump
[2025.09.29-17.11.28:506][ 14]LogUObjectHash: Compacting FUObjectHashTables data took   1.35ms
[2025.09.29-17.11.28:524][ 14]LogUObjectHash: Compacting FUObjectHashTables data took   0.56ms
[2025.09.29-17.11.28:540][ 14]LogUObjectHash: Compacting FUObjectHashTables data took   0.57ms
[2025.09.29-17.11.28:555][ 14]LogUObjectHash: Compacting FUObjectHashTables data took   0.54ms
[2025.09.29-17.11.28:570][ 14]LogUObjectHash: Compacting FUObjectHashTables data took   0.56ms
[2025.09.29-17.11.28:585][ 14]LogUObjectHash: Compacting FUObjectHashTables data took   0.55ms
[2025.09.29-17.11.28:601][ 14]LogUObjectHash: Compacting FUObjectHashTables data took   1.46ms
[2025.09.29-17.11.28:617][ 14]LogUObjectHash: Compacting FUObjectHashTables data took   0.55ms
[2025.09.29-17.11.55:796][453]LogFactory: FactoryCreateFile: StaticMesh with FbxFactory (0 0 C:\Users\filip\Desktop\CatIdle.fbx)
[2025.09.29-17.11.55:803][453]LogFbx: Loading FBX Scene from C:\Users\filip\Desktop\CatIdle.fbx
[2025.09.29-17.11.55:825][453]LogFbx: FBX Scene Loaded Succesfully
[2025.09.29-17.11.57:300][453]LogSlate: Window 'FBX Import Options' being destroyed
[2025.09.29-17.11.57:323][453]LogFbx: Valid bind pose for Pose (SkeletonAndPose:skinCluster1) - SkeletonAndPose:CatBodyLowPoly
[2025.09.29-17.11.57:325][453]LogMaterial: Display: Material /Game/Mannequin/Cat/Default_Material.Default_Material needed to have new flag set bUsedWithSkeletalMesh !
[2025.09.29-17.11.57:327][453]LogMaterial: Display: Missing cached shader map for material Default_Material, compiling. 
[2025.09.29-17.11.57:348][453]LogMaterial: Display: Missing cached shader map for material Default_Material, compiling. 
[2025.09.29-17.11.57:368][453]LogFbx: Triangulating skeletal mesh SkeletonAndPose:CatBodyLowPoly
[2025.09.29-17.11.57:393][453]LogShaderCompilers: Display: Worker (1/9): shaders left to compile 60
[2025.09.29-17.11.57:393][453]LogShaderCompilers: Display: Worker (2/9): shaders left to compile 52
[2025.09.29-17.11.57:393][453]LogShaderCompilers: Display: Worker (3/9): shaders left to compile 44
[2025.09.29-17.11.57:393][453]LogShaderCompilers: Display: Worker (4/9): shaders left to compile 36
[2025.09.29-17.11.57:393][453]LogShaderCompilers: Display: Worker (5/9): shaders left to compile 28
[2025.09.29-17.11.57:393][453]LogShaderCompilers: Display: Worker (6/9): shaders left to compile 20
[2025.09.29-17.11.57:393][453]LogShaderCompilers: Display: Worker (7/9): shaders left to compile 12
[2025.09.29-17.11.57:393][453]LogShaderCompilers: Display: Worker (8/9): shaders left to compile 4
[2025.09.29-17.11.57:393][453]LogFbx: Warning: Bones digested - 68  Depth of hierarchy - 17
[2025.09.29-17.11.57:468][453]LogSkeletalMesh: Section 0: 2795 vertices, 44 active bones
[2025.09.29-17.11.57:468][453]LogSkeletalMesh: Section 0: Material=0, 4510 triangles
[2025.09.29-17.11.57:471][453]LogSkeletalMesh: Building Skeletal Mesh CatIdle...
[2025.09.29-17.11.57:474][453]LogSkeletalMesh: Built Skeletal Mesh [0.00s] /Game/Mannequin/Cat/CatIdle.CatIdle
[2025.09.29-17.11.57:476][453]LogLinker: Failed to load '/Game/Mannequin/Cat/CatIdle_Skeleton': Can't find file.
[2025.09.29-17.11.57:476][453]LogLinker: Failed to load '/Game/Mannequin/Cat/CatIdle_Skeleton': Can't find file.
[2025.09.29-17.11.57:478][453]LogLinker: Failed to load '/Game/Mannequin/Cat/CatIdle_PhysicsAsset': Can't find file.
[2025.09.29-17.11.57:478][453]LogLinker: Failed to load '/Game/Mannequin/Cat/CatIdle_PhysicsAsset': Can't find file.
[2025.09.29-17.11.57:483][453]LogWorld: UWorld::CleanupWorld for World_50, bSessionEnded=true, bCleanupResources=true
[2025.09.29-17.11.57:491][453]LogFbx: SortedLinks :(0) Version
[2025.09.29-17.11.57:491][453]LogFbx: SortedLinks :(1) CatBodyLowPoly
[2025.09.29-17.11.57:491][453]LogFbx: SortedLinks :(2) LatestVR
[2025.09.29-17.11.57:491][453]LogFbx: SortedLinks :(3) Root
[2025.09.29-17.11.57:491][453]LogFbx: SortedLinks :(4) Neck
[2025.09.29-17.11.57:491][453]LogFbx: SortedLinks :(5) L_Scapula
[2025.09.29-17.11.57:491][453]LogFbx: SortedLinks :(6) L_Shoulder
[2025.09.29-17.11.57:491][453]LogFbx: SortedLinks :(7) LF_Leg1
[2025.09.29-17.11.57:491][453]LogFbx: SortedLinks :(8) LF_Leg2
[2025.09.29-17.11.57:491][453]LogFbx: SortedLinks :(9) LF_Leg3
[2025.09.29-17.11.57:491][453]LogFbx: SortedLinks :(10) LF_Leg4
[2025.09.29-17.11.57:491][453]LogFbx: SortedLinks :(11) Spine1
[2025.09.29-17.11.57:491][453]LogFbx: SortedLinks :(12) Spine2
[2025.09.29-17.11.57:491][453]LogFbx: SortedLinks :(13) Spine3
[2025.09.29-17.11.57:491][453]LogFbx: SortedLinks :(14) Spine4
[2025.09.29-17.11.57:491][453]LogFbx: SortedLinks :(15) Spine5
[2025.09.29-17.11.57:491][453]LogFbx: SortedLinks :(16) TailBone
[2025.09.29-17.11.57:491][453]LogFbx: SortedLinks :(17) R_Hip
[2025.09.29-17.11.57:491][453]LogFbx: SortedLinks :(18) RB_Leg1
[2025.09.29-17.11.57:491][453]LogFbx: SortedLinks :(19) RB_Leg2
[2025.09.29-17.11.57:491][453]LogFbx: SortedLinks :(20) RB_Leg3
[2025.09.29-17.11.57:491][453]LogFbx: SortedLinks :(21) RB_Leg4
[2025.09.29-17.11.57:491][453]LogFbx: SortedLinks :(22) RB_Leg5
[2025.09.29-17.11.57:491][453]LogFbx: SortedLinks :(23) RB_Leg6
[2025.09.29-17.11.57:491][453]LogFbx: SortedLinks :(24) Tail1
[2025.09.29-17.11.57:491][453]LogFbx: SortedLinks :(25) Tail2
[2025.09.29-17.11.57:491][453]LogFbx: SortedLinks :(26) Tail3
[2025.09.29-17.11.57:491][453]LogFbx: SortedLinks :(27) Tail4
[2025.09.29-17.11.57:491][453]LogFbx: SortedLinks :(28) Tail5
[2025.09.29-17.11.57:491][453]LogFbx: SortedLinks :(29) Tail6
[2025.09.29-17.11.57:491][453]LogFbx: SortedLinks :(30) L_Hip2
[2025.09.29-17.11.57:491][453]LogFbx: SortedLinks :(31) LB_Leg1
[2025.09.29-17.11.57:491][453]LogFbx: SortedLinks :(32) LB_Leg2
[2025.09.29-17.11.57:491][453]LogFbx: SortedLinks :(33) LB_Leg3
[2025.09.29-17.11.57:491][453]LogFbx: SortedLinks :(34) LB_Leg4
[2025.09.29-17.11.57:491][453]LogFbx: SortedLinks :(35) LB_Leg5
[2025.09.29-17.11.57:491][453]LogFbx: SortedLinks :(36) LB_Leg6
[2025.09.29-17.11.57:491][453]LogFbx: SortedLinks :(37) Head1
[2025.09.29-17.11.57:491][453]LogFbx: SortedLinks :(38) Head2
[2025.09.29-17.11.57:491][453]LogFbx: SortedLinks :(39) Head3
[2025.09.29-17.11.57:491][453]LogFbx: SortedLinks :(40) Head4
[2025.09.29-17.11.57:491][453]LogFbx: SortedLinks :(41) R_Scapula
[2025.09.29-17.11.57:491][453]LogFbx: SortedLinks :(42) R_Shoulder4
[2025.09.29-17.11.57:491][453]LogFbx: SortedLinks :(43) RF_Leg1
[2025.09.29-17.11.57:491][453]LogFbx: SortedLinks :(44) RF_Leg2
[2025.09.29-17.11.57:491][453]LogFbx: SortedLinks :(45) RF_Leg3
[2025.09.29-17.11.57:491][453]LogFbx: SortedLinks :(46) RF_Leg4
[2025.09.29-17.11.57:491][453]LogFbx: SortedLinks :(47) Rigg
[2025.09.29-17.11.57:491][453]LogFbx: SortedLinks :(48) Back_Legs
[2025.09.29-17.11.57:491][453]LogFbx: SortedLinks :(49) Right
[2025.09.29-17.11.57:491][453]LogFbx: SortedLinks :(50) ikHandle3
[2025.09.29-17.11.57:491][453]LogFbx: SortedLinks :(51) IK
[2025.09.29-17.11.57:491][453]LogFbx: SortedLinks :(52) group21254212252
[2025.09.29-17.11.57:491][453]LogFbx: SortedLinks :(53) Left
[2025.09.29-17.11.57:491][453]LogFbx: SortedLinks :(54) ikHandle4
[2025.09.29-17.11.57:491][453]LogFbx: SortedLinks :(55) IK1
[2025.09.29-17.11.57:491][453]LogFbx: SortedLinks :(56) group2
[2025.09.29-17.11.57:491][453]LogFbx: SortedLinks :(57) Front_Legs
[2025.09.29-17.11.57:491][453]LogFbx: SortedLinks :(58) Rightf
[2025.09.29-17.11.57:491][453]LogFbx: SortedLinks :(59) ikHandle2f
[2025.09.29-17.11.57:491][453]LogFbx: SortedLinks :(60) IK_FRONT1
[2025.09.29-17.11.57:491][453]LogFbx: SortedLinks :(61) Leftf
[2025.09.29-17.11.57:491][453]LogFbx: SortedLinks :(62) ikHandle1f
[2025.09.29-17.11.57:491][453]LogFbx: SortedLinks :(63) IK_FRONT
[2025.09.29-17.11.57:491][453]LogFbx: SortedLinks :(64) Scapula_Right
[2025.09.29-17.11.57:491][453]LogFbx: SortedLinks :(65) Scapula_Left
[2025.09.29-17.11.57:491][453]LogFbx: SortedLinks :(66) Controllers
[2025.09.29-17.11.57:491][453]LogFbx: SortedLinks :(67) Neck_1_GRP
[2025.09.29-17.11.57:493][453]LogFbx: Parsing AnimStack Take 001
[2025.09.29-17.11.57:493][453]LogLinker: Failed to load '/Game/Mannequin/Cat/CatIdle_Anim': Can't find file.
[2025.09.29-17.11.57:493][453]LogLinker: Failed to load '/Game/Mannequin/Cat/CatIdle_Anim': Can't find file.
[2025.09.29-17.11.57:495][453]LogFbx: CurveName : blendOrient1
[2025.09.29-17.11.57:495][453]LogFbx: CurveName(blendOrient1) is skipped because it only contains invalid values.
[2025.09.29-17.11.57:843][453]LogAnimationCompression: Building Anim DDC data for AnimSequence /Game/Mannequin/Cat/CatIdle_Anim.CatIdle_Anim
[2025.09.29-17.11.57:843][453]LogAnimationCompression: Recompressing (AnimSequence /Game/Mannequin/Cat/CatIdle_Anim.CatIdle_Anim) using current/default (AnimCompress_BitwiseCompressOnly_0) bFirstRecompressUsingCurrentOrDefault(1) bTryAlternateCompressor(0) IsCompressedDataValid(0)
[2025.09.29-17.11.57:845][453]LogSkeletalMesh: Building Skeletal Mesh CatIdle...
[2025.09.29-17.11.57:848][453]LogSkeletalMesh: Built Skeletal Mesh [0.00s] /Game/Mannequin/Cat/CatIdle.CatIdle
[2025.09.29-17.11.57:858][453]FBXImport: Warning: Mesh [Geometry have no name] in the fbx file is not reference by any hierarchy node. 
[2025.09.29-17.11.57:858][453]FBXImport: Warning: Mesh [Geometry have no name] in the fbx file is not reference by any hierarchy node. 
[2025.09.29-17.11.57:858][453]FBXImport: Warning: Mesh [Geometry have no name] in the fbx file is not reference by any hierarchy node. 
[2025.09.29-17.11.57:858][453]FBXImport: Warning: Mesh [Geometry have no name] in the fbx file is not reference by any hierarchy node. 
[2025.09.29-17.11.57:858][453]FBXImport: Warning: Mesh [Geometry have no name] in the fbx file is not reference by any hierarchy node. 
[2025.09.29-17.11.57:858][453]FBXImport: Warning: Mesh [Geometry have no name] in the fbx file is not reference by any hierarchy node. 
[2025.09.29-17.11.57:858][453]FBXImport: Warning: Mesh [Geometry have no name] in the fbx file is not reference by any hierarchy node. 
[2025.09.29-17.11.57:858][453]FBXImport: Warning: Mesh [Geometry have no name] in the fbx file is not reference by any hierarchy node. 
[2025.09.29-17.11.57:858][453]FBXImport: Warning: Mesh [Geometry have no name] in the fbx file is not reference by any hierarchy node. 
[2025.09.29-17.11.57:858][453]FBXImport: Warning: Mesh [Geometry have no name] in the fbx file is not reference by any hierarchy node. 
[2025.09.29-17.11.57:858][453]FBXImport: Warning: Mesh [Geometry have no name] in the fbx file is not reference by any hierarchy node. 
[2025.09.29-17.11.57:858][453]FBXImport: Warning: Mesh [Geometry have no name] in the fbx file is not reference by any hierarchy node. 
[2025.09.29-17.11.57:858][453]FBXImport: Warning: Mesh [Geometry have no name] in the fbx file is not reference by any hierarchy node. 
[2025.09.29-17.11.57:858][453]FBXImport: Warning: Mesh [Geometry have no name] in the fbx file is not reference by any hierarchy node. 
[2025.09.29-17.11.57:858][453]FBXImport: Warning: Mesh [Geometry have no name] in the fbx file is not reference by any hierarchy node. 
[2025.09.29-17.11.57:858][453]FBXImport: Warning: Mesh [Geometry have no name] in the fbx file is not reference by any hierarchy node. 
[2025.09.29-17.11.57:858][453]FBXImport: Warning: Mesh [Geometry have no name] in the fbx file is not reference by any hierarchy node. 
[2025.09.29-17.11.57:858][453]FBXImport: Warning: Mesh [Geometry have no name] in the fbx file is not reference by any hierarchy node. 
[2025.09.29-17.11.57:858][453]FBXImport: Warning: Mesh [Geometry have no name] in the fbx file is not reference by any hierarchy node. 
[2025.09.29-17.11.57:858][453]FBXImport: Warning: Mesh [Geometry have no name] in the fbx file is not reference by any hierarchy node. 
[2025.09.29-17.11.57:859][453]FBXImport: Warning: The following bones are missing from the bind pose:
SkeletonAndPose:Rigg  
SkeletonAndPose:Back_Legs  
SkeletonAndPose:Right  
SkeletonAndPose:ikHandle3  
SkeletonAndPose:IK  
SkeletonAndPose:group21254212252  
SkeletonAndPose:Left  
SkeletonAndPose:ikHandle4  
SkeletonAndPose:IK1  
SkeletonAndPose:group2  
SkeletonAndPose:Front_Legs  
SkeletonAndPose:Rightf  
SkeletonAndPose:ikHandle2f  
SkeletonAndPose:IK_FRONT1  
SkeletonAndPose:Leftf  
SkeletonAndPose:ikHandle1f  
SkeletonAndPose:IK_FRONT  
SkeletonAndPose:Scapula_Right  
SkeletonAndPose:Scapula_Left  
SkeletonAndPose:Controllers  
SkeletonAndPose:Neck_1_GRP  

This can happen for bones that are not vert weighted. If they are not in the correct orientation after importing,
please set the "Use T0 as ref pose" option or add them to the bind pose and reimport the skeletal mesh. 
[2025.09.29-17.11.57:871][453]LogSkeletalMesh: Building Skeletal Mesh CatIdle...
[2025.09.29-17.11.57:875][453]LogSkeletalMesh: Built Skeletal Mesh [0.00s] /Game/Mannequin/Cat/CatIdle.CatIdle
[2025.09.29-17.11.57:890][453]LogFactory: FactoryCreateFile: SkeletalMesh with FbxFactory (0 0 C:\Users\filip\Desktop\Walk.fbx)
[2025.09.29-17.11.57:902][453]LogFbx: Loading FBX Scene from C:\Users\filip\Desktop\Walk.fbx
[2025.09.29-17.11.57:936][453]LogFbx: FBX Scene Loaded Succesfully
[2025.09.29-17.11.57:947][453]LogFbx: Valid bind pose for Pose (SkeletonAndPose:skinCluster1) - SkeletonAndPose:CatBodyLowPoly
[2025.09.29-17.11.57:953][453]LogFbx: Triangulating skeletal mesh SkeletonAndPose:CatBodyLowPoly
[2025.09.29-17.11.57:983][453]LogFbx: Warning: Bones digested - 68  Depth of hierarchy - 17
[2025.09.29-17.11.58:059][453]LogSkeletalMesh: Section 0: 2795 vertices, 44 active bones
[2025.09.29-17.11.58:060][453]LogSkeletalMesh: Section 0: Material=0, 4510 triangles
[2025.09.29-17.11.58:062][453]LogSkeletalMesh: Building Skeletal Mesh Walk...
[2025.09.29-17.11.58:065][453]LogSkeletalMesh: Built Skeletal Mesh [0.00s] /Game/Mannequin/Cat/Walk.Walk
[2025.09.29-17.11.58:067][453]LogLinker: Failed to load '/Game/Mannequin/Cat/Walk_Skeleton': Can't find file.
[2025.09.29-17.11.58:067][453]LogLinker: Failed to load '/Game/Mannequin/Cat/Walk_Skeleton': Can't find file.
[2025.09.29-17.11.58:069][453]LogLinker: Failed to load '/Game/Mannequin/Cat/Walk_PhysicsAsset': Can't find file.
[2025.09.29-17.11.58:070][453]LogLinker: Failed to load '/Game/Mannequin/Cat/Walk_PhysicsAsset': Can't find file.
[2025.09.29-17.11.58:076][453]LogWorld: UWorld::CleanupWorld for World_51, bSessionEnded=true, bCleanupResources=true
[2025.09.29-17.11.58:086][453]LogFbx: SortedLinks :(0) Version
[2025.09.29-17.11.58:086][453]LogFbx: SortedLinks :(1) CatBodyLowPoly
[2025.09.29-17.11.58:086][453]LogFbx: SortedLinks :(2) LatestVR
[2025.09.29-17.11.58:086][453]LogFbx: SortedLinks :(3) Root
[2025.09.29-17.11.58:086][453]LogFbx: SortedLinks :(4) Neck
[2025.09.29-17.11.58:086][453]LogFbx: SortedLinks :(5) L_Scapula
[2025.09.29-17.11.58:086][453]LogFbx: SortedLinks :(6) L_Shoulder
[2025.09.29-17.11.58:086][453]LogFbx: SortedLinks :(7) LF_Leg1
[2025.09.29-17.11.58:086][453]LogFbx: SortedLinks :(8) LF_Leg2
[2025.09.29-17.11.58:086][453]LogFbx: SortedLinks :(9) LF_Leg3
[2025.09.29-17.11.58:086][453]LogFbx: SortedLinks :(10) LF_Leg4
[2025.09.29-17.11.58:086][453]LogFbx: SortedLinks :(11) Spine1
[2025.09.29-17.11.58:086][453]LogFbx: SortedLinks :(12) Spine2
[2025.09.29-17.11.58:086][453]LogFbx: SortedLinks :(13) Spine3
[2025.09.29-17.11.58:086][453]LogFbx: SortedLinks :(14) Spine4
[2025.09.29-17.11.58:086][453]LogFbx: SortedLinks :(15) Spine5
[2025.09.29-17.11.58:086][453]LogFbx: SortedLinks :(16) TailBone
[2025.09.29-17.11.58:086][453]LogFbx: SortedLinks :(17) R_Hip
[2025.09.29-17.11.58:086][453]LogFbx: SortedLinks :(18) RB_Leg1
[2025.09.29-17.11.58:086][453]LogFbx: SortedLinks :(19) RB_Leg2
[2025.09.29-17.11.58:086][453]LogFbx: SortedLinks :(20) RB_Leg3
[2025.09.29-17.11.58:086][453]LogFbx: SortedLinks :(21) RB_Leg4
[2025.09.29-17.11.58:086][453]LogFbx: SortedLinks :(22) RB_Leg5
[2025.09.29-17.11.58:086][453]LogFbx: SortedLinks :(23) RB_Leg6
[2025.09.29-17.11.58:086][453]LogFbx: SortedLinks :(24) Tail1
[2025.09.29-17.11.58:086][453]LogFbx: SortedLinks :(25) Tail2
[2025.09.29-17.11.58:086][453]LogFbx: SortedLinks :(26) Tail3
[2025.09.29-17.11.58:086][453]LogFbx: SortedLinks :(27) Tail4
[2025.09.29-17.11.58:086][453]LogFbx: SortedLinks :(28) Tail5
[2025.09.29-17.11.58:086][453]LogFbx: SortedLinks :(29) Tail6
[2025.09.29-17.11.58:086][453]LogFbx: SortedLinks :(30) L_Hip2
[2025.09.29-17.11.58:086][453]LogFbx: SortedLinks :(31) LB_Leg1
[2025.09.29-17.11.58:086][453]LogFbx: SortedLinks :(32) LB_Leg2
[2025.09.29-17.11.58:086][453]LogFbx: SortedLinks :(33) LB_Leg3
[2025.09.29-17.11.58:086][453]LogFbx: SortedLinks :(34) LB_Leg4
[2025.09.29-17.11.58:086][453]LogFbx: SortedLinks :(35) LB_Leg5
[2025.09.29-17.11.58:086][453]LogFbx: SortedLinks :(36) LB_Leg6
[2025.09.29-17.11.58:086][453]LogFbx: SortedLinks :(37) Head1
[2025.09.29-17.11.58:086][453]LogFbx: SortedLinks :(38) Head2
[2025.09.29-17.11.58:086][453]LogFbx: SortedLinks :(39) Head3
[2025.09.29-17.11.58:086][453]LogFbx: SortedLinks :(40) Head4
[2025.09.29-17.11.58:086][453]LogFbx: SortedLinks :(41) R_Scapula
[2025.09.29-17.11.58:086][453]LogFbx: SortedLinks :(42) R_Shoulder4
[2025.09.29-17.11.58:086][453]LogFbx: SortedLinks :(43) RF_Leg1
[2025.09.29-17.11.58:086][453]LogFbx: SortedLinks :(44) RF_Leg2
[2025.09.29-17.11.58:086][453]LogFbx: SortedLinks :(45) RF_Leg3
[2025.09.29-17.11.58:086][453]LogFbx: SortedLinks :(46) RF_Leg4
[2025.09.29-17.11.58:086][453]LogFbx: SortedLinks :(47) Rigg
[2025.09.29-17.11.58:086][453]LogFbx: SortedLinks :(48) Back_Legs
[2025.09.29-17.11.58:086][453]LogFbx: SortedLinks :(49) Right
[2025.09.29-17.11.58:086][453]LogFbx: SortedLinks :(50) ikHandle3
[2025.09.29-17.11.58:086][453]LogFbx: SortedLinks :(51) IK
[2025.09.29-17.11.58:086][453]LogFbx: SortedLinks :(52) group21254212252
[2025.09.29-17.11.58:086][453]LogFbx: SortedLinks :(53) Left
[2025.09.29-17.11.58:086][453]LogFbx: SortedLinks :(54) ikHandle4
[2025.09.29-17.11.58:086][453]LogFbx: SortedLinks :(55) IK1
[2025.09.29-17.11.58:087][453]LogFbx: SortedLinks :(56) group2
[2025.09.29-17.11.58:087][453]LogFbx: SortedLinks :(57) Front_Legs
[2025.09.29-17.11.58:087][453]LogFbx: SortedLinks :(58) Rightf
[2025.09.29-17.11.58:087][453]LogFbx: SortedLinks :(59) ikHandle2f
[2025.09.29-17.11.58:087][453]LogFbx: SortedLinks :(60) IK_FRONT1
[2025.09.29-17.11.58:087][453]LogFbx: SortedLinks :(61) Leftf
[2025.09.29-17.11.58:087][453]LogFbx: SortedLinks :(62) ikHandle1f
[2025.09.29-17.11.58:087][453]LogFbx: SortedLinks :(63) IK_FRONT
[2025.09.29-17.11.58:087][453]LogFbx: SortedLinks :(64) Scapula_Right
[2025.09.29-17.11.58:087][453]LogFbx: SortedLinks :(65) Scapula_Left
[2025.09.29-17.11.58:087][453]LogFbx: SortedLinks :(66) Controllers
[2025.09.29-17.11.58:087][453]LogFbx: SortedLinks :(67) Neck_1_GRP
[2025.09.29-17.11.58:088][453]LogFbx: Parsing AnimStack Take 001
[2025.09.29-17.11.58:088][453]LogLinker: Failed to load '/Game/Mannequin/Cat/Walk_Anim': Can't find file.
[2025.09.29-17.11.58:088][453]LogLinker: Failed to load '/Game/Mannequin/Cat/Walk_Anim': Can't find file.
[2025.09.29-17.11.58:091][453]LogFbx: CurveName : blendParent1
[2025.09.29-17.11.58:091][453]LogFbx: CurveName(blendParent1) is skipped because it only contains invalid values.
[2025.09.29-17.11.58:441][453]LogAnimationCompression: Building Anim DDC data for AnimSequence /Game/Mannequin/Cat/Walk_Anim.Walk_Anim
[2025.09.29-17.11.58:441][453]LogAnimationCompression: Recompressing (AnimSequence /Game/Mannequin/Cat/Walk_Anim.Walk_Anim) using current/default (AnimCompress_BitwiseCompressOnly_0) bFirstRecompressUsingCurrentOrDefault(1) bTryAlternateCompressor(0) IsCompressedDataValid(0)
[2025.09.29-17.11.58:443][453]LogSkeletalMesh: Building Skeletal Mesh Walk...
[2025.09.29-17.11.58:447][453]LogSkeletalMesh: Built Skeletal Mesh [0.00s] /Game/Mannequin/Cat/Walk.Walk
[2025.09.29-17.11.58:457][453]FBXImport: Warning: Mesh [Geometry have no name] in the fbx file is not reference by any hierarchy node. 
[2025.09.29-17.11.58:457][453]FBXImport: Warning: Mesh [Geometry have no name] in the fbx file is not reference by any hierarchy node. 
[2025.09.29-17.11.58:457][453]FBXImport: Warning: Mesh [Geometry have no name] in the fbx file is not reference by any hierarchy node. 
[2025.09.29-17.11.58:457][453]FBXImport: Warning: Mesh [Geometry have no name] in the fbx file is not reference by any hierarchy node. 
[2025.09.29-17.11.58:457][453]FBXImport: Warning: Mesh [Geometry have no name] in the fbx file is not reference by any hierarchy node. 
[2025.09.29-17.11.58:457][453]FBXImport: Warning: Mesh [Geometry have no name] in the fbx file is not reference by any hierarchy node. 
[2025.09.29-17.11.58:457][453]FBXImport: Warning: Mesh [Geometry have no name] in the fbx file is not reference by any hierarchy node. 
[2025.09.29-17.11.58:457][453]FBXImport: Warning: Mesh [Geometry have no name] in the fbx file is not reference by any hierarchy node. 
[2025.09.29-17.11.58:457][453]FBXImport: Warning: Mesh [Geometry have no name] in the fbx file is not reference by any hierarchy node. 
[2025.09.29-17.11.58:457][453]FBXImport: Warning: Mesh [Geometry have no name] in the fbx file is not reference by any hierarchy node. 
[2025.09.29-17.11.58:457][453]FBXImport: Warning: Mesh [Geometry have no name] in the fbx file is not reference by any hierarchy node. 
[2025.09.29-17.11.58:457][453]FBXImport: Warning: Mesh [Geometry have no name] in the fbx file is not reference by any hierarchy node. 
[2025.09.29-17.11.58:457][453]FBXImport: Warning: Mesh [Geometry have no name] in the fbx file is not reference by any hierarchy node. 
[2025.09.29-17.11.58:457][453]FBXImport: Warning: Mesh [Geometry have no name] in the fbx file is not reference by any hierarchy node. 
[2025.09.29-17.11.58:457][453]FBXImport: Warning: Mesh [Geometry have no name] in the fbx file is not reference by any hierarchy node. 
[2025.09.29-17.11.58:457][453]FBXImport: Warning: Mesh [Geometry have no name] in the fbx file is not reference by any hierarchy node. 
[2025.09.29-17.11.58:457][453]FBXImport: Warning: Mesh [Geometry have no name] in the fbx file is not reference by any hierarchy node. 
[2025.09.29-17.11.58:457][453]FBXImport: Warning: Mesh [Geometry have no name] in the fbx file is not reference by any hierarchy node. 
[2025.09.29-17.11.58:457][453]FBXImport: Warning: Mesh [Geometry have no name] in the fbx file is not reference by any hierarchy node. 
[2025.09.29-17.11.58:457][453]FBXImport: Warning: Mesh [Geometry have no name] in the fbx file is not reference by any hierarchy node. 
[2025.09.29-17.11.58:457][453]FBXImport: Warning: The following bones are missing from the bind pose:
SkeletonAndPose:Rigg  
SkeletonAndPose:Back_Legs  
SkeletonAndPose:Right  
SkeletonAndPose:ikHandle3  
SkeletonAndPose:IK  
SkeletonAndPose:group21254212252  
SkeletonAndPose:Left  
SkeletonAndPose:ikHandle4  
SkeletonAndPose:IK1  
SkeletonAndPose:group2  
SkeletonAndPose:Front_Legs  
SkeletonAndPose:Rightf  
SkeletonAndPose:ikHandle2f  
SkeletonAndPose:IK_FRONT1  
SkeletonAndPose:Leftf  
SkeletonAndPose:ikHandle1f  
SkeletonAndPose:IK_FRONT  
SkeletonAndPose:Scapula_Right  
SkeletonAndPose:Scapula_Left  
SkeletonAndPose:Controllers  
SkeletonAndPose:Neck_1_GRP  

This can happen for bones that are not vert weighted. If they are not in the correct orientation after importing,
please set the "Use T0 as ref pose" option or add them to the bind pose and reimport the skeletal mesh. 
[2025.09.29-17.11.58:458][453]LogSkeletalMesh: Building Skeletal Mesh Walk...
[2025.09.29-17.11.58:460][453]LogSkeletalMesh: Built Skeletal Mesh [0.00s] /Game/Mannequin/Cat/Walk.Walk
[2025.09.29-17.11.58:470][453]LogFactory: FactoryCreateFile: SkeletalMesh with FbxFactory (0 0 C:\Users\filip\Desktop\Jump.fbx)
[2025.09.29-17.11.58:482][453]LogFbx: Loading FBX Scene from C:\Users\filip\Desktop\Jump.fbx
[2025.09.29-17.11.58:505][453]LogFbx: FBX Scene Loaded Succesfully
[2025.09.29-17.11.58:513][453]LogFbx: Valid bind pose for Pose (SkeletonAndPose:skinCluster1) - SkeletonAndPose:CatBodyLowPoly
[2025.09.29-17.11.58:519][453]LogFbx: Triangulating skeletal mesh SkeletonAndPose:CatBodyLowPoly
[2025.09.29-17.11.58:553][453]LogFbx: Warning: Bones digested - 47  Depth of hierarchy - 17
[2025.09.29-17.11.58:628][453]LogSkeletalMesh: Section 0: 2795 vertices, 44 active bones
[2025.09.29-17.11.58:629][453]LogSkeletalMesh: Section 0: Material=0, 4510 triangles
[2025.09.29-17.11.58:631][453]LogSkeletalMesh: Building Skeletal Mesh Jump...
[2025.09.29-17.11.58:634][453]LogSkeletalMesh: Built Skeletal Mesh [0.00s] /Game/Mannequin/Cat/Jump.Jump
[2025.09.29-17.11.58:635][453]LogLinker: Failed to load '/Game/Mannequin/Cat/Jump_Skeleton': Can't find file.
[2025.09.29-17.11.58:635][453]LogLinker: Failed to load '/Game/Mannequin/Cat/Jump_Skeleton': Can't find file.
[2025.09.29-17.11.58:645][453]LogWorld: UWorld::CleanupWorld for World_52, bSessionEnded=true, bCleanupResources=true
[2025.09.29-17.11.58:651][453]LogFbx: SortedLinks :(0) Version
[2025.09.29-17.11.58:651][453]LogFbx: SortedLinks :(1) CatBodyLowPoly
[2025.09.29-17.11.58:651][453]LogFbx: SortedLinks :(2) LatestVR
[2025.09.29-17.11.58:651][453]LogFbx: SortedLinks :(3) Root
[2025.09.29-17.11.58:651][453]LogFbx: SortedLinks :(4) Neck
[2025.09.29-17.11.58:651][453]LogFbx: SortedLinks :(5) L_Scapula
[2025.09.29-17.11.58:651][453]LogFbx: SortedLinks :(6) L_Shoulder
[2025.09.29-17.11.58:651][453]LogFbx: SortedLinks :(7) LF_Leg1
[2025.09.29-17.11.58:651][453]LogFbx: SortedLinks :(8) LF_Leg2
[2025.09.29-17.11.58:651][453]LogFbx: SortedLinks :(9) LF_Leg3
[2025.09.29-17.11.58:651][453]LogFbx: SortedLinks :(10) LF_Leg4
[2025.09.29-17.11.58:651][453]LogFbx: SortedLinks :(11) Spine1
[2025.09.29-17.11.58:651][453]LogFbx: SortedLinks :(12) Spine2
[2025.09.29-17.11.58:651][453]LogFbx: SortedLinks :(13) Spine3
[2025.09.29-17.11.58:651][453]LogFbx: SortedLinks :(14) Spine4
[2025.09.29-17.11.58:651][453]LogFbx: SortedLinks :(15) Spine5
[2025.09.29-17.11.58:651][453]LogFbx: SortedLinks :(16) TailBone
[2025.09.29-17.11.58:651][453]LogFbx: SortedLinks :(17) R_Hip
[2025.09.29-17.11.58:651][453]LogFbx: SortedLinks :(18) RB_Leg1
[2025.09.29-17.11.58:651][453]LogFbx: SortedLinks :(19) RB_Leg2
[2025.09.29-17.11.58:651][453]LogFbx: SortedLinks :(20) RB_Leg3
[2025.09.29-17.11.58:651][453]LogFbx: SortedLinks :(21) RB_Leg4
[2025.09.29-17.11.58:651][453]LogFbx: SortedLinks :(22) RB_Leg5
[2025.09.29-17.11.58:651][453]LogFbx: SortedLinks :(23) RB_Leg6
[2025.09.29-17.11.58:651][453]LogFbx: SortedLinks :(24) Tail1
[2025.09.29-17.11.58:651][453]LogFbx: SortedLinks :(25) Tail2
[2025.09.29-17.11.58:651][453]LogFbx: SortedLinks :(26) Tail3
[2025.09.29-17.11.58:651][453]LogFbx: SortedLinks :(27) Tail4
[2025.09.29-17.11.58:651][453]LogFbx: SortedLinks :(28) Tail5
[2025.09.29-17.11.58:651][453]LogFbx: SortedLinks :(29) Tail6
[2025.09.29-17.11.58:651][453]LogFbx: SortedLinks :(30) L_Hip2
[2025.09.29-17.11.58:651][453]LogFbx: SortedLinks :(31) LB_Leg1
[2025.09.29-17.11.58:651][453]LogFbx: SortedLinks :(32) LB_Leg2
[2025.09.29-17.11.58:651][453]LogFbx: SortedLinks :(33) LB_Leg3
[2025.09.29-17.11.58:651][453]LogFbx: SortedLinks :(34) LB_Leg4
[2025.09.29-17.11.58:651][453]LogFbx: SortedLinks :(35) LB_Leg5
[2025.09.29-17.11.58:651][453]LogFbx: SortedLinks :(36) LB_Leg6
[2025.09.29-17.11.58:651][453]LogFbx: SortedLinks :(37) Head1
[2025.09.29-17.11.58:651][453]LogFbx: SortedLinks :(38) Head2
[2025.09.29-17.11.58:651][453]LogFbx: SortedLinks :(39) Head3
[2025.09.29-17.11.58:651][453]LogFbx: SortedLinks :(40) Head4
[2025.09.29-17.11.58:651][453]LogFbx: SortedLinks :(41) R_Scapula
[2025.09.29-17.11.58:651][453]LogFbx: SortedLinks :(42) R_Shoulder4
[2025.09.29-17.11.58:651][453]LogFbx: SortedLinks :(43) RF_Leg1
[2025.09.29-17.11.58:651][453]LogFbx: SortedLinks :(44) RF_Leg2
[2025.09.29-17.11.58:651][453]LogFbx: SortedLinks :(45) RF_Leg3
[2025.09.29-17.11.58:651][453]LogFbx: SortedLinks :(46) RF_Leg4
[2025.09.29-17.11.58:653][453]LogFbx: Parsing AnimStack Take 001
[2025.09.29-17.11.58:916][453]LogAnimationCompression: Building Anim DDC data for AnimSequence /Game/Mannequin/Cat/Jump_Anim.Jump_Anim
[2025.09.29-17.11.58:916][453]LogAnimationCompression: Recompressing (AnimSequence /Game/Mannequin/Cat/Jump_Anim.Jump_Anim) using current/default (AnimCompress_BitwiseCompressOnly_0) bFirstRecompressUsingCurrentOrDefault(1) bTryAlternateCompressor(0) IsCompressedDataValid(0)
[2025.09.29-17.11.58:917][453]LogSkeletalMesh: Building Skeletal Mesh Jump...
[2025.09.29-17.11.58:920][453]LogSkeletalMesh: Built Skeletal Mesh [0.00s] /Game/Mannequin/Cat/Jump.Jump
[2025.09.29-17.11.58:926][453]FBXImport: Warning: Mesh [Geometry have no name] in the fbx file is not reference by any hierarchy node. 
[2025.09.29-17.11.58:927][453]LogSkeletalMesh: Building Skeletal Mesh Jump...
[2025.09.29-17.11.58:931][453]LogSkeletalMesh: Built Skeletal Mesh [0.00s] /Game/Mannequin/Cat/Jump.Jump
[2025.09.29-17.12.00:210][593]LogSlate: Window 'Message Log' being destroyed
[2025.09.29-17.12.00:214][593]LogSlate: Window 'Message Log' being destroyed
[2025.09.29-17.12.09:922][740]LogUObjectHash: Compacting FUObjectHashTables data took   1.44ms
[2025.09.29-17.12.12:339][740]LogSlate: Window 'Delete Assets' being destroyed
[2025.09.29-17.12.13:829][740]LogUObjectGlobals: Force Deleting 13 Package(s):
	Asset Name: /Game/Mannequin/Cat/CatIdle.CatIdle
	Asset Name: /Game/Mannequin/Cat/CatIdle_Anim.CatIdle_Anim
	Asset Name: /Game/Mannequin/Cat/CatIdle_PhysicsAsset.CatIdle_PhysicsAsset
	Asset Name: /Game/Mannequin/Cat/CatIdle_Skeleton.CatIdle_Skeleton
	Asset Name: /Game/Mannequin/Cat/Default_Material.Default_Material
	Asset Name: /Game/Mannequin/Cat/Jump.Jump
	Asset Name: /Game/Mannequin/Cat/Jump_Anim.Jump_Anim
	Asset Name: /Game/Mannequin/Cat/Jump_PhysicsAsset.Jump_PhysicsAsset
	Asset Name: /Game/Mannequin/Cat/Jump_Skeleton.Jump_Skeleton
	Asset Name: /Game/Mannequin/Cat/Walk.Walk
[2025.09.29-17.12.13:972][740]LogSkeletalMesh: Building Skeletal Mesh CatIdle...
[2025.09.29-17.12.13:974][740]LogSkeletalMesh: Built Skeletal Mesh [0.00s] /Game/Mannequin/Cat/CatIdle.CatIdle
[2025.09.29-17.12.13:978][740]LogSkeletalMesh: Building Skeletal Mesh CatIdle...
[2025.09.29-17.12.13:980][740]LogSkeletalMesh: Built Skeletal Mesh [0.00s] /Game/Mannequin/Cat/CatIdle.CatIdle
[2025.09.29-17.12.13:980][740]LogSkeletalMesh: Building Skeletal Mesh CatIdle...
[2025.09.29-17.12.13:983][740]LogSkeletalMesh: Built Skeletal Mesh [0.00s] /Game/Mannequin/Cat/CatIdle.CatIdle
[2025.09.29-17.12.13:985][740]LogSkeletalMesh: Building Skeletal Mesh Jump...
[2025.09.29-17.12.13:987][740]LogSkeletalMesh: Built Skeletal Mesh [0.00s] /Game/Mannequin/Cat/Jump.Jump
[2025.09.29-17.12.13:988][740]LogSkeletalMesh: Building Skeletal Mesh Jump...
[2025.09.29-17.12.13:991][740]LogSkeletalMesh: Built Skeletal Mesh [0.00s] /Game/Mannequin/Cat/Jump.Jump
[2025.09.29-17.12.13:997][740]LogSkeletalMesh: Building Skeletal Mesh Jump...
[2025.09.29-17.12.13:999][740]LogSkeletalMesh: Built Skeletal Mesh [0.00s] /Game/Mannequin/Cat/Jump.Jump
[2025.09.29-17.12.14:000][740]LogSkeletalMesh: Building Skeletal Mesh Walk...
[2025.09.29-17.12.14:001][740]LogSkeletalMesh: Built Skeletal Mesh [0.00s] /Game/Mannequin/Cat/Walk.Walk
[2025.09.29-17.12.14:002][740]LogSkeletalMesh: Building Skeletal Mesh Walk...
[2025.09.29-17.12.14:005][740]LogSkeletalMesh: Built Skeletal Mesh [0.00s] /Game/Mannequin/Cat/Walk.Walk
[2025.09.29-17.12.14:010][740]LogSkeletalMesh: Building Skeletal Mesh Walk...
[2025.09.29-17.12.14:013][740]LogSkeletalMesh: Built Skeletal Mesh [0.00s] /Game/Mannequin/Cat/Walk.Walk
[2025.09.29-17.12.15:505][740]LogUObjectHash: Compacting FUObjectHashTables data took   1.61ms
[2025.09.29-17.12.18:545][982]LogFactory: FactoryCreateFile: StaticMesh with FbxFactory (0 0 C:\Users\filip\Desktop\Jump.fbx)
[2025.09.29-17.12.18:551][982]LogFbx: Loading FBX Scene from C:\Users\filip\Desktop\Jump.fbx
[2025.09.29-17.12.18:566][982]LogFbx: FBX Scene Loaded Succesfully
[2025.09.29-17.12.19:670][982]LogSlate: Window 'FBX Import Options' being destroyed
[2025.09.29-17.12.19:688][982]LogFbx: Valid bind pose for Pose (SkeletonAndPose:skinCluster1) - SkeletonAndPose:CatBodyLowPoly
[2025.09.29-17.12.19:692][982]LogMaterial: Display: Material /Game/Mannequin/Cat/Default_Material.Default_Material needed to have new flag set bUsedWithSkeletalMesh !
[2025.09.29-17.12.19:693][982]LogMaterial: Display: Missing cached shader map for material Default_Material, compiling. 
[2025.09.29-17.12.19:713][982]LogMaterial: Display: Missing cached shader map for material Default_Material, compiling. 
[2025.09.29-17.12.19:735][982]LogFbx: Triangulating skeletal mesh SkeletonAndPose:CatBodyLowPoly
[2025.09.29-17.12.19:760][982]LogShaderCompilers: Display: Worker (1/9): shaders left to compile 60
[2025.09.29-17.12.19:760][982]LogShaderCompilers: Display: Worker (2/9): shaders left to compile 52
[2025.09.29-17.12.19:760][982]LogShaderCompilers: Display: Worker (3/9): shaders left to compile 44
[2025.09.29-17.12.19:760][982]LogShaderCompilers: Display: Worker (4/9): shaders left to compile 36
[2025.09.29-17.12.19:760][982]LogShaderCompilers: Display: Worker (5/9): shaders left to compile 28
[2025.09.29-17.12.19:760][982]LogShaderCompilers: Display: Worker (6/9): shaders left to compile 20
[2025.09.29-17.12.19:760][982]LogShaderCompilers: Display: Worker (7/9): shaders left to compile 12
[2025.09.29-17.12.19:760][982]LogShaderCompilers: Display: Worker (8/9): shaders left to compile 4
[2025.09.29-17.12.19:760][982]LogFbx: Warning: Bones digested - 47  Depth of hierarchy - 17
[2025.09.29-17.12.19:834][982]LogSkeletalMesh: Section 0: 2795 vertices, 44 active bones
[2025.09.29-17.12.19:835][982]LogSkeletalMesh: Section 0: Material=0, 4510 triangles
[2025.09.29-17.12.19:836][982]LogSkeletalMesh: Building Skeletal Mesh Jump...
[2025.09.29-17.12.19:840][982]LogSkeletalMesh: Built Skeletal Mesh [0.00s] /Game/Mannequin/Cat/Jump.Jump
[2025.09.29-17.12.19:848][982]LogWorld: UWorld::CleanupWorld for World_53, bSessionEnded=true, bCleanupResources=true
[2025.09.29-17.12.19:853][982]LogFbx: SortedLinks :(0) Version
[2025.09.29-17.12.19:853][982]LogFbx: SortedLinks :(1) CatBodyLowPoly
[2025.09.29-17.12.19:853][982]LogFbx: SortedLinks :(2) LatestVR
[2025.09.29-17.12.19:853][982]LogFbx: SortedLinks :(3) Root
[2025.09.29-17.12.19:853][982]LogFbx: SortedLinks :(4) Neck
[2025.09.29-17.12.19:853][982]LogFbx: SortedLinks :(5) L_Scapula
[2025.09.29-17.12.19:853][982]LogFbx: SortedLinks :(6) L_Shoulder
[2025.09.29-17.12.19:853][982]LogFbx: SortedLinks :(7) LF_Leg1
[2025.09.29-17.12.19:853][982]LogFbx: SortedLinks :(8) LF_Leg2
[2025.09.29-17.12.19:853][982]LogFbx: SortedLinks :(9) LF_Leg3
[2025.09.29-17.12.19:853][982]LogFbx: SortedLinks :(10) LF_Leg4
[2025.09.29-17.12.19:853][982]LogFbx: SortedLinks :(11) Spine1
[2025.09.29-17.12.19:853][982]LogFbx: SortedLinks :(12) Spine2
[2025.09.29-17.12.19:853][982]LogFbx: SortedLinks :(13) Spine3
[2025.09.29-17.12.19:853][982]LogFbx: SortedLinks :(14) Spine4
[2025.09.29-17.12.19:853][982]LogFbx: SortedLinks :(15) Spine5
[2025.09.29-17.12.19:853][982]LogFbx: SortedLinks :(16) TailBone
[2025.09.29-17.12.19:853][982]LogFbx: SortedLinks :(17) R_Hip
[2025.09.29-17.12.19:853][982]LogFbx: SortedLinks :(18) RB_Leg1
[2025.09.29-17.12.19:853][982]LogFbx: SortedLinks :(19) RB_Leg2
[2025.09.29-17.12.19:853][982]LogFbx: SortedLinks :(20) RB_Leg3
[2025.09.29-17.12.19:853][982]LogFbx: SortedLinks :(21) RB_Leg4
[2025.09.29-17.12.19:853][982]LogFbx: SortedLinks :(22) RB_Leg5
[2025.09.29-17.12.19:853][982]LogFbx: SortedLinks :(23) RB_Leg6
[2025.09.29-17.12.19:853][982]LogFbx: SortedLinks :(24) Tail1
[2025.09.29-17.12.19:853][982]LogFbx: SortedLinks :(25) Tail2
[2025.09.29-17.12.19:853][982]LogFbx: SortedLinks :(26) Tail3
[2025.09.29-17.12.19:853][982]LogFbx: SortedLinks :(27) Tail4
[2025.09.29-17.12.19:853][982]LogFbx: SortedLinks :(28) Tail5
[2025.09.29-17.12.19:854][982]LogFbx: SortedLinks :(29) Tail6
[2025.09.29-17.12.19:854][982]LogFbx: SortedLinks :(30) L_Hip2
[2025.09.29-17.12.19:854][982]LogFbx: SortedLinks :(31) LB_Leg1
[2025.09.29-17.12.19:854][982]LogFbx: SortedLinks :(32) LB_Leg2
[2025.09.29-17.12.19:854][982]LogFbx: SortedLinks :(33) LB_Leg3
[2025.09.29-17.12.19:854][982]LogFbx: SortedLinks :(34) LB_Leg4
[2025.09.29-17.12.19:854][982]LogFbx: SortedLinks :(35) LB_Leg5
[2025.09.29-17.12.19:854][982]LogFbx: SortedLinks :(36) LB_Leg6
[2025.09.29-17.12.19:854][982]LogFbx: SortedLinks :(37) Head1
[2025.09.29-17.12.19:854][982]LogFbx: SortedLinks :(38) Head2
[2025.09.29-17.12.19:854][982]LogFbx: SortedLinks :(39) Head3
[2025.09.29-17.12.19:854][982]LogFbx: SortedLinks :(40) Head4
[2025.09.29-17.12.19:854][982]LogFbx: SortedLinks :(41) R_Scapula
[2025.09.29-17.12.19:854][982]LogFbx: SortedLinks :(42) R_Shoulder4
[2025.09.29-17.12.19:854][982]LogFbx: SortedLinks :(43) RF_Leg1
[2025.09.29-17.12.19:854][982]LogFbx: SortedLinks :(44) RF_Leg2
[2025.09.29-17.12.19:854][982]LogFbx: SortedLinks :(45) RF_Leg3
[2025.09.29-17.12.19:854][982]LogFbx: SortedLinks :(46) RF_Leg4
[2025.09.29-17.12.19:856][982]LogFbx: Parsing AnimStack Take 001
[2025.09.29-17.12.20:110][982]LogAnimationCompression: Building Anim DDC data for AnimSequence /Game/Mannequin/Cat/Jump_Anim.Jump_Anim
[2025.09.29-17.12.20:110][982]LogAnimationCompression: Recompressing (AnimSequence /Game/Mannequin/Cat/Jump_Anim.Jump_Anim) using current/default (AnimCompress_BitwiseCompressOnly_0) bFirstRecompressUsingCurrentOrDefault(1) bTryAlternateCompressor(0) IsCompressedDataValid(0)
[2025.09.29-17.12.20:112][982]LogSkeletalMesh: Building Skeletal Mesh Jump...
[2025.09.29-17.12.20:115][982]LogSkeletalMesh: Built Skeletal Mesh [0.00s] /Game/Mannequin/Cat/Jump.Jump
[2025.09.29-17.12.20:121][982]FBXImport: Warning: Mesh [Geometry have no name] in the fbx file is not reference by any hierarchy node. 
[2025.09.29-17.12.20:136][982]LogSkeletalMesh: Building Skeletal Mesh Jump...
[2025.09.29-17.12.20:139][982]LogSkeletalMesh: Built Skeletal Mesh [0.00s] /Game/Mannequin/Cat/Jump.Jump
[2025.09.29-17.12.21:495][137]LogSlate: Window 'Message Log' being destroyed
[2025.09.29-17.12.21:500][137]LogSlate: Window 'Message Log' being destroyed
[2025.09.29-17.12.23:656][392]Cmd: OBJ SAVEPACKAGE PACKAGE="/Game/Mannequin/Cat/Default_Material" FILE="E:/GameJamHGGUnreal4.23.1/GameJamCrew/Content/Mannequin/Cat/Default_Material.uasset" SILENT=true
[2025.09.29-17.12.23:661][392]LogSavePackage: Moving 'E:/GameJamHGGUnreal4.23.1/GameJamCrew/Saved/Default_MaterialD93F3EAB4B6798F71BB8D7BF92B0264E.tmp' to 'E:/GameJamHGGUnreal4.23.1/GameJamCrew/Content/Mannequin/Cat/Default_Material.uasset'
[2025.09.29-17.12.23:668][392]Cmd: OBJ SAVEPACKAGE PACKAGE="/Game/Mannequin/Cat/Jump" FILE="E:/GameJamHGGUnreal4.23.1/GameJamCrew/Content/Mannequin/Cat/Jump.uasset" SILENT=true
[2025.09.29-17.12.23:679][392]LogSavePackage: Moving 'E:/GameJamHGGUnreal4.23.1/GameJamCrew/Saved/Jump180F858D486AF5A276B13F906E0BFEBB.tmp' to 'E:/GameJamHGGUnreal4.23.1/GameJamCrew/Content/Mannequin/Cat/Jump.uasset'
[2025.09.29-17.12.23:686][392]Cmd: OBJ SAVEPACKAGE PACKAGE="/Game/Mannequin/Cat/Jump_Anim" FILE="E:/GameJamHGGUnreal4.23.1/GameJamCrew/Content/Mannequin/Cat/Jump_Anim.uasset" SILENT=true
[2025.09.29-17.12.23:692][392]LogSavePackage: Moving 'E:/GameJamHGGUnreal4.23.1/GameJamCrew/Saved/Jump_AnimD47A7F4341865E28BA314B90819C6B4B.tmp' to 'E:/GameJamHGGUnreal4.23.1/GameJamCrew/Content/Mannequin/Cat/Jump_Anim.uasset'
[2025.09.29-17.12.23:700][392]Cmd: OBJ SAVEPACKAGE PACKAGE="/Game/Mannequin/Cat/Jump_PhysicsAsset" FILE="E:/GameJamHGGUnreal4.23.1/GameJamCrew/Content/Mannequin/Cat/Jump_PhysicsAsset.uasset" SILENT=true
[2025.09.29-17.12.23:708][392]LogSavePackage: Moving 'E:/GameJamHGGUnreal4.23.1/GameJamCrew/Saved/Jump_PhysicsAsset5F5B400E4038821E4E3AA0BDE2E1A3B6.tmp' to 'E:/GameJamHGGUnreal4.23.1/GameJamCrew/Content/Mannequin/Cat/Jump_PhysicsAsset.uasset'
[2025.09.29-17.12.23:711][392]Cmd: OBJ SAVEPACKAGE PACKAGE="/Game/Mannequin/Cat/Jump_Skeleton" FILE="E:/GameJamHGGUnreal4.23.1/GameJamCrew/Content/Mannequin/Cat/Jump_Skeleton.uasset" SILENT=true
[2025.09.29-17.12.23:713][392]LogSavePackage: Moving 'E:/GameJamHGGUnreal4.23.1/GameJamCrew/Saved/Jump_Skeleton52DE2B2643AD77A86CCF4698DB01DEA7.tmp' to 'E:/GameJamHGGUnreal4.23.1/GameJamCrew/Content/Mannequin/Cat/Jump_Skeleton.uasset'
[2025.09.29-17.12.24:296][455]LogAssetEditorManager: Opening Asset editor for AnimSequence /Game/Mannequin/Cat/Jump_Anim.Jump_Anim
[2025.09.29-17.12.24:300][455]LogActorComponent: RegisterComponentWithWorld: (/Engine/Transient.World_54:PersistentLevel.AnimationEditorPreviewActor_0.DebugSkelMeshComponent_0) Already registered. Aborting.
[2025.09.29-17.12.24:318][455]LogSkeletalMesh: USkeletalMeshComponent::InitArticulated : Bodies already created (/Engine/Transient.World_54:PersistentLevel.AnimationEditorPreviewActor_0.DebugSkelMeshComponent_0) - call TermArticulated first.
[2025.09.29-17.12.24:469][455]LogContentBrowser: Verbose: The majority of assets in the view are of type: AnimSequence
[2025.09.29-17.12.27:725][841]LogSlate: FSceneViewport::OnFocusLost() reason 0
[2025.09.29-17.12.27:850][856]LogSlate: Window 'Jump_Anim' being destroyed
[2025.09.29-17.12.27:855][856]LogWorld: UWorld::CleanupWorld for World_54, bSessionEnded=true, bCleanupResources=true
[2025.09.29-17.12.27:872][856]LogWorld: UWorld::CleanupWorld for World_56, bSessionEnded=true, bCleanupResources=true
[2025.09.29-17.12.27:923][856]LogWorld: UWorld::CleanupWorld for World_55, bSessionEnded=true, bCleanupResources=true
[2025.09.29-17.12.34:839][680]LogMetaData: Removing '/Game/Mannequin/Cat/sk.sk' ref from Metadata '/Game/Mannequin/Cat/Jump.PackageMetaData'
[2025.09.29-17.12.34:863][680]Cmd: OBJ SAVEPACKAGE PACKAGE="/Game/Mannequin/Cat/sk" FILE="E:/GameJamHGGUnreal4.23.1/GameJamCrew/Content/Mannequin/Cat/sk.uasset" SILENT=true
[2025.09.29-17.12.34:871][680]LogSavePackage: Moving 'E:/GameJamHGGUnreal4.23.1/GameJamCrew/Saved/skAAA5579A4544B462C21A92B6C8E909F0.tmp' to 'E:/GameJamHGGUnreal4.23.1/GameJamCrew/Content/Mannequin/Cat/sk.uasset'
[2025.09.29-17.12.34:968][680]LogUObjectHash: Compacting FUObjectHashTables data took   1.53ms
[2025.09.29-17.12.34:990][680]LogUObjectHash: Compacting FUObjectHashTables data took   1.40ms
[2025.09.29-17.12.35:006][680]LogUObjectHash: Compacting FUObjectHashTables data took   0.54ms
[2025.09.29-17.12.35:020][680]Cmd: OBJ SAVEPACKAGE PACKAGE="/Game/Mannequin/Cat/Jump_PhysicsAsset" FILE="E:/GameJamHGGUnreal4.23.1/GameJamCrew/Content/Mannequin/Cat/Jump_PhysicsAsset.uasset" SILENT=true
[2025.09.29-17.12.35:023][680]LogSavePackage: Moving 'E:/GameJamHGGUnreal4.23.1/GameJamCrew/Saved/Jump_PhysicsAsset0728C444493327CAF7A44AAE253D1926.tmp' to 'E:/GameJamHGGUnreal4.23.1/GameJamCrew/Content/Mannequin/Cat/Jump_PhysicsAsset.uasset'
[2025.09.29-17.12.38:569][ 96]LogMetaData: Removing '/Game/Mannequin/Cat/skeleton.skeleton' ref from Metadata '/Game/Mannequin/Cat/Jump_Skeleton.PackageMetaData'
[2025.09.29-17.12.38:588][ 96]Cmd: OBJ SAVEPACKAGE PACKAGE="/Game/Mannequin/Cat/skeleton" FILE="E:/GameJamHGGUnreal4.23.1/GameJamCrew/Content/Mannequin/Cat/skeleton.uasset" SILENT=true
[2025.09.29-17.12.38:590][ 96]LogSavePackage: Moving 'E:/GameJamHGGUnreal4.23.1/GameJamCrew/Saved/skeletonF72E784C41C03C0A66A247BD4F1D7712.tmp' to 'E:/GameJamHGGUnreal4.23.1/GameJamCrew/Content/Mannequin/Cat/skeleton.uasset'
[2025.09.29-17.12.38:683][ 96]LogUObjectHash: Compacting FUObjectHashTables data took   0.99ms
[2025.09.29-17.12.38:703][ 96]LogUObjectHash: Compacting FUObjectHashTables data took   1.37ms
[2025.09.29-17.12.38:722][ 96]LogUObjectHash: Compacting FUObjectHashTables data took   0.81ms
[2025.09.29-17.12.38:736][ 96]Cmd: OBJ SAVEPACKAGE PACKAGE="/Game/Mannequin/Cat/sk" FILE="E:/GameJamHGGUnreal4.23.1/GameJamCrew/Content/Mannequin/Cat/sk.uasset" SILENT=true
[2025.09.29-17.12.38:745][ 96]LogSavePackage: Moving 'E:/GameJamHGGUnreal4.23.1/GameJamCrew/Saved/skB3A351704A3D6D1FEAA7E29D53BE4092.tmp' to 'E:/GameJamHGGUnreal4.23.1/GameJamCrew/Content/Mannequin/Cat/sk.uasset'
[2025.09.29-17.12.38:748][ 96]Cmd: OBJ SAVEPACKAGE PACKAGE="/Game/Mannequin/Cat/Jump_Anim" FILE="E:/GameJamHGGUnreal4.23.1/GameJamCrew/Content/Mannequin/Cat/Jump_Anim.uasset" SILENT=true
[2025.09.29-17.12.38:751][ 96]LogSavePackage: Moving 'E:/GameJamHGGUnreal4.23.1/GameJamCrew/Saved/Jump_Anim0F9CB3EF4B1AE3BA2016438FF8747347.tmp' to 'E:/GameJamHGGUnreal4.23.1/GameJamCrew/Content/Mannequin/Cat/Jump_Anim.uasset'
[2025.09.29-17.12.41:730][439]Cmd: OBJ SAVEPACKAGE PACKAGE="/Game/Mannequin/Cat/pa" FILE="E:/GameJamHGGUnreal4.23.1/GameJamCrew/Content/Mannequin/Cat/pa.uasset" SILENT=true
[2025.09.29-17.12.41:738][439]LogSavePackage: Moving 'E:/GameJamHGGUnreal4.23.1/GameJamCrew/Saved/pa0737DCAD4C238C4CA5BB7A8A40E1F752.tmp' to 'E:/GameJamHGGUnreal4.23.1/GameJamCrew/Content/Mannequin/Cat/pa.uasset'
[2025.09.29-17.12.41:848][439]LogUObjectHash: Compacting FUObjectHashTables data took   0.75ms
[2025.09.29-17.12.41:868][439]LogUObjectHash: Compacting FUObjectHashTables data took   1.41ms
[2025.09.29-17.12.41:885][439]LogUObjectHash: Compacting FUObjectHashTables data took   0.56ms
[2025.09.29-17.12.41:897][439]Cmd: OBJ SAVEPACKAGE PACKAGE="/Game/Mannequin/Cat/sk" FILE="E:/GameJamHGGUnreal4.23.1/GameJamCrew/Content/Mannequin/Cat/sk.uasset" SILENT=true
[2025.09.29-17.12.41:903][439]LogSavePackage: Moving 'E:/GameJamHGGUnreal4.23.1/GameJamCrew/Saved/sk3F3BAFC74CF738A47EF1CDB251B9626F.tmp' to 'E:/GameJamHGGUnreal4.23.1/GameJamCrew/Content/Mannequin/Cat/sk.uasset'
[2025.09.29-17.12.44:514][746]LogAssetEditorManager: Opening Asset editor for AnimSequence /Game/Mannequin/Cat/Jump_Anim.Jump_Anim
[2025.09.29-17.12.44:518][746]LogActorComponent: RegisterComponentWithWorld: (/Engine/Transient.World_57:PersistentLevel.AnimationEditorPreviewActor_0.DebugSkelMeshComponent_0) Already registered. Aborting.
[2025.09.29-17.12.44:536][746]LogSkeletalMesh: USkeletalMeshComponent::InitArticulated : Bodies already created (/Engine/Transient.World_57:PersistentLevel.AnimationEditorPreviewActor_0.DebugSkelMeshComponent_0) - call TermArticulated first.
[2025.09.29-17.12.44:679][746]LogContentBrowser: Verbose: The majority of assets in the view are of type: AnimSequence
[2025.09.29-17.12.49:614][321]LogSlate: FSceneViewport::OnFocusLost() reason 5
[2025.09.29-17.12.49:621][321]Cmd: OBJ SAVEPACKAGE PACKAGE="/Game/Mannequin/Cat/Jump_Anim" FILE="E:/GameJamHGGUnreal4.23.1/GameJamCrew/Content/Mannequin/Cat/Jump_Anim.uasset" SILENT=true
[2025.09.29-17.12.49:623][321]LogSavePackage: Moving 'E:/GameJamHGGUnreal4.23.1/GameJamCrew/Saved/Jump_Anim29CA524D44C0A468174EA788E501F78D.tmp' to 'E:/GameJamHGGUnreal4.23.1/GameJamCrew/Content/Mannequin/Cat/Jump_Anim.uasset'
[2025.09.29-17.12.51:115][488]LogAssetEditorManager: Opening Asset editor for SkeletalMesh /Game/Mannequin/Cat/sk.sk
[2025.09.29-17.12.51:121][488]LogActorComponent: RegisterComponentWithWorld: (/Engine/Transient.World_60:PersistentLevel.AnimationEditorPreviewActor_0.DebugSkelMeshComponent_0) Already registered. Aborting.
[2025.09.29-17.12.51:131][488]LogSkeletalMesh: USkeletalMeshComponent::InitArticulated : Bodies already created (/Engine/Transient.World_60:PersistentLevel.AnimationEditorPreviewActor_0.DebugSkelMeshComponent_0) - call TermArticulated first.
[2025.09.29-17.12.55:014][924]LogSlate: Window 'Jump_Anim' being destroyed
[2025.09.29-17.12.55:019][924]LogWorld: UWorld::CleanupWorld for World_57, bSessionEnded=true, bCleanupResources=true
[2025.09.29-17.12.55:033][924]LogWorld: UWorld::CleanupWorld for World_59, bSessionEnded=true, bCleanupResources=true
[2025.09.29-17.12.55:084][924]LogWorld: UWorld::CleanupWorld for World_58, bSessionEnded=true, bCleanupResources=true
[2025.09.29-17.13.05:155][128]LogAssetEditorManager: Opening Asset editor for Material /Game/Mannequin/Cat/Default_Material.Default_Material
[2025.09.29-17.13.05:157][128]LogMaterial: Display: Missing cached shader map for material Default_Material, compiling. 
[2025.09.29-17.13.05:219][128]LogMaterial: Display: Missing cached shader map for material Default_Material, compiling. 
[2025.09.29-17.13.05:239][128]LogMaterial: Display: Missing cached shader map for material Default_Material, compiling. 
[2025.09.29-17.13.05:259][128]LogShaderCompilers: Display: Worker (1/9): shaders left to compile 59
[2025.09.29-17.13.05:259][128]LogShaderCompilers: Display: Worker (2/9): shaders left to compile 58
[2025.09.29-17.13.05:259][128]LogShaderCompilers: Display: Worker (3/9): shaders left to compile 57
[2025.09.29-17.13.05:259][128]LogShaderCompilers: Display: Worker (4/9): shaders left to compile 56
[2025.09.29-17.13.05:259][128]LogShaderCompilers: Display: Worker (5/9): shaders left to compile 55
[2025.09.29-17.13.05:259][128]LogShaderCompilers: Display: Worker (6/9): shaders left to compile 54
[2025.09.29-17.13.05:259][128]LogShaderCompilers: Display: Worker (7/9): shaders left to compile 53
[2025.09.29-17.13.05:259][128]LogShaderCompilers: Display: Worker (8/9): shaders left to compile 52
[2025.09.29-17.13.05:260][128]LogMaterial: Display: Missing cached shader map for material FMatExpressionPreview MaterialExpressionVectorParameter_0, compiling. 
[2025.09.29-17.13.05:534][153]LogShaderCompilers: Display: Worker (8/9): shaders left to compile 55
[2025.09.29-17.13.05:560][156]LogShaderCompilers: Display: Worker (2/9): shaders left to compile 54
[2025.09.29-17.13.05:568][157]LogShaderCompilers: Display: Worker (3/9): shaders left to compile 53
[2025.09.29-17.13.05:595][160]LogShaderCompilers: Display: Worker (5/9): shaders left to compile 52
[2025.09.29-17.13.05:603][161]LogShaderCompilers: Display: Worker (1/9): shaders left to compile 51
[2025.09.29-17.13.05:638][165]LogShaderCompilers: Display: Worker (6/9): shaders left to compile 50
[2025.09.29-17.13.05:680][170]LogShaderCompilers: Display: Worker (4/9): shaders left to compile 49
[2025.09.29-17.13.05:689][171]LogShaderCompilers: Display: Worker (8/9): shaders left to compile 48
[2025.09.29-17.13.05:801][182]LogShaderCompilers: Display: Worker (7/9): shaders left to compile 47
[2025.09.29-17.13.05:838][186]LogShaderCompilers: Display: Worker (5/9): shaders left to compile 46
[2025.09.29-17.13.05:948][198]LogShaderCompilers: Display: Worker (4/9): shaders left to compile 45
[2025.09.29-17.13.05:968][200]LogShaderCompilers: Display: Worker (2/9): shaders left to compile 44
[2025.09.29-17.13.05:977][201]LogShaderCompilers: Display: Worker (1/9): shaders left to compile 43
[2025.09.29-17.13.06:004][204]LogShaderCompilers: Display: Worker (3/9): shaders left to compile 42
[2025.09.29-17.13.06:057][210]LogShaderCompilers: Display: Worker (6/9): shaders left to compile 41
[2025.09.29-17.13.06:120][217]LogShaderCompilers: Display: Worker (8/9): shaders left to compile 40
[2025.09.29-17.13.06:130][218]LogShaderCompilers: Display: Worker (5/9): shaders left to compile 39
[2025.09.29-17.13.06:188][224]LogShaderCompilers: Display: Worker (7/9): shaders left to compile 38
[2025.09.29-17.13.06:198][225]LogShaderCompilers: Display: Worker (3/9): shaders left to compile 37
[2025.09.29-17.13.06:198][225]LogShaderCompilers: Display: Worker (6/9): shaders left to compile 36
[2025.09.29-17.13.06:254][231]LogShaderCompilers: Display: Worker (1/9): shaders left to compile 35
[2025.09.29-17.13.06:288][234]LogShaderCompilers: Display: Worker (4/9): shaders left to compile 34
[2025.09.29-17.13.06:299][235]LogShaderCompilers: Display: Worker (8/9): shaders left to compile 33
[2025.09.29-17.13.06:308][236]LogShaderCompilers: Display: Worker (2/9): shaders left to compile 32
[2025.09.29-17.13.06:308][236]LogShaderCompilers: Display: Worker (5/9): shaders left to compile 31
[2025.09.29-17.13.06:362][242]LogShaderCompilers: Display: Worker (6/9): shaders left to compile 30
[2025.09.29-17.13.06:362][242]LogShaderCompilers: Display: Worker (7/9): shaders left to compile 29
[2025.09.29-17.13.06:382][244]LogShaderCompilers: Display: Worker (3/9): shaders left to compile 28
[2025.09.29-17.13.06:460][251]LogShaderCompilers: Display: Worker (8/9): shaders left to compile 27
[2025.09.29-17.13.06:535][259]LogShaderCompilers: Display: Worker (1/9): shaders left to compile 26
[2025.09.29-17.13.06:548][260]LogShaderCompilers: Display: Worker (5/9): shaders left to compile 25
[2025.09.29-17.13.06:556][261]LogShaderCompilers: Display: Worker (6/9): shaders left to compile 24
[2025.09.29-17.13.06:608][267]LogShaderCompilers: Display: Worker (2/9): shaders left to compile 23
[2025.09.29-17.13.06:641][271]LogShaderCompilers: Display: Worker (4/9): shaders left to compile 22
[2025.09.29-17.13.06:641][271]LogSlate: FSceneViewport::OnFocusLost() reason 0
[2025.09.29-17.13.06:669][274]LogShaderCompilers: Display: Worker (7/9): shaders left to compile 21
[2025.09.29-17.13.06:696][277]LogShaderCompilers: Display: Worker (8/9): shaders left to compile 20
[2025.09.29-17.13.06:717][279]LogShaderCompilers: Display: Worker (3/9): shaders left to compile 19
[2025.09.29-17.13.06:740][281]LogShaderCompilers: Display: Worker (6/9): shaders left to compile 18
[2025.09.29-17.13.06:776][285]LogShaderCompilers: Display: Worker (5/9): shaders left to compile 17
[2025.09.29-17.13.06:793][287]LogShaderCompilers: Display: Worker (2/9): shaders left to compile 16
[2025.09.29-17.13.06:801][288]LogShaderCompilers: Display: Worker (1/9): shaders left to compile 15
[2025.09.29-17.13.06:844][293]LogShaderCompilers: Display: Worker (4/9): shaders left to compile 14
[2025.09.29-17.13.06:868][296]LogShaderCompilers: Display: Worker (8/9): shaders left to compile 13
[2025.09.29-17.13.06:878][297]LogShaderCompilers: Display: Worker (3/9): shaders left to compile 12
[2025.09.29-17.13.06:897][299]LogShaderCompilers: Display: Worker (7/9): shaders left to compile 11
[2025.09.29-17.13.06:923][302]LogShaderCompilers: Display: Worker (6/9): shaders left to compile 10
[2025.09.29-17.13.06:933][303]LogShaderCompilers: Display: Worker (5/9): shaders left to compile 9
[2025.09.29-17.13.06:953][305]LogSlate: Window 'Default_Material' being destroyed
[2025.09.29-17.13.06:980][305]LogWorld: UWorld::CleanupWorld for World_61, bSessionEnded=true, bCleanupResources=true
[2025.09.29-17.13.07:023][307]LogShaderCompilers: Display: Worker (4/9): shaders left to compile 4
[2025.09.29-17.13.07:041][310]LogShaderCompilers: Display: Worker (7/9): shaders left to compile 3
[2025.09.29-17.13.07:102][317]LogShaderCompilers: Display: Worker (2/9): shaders left to compile 2
[2025.09.29-17.13.07:102][317]LogShaderCompilers: Display: Worker (1/9): shaders left to compile 1
[2025.09.29-17.13.09:401][590]LogAssetEditorManager: Opening Asset editor for Material /Game/Mannequin/Cat/Default_Material.Default_Material
[2025.09.29-17.13.09:403][590]LogMaterial: Display: Missing cached shader map for material PreviewMaterial_0, compiling. 
[2025.09.29-17.13.09:462][590]LogMaterial: Display: Missing cached shader map for material PreviewMaterial_0, compiling. 
[2025.09.29-17.13.09:484][590]LogMaterial: Display: Missing cached shader map for material PreviewMaterial_0, compiling. 
[2025.09.29-17.13.09:512][590]LogMaterial: Display: Missing cached shader map for material FMatExpressionPreview MaterialExpressionVectorParameter_0, compiling. 
[2025.09.29-17.13.09:515][590]LogShaderCompilers: Display: Worker (1/9): shaders left to compile 59
[2025.09.29-17.13.09:515][590]LogShaderCompilers: Display: Worker (2/9): shaders left to compile 58
[2025.09.29-17.13.09:515][590]LogShaderCompilers: Display: Worker (3/9): shaders left to compile 57
[2025.09.29-17.13.09:515][590]LogShaderCompilers: Display: Worker (4/9): shaders left to compile 56
[2025.09.29-17.13.09:515][590]LogShaderCompilers: Display: Worker (5/9): shaders left to compile 55
[2025.09.29-17.13.09:515][590]LogShaderCompilers: Display: Worker (6/9): shaders left to compile 54
[2025.09.29-17.13.09:515][590]LogShaderCompilers: Display: Worker (7/9): shaders left to compile 53
[2025.09.29-17.13.09:515][590]LogShaderCompilers: Display: Worker (8/9): shaders left to compile 52
[2025.09.29-17.13.09:611][596]LogShaderCompilers: Display: Worker (8/9): shaders left to compile 55
[2025.09.29-17.13.09:690][605]LogShaderCompilers: Display: Worker (3/9): shaders left to compile 54
[2025.09.29-17.13.09:709][606]LogShaderCompilers: Display: Worker (2/9): shaders left to compile 53
[2025.09.29-17.13.09:709][606]LogShaderCompilers: Display: Worker (6/9): shaders left to compile 52
[2025.09.29-17.13.09:734][609]LogShaderCompilers: Display: Worker (5/9): shaders left to compile 51
[2025.09.29-17.13.09:768][613]LogShaderCompilers: Display: Worker (1/9): shaders left to compile 50
[2025.09.29-17.13.09:794][616]LogShaderCompilers: Display: Worker (8/9): shaders left to compile 49
[2025.09.29-17.13.09:820][619]LogShaderCompilers: Display: Worker (4/9): shaders left to compile 48
[2025.09.29-17.13.09:820][619]LogShaderCompilers: Display: Worker (7/9): shaders left to compile 47
[2025.09.29-17.13.09:890][627]LogShaderCompilers: Display: Worker (6/9): shaders left to compile 46
[2025.09.29-17.13.10:052][644]LogShaderCompilers: Display: Worker (8/9): shaders left to compile 45
[2025.09.29-17.13.10:080][647]LogShaderCompilers: Display: Worker (2/9): shaders left to compile 44
[2025.09.29-17.13.10:130][653]LogShaderCompilers: Display: Worker (3/9): shaders left to compile 43
[2025.09.29-17.13.10:130][653]LogShaderCompilers: Display: Worker (5/9): shaders left to compile 42
[2025.09.29-17.13.10:138][654]LogShaderCompilers: Display: Worker (6/9): shaders left to compile 41
[2025.09.29-17.13.10:198][661]LogShaderCompilers: Display: Worker (7/9): shaders left to compile 40
[2025.09.29-17.13.10:227][664]LogShaderCompilers: Display: Worker (1/9): shaders left to compile 39
[2025.09.29-17.13.10:274][668]LogShaderCompilers: Display: Worker (4/9): shaders left to compile 38
[2025.09.29-17.13.10:295][670]LogShaderCompilers: Display: Worker (5/9): shaders left to compile 37
[2025.09.29-17.13.10:327][673]LogShaderCompilers: Display: Worker (6/9): shaders left to compile 36
[2025.09.29-17.13.10:353][676]LogShaderCompilers: Display: Worker (3/9): shaders left to compile 35
[2025.09.29-17.13.10:378][679]LogShaderCompilers: Display: Worker (1/9): shaders left to compile 34
[2025.09.29-17.13.10:416][683]LogShaderCompilers: Display: Worker (8/9): shaders left to compile 33
[2025.09.29-17.13.10:425][684]LogShaderCompilers: Display: Worker (2/9): shaders left to compile 32
[2025.09.29-17.13.10:425][684]LogShaderCompilers: Display: Worker (7/9): shaders left to compile 31
[2025.09.29-17.13.10:475][689]LogShaderCompilers: Display: Worker (4/9): shaders left to compile 30
[2025.09.29-17.13.10:499][691]LogShaderCompilers: Display: Worker (5/9): shaders left to compile 29
[2025.09.29-17.13.10:557][696]LogShaderCompilers: Display: Worker (6/9): shaders left to compile 28
[2025.09.29-17.13.10:582][698]LogShaderCompilers: Display: Worker (8/9): shaders left to compile 27
[2025.09.29-17.13.10:619][702]LogShaderCompilers: Display: Worker (3/9): shaders left to compile 26
[2025.09.29-17.13.10:645][705]LogShaderCompilers: Display: Worker (4/9): shaders left to compile 25
[2025.09.29-17.13.10:670][708]LogShaderCompilers: Display: Worker (1/9): shaders left to compile 24
[2025.09.29-17.13.10:704][712]LogShaderCompilers: Display: Worker (2/9): shaders left to compile 23
[2025.09.29-17.13.10:740][716]LogShaderCompilers: Display: Worker (7/9): shaders left to compile 22
[2025.09.29-17.13.10:758][718]LogSlate: Window 'Default_Material' being destroyed
[2025.09.29-17.13.10:787][718]LogWorld: UWorld::CleanupWorld for World_62, bSessionEnded=true, bCleanupResources=true
[2025.09.29-17.13.10:794][718]LogShaderCompilers: Display: Worker (8/9): shaders left to compile 17
[2025.09.29-17.13.10:825][721]LogShaderCompilers: Display: Worker (5/9): shaders left to compile 16
[2025.09.29-17.13.10:832][722]LogShaderCompilers: Display: Worker (1/9): shaders left to compile 15
[2025.09.29-17.13.10:866][726]LogShaderCompilers: Display: Worker (6/9): shaders left to compile 14
[2025.09.29-17.13.10:895][728]LogShaderCompilers: Display: Worker (2/9): shaders left to compile 13
[2025.09.29-17.13.10:911][731]LogShaderCompilers: Display: Worker (7/9): shaders left to compile 12
[2025.09.29-17.13.10:938][734]LogShaderCompilers: Display: Worker (3/9): shaders left to compile 11
[2025.09.29-17.13.10:946][735]LogShaderCompilers: Display: Worker (4/9): shaders left to compile 10
[2025.09.29-17.13.10:955][736]LogShaderCompilers: Display: Worker (8/9): shaders left to compile 9
[2025.09.29-17.13.10:962][737]LogShaderCompilers: Display: Worker (1/9): shaders left to compile 8
[2025.09.29-17.13.10:990][740]LogShaderCompilers: Display: Worker (5/9): shaders left to compile 7
[2025.09.29-17.13.11:067][748]LogShaderCompilers: Display: Worker (2/9): shaders left to compile 6
[2025.09.29-17.13.11:067][748]LogShaderCompilers: Display: Worker (6/9): shaders left to compile 5
[2025.09.29-17.13.11:156][759]LogShaderCompilers: Display: Worker (4/9): shaders left to compile 4
[2025.09.29-17.13.11:192][763]LogShaderCompilers: Display: Worker (5/9): shaders left to compile 3
[2025.09.29-17.13.11:208][765]LogShaderCompilers: Display: Worker (3/9): shaders left to compile 2
[2025.09.29-17.13.11:216][766]LogShaderCompilers: Display: Worker (1/9): shaders left to compile 1
[2025.09.29-17.13.16:925][443]LogAssetEditorManager: Opening Asset editor for Material /Game/Mannequin/Cat/Default_Material.Default_Material
[2025.09.29-17.13.16:927][443]LogMaterial: Display: Missing cached shader map for material PreviewMaterial_1, compiling. 
[2025.09.29-17.13.16:983][443]LogMaterial: Display: Missing cached shader map for material PreviewMaterial_1, compiling. 
[2025.09.29-17.13.17:002][443]LogMaterial: Display: Missing cached shader map for material PreviewMaterial_1, compiling. 
[2025.09.29-17.13.17:024][443]LogShaderCompilers: Display: Worker (1/9): shaders left to compile 59
[2025.09.29-17.13.17:024][443]LogShaderCompilers: Display: Worker (2/9): shaders left to compile 58
[2025.09.29-17.13.17:024][443]LogShaderCompilers: Display: Worker (3/9): shaders left to compile 57
[2025.09.29-17.13.17:024][443]LogShaderCompilers: Display: Worker (4/9): shaders left to compile 56
[2025.09.29-17.13.17:024][443]LogShaderCompilers: Display: Worker (5/9): shaders left to compile 55
[2025.09.29-17.13.17:024][443]LogShaderCompilers: Display: Worker (6/9): shaders left to compile 54
[2025.09.29-17.13.17:024][443]LogShaderCompilers: Display: Worker (7/9): shaders left to compile 53
[2025.09.29-17.13.17:024][443]LogShaderCompilers: Display: Worker (8/9): shaders left to compile 52
[2025.09.29-17.13.17:024][443]LogMaterial: Display: Missing cached shader map for material FMatExpressionPreview MaterialExpressionVectorParameter_0, compiling. 
[2025.09.29-17.13.17:121][447]LogShaderCompilers: Display: Worker (8/9): shaders left to compile 55
[2025.09.29-17.13.17:203][456]LogShaderCompilers: Display: Worker (1/9): shaders left to compile 54
[2025.09.29-17.13.17:212][457]LogShaderCompilers: Display: Worker (3/9): shaders left to compile 53
[2025.09.29-17.13.17:212][457]LogShaderCompilers: Display: Worker (2/9): shaders left to compile 52
[2025.09.29-17.13.17:212][457]LogShaderCompilers: Display: Worker (4/9): shaders left to compile 51
[2025.09.29-17.13.17:212][457]LogShaderCompilers: Display: Worker (7/9): shaders left to compile 50
[2025.09.29-17.13.17:222][458]LogShaderCompilers: Display: Worker (5/9): shaders left to compile 49
[2025.09.29-17.13.17:230][459]LogShaderCompilers: Display: Worker (6/9): shaders left to compile 48
[2025.09.29-17.13.17:293][466]LogShaderCompilers: Display: Worker (8/9): shaders left to compile 47
[2025.09.29-17.13.17:438][480]LogShaderCompilers: Display: Worker (5/9): shaders left to compile 46
[2025.09.29-17.13.17:449][481]LogShaderCompilers: Display: Worker (2/9): shaders left to compile 45
[2025.09.29-17.13.17:565][492]LogShaderCompilers: Display: Worker (1/9): shaders left to compile 44
[2025.09.29-17.13.17:578][493]LogShaderCompilers: Display: Worker (7/9): shaders left to compile 43
[2025.09.29-17.13.17:588][494]LogShaderCompilers: Display: Worker (6/9): shaders left to compile 42
[2025.09.29-17.13.17:588][494]LogShaderCompilers: Display: Worker (3/9): shaders left to compile 41
[2025.09.29-17.13.17:588][494]LogShaderCompilers: Display: Worker (4/9): shaders left to compile 40
[2025.09.29-17.13.17:647][501]LogShaderCompilers: Display: Worker (5/9): shaders left to compile 39
[2025.09.29-17.13.17:665][503]LogShaderCompilers: Display: Worker (8/9): shaders left to compile 38
[2025.09.29-17.13.17:735][510]LogShaderCompilers: Display: Worker (3/9): shaders left to compile 37
[2025.09.29-17.13.17:735][510]LogShaderCompilers: Display: Worker (6/9): shaders left to compile 36
[2025.09.29-17.13.17:745][511]LogShaderCompilers: Display: Worker (4/9): shaders left to compile 35
[2025.09.29-17.13.17:753][512]LogShaderCompilers: Display: Worker (2/9): shaders left to compile 34
[2025.09.29-17.13.17:793][516]LogShaderCompilers: Display: Worker (7/9): shaders left to compile 33
[2025.09.29-17.13.17:802][517]LogShaderCompilers: Display: Worker (5/9): shaders left to compile 32
[2025.09.29-17.13.17:811][518]LogShaderCompilers: Display: Worker (8/9): shaders left to compile 31
[2025.09.29-17.13.17:887][525]LogShaderCompilers: Display: Worker (3/9): shaders left to compile 30
[2025.09.29-17.13.17:898][526]LogShaderCompilers: Display: Worker (6/9): shaders left to compile 29
[2025.09.29-17.13.17:898][526]LogShaderCompilers: Display: Worker (1/9): shaders left to compile 28
[2025.09.29-17.13.17:960][533]LogShaderCompilers: Display: Worker (7/9): shaders left to compile 27
[2025.09.29-17.13.17:994][537]LogShaderCompilers: Display: Worker (4/9): shaders left to compile 26
[2025.09.29-17.13.18:023][540]LogShaderCompilers: Display: Worker (3/9): shaders left to compile 25
[2025.09.29-17.13.18:033][541]LogShaderCompilers: Display: Worker (2/9): shaders left to compile 24
[2025.09.29-17.13.18:043][542]LogShaderCompilers: Display: Worker (5/9): shaders left to compile 23
[2025.09.29-17.13.18:071][545]LogShaderCompilers: Display: Worker (8/9): shaders left to compile 22
[2025.09.29-17.13.18:071][545]LogSlate: Window 'Default_Material' being destroyed
[2025.09.29-17.13.18:097][545]LogWorld: UWorld::CleanupWorld for World_63, bSessionEnded=true, bCleanupResources=true
[2025.09.29-17.13.18:126][545]LogShaderCompilers: Display: Worker (7/9): shaders left to compile 17
[2025.09.29-17.13.18:176][551]LogShaderCompilers: Display: Worker (6/9): shaders left to compile 16
[2025.09.29-17.13.18:194][553]LogShaderCompilers: Display: Worker (1/9): shaders left to compile 15
[2025.09.29-17.13.18:194][553]LogShaderCompilers: Display: Worker (2/9): shaders left to compile 14
[2025.09.29-17.13.18:210][555]LogShaderCompilers: Display: Worker (5/9): shaders left to compile 13
[2025.09.29-17.13.18:218][556]LogShaderCompilers: Display: Worker (4/9): shaders left to compile 12
[2025.09.29-17.13.18:231][557]LogShaderCompilers: Display: Worker (8/9): shaders left to compile 11
[2025.09.29-17.13.18:257][560]LogShaderCompilers: Display: Worker (7/9): shaders left to compile 10
[2025.09.29-17.13.18:275][562]LogShaderCompilers: Display: Worker (3/9): shaders left to compile 9
[2025.09.29-17.13.18:314][567]LogShaderCompilers: Display: Worker (6/9): shaders left to compile 8
[2025.09.29-17.13.18:332][569]LogShaderCompilers: Display: Worker (1/9): shaders left to compile 7
[2025.09.29-17.13.18:349][571]LogShaderCompilers: Display: Worker (5/9): shaders left to compile 6
[2025.09.29-17.13.18:349][571]LogShaderCompilers: Display: Worker (2/9): shaders left to compile 5
[2025.09.29-17.13.18:400][577]LogShaderCompilers: Display: Worker (7/9): shaders left to compile 4
[2025.09.29-17.13.18:457][584]LogShaderCompilers: Display: Worker (8/9): shaders left to compile 3
[2025.09.29-17.13.18:458][584]LogShaderCompilers: Display: Worker (4/9): shaders left to compile 2
[2025.09.29-17.13.18:476][586]LogShaderCompilers: Display: Worker (1/9): shaders left to compile 1
[2025.09.29-17.13.18:988][647]LogWorld: UWorld::CleanupWorld for World_60, bSessionEnded=true, bCleanupResources=true
[2025.09.29-17.13.20:321][798]LogUObjectHash: Compacting FUObjectHashTables data took   1.47ms
[2025.09.29-17.13.21:734][798]LogSlate: Window 'Delete Assets' being destroyed
[2025.09.29-17.13.22:181][798]LogUObjectGlobals: Force Deleting 1 Package(s):
	Asset Name: /Game/Mannequin/Cat/Default_Material.Default_Material
[2025.09.29-17.13.22:284][798]LogSkeletalMesh: Building Skeletal Mesh sk...
[2025.09.29-17.13.22:286][798]LogSkeletalMesh: Built Skeletal Mesh [0.00s] /Game/Mannequin/Cat/sk.sk
[2025.09.29-17.13.22:408][798]LogUObjectHash: Compacting FUObjectHashTables data took   1.37ms
[2025.09.29-17.13.22:426][798]LogUObjectHash: Compacting FUObjectHashTables data took   1.37ms
[2025.09.29-17.13.22:443][798]LogUObjectHash: Compacting FUObjectHashTables data took   0.63ms
[2025.09.29-17.13.26:405][265]LogAssetEditorManager: Opening Asset editor for AnimSequence /Game/Mannequin/Cat/Jump_Anim.Jump_Anim
[2025.09.29-17.13.26:411][265]LogActorComponent: RegisterComponentWithWorld: (/Engine/Transient.World_64:PersistentLevel.AnimationEditorPreviewActor_0.DebugSkelMeshComponent_0) Already registered. Aborting.
[2025.09.29-17.13.26:427][265]LogSkeletalMesh: USkeletalMeshComponent::InitArticulated : Bodies already created (/Engine/Transient.World_64:PersistentLevel.AnimationEditorPreviewActor_0.DebugSkelMeshComponent_0) - call TermArticulated first.
[2025.09.29-17.13.26:567][265]LogContentBrowser: Verbose: The majority of assets in the view are of type: AnimSequence
[2025.09.29-17.13.32:313][944]LogAssetEditorManager: Opening Asset editor for SkeletalMesh /Game/Mannequin/Cat/sk.sk
[2025.09.29-17.13.32:318][944]LogActorComponent: RegisterComponentWithWorld: (/Engine/Transient.World_67:PersistentLevel.AnimationEditorPreviewActor_0.DebugSkelMeshComponent_0) Already registered. Aborting.
[2025.09.29-17.13.32:329][944]LogSkeletalMesh: USkeletalMeshComponent::InitArticulated : Bodies already created (/Engine/Transient.World_67:PersistentLevel.AnimationEditorPreviewActor_0.DebugSkelMeshComponent_0) - call TermArticulated first.
[2025.09.29-17.13.35:720][329]LogSlate: FSceneViewport::OnFocusLost() reason 5
[2025.09.29-17.13.35:727][329]Cmd: OBJ SAVEPACKAGE PACKAGE="/Game/Mannequin/Cat/Jump_Anim" FILE="E:/GameJamHGGUnreal4.23.1/GameJamCrew/Content/Mannequin/Cat/Jump_Anim.uasset" SILENT=true
[2025.09.29-17.13.35:730][329]LogSavePackage: Moving 'E:/GameJamHGGUnreal4.23.1/GameJamCrew/Saved/Jump_AnimEAA4235F4169CBA246183BAF6BC788B0.tmp' to 'E:/GameJamHGGUnreal4.23.1/GameJamCrew/Content/Mannequin/Cat/Jump_Anim.uasset'
[2025.09.29-17.13.38:366][639]LogAssetEditorManager: Opening Asset editor for Skeleton /Game/Mannequin/Cat/skeleton.skeleton
[2025.09.29-17.13.38:372][639]LogActorComponent: RegisterComponentWithWorld: (/Engine/Transient.World_68:PersistentLevel.AnimationEditorPreviewActor_0.DebugSkelMeshComponent_0) Already registered. Aborting.
[2025.09.29-17.13.38:383][639]LogSkeletalMesh: USkeletalMeshComponent::InitArticulated : Bodies already created (/Engine/Transient.World_68:PersistentLevel.AnimationEditorPreviewActor_0.DebugSkelMeshComponent_0) - call TermArticulated first.
[2025.09.29-17.13.41:254][818]LogSlate: Window 'skeleton' being destroyed
[2025.09.29-17.13.41:258][818]LogSlate: Window 'skeleton' being destroyed
[2025.09.29-17.13.41:258][818]LogWorld: UWorld::CleanupWorld for World_64, bSessionEnded=true, bCleanupResources=true
[2025.09.29-17.13.41:275][818]LogWorld: UWorld::CleanupWorld for World_66, bSessionEnded=true, bCleanupResources=true
[2025.09.29-17.13.41:324][818]LogWorld: UWorld::CleanupWorld for World_65, bSessionEnded=true, bCleanupResources=true
[2025.09.29-17.13.41:330][818]LogWorld: UWorld::CleanupWorld for World_68, bSessionEnded=true, bCleanupResources=true
[2025.09.29-17.13.50:976][934]LogSkeletalMesh: Building Skeletal Mesh sk...
[2025.09.29-17.13.50:978][934]LogSkeletalMesh: Built Skeletal Mesh [0.00s] /Game/Mannequin/Cat/sk.sk
[2025.09.29-17.13.52:653][134]LogSlate: FSceneViewport::OnFocusLost() reason 5
[2025.09.29-17.13.52:665][134]Cmd: OBJ SAVEPACKAGE PACKAGE="/Game/Mannequin/Cat/sk" FILE="E:/GameJamHGGUnreal4.23.1/GameJamCrew/Content/Mannequin/Cat/sk.uasset" SILENT=true
[2025.09.29-17.13.52:677][134]LogSavePackage: Moving 'E:/GameJamHGGUnreal4.23.1/GameJamCrew/Saved/sk5B10EE6E4C3CC56CEB2D95A8551F9CE8.tmp' to 'E:/GameJamHGGUnreal4.23.1/GameJamCrew/Content/Mannequin/Cat/sk.uasset'
[2025.09.29-17.13.53:724][258]LogEditorViewport: Clicking on Actor (CTRL LMB): StaticMeshActor (Floor)
[2025.09.29-17.13.54:378][332]LogSlate: FSceneViewport::OnFocusLost() reason 5
[2025.09.29-17.13.54:403][332]LogUObjectHash: Compacting FUObjectHashTables data took   1.43ms
[2025.09.29-17.13.54:499][332]LogSavePackage: Moving 'E:/GameJamHGGUnreal4.23.1/GameJamCrew/Saved/ThirdPersonExampleMapF35FC9134D59A71B2E1F6981BD7345EE.tmp' to 'E:/GameJamHGGUnreal4.23.1/GameJamCrew/Content/ThirdPersonBP/Maps/ThirdPersonExampleMap.umap'
[2025.09.29-17.13.55:362][430]Cmd: OBJ SAVEPACKAGE PACKAGE="/Game/Mannequin/Cat/CatBluePrint" FILE="E:/GameJamHGGUnreal4.23.1/GameJamCrew/Content/Mannequin/Cat/CatBluePrint.uasset" SILENT=true
[2025.09.29-17.13.55:382][430]LogSavePackage: Moving 'E:/GameJamHGGUnreal4.23.1/GameJamCrew/Saved/CatBluePrintC3D4CC2944F7F7DCE3AB3BBE73C7B027.tmp' to 'E:/GameJamHGGUnreal4.23.1/GameJamCrew/Content/Mannequin/Cat/CatBluePrint.uasset'
[2025.09.29-17.13.56:328][541]LogAssetEditorManager: Opening Asset editor for AnimBlueprint /Game/Mannequin/Cat/CatBluePrint.CatBluePrint
[2025.09.29-17.13.58:680][541]LogSlate: Window 'Message' being destroyed
[2025.09.29-17.13.58:737][541]LogContentBrowser: Verbose: The majority of assets in the view are of type: Skeleton
[2025.09.29-17.14.02:350][972]LogBlueprint: Error: [Compiler CatBluePrint] Play (None)  references an unknown sequence
[2025.09.29-17.14.02:350][972]LogBlueprint: Error: [Compiler CatBluePrint] Play (None)  references an unknown sequence
[2025.09.29-17.14.02:350][972]LogBlueprint: Error: [Compiler CatBluePrint] Play (None)  references an unknown sequence
[2025.09.29-17.14.02:350][972]LogBlueprint: Warning: [Compiler CatBluePrint] Walk to Jump  will never be taken, please connect something to  Can Enter Transition
[2025.09.29-17.14.02:351][972]LogBlueprint: Error: [Compiler CatBluePrint] Missing allocated node for AnimGraphNode_SequencePlayer_0 while searching for node links - likely due to the node having outstanding errors.
[2025.09.29-17.14.02:351][972]LogBlueprint: Error: [Compiler CatBluePrint] Missing allocated node for AnimGraphNode_SequencePlayer_1 while searching for node links - likely due to the node having outstanding errors.
[2025.09.29-17.14.02:351][972]LogBlueprint: Error: [Compiler CatBluePrint] Missing allocated node for AnimGraphNode_SequencePlayer_0 while searching for node links - likely due to the node having outstanding errors.
[2025.09.29-17.14.02:358][972]LogSlate: Window 'Select Skeleton' being destroyed
[2025.09.29-17.14.02:363][972]LogWorld: UWorld::CleanupWorld for World_71, bSessionEnded=true, bCleanupResources=true
[2025.09.29-17.14.02:369][972]LogWorld: UWorld::CleanupWorld for World_70, bSessionEnded=true, bCleanupResources=true
[2025.09.29-17.14.04:034][159]Cmd: OBJ SAVEPACKAGE PACKAGE="/Game/Mannequin/Cat/CatBluePrint" FILE="E:/GameJamHGGUnreal4.23.1/GameJamCrew/Content/Mannequin/Cat/CatBluePrint.uasset" SILENT=true
[2025.09.29-17.14.04:054][159]LogSavePackage: Moving 'E:/GameJamHGGUnreal4.23.1/GameJamCrew/Saved/CatBluePrintFD2912C84C58429A04C072B06C843D36.tmp' to 'E:/GameJamHGGUnreal4.23.1/GameJamCrew/Content/Mannequin/Cat/CatBluePrint.uasset'
[2025.09.29-17.14.05:387][314]LogAssetEditorManager: Opening Asset editor for AnimSequence /Game/Mannequin/Cat/Jump_Anim.Jump_Anim
[2025.09.29-17.14.05:391][314]LogActorComponent: RegisterComponentWithWorld: (/Engine/Transient.World_72:PersistentLevel.AnimationEditorPreviewActor_0.DebugSkelMeshComponent_0) Already registered. Aborting.
[2025.09.29-17.14.05:407][314]LogSkeletalMesh: USkeletalMeshComponent::InitArticulated : Bodies already created (/Engine/Transient.World_72:PersistentLevel.AnimationEditorPreviewActor_0.DebugSkelMeshComponent_0) - call TermArticulated first.
[2025.09.29-17.14.05:542][314]LogContentBrowser: Verbose: The majority of assets in the view are of type: AnimSequence
[2025.09.29-17.14.10:844][935]LogSlate: FSceneViewport::OnFocusLost() reason 0
[2025.09.29-17.14.11:487][ 12]LogSlate: Window 'Jump_Anim' being destroyed
[2025.09.29-17.14.11:492][ 12]LogWorld: UWorld::CleanupWorld for World_72, bSessionEnded=true, bCleanupResources=true
[2025.09.29-17.14.11:508][ 12]LogWorld: UWorld::CleanupWorld for World_74, bSessionEnded=true, bCleanupResources=true
[2025.09.29-17.14.11:560][ 12]LogWorld: UWorld::CleanupWorld for World_73, bSessionEnded=true, bCleanupResources=true
[2025.09.29-17.19.47:037][510]LogFactory: FactoryCreateFile: StaticMesh with FbxFactory (0 0 C:\Users\filip\Desktop\Walk.fbx)
[2025.09.29-17.19.47:046][510]LogFbx: Loading FBX Scene from C:\Users\filip\Desktop\Walk.fbx
[2025.09.29-17.19.47:065][510]LogFbx: FBX Scene Loaded Succesfully
[2025.09.29-17.19.50:069][510]LogSlate: Window 'FBX Import Options' being destroyed
[2025.09.29-17.19.50:100][510]LogFbx: SortedLinks :(0) Version
[2025.09.29-17.19.50:100][510]LogFbx: SortedLinks :(1) CatBodyLowPoly
[2025.09.29-17.19.50:100][510]LogFbx: SortedLinks :(2) LatestVR
[2025.09.29-17.19.50:100][510]LogFbx: SortedLinks :(3) Root
[2025.09.29-17.19.50:100][510]LogFbx: SortedLinks :(4) Neck
[2025.09.29-17.19.50:100][510]LogFbx: SortedLinks :(5) L_Scapula
[2025.09.29-17.19.50:100][510]LogFbx: SortedLinks :(6) L_Shoulder
[2025.09.29-17.19.50:100][510]LogFbx: SortedLinks :(7) LF_Leg1
[2025.09.29-17.19.50:100][510]LogFbx: SortedLinks :(8) LF_Leg2
[2025.09.29-17.19.50:100][510]LogFbx: SortedLinks :(9) LF_Leg3
[2025.09.29-17.19.50:100][510]LogFbx: SortedLinks :(10) LF_Leg4
[2025.09.29-17.19.50:100][510]LogFbx: SortedLinks :(11) Spine1
[2025.09.29-17.19.50:100][510]LogFbx: SortedLinks :(12) Spine2
[2025.09.29-17.19.50:100][510]LogFbx: SortedLinks :(13) Spine3
[2025.09.29-17.19.50:100][510]LogFbx: SortedLinks :(14) Spine4
[2025.09.29-17.19.50:100][510]LogFbx: SortedLinks :(15) Spine5
[2025.09.29-17.19.50:100][510]LogFbx: SortedLinks :(16) TailBone
[2025.09.29-17.19.50:100][510]LogFbx: SortedLinks :(17) R_Hip
[2025.09.29-17.19.50:100][510]LogFbx: SortedLinks :(18) RB_Leg1
[2025.09.29-17.19.50:100][510]LogFbx: SortedLinks :(19) RB_Leg2
[2025.09.29-17.19.50:100][510]LogFbx: SortedLinks :(20) RB_Leg3
[2025.09.29-17.19.50:100][510]LogFbx: SortedLinks :(21) RB_Leg4
[2025.09.29-17.19.50:100][510]LogFbx: SortedLinks :(22) RB_Leg5
[2025.09.29-17.19.50:100][510]LogFbx: SortedLinks :(23) RB_Leg6
[2025.09.29-17.19.50:100][510]LogFbx: SortedLinks :(24) Tail1
[2025.09.29-17.19.50:100][510]LogFbx: SortedLinks :(25) Tail2
[2025.09.29-17.19.50:100][510]LogFbx: SortedLinks :(26) Tail3
[2025.09.29-17.19.50:100][510]LogFbx: SortedLinks :(27) Tail4
[2025.09.29-17.19.50:100][510]LogFbx: SortedLinks :(28) Tail5
[2025.09.29-17.19.50:100][510]LogFbx: SortedLinks :(29) Tail6
[2025.09.29-17.19.50:100][510]LogFbx: SortedLinks :(30) L_Hip2
[2025.09.29-17.19.50:100][510]LogFbx: SortedLinks :(31) LB_Leg1
[2025.09.29-17.19.50:100][510]LogFbx: SortedLinks :(32) LB_Leg2
[2025.09.29-17.19.50:100][510]LogFbx: SortedLinks :(33) LB_Leg3
[2025.09.29-17.19.50:100][510]LogFbx: SortedLinks :(34) LB_Leg4
[2025.09.29-17.19.50:100][510]LogFbx: SortedLinks :(35) LB_Leg5
[2025.09.29-17.19.50:100][510]LogFbx: SortedLinks :(36) LB_Leg6
[2025.09.29-17.19.50:100][510]LogFbx: SortedLinks :(37) Head1
[2025.09.29-17.19.50:100][510]LogFbx: SortedLinks :(38) Head2
[2025.09.29-17.19.50:100][510]LogFbx: SortedLinks :(39) Head3
[2025.09.29-17.19.50:100][510]LogFbx: SortedLinks :(40) Head4
[2025.09.29-17.19.50:100][510]LogFbx: SortedLinks :(41) R_Scapula
[2025.09.29-17.19.50:100][510]LogFbx: SortedLinks :(42) R_Shoulder4
[2025.09.29-17.19.50:100][510]LogFbx: SortedLinks :(43) RF_Leg1
[2025.09.29-17.19.50:100][510]LogFbx: SortedLinks :(44) RF_Leg2
[2025.09.29-17.19.50:100][510]LogFbx: SortedLinks :(45) RF_Leg3
[2025.09.29-17.19.50:100][510]LogFbx: SortedLinks :(46) RF_Leg4
[2025.09.29-17.19.50:101][510]LogFbx: Parsing AnimStack Take 001
[2025.09.29-17.19.50:103][510]LogLinker: Failed to load '/Game/Mannequin/Cat/Walk': Can't find file.
[2025.09.29-17.19.50:103][510]LogLinker: Failed to load '/Game/Mannequin/Cat/Walk': Can't find file.
[2025.09.29-17.19.50:105][510]LogFbx: CurveName : blendParent1
[2025.09.29-17.19.50:105][510]LogFbx: CurveName(blendParent1) is skipped because it only contains invalid values.
[2025.09.29-17.19.50:305][510]LogAnimationCompression: Building Anim DDC data for AnimSequence /Game/Mannequin/Cat/Walk.Walk
[2025.09.29-17.19.50:305][510]LogAnimationCompression: Recompressing (AnimSequence /Game/Mannequin/Cat/Walk.Walk) using current/default (AnimCompress_BitwiseCompressOnly_0) bFirstRecompressUsingCurrentOrDefault(1) bTryAlternateCompressor(0) IsCompressedDataValid(0)
[2025.09.29-17.19.50:311][510]FBXImport: Warning: Mesh [Geometry have no name] in the fbx file is not reference by any hierarchy node. 
[2025.09.29-17.19.51:631][664]LogSlate: Window 'Message Log' being destroyed
[2025.09.29-17.19.51:636][664]LogSlate: Window 'Message Log' being destroyed
[2025.09.29-17.19.52:664][784]Cmd: OBJ SAVEPACKAGE PACKAGE="/Game/Mannequin/Cat/Walk" FILE="E:/GameJamHGGUnreal4.23.1/GameJamCrew/Content/Mannequin/Cat/Walk.uasset" SILENT=true
[2025.09.29-17.19.52:671][784]LogSavePackage: Moving 'E:/GameJamHGGUnreal4.23.1/GameJamCrew/Saved/Walk3A88D6E845507EB7B104A0A56F3A1D53.tmp' to 'E:/GameJamHGGUnreal4.23.1/GameJamCrew/Content/Mannequin/Cat/Walk.uasset'
[2025.09.29-17.19.53:104][832]LogAssetEditorManager: Opening Asset editor for AnimSequence /Game/Mannequin/Cat/Walk.Walk
[2025.09.29-17.19.53:108][832]LogActorComponent: RegisterComponentWithWorld: (/Engine/Transient.World_75:PersistentLevel.AnimationEditorPreviewActor_0.DebugSkelMeshComponent_0) Already registered. Aborting.
[2025.09.29-17.19.53:127][832]LogSkeletalMesh: USkeletalMeshComponent::InitArticulated : Bodies already created (/Engine/Transient.World_75:PersistentLevel.AnimationEditorPreviewActor_0.DebugSkelMeshComponent_0) - call TermArticulated first.
[2025.09.29-17.19.53:307][832]LogContentBrowser: Verbose: The majority of assets in the view are of type: AnimSequence
[2025.09.29-17.19.56:632][190]LogSlate: FSceneViewport::OnFocusLost() reason 5
[2025.09.29-17.19.56:640][190]Cmd: OBJ SAVEPACKAGE PACKAGE="/Game/Mannequin/Cat/Walk" FILE="E:/GameJamHGGUnreal4.23.1/GameJamCrew/Content/Mannequin/Cat/Walk.uasset" SILENT=true
[2025.09.29-17.19.56:644][190]LogSavePackage: Moving 'E:/GameJamHGGUnreal4.23.1/GameJamCrew/Saved/WalkC1479E3A4088505C8D12B58233CBE826.tmp' to 'E:/GameJamHGGUnreal4.23.1/GameJamCrew/Content/Mannequin/Cat/Walk.uasset'
[2025.09.29-17.20.28:743][285]LogSlate: FSceneViewport::OnFocusLost() reason 0
[2025.09.29-17.20.28:861][299]LogSlate: Window 'Walk' being destroyed
[2025.09.29-17.20.28:867][299]LogWorld: UWorld::CleanupWorld for World_75, bSessionEnded=true, bCleanupResources=true
[2025.09.29-17.20.28:886][299]LogWorld: UWorld::CleanupWorld for World_77, bSessionEnded=true, bCleanupResources=true
[2025.09.29-17.20.28:953][299]LogWorld: UWorld::CleanupWorld for World_76, bSessionEnded=true, bCleanupResources=true
[2025.09.29-17.20.30:326][457]LogUObjectHash: Compacting FUObjectHashTables data took   2.93ms
[2025.09.29-17.20.31:164][457]LogSlate: Window 'Delete Assets' being destroyed
[2025.09.29-17.20.31:269][457]LogUObjectGlobals: Force Deleting 1 Package(s):
	Asset Name: /Game/Mannequin/Cat/Walk.Walk
[2025.09.29-17.20.31:558][457]LogUObjectHash: Compacting FUObjectHashTables data took   1.40ms
[2025.09.29-17.20.31:579][457]LogUObjectHash: Compacting FUObjectHashTables data took   1.72ms
[2025.09.29-17.20.31:598][457]LogUObjectHash: Compacting FUObjectHashTables data took   0.69ms
[2025.09.29-17.20.34:152][589]LogFactory: FactoryCreateFile: StaticMesh with FbxFactory (0 0 C:\Users\filip\Desktop\Walk.fbx)
[2025.09.29-17.20.34:159][589]LogFbx: Loading FBX Scene from C:\Users\filip\Desktop\Walk.fbx
[2025.09.29-17.20.34:179][589]LogFbx: FBX Scene Loaded Succesfully
[2025.09.29-17.20.37:181][589]LogSlate: Window 'FBX Import Options' being destroyed
[2025.09.29-17.20.37:213][589]LogFbx: SortedLinks :(0) Version
[2025.09.29-17.20.37:213][589]LogFbx: SortedLinks :(1) CatBodyLowPoly
[2025.09.29-17.20.37:213][589]LogFbx: SortedLinks :(2) LatestVR
[2025.09.29-17.20.37:213][589]LogFbx: SortedLinks :(3) Root
[2025.09.29-17.20.37:213][589]LogFbx: SortedLinks :(4) Neck
[2025.09.29-17.20.37:213][589]LogFbx: SortedLinks :(5) L_Scapula
[2025.09.29-17.20.37:213][589]LogFbx: SortedLinks :(6) L_Shoulder
[2025.09.29-17.20.37:213][589]LogFbx: SortedLinks :(7) LF_Leg1
[2025.09.29-17.20.37:213][589]LogFbx: SortedLinks :(8) LF_Leg2
[2025.09.29-17.20.37:213][589]LogFbx: SortedLinks :(9) LF_Leg3
[2025.09.29-17.20.37:213][589]LogFbx: SortedLinks :(10) LF_Leg4
[2025.09.29-17.20.37:213][589]LogFbx: SortedLinks :(11) Spine1
[2025.09.29-17.20.37:213][589]LogFbx: SortedLinks :(12) Spine2
[2025.09.29-17.20.37:213][589]LogFbx: SortedLinks :(13) Spine3
[2025.09.29-17.20.37:213][589]LogFbx: SortedLinks :(14) Spine4
[2025.09.29-17.20.37:213][589]LogFbx: SortedLinks :(15) Spine5
[2025.09.29-17.20.37:213][589]LogFbx: SortedLinks :(16) TailBone
[2025.09.29-17.20.37:213][589]LogFbx: SortedLinks :(17) R_Hip
[2025.09.29-17.20.37:213][589]LogFbx: SortedLinks :(18) RB_Leg1
[2025.09.29-17.20.37:213][589]LogFbx: SortedLinks :(19) RB_Leg2
[2025.09.29-17.20.37:213][589]LogFbx: SortedLinks :(20) RB_Leg3
[2025.09.29-17.20.37:213][589]LogFbx: SortedLinks :(21) RB_Leg4
[2025.09.29-17.20.37:214][589]LogFbx: SortedLinks :(22) RB_Leg5
[2025.09.29-17.20.37:214][589]LogFbx: SortedLinks :(23) RB_Leg6
[2025.09.29-17.20.37:214][589]LogFbx: SortedLinks :(24) Tail1
[2025.09.29-17.20.37:214][589]LogFbx: SortedLinks :(25) Tail2
[2025.09.29-17.20.37:214][589]LogFbx: SortedLinks :(26) Tail3
[2025.09.29-17.20.37:214][589]LogFbx: SortedLinks :(27) Tail4
[2025.09.29-17.20.37:214][589]LogFbx: SortedLinks :(28) Tail5
[2025.09.29-17.20.37:214][589]LogFbx: SortedLinks :(29) Tail6
[2025.09.29-17.20.37:214][589]LogFbx: SortedLinks :(30) L_Hip2
[2025.09.29-17.20.37:214][589]LogFbx: SortedLinks :(31) LB_Leg1
[2025.09.29-17.20.37:214][589]LogFbx: SortedLinks :(32) LB_Leg2
[2025.09.29-17.20.37:214][589]LogFbx: SortedLinks :(33) LB_Leg3
[2025.09.29-17.20.37:214][589]LogFbx: SortedLinks :(34) LB_Leg4
[2025.09.29-17.20.37:214][589]LogFbx: SortedLinks :(35) LB_Leg5
[2025.09.29-17.20.37:214][589]LogFbx: SortedLinks :(36) LB_Leg6
[2025.09.29-17.20.37:214][589]LogFbx: SortedLinks :(37) Head1
[2025.09.29-17.20.37:214][589]LogFbx: SortedLinks :(38) Head2
[2025.09.29-17.20.37:214][589]LogFbx: SortedLinks :(39) Head3
[2025.09.29-17.20.37:214][589]LogFbx: SortedLinks :(40) Head4
[2025.09.29-17.20.37:214][589]LogFbx: SortedLinks :(41) R_Scapula
[2025.09.29-17.20.37:214][589]LogFbx: SortedLinks :(42) R_Shoulder4
[2025.09.29-17.20.37:214][589]LogFbx: SortedLinks :(43) RF_Leg1
[2025.09.29-17.20.37:214][589]LogFbx: SortedLinks :(44) RF_Leg2
[2025.09.29-17.20.37:214][589]LogFbx: SortedLinks :(45) RF_Leg3
[2025.09.29-17.20.37:214][589]LogFbx: SortedLinks :(46) RF_Leg4
[2025.09.29-17.20.37:215][589]LogFbx: Parsing AnimStack Take 001
[2025.09.29-17.20.37:219][589]LogFbx: CurveName : blendParent1
[2025.09.29-17.20.37:219][589]LogFbx: CurveName(blendParent1) is skipped because it only contains invalid values.
[2025.09.29-17.20.37:405][589]LogAnimationCompression: Building Anim DDC data for AnimSequence /Game/Mannequin/Cat/Walk.Walk
[2025.09.29-17.20.37:405][589]LogAnimationCompression: Recompressing (AnimSequence /Game/Mannequin/Cat/Walk.Walk) using current/default (AnimCompress_BitwiseCompressOnly_0) bFirstRecompressUsingCurrentOrDefault(1) bTryAlternateCompressor(0) IsCompressedDataValid(0)
[2025.09.29-17.20.37:412][589]FBXImport: Warning: Mesh [Geometry have no name] in the fbx file is not reference by any hierarchy node. 
[2025.09.29-17.20.38:420][705]LogSlate: Window 'Message Log' being destroyed
[2025.09.29-17.20.38:424][705]LogSlate: Window 'Message Log' being destroyed
[2025.09.29-17.20.39:099][782]Cmd: OBJ SAVEPACKAGE PACKAGE="/Game/Mannequin/Cat/Walk" FILE="E:/GameJamHGGUnreal4.23.1/GameJamCrew/Content/Mannequin/Cat/Walk.uasset" SILENT=true
[2025.09.29-17.20.39:107][782]LogSavePackage: Moving 'E:/GameJamHGGUnreal4.23.1/GameJamCrew/Saved/WalkACDC29E3489BEAF75B52B0ABC8676514.tmp' to 'E:/GameJamHGGUnreal4.23.1/GameJamCrew/Content/Mannequin/Cat/Walk.uasset'
[2025.09.29-17.20.39:534][829]LogAssetEditorManager: Opening Asset editor for AnimSequence /Game/Mannequin/Cat/Walk.Walk
[2025.09.29-17.20.39:538][829]LogActorComponent: RegisterComponentWithWorld: (/Engine/Transient.World_78:PersistentLevel.AnimationEditorPreviewActor_0.DebugSkelMeshComponent_0) Already registered. Aborting.
[2025.09.29-17.20.39:556][829]LogSkeletalMesh: USkeletalMeshComponent::InitArticulated : Bodies already created (/Engine/Transient.World_78:PersistentLevel.AnimationEditorPreviewActor_0.DebugSkelMeshComponent_0) - call TermArticulated first.
[2025.09.29-17.20.39:730][829]LogContentBrowser: Verbose: The majority of assets in the view are of type: AnimSequence
[2025.09.29-17.20.50:427][ 47]LogSlate: FSceneViewport::OnFocusLost() reason 5
[2025.09.29-17.20.50:434][ 47]Cmd: OBJ SAVEPACKAGE PACKAGE="/Game/Mannequin/Cat/Walk" FILE="E:/GameJamHGGUnreal4.23.1/GameJamCrew/Content/Mannequin/Cat/Walk.uasset" SILENT=true
[2025.09.29-17.20.50:437][ 47]LogSavePackage: Moving 'E:/GameJamHGGUnreal4.23.1/GameJamCrew/Saved/Walk58E551274531203B0FFF38B764386AEE.tmp' to 'E:/GameJamHGGUnreal4.23.1/GameJamCrew/Content/Mannequin/Cat/Walk.uasset'
[2025.09.29-17.21.26:172][862]LogSlate: FSceneViewport::OnFocusLost() reason 0
[2025.09.29-17.21.29:277][232]Cmd: OBJ SAVEPACKAGE PACKAGE="/Game/Mannequin/Cat/Walk" FILE="E:/GameJamHGGUnreal4.23.1/GameJamCrew/Content/Mannequin/Cat/Walk.uasset" SILENT=true
[2025.09.29-17.21.29:284][232]LogSavePackage: Moving 'E:/GameJamHGGUnreal4.23.1/GameJamCrew/Saved/Walk86F51D4B4DFEC3F652F618AC07731EFB.tmp' to 'E:/GameJamHGGUnreal4.23.1/GameJamCrew/Content/Mannequin/Cat/Walk.uasset'
[2025.09.29-17.21.33:236][700]Cmd: OBJ SAVEPACKAGE PACKAGE="/Game/Mannequin/Cat/Walk" FILE="E:/GameJamHGGUnreal4.23.1/GameJamCrew/Content/Mannequin/Cat/Walk.uasset" SILENT=true
[2025.09.29-17.21.33:245][700]LogSavePackage: Moving 'E:/GameJamHGGUnreal4.23.1/GameJamCrew/Saved/Walk8B79027147A74B769A9BA1B951792641.tmp' to 'E:/GameJamHGGUnreal4.23.1/GameJamCrew/Content/Mannequin/Cat/Walk.uasset'
[2025.09.29-17.21.37:357][184]LogEditorFactories: Performing atomic reimport of [C:/Users/filip/Desktop/Walk.fbx]
[2025.09.29-17.21.37:376][184]LogFbx: Loading FBX Scene from C:/Users/filip/Desktop/Walk.fbx
[2025.09.29-17.21.37:391][184]LogFbx: FBX Scene Loaded Succesfully
[2025.09.29-17.21.37:395][184]LogFbx: Parsing AnimStack Take 001
[2025.09.29-17.21.37:396][184]LogFbx: CurveName : blendParent1
[2025.09.29-17.21.37:396][184]LogFbx: CurveName(blendParent1) is skipped because it only contains invalid values.
[2025.09.29-17.21.37:515][184]LogAnimationCompression: Building Anim DDC data for AnimSequence /Game/Mannequin/Cat/Walk.Walk
[2025.09.29-17.21.37:515][184]LogAnimationCompression: Recompressing (AnimSequence /Game/Mannequin/Cat/Walk.Walk) using current/default (AnimCompress_BitwiseCompressOnly_0) bFirstRecompressUsingCurrentOrDefault(1) bTryAlternateCompressor(0) IsCompressedDataValid(0)
[2025.09.29-17.21.37:523][184]LogEditorFactories: -- imported successfully
[2025.09.29-17.21.37:524][184]FBXImport: Warning: Mesh [Geometry have no name] in the fbx file is not reference by any hierarchy node. 
[2025.09.29-17.21.38:638][297]LogSlate: Window 'Message Log' being destroyed
[2025.09.29-17.21.38:642][297]LogSlate: Window 'Message Log' being destroyed
[2025.09.29-17.21.43:187][774]Cmd: OBJ SAVEPACKAGE PACKAGE="/Game/Mannequin/Cat/Walk" FILE="E:/GameJamHGGUnreal4.23.1/GameJamCrew/Content/Mannequin/Cat/Walk.uasset" SILENT=true
[2025.09.29-17.21.43:194][774]LogSavePackage: Moving 'E:/GameJamHGGUnreal4.23.1/GameJamCrew/Saved/Walk478FC82A4B2B517FF67212B41A3EAB08.tmp' to 'E:/GameJamHGGUnreal4.23.1/GameJamCrew/Content/Mannequin/Cat/Walk.uasset'
[2025.09.29-17.21.45:131][992]LogSlate: FSceneViewport::OnFocusLost() reason 5
[2025.09.29-17.21.45:137][992]Cmd: OBJ SAVEPACKAGE PACKAGE="/Game/Mannequin/Cat/Walk" FILE="E:/GameJamHGGUnreal4.23.1/GameJamCrew/Content/Mannequin/Cat/Walk.uasset" SILENT=true
[2025.09.29-17.21.45:139][992]LogSavePackage: Moving 'E:/GameJamHGGUnreal4.23.1/GameJamCrew/Saved/WalkB392E34344FCF95C819F78BEDE84759A.tmp' to 'E:/GameJamHGGUnreal4.23.1/GameJamCrew/Content/Mannequin/Cat/Walk.uasset'
[2025.09.29-17.21.47:815][303]LogSlate: FSceneViewport::OnFocusLost() reason 5
[2025.09.29-17.21.47:821][303]Cmd: OBJ SAVEPACKAGE PACKAGE="/Game/Mannequin/Cat/Walk" FILE="E:/GameJamHGGUnreal4.23.1/GameJamCrew/Content/Mannequin/Cat/Walk.uasset" SILENT=true
[2025.09.29-17.21.47:823][303]LogSavePackage: Moving 'E:/GameJamHGGUnreal4.23.1/GameJamCrew/Saved/Walk56826E0A480DAF2FDCBCAAAF448EFB76.tmp' to 'E:/GameJamHGGUnreal4.23.1/GameJamCrew/Content/Mannequin/Cat/Walk.uasset'
[2025.09.29-17.21.52:462][849]LogSlate: FSceneViewport::OnFocusLost() reason 5
[2025.09.29-17.21.52:468][849]Cmd: OBJ SAVEPACKAGE PACKAGE="/Game/Mannequin/Cat/Walk" FILE="E:/GameJamHGGUnreal4.23.1/GameJamCrew/Content/Mannequin/Cat/Walk.uasset" SILENT=true
[2025.09.29-17.21.52:471][849]LogSavePackage: Moving 'E:/GameJamHGGUnreal4.23.1/GameJamCrew/Saved/Walk36DC1CC34B09553A788B819A9DA8FC6A.tmp' to 'E:/GameJamHGGUnreal4.23.1/GameJamCrew/Content/Mannequin/Cat/Walk.uasset'
[2025.09.29-17.21.54:379][ 70]LogSlate: Window 'Walk' being destroyed
[2025.09.29-17.21.54:383][ 70]LogWorld: UWorld::CleanupWorld for World_78, bSessionEnded=true, bCleanupResources=true
[2025.09.29-17.21.54:399][ 70]LogWorld: UWorld::CleanupWorld for World_80, bSessionEnded=true, bCleanupResources=true
[2025.09.29-17.21.54:451][ 70]LogWorld: UWorld::CleanupWorld for World_79, bSessionEnded=true, bCleanupResources=true
[2025.09.29-17.21.59:279][639]Cmd: OBJ SAVEPACKAGE PACKAGE="/Game/Mannequin/Cat/Jump" FILE="E:/GameJamHGGUnreal4.23.1/GameJamCrew/Content/Mannequin/Cat/Jump.uasset" SILENT=true
[2025.09.29-17.21.59:285][639]LogSavePackage: Moving 'E:/GameJamHGGUnreal4.23.1/GameJamCrew/Saved/Jump09986A844A72187F647ACBB9565ADDE4.tmp' to 'E:/GameJamHGGUnreal4.23.1/GameJamCrew/Content/Mannequin/Cat/Jump.uasset'
[2025.09.29-17.21.59:385][639]LogUObjectHash: Compacting FUObjectHashTables data took   1.58ms
[2025.09.29-17.21.59:406][639]LogUObjectHash: Compacting FUObjectHashTables data took   1.29ms
[2025.09.29-17.21.59:423][639]LogUObjectHash: Compacting FUObjectHashTables data took   0.61ms
[2025.09.29-17.22.23:338][504]LogAssetEditorManager: Opening Asset editor for AnimSequence /Game/Mannequin/Cat/Walk.Walk
[2025.09.29-17.22.23:342][504]LogActorComponent: RegisterComponentWithWorld: (/Engine/Transient.World_81:PersistentLevel.AnimationEditorPreviewActor_0.DebugSkelMeshComponent_0) Already registered. Aborting.
[2025.09.29-17.22.23:358][504]LogSkeletalMesh: USkeletalMeshComponent::InitArticulated : Bodies already created (/Engine/Transient.World_81:PersistentLevel.AnimationEditorPreviewActor_0.DebugSkelMeshComponent_0) - call TermArticulated first.
[2025.09.29-17.22.23:499][504]LogContentBrowser: Verbose: The majority of assets in the view are of type: AnimSequence
[2025.09.29-17.22.27:574][974]LogSlate: FSceneViewport::OnFocusLost() reason 5
[2025.09.29-17.22.27:580][974]Cmd: OBJ SAVEPACKAGE PACKAGE="/Game/Mannequin/Cat/Walk" FILE="E:/GameJamHGGUnreal4.23.1/GameJamCrew/Content/Mannequin/Cat/Walk.uasset" SILENT=true
[2025.09.29-17.22.27:583][974]LogSavePackage: Moving 'E:/GameJamHGGUnreal4.23.1/GameJamCrew/Saved/Walk8D9910434B125EF53A25168DBBDB9122.tmp' to 'E:/GameJamHGGUnreal4.23.1/GameJamCrew/Content/Mannequin/Cat/Walk.uasset'
[2025.09.29-17.22.32:768][570]LogSlate: FSceneViewport::OnFocusLost() reason 5
[2025.09.29-17.22.32:778][570]Cmd: OBJ SAVEPACKAGE PACKAGE="/Game/Mannequin/Cat/Walk" FILE="E:/GameJamHGGUnreal4.23.1/GameJamCrew/Content/Mannequin/Cat/Walk.uasset" SILENT=true
[2025.09.29-17.22.32:786][570]LogSavePackage: Moving 'E:/GameJamHGGUnreal4.23.1/GameJamCrew/Saved/Walk41B9859943A0730FA98393996D5569B9.tmp' to 'E:/GameJamHGGUnreal4.23.1/GameJamCrew/Content/Mannequin/Cat/Walk.uasset'
[2025.09.29-17.22.34:608][779]LogSlate: FSceneViewport::OnFocusLost() reason 5
[2025.09.29-17.22.34:618][779]Cmd: OBJ SAVEPACKAGE PACKAGE="/Game/Mannequin/Cat/Walk" FILE="E:/GameJamHGGUnreal4.23.1/GameJamCrew/Content/Mannequin/Cat/Walk.uasset" SILENT=true
[2025.09.29-17.22.34:625][779]LogSavePackage: Moving 'E:/GameJamHGGUnreal4.23.1/GameJamCrew/Saved/WalkD4A49EB14E6EC46E7CDF2FA498C367EA.tmp' to 'E:/GameJamHGGUnreal4.23.1/GameJamCrew/Content/Mannequin/Cat/Walk.uasset'
[2025.09.29-17.22.36:277][974]LogSlate: FSceneViewport::OnFocusLost() reason 5
[2025.09.29-17.22.36:282][974]Cmd: OBJ SAVEPACKAGE PACKAGE="/Game/Mannequin/Cat/Walk" FILE="E:/GameJamHGGUnreal4.23.1/GameJamCrew/Content/Mannequin/Cat/Walk.uasset" SILENT=true
[2025.09.29-17.22.36:284][974]LogSavePackage: Moving 'E:/GameJamHGGUnreal4.23.1/GameJamCrew/Saved/Walk977AB8144A1CC0FBE1CB768EB58A535E.tmp' to 'E:/GameJamHGGUnreal4.23.1/GameJamCrew/Content/Mannequin/Cat/Walk.uasset'
[2025.09.29-17.22.38:585][246]LogSlate: FSceneViewport::OnFocusLost() reason 0
[2025.09.29-17.22.38:684][258]LogSlate: Window 'Walk' being destroyed
[2025.09.29-17.22.38:689][258]LogWorld: UWorld::CleanupWorld for World_81, bSessionEnded=true, bCleanupResources=true
[2025.09.29-17.22.38:705][258]LogWorld: UWorld::CleanupWorld for World_83, bSessionEnded=true, bCleanupResources=true
[2025.09.29-17.22.38:756][258]LogWorld: UWorld::CleanupWorld for World_82, bSessionEnded=true, bCleanupResources=true
[2025.09.29-17.23.56:312][880]LogUObjectHash: Compacting FUObjectHashTables data took   1.67ms
[2025.09.29-17.23.56:312][880]LogFileHelpers: Editor autosave (incl. sublevels) for '/Game/ThirdPersonBP/Maps/ThirdPersonExampleMap' took 0.018
[2025.09.29-17.23.56:313][880]OBJ SavePackage: Generating thumbnails for [0] asset(s) in package [/Game/ThirdPersonBP/Blueprints/ThirdPersonCharacter] ([1] browsable assets)...
[2025.09.29-17.23.56:313][880]OBJ SavePackage: Finished generating thumbnails for package [/Game/ThirdPersonBP/Blueprints/ThirdPersonCharacter]
[2025.09.29-17.23.56:356][880]LogSavePackage: Moving 'E:/GameJamHGGUnreal4.23.1/GameJamCrew/Saved/ThirdPersonCharacter_Auto2C5182568451C0B64C7242A82343D0F79.tmp' to 'E:/GameJamHGGUnreal4.23.1/GameJamCrew/Saved/Autosaves/Game/ThirdPersonBP/Blueprints/ThirdPersonCharacter_Auto2.uasset'
[2025.09.29-17.23.56:357][880]LogFileHelpers: Auto-saving content packages took 0.044
[2025.09.29-17.24.41:042][178]LogFactory: FactoryCreateFile: StaticMesh with FbxFactory (0 0 C:\Users\filip\Desktop\CatIdle.fbx)
[2025.09.29-17.24.41:047][178]LogFbx: Loading FBX Scene from C:\Users\filip\Desktop\CatIdle.fbx
[2025.09.29-17.24.41:062][178]LogFbx: FBX Scene Loaded Succesfully
[2025.09.29-17.24.44:161][178]LogSlate: Window 'FBX Import Options' being destroyed
[2025.09.29-17.24.44:185][178]LogFbx: SortedLinks :(0) Version
[2025.09.29-17.24.44:185][178]LogFbx: SortedLinks :(1) CatBodyLowPoly
[2025.09.29-17.24.44:185][178]LogFbx: SortedLinks :(2) LatestVR
[2025.09.29-17.24.44:185][178]LogFbx: SortedLinks :(3) Root
[2025.09.29-17.24.44:185][178]LogFbx: SortedLinks :(4) Neck
[2025.09.29-17.24.44:185][178]LogFbx: SortedLinks :(5) L_Scapula
[2025.09.29-17.24.44:185][178]LogFbx: SortedLinks :(6) L_Shoulder
[2025.09.29-17.24.44:185][178]LogFbx: SortedLinks :(7) LF_Leg1
[2025.09.29-17.24.44:185][178]LogFbx: SortedLinks :(8) LF_Leg2
[2025.09.29-17.24.44:185][178]LogFbx: SortedLinks :(9) LF_Leg3
[2025.09.29-17.24.44:185][178]LogFbx: SortedLinks :(10) LF_Leg4
[2025.09.29-17.24.44:185][178]LogFbx: SortedLinks :(11) Spine1
[2025.09.29-17.24.44:185][178]LogFbx: SortedLinks :(12) Spine2
[2025.09.29-17.24.44:185][178]LogFbx: SortedLinks :(13) Spine3
[2025.09.29-17.24.44:185][178]LogFbx: SortedLinks :(14) Spine4
[2025.09.29-17.24.44:185][178]LogFbx: SortedLinks :(15) Spine5
[2025.09.29-17.24.44:185][178]LogFbx: SortedLinks :(16) TailBone
[2025.09.29-17.24.44:185][178]LogFbx: SortedLinks :(17) R_Hip
[2025.09.29-17.24.44:185][178]LogFbx: SortedLinks :(18) RB_Leg1
[2025.09.29-17.24.44:185][178]LogFbx: SortedLinks :(19) RB_Leg2
[2025.09.29-17.24.44:185][178]LogFbx: SortedLinks :(20) RB_Leg3
[2025.09.29-17.24.44:185][178]LogFbx: SortedLinks :(21) RB_Leg4
[2025.09.29-17.24.44:185][178]LogFbx: SortedLinks :(22) RB_Leg5
[2025.09.29-17.24.44:185][178]LogFbx: SortedLinks :(23) RB_Leg6
[2025.09.29-17.24.44:185][178]LogFbx: SortedLinks :(24) Tail1
[2025.09.29-17.24.44:185][178]LogFbx: SortedLinks :(25) Tail2
[2025.09.29-17.24.44:185][178]LogFbx: SortedLinks :(26) Tail3
[2025.09.29-17.24.44:185][178]LogFbx: SortedLinks :(27) Tail4
[2025.09.29-17.24.44:185][178]LogFbx: SortedLinks :(28) Tail5
[2025.09.29-17.24.44:185][178]LogFbx: SortedLinks :(29) Tail6
[2025.09.29-17.24.44:185][178]LogFbx: SortedLinks :(30) L_Hip2
[2025.09.29-17.24.44:185][178]LogFbx: SortedLinks :(31) LB_Leg1
[2025.09.29-17.24.44:185][178]LogFbx: SortedLinks :(32) LB_Leg2
[2025.09.29-17.24.44:185][178]LogFbx: SortedLinks :(33) LB_Leg3
[2025.09.29-17.24.44:185][178]LogFbx: SortedLinks :(34) LB_Leg4
[2025.09.29-17.24.44:185][178]LogFbx: SortedLinks :(35) LB_Leg5
[2025.09.29-17.24.44:185][178]LogFbx: SortedLinks :(36) LB_Leg6
[2025.09.29-17.24.44:185][178]LogFbx: SortedLinks :(37) Head1
[2025.09.29-17.24.44:185][178]LogFbx: SortedLinks :(38) Head2
[2025.09.29-17.24.44:185][178]LogFbx: SortedLinks :(39) Head3
[2025.09.29-17.24.44:185][178]LogFbx: SortedLinks :(40) Head4
[2025.09.29-17.24.44:185][178]LogFbx: SortedLinks :(41) R_Scapula
[2025.09.29-17.24.44:185][178]LogFbx: SortedLinks :(42) R_Shoulder4
[2025.09.29-17.24.44:185][178]LogFbx: SortedLinks :(43) RF_Leg1
[2025.09.29-17.24.44:185][178]LogFbx: SortedLinks :(44) RF_Leg2
[2025.09.29-17.24.44:185][178]LogFbx: SortedLinks :(45) RF_Leg3
[2025.09.29-17.24.44:185][178]LogFbx: SortedLinks :(46) RF_Leg4
[2025.09.29-17.24.44:186][178]LogFbx: Parsing AnimStack Take 001
[2025.09.29-17.24.44:190][178]LogLinker: Failed to load '/Game/Mannequin/Cat/CatIdle': Can't find file.
[2025.09.29-17.24.44:191][178]LogLinker: Failed to load '/Game/Mannequin/Cat/CatIdle': Can't find file.
[2025.09.29-17.24.44:192][178]LogFbx: CurveName : blendOrient1
[2025.09.29-17.24.44:192][178]LogFbx: CurveName(blendOrient1) is skipped because it only contains invalid values.
[2025.09.29-17.24.44:367][178]LogAnimationCompression: Building Anim DDC data for AnimSequence /Game/Mannequin/Cat/CatIdle.CatIdle
[2025.09.29-17.24.44:367][178]LogAnimationCompression: Recompressing (AnimSequence /Game/Mannequin/Cat/CatIdle.CatIdle) using current/default (AnimCompress_BitwiseCompressOnly_0) bFirstRecompressUsingCurrentOrDefault(1) bTryAlternateCompressor(0) IsCompressedDataValid(0)
[2025.09.29-17.24.45:691][331]LogAssetEditorManager: Opening Asset editor for AnimSequence /Game/Mannequin/Cat/CatIdle.CatIdle
[2025.09.29-17.24.45:695][331]LogActorComponent: RegisterComponentWithWorld: (/Engine/Transient.World_84:PersistentLevel.AnimationEditorPreviewActor_0.DebugSkelMeshComponent_0) Already registered. Aborting.
[2025.09.29-17.24.45:714][331]LogSkeletalMesh: USkeletalMeshComponent::InitArticulated : Bodies already created (/Engine/Transient.World_84:PersistentLevel.AnimationEditorPreviewActor_0.DebugSkelMeshComponent_0) - call TermArticulated first.
[2025.09.29-17.24.45:861][331]LogContentBrowser: Verbose: The majority of assets in the view are of type: AnimSequence
[2025.09.29-17.24.47:037][461]LogSlate: FSceneViewport::OnFocusLost() reason 5
[2025.09.29-17.24.47:047][461]Cmd: OBJ SAVEPACKAGE PACKAGE="/Game/Mannequin/Cat/CatIdle" FILE="E:/GameJamHGGUnreal4.23.1/GameJamCrew/Content/Mannequin/Cat/CatIdle.uasset" SILENT=true
[2025.09.29-17.24.47:053][461]LogSavePackage: Moving 'E:/GameJamHGGUnreal4.23.1/GameJamCrew/Saved/CatIdle92EBB88D4DA8848DEEE98AA1CDCA9721.tmp' to 'E:/GameJamHGGUnreal4.23.1/GameJamCrew/Content/Mannequin/Cat/CatIdle.uasset'
[2025.09.29-17.24.51:685][  3]LogSlate: FSceneViewport::OnFocusLost() reason 5
[2025.09.29-17.24.51:691][  3]Cmd: OBJ SAVEPACKAGE PACKAGE="/Game/Mannequin/Cat/CatIdle" FILE="E:/GameJamHGGUnreal4.23.1/GameJamCrew/Content/Mannequin/Cat/CatIdle.uasset" SILENT=true
[2025.09.29-17.24.51:695][  3]LogSavePackage: Moving 'E:/GameJamHGGUnreal4.23.1/GameJamCrew/Saved/CatIdleF9D062B64A86CCE99544E0AB23F330B7.tmp' to 'E:/GameJamHGGUnreal4.23.1/GameJamCrew/Content/Mannequin/Cat/CatIdle.uasset'
[2025.09.29-17.24.55:235][419]LogSlate: FSceneViewport::OnFocusLost() reason 5
[2025.09.29-17.24.55:243][419]Cmd: OBJ SAVEPACKAGE PACKAGE="/Game/Mannequin/Cat/CatIdle" FILE="E:/GameJamHGGUnreal4.23.1/GameJamCrew/Content/Mannequin/Cat/CatIdle.uasset" SILENT=true
[2025.09.29-17.24.55:245][419]LogSavePackage: Moving 'E:/GameJamHGGUnreal4.23.1/GameJamCrew/Saved/CatIdle13F54CB7440E12B5C4DFCA90FA525574.tmp' to 'E:/GameJamHGGUnreal4.23.1/GameJamCrew/Content/Mannequin/Cat/CatIdle.uasset'
[2025.09.29-17.24.56:000][506]LogSlate: Window 'CatIdle' being destroyed
[2025.09.29-17.24.56:005][506]LogWorld: UWorld::CleanupWorld for World_84, bSessionEnded=true, bCleanupResources=true
[2025.09.29-17.24.56:021][506]LogWorld: UWorld::CleanupWorld for World_86, bSessionEnded=true, bCleanupResources=true
[2025.09.29-17.24.56:071][506]LogWorld: UWorld::CleanupWorld for World_85, bSessionEnded=true, bCleanupResources=true
[2025.09.29-17.25.58:636][233]LogEditorFactories: Performing atomic reimport of [C:/Users/filip/Desktop/CatIdle.fbx]
[2025.09.29-17.25.58:648][233]LogFbx: Loading FBX Scene from C:/Users/filip/Desktop/CatIdle.fbx
[2025.09.29-17.25.58:662][233]LogFbx: FBX Scene Loaded Succesfully
[2025.09.29-17.25.58:666][233]LogFbx: Parsing AnimStack Take 001
[2025.09.29-17.25.58:667][233]LogFbx: CurveName : blendOrient1
[2025.09.29-17.25.58:667][233]LogFbx: CurveName(blendOrient1) is skipped because it only contains invalid values.
[2025.09.29-17.25.58:792][233]LogAnimationCompression: Building Anim DDC data for AnimSequence /Game/Mannequin/Cat/CatIdle.CatIdle
[2025.09.29-17.25.58:792][233]LogAnimationCompression: Recompressing (AnimSequence /Game/Mannequin/Cat/CatIdle.CatIdle) using current/default (AnimCompress_BitwiseCompressOnly_0) bFirstRecompressUsingCurrentOrDefault(1) bTryAlternateCompressor(0) IsCompressedDataValid(0)
[2025.09.29-17.25.58:797][233]LogEditorFactories: -- imported successfully
[2025.09.29-17.25.59:649][236]LogAssetEditorManager: Opening Asset editor for AnimSequence /Game/Mannequin/Cat/CatIdle.CatIdle
[2025.09.29-17.25.59:654][236]LogActorComponent: RegisterComponentWithWorld: (/Engine/Transient.World_87:PersistentLevel.AnimationEditorPreviewActor_0.DebugSkelMeshComponent_0) Already registered. Aborting.
[2025.09.29-17.25.59:670][236]LogSkeletalMesh: USkeletalMeshComponent::InitArticulated : Bodies already created (/Engine/Transient.World_87:PersistentLevel.AnimationEditorPreviewActor_0.DebugSkelMeshComponent_0) - call TermArticulated first.
[2025.09.29-17.25.59:826][236]LogContentBrowser: Verbose: The majority of assets in the view are of type: AnimSequence
[2025.09.29-17.26.00:794][342]LogSlate: FSceneViewport::OnFocusLost() reason 5
[2025.09.29-17.26.00:805][342]Cmd: OBJ SAVEPACKAGE PACKAGE="/Game/Mannequin/Cat/CatIdle" FILE="E:/GameJamHGGUnreal4.23.1/GameJamCrew/Content/Mannequin/Cat/CatIdle.uasset" SILENT=true
[2025.09.29-17.26.00:813][342]LogSavePackage: Moving 'E:/GameJamHGGUnreal4.23.1/GameJamCrew/Saved/CatIdle010DEF5D405BD1BC87DE6ABC5ED22DEC.tmp' to 'E:/GameJamHGGUnreal4.23.1/GameJamCrew/Content/Mannequin/Cat/CatIdle.uasset'
[2025.09.29-17.26.05:875][917]LogSlate: FSceneViewport::OnFocusLost() reason 5
[2025.09.29-17.26.05:881][917]Cmd: OBJ SAVEPACKAGE PACKAGE="/Game/Mannequin/Cat/CatIdle" FILE="E:/GameJamHGGUnreal4.23.1/GameJamCrew/Content/Mannequin/Cat/CatIdle.uasset" SILENT=true
[2025.09.29-17.26.05:883][917]LogSavePackage: Moving 'E:/GameJamHGGUnreal4.23.1/GameJamCrew/Saved/CatIdleEE65F5BD4A4E983664BB94B555672186.tmp' to 'E:/GameJamHGGUnreal4.23.1/GameJamCrew/Content/Mannequin/Cat/CatIdle.uasset'
[2025.09.29-17.26.08:961][279]LogSlate: Window 'CatIdle' being destroyed
[2025.09.29-17.26.08:965][279]LogWorld: UWorld::CleanupWorld for World_87, bSessionEnded=true, bCleanupResources=true
[2025.09.29-17.26.08:980][279]LogWorld: UWorld::CleanupWorld for World_89, bSessionEnded=true, bCleanupResources=true
[2025.09.29-17.26.09:032][279]LogWorld: UWorld::CleanupWorld for World_88, bSessionEnded=true, bCleanupResources=true
[2025.09.29-17.26.10:622][467]LogAssetEditorManager: Opening Asset editor for AnimBlueprint /Game/Mannequin/Cat/CatBluePrint.CatBluePrint
[2025.09.29-17.26.10:628][467]LogActorComponent: RegisterComponentWithWorld: (/Engine/Transient.World_91:PersistentLevel.AnimationEditorPreviewActor_0.DebugSkelMeshComponent_0) Already registered. Aborting.
[2025.09.29-17.26.10:786][467]LogSkeletalMesh: USkeletalMeshComponent::InitArticulated : Bodies already created (/Engine/Transient.World_91:PersistentLevel.AnimationEditorPreviewActor_0.DebugSkelMeshComponent_0) - call TermArticulated first.
[2025.09.29-17.26.10:921][467]LogContentBrowser: Verbose: The majority of assets in the view are of type: AnimSequence
[2025.09.29-17.26.32:617][950]Cmd: OBJ SAVEPACKAGE PACKAGE="/Game/Mannequin/Cat/CatBluePrint" FILE="E:/GameJamHGGUnreal4.23.1/GameJamCrew/Content/Mannequin/Cat/CatBluePrint.uasset" SILENT=true
[2025.09.29-17.26.32:638][950]LogSavePackage: Moving 'E:/GameJamHGGUnreal4.23.1/GameJamCrew/Saved/CatBluePrint0B0E026B43A7BCD6012136954993E8A5.tmp' to 'E:/GameJamHGGUnreal4.23.1/GameJamCrew/Content/Mannequin/Cat/CatBluePrint.uasset'
[2025.09.29-17.26.37:742][529]Cmd: OBJ SAVEPACKAGE PACKAGE="/Game/Mannequin/Cat/CatBluePrint" FILE="E:/GameJamHGGUnreal4.23.1/GameJamCrew/Content/Mannequin/Cat/CatBluePrint.uasset" SILENT=true
[2025.09.29-17.26.37:762][529]LogSavePackage: Moving 'E:/GameJamHGGUnreal4.23.1/GameJamCrew/Saved/CatBluePrint88490AA747511CA5D46D7AB844E21A42.tmp' to 'E:/GameJamHGGUnreal4.23.1/GameJamCrew/Content/Mannequin/Cat/CatBluePrint.uasset'
[2025.09.29-17.26.42:821][108]Cmd: OBJ SAVEPACKAGE PACKAGE="/Game/Mannequin/Cat/CatBluePrint" FILE="E:/GameJamHGGUnreal4.23.1/GameJamCrew/Content/Mannequin/Cat/CatBluePrint.uasset" SILENT=true
[2025.09.29-17.26.42:841][108]LogSavePackage: Moving 'E:/GameJamHGGUnreal4.23.1/GameJamCrew/Saved/CatBluePrint8609F5B74333303E780A509989929749.tmp' to 'E:/GameJamHGGUnreal4.23.1/GameJamCrew/Content/Mannequin/Cat/CatBluePrint.uasset'
[2025.09.29-17.26.43:521][185]Cmd: OBJ SAVEPACKAGE PACKAGE="/Game/Mannequin/Cat/CatBluePrint" FILE="E:/GameJamHGGUnreal4.23.1/GameJamCrew/Content/Mannequin/Cat/CatBluePrint.uasset" SILENT=true
[2025.09.29-17.26.43:539][185]LogSavePackage: Moving 'E:/GameJamHGGUnreal4.23.1/GameJamCrew/Saved/CatBluePrint778C09EB4737AB32301B68908D5ED846.tmp' to 'E:/GameJamHGGUnreal4.23.1/GameJamCrew/Content/Mannequin/Cat/CatBluePrint.uasset'
[2025.09.29-17.26.44:489][293]BlueprintLog: New page: Compile CatBluePrint
[2025.09.29-17.26.44:494][293]LogBlueprint: Warning: [Compiler CatBluePrint] Walk to Jump  will never be taken, please connect something to  Can Enter Transition
[2025.09.29-17.26.44:604][293]LogUObjectHash: Compacting FUObjectHashTables data took   2.06ms
[2025.09.29-17.26.47:184][585]LogSlate: FSceneViewport::OnFocusLost() reason 5
[2025.09.29-17.26.47:194][585]Cmd: OBJ SAVEPACKAGE PACKAGE="/Game/Mannequin/Cat/CatBluePrint" FILE="E:/GameJamHGGUnreal4.23.1/GameJamCrew/Content/Mannequin/Cat/CatBluePrint.uasset" SILENT=true
[2025.09.29-17.26.47:215][585]LogSavePackage: Moving 'E:/GameJamHGGUnreal4.23.1/GameJamCrew/Saved/CatBluePrint3169146A46C66C5A57A01CBB1801826C.tmp' to 'E:/GameJamHGGUnreal4.23.1/GameJamCrew/Content/Mannequin/Cat/CatBluePrint.uasset'
[2025.09.29-17.26.47:878][659]LogSlate: Window 'CatBluePrint' being destroyed
[2025.09.29-17.26.47:901][659]LogWorld: UWorld::CleanupWorld for World_91, bSessionEnded=true, bCleanupResources=true
[2025.09.29-17.26.47:905][659]LogWorld: UWorld::CleanupWorld for World_90, bSessionEnded=true, bCleanupResources=true
[2025.09.29-17.26.47:965][659]LogWorld: UWorld::CleanupWorld for World_92, bSessionEnded=true, bCleanupResources=true
[2025.09.29-17.26.49:598][854]LogWorld: UWorld::CleanupWorld for World_67, bSessionEnded=true, bCleanupResources=true
[2025.09.29-17.27.08:748][105]LogAIModule: Creating AISystem for world CheeseFactory_001
[2025.09.29-17.27.08:771][105]LogAssetEditorManager: Opening Asset editor for World /Game/Levels/CheeseFactory_001.CheeseFactory_001
[2025.09.29-17.27.08:796][105]LogUObjectHash: Compacting FUObjectHashTables data took   2.22ms
[2025.09.29-17.27.09:822][105]LogSlate: Window 'Save Content' being destroyed
[2025.09.29-17.27.09:829][105]Cmd: OBJ SAVEPACKAGE PACKAGE="/Game/ThirdPersonBP/Blueprints/ThirdPersonCharacter" FILE="E:/GameJamHGGUnreal4.23.1/GameJamCrew/Content/ThirdPersonBP/Blueprints/ThirdPersonCharacter.uasset" SILENT=true
[2025.09.29-17.27.09:872][105]LogSavePackage: Moving 'E:/GameJamHGGUnreal4.23.1/GameJamCrew/Saved/ThirdPersonCharacter71B32FE74548BFC37FBB03A83A92842B.tmp' to 'E:/GameJamHGGUnreal4.23.1/GameJamCrew/Content/ThirdPersonBP/Blueprints/ThirdPersonCharacter.uasset'
[2025.09.29-17.27.09:874][105]Cmd: MAP LOAD FILE="E:/GameJamHGGUnreal4.23.1/GameJamCrew/Content/Levels/CheeseFactory_001.umap" TEMPLATE=0 SHOWPROGRESS=1 FEATURELEVEL=3
[2025.09.29-17.27.09:874][105]LightingResults: New page: Lighting Build
[2025.09.29-17.27.09:874][105]LoadErrors: New page: Loading map: CheeseFactory_001.umap
[2025.09.29-17.27.09:875][105]LogWorld: UWorld::CleanupWorld for ThirdPersonExampleMap, bSessionEnded=true, bCleanupResources=true
[2025.09.29-17.27.09:875][105]MapCheck: New page: Map Check
[2025.09.29-17.27.09:875][105]LightingResults: New page: Lighting Build
[2025.09.29-17.27.09:894][105]LogUObjectHash: Compacting FUObjectHashTables data took   1.68ms
[2025.09.29-17.27.09:909][105]LogEditorServer: Finished looking for orphan Actors (0.000 secs)
[2025.09.29-17.27.09:951][105]LogUObjectHash: Compacting FUObjectHashTables data took   1.64ms
[2025.09.29-17.27.09:964][105]Cmd: MAP CHECKDEP NOCLEARLOG
[2025.09.29-17.27.09:964][105]MapCheck: Map check complete: 0 Error(s), 0 Warning(s), took 0.159ms to complete.
[2025.09.29-17.27.09:964][105]LogFileHelpers: Loading map 'CheeseFactory_001' took 0.091
[2025.09.29-17.27.11:166][188]LogTemp: Repeating last play command: Selected Viewport
[2025.09.29-17.27.11:170][188]LogBlueprintUserMessages: Early PlayInEditor Detection: Level '/Game/Levels/CheeseFactory_001.CheeseFactory_001:PersistentLevel' has LevelScriptBlueprint '/Game/Levels/CheeseFactory_001.CheeseFactory_001:PersistentLevel.CheeseFactory_001' with GeneratedClass '/Game/Levels/CheeseFactory_001.CheeseFactory_001_C' with ClassGeneratedBy '/Game/Levels/CheeseFactory_001.CheeseFactory_001:PersistentLevel.CheeseFactory_001'
[2025.09.29-17.27.11:170][188]BlueprintLog: New page: Pre-Play auto-recompile
[2025.09.29-17.27.11:176][188]LogPlayLevel: [PlayLevel] Compiling ThirdPersonCharacter before play...
[2025.09.29-17.27.11:313][188]LogUObjectHash: Compacting FUObjectHashTables data took   2.44ms
[2025.09.29-17.27.11:313][188]LogPlayLevel: PlayLevel: Blueprint regeneration took 142 ms (1 blueprints)
[2025.09.29-17.27.11:313][188]PIE: New page: PIE session: CheeseFactory_001 (29 Sep 2025 9:27:11 pm)
[2025.09.29-17.27.11:314][188]LogOnline: OSS: Creating online subsystem instance for: NULL
[2025.09.29-17.27.11:315][188]LogPlayLevel: Creating play world package: /Game/Levels/UEDPIE_0_CheeseFactory_001
[2025.09.29-17.27.11:342][188]LogPlayLevel: PIE: StaticDuplicateObject took: (0.027286s)
[2025.09.29-17.27.11:342][188]LogAIModule: Creating AISystem for world CheeseFactory_001
[2025.09.29-17.27.11:343][188]LogPlayLevel: PIE: World Init took: (0.000602s)
[2025.09.29-17.27.11:343][188]LogPlayLevel: PIE: Created PIE world by copying editor world from /Game/Levels/CheeseFactory_001.CheeseFactory_001 to /Game/Levels/UEDPIE_0_CheeseFactory_001.CheeseFactory_001 (0.028098s)
[2025.09.29-17.27.11:360][188]LogUObjectHash: Compacting FUObjectHashTables data took   1.48ms
[2025.09.29-17.27.11:374][188]LogInit: XAudio2 using 'Högtalare (Yeti Classic)' : 6 channels at 44.1 kHz using 16 bits per sample (channel mask 0x3f)
[2025.09.29-17.27.11:384][188]LogInit: FAudioDevice initialized.
[2025.09.29-17.27.11:398][188]LogLoad: Game class is 'ThirdPersonGameMode_C'
[2025.09.29-17.27.11:405][188]LogWorld: Bringing World /Game/Levels/UEDPIE_0_CheeseFactory_001.CheeseFactory_001 up for play (max tick rate 0) at 2025.09.29-19.27.11
[2025.09.29-17.27.11:406][188]LogWorld: Bringing up level for play took: 0.008472
[2025.09.29-17.27.11:406][188]LogOnline: OSS: Creating online subsystem instance for: :Context_94
[2025.09.29-17.27.11:409][188]LogContentBrowser: Native class hierarchy updated for 'MovieSceneCapture' in 0.0002 seconds. Added 20 classes and 0 folders.
[2025.09.29-17.27.11:411][188]PIE: Play in editor start time for /Game/Levels/UEDPIE_0_CheeseFactory_001 0.651
[2025.09.29-17.27.11:411][188]LogBlueprintUserMessages: Late PlayInEditor Detection: Level '/Game/Levels/CheeseFactory_001.CheeseFactory_001:PersistentLevel' has LevelScriptBlueprint '/Game/Levels/CheeseFactory_001.CheeseFactory_001:PersistentLevel.CheeseFactory_001' with GeneratedClass '/Game/Levels/CheeseFactory_001.CheeseFactory_001_C' with ClassGeneratedBy '/Game/Levels/CheeseFactory_001.CheeseFactory_001:PersistentLevel.CheeseFactory_001'
[2025.09.29-17.27.13:523][418]LogBlueprintUserMessages: Early EndPlayMap Detection: Level '/Game/Levels/CheeseFactory_001.CheeseFactory_001:PersistentLevel' has LevelScriptBlueprint '/Game/Levels/CheeseFactory_001.CheeseFactory_001:PersistentLevel.CheeseFactory_001' with GeneratedClass '/Game/Levels/CheeseFactory_001.CheeseFactory_001_C' with ClassGeneratedBy '/Game/Levels/CheeseFactory_001.CheeseFactory_001:PersistentLevel.CheeseFactory_001'
[2025.09.29-17.27.13:523][418]LogSlate: Updating window title bar state: overlay mode, drag disabled, window buttons hidden, title bar hidden
[2025.09.29-17.27.13:523][418]LogWorld: BeginTearingDown for /Game/Levels/UEDPIE_0_CheeseFactory_001
[2025.09.29-17.27.13:524][418]LogWorld: UWorld::CleanupWorld for CheeseFactory_001, bSessionEnded=true, bCleanupResources=true
[2025.09.29-17.27.13:537][418]LogPlayLevel: Display: Shutting down PIE online subsystems
[2025.09.29-17.27.13:537][418]LogBlueprintUserMessages: Late EndPlayMap Detection: Level '/Game/Levels/CheeseFactory_001.CheeseFactory_001:PersistentLevel' has LevelScriptBlueprint '/Game/Levels/CheeseFactory_001.CheeseFactory_001:PersistentLevel.CheeseFactory_001' with GeneratedClass '/Game/Levels/CheeseFactory_001.CheeseFactory_001_C' with ClassGeneratedBy '/Game/Levels/CheeseFactory_001.CheeseFactory_001:PersistentLevel.CheeseFactory_001'
[2025.09.29-17.27.13:558][418]LogSlate: Updating window title bar state: overlay mode, drag disabled, window buttons hidden, title bar hidden
[2025.09.29-17.27.13:593][418]LogUObjectHash: Compacting FUObjectHashTables data took   2.88ms
[2025.09.29-17.27.13:628][421]LogPlayLevel: Display: Destroying online subsystem :Context_94
[2025.09.29-17.27.13:910][454]LogSlate: FSceneViewport::OnFocusLost() reason 5
[2025.09.29-17.27.13:916][454]Cmd: OBJ SAVEPACKAGE PACKAGE="/Game/Levels/CheeseFactory_001" FILE="E:/GameJamHGGUnreal4.23.1/GameJamCrew/Content/Levels/CheeseFactory_001.umap" SILENT=true AUTOSAVING=false KEEPDIRTY=false
[2025.09.29-17.27.13:947][454]LogUObjectHash: Compacting FUObjectHashTables data took   1.28ms
[2025.09.29-17.27.14:216][454]LogSavePackage: Moving 'E:/GameJamHGGUnreal4.23.1/GameJamCrew/Saved/CheeseFactory_001ED21AA274735EF5A1DC15B8BD685CB32.tmp' to 'E:/GameJamHGGUnreal4.23.1/GameJamCrew/Content/Levels/CheeseFactory_001.umap'
[2025.09.29-17.27.15:030][549]LogSlate: FSceneViewport::OnFocusLost() reason 0
[2025.09.29-17.27.18:215][929]LogAssetEditorManager: Opening Asset editor for Blueprint /Game/ThirdPersonBP/Blueprints/ThirdPersonCharacter.ThirdPersonCharacter
[2025.09.29-17.27.25:159][619]LogSlate: FSceneViewport::OnFocusLost() reason 5
[2025.09.29-17.27.25:172][619]Cmd: OBJ SAVEPACKAGE PACKAGE="/Game/ThirdPersonBP/Blueprints/ThirdPersonCharacter" FILE="E:/GameJamHGGUnreal4.23.1/GameJamCrew/Content/ThirdPersonBP/Blueprints/ThirdPersonCharacter.uasset" SILENT=true
[2025.09.29-17.27.25:220][619]LogSavePackage: Moving 'E:/GameJamHGGUnreal4.23.1/GameJamCrew/Saved/ThirdPersonCharacter92CAC355428C51B5EFB7068356096E31.tmp' to 'E:/GameJamHGGUnreal4.23.1/GameJamCrew/Content/ThirdPersonBP/Blueprints/ThirdPersonCharacter.uasset'
[2025.09.29-17.27.25:483][640]LogSlate: Prevented a slow task dialog from being summoned while a context menu was open
[2025.09.29-17.27.27:965][904]LogSlate: FSceneViewport::OnFocusLost() reason 5
[2025.09.29-17.27.27:975][904]Cmd: OBJ SAVEPACKAGE PACKAGE="/Game/ThirdPersonBP/Blueprints/ThirdPersonCharacter" FILE="E:/GameJamHGGUnreal4.23.1/GameJamCrew/Content/ThirdPersonBP/Blueprints/ThirdPersonCharacter.uasset" SILENT=true
[2025.09.29-17.27.28:022][904]LogSavePackage: Moving 'E:/GameJamHGGUnreal4.23.1/GameJamCrew/Saved/ThirdPersonCharacterE4AF52584D765088CDEB65853283EA97.tmp' to 'E:/GameJamHGGUnreal4.23.1/GameJamCrew/Content/ThirdPersonBP/Blueprints/ThirdPersonCharacter.uasset'
[2025.09.29-17.27.32:028][289]LogTemp: Repeating last play command: Selected Viewport
[2025.09.29-17.27.32:032][289]LogBlueprintUserMessages: Early PlayInEditor Detection: Level '/Game/Levels/CheeseFactory_001.CheeseFactory_001:PersistentLevel' has LevelScriptBlueprint '/Game/Levels/CheeseFactory_001.CheeseFactory_001:PersistentLevel.CheeseFactory_001' with GeneratedClass '/Game/Levels/CheeseFactory_001.CheeseFactory_001_C' with ClassGeneratedBy '/Game/Levels/CheeseFactory_001.CheeseFactory_001:PersistentLevel.CheeseFactory_001'
[2025.09.29-17.27.32:032][289]BlueprintLog: New page: Pre-Play auto-recompile
[2025.09.29-17.27.32:037][289]LogPlayLevel: [PlayLevel] Compiling ThirdPersonCharacter before play...
[2025.09.29-17.27.32:203][289]LogUObjectHash: Compacting FUObjectHashTables data took   2.31ms
[2025.09.29-17.27.32:203][289]LogPlayLevel: PlayLevel: Blueprint regeneration took 170 ms (1 blueprints)
[2025.09.29-17.27.32:203][289]PIE: New page: PIE session: CheeseFactory_001 (29 Sep 2025 9:27:32 pm)
[2025.09.29-17.27.32:203][289]LogPlayLevel: Creating play world package: /Game/Levels/UEDPIE_0_CheeseFactory_001
[2025.09.29-17.27.32:228][289]LogPlayLevel: PIE: StaticDuplicateObject took: (0.025350s)
[2025.09.29-17.27.32:229][289]LogAIModule: Creating AISystem for world CheeseFactory_001
[2025.09.29-17.27.32:229][289]LogPlayLevel: PIE: World Init took: (0.000543s)
[2025.09.29-17.27.32:229][289]LogPlayLevel: PIE: Created PIE world by copying editor world from /Game/Levels/CheeseFactory_001.CheeseFactory_001 to /Game/Levels/UEDPIE_0_CheeseFactory_001.CheeseFactory_001 (0.026018s)
[2025.09.29-17.27.32:249][289]LogUObjectHash: Compacting FUObjectHashTables data took   1.40ms
[2025.09.29-17.27.32:262][289]LogInit: XAudio2 using 'Högtalare (Yeti Classic)' : 6 channels at 44.1 kHz using 16 bits per sample (channel mask 0x3f)
[2025.09.29-17.27.32:272][289]LogInit: FAudioDevice initialized.
[2025.09.29-17.27.32:281][289]LogLoad: Game class is 'ThirdPersonGameMode_C'
[2025.09.29-17.27.32:289][289]LogWorld: Bringing World /Game/Levels/UEDPIE_0_CheeseFactory_001.CheeseFactory_001 up for play (max tick rate 0) at 2025.09.29-19.27.32
[2025.09.29-17.27.32:291][289]LogWorld: Bringing up level for play took: 0.008390
[2025.09.29-17.27.32:291][289]LogOnline: OSS: Creating online subsystem instance for: :Context_96
[2025.09.29-17.27.32:293][289]PIE: Play in editor start time for /Game/Levels/UEDPIE_0_CheeseFactory_001 -0.468
[2025.09.29-17.27.32:293][289]LogBlueprintUserMessages: Late PlayInEditor Detection: Level '/Game/Levels/CheeseFactory_001.CheeseFactory_001:PersistentLevel' has LevelScriptBlueprint '/Game/Levels/CheeseFactory_001.CheeseFactory_001:PersistentLevel.CheeseFactory_001' with GeneratedClass '/Game/Levels/CheeseFactory_001.CheeseFactory_001_C' with ClassGeneratedBy '/Game/Levels/CheeseFactory_001.CheeseFactory_001:PersistentLevel.CheeseFactory_001'
[2025.09.29-17.27.40:371][834]LogSlate: FSceneViewport::OnFocusLost() reason 0
[2025.09.29-17.27.53:956][256]LogBlueprintUserMessages: Early EndPlayMap Detection: Level '/Game/Levels/CheeseFactory_001.CheeseFactory_001:PersistentLevel' has LevelScriptBlueprint '/Game/Levels/CheeseFactory_001.CheeseFactory_001:PersistentLevel.CheeseFactory_001' with GeneratedClass '/Game/Levels/CheeseFactory_001.CheeseFactory_001_C' with ClassGeneratedBy '/Game/Levels/CheeseFactory_001.CheeseFactory_001:PersistentLevel.CheeseFactory_001'
[2025.09.29-17.27.53:957][256]LogSlate: Updating window title bar state: overlay mode, drag disabled, window buttons hidden, title bar hidden
[2025.09.29-17.27.53:957][256]LogWorld: BeginTearingDown for /Game/Levels/UEDPIE_0_CheeseFactory_001
[2025.09.29-17.27.53:957][256]LogWorld: UWorld::CleanupWorld for CheeseFactory_001, bSessionEnded=true, bCleanupResources=true
[2025.09.29-17.27.53:973][256]LogPlayLevel: Display: Shutting down PIE online subsystems
[2025.09.29-17.27.53:973][256]LogBlueprintUserMessages: Late EndPlayMap Detection: Level '/Game/Levels/CheeseFactory_001.CheeseFactory_001:PersistentLevel' has LevelScriptBlueprint '/Game/Levels/CheeseFactory_001.CheeseFactory_001:PersistentLevel.CheeseFactory_001' with GeneratedClass '/Game/Levels/CheeseFactory_001.CheeseFactory_001_C' with ClassGeneratedBy '/Game/Levels/CheeseFactory_001.CheeseFactory_001:PersistentLevel.CheeseFactory_001'
[2025.09.29-17.27.53:996][256]LogSlate: Updating window title bar state: overlay mode, drag disabled, window buttons hidden, title bar hidden
[2025.09.29-17.27.54:002][256]LogUObjectHash: Compacting FUObjectHashTables data took   1.44ms
[2025.09.29-17.27.54:058][261]LogPlayLevel: Display: Destroying online subsystem :Context_96
[2025.09.29-17.27.54:408][300]LogSlate: FSceneViewport::OnFocusLost() reason 5
[2025.09.29-17.27.54:422][300]Cmd: OBJ SAVEPACKAGE PACKAGE="/Game/Levels/CheeseFactory_001" FILE="E:/GameJamHGGUnreal4.23.1/GameJamCrew/Content/Levels/CheeseFactory_001.umap" SILENT=true AUTOSAVING=false KEEPDIRTY=false
[2025.09.29-17.27.54:445][300]LogUObjectHash: Compacting FUObjectHashTables data took   0.69ms
[2025.09.29-17.27.54:764][300]LogSavePackage: Moving 'E:/GameJamHGGUnreal4.23.1/GameJamCrew/Saved/CheeseFactory_0011CFEBDB14C4F65267CA1C08DD0B5E409.tmp' to 'E:/GameJamHGGUnreal4.23.1/GameJamCrew/Content/Levels/CheeseFactory_001.umap'
[2025.09.29-17.27.55:910][431]LogEditorViewport: Clicking on Actor (LMB): StaticMeshActor (wall01_2x165)
[2025.09.29-17.27.56:033][441]LogSlate: FSceneViewport::OnFocusLost() reason 5
[2025.09.29-17.27.56:039][441]Cmd: OBJ SAVEPACKAGE PACKAGE="/Game/Levels/CheeseFactory_001" FILE="E:/GameJamHGGUnreal4.23.1/GameJamCrew/Content/Levels/CheeseFactory_001.umap" SILENT=true AUTOSAVING=false KEEPDIRTY=false
[2025.09.29-17.27.56:060][441]LogUObjectHash: Compacting FUObjectHashTables data took   1.97ms
[2025.09.29-17.27.56:349][441]LogSavePackage: Moving 'E:/GameJamHGGUnreal4.23.1/GameJamCrew/Saved/CheeseFactory_001BFA2859B47280789308E449D2ABC67BA.tmp' to 'E:/GameJamHGGUnreal4.23.1/GameJamCrew/Content/Levels/CheeseFactory_001.umap'
[2025.09.29-17.27.59:725][626]LogSlate: FSceneViewport::OnFocusLost() reason 0
[2025.09.29-17.28.04:202][135]LogAssetEditorManager: Opening Asset editor for AnimBlueprint /Game/Mannequin/Cat/CatBluePrint.CatBluePrint
[2025.09.29-17.28.04:209][135]LogActorComponent: RegisterComponentWithWorld: (/Engine/Transient.World_95:PersistentLevel.AnimationEditorPreviewActor_0.DebugSkelMeshComponent_0) Already registered. Aborting.
[2025.09.29-17.28.04:362][135]LogSkeletalMesh: USkeletalMeshComponent::InitArticulated : Bodies already created (/Engine/Transient.World_95:PersistentLevel.AnimationEditorPreviewActor_0.DebugSkelMeshComponent_0) - call TermArticulated first.
[2025.09.29-17.28.04:486][135]LogContentBrowser: Verbose: The majority of assets in the view are of type: AnimSequence
[2025.09.29-17.28.08:240][539]LogSlate: Window 'ThirdPersonCharacter' being destroyed
[2025.09.29-17.28.14:265][249]Cmd: OBJ SAVEPACKAGE PACKAGE="/Game/Mannequin/Cat/CatBluePrint" FILE="E:/GameJamHGGUnreal4.23.1/GameJamCrew/Content/Mannequin/Cat/CatBluePrint.uasset" SILENT=true
[2025.09.29-17.28.14:285][249]LogSavePackage: Moving 'E:/GameJamHGGUnreal4.23.1/GameJamCrew/Saved/CatBluePrintB99A62D94A83E210AE937FB73B33F6C8.tmp' to 'E:/GameJamHGGUnreal4.23.1/GameJamCrew/Content/Mannequin/Cat/CatBluePrint.uasset'
[2025.09.29-17.28.15:923][442]LogTemp: Repeating last play command: Selected Viewport
[2025.09.29-17.28.15:926][442]LogBlueprintUserMessages: Early PlayInEditor Detection: Level '/Game/Levels/CheeseFactory_001.CheeseFactory_001:PersistentLevel' has LevelScriptBlueprint '/Game/Levels/CheeseFactory_001.CheeseFactory_001:PersistentLevel.CheeseFactory_001' with GeneratedClass '/Game/Levels/CheeseFactory_001.CheeseFactory_001_C' with ClassGeneratedBy '/Game/Levels/CheeseFactory_001.CheeseFactory_001:PersistentLevel.CheeseFactory_001'
[2025.09.29-17.28.15:926][442]BlueprintLog: New page: Pre-Play auto-recompile
[2025.09.29-17.28.15:927][442]LogPlayLevel: [PlayLevel] Compiling CatBluePrint before play...
[2025.09.29-17.28.15:929][442]LogBlueprint: Warning: [Compiler CatBluePrint] Walk to Jump  will never be taken, please connect something to  Can Enter Transition
[2025.09.29-17.28.16:053][442]LogUObjectHash: Compacting FUObjectHashTables data took   2.05ms
[2025.09.29-17.28.16:053][442]LogPlayLevel: PlayLevel: Blueprint regeneration took 127 ms (1 blueprints)
[2025.09.29-17.28.16:054][442]PIE: New page: PIE session: CheeseFactory_001 (29 Sep 2025 9:28:16 pm)
[2025.09.29-17.28.16:054][442]LogPlayLevel: Creating play world package: /Game/Levels/UEDPIE_0_CheeseFactory_001
[2025.09.29-17.28.16:079][442]LogPlayLevel: PIE: StaticDuplicateObject took: (0.025534s)
[2025.09.29-17.28.16:080][442]LogAIModule: Creating AISystem for world CheeseFactory_001
[2025.09.29-17.28.16:080][442]LogPlayLevel: PIE: World Init took: (0.000531s)
[2025.09.29-17.28.16:080][442]LogPlayLevel: PIE: Created PIE world by copying editor world from /Game/Levels/CheeseFactory_001.CheeseFactory_001 to /Game/Levels/UEDPIE_0_CheeseFactory_001.CheeseFactory_001 (0.026190s)
[2025.09.29-17.28.16:100][442]LogUObjectHash: Compacting FUObjectHashTables data took   1.43ms
[2025.09.29-17.28.16:114][442]LogInit: XAudio2 using 'Högtalare (Yeti Classic)' : 6 channels at 44.1 kHz using 16 bits per sample (channel mask 0x3f)
[2025.09.29-17.28.16:125][442]LogInit: FAudioDevice initialized.
[2025.09.29-17.28.16:134][442]LogLoad: Game class is 'ThirdPersonGameMode_C'
[2025.09.29-17.28.16:141][442]LogWorld: Bringing World /Game/Levels/UEDPIE_0_CheeseFactory_001.CheeseFactory_001 up for play (max tick rate 0) at 2025.09.29-19.28.16
[2025.09.29-17.28.16:142][442]LogWorld: Bringing up level for play took: 0.008174
[2025.09.29-17.28.16:142][442]LogOnline: OSS: Creating online subsystem instance for: :Context_100
[2025.09.29-17.28.16:144][442]PIE: Play in editor start time for /Game/Levels/UEDPIE_0_CheeseFactory_001 -0.616
[2025.09.29-17.28.16:144][442]LogBlueprintUserMessages: Late PlayInEditor Detection: Level '/Game/Levels/CheeseFactory_001.CheeseFactory_001:PersistentLevel' has LevelScriptBlueprint '/Game/Levels/CheeseFactory_001.CheeseFactory_001:PersistentLevel.CheeseFactory_001' with GeneratedClass '/Game/Levels/CheeseFactory_001.CheeseFactory_001_C' with ClassGeneratedBy '/Game/Levels/CheeseFactory_001.CheeseFactory_001:PersistentLevel.CheeseFactory_001'
[2025.09.29-17.28.20:061][908]LogBlueprintUserMessages: Early EndPlayMap Detection: Level '/Game/Levels/CheeseFactory_001.CheeseFactory_001:PersistentLevel' has LevelScriptBlueprint '/Game/Levels/CheeseFactory_001.CheeseFactory_001:PersistentLevel.CheeseFactory_001' with GeneratedClass '/Game/Levels/CheeseFactory_001.CheeseFactory_001_C' with ClassGeneratedBy '/Game/Levels/CheeseFactory_001.CheeseFactory_001:PersistentLevel.CheeseFactory_001'
[2025.09.29-17.28.20:061][908]LogSlate: Updating window title bar state: overlay mode, drag disabled, window buttons hidden, title bar hidden
[2025.09.29-17.28.20:061][908]LogWorld: BeginTearingDown for /Game/Levels/UEDPIE_0_CheeseFactory_001
[2025.09.29-17.28.20:062][908]LogWorld: UWorld::CleanupWorld for CheeseFactory_001, bSessionEnded=true, bCleanupResources=true
[2025.09.29-17.28.20:075][908]LogPlayLevel: Display: Shutting down PIE online subsystems
[2025.09.29-17.28.20:075][908]LogBlueprintUserMessages: Late EndPlayMap Detection: Level '/Game/Levels/CheeseFactory_001.CheeseFactory_001:PersistentLevel' has LevelScriptBlueprint '/Game/Levels/CheeseFactory_001.CheeseFactory_001:PersistentLevel.CheeseFactory_001' with GeneratedClass '/Game/Levels/CheeseFactory_001.CheeseFactory_001_C' with ClassGeneratedBy '/Game/Levels/CheeseFactory_001.CheeseFactory_001:PersistentLevel.CheeseFactory_001'
[2025.09.29-17.28.20:099][908]LogSlate: Updating window title bar state: overlay mode, drag disabled, window buttons hidden, title bar hidden
[2025.09.29-17.28.20:103][908]LogUObjectHash: Compacting FUObjectHashTables data took   1.44ms
[2025.09.29-17.28.20:167][914]LogPlayLevel: Display: Destroying online subsystem :Context_100
[2025.09.29-17.28.20:357][936]LogSlate: FSceneViewport::OnFocusLost() reason 5
[2025.09.29-17.28.20:364][936]Cmd: OBJ SAVEPACKAGE PACKAGE="/Game/Levels/CheeseFactory_001" FILE="E:/GameJamHGGUnreal4.23.1/GameJamCrew/Content/Levels/CheeseFactory_001.umap" SILENT=true AUTOSAVING=false KEEPDIRTY=false
[2025.09.29-17.28.20:383][936]LogUObjectHash: Compacting FUObjectHashTables data took   0.58ms
[2025.09.29-17.28.20:657][936]LogSavePackage: Moving 'E:/GameJamHGGUnreal4.23.1/GameJamCrew/Saved/CheeseFactory_0013E1C481843A6EAE40694869472CA7F59.tmp' to 'E:/GameJamHGGUnreal4.23.1/GameJamCrew/Content/Levels/CheeseFactory_001.umap'
[2025.09.29-17.28.23:780][304]Cmd: OBJ SAVEPACKAGE PACKAGE="/Game/Mannequin/Cat/CatBluePrint" FILE="E:/GameJamHGGUnreal4.23.1/GameJamCrew/Content/Mannequin/Cat/CatBluePrint.uasset" SILENT=true
[2025.09.29-17.28.23:799][304]LogSavePackage: Moving 'E:/GameJamHGGUnreal4.23.1/GameJamCrew/Saved/CatBluePrint914B5D734BA90780C208BF835CF803DC.tmp' to 'E:/GameJamHGGUnreal4.23.1/GameJamCrew/Content/Mannequin/Cat/CatBluePrint.uasset'
[2025.09.29-17.28.24:952][441]BlueprintLog: New page: Compile CatBluePrint
[2025.09.29-17.28.24:955][441]LogBlueprint: Warning: [Compiler CatBluePrint] Walk to Jump  will never be taken, please connect something to  Can Enter Transition
[2025.09.29-17.28.25:077][441]LogUObjectHash: Compacting FUObjectHashTables data took   1.86ms
[2025.09.29-17.28.27:452][725]LogTemp: Repeating last play command: Selected Viewport
[2025.09.29-17.28.27:458][725]LogBlueprintUserMessages: Early PlayInEditor Detection: Level '/Game/Levels/CheeseFactory_001.CheeseFactory_001:PersistentLevel' has LevelScriptBlueprint '/Game/Levels/CheeseFactory_001.CheeseFactory_001:PersistentLevel.CheeseFactory_001' with GeneratedClass '/Game/Levels/CheeseFactory_001.CheeseFactory_001_C' with ClassGeneratedBy '/Game/Levels/CheeseFactory_001.CheeseFactory_001:PersistentLevel.CheeseFactory_001'
[2025.09.29-17.28.27:458][725]LogPlayLevel: PlayLevel: No blueprints needed recompiling
[2025.09.29-17.28.27:458][725]PIE: New page: PIE session: CheeseFactory_001 (29 Sep 2025 9:28:27 pm)
[2025.09.29-17.28.27:458][725]LogPlayLevel: Creating play world package: /Game/Levels/UEDPIE_0_CheeseFactory_001
[2025.09.29-17.28.27:484][725]LogPlayLevel: PIE: StaticDuplicateObject took: (0.025984s)
[2025.09.29-17.28.27:485][725]LogAIModule: Creating AISystem for world CheeseFactory_001
[2025.09.29-17.28.27:485][725]LogPlayLevel: PIE: World Init took: (0.000644s)
[2025.09.29-17.28.27:485][725]LogPlayLevel: PIE: Created PIE world by copying editor world from /Game/Levels/CheeseFactory_001.CheeseFactory_001 to /Game/Levels/UEDPIE_0_CheeseFactory_001.CheeseFactory_001 (0.026754s)
[2025.09.29-17.28.27:507][725]LogUObjectHash: Compacting FUObjectHashTables data took   2.02ms
[2025.09.29-17.28.27:520][725]LogInit: XAudio2 using 'Högtalare (Yeti Classic)' : 6 channels at 44.1 kHz using 16 bits per sample (channel mask 0x3f)
[2025.09.29-17.28.27:530][725]LogInit: FAudioDevice initialized.
[2025.09.29-17.28.27:534][725]LogLoad: Game class is 'ThirdPersonGameMode_C'
[2025.09.29-17.28.27:542][725]LogWorld: Bringing World /Game/Levels/UEDPIE_0_CheeseFactory_001.CheeseFactory_001 up for play (max tick rate 0) at 2025.09.29-19.28.27
[2025.09.29-17.28.27:542][725]LogWorld: Bringing up level for play took: 0.008356
[2025.09.29-17.28.27:542][725]LogOnline: OSS: Creating online subsystem instance for: :Context_101
[2025.09.29-17.28.27:544][725]PIE: Play in editor start time for /Game/Levels/UEDPIE_0_CheeseFactory_001 0.784
[2025.09.29-17.28.27:545][725]LogBlueprintUserMessages: Late PlayInEditor Detection: Level '/Game/Levels/CheeseFactory_001.CheeseFactory_001:PersistentLevel' has LevelScriptBlueprint '/Game/Levels/CheeseFactory_001.CheeseFactory_001:PersistentLevel.CheeseFactory_001' with GeneratedClass '/Game/Levels/CheeseFactory_001.CheeseFactory_001_C' with ClassGeneratedBy '/Game/Levels/CheeseFactory_001.CheeseFactory_001:PersistentLevel.CheeseFactory_001'
[2025.09.29-17.28.52:241][333]LogBlueprintUserMessages: Early EndPlayMap Detection: Level '/Game/Levels/CheeseFactory_001.CheeseFactory_001:PersistentLevel' has LevelScriptBlueprint '/Game/Levels/CheeseFactory_001.CheeseFactory_001:PersistentLevel.CheeseFactory_001' with GeneratedClass '/Game/Levels/CheeseFactory_001.CheeseFactory_001_C' with ClassGeneratedBy '/Game/Levels/CheeseFactory_001.CheeseFactory_001:PersistentLevel.CheeseFactory_001'
[2025.09.29-17.28.52:241][333]LogSlate: Updating window title bar state: overlay mode, drag disabled, window buttons hidden, title bar hidden
[2025.09.29-17.28.52:241][333]LogWorld: BeginTearingDown for /Game/Levels/UEDPIE_0_CheeseFactory_001
[2025.09.29-17.28.52:242][333]LogWorld: UWorld::CleanupWorld for CheeseFactory_001, bSessionEnded=true, bCleanupResources=true
[2025.09.29-17.28.52:254][333]LogPlayLevel: Display: Shutting down PIE online subsystems
[2025.09.29-17.28.52:254][333]LogBlueprintUserMessages: Late EndPlayMap Detection: Level '/Game/Levels/CheeseFactory_001.CheeseFactory_001:PersistentLevel' has LevelScriptBlueprint '/Game/Levels/CheeseFactory_001.CheeseFactory_001:PersistentLevel.CheeseFactory_001' with GeneratedClass '/Game/Levels/CheeseFactory_001.CheeseFactory_001_C' with ClassGeneratedBy '/Game/Levels/CheeseFactory_001.CheeseFactory_001:PersistentLevel.CheeseFactory_001'
[2025.09.29-17.28.52:281][333]LogSlate: Updating window title bar state: overlay mode, drag disabled, window buttons hidden, title bar hidden
[2025.09.29-17.28.52:285][333]LogUObjectHash: Compacting FUObjectHashTables data took   1.74ms
[2025.09.29-17.28.52:347][339]LogPlayLevel: Display: Destroying online subsystem :Context_101
[2025.09.29-17.28.52:613][370]LogSlate: FSceneViewport::OnFocusLost() reason 5
[2025.09.29-17.28.52:619][370]Cmd: OBJ SAVEPACKAGE PACKAGE="/Game/Levels/CheeseFactory_001" FILE="E:/GameJamHGGUnreal4.23.1/GameJamCrew/Content/Levels/CheeseFactory_001.umap" SILENT=true AUTOSAVING=false KEEPDIRTY=false
[2025.09.29-17.28.52:639][370]LogUObjectHash: Compacting FUObjectHashTables data took   0.57ms
[2025.09.29-17.28.52:922][370]LogSavePackage: Moving 'E:/GameJamHGGUnreal4.23.1/GameJamCrew/Saved/CheeseFactory_0010F9B70894AE3CB0453B7C4A666FB8D05.tmp' to 'E:/GameJamHGGUnreal4.23.1/GameJamCrew/Content/Levels/CheeseFactory_001.umap'
[2025.09.29-17.28.56:189][730]LogAssetEditorManager: Opening Asset editor for AnimSequence /Game/Mannequin/Cat/Jump.Jump
[2025.09.29-17.28.56:193][730]LogActorComponent: RegisterComponentWithWorld: (/Engine/Transient.World_97:PersistentLevel.AnimationEditorPreviewActor_0.DebugSkelMeshComponent_0) Already registered. Aborting.
[2025.09.29-17.28.56:202][730]LogSkeletalMesh: USkeletalMeshComponent::InitArticulated : Bodies already created (/Engine/Transient.World_97:PersistentLevel.AnimationEditorPreviewActor_0.DebugSkelMeshComponent_0) - call TermArticulated first.
[2025.09.29-17.28.56:369][730]LogContentBrowser: Verbose: The majority of assets in the view are of type: AnimSequence
[2025.09.29-17.29.00:106][177]LogWorld: UWorld::CleanupWorld for World_97, bSessionEnded=true, bCleanupResources=true
[2025.09.29-17.29.00:121][177]LogWorld: UWorld::CleanupWorld for World_99, bSessionEnded=true, bCleanupResources=true
[2025.09.29-17.29.00:176][177]LogWorld: UWorld::CleanupWorld for World_98, bSessionEnded=true, bCleanupResources=true
[2025.09.29-17.31.00:894][228]Cmd: OBJ SAVEPACKAGE PACKAGE="/Game/Mannequin/Cat/CatBluePrint" FILE="E:/GameJamHGGUnreal4.23.1/GameJamCrew/Content/Mannequin/Cat/CatBluePrint.uasset" SILENT=true
[2025.09.29-17.31.00:915][228]LogSavePackage: Moving 'E:/GameJamHGGUnreal4.23.1/GameJamCrew/Saved/CatBluePrint2729194E47F2A9DBEB1F8D9E500F21EE.tmp' to 'E:/GameJamHGGUnreal4.23.1/GameJamCrew/Content/Mannequin/Cat/CatBluePrint.uasset'
[2025.09.29-17.31.02:785][450]LogTemp: Repeating last play command: Selected Viewport
[2025.09.29-17.31.02:792][450]LogBlueprintUserMessages: Early PlayInEditor Detection: Level '/Game/Levels/CheeseFactory_001.CheeseFactory_001:PersistentLevel' has LevelScriptBlueprint '/Game/Levels/CheeseFactory_001.CheeseFactory_001:PersistentLevel.CheeseFactory_001' with GeneratedClass '/Game/Levels/CheeseFactory_001.CheeseFactory_001_C' with ClassGeneratedBy '/Game/Levels/CheeseFactory_001.CheeseFactory_001:PersistentLevel.CheeseFactory_001'
[2025.09.29-17.31.02:792][450]LogPlayLevel: PlayLevel: No blueprints needed recompiling
[2025.09.29-17.31.02:792][450]PIE: New page: PIE session: CheeseFactory_001 (29 Sep 2025 9:31:02 pm)
[2025.09.29-17.31.02:792][450]LogPlayLevel: Creating play world package: /Game/Levels/UEDPIE_0_CheeseFactory_001
[2025.09.29-17.31.02:818][450]LogPlayLevel: PIE: StaticDuplicateObject took: (0.025831s)
[2025.09.29-17.31.02:818][450]LogAIModule: Creating AISystem for world CheeseFactory_001
[2025.09.29-17.31.02:819][450]LogPlayLevel: PIE: World Init took: (0.000597s)
[2025.09.29-17.31.02:819][450]LogPlayLevel: PIE: Created PIE world by copying editor world from /Game/Levels/CheeseFactory_001.CheeseFactory_001 to /Game/Levels/UEDPIE_0_CheeseFactory_001.CheeseFactory_001 (0.026582s)
[2025.09.29-17.31.02:841][450]LogUObjectHash: Compacting FUObjectHashTables data took   1.99ms
[2025.09.29-17.31.02:855][450]LogInit: XAudio2 using 'Högtalare (Yeti Classic)' : 6 channels at 44.1 kHz using 16 bits per sample (channel mask 0x3f)
[2025.09.29-17.31.02:864][450]LogInit: FAudioDevice initialized.
[2025.09.29-17.31.02:874][450]LogLoad: Game class is 'ThirdPersonGameMode_C'
[2025.09.29-17.31.02:881][450]LogWorld: Bringing World /Game/Levels/UEDPIE_0_CheeseFactory_001.CheeseFactory_001 up for play (max tick rate 0) at 2025.09.29-19.31.02
[2025.09.29-17.31.02:882][450]LogWorld: Bringing up level for play took: 0.008194
[2025.09.29-17.31.02:882][450]LogOnline: OSS: Creating online subsystem instance for: :Context_105
[2025.09.29-17.31.02:885][450]PIE: Play in editor start time for /Game/Levels/UEDPIE_0_CheeseFactory_001 0.124
[2025.09.29-17.31.02:885][450]LogBlueprintUserMessages: Late PlayInEditor Detection: Level '/Game/Levels/CheeseFactory_001.CheeseFactory_001:PersistentLevel' has LevelScriptBlueprint '/Game/Levels/CheeseFactory_001.CheeseFactory_001:PersistentLevel.CheeseFactory_001' with GeneratedClass '/Game/Levels/CheeseFactory_001.CheeseFactory_001_C' with ClassGeneratedBy '/Game/Levels/CheeseFactory_001.CheeseFactory_001:PersistentLevel.CheeseFactory_001'
[2025.09.29-17.31.14:885][885]LogBlueprintUserMessages: Early EndPlayMap Detection: Level '/Game/Levels/CheeseFactory_001.CheeseFactory_001:PersistentLevel' has LevelScriptBlueprint '/Game/Levels/CheeseFactory_001.CheeseFactory_001:PersistentLevel.CheeseFactory_001' with GeneratedClass '/Game/Levels/CheeseFactory_001.CheeseFactory_001_C' with ClassGeneratedBy '/Game/Levels/CheeseFactory_001.CheeseFactory_001:PersistentLevel.CheeseFactory_001'
[2025.09.29-17.31.14:885][885]LogSlate: Updating window title bar state: overlay mode, drag disabled, window buttons hidden, title bar hidden
[2025.09.29-17.31.14:885][885]LogWorld: BeginTearingDown for /Game/Levels/UEDPIE_0_CheeseFactory_001
[2025.09.29-17.31.14:886][885]LogWorld: UWorld::CleanupWorld for CheeseFactory_001, bSessionEnded=true, bCleanupResources=true
[2025.09.29-17.31.14:900][885]LogPlayLevel: Display: Shutting down PIE online subsystems
[2025.09.29-17.31.14:900][885]LogBlueprintUserMessages: Late EndPlayMap Detection: Level '/Game/Levels/CheeseFactory_001.CheeseFactory_001:PersistentLevel' has LevelScriptBlueprint '/Game/Levels/CheeseFactory_001.CheeseFactory_001:PersistentLevel.CheeseFactory_001' with GeneratedClass '/Game/Levels/CheeseFactory_001.CheeseFactory_001_C' with ClassGeneratedBy '/Game/Levels/CheeseFactory_001.CheeseFactory_001:PersistentLevel.CheeseFactory_001'
[2025.09.29-17.31.14:925][885]LogSlate: Updating window title bar state: overlay mode, drag disabled, window buttons hidden, title bar hidden
[2025.09.29-17.31.14:929][885]LogUObjectHash: Compacting FUObjectHashTables data took   1.91ms
[2025.09.29-17.31.14:991][891]LogPlayLevel: Display: Destroying online subsystem :Context_105
[2025.09.29-17.31.15:231][919]LogSlate: FSceneViewport::OnFocusLost() reason 5
[2025.09.29-17.31.15:238][919]Cmd: OBJ SAVEPACKAGE PACKAGE="/Game/Levels/CheeseFactory_001" FILE="E:/GameJamHGGUnreal4.23.1/GameJamCrew/Content/Levels/CheeseFactory_001.umap" SILENT=true AUTOSAVING=false KEEPDIRTY=false
[2025.09.29-17.31.15:257][919]LogUObjectHash: Compacting FUObjectHashTables data took   0.62ms
[2025.09.29-17.31.15:559][919]LogSavePackage: Moving 'E:/GameJamHGGUnreal4.23.1/GameJamCrew/Saved/CheeseFactory_001FCF9D8264D2BD3CBF7016E8AD889BD10.tmp' to 'E:/GameJamHGGUnreal4.23.1/GameJamCrew/Content/Levels/CheeseFactory_001.umap'
[2025.09.29-17.31.15:837][950]LogSlate: FSceneViewport::OnFocusLost() reason 0
[2025.09.29-17.31.22:559][754]Cmd: OBJ SAVEPACKAGE PACKAGE="/Game/Mannequin/Cat/CatBluePrint" FILE="E:/GameJamHGGUnreal4.23.1/GameJamCrew/Content/Mannequin/Cat/CatBluePrint.uasset" SILENT=true
[2025.09.29-17.31.22:580][754]LogSavePackage: Moving 'E:/GameJamHGGUnreal4.23.1/GameJamCrew/Saved/CatBluePrint6A540E2A4E0BDF69A83075971769400F.tmp' to 'E:/GameJamHGGUnreal4.23.1/GameJamCrew/Content/Mannequin/Cat/CatBluePrint.uasset'
[2025.09.29-17.31.23:857][906]BlueprintLog: New page: Compile CatBluePrint
[2025.09.29-17.31.23:860][906]LogBlueprint: Warning: [Compiler CatBluePrint] Walk to Jump  will never be taken, please connect something to  Can Enter Transition
[2025.09.29-17.31.23:975][906]LogUObjectHash: Compacting FUObjectHashTables data took   2.09ms
[2025.09.29-17.31.24:935][ 19]LogTemp: Repeating last play command: Selected Viewport
[2025.09.29-17.31.24:942][ 19]LogBlueprintUserMessages: Early PlayInEditor Detection: Level '/Game/Levels/CheeseFactory_001.CheeseFactory_001:PersistentLevel' has LevelScriptBlueprint '/Game/Levels/CheeseFactory_001.CheeseFactory_001:PersistentLevel.CheeseFactory_001' with GeneratedClass '/Game/Levels/CheeseFactory_001.CheeseFactory_001_C' with ClassGeneratedBy '/Game/Levels/CheeseFactory_001.CheeseFactory_001:PersistentLevel.CheeseFactory_001'
[2025.09.29-17.31.24:942][ 19]LogPlayLevel: PlayLevel: No blueprints needed recompiling
[2025.09.29-17.31.24:942][ 19]PIE: New page: PIE session: CheeseFactory_001 (29 Sep 2025 9:31:24 pm)
[2025.09.29-17.31.24:942][ 19]LogPlayLevel: Creating play world package: /Game/Levels/UEDPIE_0_CheeseFactory_001
[2025.09.29-17.31.24:969][ 19]LogPlayLevel: PIE: StaticDuplicateObject took: (0.026939s)
[2025.09.29-17.31.24:969][ 19]LogAIModule: Creating AISystem for world CheeseFactory_001
[2025.09.29-17.31.24:969][ 19]LogPlayLevel: PIE: World Init took: (0.000586s)
[2025.09.29-17.31.24:969][ 19]LogPlayLevel: PIE: Created PIE world by copying editor world from /Game/Levels/CheeseFactory_001.CheeseFactory_001 to /Game/Levels/UEDPIE_0_CheeseFactory_001.CheeseFactory_001 (0.027668s)
[2025.09.29-17.31.24:991][ 19]LogUObjectHash: Compacting FUObjectHashTables data took   2.04ms
[2025.09.29-17.31.25:005][ 19]LogInit: XAudio2 using 'Högtalare (Yeti Classic)' : 6 channels at 44.1 kHz using 16 bits per sample (channel mask 0x3f)
[2025.09.29-17.31.25:015][ 19]LogInit: FAudioDevice initialized.
[2025.09.29-17.31.25:023][ 19]LogLoad: Game class is 'ThirdPersonGameMode_C'
[2025.09.29-17.31.25:032][ 19]LogWorld: Bringing World /Game/Levels/UEDPIE_0_CheeseFactory_001.CheeseFactory_001 up for play (max tick rate 0) at 2025.09.29-19.31.25
[2025.09.29-17.31.25:032][ 19]LogWorld: Bringing up level for play took: 0.008119
[2025.09.29-17.31.25:033][ 19]LogOnline: OSS: Creating online subsystem instance for: :Context_106
[2025.09.29-17.31.25:035][ 19]PIE: Play in editor start time for /Game/Levels/UEDPIE_0_CheeseFactory_001 0.274
[2025.09.29-17.31.25:035][ 19]LogBlueprintUserMessages: Late PlayInEditor Detection: Level '/Game/Levels/CheeseFactory_001.CheeseFactory_001:PersistentLevel' has LevelScriptBlueprint '/Game/Levels/CheeseFactory_001.CheeseFactory_001:PersistentLevel.CheeseFactory_001' with GeneratedClass '/Game/Levels/CheeseFactory_001.CheeseFactory_001_C' with ClassGeneratedBy '/Game/Levels/CheeseFactory_001.CheeseFactory_001:PersistentLevel.CheeseFactory_001'
[2025.09.29-17.31.43:110][184]LogBlueprintUserMessages: Early EndPlayMap Detection: Level '/Game/Levels/CheeseFactory_001.CheeseFactory_001:PersistentLevel' has LevelScriptBlueprint '/Game/Levels/CheeseFactory_001.CheeseFactory_001:PersistentLevel.CheeseFactory_001' with GeneratedClass '/Game/Levels/CheeseFactory_001.CheeseFactory_001_C' with ClassGeneratedBy '/Game/Levels/CheeseFactory_001.CheeseFactory_001:PersistentLevel.CheeseFactory_001'
[2025.09.29-17.31.43:110][184]LogSlate: Updating window title bar state: overlay mode, drag disabled, window buttons hidden, title bar hidden
[2025.09.29-17.31.43:110][184]LogWorld: BeginTearingDown for /Game/Levels/UEDPIE_0_CheeseFactory_001
[2025.09.29-17.31.43:111][184]LogWorld: UWorld::CleanupWorld for CheeseFactory_001, bSessionEnded=true, bCleanupResources=true
[2025.09.29-17.31.43:124][184]LogPlayLevel: Display: Shutting down PIE online subsystems
[2025.09.29-17.31.43:124][184]LogBlueprintUserMessages: Late EndPlayMap Detection: Level '/Game/Levels/CheeseFactory_001.CheeseFactory_001:PersistentLevel' has LevelScriptBlueprint '/Game/Levels/CheeseFactory_001.CheeseFactory_001:PersistentLevel.CheeseFactory_001' with GeneratedClass '/Game/Levels/CheeseFactory_001.CheeseFactory_001_C' with ClassGeneratedBy '/Game/Levels/CheeseFactory_001.CheeseFactory_001:PersistentLevel.CheeseFactory_001'
[2025.09.29-17.31.43:151][184]LogSlate: Updating window title bar state: overlay mode, drag disabled, window buttons hidden, title bar hidden
[2025.09.29-17.31.43:155][184]LogUObjectHash: Compacting FUObjectHashTables data took   1.63ms
[2025.09.29-17.31.43:217][190]LogPlayLevel: Display: Destroying online subsystem :Context_106
[2025.09.29-17.31.43:475][220]LogSlate: FSceneViewport::OnFocusLost() reason 5
[2025.09.29-17.31.43:494][220]Cmd: OBJ SAVEPACKAGE PACKAGE="/Game/Levels/CheeseFactory_001" FILE="E:/GameJamHGGUnreal4.23.1/GameJamCrew/Content/Levels/CheeseFactory_001.umap" SILENT=true AUTOSAVING=false KEEPDIRTY=false
[2025.09.29-17.31.43:517][220]LogUObjectHash: Compacting FUObjectHashTables data took   0.74ms
[2025.09.29-17.31.43:798][220]LogSavePackage: Moving 'E:/GameJamHGGUnreal4.23.1/GameJamCrew/Saved/CheeseFactory_00156FF2EE54A58E2EC6DF5AAB6B73270AE.tmp' to 'E:/GameJamHGGUnreal4.23.1/GameJamCrew/Content/Levels/CheeseFactory_001.umap'
[2025.09.29-17.31.46:172][494]LogSlate: FSceneViewport::OnFocusLost() reason 0
[2025.09.29-17.33.50:533][915]LogSlate: Window 'Pick Skeleton' being destroyed
[2025.09.29-17.33.56:035][570]Cmd: OBJ SAVEPACKAGE PACKAGE="/Game/Mannequin/Cat/CatBlending" FILE="E:/GameJamHGGUnreal4.23.1/GameJamCrew/Content/Mannequin/Cat/CatBlending.uasset" SILENT=true
[2025.09.29-17.33.56:041][570]LogSavePackage: Moving 'E:/GameJamHGGUnreal4.23.1/GameJamCrew/Saved/CatBlending1D34F9D646A67D1F3953A08385D6D0E9.tmp' to 'E:/GameJamHGGUnreal4.23.1/GameJamCrew/Content/Mannequin/Cat/CatBlending.uasset'
[2025.09.29-17.42.03:809][ 64]LogAssetEditorManager: Opening Asset editor for BlendSpace /Game/Mannequin/Cat/CatBlending.CatBlending
[2025.09.29-17.42.03:814][ 64]LogActorComponent: RegisterComponentWithWorld: (/Engine/Transient.World_101:PersistentLevel.AnimationEditorPreviewActor_0.DebugSkelMeshComponent_0) Already registered. Aborting.
[2025.09.29-17.42.03:824][ 64]LogSkeletalMesh: USkeletalMeshComponent::InitArticulated : Bodies already created (/Engine/Transient.World_101:PersistentLevel.AnimationEditorPreviewActor_0.DebugSkelMeshComponent_0) - call TermArticulated first.
[2025.09.29-17.42.03:954][ 64]LogContentBrowser: Verbose: The majority of assets in the view are of type: AnimSequence
[2025.09.29-17.42.12:492][ 87]LogSlate: FSceneViewport::OnFocusLost() reason 5
[2025.09.29-17.42.12:498][ 87]Cmd: OBJ SAVEPACKAGE PACKAGE="/Game/Mannequin/Cat/CatBlending" FILE="E:/GameJamHGGUnreal4.23.1/GameJamCrew/Content/Mannequin/Cat/CatBlending.uasset" SILENT=true
[2025.09.29-17.42.12:500][ 87]LogSavePackage: Moving 'E:/GameJamHGGUnreal4.23.1/GameJamCrew/Saved/CatBlending15A59BA54D99A40D2859D79B18AAFCEA.tmp' to 'E:/GameJamHGGUnreal4.23.1/GameJamCrew/Content/Mannequin/Cat/CatBlending.uasset'
[2025.09.29-17.43.03:552][579]Cmd: OBJ SAVEPACKAGE PACKAGE="/Game/Mannequin/Cat/CatBlending" FILE="E:/GameJamHGGUnreal4.23.1/GameJamCrew/Content/Mannequin/Cat/CatBlending.uasset" SILENT=true
[2025.09.29-17.43.03:553][579]LogSavePackage: Moving 'E:/GameJamHGGUnreal4.23.1/GameJamCrew/Saved/CatBlendingB252C12A45AB5A08349A459EC48D54C6.tmp' to 'E:/GameJamHGGUnreal4.23.1/GameJamCrew/Content/Mannequin/Cat/CatBlending.uasset'
[2025.09.29-17.44.23:497][510]Cmd: OBJ SAVEPACKAGE PACKAGE="/Game/Mannequin/Cat/CatBlending" FILE="E:/GameJamHGGUnreal4.23.1/GameJamCrew/Content/Mannequin/Cat/CatBlending.uasset" SILENT=true
[2025.09.29-17.44.23:503][510]LogSavePackage: Moving 'E:/GameJamHGGUnreal4.23.1/GameJamCrew/Saved/CatBlending33F8975646C5275EBA7236943841A278.tmp' to 'E:/GameJamHGGUnreal4.23.1/GameJamCrew/Content/Mannequin/Cat/CatBlending.uasset'
[2025.09.29-17.44.24:687][650]LogTemp: Repeating last play command: Selected Viewport
[2025.09.29-17.44.24:693][650]LogBlueprintUserMessages: Early PlayInEditor Detection: Level '/Game/Levels/CheeseFactory_001.CheeseFactory_001:PersistentLevel' has LevelScriptBlueprint '/Game/Levels/CheeseFactory_001.CheeseFactory_001:PersistentLevel.CheeseFactory_001' with GeneratedClass '/Game/Levels/CheeseFactory_001.CheeseFactory_001_C' with ClassGeneratedBy '/Game/Levels/CheeseFactory_001.CheeseFactory_001:PersistentLevel.CheeseFactory_001'
[2025.09.29-17.44.24:693][650]LogPlayLevel: PlayLevel: No blueprints needed recompiling
[2025.09.29-17.44.24:693][650]PIE: New page: PIE session: CheeseFactory_001 (29 Sep 2025 9:44:24 pm)
[2025.09.29-17.44.24:693][650]LogPlayLevel: Creating play world package: /Game/Levels/UEDPIE_0_CheeseFactory_001
[2025.09.29-17.44.24:720][650]LogPlayLevel: PIE: StaticDuplicateObject took: (0.025713s)
[2025.09.29-17.44.24:720][650]LogAIModule: Creating AISystem for world CheeseFactory_001
[2025.09.29-17.44.24:720][650]LogPlayLevel: PIE: World Init took: (0.000621s)
[2025.09.29-17.44.24:720][650]LogPlayLevel: PIE: Created PIE world by copying editor world from /Game/Levels/CheeseFactory_001.CheeseFactory_001 to /Game/Levels/UEDPIE_0_CheeseFactory_001.CheeseFactory_001 (0.026457s)
[2025.09.29-17.44.24:742][650]LogUObjectHash: Compacting FUObjectHashTables data took   2.03ms
[2025.09.29-17.44.24:754][650]LogInit: XAudio2 using 'Högtalare (Yeti Classic)' : 6 channels at 44.1 kHz using 16 bits per sample (channel mask 0x3f)
[2025.09.29-17.44.24:764][650]LogInit: FAudioDevice initialized.
[2025.09.29-17.44.24:768][650]LogLoad: Game class is 'ThirdPersonGameMode_C'
[2025.09.29-17.44.24:775][650]LogWorld: Bringing World /Game/Levels/UEDPIE_0_CheeseFactory_001.CheeseFactory_001 up for play (max tick rate 0) at 2025.09.29-19.44.24
[2025.09.29-17.44.24:776][650]LogWorld: Bringing up level for play took: 0.007673
[2025.09.29-17.44.24:776][650]LogOnline: OSS: Creating online subsystem instance for: :Context_110
[2025.09.29-17.44.24:778][650]PIE: Play in editor start time for /Game/Levels/UEDPIE_0_CheeseFactory_001 0.017
[2025.09.29-17.44.24:778][650]LogBlueprintUserMessages: Late PlayInEditor Detection: Level '/Game/Levels/CheeseFactory_001.CheeseFactory_001:PersistentLevel' has LevelScriptBlueprint '/Game/Levels/CheeseFactory_001.CheeseFactory_001:PersistentLevel.CheeseFactory_001' with GeneratedClass '/Game/Levels/CheeseFactory_001.CheeseFactory_001_C' with ClassGeneratedBy '/Game/Levels/CheeseFactory_001.CheeseFactory_001:PersistentLevel.CheeseFactory_001'
[2025.09.29-17.44.27:591][982]LogBlueprintUserMessages: Early EndPlayMap Detection: Level '/Game/Levels/CheeseFactory_001.CheeseFactory_001:PersistentLevel' has LevelScriptBlueprint '/Game/Levels/CheeseFactory_001.CheeseFactory_001:PersistentLevel.CheeseFactory_001' with GeneratedClass '/Game/Levels/CheeseFactory_001.CheeseFactory_001_C' with ClassGeneratedBy '/Game/Levels/CheeseFactory_001.CheeseFactory_001:PersistentLevel.CheeseFactory_001'
[2025.09.29-17.44.27:591][982]LogSlate: Updating window title bar state: overlay mode, drag disabled, window buttons hidden, title bar hidden
[2025.09.29-17.44.27:592][982]LogWorld: BeginTearingDown for /Game/Levels/UEDPIE_0_CheeseFactory_001
[2025.09.29-17.44.27:592][982]LogWorld: UWorld::CleanupWorld for CheeseFactory_001, bSessionEnded=true, bCleanupResources=true
[2025.09.29-17.44.27:607][982]LogPlayLevel: Display: Shutting down PIE online subsystems
[2025.09.29-17.44.27:607][982]LogBlueprintUserMessages: Late EndPlayMap Detection: Level '/Game/Levels/CheeseFactory_001.CheeseFactory_001:PersistentLevel' has LevelScriptBlueprint '/Game/Levels/CheeseFactory_001.CheeseFactory_001:PersistentLevel.CheeseFactory_001' with GeneratedClass '/Game/Levels/CheeseFactory_001.CheeseFactory_001_C' with ClassGeneratedBy '/Game/Levels/CheeseFactory_001.CheeseFactory_001:PersistentLevel.CheeseFactory_001'
[2025.09.29-17.44.27:632][982]LogSlate: Updating window title bar state: overlay mode, drag disabled, window buttons hidden, title bar hidden
[2025.09.29-17.44.27:637][982]LogUObjectHash: Compacting FUObjectHashTables data took   1.68ms
[2025.09.29-17.44.27:696][987]LogPlayLevel: Display: Destroying online subsystem :Context_110
[2025.09.29-17.44.27:978][ 20]LogSlate: FSceneViewport::OnFocusLost() reason 5
[2025.09.29-17.44.27:983][ 20]Cmd: OBJ SAVEPACKAGE PACKAGE="/Game/Levels/CheeseFactory_001" FILE="E:/GameJamHGGUnreal4.23.1/GameJamCrew/Content/Levels/CheeseFactory_001.umap" SILENT=true AUTOSAVING=false KEEPDIRTY=false
[2025.09.29-17.44.28:004][ 20]LogUObjectHash: Compacting FUObjectHashTables data took   0.57ms
[2025.09.29-17.44.28:282][ 20]LogSavePackage: Moving 'E:/GameJamHGGUnreal4.23.1/GameJamCrew/Saved/CheeseFactory_001ED37A35E4F2C0D048EF0ACBDFCA60F54.tmp' to 'E:/GameJamHGGUnreal4.23.1/GameJamCrew/Content/Levels/CheeseFactory_001.umap'
[2025.09.29-17.44.37:904][166]Cmd: OBJ SAVEPACKAGE PACKAGE="/Game/Mannequin/Cat/CatBlending" FILE="E:/GameJamHGGUnreal4.23.1/GameJamCrew/Content/Mannequin/Cat/CatBlending.uasset" SILENT=true
[2025.09.29-17.44.37:906][166]LogSavePackage: Moving 'E:/GameJamHGGUnreal4.23.1/GameJamCrew/Saved/CatBlendingDA386E2C426831B0D8B884872A209129.tmp' to 'E:/GameJamHGGUnreal4.23.1/GameJamCrew/Content/Mannequin/Cat/CatBlending.uasset'
[2025.09.29-17.44.39:221][307]LogSlate: FSceneViewport::OnFocusLost() reason 5
[2025.09.29-17.44.39:227][307]Cmd: OBJ SAVEPACKAGE PACKAGE="/Game/Mannequin/Cat/CatBlending" FILE="E:/GameJamHGGUnreal4.23.1/GameJamCrew/Content/Mannequin/Cat/CatBlending.uasset" SILENT=true
[2025.09.29-17.44.39:229][307]LogSavePackage: Moving 'E:/GameJamHGGUnreal4.23.1/GameJamCrew/Saved/CatBlendingB86F3CA946619D709AEDE69D228E35B5.tmp' to 'E:/GameJamHGGUnreal4.23.1/GameJamCrew/Content/Mannequin/Cat/CatBlending.uasset'
[2025.09.29-17.46.33:231][479]LogSlate: Window 'CatBlending' being destroyed
[2025.09.29-17.46.33:236][479]LogSlate: Window 'CatBlending' being destroyed
[2025.09.29-17.46.33:236][479]LogWorld: UWorld::CleanupWorld for World_101, bSessionEnded=true, bCleanupResources=true
[2025.09.29-17.46.33:289][479]LogWorld: UWorld::CleanupWorld for World_102, bSessionEnded=true, bCleanupResources=true
[2025.09.29-17.46.35:512][737]LogUObjectHash: Compacting FUObjectHashTables data took   1.88ms
[2025.09.29-17.46.36:757][737]LogSlate: Window 'Delete Assets' being destroyed
[2025.09.29-17.46.36:843][737]LogUObjectGlobals: Force Deleting 1 Package(s):
	Asset Name: /Game/Mannequin/Cat/CatBlending.CatBlending
[2025.09.29-17.46.37:472][737]LogUObjectHash: Compacting FUObjectHashTables data took   1.43ms
[2025.09.29-17.46.37:493][737]LogUObjectHash: Compacting FUObjectHashTables data took   1.35ms
[2025.09.29-17.46.37:512][737]LogUObjectHash: Compacting FUObjectHashTables data took   0.57ms
[2025.09.29-17.46.42:995][215]LogSlate: Window 'Pick Skeleton' being destroyed
[2025.09.29-17.46.46:826][670]Cmd: OBJ SAVEPACKAGE PACKAGE="/Game/Mannequin/Cat/CatBlend" FILE="E:/GameJamHGGUnreal4.23.1/GameJamCrew/Content/Mannequin/Cat/CatBlend.uasset" SILENT=true
[2025.09.29-17.46.46:831][670]LogSavePackage: Moving 'E:/GameJamHGGUnreal4.23.1/GameJamCrew/Saved/CatBlend47650DE247917902F7D62D9B69D2EEF6.tmp' to 'E:/GameJamHGGUnreal4.23.1/GameJamCrew/Content/Mannequin/Cat/CatBlend.uasset'
[2025.09.29-17.46.47:731][766]LogAssetEditorManager: Opening Asset editor for BlendSpace1D /Game/Mannequin/Cat/CatBlend.CatBlend
[2025.09.29-17.46.47:734][766]LogActorComponent: RegisterComponentWithWorld: (/Engine/Transient.World_103:PersistentLevel.AnimationEditorPreviewActor_0.DebugSkelMeshComponent_0) Already registered. Aborting.
[2025.09.29-17.46.47:743][766]LogSkeletalMesh: USkeletalMeshComponent::InitArticulated : Bodies already created (/Engine/Transient.World_103:PersistentLevel.AnimationEditorPreviewActor_0.DebugSkelMeshComponent_0) - call TermArticulated first.
[2025.09.29-17.46.47:867][766]LogContentBrowser: Verbose: The majority of assets in the view are of type: AnimSequence
[2025.09.29-17.47.23:699][785]Cmd: TRANSACTION UNDO
[2025.09.29-17.47.23:699][785]LogEditorTransaction: Undo Adding Blend Grid Sample
[2025.09.29-17.47.23:769][785]LogActorComponent: RegisterComponentWithWorld: (/Engine/Transient.World_95:PersistentLevel.AnimationEditorPreviewActor_0.DebugSkelMeshComponent_0) Already registered. Aborting.
[2025.09.29-17.47.23:771][785]LogActorComponent: RegisterComponentWithWorld: (/Engine/Transient.World_103:PersistentLevel.AnimationEditorPreviewActor_0.DebugSkelMeshComponent_0) Already registered. Aborting.
[2025.09.29-17.47.24:310][837]Cmd: OBJ SAVEPACKAGE PACKAGE="/Game/Mannequin/Cat/CatBlend" FILE="E:/GameJamHGGUnreal4.23.1/GameJamCrew/Content/Mannequin/Cat/CatBlend.uasset" SILENT=true
[2025.09.29-17.47.24:316][837]LogSavePackage: Moving 'E:/GameJamHGGUnreal4.23.1/GameJamCrew/Saved/CatBlendCAEC3D5B45A87812408942A9C21C6763.tmp' to 'E:/GameJamHGGUnreal4.23.1/GameJamCrew/Content/Mannequin/Cat/CatBlend.uasset'
[2025.09.29-17.47.37:266][299]LogSlate: FSceneViewport::OnFocusLost() reason 5
[2025.09.29-17.47.37:276][299]Cmd: OBJ SAVEPACKAGE PACKAGE="/Game/Mannequin/Cat/CatBlend" FILE="E:/GameJamHGGUnreal4.23.1/GameJamCrew/Content/Mannequin/Cat/CatBlend.uasset" SILENT=true
[2025.09.29-17.47.37:282][299]LogSavePackage: Moving 'E:/GameJamHGGUnreal4.23.1/GameJamCrew/Saved/CatBlend1CFE0B274DEF872512294B8CAEE59E74.tmp' to 'E:/GameJamHGGUnreal4.23.1/GameJamCrew/Content/Mannequin/Cat/CatBlend.uasset'
[2025.09.29-17.48.09:378][712]LogSlate: Window 'CatBlend' being destroyed
[2025.09.29-17.48.09:383][712]LogSlate: Window 'CatBlend' being destroyed
[2025.09.29-17.48.09:384][712]LogWorld: UWorld::CleanupWorld for World_103, bSessionEnded=true, bCleanupResources=true
[2025.09.29-17.48.09:461][712]LogWorld: UWorld::CleanupWorld for World_104, bSessionEnded=true, bCleanupResources=true
[2025.09.29-17.48.25:901][666]Cmd: OBJ SAVEPACKAGE PACKAGE="/Game/Mannequin/Cat/CatBluePrint" FILE="E:/GameJamHGGUnreal4.23.1/GameJamCrew/Content/Mannequin/Cat/CatBluePrint.uasset" SILENT=true
[2025.09.29-17.48.25:922][666]LogSavePackage: Moving 'E:/GameJamHGGUnreal4.23.1/GameJamCrew/Saved/CatBluePrint1FE30C7E4E275D38A548B7B7E0309A0E.tmp' to 'E:/GameJamHGGUnreal4.23.1/GameJamCrew/Content/Mannequin/Cat/CatBluePrint.uasset'
[2025.09.29-17.48.26:612][748]BlueprintLog: New page: Compile CatBluePrint
[2025.09.29-17.48.26:615][748]LogBlueprint: Warning: [Compiler CatBluePrint] Walk to Jump  will never be taken, please connect something to  Can Enter Transition
[2025.09.29-17.48.26:729][748]LogUObjectHash: Compacting FUObjectHashTables data took   2.27ms
[2025.09.29-17.48.33:931][587]Cmd: OBJ SAVEPACKAGE PACKAGE="/Game/Mannequin/Cat/CatBluePrint" FILE="E:/GameJamHGGUnreal4.23.1/GameJamCrew/Content/Mannequin/Cat/CatBluePrint.uasset" SILENT=true
[2025.09.29-17.48.33:947][587]LogSavePackage: Moving 'E:/GameJamHGGUnreal4.23.1/GameJamCrew/Saved/CatBluePrint39D7468F40198910F1699EADFA80A8BF.tmp' to 'E:/GameJamHGGUnreal4.23.1/GameJamCrew/Content/Mannequin/Cat/CatBluePrint.uasset'
[2025.09.29-17.48.35:253][742]LogTemp: Repeating last play command: Selected Viewport
[2025.09.29-17.48.35:260][742]LogBlueprintUserMessages: Early PlayInEditor Detection: Level '/Game/Levels/CheeseFactory_001.CheeseFactory_001:PersistentLevel' has LevelScriptBlueprint '/Game/Levels/CheeseFactory_001.CheeseFactory_001:PersistentLevel.CheeseFactory_001' with GeneratedClass '/Game/Levels/CheeseFactory_001.CheeseFactory_001_C' with ClassGeneratedBy '/Game/Levels/CheeseFactory_001.CheeseFactory_001:PersistentLevel.CheeseFactory_001'
[2025.09.29-17.48.35:260][742]BlueprintLog: New page: Pre-Play auto-recompile
[2025.09.29-17.48.35:261][742]LogPlayLevel: [PlayLevel] Compiling CatBluePrint before play...
[2025.09.29-17.48.35:380][742]LogUObjectHash: Compacting FUObjectHashTables data took   1.92ms
[2025.09.29-17.48.35:381][742]LogPlayLevel: PlayLevel: Blueprint regeneration took 120 ms (1 blueprints)
[2025.09.29-17.48.35:381][742]PIE: New page: PIE session: CheeseFactory_001 (29 Sep 2025 9:48:35 pm)
[2025.09.29-17.48.35:381][742]LogPlayLevel: Creating play world package: /Game/Levels/UEDPIE_0_CheeseFactory_001
[2025.09.29-17.48.35:404][742]LogPlayLevel: PIE: StaticDuplicateObject took: (0.023877s)
[2025.09.29-17.48.35:404][742]LogAIModule: Creating AISystem for world CheeseFactory_001
[2025.09.29-17.48.35:405][742]LogPlayLevel: PIE: World Init took: (0.000546s)
[2025.09.29-17.48.35:405][742]LogPlayLevel: PIE: Created PIE world by copying editor world from /Game/Levels/CheeseFactory_001.CheeseFactory_001 to /Game/Levels/UEDPIE_0_CheeseFactory_001.CheeseFactory_001 (0.024541s)
[2025.09.29-17.48.35:424][742]LogUObjectHash: Compacting FUObjectHashTables data took   1.67ms
[2025.09.29-17.48.35:438][742]LogInit: XAudio2 using 'Högtalare (Yeti Classic)' : 6 channels at 44.1 kHz using 16 bits per sample (channel mask 0x3f)
[2025.09.29-17.48.35:447][742]LogInit: FAudioDevice initialized.
[2025.09.29-17.48.35:453][742]LogLoad: Game class is 'ThirdPersonGameMode_C'
[2025.09.29-17.48.35:461][742]LogWorld: Bringing World /Game/Levels/UEDPIE_0_CheeseFactory_001.CheeseFactory_001 up for play (max tick rate 0) at 2025.09.29-19.48.35
[2025.09.29-17.48.35:461][742]LogWorld: Bringing up level for play took: 0.007894
[2025.09.29-17.48.35:461][742]LogOnline: OSS: Creating online subsystem instance for: :Context_113
[2025.09.29-17.48.35:463][742]PIE: Play in editor start time for /Game/Levels/UEDPIE_0_CheeseFactory_001 0.703
[2025.09.29-17.48.35:463][742]LogBlueprintUserMessages: Late PlayInEditor Detection: Level '/Game/Levels/CheeseFactory_001.CheeseFactory_001:PersistentLevel' has LevelScriptBlueprint '/Game/Levels/CheeseFactory_001.CheeseFactory_001:PersistentLevel.CheeseFactory_001' with GeneratedClass '/Game/Levels/CheeseFactory_001.CheeseFactory_001_C' with ClassGeneratedBy '/Game/Levels/CheeseFactory_001.CheeseFactory_001:PersistentLevel.CheeseFactory_001'
[2025.09.29-17.48.55:088][741]LogBlueprintUserMessages: Early EndPlayMap Detection: Level '/Game/Levels/CheeseFactory_001.CheeseFactory_001:PersistentLevel' has LevelScriptBlueprint '/Game/Levels/CheeseFactory_001.CheeseFactory_001:PersistentLevel.CheeseFactory_001' with GeneratedClass '/Game/Levels/CheeseFactory_001.CheeseFactory_001_C' with ClassGeneratedBy '/Game/Levels/CheeseFactory_001.CheeseFactory_001:PersistentLevel.CheeseFactory_001'
[2025.09.29-17.48.55:088][741]LogSlate: Updating window title bar state: overlay mode, drag disabled, window buttons hidden, title bar hidden
[2025.09.29-17.48.55:088][741]LogWorld: BeginTearingDown for /Game/Levels/UEDPIE_0_CheeseFactory_001
[2025.09.29-17.48.55:089][741]LogWorld: UWorld::CleanupWorld for CheeseFactory_001, bSessionEnded=true, bCleanupResources=true
[2025.09.29-17.48.55:103][741]LogPlayLevel: Display: Shutting down PIE online subsystems
[2025.09.29-17.48.55:103][741]LogBlueprintUserMessages: Late EndPlayMap Detection: Level '/Game/Levels/CheeseFactory_001.CheeseFactory_001:PersistentLevel' has LevelScriptBlueprint '/Game/Levels/CheeseFactory_001.CheeseFactory_001:PersistentLevel.CheeseFactory_001' with GeneratedClass '/Game/Levels/CheeseFactory_001.CheeseFactory_001_C' with ClassGeneratedBy '/Game/Levels/CheeseFactory_001.CheeseFactory_001:PersistentLevel.CheeseFactory_001'
[2025.09.29-17.48.55:126][741]LogSlate: Updating window title bar state: overlay mode, drag disabled, window buttons hidden, title bar hidden
[2025.09.29-17.48.55:133][741]LogUObjectHash: Compacting FUObjectHashTables data took   1.57ms
[2025.09.29-17.48.55:191][747]LogPlayLevel: Display: Destroying online subsystem :Context_113
[2025.09.29-17.48.55:508][784]LogSlate: FSceneViewport::OnFocusLost() reason 5
[2025.09.29-17.48.55:514][784]Cmd: OBJ SAVEPACKAGE PACKAGE="/Game/Levels/CheeseFactory_001" FILE="E:/GameJamHGGUnreal4.23.1/GameJamCrew/Content/Levels/CheeseFactory_001.umap" SILENT=true AUTOSAVING=false KEEPDIRTY=false
[2025.09.29-17.48.55:533][784]LogUObjectHash: Compacting FUObjectHashTables data took   0.56ms
[2025.09.29-17.48.55:808][784]LogSavePackage: Moving 'E:/GameJamHGGUnreal4.23.1/GameJamCrew/Saved/CheeseFactory_0018CAF732E4DA6156B87A8CDA852C675B1.tmp' to 'E:/GameJamHGGUnreal4.23.1/GameJamCrew/Content/Levels/CheeseFactory_001.umap'
[2025.09.29-17.49.19:921][ 62]LogSlate: FSceneViewport::OnFocusLost() reason 0
[2025.09.29-17.49.26:300][795]LogAssetEditorManager: Opening Asset editor for BlendSpace1D /Game/Mannequin/Cat/CatBlend.CatBlend
[2025.09.29-17.49.26:305][795]LogActorComponent: RegisterComponentWithWorld: (/Engine/Transient.World_105:PersistentLevel.AnimationEditorPreviewActor_0.DebugSkelMeshComponent_0) Already registered. Aborting.
[2025.09.29-17.49.26:314][795]LogSkeletalMesh: USkeletalMeshComponent::InitArticulated : Bodies already created (/Engine/Transient.World_105:PersistentLevel.AnimationEditorPreviewActor_0.DebugSkelMeshComponent_0) - call TermArticulated first.
[2025.09.29-17.49.26:439][795]LogContentBrowser: Verbose: The majority of assets in the view are of type: AnimSequence
[2025.09.29-17.49.33:559][648]Cmd: OBJ SAVEPACKAGE PACKAGE="/Game/Mannequin/Cat/CatBlend" FILE="E:/GameJamHGGUnreal4.23.1/GameJamCrew/Content/Mannequin/Cat/CatBlend.uasset" SILENT=true
[2025.09.29-17.49.33:561][648]LogSavePackage: Moving 'E:/GameJamHGGUnreal4.23.1/GameJamCrew/Saved/CatBlendEDFCA11D4A57ABE05AFE38A4CA6261B5.tmp' to 'E:/GameJamHGGUnreal4.23.1/GameJamCrew/Content/Mannequin/Cat/CatBlend.uasset'
[2025.09.29-17.49.34:132][714]LogSlate: FSceneViewport::OnFocusLost() reason 5
[2025.09.29-17.49.34:138][714]Cmd: OBJ SAVEPACKAGE PACKAGE="/Game/Mannequin/Cat/CatBlend" FILE="E:/GameJamHGGUnreal4.23.1/GameJamCrew/Content/Mannequin/Cat/CatBlend.uasset" SILENT=true
[2025.09.29-17.49.34:140][714]LogSavePackage: Moving 'E:/GameJamHGGUnreal4.23.1/GameJamCrew/Saved/CatBlend96E5A6BD45EFC200E88531984B1F214C.tmp' to 'E:/GameJamHGGUnreal4.23.1/GameJamCrew/Content/Mannequin/Cat/CatBlend.uasset'
[2025.09.29-17.49.34:571][764]LogSlate: FSceneViewport::OnFocusLost() reason 0
[2025.09.29-17.49.35:255][846]LogTemp: Repeating last play command: Selected Viewport
[2025.09.29-17.49.35:261][846]LogBlueprintUserMessages: Early PlayInEditor Detection: Level '/Game/Levels/CheeseFactory_001.CheeseFactory_001:PersistentLevel' has LevelScriptBlueprint '/Game/Levels/CheeseFactory_001.CheeseFactory_001:PersistentLevel.CheeseFactory_001' with GeneratedClass '/Game/Levels/CheeseFactory_001.CheeseFactory_001_C' with ClassGeneratedBy '/Game/Levels/CheeseFactory_001.CheeseFactory_001:PersistentLevel.CheeseFactory_001'
[2025.09.29-17.49.35:262][846]LogPlayLevel: PlayLevel: No blueprints needed recompiling
[2025.09.29-17.49.35:262][846]PIE: New page: PIE session: CheeseFactory_001 (29 Sep 2025 9:49:35 pm)
[2025.09.29-17.49.35:262][846]LogPlayLevel: Creating play world package: /Game/Levels/UEDPIE_0_CheeseFactory_001
[2025.09.29-17.49.35:287][846]LogPlayLevel: PIE: StaticDuplicateObject took: (0.024945s)
[2025.09.29-17.49.35:288][846]LogAIModule: Creating AISystem for world CheeseFactory_001
[2025.09.29-17.49.35:288][846]LogPlayLevel: PIE: World Init took: (0.000555s)
[2025.09.29-17.49.35:288][846]LogPlayLevel: PIE: Created PIE world by copying editor world from /Game/Levels/CheeseFactory_001.CheeseFactory_001 to /Game/Levels/UEDPIE_0_CheeseFactory_001.CheeseFactory_001 (0.025633s)
[2025.09.29-17.49.35:309][846]LogUObjectHash: Compacting FUObjectHashTables data took   1.78ms
[2025.09.29-17.49.35:322][846]LogInit: XAudio2 using 'Högtalare (Yeti Classic)' : 6 channels at 44.1 kHz using 16 bits per sample (channel mask 0x3f)
[2025.09.29-17.49.35:333][846]LogInit: FAudioDevice initialized.
[2025.09.29-17.49.35:338][846]LogLoad: Game class is 'ThirdPersonGameMode_C'
[2025.09.29-17.49.35:346][846]LogWorld: Bringing World /Game/Levels/UEDPIE_0_CheeseFactory_001.CheeseFactory_001 up for play (max tick rate 0) at 2025.09.29-19.49.35
[2025.09.29-17.49.35:347][846]LogWorld: Bringing up level for play took: 0.008023
[2025.09.29-17.49.35:347][846]LogOnline: OSS: Creating online subsystem instance for: :Context_116
[2025.09.29-17.49.35:349][846]PIE: Play in editor start time for /Game/Levels/UEDPIE_0_CheeseFactory_001 0.588
[2025.09.29-17.49.35:349][846]LogBlueprintUserMessages: Late PlayInEditor Detection: Level '/Game/Levels/CheeseFactory_001.CheeseFactory_001:PersistentLevel' has LevelScriptBlueprint '/Game/Levels/CheeseFactory_001.CheeseFactory_001:PersistentLevel.CheeseFactory_001' with GeneratedClass '/Game/Levels/CheeseFactory_001.CheeseFactory_001_C' with ClassGeneratedBy '/Game/Levels/CheeseFactory_001.CheeseFactory_001:PersistentLevel.CheeseFactory_001'
[2025.09.29-17.49.40:929][513]LogBlueprintUserMessages: Early EndPlayMap Detection: Level '/Game/Levels/CheeseFactory_001.CheeseFactory_001:PersistentLevel' has LevelScriptBlueprint '/Game/Levels/CheeseFactory_001.CheeseFactory_001:PersistentLevel.CheeseFactory_001' with GeneratedClass '/Game/Levels/CheeseFactory_001.CheeseFactory_001_C' with ClassGeneratedBy '/Game/Levels/CheeseFactory_001.CheeseFactory_001:PersistentLevel.CheeseFactory_001'
[2025.09.29-17.49.40:929][513]LogSlate: Updating window title bar state: overlay mode, drag disabled, window buttons hidden, title bar hidden
[2025.09.29-17.49.40:929][513]LogWorld: BeginTearingDown for /Game/Levels/UEDPIE_0_CheeseFactory_001
[2025.09.29-17.49.40:931][513]LogWorld: UWorld::CleanupWorld for CheeseFactory_001, bSessionEnded=true, bCleanupResources=true
[2025.09.29-17.49.40:943][513]LogPlayLevel: Display: Shutting down PIE online subsystems
[2025.09.29-17.49.40:944][513]LogBlueprintUserMessages: Late EndPlayMap Detection: Level '/Game/Levels/CheeseFactory_001.CheeseFactory_001:PersistentLevel' has LevelScriptBlueprint '/Game/Levels/CheeseFactory_001.CheeseFactory_001:PersistentLevel.CheeseFactory_001' with GeneratedClass '/Game/Levels/CheeseFactory_001.CheeseFactory_001_C' with ClassGeneratedBy '/Game/Levels/CheeseFactory_001.CheeseFactory_001:PersistentLevel.CheeseFactory_001'
[2025.09.29-17.49.40:968][513]LogSlate: Updating window title bar state: overlay mode, drag disabled, window buttons hidden, title bar hidden
[2025.09.29-17.49.40:974][513]LogUObjectHash: Compacting FUObjectHashTables data took   1.51ms
[2025.09.29-17.49.41:035][519]LogPlayLevel: Display: Destroying online subsystem :Context_116
[2025.09.29-17.49.41:250][544]LogSlate: FSceneViewport::OnFocusLost() reason 5
[2025.09.29-17.49.41:256][544]Cmd: OBJ SAVEPACKAGE PACKAGE="/Game/Levels/CheeseFactory_001" FILE="E:/GameJamHGGUnreal4.23.1/GameJamCrew/Content/Levels/CheeseFactory_001.umap" SILENT=true AUTOSAVING=false KEEPDIRTY=false
[2025.09.29-17.49.41:275][544]LogUObjectHash: Compacting FUObjectHashTables data took   0.58ms
[2025.09.29-17.49.41:562][544]LogSavePackage: Moving 'E:/GameJamHGGUnreal4.23.1/GameJamCrew/Saved/CheeseFactory_001C656576B4C5453CA4E35E09A75EF0613.tmp' to 'E:/GameJamHGGUnreal4.23.1/GameJamCrew/Content/Levels/CheeseFactory_001.umap'
[2025.09.29-17.49.41:739][563]LogSlate: FSceneViewport::OnFocusLost() reason 0
[2025.09.29-17.50.00:657][738]LogWorld: UWorld::CleanupWorld for World_93, bSessionEnded=true, bCleanupResources=true
[2025.09.29-17.50.10:093][796]LogEditorViewport: Clicking on Actor (LMB): StaticMeshActor (floor01_2x171)
[2025.09.29-17.50.10:415][830]LogSlate: FSceneViewport::OnFocusLost() reason 5
[2025.09.29-17.50.10:421][830]Cmd: OBJ SAVEPACKAGE PACKAGE="/Game/Levels/CheeseFactory_001" FILE="E:/GameJamHGGUnreal4.23.1/GameJamCrew/Content/Levels/CheeseFactory_001.umap" SILENT=true AUTOSAVING=false KEEPDIRTY=false
[2025.09.29-17.50.10:442][830]LogUObjectHash: Compacting FUObjectHashTables data took   2.14ms
[2025.09.29-17.50.10:715][830]LogSavePackage: Moving 'E:/GameJamHGGUnreal4.23.1/GameJamCrew/Saved/CheeseFactory_001A7399EEA48C362B73E154685A24A971C.tmp' to 'E:/GameJamHGGUnreal4.23.1/GameJamCrew/Content/Levels/CheeseFactory_001.umap'
[2025.09.29-17.50.10:973][850]LogSlate: FSceneViewport::OnFocusLost() reason 0
[2025.09.29-17.50.11:204][873]LogSlate: FSceneViewport::OnFocusLost() reason 5
[2025.09.29-17.50.11:214][873]Cmd: OBJ SAVEPACKAGE PACKAGE="/Game/Mannequin/Cat/CatBlend" FILE="E:/GameJamHGGUnreal4.23.1/GameJamCrew/Content/Mannequin/Cat/CatBlend.uasset" SILENT=true
[2025.09.29-17.50.11:221][873]LogSavePackage: Moving 'E:/GameJamHGGUnreal4.23.1/GameJamCrew/Saved/CatBlendFE2178AE454E592FAD2277BFB67811DD.tmp' to 'E:/GameJamHGGUnreal4.23.1/GameJamCrew/Content/Mannequin/Cat/CatBlend.uasset'
[2025.09.29-17.50.11:878][946]LogSlate: FSceneViewport::OnFocusLost() reason 0
[2025.09.29-17.50.11:970][957]LogTemp: Repeating last play command: Selected Viewport
[2025.09.29-17.50.11:976][957]LogBlueprintUserMessages: Early PlayInEditor Detection: Level '/Game/Levels/CheeseFactory_001.CheeseFactory_001:PersistentLevel' has LevelScriptBlueprint '/Game/Levels/CheeseFactory_001.CheeseFactory_001:PersistentLevel.CheeseFactory_001' with GeneratedClass '/Game/Levels/CheeseFactory_001.CheeseFactory_001_C' with ClassGeneratedBy '/Game/Levels/CheeseFactory_001.CheeseFactory_001:PersistentLevel.CheeseFactory_001'
[2025.09.29-17.50.11:976][957]LogPlayLevel: PlayLevel: No blueprints needed recompiling
[2025.09.29-17.50.11:976][957]PIE: New page: PIE session: CheeseFactory_001 (29 Sep 2025 9:50:11 pm)
[2025.09.29-17.50.11:976][957]LogPlayLevel: Creating play world package: /Game/Levels/UEDPIE_0_CheeseFactory_001
[2025.09.29-17.50.12:002][957]LogPlayLevel: PIE: StaticDuplicateObject took: (0.026071s)
[2025.09.29-17.50.12:002][957]LogAIModule: Creating AISystem for world CheeseFactory_001
[2025.09.29-17.50.12:002][957]LogPlayLevel: PIE: World Init took: (0.000536s)
[2025.09.29-17.50.12:002][957]LogPlayLevel: PIE: Created PIE world by copying editor world from /Game/Levels/CheeseFactory_001.CheeseFactory_001 to /Game/Levels/UEDPIE_0_CheeseFactory_001.CheeseFactory_001 (0.026730s)
[2025.09.29-17.50.12:021][957]LogUObjectHash: Compacting FUObjectHashTables data took   1.82ms
[2025.09.29-17.50.12:035][957]LogInit: XAudio2 using 'Högtalare (Yeti Classic)' : 6 channels at 44.1 kHz using 16 bits per sample (channel mask 0x3f)
[2025.09.29-17.50.12:044][957]LogInit: FAudioDevice initialized.
[2025.09.29-17.50.12:048][957]LogLoad: Game class is 'ThirdPersonGameMode_C'
[2025.09.29-17.50.12:056][957]LogWorld: Bringing World /Game/Levels/UEDPIE_0_CheeseFactory_001.CheeseFactory_001 up for play (max tick rate 0) at 2025.09.29-19.50.12
[2025.09.29-17.50.12:056][957]LogWorld: Bringing up level for play took: 0.007590
[2025.09.29-17.50.12:056][957]LogOnline: OSS: Creating online subsystem instance for: :Context_117
[2025.09.29-17.50.12:058][957]PIE: Play in editor start time for /Game/Levels/UEDPIE_0_CheeseFactory_001 -0.702
[2025.09.29-17.50.12:059][957]LogBlueprintUserMessages: Late PlayInEditor Detection: Level '/Game/Levels/CheeseFactory_001.CheeseFactory_001:PersistentLevel' has LevelScriptBlueprint '/Game/Levels/CheeseFactory_001.CheeseFactory_001:PersistentLevel.CheeseFactory_001' with GeneratedClass '/Game/Levels/CheeseFactory_001.CheeseFactory_001_C' with ClassGeneratedBy '/Game/Levels/CheeseFactory_001.CheeseFactory_001:PersistentLevel.CheeseFactory_001'
[2025.09.29-17.50.14:382][229]LogBlueprintUserMessages: Early EndPlayMap Detection: Level '/Game/Levels/CheeseFactory_001.CheeseFactory_001:PersistentLevel' has LevelScriptBlueprint '/Game/Levels/CheeseFactory_001.CheeseFactory_001:PersistentLevel.CheeseFactory_001' with GeneratedClass '/Game/Levels/CheeseFactory_001.CheeseFactory_001_C' with ClassGeneratedBy '/Game/Levels/CheeseFactory_001.CheeseFactory_001:PersistentLevel.CheeseFactory_001'
[2025.09.29-17.50.14:382][229]LogSlate: Updating window title bar state: overlay mode, drag disabled, window buttons hidden, title bar hidden
[2025.09.29-17.50.14:382][229]LogWorld: BeginTearingDown for /Game/Levels/UEDPIE_0_CheeseFactory_001
[2025.09.29-17.50.14:383][229]LogWorld: UWorld::CleanupWorld for CheeseFactory_001, bSessionEnded=true, bCleanupResources=true
[2025.09.29-17.50.14:397][229]LogPlayLevel: Display: Shutting down PIE online subsystems
[2025.09.29-17.50.14:397][229]LogBlueprintUserMessages: Late EndPlayMap Detection: Level '/Game/Levels/CheeseFactory_001.CheeseFactory_001:PersistentLevel' has LevelScriptBlueprint '/Game/Levels/CheeseFactory_001.CheeseFactory_001:PersistentLevel.CheeseFactory_001' with GeneratedClass '/Game/Levels/CheeseFactory_001.CheeseFactory_001_C' with ClassGeneratedBy '/Game/Levels/CheeseFactory_001.CheeseFactory_001:PersistentLevel.CheeseFactory_001'
[2025.09.29-17.50.14:421][229]LogSlate: Updating window title bar state: overlay mode, drag disabled, window buttons hidden, title bar hidden
[2025.09.29-17.50.14:425][229]LogUObjectHash: Compacting FUObjectHashTables data took   1.52ms
[2025.09.29-17.50.14:486][234]LogPlayLevel: Display: Destroying online subsystem :Context_117
[2025.09.29-17.50.15:208][318]LogSlate: FSceneViewport::OnFocusLost() reason 0
[2025.09.29-17.50.25:057][352]LogEditorViewport: Clicking on Actor (LMB): StaticMeshActor (floor01_2x7)
[2025.09.29-17.50.25:163][359]LogSlate: FSceneViewport::OnFocusLost() reason 5
[2025.09.29-17.50.25:169][359]Cmd: OBJ SAVEPACKAGE PACKAGE="/Game/Levels/CheeseFactory_001" FILE="E:/GameJamHGGUnreal4.23.1/GameJamCrew/Content/Levels/CheeseFactory_001.umap" SILENT=true AUTOSAVING=false KEEPDIRTY=false
[2025.09.29-17.50.25:188][359]LogUObjectHash: Compacting FUObjectHashTables data took   0.57ms
[2025.09.29-17.50.25:467][359]LogSavePackage: Moving 'E:/GameJamHGGUnreal4.23.1/GameJamCrew/Saved/CheeseFactory_001CA1DCD374ED530475974C2B1747523C7.tmp' to 'E:/GameJamHGGUnreal4.23.1/GameJamCrew/Content/Levels/CheeseFactory_001.umap'
[2025.09.29-17.50.25:849][400]LogTemp: Repeating last play command: Selected Viewport
[2025.09.29-17.50.25:857][400]LogBlueprintUserMessages: Early PlayInEditor Detection: Level '/Game/Levels/CheeseFactory_001.CheeseFactory_001:PersistentLevel' has LevelScriptBlueprint '/Game/Levels/CheeseFactory_001.CheeseFactory_001:PersistentLevel.CheeseFactory_001' with GeneratedClass '/Game/Levels/CheeseFactory_001.CheeseFactory_001_C' with ClassGeneratedBy '/Game/Levels/CheeseFactory_001.CheeseFactory_001:PersistentLevel.CheeseFactory_001'
[2025.09.29-17.50.25:857][400]LogPlayLevel: PlayLevel: No blueprints needed recompiling
[2025.09.29-17.50.25:857][400]PIE: New page: PIE session: CheeseFactory_001 (29 Sep 2025 9:50:25 pm)
[2025.09.29-17.50.25:857][400]LogPlayLevel: Creating play world package: /Game/Levels/UEDPIE_0_CheeseFactory_001
[2025.09.29-17.50.25:882][400]LogPlayLevel: PIE: StaticDuplicateObject took: (0.026319s)
[2025.09.29-17.50.25:883][400]LogAIModule: Creating AISystem for world CheeseFactory_001
[2025.09.29-17.50.25:883][400]LogPlayLevel: PIE: World Init took: (0.000557s)
[2025.09.29-17.50.25:883][400]LogPlayLevel: PIE: Created PIE world by copying editor world from /Game/Levels/CheeseFactory_001.CheeseFactory_001 to /Game/Levels/UEDPIE_0_CheeseFactory_001.CheeseFactory_001 (0.027007s)
[2025.09.29-17.50.25:902][400]LogUObjectHash: Compacting FUObjectHashTables data took   1.73ms
[2025.09.29-17.50.25:915][400]LogInit: XAudio2 using 'Högtalare (Yeti Classic)' : 6 channels at 44.1 kHz using 16 bits per sample (channel mask 0x3f)
[2025.09.29-17.50.25:924][400]LogInit: FAudioDevice initialized.
[2025.09.29-17.50.25:932][400]LogLoad: Game class is 'ThirdPersonGameMode_C'
[2025.09.29-17.50.25:940][400]LogWorld: Bringing World /Game/Levels/UEDPIE_0_CheeseFactory_001.CheeseFactory_001 up for play (max tick rate 0) at 2025.09.29-19.50.25
[2025.09.29-17.50.25:940][400]LogWorld: Bringing up level for play took: 0.007818
[2025.09.29-17.50.25:940][400]LogOnline: OSS: Creating online subsystem instance for: :Context_118
[2025.09.29-17.50.25:942][400]PIE: Play in editor start time for /Game/Levels/UEDPIE_0_CheeseFactory_001 -0.818
[2025.09.29-17.50.25:942][400]LogBlueprintUserMessages: Late PlayInEditor Detection: Level '/Game/Levels/CheeseFactory_001.CheeseFactory_001:PersistentLevel' has LevelScriptBlueprint '/Game/Levels/CheeseFactory_001.CheeseFactory_001:PersistentLevel.CheeseFactory_001' with GeneratedClass '/Game/Levels/CheeseFactory_001.CheeseFactory_001_C' with ClassGeneratedBy '/Game/Levels/CheeseFactory_001.CheeseFactory_001:PersistentLevel.CheeseFactory_001'
[2025.09.29-17.50.32:393][166]LogBlueprintUserMessages: Early EndPlayMap Detection: Level '/Game/Levels/CheeseFactory_001.CheeseFactory_001:PersistentLevel' has LevelScriptBlueprint '/Game/Levels/CheeseFactory_001.CheeseFactory_001:PersistentLevel.CheeseFactory_001' with GeneratedClass '/Game/Levels/CheeseFactory_001.CheeseFactory_001_C' with ClassGeneratedBy '/Game/Levels/CheeseFactory_001.CheeseFactory_001:PersistentLevel.CheeseFactory_001'
[2025.09.29-17.50.32:393][166]LogSlate: Updating window title bar state: overlay mode, drag disabled, window buttons hidden, title bar hidden
[2025.09.29-17.50.32:393][166]LogWorld: BeginTearingDown for /Game/Levels/UEDPIE_0_CheeseFactory_001
[2025.09.29-17.50.32:394][166]LogWorld: UWorld::CleanupWorld for CheeseFactory_001, bSessionEnded=true, bCleanupResources=true
[2025.09.29-17.50.32:407][166]LogPlayLevel: Display: Shutting down PIE online subsystems
[2025.09.29-17.50.32:407][166]LogBlueprintUserMessages: Late EndPlayMap Detection: Level '/Game/Levels/CheeseFactory_001.CheeseFactory_001:PersistentLevel' has LevelScriptBlueprint '/Game/Levels/CheeseFactory_001.CheeseFactory_001:PersistentLevel.CheeseFactory_001' with GeneratedClass '/Game/Levels/CheeseFactory_001.CheeseFactory_001_C' with ClassGeneratedBy '/Game/Levels/CheeseFactory_001.CheeseFactory_001:PersistentLevel.CheeseFactory_001'
[2025.09.29-17.50.32:431][166]LogSlate: Updating window title bar state: overlay mode, drag disabled, window buttons hidden, title bar hidden
[2025.09.29-17.50.32:436][166]LogUObjectHash: Compacting FUObjectHashTables data took   1.54ms
[2025.09.29-17.50.32:494][171]LogPlayLevel: Display: Destroying online subsystem :Context_118
[2025.09.29-17.50.32:802][207]LogSlate: FSceneViewport::OnFocusLost() reason 5
[2025.09.29-17.50.32:809][207]Cmd: OBJ SAVEPACKAGE PACKAGE="/Game/Levels/CheeseFactory_001" FILE="E:/GameJamHGGUnreal4.23.1/GameJamCrew/Content/Levels/CheeseFactory_001.umap" SILENT=true AUTOSAVING=false KEEPDIRTY=false
[2025.09.29-17.50.32:828][207]LogUObjectHash: Compacting FUObjectHashTables data took   0.60ms
[2025.09.29-17.50.33:119][207]LogSavePackage: Moving 'E:/GameJamHGGUnreal4.23.1/GameJamCrew/Saved/CheeseFactory_001946D2C274617AF853C7600AF59807D72.tmp' to 'E:/GameJamHGGUnreal4.23.1/GameJamCrew/Content/Levels/CheeseFactory_001.umap'
[2025.09.29-17.50.33:978][296]LogSlate: FSceneViewport::OnFocusLost() reason 5
[2025.09.29-17.50.33:990][296]Cmd: OBJ SAVEPACKAGE PACKAGE="/Game/Mannequin/Cat/CatBlend" FILE="E:/GameJamHGGUnreal4.23.1/GameJamCrew/Content/Mannequin/Cat/CatBlend.uasset" SILENT=true
[2025.09.29-17.50.33:996][296]LogSavePackage: Moving 'E:/GameJamHGGUnreal4.23.1/GameJamCrew/Saved/CatBlend500791A64BDBE38FBFAFD68772E668BE.tmp' to 'E:/GameJamHGGUnreal4.23.1/GameJamCrew/Content/Mannequin/Cat/CatBlend.uasset'
[2025.09.29-17.50.40:989][ 91]LogEditorViewport: Clicking on Actor (CTRL LMB): StaticMeshActor (floor01_2x117)
[2025.09.29-17.50.41:036][ 92]LogSlate: FSceneViewport::OnFocusLost() reason 5
[2025.09.29-17.50.41:041][ 92]Cmd: OBJ SAVEPACKAGE PACKAGE="/Game/Levels/CheeseFactory_001" FILE="E:/GameJamHGGUnreal4.23.1/GameJamCrew/Content/Levels/CheeseFactory_001.umap" SILENT=true AUTOSAVING=false KEEPDIRTY=false
[2025.09.29-17.50.41:062][ 92]LogUObjectHash: Compacting FUObjectHashTables data took   1.51ms
[2025.09.29-17.50.41:339][ 92]LogSavePackage: Moving 'E:/GameJamHGGUnreal4.23.1/GameJamCrew/Saved/CheeseFactory_0018F23CD30450FD6E44ABB9383045B1D9B.tmp' to 'E:/GameJamHGGUnreal4.23.1/GameJamCrew/Content/Levels/CheeseFactory_001.umap'
[2025.09.29-17.50.43:547][340]LogTemp: Repeating last play command: Selected Viewport
[2025.09.29-17.50.43:553][340]LogBlueprintUserMessages: Early PlayInEditor Detection: Level '/Game/Levels/CheeseFactory_001.CheeseFactory_001:PersistentLevel' has LevelScriptBlueprint '/Game/Levels/CheeseFactory_001.CheeseFactory_001:PersistentLevel.CheeseFactory_001' with GeneratedClass '/Game/Levels/CheeseFactory_001.CheeseFactory_001_C' with ClassGeneratedBy '/Game/Levels/CheeseFactory_001.CheeseFactory_001:PersistentLevel.CheeseFactory_001'
[2025.09.29-17.50.43:553][340]LogPlayLevel: PlayLevel: No blueprints needed recompiling
[2025.09.29-17.50.43:553][340]PIE: New page: PIE session: CheeseFactory_001 (29 Sep 2025 9:50:43 pm)
[2025.09.29-17.50.43:553][340]LogPlayLevel: Creating play world package: /Game/Levels/UEDPIE_0_CheeseFactory_001
[2025.09.29-17.50.43:579][340]LogPlayLevel: PIE: StaticDuplicateObject took: (0.025780s)
[2025.09.29-17.50.43:580][340]LogAIModule: Creating AISystem for world CheeseFactory_001
[2025.09.29-17.50.43:580][340]LogPlayLevel: PIE: World Init took: (0.000577s)
[2025.09.29-17.50.43:580][340]LogPlayLevel: PIE: Created PIE world by copying editor world from /Game/Levels/CheeseFactory_001.CheeseFactory_001 to /Game/Levels/UEDPIE_0_CheeseFactory_001.CheeseFactory_001 (0.026488s)
[2025.09.29-17.50.43:598][340]LogUObjectHash: Compacting FUObjectHashTables data took   1.69ms
[2025.09.29-17.50.43:611][340]LogInit: XAudio2 using 'Högtalare (Yeti Classic)' : 6 channels at 44.1 kHz using 16 bits per sample (channel mask 0x3f)
[2025.09.29-17.50.43:621][340]LogInit: FAudioDevice initialized.
[2025.09.29-17.50.43:626][340]LogLoad: Game class is 'ThirdPersonGameMode_C'
[2025.09.29-17.50.43:634][340]LogWorld: Bringing World /Game/Levels/UEDPIE_0_CheeseFactory_001.CheeseFactory_001 up for play (max tick rate 0) at 2025.09.29-19.50.43
[2025.09.29-17.50.43:635][340]LogWorld: Bringing up level for play took: 0.007803
[2025.09.29-17.50.43:635][340]LogOnline: OSS: Creating online subsystem instance for: :Context_119
[2025.09.29-17.50.43:637][340]PIE: Play in editor start time for /Game/Levels/UEDPIE_0_CheeseFactory_001 0.877
[2025.09.29-17.50.43:637][340]LogBlueprintUserMessages: Late PlayInEditor Detection: Level '/Game/Levels/CheeseFactory_001.CheeseFactory_001:PersistentLevel' has LevelScriptBlueprint '/Game/Levels/CheeseFactory_001.CheeseFactory_001:PersistentLevel.CheeseFactory_001' with GeneratedClass '/Game/Levels/CheeseFactory_001.CheeseFactory_001_C' with ClassGeneratedBy '/Game/Levels/CheeseFactory_001.CheeseFactory_001:PersistentLevel.CheeseFactory_001'
[2025.09.29-17.50.58:217][ 82]LogBlueprintUserMessages: Early EndPlayMap Detection: Level '/Game/Levels/CheeseFactory_001.CheeseFactory_001:PersistentLevel' has LevelScriptBlueprint '/Game/Levels/CheeseFactory_001.CheeseFactory_001:PersistentLevel.CheeseFactory_001' with GeneratedClass '/Game/Levels/CheeseFactory_001.CheeseFactory_001_C' with ClassGeneratedBy '/Game/Levels/CheeseFactory_001.CheeseFactory_001:PersistentLevel.CheeseFactory_001'
[2025.09.29-17.50.58:217][ 82]LogSlate: Updating window title bar state: overlay mode, drag disabled, window buttons hidden, title bar hidden
[2025.09.29-17.50.58:217][ 82]LogWorld: BeginTearingDown for /Game/Levels/UEDPIE_0_CheeseFactory_001
[2025.09.29-17.50.58:218][ 82]LogWorld: UWorld::CleanupWorld for CheeseFactory_001, bSessionEnded=true, bCleanupResources=true
[2025.09.29-17.50.58:234][ 82]LogPlayLevel: Display: Shutting down PIE online subsystems
[2025.09.29-17.50.58:234][ 82]LogBlueprintUserMessages: Late EndPlayMap Detection: Level '/Game/Levels/CheeseFactory_001.CheeseFactory_001:PersistentLevel' has LevelScriptBlueprint '/Game/Levels/CheeseFactory_001.CheeseFactory_001:PersistentLevel.CheeseFactory_001' with GeneratedClass '/Game/Levels/CheeseFactory_001.CheeseFactory_001_C' with ClassGeneratedBy '/Game/Levels/CheeseFactory_001.CheeseFactory_001:PersistentLevel.CheeseFactory_001'
[2025.09.29-17.50.58:257][ 82]LogSlate: Updating window title bar state: overlay mode, drag disabled, window buttons hidden, title bar hidden
[2025.09.29-17.50.58:262][ 82]LogUObjectHash: Compacting FUObjectHashTables data took   1.56ms
[2025.09.29-17.50.58:319][ 87]LogPlayLevel: Display: Destroying online subsystem :Context_119
[2025.09.29-17.50.58:773][131]LogSlate: FSceneViewport::OnFocusLost() reason 0
[2025.09.29-17.50.58:951][150]LogSlate: FSceneViewport::OnFocusLost() reason 5
[2025.09.29-17.50.58:956][150]Cmd: OBJ SAVEPACKAGE PACKAGE="/Game/Mannequin/Cat/CatBlend" FILE="E:/GameJamHGGUnreal4.23.1/GameJamCrew/Content/Mannequin/Cat/CatBlend.uasset" SILENT=true
[2025.09.29-17.50.58:958][150]LogSavePackage: Moving 'E:/GameJamHGGUnreal4.23.1/GameJamCrew/Saved/CatBlend67A33C6342F5226ED3A439A83E90097E.tmp' to 'E:/GameJamHGGUnreal4.23.1/GameJamCrew/Content/Mannequin/Cat/CatBlend.uasset'
[2025.09.29-17.51.00:289][291]LogTemp: Repeating last play command: Selected Viewport
[2025.09.29-17.51.00:296][291]LogBlueprintUserMessages: Early PlayInEditor Detection: Level '/Game/Levels/CheeseFactory_001.CheeseFactory_001:PersistentLevel' has LevelScriptBlueprint '/Game/Levels/CheeseFactory_001.CheeseFactory_001:PersistentLevel.CheeseFactory_001' with GeneratedClass '/Game/Levels/CheeseFactory_001.CheeseFactory_001_C' with ClassGeneratedBy '/Game/Levels/CheeseFactory_001.CheeseFactory_001:PersistentLevel.CheeseFactory_001'
[2025.09.29-17.51.00:296][291]LogPlayLevel: PlayLevel: No blueprints needed recompiling
[2025.09.29-17.51.00:296][291]PIE: New page: PIE session: CheeseFactory_001 (29 Sep 2025 9:51:00 pm)
[2025.09.29-17.51.00:296][291]LogPlayLevel: Creating play world package: /Game/Levels/UEDPIE_0_CheeseFactory_001
[2025.09.29-17.51.00:322][291]LogPlayLevel: PIE: StaticDuplicateObject took: (0.025708s)
[2025.09.29-17.51.00:323][291]LogAIModule: Creating AISystem for world CheeseFactory_001
[2025.09.29-17.51.00:323][291]LogPlayLevel: PIE: World Init took: (0.000598s)
[2025.09.29-17.51.00:323][291]LogPlayLevel: PIE: Created PIE world by copying editor world from /Game/Levels/CheeseFactory_001.CheeseFactory_001 to /Game/Levels/UEDPIE_0_CheeseFactory_001.CheeseFactory_001 (0.026446s)
[2025.09.29-17.51.00:341][291]LogUObjectHash: Compacting FUObjectHashTables data took   1.48ms
[2025.09.29-17.51.00:355][291]LogInit: XAudio2 using 'Högtalare (Yeti Classic)' : 6 channels at 44.1 kHz using 16 bits per sample (channel mask 0x3f)
[2025.09.29-17.51.00:365][291]LogInit: FAudioDevice initialized.
[2025.09.29-17.51.00:374][291]LogLoad: Game class is 'ThirdPersonGameMode_C'
[2025.09.29-17.51.00:381][291]LogWorld: Bringing World /Game/Levels/UEDPIE_0_CheeseFactory_001.CheeseFactory_001 up for play (max tick rate 0) at 2025.09.29-19.51.00
[2025.09.29-17.51.00:382][291]LogWorld: Bringing up level for play took: 0.008373
[2025.09.29-17.51.00:382][291]LogOnline: OSS: Creating online subsystem instance for: :Context_120
[2025.09.29-17.51.00:384][291]PIE: Play in editor start time for /Game/Levels/UEDPIE_0_CheeseFactory_001 -0.375
[2025.09.29-17.51.00:385][291]LogBlueprintUserMessages: Late PlayInEditor Detection: Level '/Game/Levels/CheeseFactory_001.CheeseFactory_001:PersistentLevel' has LevelScriptBlueprint '/Game/Levels/CheeseFactory_001.CheeseFactory_001:PersistentLevel.CheeseFactory_001' with GeneratedClass '/Game/Levels/CheeseFactory_001.CheeseFactory_001_C' with ClassGeneratedBy '/Game/Levels/CheeseFactory_001.CheeseFactory_001:PersistentLevel.CheeseFactory_001'
[2025.09.29-17.51.05:306][874]LogBlueprintUserMessages: Early EndPlayMap Detection: Level '/Game/Levels/CheeseFactory_001.CheeseFactory_001:PersistentLevel' has LevelScriptBlueprint '/Game/Levels/CheeseFactory_001.CheeseFactory_001:PersistentLevel.CheeseFactory_001' with GeneratedClass '/Game/Levels/CheeseFactory_001.CheeseFactory_001_C' with ClassGeneratedBy '/Game/Levels/CheeseFactory_001.CheeseFactory_001:PersistentLevel.CheeseFactory_001'
[2025.09.29-17.51.05:306][874]LogSlate: Updating window title bar state: overlay mode, drag disabled, window buttons hidden, title bar hidden
[2025.09.29-17.51.05:306][874]LogWorld: BeginTearingDown for /Game/Levels/UEDPIE_0_CheeseFactory_001
[2025.09.29-17.51.05:307][874]LogWorld: UWorld::CleanupWorld for CheeseFactory_001, bSessionEnded=true, bCleanupResources=true
[2025.09.29-17.51.05:319][874]LogPlayLevel: Display: Shutting down PIE online subsystems
[2025.09.29-17.51.05:319][874]LogBlueprintUserMessages: Late EndPlayMap Detection: Level '/Game/Levels/CheeseFactory_001.CheeseFactory_001:PersistentLevel' has LevelScriptBlueprint '/Game/Levels/CheeseFactory_001.CheeseFactory_001:PersistentLevel.CheeseFactory_001' with GeneratedClass '/Game/Levels/CheeseFactory_001.CheeseFactory_001_C' with ClassGeneratedBy '/Game/Levels/CheeseFactory_001.CheeseFactory_001:PersistentLevel.CheeseFactory_001'
[2025.09.29-17.51.05:341][874]LogSlate: Updating window title bar state: overlay mode, drag disabled, window buttons hidden, title bar hidden
[2025.09.29-17.51.05:347][874]LogUObjectHash: Compacting FUObjectHashTables data took   1.44ms
[2025.09.29-17.51.05:412][880]LogPlayLevel: Display: Destroying online subsystem :Context_120
[2025.09.29-17.51.05:644][907]LogSlate: FSceneViewport::OnFocusLost() reason 5
[2025.09.29-17.51.05:651][907]Cmd: OBJ SAVEPACKAGE PACKAGE="/Game/Levels/CheeseFactory_001" FILE="E:/GameJamHGGUnreal4.23.1/GameJamCrew/Content/Levels/CheeseFactory_001.umap" SILENT=true AUTOSAVING=false KEEPDIRTY=false
[2025.09.29-17.51.05:669][907]LogUObjectHash: Compacting FUObjectHashTables data took   0.57ms
[2025.09.29-17.51.05:953][907]LogSavePackage: Moving 'E:/GameJamHGGUnreal4.23.1/GameJamCrew/Saved/CheeseFactory_001FA2470B04F32469E6560AC801E2131C6.tmp' to 'E:/GameJamHGGUnreal4.23.1/GameJamCrew/Content/Levels/CheeseFactory_001.umap'
[2025.09.29-17.51.40:757][598]LogSlate: Window 'CatBlend' being destroyed
[2025.09.29-17.51.43:701][950]LogSlate: FSceneViewport::OnFocusLost() reason 5
[2025.09.29-17.51.43:706][950]Cmd: OBJ SAVEPACKAGE PACKAGE="/Game/Mannequin/Cat/CatBlend" FILE="E:/GameJamHGGUnreal4.23.1/GameJamCrew/Content/Mannequin/Cat/CatBlend.uasset" SILENT=true
[2025.09.29-17.51.43:708][950]LogSavePackage: Moving 'E:/GameJamHGGUnreal4.23.1/GameJamCrew/Saved/CatBlend913351B34FD4BB83C5B48D8F0C814609.tmp' to 'E:/GameJamHGGUnreal4.23.1/GameJamCrew/Content/Mannequin/Cat/CatBlend.uasset'
[2025.09.29-17.51.46:498][282]LogSlate: FSceneViewport::OnFocusLost() reason 0
[2025.09.29-17.51.50:967][814]LogTemp: Repeating last play command: Selected Viewport
[2025.09.29-17.51.50:973][814]LogBlueprintUserMessages: Early PlayInEditor Detection: Level '/Game/Levels/CheeseFactory_001.CheeseFactory_001:PersistentLevel' has LevelScriptBlueprint '/Game/Levels/CheeseFactory_001.CheeseFactory_001:PersistentLevel.CheeseFactory_001' with GeneratedClass '/Game/Levels/CheeseFactory_001.CheeseFactory_001_C' with ClassGeneratedBy '/Game/Levels/CheeseFactory_001.CheeseFactory_001:PersistentLevel.CheeseFactory_001'
[2025.09.29-17.51.50:973][814]LogPlayLevel: PlayLevel: No blueprints needed recompiling
[2025.09.29-17.51.50:973][814]PIE: New page: PIE session: CheeseFactory_001 (29 Sep 2025 9:51:50 pm)
[2025.09.29-17.51.50:974][814]LogPlayLevel: Creating play world package: /Game/Levels/UEDPIE_0_CheeseFactory_001
[2025.09.29-17.51.51:000][814]LogPlayLevel: PIE: StaticDuplicateObject took: (0.026028s)
[2025.09.29-17.51.51:000][814]LogAIModule: Creating AISystem for world CheeseFactory_001
[2025.09.29-17.51.51:000][814]LogPlayLevel: PIE: World Init took: (0.000577s)
[2025.09.29-17.51.51:000][814]LogPlayLevel: PIE: Created PIE world by copying editor world from /Game/Levels/CheeseFactory_001.CheeseFactory_001 to /Game/Levels/UEDPIE_0_CheeseFactory_001.CheeseFactory_001 (0.026735s)
[2025.09.29-17.51.51:019][814]LogUObjectHash: Compacting FUObjectHashTables data took   1.72ms
[2025.09.29-17.51.51:033][814]LogInit: XAudio2 using 'Högtalare (Yeti Classic)' : 6 channels at 44.1 kHz using 16 bits per sample (channel mask 0x3f)
[2025.09.29-17.51.51:042][814]LogInit: FAudioDevice initialized.
[2025.09.29-17.51.51:047][814]LogLoad: Game class is 'ThirdPersonGameMode_C'
[2025.09.29-17.51.51:055][814]LogWorld: Bringing World /Game/Levels/UEDPIE_0_CheeseFactory_001.CheeseFactory_001 up for play (max tick rate 0) at 2025.09.29-19.51.51
[2025.09.29-17.51.51:056][814]LogWorld: Bringing up level for play took: 0.008325
[2025.09.29-17.51.51:056][814]LogOnline: OSS: Creating online subsystem instance for: :Context_121
[2025.09.29-17.51.51:058][814]PIE: Play in editor start time for /Game/Levels/UEDPIE_0_CheeseFactory_001 0.297
[2025.09.29-17.51.51:058][814]LogBlueprintUserMessages: Late PlayInEditor Detection: Level '/Game/Levels/CheeseFactory_001.CheeseFactory_001:PersistentLevel' has LevelScriptBlueprint '/Game/Levels/CheeseFactory_001.CheeseFactory_001:PersistentLevel.CheeseFactory_001' with GeneratedClass '/Game/Levels/CheeseFactory_001.CheeseFactory_001_C' with ClassGeneratedBy '/Game/Levels/CheeseFactory_001.CheeseFactory_001:PersistentLevel.CheeseFactory_001'
[2025.09.29-17.51.56:613][478]LogBlueprintUserMessages: Early EndPlayMap Detection: Level '/Game/Levels/CheeseFactory_001.CheeseFactory_001:PersistentLevel' has LevelScriptBlueprint '/Game/Levels/CheeseFactory_001.CheeseFactory_001:PersistentLevel.CheeseFactory_001' with GeneratedClass '/Game/Levels/CheeseFactory_001.CheeseFactory_001_C' with ClassGeneratedBy '/Game/Levels/CheeseFactory_001.CheeseFactory_001:PersistentLevel.CheeseFactory_001'
[2025.09.29-17.51.56:613][478]LogSlate: Updating window title bar state: overlay mode, drag disabled, window buttons hidden, title bar hidden
[2025.09.29-17.51.56:613][478]LogWorld: BeginTearingDown for /Game/Levels/UEDPIE_0_CheeseFactory_001
[2025.09.29-17.51.56:614][478]LogWorld: UWorld::CleanupWorld for CheeseFactory_001, bSessionEnded=true, bCleanupResources=true
[2025.09.29-17.51.56:629][478]LogPlayLevel: Display: Shutting down PIE online subsystems
[2025.09.29-17.51.56:629][478]LogBlueprintUserMessages: Late EndPlayMap Detection: Level '/Game/Levels/CheeseFactory_001.CheeseFactory_001:PersistentLevel' has LevelScriptBlueprint '/Game/Levels/CheeseFactory_001.CheeseFactory_001:PersistentLevel.CheeseFactory_001' with GeneratedClass '/Game/Levels/CheeseFactory_001.CheeseFactory_001_C' with ClassGeneratedBy '/Game/Levels/CheeseFactory_001.CheeseFactory_001:PersistentLevel.CheeseFactory_001'
[2025.09.29-17.51.56:652][478]LogSlate: Updating window title bar state: overlay mode, drag disabled, window buttons hidden, title bar hidden
[2025.09.29-17.51.56:658][478]LogUObjectHash: Compacting FUObjectHashTables data took   2.06ms
[2025.09.29-17.51.56:718][484]LogPlayLevel: Display: Destroying online subsystem :Context_121
[2025.09.29-17.51.56:959][512]LogSlate: FSceneViewport::OnFocusLost() reason 5
[2025.09.29-17.51.56:966][512]Cmd: OBJ SAVEPACKAGE PACKAGE="/Game/Levels/CheeseFactory_001" FILE="E:/GameJamHGGUnreal4.23.1/GameJamCrew/Content/Levels/CheeseFactory_001.umap" SILENT=true AUTOSAVING=false KEEPDIRTY=false
[2025.09.29-17.51.56:984][512]LogUObjectHash: Compacting FUObjectHashTables data took   0.91ms
[2025.09.29-17.51.57:265][512]LogSavePackage: Moving 'E:/GameJamHGGUnreal4.23.1/GameJamCrew/Saved/CheeseFactory_001ADC2DDBE4AD0CB9B6A560596846860A0.tmp' to 'E:/GameJamHGGUnreal4.23.1/GameJamCrew/Content/Levels/CheeseFactory_001.umap'
[2025.09.29-17.52.36:605][219]Cmd: OBJ SAVEPACKAGE PACKAGE="/Game/Mannequin/Cat/CatBlend" FILE="E:/GameJamHGGUnreal4.23.1/GameJamCrew/Content/Mannequin/Cat/CatBlend.uasset" SILENT=true
[2025.09.29-17.52.36:613][219]LogSavePackage: Moving 'E:/GameJamHGGUnreal4.23.1/GameJamCrew/Saved/CatBlend35E3584A416C3CCAA72EB681C90A35A5.tmp' to 'E:/GameJamHGGUnreal4.23.1/GameJamCrew/Content/Mannequin/Cat/CatBlend.uasset'
[2025.09.29-17.52.43:238][  9]LogSlate: FSceneViewport::OnFocusLost() reason 5
[2025.09.29-17.52.43:249][  9]Cmd: OBJ SAVEPACKAGE PACKAGE="/Game/Mannequin/Cat/CatBlend" FILE="E:/GameJamHGGUnreal4.23.1/GameJamCrew/Content/Mannequin/Cat/CatBlend.uasset" SILENT=true
[2025.09.29-17.52.43:254][  9]LogSavePackage: Moving 'E:/GameJamHGGUnreal4.23.1/GameJamCrew/Saved/CatBlend8B71B56A4A1CCEBDE3C9EB84E4723A6A.tmp' to 'E:/GameJamHGGUnreal4.23.1/GameJamCrew/Content/Mannequin/Cat/CatBlend.uasset'
[2025.09.29-17.52.43:869][ 81]LogSlate: FSceneViewport::OnFocusLost() reason 0
[2025.09.29-17.52.44:651][174]LogTemp: Repeating last play command: Selected Viewport
[2025.09.29-17.52.45:956][328]LogTemp: Repeating last play command: Selected Viewport
[2025.09.29-17.52.47:958][563]LogSlate: FSceneViewport::OnFocusLost() reason 5
[2025.09.29-17.52.47:964][563]Cmd: OBJ SAVEPACKAGE PACKAGE="/Game/Mannequin/Cat/CatBlend" FILE="E:/GameJamHGGUnreal4.23.1/GameJamCrew/Content/Mannequin/Cat/CatBlend.uasset" SILENT=true
[2025.09.29-17.52.47:966][563]LogSavePackage: Moving 'E:/GameJamHGGUnreal4.23.1/GameJamCrew/Saved/CatBlendA000FF6A419BC44F99E7F88A3F661F93.tmp' to 'E:/GameJamHGGUnreal4.23.1/GameJamCrew/Content/Mannequin/Cat/CatBlend.uasset'
[2025.09.29-17.52.51:471][982]LogSlate: FSceneViewport::OnFocusLost() reason 0
[2025.09.29-17.53.03:458][416]LogSlate: FSceneViewport::OnFocusLost() reason 5
[2025.09.29-17.53.03:470][416]Cmd: OBJ SAVEPACKAGE PACKAGE="/Game/Mannequin/Cat/CatBlend" FILE="E:/GameJamHGGUnreal4.23.1/GameJamCrew/Content/Mannequin/Cat/CatBlend.uasset" SILENT=true
[2025.09.29-17.53.03:476][416]LogSavePackage: Moving 'E:/GameJamHGGUnreal4.23.1/GameJamCrew/Saved/CatBlend1D5E4BF54DD5C7068905DCB107EF9F1F.tmp' to 'E:/GameJamHGGUnreal4.23.1/GameJamCrew/Content/Mannequin/Cat/CatBlend.uasset'
[2025.09.29-17.53.04:871][581]LogTemp: Repeating last play command: Selected Viewport
[2025.09.29-17.53.06:042][718]LogTemp: Repeating last play command: Selected Viewport
[2025.09.29-17.53.06:197][736]LogTemp: Repeating last play command: Selected Viewport
[2025.09.29-17.53.07:882][919]Cmd: OBJ SAVEPACKAGE PACKAGE="/Game/Mannequin/Cat/CatBluePrint" FILE="E:/GameJamHGGUnreal4.23.1/GameJamCrew/Content/Mannequin/Cat/CatBluePrint.uasset" SILENT=true
[2025.09.29-17.53.07:899][919]LogSavePackage: Moving 'E:/GameJamHGGUnreal4.23.1/GameJamCrew/Saved/CatBluePrint43DB0B3940150DD0A8097C91FFB633DA.tmp' to 'E:/GameJamHGGUnreal4.23.1/GameJamCrew/Content/Mannequin/Cat/CatBluePrint.uasset'
[2025.09.29-17.53.10:911][278]LogSlate: FSceneViewport::OnFocusLost() reason 0
[2025.09.29-17.53.13:172][544]LogSlate: FSceneViewport::OnFocusLost() reason 5
[2025.09.29-17.53.13:184][544]Cmd: OBJ SAVEPACKAGE PACKAGE="/Game/Mannequin/Cat/CatBlend" FILE="E:/GameJamHGGUnreal4.23.1/GameJamCrew/Content/Mannequin/Cat/CatBlend.uasset" SILENT=true
[2025.09.29-17.53.13:190][544]LogSavePackage: Moving 'E:/GameJamHGGUnreal4.23.1/GameJamCrew/Saved/CatBlend884F079E4539488A4A74588C083D041E.tmp' to 'E:/GameJamHGGUnreal4.23.1/GameJamCrew/Content/Mannequin/Cat/CatBlend.uasset'
[2025.09.29-17.53.15:028][761]LogTemp: Repeating last play command: Selected Viewport
[2025.09.29-17.53.19:781][327]LogWorld: UWorld::CleanupWorld for World_105, bSessionEnded=true, bCleanupResources=true
[2025.09.29-17.53.19:838][327]LogWorld: UWorld::CleanupWorld for World_106, bSessionEnded=true, bCleanupResources=true
[2025.09.29-17.53.21:372][510]LogTemp: Repeating last play command: Selected Viewport
[2025.09.29-17.53.23:169][701]LogEditorViewport: Clicking on Actor (LMB): BP_Sky_Sphere_C (BP_Sky_Sphere)
[2025.09.29-17.53.23:252][706]LogEditorViewport: Clicking on Component (LMB): StaticMeshComponent (SkySphereMesh)
[2025.09.29-17.53.23:836][767]LogSlate: FSceneViewport::OnFocusLost() reason 0
[2025.09.29-17.53.23:937][779]LogTemp: Repeating last play command: Selected Viewport
[2025.09.29-17.53.25:926][997]LogSlate: FSceneViewport::OnFocusLost() reason 0
[2025.09.29-17.53.27:059][131]LogEditorViewport: Clicking on Actor (LMB): SkyLight (SkyLight)
[2025.09.29-17.53.29:112][373]LogSlate: FSceneViewport::OnFocusLost() reason 0
[2025.09.29-17.53.30:132][493]LogUObjectHash: Compacting FUObjectHashTables data took   1.94ms
[2025.09.29-17.53.30:205][493]LogWorld: UWorld::CleanupWorld for World_96, bSessionEnded=true, bCleanupResources=true
[2025.09.29-17.53.30:225][493]LogWorld: UWorld::CleanupWorld for World_95, bSessionEnded=true, bCleanupResources=true
[2025.09.29-17.53.30:228][493]LogWorld: UWorld::CleanupWorld for World_94, bSessionEnded=true, bCleanupResources=true
[2025.09.29-17.53.30:250][493]LogSlate: Window 'GameJamCrew - Unreal Editor' being destroyed
[2025.09.29-17.53.30:250][493]LogWindowsTextInputMethodSystem: Display: IME system now deactivated.
[2025.09.29-17.53.30:334][494]Cmd: QUIT_EDITOR
[2025.09.29-17.53.30:964][494]LogExit: Preparing to exit.
[2025.09.29-17.53.31:137][494]LogWorld: UWorld::CleanupWorld for World_47, bSessionEnded=true, bCleanupResources=true
[2025.09.29-17.53.31:139][494]LogActorComponent: UnregisterComponent: (None.None) Not registered. Aborting.
[2025.09.29-17.53.31:139][494]LogActorComponent: UnregisterComponent: (None.None) Not registered. Aborting.
[2025.09.29-17.53.31:139][494]LogActorComponent: UnregisterComponent: (None.None) Not registered. Aborting.
[2025.09.29-17.53.31:139][494]LogActorComponent: UnregisterComponent: (None.None) Not registered. Aborting.
[2025.09.29-17.53.31:139][494]LogActorComponent: UnregisterComponent: (None.None) Not registered. Aborting.
[2025.09.29-17.53.31:139][494]LogActorComponent: UnregisterComponent: (None.None) Not registered. Aborting.
[2025.09.29-17.53.31:139][494]LogActorComponent: UnregisterComponent: (None.None) Not registered. Aborting.
[2025.09.29-17.53.31:139][494]LogWorld: UWorld::CleanupWorld for None, bSessionEnded=true, bCleanupResources=true
[2025.09.29-17.53.31:139][494]LogWorld: UWorld::CleanupWorld for World_69, bSessionEnded=true, bCleanupResources=true
[2025.09.29-17.53.31:140][494]LogActorComponent: UnregisterComponent: (None.None) Not registered. Aborting.
[2025.09.29-17.53.31:140][494]LogActorComponent: UnregisterComponent: (None.None) Not registered. Aborting.
[2025.09.29-17.53.31:140][494]LogActorComponent: UnregisterComponent: (None.None) Not registered. Aborting.
[2025.09.29-17.53.31:140][494]LogActorComponent: UnregisterComponent: (None.None) Not registered. Aborting.
[2025.09.29-17.53.31:140][494]LogActorComponent: UnregisterComponent: (None.None) Not registered. Aborting.
[2025.09.29-17.53.31:140][494]LogActorComponent: UnregisterComponent: (None.None) Not registered. Aborting.
[2025.09.29-17.53.31:140][494]LogActorComponent: UnregisterComponent: (None.None) Not registered. Aborting.
[2025.09.29-17.53.31:140][494]LogWorld: UWorld::CleanupWorld for None, bSessionEnded=true, bCleanupResources=true
[2025.09.29-17.53.31:141][494]LogActorComponent: UnregisterComponent: (None.None) Not registered. Aborting.
[2025.09.29-17.53.31:141][494]LogActorComponent: UnregisterComponent: (None.None) Not registered. Aborting.
[2025.09.29-17.53.31:141][494]LogActorComponent: UnregisterComponent: (None.None) Not registered. Aborting.
[2025.09.29-17.53.31:141][494]LogActorComponent: UnregisterComponent: (None.None) Not registered. Aborting.
[2025.09.29-17.53.31:141][494]LogActorComponent: UnregisterComponent: (None.None) Not registered. Aborting.
[2025.09.29-17.53.31:141][494]LogActorComponent: UnregisterComponent: (None.None) Not registered. Aborting.
[2025.09.29-17.53.31:141][494]LogActorComponent: UnregisterComponent: (None.None) Not registered. Aborting.
[2025.09.29-17.53.31:141][494]LogWorld: UWorld::CleanupWorld for None, bSessionEnded=true, bCleanupResources=true
[2025.09.29-17.53.31:142][494]LogWorld: UWorld::CleanupWorld for World_100, bSessionEnded=true, bCleanupResources=true
[2025.09.29-17.53.31:142][494]LogActorComponent: UnregisterComponent: (None.None) Not registered. Aborting.
[2025.09.29-17.53.31:142][494]LogActorComponent: UnregisterComponent: (None.None) Not registered. Aborting.
[2025.09.29-17.53.31:142][494]LogActorComponent: UnregisterComponent: (None.None) Not registered. Aborting.
[2025.09.29-17.53.31:142][494]LogActorComponent: UnregisterComponent: (None.None) Not registered. Aborting.
[2025.09.29-17.53.31:142][494]LogActorComponent: UnregisterComponent: (None.None) Not registered. Aborting.
[2025.09.29-17.53.31:142][494]LogActorComponent: UnregisterComponent: (None.None) Not registered. Aborting.
[2025.09.29-17.53.31:142][494]LogActorComponent: UnregisterComponent: (None.None) Not registered. Aborting.
[2025.09.29-17.53.31:142][494]LogWorld: UWorld::CleanupWorld for None, bSessionEnded=true, bCleanupResources=true
[2025.09.29-17.53.31:143][494]LogActorComponent: UnregisterComponent: (None.None) Not registered. Aborting.
[2025.09.29-17.53.31:143][494]LogActorComponent: UnregisterComponent: (None.None) Not registered. Aborting.
[2025.09.29-17.53.31:143][494]LogActorComponent: UnregisterComponent: (None.None) Not registered. Aborting.
[2025.09.29-17.53.31:143][494]LogActorComponent: UnregisterComponent: (None.None) Not registered. Aborting.
[2025.09.29-17.53.31:143][494]LogActorComponent: UnregisterComponent: (None.None) Not registered. Aborting.
[2025.09.29-17.53.31:143][494]LogActorComponent: UnregisterComponent: (None.None) Not registered. Aborting.
[2025.09.29-17.53.31:143][494]LogActorComponent: UnregisterComponent: (None.None) Not registered. Aborting.
[2025.09.29-17.53.31:143][494]LogWorld: UWorld::CleanupWorld for None, bSessionEnded=true, bCleanupResources=true
[2025.09.29-17.53.31:158][494]LogDemo: Cleaned up 0 splitscreen connections with owner deletion
[2025.09.29-17.53.31:167][494]LogWorld: UWorld::CleanupWorld for None, bSessionEnded=true, bCleanupResources=true
[2025.09.29-17.53.31:167][494]LogEditor: Warning: Warning: A transaction is active
[2025.09.29-17.53.31:167][494]LogEditorTransaction: Non zero active count in UTransBuffer::Reset
ActiveCount : 2
SessionName : PropertyEditor
Reason      : Shutdown

Purging the undo buffer...

[2025.09.29-17.53.31:167][494]LogExit: Editor shut down
[2025.09.29-17.53.31:167][494]LogExit: Transaction tracking system shut down
[2025.09.29-17.53.31:344][494]LogExit: Object subsystem successfully closed.
[2025.09.29-17.53.31:368][494]LogShaderCompilers: Display: Shaders left to compile 0
[2025.09.29-17.53.31:377][494]LogModuleManager: Shutting down and abandoning module MovieSceneCapture (680)
[2025.09.29-17.53.31:377][494]LogModuleManager: Shutting down and abandoning module Voice (678)
[2025.09.29-17.53.31:377][494]LogModuleManager: Shutting down and abandoning module BlueprintGraph (676)
[2025.09.29-17.53.31:378][494]LogModuleManager: Shutting down and abandoning module PinnedCommandList (674)
[2025.09.29-17.53.31:378][494]LogModuleManager: Shutting down and abandoning module SkeletonEditor (672)
[2025.09.29-17.53.31:378][494]LogModuleManager: Shutting down and abandoning module AnimationEditor (670)
[2025.09.29-17.53.31:378][494]LogModuleManager: Shutting down and abandoning module HierarchicalLODOutliner (668)
[2025.09.29-17.53.31:378][494]LogModuleManager: Shutting down and abandoning module SceneOutliner (666)
[2025.09.29-17.53.31:378][494]LogModuleManager: Shutting down and abandoning module AddContentDialog (664)
[2025.09.29-17.53.31:378][494]LogModuleManager: Shutting down and abandoning module WidgetCarousel (663)
[2025.09.29-17.53.31:378][494]LogModuleManager: Shutting down and abandoning module EditorWidgets (660)
[2025.09.29-17.53.31:378][494]LogModuleManager: Shutting down and abandoning module CollectionManager (658)
[2025.09.29-17.53.31:378][494]LogModuleManager: Shutting down and abandoning module StatsViewer (656)
[2025.09.29-17.53.31:378][494]LogModuleManager: Shutting down and abandoning module VirtualTexturingEditor (654)
[2025.09.29-17.53.31:378][494]LogModuleManager: Shutting down and abandoning module FoliageEdit (652)
[2025.09.29-17.53.31:378][494]LogModuleManager: Shutting down and abandoning module LandscapeEditor (650)
[2025.09.29-17.53.31:378][494]LogModuleManager: Shutting down and abandoning module MeshPaintMode (648)
[2025.09.29-17.53.31:379][494]LogModuleManager: Shutting down and abandoning module SceneDepthPickerMode (646)
[2025.09.29-17.53.31:379][494]LogModuleManager: Shutting down and abandoning module ActorPickerMode (644)
[2025.09.29-17.53.31:379][494]LogModuleManager: Shutting down and abandoning module GeometryMode (642)
[2025.09.29-17.53.31:379][494]LogModuleManager: Shutting down and abandoning module TextureAlignMode (640)
[2025.09.29-17.53.31:379][494]LogModuleManager: Shutting down and abandoning module BspMode (638)
[2025.09.29-17.53.31:379][494]LogModuleManager: Shutting down and abandoning module PIEPreviewDeviceProfileSelector (636)
[2025.09.29-17.53.31:379][494]LogModuleManager: Shutting down and abandoning module SequenceRecorderSections (634)
[2025.09.29-17.53.31:379][494]LogModuleManager: Shutting down and abandoning module AutomationWorker (632)
[2025.09.29-17.53.31:379][494]LogModuleManager: Shutting down and abandoning module OculusMR (630)
[2025.09.29-17.53.31:379][494]LogModuleManager: Shutting down and abandoning module AudioCaptureEditor (628)
[2025.09.29-17.53.31:379][494]LogModuleManager: Shutting down and abandoning module MatineeToLevelSequence (626)
[2025.09.29-17.53.31:379][494]LogModuleManager: Shutting down and abandoning module LevelSequenceEditor (624)
[2025.09.29-17.53.31:379][494]LogModuleManager: Shutting down and abandoning module PlacementMode (623)
[2025.09.29-17.53.31:379][494]LogModuleManager: Shutting down and abandoning module MaterialEditor (622)
[2025.09.29-17.53.31:379][494]LogModuleManager: Shutting down and abandoning module ActorSequenceEditor (618)
[2025.09.29-17.53.31:379][494]LogModuleManager: Shutting down and abandoning module WmfMediaFactory (616)
[2025.09.29-17.53.31:379][494]LogModuleManager: Shutting down and abandoning module WmfMediaEditor (614)
[2025.09.29-17.53.31:379][494]LogModuleManager: Shutting down and abandoning module WebMMediaFactory (612)
[2025.09.29-17.53.31:379][494]LogModuleManager: Shutting down and abandoning module WebMMediaEditor (610)
[2025.09.29-17.53.31:379][494]LogModuleManager: Shutting down and abandoning module WebMMedia (608)
[2025.09.29-17.53.31:379][494]LogModuleManager: Shutting down and abandoning module MediaPlayerEditor (606)
[2025.09.29-17.53.31:379][494]LogModuleManager: Shutting down and abandoning module MediaCompositingEditor (604)
[2025.09.29-17.53.31:379][494]LogModuleManager: Shutting down and abandoning module SequenceRecorder (603)
[2025.09.29-17.53.31:379][494]LogModuleManager: Shutting down and abandoning module OpenExrWrapper (600)
[2025.09.29-17.53.31:379][494]LogModuleManager: Shutting down and abandoning module ImgMediaFactory (598)
[2025.09.29-17.53.31:379][494]LogModuleManager: Shutting down and abandoning module ImgMediaEditor (596)
[2025.09.29-17.53.31:379][494]LogModuleManager: Shutting down and abandoning module AvfMediaFactory (594)
[2025.09.29-17.53.31:379][494]LogModuleManager: Shutting down and abandoning module AvfMediaEditor (592)
[2025.09.29-17.53.31:379][494]LogModuleManager: Shutting down and abandoning module AndroidMediaFactory (590)
[2025.09.29-17.53.31:379][494]LogModuleManager: Shutting down and abandoning module AndroidMediaEditor (588)
[2025.09.29-17.53.31:379][494]LogModuleManager: Shutting down and abandoning module MagicLeapCameraPreviewFactory (586)
[2025.09.29-17.53.31:379][494]LogModuleManager: Shutting down and abandoning module MagicLeapMediaCodecFactory (584)
[2025.09.29-17.53.31:379][494]LogModuleManager: Shutting down and abandoning module MagicLeapMediaFactory (582)
[2025.09.29-17.53.31:379][494]LogModuleManager: Shutting down and abandoning module MagicLeapMediaEditor (580)
[2025.09.29-17.53.31:379][494]LogModuleManager: Shutting down and abandoning module CharacterAI (578)
[2025.09.29-17.53.31:379][494]LogModuleManager: Shutting down and abandoning module SmartSnapping (576)
[2025.09.29-17.53.31:379][494]LogModuleManager: Shutting down and abandoning module SessionServices (574)
[2025.09.29-17.53.31:379][494]LogModuleManager: Shutting down and abandoning module MeshPaint (572)
[2025.09.29-17.53.31:379][494]LogModuleManager: Shutting down and abandoning module ViewportSnapping (570)
[2025.09.29-17.53.31:379][494]LogModuleManager: Shutting down and abandoning module ViewportInteraction (568)
[2025.09.29-17.53.31:379][494]LogModuleManager: Shutting down and abandoning module ClothPainter (566)
[2025.09.29-17.53.31:379][494]LogModuleManager: Shutting down and abandoning module SkeletalMeshEditor (565)
[2025.09.29-17.53.31:379][494]LogModuleManager: Shutting down and abandoning module LogVisualizer (562)
[2025.09.29-17.53.31:379][494]LogModuleManager: Shutting down and abandoning module IntroTutorials (560)
[2025.09.29-17.53.31:379][494]LogModuleManager: Shutting down and abandoning module GameProjectGeneration (559)
[2025.09.29-17.53.31:379][494]LogModuleManager: Shutting down and abandoning module LuminPlatformEditor (556)
[2025.09.29-17.53.31:379][494]LogModuleManager: Shutting down and abandoning module IOSPlatformEditor (554)
[2025.09.29-17.53.31:379][494]LogModuleManager: Shutting down and abandoning module HTML5PlatformEditor (552)
[2025.09.29-17.53.31:379][494]LogModuleManager: Shutting down and abandoning module AndroidPlatformEditor (550)
[2025.09.29-17.53.31:379][494]LogModuleManager: Shutting down and abandoning module AndroidDeviceDetection (549)
[2025.09.29-17.53.32:746][494]LogModuleManager: Shutting down and abandoning module WindowsPlatformEditor (546)
[2025.09.29-17.53.32:746][494]LogModuleManager: Shutting down and abandoning module LuminRuntimeSettings (544)
[2025.09.29-17.53.32:746][494]LogModuleManager: Shutting down and abandoning module IOSRuntimeSettings (542)
[2025.09.29-17.53.32:746][494]LogModuleManager: Shutting down and abandoning module AndroidRuntimeSettings (540)
[2025.09.29-17.53.32:746][494]LogModuleManager: Shutting down and abandoning module TimeManagementEditor (538)
[2025.09.29-17.53.32:746][494]LogModuleManager: Shutting down and abandoning module InputBindingEditor (536)
[2025.09.29-17.53.32:746][494]LogModuleManager: Shutting down and abandoning module MergeActors (534)
[2025.09.29-17.53.32:746][494]LogModuleManager: Shutting down and abandoning module LocalizationDashboard (532)
[2025.09.29-17.53.32:746][494]LogModuleManager: Shutting down and abandoning module LocalizationService (531)
[2025.09.29-17.53.32:746][494]LogModuleManager: Shutting down and abandoning module HardwareTargeting (528)
[2025.09.29-17.53.32:746][494]LogModuleManager: Shutting down and abandoning module DeviceProfileEditor (526)
[2025.09.29-17.53.32:746][494]LogModuleManager: Shutting down and abandoning module UndoHistory (524)
[2025.09.29-17.53.32:747][494]LogModuleManager: Shutting down and abandoning module XmlParser (522)
[2025.09.29-17.53.32:747][494]LogModuleManager: Shutting down and abandoning module Blutility (520)
[2025.09.29-17.53.32:747][494]LogModuleManager: Shutting down and abandoning module ProjectSettingsViewer (518)
[2025.09.29-17.53.32:747][494]LogModuleManager: Shutting down and abandoning module ProjectTargetPlatformEditor (517)
[2025.09.29-17.53.32:747][494]LogModuleManager: Shutting down and abandoning module EditorSettingsViewer (514)
[2025.09.29-17.53.32:747][494]LogModuleManager: Shutting down and abandoning module SettingsEditor (512)
[2025.09.29-17.53.32:747][494]LogModuleManager: Shutting down and abandoning module ProjectLauncher (510)
[2025.09.29-17.53.32:747][494]LogModuleManager: Shutting down and abandoning module SessionFrontend (508)
[2025.09.29-17.53.32:747][494]LogModuleManager: Shutting down and abandoning module ProfilerClient (506)
[2025.09.29-17.53.32:747][494]LogModuleManager: Shutting down and abandoning module DeviceManager (504)
[2025.09.29-17.53.32:747][494]LogModuleManager: Shutting down and abandoning module TargetDeviceServices (503)
[2025.09.29-17.53.32:779][494]LogModuleManager: Shutting down and abandoning module AutomationController (500)
[2025.09.29-17.53.32:779][494]LogModuleManager: Shutting down and abandoning module AutomationWindow (498)
[2025.09.29-17.53.32:779][494]LogModuleManager: Shutting down and abandoning module Layers (496)
[2025.09.29-17.53.32:779][494]LogModuleManager: Shutting down and abandoning module ComponentVisualizers (494)
[2025.09.29-17.53.32:779][494]LogModuleManager: Shutting down and abandoning module DetailCustomizations (492)
[2025.09.29-17.53.32:779][494]LogModuleManager: Shutting down and abandoning module PackagesDialog (490)
[2025.09.29-17.53.32:779][494]LogModuleManager: Shutting down and abandoning module AnimationBlueprintEditor (488)
[2025.09.29-17.53.32:779][494]LogModuleManager: Shutting down and abandoning module Persona (486)
[2025.09.29-17.53.32:779][494]LogModuleManager: Shutting down and abandoning module AdvancedPreviewScene (485)
[2025.09.29-17.53.32:779][494]LogModuleManager: Shutting down and abandoning module AnimGraph (483)
[2025.09.29-17.53.32:779][494]LogModuleManager: Shutting down and abandoning module Kismet (480)
[2025.09.29-17.53.32:784][494]LogModuleManager: Shutting down and abandoning module KismetWidgets (479)
[2025.09.29-17.53.32:784][494]LogModuleManager: Shutting down and abandoning module GraphEditor (476)
[2025.09.29-17.53.32:784][494]LogModuleManager: Shutting down and abandoning module StructViewer (474)
[2025.09.29-17.53.32:784][494]LogModuleManager: Shutting down and abandoning module ClassViewer (472)
[2025.09.29-17.53.32:785][494]LogModuleManager: Shutting down and abandoning module Toolbox (470)
[2025.09.29-17.53.32:785][494]LogModuleManager: Shutting down and abandoning module ModuleUI (468)
[2025.09.29-17.53.32:785][494]LogModuleManager: Shutting down and abandoning module MovieSceneTools (466)
[2025.09.29-17.53.32:785][494]LogModuleManager: Shutting down and abandoning module OutputLog (464)
[2025.09.29-17.53.32:787][494]LogModuleManager: Shutting down and abandoning module GammaUI (462)
[2025.09.29-17.53.32:787][494]LogModuleManager: Shutting down and abandoning module Documentation (460)
[2025.09.29-17.53.32:788][494]LogModuleManager: Shutting down and abandoning module LiveCoding (458)
[2025.09.29-17.53.32:788][494]LogModuleManager: Shutting down and abandoning module LevelSequence (456)
[2025.09.29-17.53.32:788][494]LogModuleManager: Shutting down and abandoning module MovieSceneTracks (454)
[2025.09.29-17.53.32:788][494]LogModuleManager: Shutting down and abandoning module MovieScene (452)
[2025.09.29-17.53.32:788][494]LogModuleManager: Shutting down and abandoning module StreamingPauseRendering (450)
[2025.09.29-17.53.32:788][494]LogModuleManager: Shutting down and abandoning module LauncherPlatform (448)
[2025.09.29-17.53.32:788][494]LogModuleManager: Shutting down and abandoning module AnalyticsET (446)
[2025.09.29-17.53.32:788][494]LogModuleManager: Shutting down and abandoning module PortalServices (444)
[2025.09.29-17.53.32:788][494]LogModuleManager: Shutting down and abandoning module PortalRpc (442)
[2025.09.29-17.53.32:788][494]LogModuleManager: Shutting down and abandoning module MessagingRpc (440)
[2025.09.29-17.53.32:788][494]LogModuleManager: Shutting down and abandoning module AIModule (438)
[2025.09.29-17.53.32:788][494]LogModuleManager: Shutting down and abandoning module GameplayDebugger (437)
[2025.09.29-17.53.32:788][494]LogModuleManager: Shutting down and abandoning module AITestSuite (435)
[2025.09.29-17.53.32:788][494]LogModuleManager: Shutting down and abandoning module NavigationSystem (433)
[2025.09.29-17.53.32:788][494]LogModuleManager: Shutting down and abandoning module DesktopPlatform (430)
[2025.09.29-17.53.32:788][494]LogModuleManager: Shutting down and abandoning module ImageWriteQueue (428)
[2025.09.29-17.53.32:790][494]LogModuleManager: Shutting down and abandoning module ProfilerService (426)
[2025.09.29-17.53.32:811][494]LogModuleManager: Shutting down and abandoning module TaskGraph (424)
[2025.09.29-17.53.32:811][494]LogModuleManager: Shutting down and abandoning module ScreenshotTools (422)
[2025.09.29-17.53.32:811][494]LogModuleManager: Shutting down and abandoning module SteamVRController (420)
[2025.09.29-17.53.32:811][494]LogModuleManager: Shutting down and abandoning module ProceduralMeshComponentEditor (418)
[2025.09.29-17.53.32:811][494]LogModuleManager: Shutting down and abandoning module ProceduralMeshComponent (416)
[2025.09.29-17.53.32:811][494]LogModuleManager: Shutting down and abandoning module OculusEditor (414)
[2025.09.29-17.53.32:811][494]LogModuleManager: Shutting down and abandoning module OculusInput (412)
[2025.09.29-17.53.32:811][494]LogModuleManager: Shutting down and abandoning module MobilePatchingUtils (410)
[2025.09.29-17.53.32:811][494]LogModuleManager: Shutting down and abandoning module EditableMesh (408)
[2025.09.29-17.53.32:811][494]LogModuleManager: Shutting down and abandoning module CustomMeshComponent (406)
[2025.09.29-17.53.32:811][494]LogModuleManager: Shutting down and abandoning module CableComponent (404)
[2025.09.29-17.53.32:811][494]LogModuleManager: Shutting down and abandoning module AudioCapture (402)
[2025.09.29-17.53.32:811][494]LogModuleManager: Shutting down and abandoning module ArchVisCharacter (400)
[2025.09.29-17.53.32:811][494]LogModuleManager: Shutting down and abandoning module AppleImageUtilsBlueprintSupport (398)
[2025.09.29-17.53.32:811][494]LogModuleManager: Shutting down and abandoning module AppleImageUtils (396)
[2025.09.29-17.53.32:811][494]LogModuleManager: Shutting down and abandoning module AndroidPermission (394)
[2025.09.29-17.53.32:811][494]LogModuleManager: Shutting down and abandoning module NUTUnrealEngine4 (392)
[2025.09.29-17.53.32:811][494]LogModuleManager: Shutting down and abandoning module NetcodeUnitTest (390)
[2025.09.29-17.53.32:811][494]LogModuleManager: Shutting down and abandoning module MediaCompositing (388)
[2025.09.29-17.53.32:811][494]LogModuleManager: Shutting down and abandoning module ImgMedia (386)
[2025.09.29-17.53.32:811][494]LogModuleManager: Shutting down and abandoning module MagicLeapHelperVulkan (384)
[2025.09.29-17.53.32:811][494]LogModuleManager: Shutting down and abandoning module MagicLeapHelperOpenGL (382)
[2025.09.29-17.53.32:811][494]LogModuleManager: Shutting down and abandoning module MagicLeapAudio (380)
[2025.09.29-17.53.32:811][494]LogModuleManager: Shutting down and abandoning module HTML5Networking (378)
[2025.09.29-17.53.32:811][494]LogModuleManager: Shutting down and abandoning module GeometryCacheTracks (376)
[2025.09.29-17.53.32:811][494]LogModuleManager: Shutting down and abandoning module GeometryCacheSequencer (374)
[2025.09.29-17.53.32:811][494]LogModuleManager: Shutting down and abandoning module BackChannel (372)
[2025.09.29-17.53.32:811][494]LogModuleManager: Shutting down and abandoning module AutomationUtilsEditor (370)
[2025.09.29-17.53.32:811][494]LogModuleManager: Shutting down and abandoning module AutomationUtils (368)
[2025.09.29-17.53.32:811][494]LogModuleManager: Shutting down and abandoning module AlembicImporter (366)
[2025.09.29-17.53.32:811][494]LogModuleManager: Shutting down and abandoning module AlembicLibrary (365)
[2025.09.29-17.53.32:811][494]LogModuleManager: Shutting down and abandoning module GeometryCache (364)
[2025.09.29-17.53.32:811][494]LogModuleManager: Shutting down and abandoning module GeometryCacheEd (363)
[2025.09.29-17.53.32:811][494]LogModuleManager: Shutting down and abandoning module VariantManagerContent (358)
[2025.09.29-17.53.32:811][494]LogModuleManager: Shutting down and abandoning module DatasmithContentEditor (356)
[2025.09.29-17.53.32:811][494]LogModuleManager: Shutting down and abandoning module SpeedTreeImporter (354)
[2025.09.29-17.53.32:811][494]LogModuleManager: Shutting down and abandoning module PluginBrowser (352)
[2025.09.29-17.53.32:811][494]LogModuleManager: Shutting down and abandoning module MobileLauncherProfileWizard (350)
[2025.09.29-17.53.32:811][494]LogModuleManager: Shutting down and abandoning module MaterialAnalyzer (348)
[2025.09.29-17.53.32:811][494]LogModuleManager: Shutting down and abandoning module CurveEditorTools (346)
[2025.09.29-17.53.32:811][494]LogModuleManager: Shutting down and abandoning module CurveEditor (345)
[2025.09.29-17.53.32:811][494]LogModuleManager: Shutting down and abandoning module CryptoKeysOpenSSL (342)
[2025.09.29-17.53.32:811][494]LogModuleManager: Shutting down and abandoning module CryptoKeys (340)
[2025.09.29-17.53.32:811][494]LogModuleManager: Shutting down and abandoning module VisualStudioSourceCodeAccess (338)
[2025.09.29-17.53.32:811][494]LogModuleManager: Shutting down and abandoning module VisualStudioCodeSourceCodeAccess (336)
[2025.09.29-17.53.32:811][494]LogModuleManager: Shutting down and abandoning module UObjectPlugin (334)
[2025.09.29-17.53.32:811][494]LogModuleManager: Shutting down and abandoning module SubversionSourceControl (332)
[2025.09.29-17.53.32:811][494]LogModuleManager: Shutting down and abandoning module PerforceSourceControl (330)
[2025.09.29-17.53.32:811][494]LogModuleManager: Shutting down and abandoning module GitSourceControl (328)
[2025.09.29-17.53.32:811][494]LogModuleManager: Shutting down and abandoning module SourceControl (327)
[2025.09.29-17.53.32:811][494]LogModuleManager: Shutting down and abandoning module CLionSourceCodeAccess (324)
[2025.09.29-17.53.32:811][494]LogModuleManager: Shutting down and abandoning module AnimationSharingEd (322)
[2025.09.29-17.53.32:811][494]LogModuleManager: Shutting down and abandoning module ActorLayerUtilitiesEditor (320)
[2025.09.29-17.53.32:811][494]LogModuleManager: Shutting down and abandoning module ActorLayerUtilities (318)
[2025.09.29-17.53.32:811][494]LogModuleManager: Shutting down and abandoning module LightPropagationVolumeEditor (316)
[2025.09.29-17.53.32:811][494]LogModuleManager: Shutting down and abandoning module PaperTiledImporter (314)
[2025.09.29-17.53.32:811][494]LogModuleManager: Shutting down and abandoning module PaperSpriteSheetImporter (312)
[2025.09.29-17.53.32:811][494]LogModuleManager: Shutting down and abandoning module Paper2DEditor (310)
[2025.09.29-17.53.32:811][494]LogModuleManager: Shutting down and abandoning module SignificanceManager (308)
[2025.09.29-17.53.32:811][494]LogModuleManager: Shutting down and abandoning module RuntimePhysXCooking (306)
[2025.09.29-17.53.32:811][494]LogModuleManager: Shutting down and abandoning module PhysXVehiclesEditor (304)
[2025.09.29-17.53.32:811][494]LogModuleManager: Shutting down and abandoning module LocationServicesBPLibrary (300)
[2025.09.29-17.53.32:811][494]LogModuleManager: Shutting down and abandoning module ActorSequence (298)
[2025.09.29-17.53.32:811][494]LogModuleManager: Shutting down and abandoning module UdpMessaging (296)
[2025.09.29-17.53.32:913][494]LogModuleManager: Shutting down and abandoning module TcpMessaging (294)
[2025.09.29-17.53.33:014][494]LogModuleManager: Shutting down and abandoning module MagicLeapIdentity (292)
[2025.09.29-17.53.33:014][494]LogModuleManager: Shutting down and abandoning module MagicLeapSecureStorage (290)
[2025.09.29-17.53.33:014][494]LogModuleManager: Shutting down and abandoning module MagicLeapHandTracking (288)
[2025.09.29-17.53.33:014][494]LogModuleManager: Shutting down and abandoning module MagicLeapEyeTracker (286)
[2025.09.29-17.53.33:014][494]LogModuleManager: Shutting down and abandoning module MagicLeapController (284)
[2025.09.29-17.53.33:014][494]LogSlate: Slate User Destroyed.  User Index 0, Is Virtual User: 0
[2025.09.29-17.53.33:014][494]LogModuleManager: Shutting down and abandoning module MagicLeapAR (282)
[2025.09.29-17.53.33:014][494]LogModuleManager: Shutting down and abandoning module AugmentedReality (281)
[2025.09.29-17.53.33:014][494]LogModuleManager: Shutting down and abandoning module GameplayTagsEditor (278)
[2025.09.29-17.53.33:014][494]LogModuleManager: Shutting down and abandoning module FacialAnimationEditor (276)
[2025.09.29-17.53.33:014][494]LogModuleManager: Shutting down and abandoning module FacialAnimation (274)
[2025.09.29-17.53.33:014][494]LogModuleManager: Shutting down and abandoning module DataValidation (272)
[2025.09.29-17.53.33:014][494]LogModuleManager: Shutting down and abandoning module AssetManagerEditor (270)
[2025.09.29-17.53.33:014][494]LogModuleManager: Shutting down and abandoning module LevelEditor (269)
[2025.09.29-17.53.33:014][494]LogModuleManager: Shutting down and abandoning module PixelInspectorModule (268)
[2025.09.29-17.53.33:015][494]LogModuleManager: Shutting down and abandoning module CommonMenuExtensions (266)
[2025.09.29-17.53.33:015][494]LogModuleManager: Shutting down and abandoning module MainFrame (264)
[2025.09.29-17.53.33:015][494]LogModuleManager: Shutting down and abandoning module HotReload (263)
[2025.09.29-17.53.33:015][494]LogModuleManager: Shutting down and abandoning module ContentBrowser (259)
[2025.09.29-17.53.33:016][494]LogModuleManager: Shutting down and abandoning module TreeMap (257)
[2025.09.29-17.53.33:016][494]LogModuleManager: Shutting down and abandoning module AnimationSharing (254)
[2025.09.29-17.53.33:016][494]LogModuleManager: Shutting down and abandoning module LightPropagationVolumeRuntime (252)
[2025.09.29-17.53.33:016][494]LogModuleManager: Shutting down and abandoning module Paper2D (250)
[2025.09.29-17.53.33:016][494]LogModuleManager: Shutting down and abandoning module WindowsMoviePlayer (248)
[2025.09.29-17.53.33:017][494]LogModuleManager: Shutting down and abandoning module WebMMoviePlayer (246)
[2025.09.29-17.53.33:017][494]LogModuleManager: Shutting down and abandoning module NetworkReplayStreaming (244)
[2025.09.29-17.53.33:017][494]LogModuleManager: Shutting down and abandoning module PacketHandler (242)
[2025.09.29-17.53.33:017][494]LogModuleManager: Shutting down and abandoning module ClothingSystemEditor (240)
[2025.09.29-17.53.33:017][494]LogModuleManager: Shutting down and abandoning module ClothingSystemRuntime (238)
[2025.09.29-17.53.33:017][494]LogModuleManager: Shutting down and abandoning module MediaAssets (236)
[2025.09.29-17.53.33:017][494]LogModuleManager: Shutting down and abandoning module Overlay (234)
[2025.09.29-17.53.33:017][494]LogModuleManager: Shutting down and abandoning module OverlayEditor (233)
[2025.09.29-17.53.33:017][494]LogModuleManager: Shutting down and abandoning module VREditor (230)
[2025.09.29-17.53.33:017][494]LogModuleManager: Shutting down and abandoning module StringTableEditor (228)
[2025.09.29-17.53.33:017][494]LogModuleManager: Shutting down and abandoning module GameplayTasksEditor (226)
[2025.09.29-17.53.33:017][494]LogModuleManager: Shutting down and abandoning module BehaviorTreeEditor (224)
[2025.09.29-17.53.33:017][494]LogModuleManager: Shutting down and abandoning module FunctionalTesting (222)
[2025.09.29-17.53.33:017][494]LogModuleManager: Shutting down and abandoning module CollisionAnalyzer (220)
[2025.09.29-17.53.33:017][494]LogModuleManager: Shutting down and abandoning module WorkspaceMenuStructure (219)
[2025.09.29-17.53.33:017][494]LogModuleManager: Shutting down and abandoning module UMG (216)
[2025.09.29-17.53.33:017][494]LogModuleManager: Shutting down and abandoning module UMGEditor (215)
[2025.09.29-17.53.33:017][494]LogModuleManager: Shutting down and abandoning module Sequencer (214)
[2025.09.29-17.53.33:018][494]LogModuleManager: Shutting down and abandoning module MessageLog (211)
[2025.09.29-17.53.33:018][494]LogModuleManager: Shutting down and abandoning module SlateReflector (206)
[2025.09.29-17.53.33:018][494]LogModuleManager: Shutting down and abandoning module Slate (204)
[2025.09.29-17.53.33:018][494]LogModuleManager: Shutting down and abandoning module LandscapeEditorUtilities (202)
[2025.09.29-17.53.33:018][494]LogModuleManager: Shutting down and abandoning module EditorStyle (200)
[2025.09.29-17.53.33:018][494]LogModuleManager: Shutting down and abandoning module UnrealEd (198)
[2025.09.29-17.53.33:018][494]LogModuleManager: Shutting down and abandoning module MRMesh (196)
[2025.09.29-17.53.33:018][494]LogModuleManager: Shutting down and abandoning module SourceCodeAccess (194)
[2025.09.29-17.53.33:018][494]LogModuleManager: Shutting down and abandoning module HeadMountedDisplay (192)
[2025.09.29-17.53.33:018][494]LogModuleManager: Shutting down and abandoning module XAudio2 (190)
[2025.09.29-17.53.33:018][494]LogModuleManager: Shutting down and abandoning module Networking (188)
[2025.09.29-17.53.33:018][494]LogModuleManager: Shutting down and abandoning module Core (186)
[2025.09.29-17.53.33:018][494]LogModuleManager: Shutting down and abandoning module KismetCompiler (184)
[2025.09.29-17.53.33:018][494]LogModuleManager: Shutting down and abandoning module MeshUtilities (182)
[2025.09.29-17.53.33:019][494]LogModuleManager: Shutting down and abandoning module MeshMergeUtilities (181)
[2025.09.29-17.53.33:019][494]LogModuleManager: Shutting down and abandoning module MeshReductionInterface (180)
[2025.09.29-17.53.33:019][494]LogModuleManager: Shutting down and abandoning module SkeletalMeshReduction (179)
[2025.09.29-17.53.33:019][494]LogModuleManager: Shutting down and abandoning module ProxyLODMeshReduction (177)
[2025.09.29-17.53.33:019][494]LogModuleManager: Shutting down and abandoning module QuadricMeshReduction (175)
[2025.09.29-17.53.33:019][494]LogModuleManager: Shutting down and abandoning module MaterialBaking (171)
[2025.09.29-17.53.33:019][494]LogModuleManager: Shutting down and abandoning module NullInstallBundleManager (166)
[2025.09.29-17.53.33:019][494]LogModuleManager: Shutting down and abandoning module DerivedDataCache (164)
[2025.09.29-17.53.33:019][494]LogDerivedDataCache: Shutdown
[2025.09.29-17.53.33:019][494]LogModuleManager: Shutting down and abandoning module XGEController (162)
[2025.09.29-17.53.33:019][494]LogXGEController: Cleaning working directory: C:/Users/filip/AppData/Local/Temp/UnrealXGEWorkingDir/
[2025.09.29-17.53.33:019][494]LogModuleManager: Shutting down and abandoning module TargetPlatform (160)
[2025.09.29-17.53.33:019][494]LogModuleManager: Shutting down and abandoning module VulkanShaderFormat (159)
[2025.09.29-17.53.33:019][494]LogModuleManager: Shutting down and abandoning module ShaderFormatVectorVM (157)
[2025.09.29-17.53.33:019][494]LogModuleManager: Shutting down and abandoning module ShaderFormatOpenGL (155)
[2025.09.29-17.53.33:019][494]LogModuleManager: Shutting down and abandoning module ShaderFormatD3D (153)
[2025.09.29-17.53.33:019][494]LogModuleManager: Shutting down and abandoning module MetalShaderFormat (151)
[2025.09.29-17.53.33:019][494]LogModuleManager: Shutting down and abandoning module TextureFormatUncompressed (149)
[2025.09.29-17.53.33:019][494]LogModuleManager: Shutting down and abandoning module TextureFormatPVR (147)
[2025.09.29-17.53.33:019][494]LogModuleManager: Shutting down and abandoning module TextureFormatDXT (145)
[2025.09.29-17.53.33:019][494]LogModuleManager: Shutting down and abandoning module TextureFormatIntelISPCTexComp (143)
[2025.09.29-17.53.33:019][494]LogModuleManager: Shutting down and abandoning module TextureFormatASTC (141)
[2025.09.29-17.53.33:019][494]LogModuleManager: Shutting down and abandoning module ImageWrapper (140)
[2025.09.29-17.53.33:019][494]LogModuleManager: Shutting down and abandoning module TextureFormatAndroid (137)
[2025.09.29-17.53.33:019][494]LogModuleManager: Shutting down and abandoning module AudioFormatOpus (135)
[2025.09.29-17.53.33:019][494]LogModuleManager: Shutting down and abandoning module AudioFormatOgg (133)
[2025.09.29-17.53.33:019][494]LogModuleManager: Shutting down and abandoning module AudioFormatADPCM (131)
[2025.09.29-17.53.33:019][494]LogModuleManager: Shutting down and abandoning module LuminTargetPlatform (129)
[2025.09.29-17.53.33:023][494]LogModuleManager: Shutting down and abandoning module LinuxTargetPlatform (127)
[2025.09.29-17.53.33:023][494]LogModuleManager: Shutting down and abandoning module LinuxServerTargetPlatform (125)
[2025.09.29-17.53.33:023][494]LogModuleManager: Shutting down and abandoning module LinuxNoEditorTargetPlatform (123)
[2025.09.29-17.53.33:023][494]LogModuleManager: Shutting down and abandoning module LinuxClientTargetPlatform (121)
[2025.09.29-17.53.33:023][494]LogModuleManager: Shutting down and abandoning module TVOSTargetPlatform (119)
[2025.09.29-17.53.33:025][494]LogModuleManager: Shutting down and abandoning module Messaging (117)
[2025.09.29-17.53.33:025][494]LogModuleManager: Shutting down and abandoning module IOSTargetPlatform (115)
[2025.09.29-17.53.33:027][494]LogModuleManager: Shutting down and abandoning module HTML5TargetPlatform (113)
[2025.09.29-17.53.33:027][494]LogModuleManager: Shutting down and abandoning module AndroidTargetPlatform (111)
[2025.09.29-17.53.33:038][494]LogModuleManager: Shutting down and abandoning module WindowsTargetPlatform (109)
[2025.09.29-17.53.33:038][494]LogModuleManager: Shutting down and abandoning module WindowsServerTargetPlatform (107)
[2025.09.29-17.53.33:038][494]LogModuleManager: Shutting down and abandoning module WindowsNoEditorTargetPlatform (105)
[2025.09.29-17.53.33:038][494]LogModuleManager: Shutting down and abandoning module WindowsClientTargetPlatform (103)
[2025.09.29-17.53.33:038][494]LogModuleManager: Shutting down and abandoning module MacTargetPlatform (101)
[2025.09.29-17.53.33:039][494]LogModuleManager: Shutting down and abandoning module MacServerTargetPlatform (99)
[2025.09.29-17.53.33:039][494]LogModuleManager: Shutting down and abandoning module MacNoEditorTargetPlatform (97)
[2025.09.29-17.53.33:039][494]LogModuleManager: Shutting down and abandoning module MacClientTargetPlatform (95)
[2025.09.29-17.53.33:039][494]LogModuleManager: Shutting down and abandoning module AllDesktopTargetPlatform (93)
[2025.09.29-17.53.33:039][494]LogModuleManager: Shutting down and abandoning module InputCore (90)
[2025.09.29-17.53.33:039][494]LogModuleManager: Shutting down and abandoning module Settings (88)
[2025.09.29-17.53.33:039][494]LogModuleManager: Shutting down and abandoning module DirectoryWatcher (86)
[2025.09.29-17.53.33:039][494]LogModuleManager: Shutting down and abandoning module PhysXCooking (84)
[2025.09.29-17.53.33:039][494]LogModuleManager: Shutting down and abandoning module WindowsPlatformFeatures (82)
[2025.09.29-17.53.33:039][494]LogModuleManager: Shutting down and abandoning module GameplayMediaEncoder (81)
[2025.09.29-17.53.33:039][494]LogModuleManager: Shutting down and abandoning module SteamVR (78)
[2025.09.29-17.53.33:039][494]LogHMD: Freeing OpenVRDLLHandle.
[2025.09.29-17.53.33:039][494]LogModuleManager: Shutting down and abandoning module OculusHMD (76)
[2025.09.29-17.53.33:039][494]LogModuleManager: Shutting down and abandoning module ExampleDeviceProfileSelector (74)
[2025.09.29-17.53.33:039][494]LogModuleManager: Shutting down and abandoning module LauncherChunkInstaller (72)
[2025.09.29-17.53.33:039][494]LogModuleManager: Shutting down and abandoning module OnlineBlueprintSupport (70)
[2025.09.29-17.53.33:039][494]LogModuleManager: Shutting down and abandoning module OnlineSubsystem (66)
[2025.09.29-17.53.33:040][494]LogModuleManager: Shutting down and abandoning module XMPP (61)
[2025.09.29-17.53.33:040][494]LogModuleManager: Shutting down and abandoning module WebSockets (60)
[2025.09.29-17.53.33:051][494]LogModuleManager: Shutting down and abandoning module HTTP (57)
[2025.09.29-17.53.33:051][494]LogHttp: Display: Http module shutting down, but needs to wait on 2 outstanding Http requests:
[2025.09.29-17.53.33:051][494]LogHttp: Display: 	verb=[POST] url=[https://datarouter.ol.epicgames.com/datarouter/api/v1/public/data?SessionID=%7BAA865DD0-4132-BE6A-F983-D1A85B913165%7D&AppID=UEEditor.Rocket.Release&AppVersion=4.23.1-9631420%2B%2B%2BUE4%2BRelease-4.23&UserID=949d6d2f4e73f47cf0df6da8ac6ec544%7Cf6505ac2318441b49fa9ef8f1a88c912%7Ce6497920-171f-4fd8-8745-10581ae91647&AppEnvironment=datacollector-binary&UploadType=eteventstream] status=Processing
[2025.09.29-17.53.33:051][494]LogHttp: Display: 	verb=[POST] url=[https://datarouter.ol.epicgames.com/datarouter/api/v1/public/data?SessionID=%7BAA865DD0-4132-BE6A-F983-D1A85B913165%7D&AppID=UEEditor.Rocket.Release&AppVersion=4.23.1-9631420%2B%2B%2BUE4%2BRelease-4.23&UserID=949d6d2f4e73f47cf0df6da8ac6ec544%7Cf6505ac2318441b49fa9ef8f1a88c912%7Ce6497920-171f-4fd8-8745-10581ae91647&AppEnvironment=datacollector-binary&UploadType=eteventstream] status=Processing
[2025.09.29-17.53.33:055][494]LogModuleManager: Shutting down and abandoning module SSL (56)
[2025.09.29-17.53.33:056][494]LogModuleManager: Shutting down and abandoning module WmfMedia (52)
[2025.09.29-17.53.33:057][494]LogModuleManager: Shutting down and abandoning module Media (51)
[2025.09.29-17.53.33:057][494]LogModuleManager: Shutting down and abandoning module MagicLeap (48)
[2025.09.29-17.53.33:057][494]LogModuleManager: Shutting down and abandoning module DatasmithContent (46)
[2025.09.29-17.53.33:058][494]LogModuleManager: Shutting down and abandoning module AISupportModule (44)
[2025.09.29-17.53.33:058][494]LogModuleManager: Shutting down and abandoning module PlatformCryptoOpenSSL (42)
[2025.09.29-17.53.33:058][494]LogModuleManager: Shutting down and abandoning module PlatformCrypto (40)
[2025.09.29-17.53.33:058][494]LogModuleManager: Shutting down and abandoning module AnimationModifiers (38)
[2025.09.29-17.53.33:058][494]LogModuleManager: Shutting down and abandoning module PropertyEditor (37)
[2025.09.29-17.53.33:059][494]LogModuleManager: Shutting down and abandoning module AudioEditor (34)
[2025.09.29-17.53.33:059][494]LogModuleManager: Shutting down and abandoning module TextureCompressor (32)
[2025.09.29-17.53.33:059][494]LogModuleManager: Shutting down and abandoning module RenderCore (30)
[2025.09.29-17.53.33:059][494]LogModuleManager: Shutting down and abandoning module Landscape (28)
[2025.09.29-17.53.33:059][494]LogModuleManager: Shutting down and abandoning module SlateRHIRenderer (26)
[2025.09.29-17.53.33:060][494]LogModuleManager: Shutting down and abandoning module OpenGLDrv (24)
[2025.09.29-17.53.33:060][494]LogModuleManager: Shutting down and abandoning module D3D11RHI (22)
[2025.09.29-17.53.33:060][494]LogModuleManager: Shutting down and abandoning module AnimGraphRuntime (20)
[2025.09.29-17.53.33:060][494]LogModuleManager: Shutting down and abandoning module Renderer (18)
[2025.09.29-17.53.33:060][494]LogModuleManager: Shutting down and abandoning module Engine (16)
[2025.09.29-17.53.33:060][494]LogModuleManager: Shutting down and abandoning module CoreUObject (14)
[2025.09.29-17.53.33:060][494]LogModuleManager: Shutting down and abandoning module NetworkFile (12)
[2025.09.29-17.53.33:060][494]LogModuleManager: Shutting down and abandoning module CookedIterativeFile (10)
[2025.09.29-17.53.33:060][494]LogModuleManager: Shutting down and abandoning module StreamingFile (8)
[2025.09.29-17.53.33:060][494]LogModuleManager: Shutting down and abandoning module SandboxFile (6)
[2025.09.29-17.53.33:060][494]LogModuleManager: Shutting down and abandoning module PakFile (4)
[2025.09.29-17.53.33:060][494]LogModuleManager: Shutting down and abandoning module RSA (3)
[2025.09.29-17.53.33:064][494]LogD3D11RHI: Shutdown
[2025.09.29-17.53.33:064][494]LogD3D11RHI: CleanupD3DDevice
[2025.09.29-17.53.33:065][494]LogRendererCore: FGlobalDynamicReadBuffer::Cleanup()
[2025.09.29-17.53.33:065][494]LogRendererCore: FGlobalDynamicReadBuffer::Cleanup()
[2025.09.29-17.53.33:065][494]LogRendererCore: FGlobalDynamicReadBuffer::Cleanup()
[2025.09.29-17.53.33:067][494]LogD3D11RHI: ~FD3D11DynamicRHI
[2025.09.29-17.53.33:074][494]LogExit: Exiting.
[2025.09.29-17.53.33:087][494]Log file closed, 09/29/25 19:53:33
