Log file open, 09/12/25 15:38:14
LogWindows: Failed to load 'aqProf.dll' (GetLastError=126)
LogWindows: File 'aqProf.dll' does not exist
LogWindows: Failed to load 'VtuneApi.dll' (GetLastError=126)
LogWindows: File 'VtuneApi.dll' does not exist
LogWindows: Failed to load 'VtuneApi32e.dll' (GetLastError=126)
LogWindows: File 'VtuneApi32e.dll' does not exist
LogConsoleResponse: Display: Failed to find resolution value strings in scalability ini. Falling back to default.
LogInit: Display: Running engine for game: GameJamCrew
LogPlatformFile: Not using cached read wrapper
LogTaskGraph: Started task graph with 5 named threads and 71 total threads with 3 sets of task threads.
LogStats: Stats thread started at 0.040140
LogD3D11RHI: Loaded GFSDK_Aftermath_Lib.x64.dll
LogICUInternationalization: ICU TimeZone Detection - Raw Offset: +0:00, Platform Override: ''
LogPluginManager: Mounting plugin Paper2D
LogPluginManager: Mounting plugin AISupport
LogPluginManager: Mounting plugin LightPropagationVolume
LogPluginManager: Mounting plugin ActorLayerUtilities
LogPluginManager: Mounting plugin AnimationSharing
LogPluginManager: Mounting plugin CLionSourceCodeAccess
LogPluginManager: Mounting plugin CodeLiteSourceCodeAccess
LogPluginManager: Mounting plugin GitSourceControl
LogPluginManager: Mounting plugin KDevelopSourceCodeAccess
LogPluginManager: Mounting plugin NullSourceCodeAccess
LogPluginManager: Mounting plugin PerforceSourceControl
LogPluginManager: Mounting plugin SubversionSourceControl
LogPluginManager: Mounting plugin UObjectPlugin
LogPluginManager: Mounting plugin VisualStudioCodeSourceCodeAccess
LogPluginManager: Mounting plugin VisualStudioSourceCodeAccess
LogPluginManager: Mounting plugin XCodeSourceCodeAccess
LogPluginManager: Mounting plugin AssetManagerEditor
LogPluginManager: Mounting plugin CryptoKeys
LogPluginManager: Mounting plugin CurveEditorTools
LogPluginManager: Mounting plugin DataValidation
LogPluginManager: Mounting plugin FacialAnimation
LogPluginManager: Mounting plugin GameplayTagsEditor
LogPluginManager: Mounting plugin MacGraphicsSwitching
LogPluginManager: Mounting plugin MaterialAnalyzer
LogPluginManager: Mounting plugin MobileLauncherProfileWizard
LogPluginManager: Mounting plugin PluginBrowser
LogPluginManager: Mounting plugin SpeedTreeImporter
LogPluginManager: Mounting plugin DatasmithContent
LogPluginManager: Mounting plugin VariantManagerContent
LogPluginManager: Mounting plugin AlembicImporter
LogPluginManager: Mounting plugin AutomationUtils
LogPluginManager: Mounting plugin BackChannel
LogPluginManager: Mounting plugin CharacterAI
LogPluginManager: Mounting plugin GeometryCache
LogPluginManager: Mounting plugin HTML5Networking
LogPluginManager: Mounting plugin PlatformCrypto
LogPluginManager: Mounting plugin ProxyLODPlugin
LogPluginManager: Mounting plugin SkeletalReduction
LogPluginManager: Mounting plugin MagicLeap
LogPluginManager: Mounting plugin MagicLeapMedia
LogPluginManager: Mounting plugin AndroidMedia
LogPluginManager: Mounting plugin AvfMedia
LogPluginManager: Mounting plugin ImgMedia
LogPluginManager: Mounting plugin MediaCompositing
LogPluginManager: Mounting plugin MediaPlayerEditor
LogPluginManager: Mounting plugin WebMMedia
LogPluginManager: Mounting plugin WmfMedia
LogPluginManager: Mounting plugin TcpMessaging
LogPluginManager: Mounting plugin UdpMessaging
LogPluginManager: Mounting plugin ActorSequence
LogPluginManager: Mounting plugin LevelSequenceEditor
LogPluginManager: Mounting plugin MatineeToLevelSequence
LogPluginManager: Mounting plugin NetcodeUnitTest
LogPluginManager: Mounting plugin NUTUnrealEngine4
LogPluginManager: Mounting plugin OnlineSubsystemGooglePlay
LogPluginManager: Mounting plugin OnlineSubsystemIOS
LogPluginManager: Mounting plugin OnlineSubsystem
LogPluginManager: Mounting plugin OnlineSubsystemNull
LogPluginManager: Mounting plugin OnlineSubsystemUtils
LogPluginManager: Mounting plugin LauncherChunkInstaller
LogPluginManager: Mounting plugin AndroidDeviceProfileSelector
LogPluginManager: Mounting plugin AndroidMoviePlayer
LogPluginManager: Mounting plugin AndroidPermission
LogPluginManager: Mounting plugin AppleImageUtils
LogPluginManager: Mounting plugin AppleMoviePlayer
LogPluginManager: Mounting plugin ArchVisCharacter
LogPluginManager: Mounting plugin AudioCapture
LogPluginManager: Mounting plugin CableComponent
LogPluginManager: Mounting plugin CustomMeshComponent
LogPluginManager: Mounting plugin EditableMesh
LogPluginManager: Mounting plugin ExampleDeviceProfileSelector
LogPluginManager: Mounting plugin GoogleCloudMessaging
LogPluginManager: Mounting plugin IOSDeviceProfileSelector
LogPluginManager: Mounting plugin LinuxDeviceProfileSelector
LogPluginManager: Mounting plugin LocationServicesBPLibrary
LogPluginManager: Mounting plugin MobilePatchingUtils
LogPluginManager: Mounting plugin OculusVR
LogPluginManager: Mounting plugin PhysXVehicles
LogPluginManager: Mounting plugin ProceduralMeshComponent
LogPluginManager: Mounting plugin RuntimePhysXCooking
LogPluginManager: Mounting plugin SignificanceManager
LogPluginManager: Mounting plugin SteamVR
LogPluginManager: Mounting plugin WebMMoviePlayer
LogPluginManager: Mounting plugin WindowsMoviePlayer
LogPluginManager: Mounting plugin ScreenshotTools
LogInit: Using libcurl 7.55.1-DEV
LogInit:  - built for x86_64-pc-win32
LogInit:  - supports SSL with OpenSSL/1.1.1
LogInit:  - supports HTTP deflate (compression) using libz 1.2.8
LogInit:  - other features:
LogInit:      CURL_VERSION_SSL
LogInit:      CURL_VERSION_LIBZ
LogInit:      CURL_VERSION_IPV6
LogInit:      CURL_VERSION_ASYNCHDNS
LogInit:      CURL_VERSION_LARGEFILE
LogInit:      CURL_VERSION_IDN
LogInit:  CurlRequestOptions (configurable via config and command line):
LogInit:  - bVerifyPeer = true  - Libcurl will verify peer certificate
LogInit:  - bUseHttpProxy = false  - Libcurl will NOT use HTTP proxy
LogInit:  - bDontReuseConnections = false  - Libcurl will reuse connections
LogInit:  - MaxHostConnections = 16  - Libcurl will limit the number of connections to a host
LogInit:  - LocalHostAddr = Default
LogInit:  - BufferSize = 65536
LogOnline: OSS: Creating online subsystem instance for: NULL
LogInit: WinSock: version 1.1 (2.2), MaxSocks=32767, MaxUdp=65467
LogInit: Build: ++UE4+Release-4.23-CL-9631420
LogInit: Engine Version: 4.23.1-9631420+++UE4+Release-4.23
LogInit: Compatible Engine Version: 4.23.0-8386587+++UE4+Release-4.23
LogInit: Net CL: 8386587
LogInit: OS: Windows 10 (Release 2009) (), CPU: AMD Ryzen 9 7900X 12-Core Processor            , GPU: NVIDIA GeForce RTX 4090
LogInit: Compiled (64-bit): Oct 18 2019 02:07:44
LogInit: Compiled with Visual C++: 19.16.27030.01
LogInit: Build Configuration: Development
LogInit: Branch Name: ++UE4+Release-4.23
LogInit: Command Line: 
LogInit: Base Directory: C:/Program Files/Epic Games/UE_4.23/Engine/Binaries/Win64/
LogInit: Installed Engine Build: 1
LogDevObjectVersion: Number of dev versions registered: 23
LogDevObjectVersion:   Dev-Blueprints (B0D832E4-1F89-4F0D-ACCF-7EB736FD4AA2): 10
LogDevObjectVersion:   Dev-Build (E1C64328-A22C-4D53-A36C-8E866417BD8C): 0
LogDevObjectVersion:   Dev-Core (375EC13C-06E4-48FB-B500-84F0262A717E): 3
LogDevObjectVersion:   Dev-Editor (E4B068ED-F494-42E9-A231-DA0B2E46BB41): 34
LogDevObjectVersion:   Dev-Framework (CFFC743F-43B0-4480-9391-14DF171D2073): 35
LogDevObjectVersion:   Dev-Mobile (B02B49B5-BB20-44E9-A304-32B752E40360): 2
LogDevObjectVersion:   Dev-Networking (A4E4105C-59A1-49B5-A7C5-40C4547EDFEE): 0
LogDevObjectVersion:   Dev-Online (39C831C9-5AE6-47DC-9A44-9C173E1C8E7C): 0
LogDevObjectVersion:   Dev-Physics (78F01B33-EBEA-4F98-B9B4-84EACCB95AA2): 0
LogDevObjectVersion:   Dev-Platform (6631380F-2D4D-43E0-8009-CF276956A95A): 0
LogDevObjectVersion:   Dev-Rendering (12F88B9F-8875-4AFC-A67C-D90C383ABD29): 31
LogDevObjectVersion:   Dev-Sequencer (7B5AE74C-D270-4C10-A958-57980B212A5A): 11
LogDevObjectVersion:   Dev-VR (D7296918-1DD6-4BDD-9DE2-64A83CC13884): 2
LogDevObjectVersion:   Dev-LoadTimes (C2A15278-BFE7-4AFE-6C17-90FF531DF755): 1
LogDevObjectVersion:   Private-Geometry (6EACA3D4-40EC-4CC1-B786-8BED09428FC5): 3
LogDevObjectVersion:   Dev-AnimPhys (29E575DD-E0A3-4627-9D10-D276232CDCEA): 17
LogDevObjectVersion:   Dev-Anim (AF43A65D-7FD3-4947-9873-3E8ED9C1BB05): 2
LogDevObjectVersion:   Dev-ReflectionCapture (6B266CEC-1EC7-4B8F-A30B-E4D90942FC07): 1
LogDevObjectVersion:   Dev-Automation (0DF73D61-A23F-47EA-B727-89E90C41499A): 1
LogDevObjectVersion:   FortniteMain (601D1886-AC64-4F84-AA16-D3DE0DEAC7D6): 27
LogDevObjectVersion:   Dev-Enterprise (9DFFBCD6-494F-0158-E221-12823C92A888): 6
LogDevObjectVersion:   Dev-Niagara (F2AED0AC-9AFE-416F-8664-AA7FFA26D6FC): 1
LogDevObjectVersion:   Dev-Destruction (174F1F0B-B4C6-45A5-B13F-2EE8D0FB917D): 9
LogInit: Presizing for max 16777216 objects, including 0 objects not considered by GC, pre-allocating 0 bytes for permanent pool.
LogInit: Object subsystem initialized
LogConfig: Setting CVar [[con.DebugEarlyDefault:1]]
LogConfig: Setting CVar [[r.setres:1280x720]]
[2025.09.12-14.38.14:435][  0]LogConfig: Setting CVar [[r.VSync:0]]
[2025.09.12-14.38.14:435][  0]LogConfig: Setting CVar [[r.RHICmdBypass:0]]
[2025.09.12-14.38.14:435][  0]LogConfig: Applying CVar settings from Section [/Script/Engine.RendererSettings] File [C:/Users/Isaac/Desktop/GAMEJAM/GameJamHGGUnreal4.23.1/GameJamCrew/Saved/Config/Windows/Engine.ini]
[2025.09.12-14.38.14:435][  0]LogConfig: Setting CVar [[r.GPUCrashDebugging:0]]
[2025.09.12-14.38.14:435][  0]LogConfig: Applying CVar settings from Section [/Script/Engine.RendererOverrideSettings] File [C:/Users/Isaac/Desktop/GAMEJAM/GameJamHGGUnreal4.23.1/GameJamCrew/Saved/Config/Windows/Engine.ini]
[2025.09.12-14.38.14:435][  0]LogConfig: Applying CVar settings from Section [/Script/Engine.StreamingSettings] File [C:/Users/Isaac/Desktop/GAMEJAM/GameJamHGGUnreal4.23.1/GameJamCrew/Saved/Config/Windows/Engine.ini]
[2025.09.12-14.38.14:435][  0]LogConfig: Setting CVar [[s.MinBulkDataSizeForAsyncLoading:131072]]
[2025.09.12-14.38.14:435][  0]LogConfig: Setting CVar [[s.AsyncLoadingThreadEnabled:0]]
[2025.09.12-14.38.14:435][  0]LogConfig: Setting CVar [[s.EventDrivenLoaderEnabled:1]]
[2025.09.12-14.38.14:435][  0]LogConfig: Setting CVar [[s.WarnIfTimeLimitExceeded:0]]
[2025.09.12-14.38.14:435][  0]LogConfig: Setting CVar [[s.TimeLimitExceededMultiplier:1.5]]
[2025.09.12-14.38.14:435][  0]LogConfig: Setting CVar [[s.TimeLimitExceededMinTime:0.005]]
[2025.09.12-14.38.14:435][  0]LogConfig: Setting CVar [[s.UseBackgroundLevelStreaming:1]]
[2025.09.12-14.38.14:435][  0]LogConfig: Setting CVar [[s.PriorityAsyncLoadingExtraTime:15.0]]
[2025.09.12-14.38.14:435][  0]LogConfig: Setting CVar [[s.LevelStreamingActorsUpdateTimeLimit:5.0]]
[2025.09.12-14.38.14:435][  0]LogConfig: Setting CVar [[s.PriorityLevelStreamingActorsUpdateExtraTime:5.0]]
[2025.09.12-14.38.14:435][  0]LogConfig: Setting CVar [[s.LevelStreamingComponentsRegistrationGranularity:10]]
[2025.09.12-14.38.14:435][  0]LogConfig: Setting CVar [[s.UnregisterComponentsTimeLimit:1.0]]
[2025.09.12-14.38.14:435][  0]LogConfig: Setting CVar [[s.LevelStreamingComponentsUnregistrationGranularity:5]]
[2025.09.12-14.38.14:435][  0]LogConfig: Applying CVar settings from Section [/Script/Engine.GarbageCollectionSettings] File [C:/Users/Isaac/Desktop/GAMEJAM/GameJamHGGUnreal4.23.1/GameJamCrew/Saved/Config/Windows/Engine.ini]
[2025.09.12-14.38.14:435][  0]LogConfig: Setting CVar [[gc.MaxObjectsNotConsideredByGC:1]]
[2025.09.12-14.38.14:435][  0]LogConfig: Setting CVar [[gc.SizeOfPermanentObjectPool:0]]
[2025.09.12-14.38.14:435][  0]LogConfig: Setting CVar [[gc.FlushStreamingOnGC:0]]
[2025.09.12-14.38.14:435][  0]LogConfig: Setting CVar [[gc.NumRetriesBeforeForcingGC:10]]
[2025.09.12-14.38.14:435][  0]LogConfig: Setting CVar [[gc.AllowParallelGC:1]]
[2025.09.12-14.38.14:435][  0]LogConfig: Setting CVar [[gc.TimeBetweenPurgingPendingKillObjects:61.1]]
[2025.09.12-14.38.14:435][  0]LogConfig: Setting CVar [[gc.MaxObjectsInEditor:16777216]]
[2025.09.12-14.38.14:435][  0]LogConfig: Setting CVar [[gc.IncrementalBeginDestroyEnabled:1]]
[2025.09.12-14.38.14:435][  0]LogConfig: Setting CVar [[gc.CreateGCClusters:1]]
[2025.09.12-14.38.14:435][  0]LogConfig: Setting CVar [[gc.MinGCClusterSize:5]]
[2025.09.12-14.38.14:435][  0]LogConfig: Setting CVar [[gc.ActorClusteringEnabled:0]]
[2025.09.12-14.38.14:435][  0]LogConfig: Setting CVar [[gc.BlueprintClusteringEnabled:0]]
[2025.09.12-14.38.14:435][  0]LogConfig: Setting CVar [[gc.UseDisregardForGCOnDedicatedServers:0]]
[2025.09.12-14.38.14:435][  0]LogConfig: Applying CVar settings from Section [/Script/Engine.NetworkSettings] File [C:/Users/Isaac/Desktop/GAMEJAM/GameJamHGGUnreal4.23.1/GameJamCrew/Saved/Config/Windows/Engine.ini]
[2025.09.12-14.38.14:435][  0]LogConfig: Applying CVar settings from Section [/Script/UnrealEd.CookerSettings] File [C:/Users/Isaac/Desktop/GAMEJAM/GameJamHGGUnreal4.23.1/GameJamCrew/Saved/Config/Windows/Engine.ini]
[2025.09.12-14.38.14:436][  0]LogConfig: Applying CVar settings from Section [ViewDistanceQuality@3] File [C:/Users/Isaac/Desktop/GAMEJAM/GameJamHGGUnreal4.23.1/GameJamCrew/Saved/Config/Windows/Scalability.ini]
[2025.09.12-14.38.14:436][  0]LogConfig: Setting CVar [[r.SkeletalMeshLODBias:0]]
[2025.09.12-14.38.14:436][  0]LogConfig: Setting CVar [[r.ViewDistanceScale:1.0]]
[2025.09.12-14.38.14:436][  0]LogConfig: Applying CVar settings from Section [AntiAliasingQuality@3] File [C:/Users/Isaac/Desktop/GAMEJAM/GameJamHGGUnreal4.23.1/GameJamCrew/Saved/Config/Windows/Scalability.ini]
[2025.09.12-14.38.14:436][  0]LogConfig: Setting CVar [[r.PostProcessAAQuality:4]]
[2025.09.12-14.38.14:436][  0]LogConfig: Applying CVar settings from Section [ShadowQuality@3] File [C:/Users/Isaac/Desktop/GAMEJAM/GameJamHGGUnreal4.23.1/GameJamCrew/Saved/Config/Windows/Scalability.ini]
[2025.09.12-14.38.14:436][  0]LogConfig: Setting CVar [[r.LightFunctionQuality:1]]
[2025.09.12-14.38.14:437][  0]LogConfig: Setting CVar [[r.ShadowQuality:5]]
[2025.09.12-14.38.14:437][  0]LogConfig: Setting CVar [[r.Shadow.CSM.MaxCascades:10]]
[2025.09.12-14.38.14:437][  0]LogConfig: Setting CVar [[r.Shadow.MaxResolution:2048]]
[2025.09.12-14.38.14:437][  0]LogConfig: Setting CVar [[r.Shadow.MaxCSMResolution:2048]]
[2025.09.12-14.38.14:437][  0]LogConfig: Setting CVar [[r.Shadow.RadiusThreshold:0.01]]
[2025.09.12-14.38.14:437][  0]LogConfig: Setting CVar [[r.Shadow.DistanceScale:1.0]]
[2025.09.12-14.38.14:437][  0]LogConfig: Setting CVar [[r.Shadow.CSM.TransitionScale:1.0]]
[2025.09.12-14.38.14:437][  0]LogConfig: Setting CVar [[r.Shadow.PreShadowResolutionFactor:1.0]]
[2025.09.12-14.38.14:437][  0]LogConfig: Setting CVar [[r.DistanceFieldShadowing:1]]
[2025.09.12-14.38.14:437][  0]LogConfig: Setting CVar [[r.DistanceFieldAO:1]]
[2025.09.12-14.38.14:437][  0]LogConfig: Setting CVar [[r.AOQuality:2]]
[2025.09.12-14.38.14:437][  0]LogConfig: Setting CVar [[r.VolumetricFog:1]]
[2025.09.12-14.38.14:437][  0]LogConfig: Setting CVar [[r.VolumetricFog.GridPixelSize:8]]
[2025.09.12-14.38.14:437][  0]LogConfig: Setting CVar [[r.VolumetricFog.GridSizeZ:128]]
[2025.09.12-14.38.14:437][  0]LogConfig: Setting CVar [[r.VolumetricFog.HistoryMissSupersampleCount:4]]
[2025.09.12-14.38.14:437][  0]LogConfig: Setting CVar [[r.LightMaxDrawDistanceScale:1]]
[2025.09.12-14.38.14:437][  0]LogConfig: Setting CVar [[r.CapsuleShadows:1]]
[2025.09.12-14.38.14:437][  0]LogConfig: Applying CVar settings from Section [PostProcessQuality@3] File [C:/Users/Isaac/Desktop/GAMEJAM/GameJamHGGUnreal4.23.1/GameJamCrew/Saved/Config/Windows/Scalability.ini]
[2025.09.12-14.38.14:437][  0]LogConfig: Setting CVar [[r.MotionBlurQuality:4]]
[2025.09.12-14.38.14:437][  0]LogConfig: Setting CVar [[r.AmbientOcclusionMipLevelFactor:0.4]]
[2025.09.12-14.38.14:437][  0]LogConfig: Setting CVar [[r.AmbientOcclusionMaxQuality:100]]
[2025.09.12-14.38.14:437][  0]LogConfig: Setting CVar [[r.AmbientOcclusionLevels:-1]]
[2025.09.12-14.38.14:437][  0]LogConfig: Setting CVar [[r.AmbientOcclusionRadiusScale:1.0]]
[2025.09.12-14.38.14:437][  0]LogConfig: Setting CVar [[r.DepthOfFieldQuality:2]]
[2025.09.12-14.38.14:437][  0]LogConfig: Setting CVar [[r.RenderTargetPoolMin:400]]
[2025.09.12-14.38.14:437][  0]LogConfig: Setting CVar [[r.LensFlareQuality:2]]
[2025.09.12-14.38.14:437][  0]LogConfig: Setting CVar [[r.SceneColorFringeQuality:1]]
[2025.09.12-14.38.14:437][  0]LogConfig: Setting CVar [[r.EyeAdaptationQuality:2]]
[2025.09.12-14.38.14:437][  0]LogConfig: Setting CVar [[r.BloomQuality:5]]
[2025.09.12-14.38.14:437][  0]LogConfig: Setting CVar [[r.FastBlurThreshold:100]]
[2025.09.12-14.38.14:437][  0]LogConfig: Setting CVar [[r.Upscale.Quality:3]]
[2025.09.12-14.38.14:437][  0]LogConfig: Setting CVar [[r.Tonemapper.GrainQuantization:1]]
[2025.09.12-14.38.14:437][  0]LogConfig: Setting CVar [[r.LightShaftQuality:1]]
[2025.09.12-14.38.14:437][  0]LogConfig: Setting CVar [[r.Filter.SizeScale:1]]
[2025.09.12-14.38.14:437][  0]LogConfig: Setting CVar [[r.Tonemapper.Quality:5]]
[2025.09.12-14.38.14:437][  0]LogConfig: Setting CVar [[r.DOF.Gather.AccumulatorQuality:1        ; higher gathering accumulator quality]]
[2025.09.12-14.38.14:437][  0]LogConfig: Setting CVar [[r.DOF.Gather.PostfilterMethod:1          ; Median3x3 postfilering method]]
[2025.09.12-14.38.14:437][  0]LogConfig: Setting CVar [[r.DOF.Gather.EnableBokehSettings:0       ; no bokeh simulation when gathering]]
[2025.09.12-14.38.14:437][  0]LogConfig: Setting CVar [[r.DOF.Gather.RingCount:4                 ; medium number of samples when gathering]]
[2025.09.12-14.38.14:437][  0]LogConfig: Setting CVar [[r.DOF.Scatter.ForegroundCompositing:1    ; additive foreground scattering]]
[2025.09.12-14.38.14:437][  0]LogConfig: Setting CVar [[r.DOF.Scatter.BackgroundCompositing:2    ; additive background scattering]]
[2025.09.12-14.38.14:437][  0]LogConfig: Setting CVar [[r.DOF.Scatter.EnableBokehSettings:1      ; bokeh simulation when scattering]]
[2025.09.12-14.38.14:437][  0]LogConfig: Setting CVar [[r.DOF.Scatter.MaxSpriteRatio:0.1         ; only a maximum of 10% of scattered bokeh]]
[2025.09.12-14.38.14:437][  0]LogConfig: Setting CVar [[r.DOF.Recombine.Quality:1                ; cheap slight out of focus]]
[2025.09.12-14.38.14:437][  0]LogConfig: Setting CVar [[r.DOF.Recombine.EnableBokehSettings:0    ; no bokeh simulation on slight out of focus]]
[2025.09.12-14.38.14:437][  0]LogConfig: Setting CVar [[r.DOF.TemporalAAQuality:1                ; more stable temporal accumulation]]
[2025.09.12-14.38.14:437][  0]LogConfig: Setting CVar [[r.DOF.Kernel.MaxForegroundRadius:0.025]]
[2025.09.12-14.38.14:437][  0]LogConfig: Setting CVar [[r.DOF.Kernel.MaxBackgroundRadius:0.025]]
[2025.09.12-14.38.14:437][  0]LogConfig: Applying CVar settings from Section [TextureQuality@3] File [C:/Users/Isaac/Desktop/GAMEJAM/GameJamHGGUnreal4.23.1/GameJamCrew/Saved/Config/Windows/Scalability.ini]
[2025.09.12-14.38.14:437][  0]LogConfig: Setting CVar [[r.Streaming.MipBias:0]]
[2025.09.12-14.38.14:437][  0]LogConfig: Setting CVar [[r.Streaming.AmortizeCPUToGPUCopy:0]]
[2025.09.12-14.38.14:437][  0]LogConfig: Setting CVar [[r.Streaming.MaxNumTexturesToStreamPerFrame:0]]
[2025.09.12-14.38.14:437][  0]LogConfig: Setting CVar [[r.Streaming.Boost:1]]
[2025.09.12-14.38.14:437][  0]LogConfig: Setting CVar [[r.MaxAnisotropy:8]]
[2025.09.12-14.38.14:437][  0]LogConfig: Setting CVar [[r.Streaming.LimitPoolSizeToVRAM:0]]
[2025.09.12-14.38.14:437][  0]LogConfig: Setting CVar [[r.Streaming.PoolSize:1000]]
[2025.09.12-14.38.14:437][  0]LogConfig: Setting CVar [[r.Streaming.MaxEffectiveScreenSize:0]]
[2025.09.12-14.38.14:437][  0]LogConfig: Applying CVar settings from Section [EffectsQuality@3] File [C:/Users/Isaac/Desktop/GAMEJAM/GameJamHGGUnreal4.23.1/GameJamCrew/Saved/Config/Windows/Scalability.ini]
[2025.09.12-14.38.14:437][  0]LogConfig: Setting CVar [[r.TranslucencyLightingVolumeDim:64]]
[2025.09.12-14.38.14:437][  0]LogConfig: Setting CVar [[r.RefractionQuality:2]]
[2025.09.12-14.38.14:437][  0]LogConfig: Setting CVar [[r.SSR.Quality:3]]
[2025.09.12-14.38.14:437][  0]LogConfig: Setting CVar [[r.SceneColorFormat:4]]
[2025.09.12-14.38.14:437][  0]LogConfig: Setting CVar [[r.DetailMode:2]]
[2025.09.12-14.38.14:437][  0]LogConfig: Setting CVar [[r.TranslucencyVolumeBlur:1]]
[2025.09.12-14.38.14:437][  0]LogConfig: Setting CVar [[r.MaterialQualityLevel:1 ; High quality]]
[2025.09.12-14.38.14:437][  0]LogConfig: Setting CVar [[r.SSS.Scale:1]]
[2025.09.12-14.38.14:437][  0]LogConfig: Setting CVar [[r.SSS.SampleSet:2]]
[2025.09.12-14.38.14:437][  0]LogConfig: Setting CVar [[r.SSS.Quality:1]]
[2025.09.12-14.38.14:437][  0]LogConfig: Setting CVar [[r.SSS.HalfRes:1]]
[2025.09.12-14.38.14:437][  0]LogConfig: Setting CVar [[r.EmitterSpawnRateScale:1.0]]
[2025.09.12-14.38.14:437][  0]LogConfig: Setting CVar [[r.ParticleLightQuality:2]]
[2025.09.12-14.38.14:437][  0]LogConfig: Applying CVar settings from Section [FoliageQuality@3] File [C:/Users/Isaac/Desktop/GAMEJAM/GameJamHGGUnreal4.23.1/GameJamCrew/Saved/Config/Windows/Scalability.ini]
[2025.09.12-14.38.14:437][  0]LogConfig: Setting CVar [[foliage.DensityScale:1.0]]
[2025.09.12-14.38.14:437][  0]LogConfig: Setting CVar [[grass.DensityScale:1.0]]
[2025.09.12-14.38.14:437][  0]LogInit: Selected Device Profile: [Windows]
[2025.09.12-14.38.14:437][  0]LogInit: Applying CVar settings loaded from the selected device profile: [Windows]
[2025.09.12-14.38.14:439][  0]LogHAL: Display: Platform has ~ 32 GB [33443659776 / 34359738368 / 32], which maps to Largest [LargestMinGB=32, LargerMinGB=12, DefaultMinGB=8, SmallerMinGB=6, SmallestMinGB=0)
[2025.09.12-14.38.14:439][  0]LogInit: Going up to parent DeviceProfile []
[2025.09.12-14.38.14:439][  0]LogConfig: Applying CVar settings from Section [ViewDistanceQuality@3] File [C:/Users/Isaac/Desktop/GAMEJAM/GameJamHGGUnreal4.23.1/GameJamCrew/Saved/Config/Windows/Scalability.ini]
[2025.09.12-14.38.14:439][  0]LogConfig: Setting CVar [[r.SkeletalMeshLODBias:0]]
[2025.09.12-14.38.14:439][  0]LogConfig: Setting CVar [[r.ViewDistanceScale:1.0]]
[2025.09.12-14.38.14:439][  0]LogConfig: Applying CVar settings from Section [AntiAliasingQuality@3] File [C:/Users/Isaac/Desktop/GAMEJAM/GameJamHGGUnreal4.23.1/GameJamCrew/Saved/Config/Windows/Scalability.ini]
[2025.09.12-14.38.14:439][  0]LogConfig: Setting CVar [[r.PostProcessAAQuality:4]]
[2025.09.12-14.38.14:439][  0]LogConfig: Applying CVar settings from Section [ShadowQuality@3] File [C:/Users/Isaac/Desktop/GAMEJAM/GameJamHGGUnreal4.23.1/GameJamCrew/Saved/Config/Windows/Scalability.ini]
[2025.09.12-14.38.14:439][  0]LogConfig: Setting CVar [[r.LightFunctionQuality:1]]
[2025.09.12-14.38.14:439][  0]LogConfig: Setting CVar [[r.ShadowQuality:5]]
[2025.09.12-14.38.14:439][  0]LogConfig: Setting CVar [[r.Shadow.CSM.MaxCascades:10]]
[2025.09.12-14.38.14:439][  0]LogConfig: Setting CVar [[r.Shadow.MaxResolution:2048]]
[2025.09.12-14.38.14:439][  0]LogConfig: Setting CVar [[r.Shadow.MaxCSMResolution:2048]]
[2025.09.12-14.38.14:439][  0]LogConfig: Setting CVar [[r.Shadow.RadiusThreshold:0.01]]
[2025.09.12-14.38.14:439][  0]LogConfig: Setting CVar [[r.Shadow.DistanceScale:1.0]]
[2025.09.12-14.38.14:439][  0]LogConfig: Setting CVar [[r.Shadow.CSM.TransitionScale:1.0]]
[2025.09.12-14.38.14:439][  0]LogConfig: Setting CVar [[r.Shadow.PreShadowResolutionFactor:1.0]]
[2025.09.12-14.38.14:439][  0]LogConfig: Setting CVar [[r.DistanceFieldShadowing:1]]
[2025.09.12-14.38.14:439][  0]LogConfig: Setting CVar [[r.DistanceFieldAO:1]]
[2025.09.12-14.38.14:439][  0]LogConfig: Setting CVar [[r.AOQuality:2]]
[2025.09.12-14.38.14:439][  0]LogConfig: Setting CVar [[r.VolumetricFog:1]]
[2025.09.12-14.38.14:439][  0]LogConfig: Setting CVar [[r.VolumetricFog.GridPixelSize:8]]
[2025.09.12-14.38.14:439][  0]LogConfig: Setting CVar [[r.VolumetricFog.GridSizeZ:128]]
[2025.09.12-14.38.14:439][  0]LogConfig: Setting CVar [[r.VolumetricFog.HistoryMissSupersampleCount:4]]
[2025.09.12-14.38.14:439][  0]LogConfig: Setting CVar [[r.LightMaxDrawDistanceScale:1]]
[2025.09.12-14.38.14:439][  0]LogConfig: Setting CVar [[r.CapsuleShadows:1]]
[2025.09.12-14.38.14:439][  0]LogConfig: Applying CVar settings from Section [PostProcessQuality@3] File [C:/Users/Isaac/Desktop/GAMEJAM/GameJamHGGUnreal4.23.1/GameJamCrew/Saved/Config/Windows/Scalability.ini]
[2025.09.12-14.38.14:439][  0]LogConfig: Setting CVar [[r.MotionBlurQuality:4]]
[2025.09.12-14.38.14:439][  0]LogConfig: Setting CVar [[r.AmbientOcclusionMipLevelFactor:0.4]]
[2025.09.12-14.38.14:439][  0]LogConfig: Setting CVar [[r.AmbientOcclusionMaxQuality:100]]
[2025.09.12-14.38.14:439][  0]LogConfig: Setting CVar [[r.AmbientOcclusionLevels:-1]]
[2025.09.12-14.38.14:439][  0]LogConfig: Setting CVar [[r.AmbientOcclusionRadiusScale:1.0]]
[2025.09.12-14.38.14:439][  0]LogConfig: Setting CVar [[r.DepthOfFieldQuality:2]]
[2025.09.12-14.38.14:439][  0]LogConfig: Setting CVar [[r.RenderTargetPoolMin:400]]
[2025.09.12-14.38.14:439][  0]LogConfig: Setting CVar [[r.LensFlareQuality:2]]
[2025.09.12-14.38.14:439][  0]LogConfig: Setting CVar [[r.SceneColorFringeQuality:1]]
[2025.09.12-14.38.14:439][  0]LogConfig: Setting CVar [[r.EyeAdaptationQuality:2]]
[2025.09.12-14.38.14:439][  0]LogConfig: Setting CVar [[r.BloomQuality:5]]
[2025.09.12-14.38.14:439][  0]LogConfig: Setting CVar [[r.FastBlurThreshold:100]]
[2025.09.12-14.38.14:439][  0]LogConfig: Setting CVar [[r.Upscale.Quality:3]]
[2025.09.12-14.38.14:439][  0]LogConfig: Setting CVar [[r.Tonemapper.GrainQuantization:1]]
[2025.09.12-14.38.14:439][  0]LogConfig: Setting CVar [[r.LightShaftQuality:1]]
[2025.09.12-14.38.14:439][  0]LogConfig: Setting CVar [[r.Filter.SizeScale:1]]
[2025.09.12-14.38.14:439][  0]LogConfig: Setting CVar [[r.Tonemapper.Quality:5]]
[2025.09.12-14.38.14:439][  0]LogConfig: Setting CVar [[r.DOF.Gather.AccumulatorQuality:1        ; higher gathering accumulator quality]]
[2025.09.12-14.38.14:439][  0]LogConfig: Setting CVar [[r.DOF.Gather.PostfilterMethod:1          ; Median3x3 postfilering method]]
[2025.09.12-14.38.14:439][  0]LogConfig: Setting CVar [[r.DOF.Gather.EnableBokehSettings:0       ; no bokeh simulation when gathering]]
[2025.09.12-14.38.14:439][  0]LogConfig: Setting CVar [[r.DOF.Gather.RingCount:4                 ; medium number of samples when gathering]]
[2025.09.12-14.38.14:439][  0]LogConfig: Setting CVar [[r.DOF.Scatter.ForegroundCompositing:1    ; additive foreground scattering]]
[2025.09.12-14.38.14:439][  0]LogConfig: Setting CVar [[r.DOF.Scatter.BackgroundCompositing:2    ; additive background scattering]]
[2025.09.12-14.38.14:439][  0]LogConfig: Setting CVar [[r.DOF.Scatter.EnableBokehSettings:1      ; bokeh simulation when scattering]]
[2025.09.12-14.38.14:439][  0]LogConfig: Setting CVar [[r.DOF.Scatter.MaxSpriteRatio:0.1         ; only a maximum of 10% of scattered bokeh]]
[2025.09.12-14.38.14:439][  0]LogConfig: Setting CVar [[r.DOF.Recombine.Quality:1                ; cheap slight out of focus]]
[2025.09.12-14.38.14:439][  0]LogConfig: Setting CVar [[r.DOF.Recombine.EnableBokehSettings:0    ; no bokeh simulation on slight out of focus]]
[2025.09.12-14.38.14:439][  0]LogConfig: Setting CVar [[r.DOF.TemporalAAQuality:1                ; more stable temporal accumulation]]
[2025.09.12-14.38.14:439][  0]LogConfig: Setting CVar [[r.DOF.Kernel.MaxForegroundRadius:0.025]]
[2025.09.12-14.38.14:439][  0]LogConfig: Setting CVar [[r.DOF.Kernel.MaxBackgroundRadius:0.025]]
[2025.09.12-14.38.14:439][  0]LogConfig: Applying CVar settings from Section [TextureQuality@3] File [C:/Users/Isaac/Desktop/GAMEJAM/GameJamHGGUnreal4.23.1/GameJamCrew/Saved/Config/Windows/Scalability.ini]
[2025.09.12-14.38.14:439][  0]LogConfig: Setting CVar [[r.Streaming.MipBias:0]]
[2025.09.12-14.38.14:439][  0]LogConfig: Setting CVar [[r.Streaming.AmortizeCPUToGPUCopy:0]]
[2025.09.12-14.38.14:439][  0]LogConfig: Setting CVar [[r.Streaming.MaxNumTexturesToStreamPerFrame:0]]
[2025.09.12-14.38.14:439][  0]LogConfig: Setting CVar [[r.Streaming.Boost:1]]
[2025.09.12-14.38.14:439][  0]LogConfig: Setting CVar [[r.MaxAnisotropy:8]]
[2025.09.12-14.38.14:439][  0]LogConfig: Setting CVar [[r.Streaming.LimitPoolSizeToVRAM:0]]
[2025.09.12-14.38.14:439][  0]LogConfig: Setting CVar [[r.Streaming.PoolSize:1000]]
[2025.09.12-14.38.14:439][  0]LogConfig: Setting CVar [[r.Streaming.MaxEffectiveScreenSize:0]]
[2025.09.12-14.38.14:439][  0]LogConfig: Applying CVar settings from Section [EffectsQuality@3] File [C:/Users/Isaac/Desktop/GAMEJAM/GameJamHGGUnreal4.23.1/GameJamCrew/Saved/Config/Windows/Scalability.ini]
[2025.09.12-14.38.14:439][  0]LogConfig: Setting CVar [[r.TranslucencyLightingVolumeDim:64]]
[2025.09.12-14.38.14:439][  0]LogConfig: Setting CVar [[r.RefractionQuality:2]]
[2025.09.12-14.38.14:439][  0]LogConfig: Setting CVar [[r.SSR.Quality:3]]
[2025.09.12-14.38.14:439][  0]LogConfig: Setting CVar [[r.SceneColorFormat:4]]
[2025.09.12-14.38.14:439][  0]LogConfig: Setting CVar [[r.DetailMode:2]]
[2025.09.12-14.38.14:439][  0]LogConfig: Setting CVar [[r.TranslucencyVolumeBlur:1]]
[2025.09.12-14.38.14:439][  0]LogConfig: Setting CVar [[r.MaterialQualityLevel:1 ; High quality]]
[2025.09.12-14.38.14:439][  0]LogConfig: Setting CVar [[r.SSS.Scale:1]]
[2025.09.12-14.38.14:439][  0]LogConfig: Setting CVar [[r.SSS.SampleSet:2]]
[2025.09.12-14.38.14:439][  0]LogConfig: Setting CVar [[r.SSS.Quality:1]]
[2025.09.12-14.38.14:439][  0]LogConfig: Setting CVar [[r.SSS.HalfRes:1]]
[2025.09.12-14.38.14:439][  0]LogConfig: Setting CVar [[r.EmitterSpawnRateScale:1.0]]
[2025.09.12-14.38.14:439][  0]LogConfig: Setting CVar [[r.ParticleLightQuality:2]]
[2025.09.12-14.38.14:439][  0]LogConfig: Applying CVar settings from Section [FoliageQuality@3] File [C:/Users/Isaac/Desktop/GAMEJAM/GameJamHGGUnreal4.23.1/GameJamCrew/Saved/Config/Windows/Scalability.ini]
[2025.09.12-14.38.14:439][  0]LogConfig: Setting CVar [[foliage.DensityScale:1.0]]
[2025.09.12-14.38.14:439][  0]LogConfig: Setting CVar [[grass.DensityScale:1.0]]
[2025.09.12-14.38.14:439][  0]LogConfig: Applying CVar settings from Section [Startup] File [../../../Engine/Config/ConsoleVariables.ini]
[2025.09.12-14.38.14:439][  0]LogConfig: Setting CVar [[net.UseAdaptiveNetUpdateFrequency:0]]
[2025.09.12-14.38.14:439][  0]LogConfig: Setting CVar [[p.chaos.AllowCreatePhysxBodies:1]]
[2025.09.12-14.38.14:439][  0]LogConfig: Applying CVar settings from Section [ConsoleVariables] File [C:/Users/Isaac/Desktop/GAMEJAM/GameJamHGGUnreal4.23.1/GameJamCrew/Saved/Config/Windows/Engine.ini]
[2025.09.12-14.38.14:439][  0]LogInit: Computer: DESKTOP-E7L8VFP
[2025.09.12-14.38.14:439][  0]LogInit: User: Isaac
[2025.09.12-14.38.14:439][  0]LogInit: CPU Page size=4096, Cores=12
[2025.09.12-14.38.14:439][  0]LogInit: High frequency timer resolution =10.000000 MHz
[2025.09.12-14.38.14:439][  0]LogMemory: Memory total: Physical=31.1GB (32GB approx)
[2025.09.12-14.38.14:439][  0]LogMemory: Platform Memory Stats for Windows
[2025.09.12-14.38.14:439][  0]LogMemory: Process Physical Memory: 104.95 MB used, 104.95 MB peak
[2025.09.12-14.38.14:439][  0]LogMemory: Process Virtual Memory: 102.46 MB used, 102.46 MB peak
[2025.09.12-14.38.14:439][  0]LogMemory: Physical Memory: 16068.02 MB used,  15826.34 MB free, 31894.36 MB total
[2025.09.12-14.38.14:439][  0]LogMemory: Virtual Memory: 4739.78 MB used,  134212992.00 MB free, 134217728.00 MB total
[2025.09.12-14.38.14:441][  0]LogWindows: WindowsPlatformFeatures enabled
[2025.09.12-14.38.14:461][  0]LogInit: Using OS detected language (en-GB).
[2025.09.12-14.38.14:462][  0]LogInit: Using OS detected locale (en-GB).
[2025.09.12-14.38.14:462][  0]LogTextLocalizationManager: No specific localization for 'en-GB' exists, so the 'en' localization will be used.
[2025.09.12-14.38.14:543][  0]LogInit: Setting process to per monitor DPI aware
[2025.09.12-14.38.14:565][  0]LogSlate: New Slate User Created.  User Index 0, Is Virtual User: 0
[2025.09.12-14.38.14:565][  0]LogSlate: Slate User Registered.  User Index 0, Is Virtual User: 0
[2025.09.12-14.38.14:636][  0]LogHMD: Failed to initialize OpenVR with code 110
[2025.09.12-14.38.14:636][  0]LogD3D11RHI: D3D11 adapters:
[2025.09.12-14.38.14:757][  0]LogD3D11RHI:    0. 'NVIDIA GeForce RTX 4090' (Feature Level 11_0)
[2025.09.12-14.38.14:757][  0]LogD3D11RHI:       24142/0/15947 MB DedicatedVideo/DedicatedSystem/SharedSystem, Outputs:1, VendorId:0x10de
[2025.09.12-14.38.14:797][  0]LogD3D11RHI:    1. 'AMD Radeon(TM) Graphics' (Feature Level 11_0)
[2025.09.12-14.38.14:797][  0]LogD3D11RHI:       485/0/15947 MB DedicatedVideo/DedicatedSystem/SharedSystem, Outputs:0, VendorId:0x1002
[2025.09.12-14.38.14:799][  0]LogD3D11RHI:    2. 'Microsoft Basic Render Driver' (Feature Level 11_0)
[2025.09.12-14.38.14:799][  0]LogD3D11RHI:       0/0/15947 MB DedicatedVideo/DedicatedSystem/SharedSystem, Outputs:0, VendorId:0x1414
[2025.09.12-14.38.14:799][  0]LogD3D11RHI: Chosen D3D11 Adapter: 0
[2025.09.12-14.38.14:806][  0]LogD3D11RHI: Creating new Direct3DDevice
[2025.09.12-14.38.14:806][  0]LogD3D11RHI:     GPU DeviceId: 0x2684 (for the marketing name, search the web for "GPU Device Id")
[2025.09.12-14.38.14:806][  0]LogWindows: EnumDisplayDevices:
[2025.09.12-14.38.14:807][  0]LogWindows:    0. 'NVIDIA GeForce RTX 4090' (P:1 D:1)
[2025.09.12-14.38.14:807][  0]LogWindows:    1. 'NVIDIA GeForce RTX 4090' (P:0 D:0)
[2025.09.12-14.38.14:807][  0]LogWindows:    2. 'NVIDIA GeForce RTX 4090' (P:0 D:0)
[2025.09.12-14.38.14:807][  0]LogWindows:    3. 'NVIDIA GeForce RTX 4090' (P:0 D:0)
[2025.09.12-14.38.14:807][  0]LogWindows:    4. 'AMD Radeon(TM) Graphics' (P:0 D:0)
[2025.09.12-14.38.14:807][  0]LogWindows:    5. 'AMD Radeon(TM) Graphics' (P:0 D:0)
[2025.09.12-14.38.14:807][  0]LogWindows:    6. 'AMD Radeon(TM) Graphics' (P:0 D:0)
[2025.09.12-14.38.14:807][  0]LogWindows:    7. 'AMD Radeon(TM) Graphics' (P:0 D:0)
[2025.09.12-14.38.14:807][  0]LogWindows:    8. 'AMD Radeon(TM) Graphics' (P:0 D:0)
[2025.09.12-14.38.14:808][  0]LogWindows: DebugString: PrimaryIsNotTheChoosenAdapter PrimaryIsNotTheChoosenAdapter PrimaryIsNotTheChoosenAdapter PrimaryIsNotTheChoosenAdapter PrimaryIsNotTheChoosenAdapter FoundDriverCount:4 
[2025.09.12-14.38.14:808][  0]LogD3D11RHI:     Adapter Name: NVIDIA GeForce RTX 4090
[2025.09.12-14.38.14:808][  0]LogD3D11RHI:   Driver Version: 576.88 (internal:32.0.15.7688, unified:576.88)
[2025.09.12-14.38.14:808][  0]LogD3D11RHI:      Driver Date: 6-24-2025
[2025.09.12-14.38.14:808][  0]LogRHI: Texture pool is 16899 MB (70% of 24142 MB)
[2025.09.12-14.38.14:908][  0]LogD3D11RHI: Async texture creation enabled
[2025.09.12-14.38.14:922][  0]LogD3D11RHI: GPU Timing Frequency: 1000.000000 (Debug: 2 2)
[2025.09.12-14.38.14:922][  0]LogD3D11RHI: HDR output is supported on display 0 (NvId: 0x80061086).
[2025.09.12-14.38.15:063][  0]LogTemp: Display: Module 'AllDesktopTargetPlatform' loaded TargetPlatform 'AllDesktop'
[2025.09.12-14.38.15:067][  0]LogTemp: Display: Module 'MacClientTargetPlatform' loaded TargetPlatform 'MacClient'
[2025.09.12-14.38.15:071][  0]LogTemp: Display: Module 'MacNoEditorTargetPlatform' loaded TargetPlatform 'MacNoEditor'
[2025.09.12-14.38.15:076][  0]LogTemp: Display: Module 'MacServerTargetPlatform' loaded TargetPlatform 'MacServer'
[2025.09.12-14.38.15:080][  0]LogTemp: Display: Module 'MacTargetPlatform' loaded TargetPlatform 'Mac'
[2025.09.12-14.38.15:085][  0]LogTemp: Display: Module 'WindowsClientTargetPlatform' loaded TargetPlatform 'WindowsClient'
[2025.09.12-14.38.15:089][  0]LogTemp: Display: Module 'WindowsNoEditorTargetPlatform' loaded TargetPlatform 'WindowsNoEditor'
[2025.09.12-14.38.15:093][  0]LogTemp: Display: Module 'WindowsServerTargetPlatform' loaded TargetPlatform 'WindowsServer'
[2025.09.12-14.38.15:096][  0]LogTemp: Display: Module 'WindowsTargetPlatform' loaded TargetPlatform 'Windows'
[2025.09.12-14.38.15:113][  0]LogTemp: Display: Module 'AndroidTargetPlatform' loaded TargetPlatform 'Android'
[2025.09.12-14.38.15:113][  0]LogTemp: Display: Module 'AndroidTargetPlatform' loaded TargetPlatform 'Android_ASTC'
[2025.09.12-14.38.15:113][  0]LogTemp: Display: Module 'AndroidTargetPlatform' loaded TargetPlatform 'Android_ATC'
[2025.09.12-14.38.15:113][  0]LogTemp: Display: Module 'AndroidTargetPlatform' loaded TargetPlatform 'Android_DXT'
[2025.09.12-14.38.15:113][  0]LogTemp: Display: Module 'AndroidTargetPlatform' loaded TargetPlatform 'Android_ETC1'
[2025.09.12-14.38.15:113][  0]LogTemp: Display: Module 'AndroidTargetPlatform' loaded TargetPlatform 'Android_ETC1a'
[2025.09.12-14.38.15:113][  0]LogTemp: Display: Module 'AndroidTargetPlatform' loaded TargetPlatform 'Android_ETC2'
[2025.09.12-14.38.15:113][  0]LogTemp: Display: Module 'AndroidTargetPlatform' loaded TargetPlatform 'Android_PVRTC'
[2025.09.12-14.38.15:113][  0]LogTemp: Display: Module 'AndroidTargetPlatform' loaded TargetPlatform 'AndroidClient'
[2025.09.12-14.38.15:113][  0]LogTemp: Display: Module 'AndroidTargetPlatform' loaded TargetPlatform 'Android_ASTCClient'
[2025.09.12-14.38.15:113][  0]LogTemp: Display: Module 'AndroidTargetPlatform' loaded TargetPlatform 'Android_ATCClient'
[2025.09.12-14.38.15:113][  0]LogTemp: Display: Module 'AndroidTargetPlatform' loaded TargetPlatform 'Android_DXTClient'
[2025.09.12-14.38.15:113][  0]LogTemp: Display: Module 'AndroidTargetPlatform' loaded TargetPlatform 'Android_ETC1Client'
[2025.09.12-14.38.15:113][  0]LogTemp: Display: Module 'AndroidTargetPlatform' loaded TargetPlatform 'Android_ETC1aClient'
[2025.09.12-14.38.15:113][  0]LogTemp: Display: Module 'AndroidTargetPlatform' loaded TargetPlatform 'Android_ETC2Client'
[2025.09.12-14.38.15:113][  0]LogTemp: Display: Module 'AndroidTargetPlatform' loaded TargetPlatform 'Android_PVRTCClient'
[2025.09.12-14.38.15:113][  0]LogTemp: Display: Module 'AndroidTargetPlatform' loaded TargetPlatform 'Android_Multi'
[2025.09.12-14.38.15:113][  0]LogTemp: Display: Module 'AndroidTargetPlatform' loaded TargetPlatform 'Android_MultiClient'
[2025.09.12-14.38.15:114][  0]LogTemp: Display: Module 'HTML5TargetPlatform' loaded TargetPlatform 'HTML5'
[2025.09.12-14.38.15:123][  0]LogTemp: Display: Module 'IOSTargetPlatform' loaded TargetPlatform 'IOSClient'
[2025.09.12-14.38.15:123][  0]LogTemp: Display: Module 'IOSTargetPlatform' loaded TargetPlatform 'IOS'
[2025.09.12-14.38.15:130][  0]LogTemp: Display: Module 'TVOSTargetPlatform' loaded TargetPlatform 'TVOSClient'
[2025.09.12-14.38.15:130][  0]LogTemp: Display: Module 'TVOSTargetPlatform' loaded TargetPlatform 'TVOS'
[2025.09.12-14.38.15:134][  0]LogTemp: Display: Module 'LinuxClientTargetPlatform' loaded TargetPlatform 'LinuxClient'
[2025.09.12-14.38.15:137][  0]LogTemp: Display: Module 'LinuxNoEditorTargetPlatform' loaded TargetPlatform 'LinuxNoEditor'
[2025.09.12-14.38.15:141][  0]LogTemp: Display: Module 'LinuxServerTargetPlatform' loaded TargetPlatform 'LinuxServer'
[2025.09.12-14.38.15:145][  0]LogTemp: Display: Module 'LinuxTargetPlatform' loaded TargetPlatform 'Linux'
[2025.09.12-14.38.15:156][  0]LogTemp: Display: Module 'LuminTargetPlatform' loaded TargetPlatform 'Lumin'
[2025.09.12-14.38.15:156][  0]LogTemp: Display: Module 'LuminTargetPlatform' loaded TargetPlatform 'LuminClient'
[2025.09.12-14.38.15:156][  0]LogTargetPlatformManager: Display: Building Assets For Windows
[2025.09.12-14.38.15:161][  0]LogAudioDebug: Display: Lib vorbis DLL was dynamically loaded.
[2025.09.12-14.38.15:187][  0]LogShaderCompilers: Guid format shader working directory is -35 characters bigger than the processId version (../../../../../../Users/Isaac/Desktop/GAMEJAM/GameJamHGGUnreal4.23.1/GameJamCrew/Intermediate/Shaders/WorkingDirectory/76900/).
[2025.09.12-14.38.15:187][  0]LogShaderCompilers: Cleaned the shader compiler working directory 'C:/Users/Isaac/AppData/Local/Temp/UnrealShaderWorkingDir/F372B4E84F040C66CE6A03938BCC9991/'.
[2025.09.12-14.38.15:188][  0]LogXGEController: Cleaning working directory: C:/Users/Isaac/AppData/Local/Temp/UnrealXGEWorkingDir/
[2025.09.12-14.38.15:188][  0]LogXGEController: Cannot use XGE Controller as Incredibuild is not installed on this machine.
[2025.09.12-14.38.15:188][  0]LogShaderCompilers: Cannot use XGE Shader Compiler as Incredibuild is not installed on this machine.
[2025.09.12-14.38.15:188][  0]LogShaderCompilers: Display: Using Local Shader Compiler.
[2025.09.12-14.38.15:514][  0]LogDerivedDataCache: Display: Max Cache Size: 512 MB
[2025.09.12-14.38.15:539][  0]LogDerivedDataCache: Loaded boot cache 0.03s 74MB C:/Users/Isaac/AppData/Local/UnrealEngine/4.23/DerivedDataCache/Boot.ddc.
[2025.09.12-14.38.15:539][  0]LogDerivedDataCache: Display: Loaded Boot cache: C:/Users/Isaac/AppData/Local/UnrealEngine/4.23/DerivedDataCache/Boot.ddc
[2025.09.12-14.38.15:539][  0]LogDerivedDataCache: FDerivedDataBackendGraph:  Pak pak cache file ../../../../../../Users/Isaac/Desktop/GAMEJAM/GameJamHGGUnreal4.23.1/GameJamCrew/DerivedDataCache/DDC.ddp not found, will not use a pak cache.
[2025.09.12-14.38.15:539][  0]LogDerivedDataCache: Unable to find inner node Pak for hierarchical cache Hierarchy.
[2025.09.12-14.38.15:539][  0]LogDerivedDataCache: FDerivedDataBackendGraph:  CompressedPak pak cache file ../../../../../../Users/Isaac/Desktop/GAMEJAM/GameJamHGGUnreal4.23.1/GameJamCrew/DerivedDataCache/Compressed.ddp not found, will not use a pak cache.
[2025.09.12-14.38.15:539][  0]LogDerivedDataCache: Unable to find inner node CompressedPak for hierarchical cache Hierarchy.
[2025.09.12-14.38.15:547][  0]LogDerivedDataCache: Display: Pak cache opened for reading ../../../Engine/DerivedDataCache/Compressed.ddp.
[2025.09.12-14.38.15:547][  0]LogDerivedDataCache: FDerivedDataBackendGraph:  EnterprisePak pak cache file ../../../Enterprise/DerivedDataCache/Compressed.ddp not found, will not use a pak cache.
[2025.09.12-14.38.15:547][  0]LogDerivedDataCache: Unable to find inner node EnterprisePak for hierarchical cache Hierarchy.
[2025.09.12-14.38.15:548][  0]LogDerivedDataCache: Using Local data cache path C:/Users/Isaac/AppData/Local/UnrealEngine/Common/DerivedDataCache: Writable
[2025.09.12-14.38.15:548][  0]LogDerivedDataCache: Shared data cache path not found in *engine.ini, will not use an Shared cache.
[2025.09.12-14.38.15:548][  0]LogDerivedDataCache: Unable to find inner node Shared for hierarchical cache Hierarchy.
[2025.09.12-14.38.15:559][  0]LogMaterial: Verifying Global Shaders for PCD3D_SM5
[2025.09.12-14.38.15:560][  0]LogSlate: Using FreeType 2.6.0
[2025.09.12-14.38.15:561][  0]LogSlate: SlateFontServices - WITH_FREETYPE: 1, WITH_HARFBUZZ: 1
[2025.09.12-14.38.15:590][  0]LogAssetRegistry: FAssetRegistry took 0.0015 seconds to start up
[2025.09.12-14.38.15:735][  0]LogInit: Selected Device Profile: [Windows]
[2025.09.12-14.38.15:808][  0]LogMeshReduction: Using QuadricMeshReduction for automatic static mesh reduction
[2025.09.12-14.38.15:808][  0]LogMeshReduction: Using SimplygonMeshReduction for automatic skeletal mesh reduction
[2025.09.12-14.38.15:808][  0]LogMeshReduction: Using ProxyLODMeshReduction for automatic mesh merging
[2025.09.12-14.38.15:808][  0]LogMeshReduction: No distributed automatic mesh merging module available
[2025.09.12-14.38.15:808][  0]LogMeshMerging: No distributed automatic mesh merging module available
[2025.09.12-14.38.15:814][  0]LogNetVersion: GameJamCrew 1.0.0, NetCL: 8386587, EngineNetVer: 11, GameNetVer: 0 (Checksum: 118800057)
[2025.09.12-14.38.16:000][  0]LogPackageLocalizationCache: Processed 12 localized package path(s) for 1 prioritized culture(s) in 0.019636 seconds
[2025.09.12-14.38.16:004][  0]LogUObjectArray: 43444 objects as part of root set at end of initial load.
[2025.09.12-14.38.16:004][  0]LogUObjectAllocator: 7548648 out of 0 bytes used by permanent object pool.
[2025.09.12-14.38.16:004][  0]LogUObjectArray: CloseDisregardForGC: 0/0 objects in disregard for GC pool
[2025.09.12-14.38.16:407][  0]LogTcpMessaging: Initializing TcpMessaging bridge
[2025.09.12-14.38.16:408][  0]LogUdpMessaging: Initializing bridge on interface 0.0.0.0:0 to multicast group 230.0.0.1:6666.
[2025.09.12-14.38.16:432][  0]SourceControl: Source control is disabled
[2025.09.12-14.38.16:432][  0]SourceControl: Source control is disabled
[2025.09.12-14.38.16:433][  0]SourceControl: Source control is disabled
[2025.09.12-14.38.16:433][  0]SourceControl: Source control is disabled
[2025.09.12-14.38.16:472][  0]LogAndroidPermission: UAndroidPermissionCallbackProxy::GetInstance
[2025.09.12-14.38.16:518][  0]LogOcInput: OculusInput pre-init called
[2025.09.12-14.38.16:521][  0]LogWindows: Failed to load 'OVRPlugin.dll' (GetLastError=126)
[2025.09.12-14.38.16:522][  0]LogWindows: File 'OVRPlugin.dll' does not exist
[2025.09.12-14.38.16:555][  0]LogEngine: Initializing Engine...
[2025.09.12-14.38.16:555][  0]LogHMD: Failed to initialize OpenVR with code 110
[2025.09.12-14.38.16:556][  0]LogStats: UGameplayTagsManager::InitializeManager -  0.000 s
[2025.09.12-14.38.16:664][  0]LogInit: Initializing FReadOnlyCVARCache
[2025.09.12-14.38.16:672][  0]LogAIModule: Creating AISystem for world Untitled
[2025.09.12-14.38.16:680][  0]LogInit: XAudio2 using 'Speakers (Realtek USB Audio)' : 2 channels at 48 kHz using 32 bits per sample (channel mask 0x3)
[2025.09.12-14.38.16:687][  0]LogInit: FAudioDevice initialized.
[2025.09.12-14.38.16:687][  0]LogNetVersion: Set ProjectVersion to 1.0.0.0. Version Checksum will be recalculated on next use.
[2025.09.12-14.38.16:711][  0]LogDerivedDataCache: Saved boot cache 0.02s 74MB C:/Users/Isaac/AppData/Local/UnrealEngine/4.23/DerivedDataCache/Boot.ddc.
[2025.09.12-14.38.16:714][  0]LogInit: Texture streaming: Enabled
[2025.09.12-14.38.16:725][  0]LogEngineSessionManager: EngineSessionManager initialized
[2025.09.12-14.38.16:725][  0]LogEditorSessionSummary: Verbose: Initializing EditorSessionSummaryWriter for editor session tracking
[2025.09.12-14.38.16:726][  0]LogEditorSessionSummary: EditorSessionSummaryWriter initialized
[2025.09.12-14.38.16:751][  0]LogInit: Transaction tracking system initialized
[2025.09.12-14.38.16:768][  0]BlueprintLog: New page: Editor Load
[2025.09.12-14.38.16:807][  0]LocalizationService: Localization service is disabled
[2025.09.12-14.38.16:907][  0]LogFileCache: Scanning file cache for directory 'C:/Users/Isaac/Desktop/GAMEJAM/GameJamHGGUnreal4.23.1/GameJamCrew/Content/' took 0.00s
[2025.09.12-14.38.16:907][  0]LogCook: Display: Max memory allowance for cook 16384mb min free memory 0mb
[2025.09.12-14.38.16:907][  0]LogCook: Display: Mobile HDR setting 1
[2025.09.12-14.38.16:992][  0]SourceControl: Source control is disabled
[2025.09.12-14.38.16:992][  0]Cmd: MAP LOAD FILE="../../../../../../Users/Isaac/Desktop/GAMEJAM/GameJamHGGUnreal4.23.1/GameJamCrew/Content/ThirdPersonBP/Maps/ThirdPersonExampleMap.umap" TEMPLATE=0 SHOWPROGRESS=1 FEATURELEVEL=3
[2025.09.12-14.38.16:992][  0]LightingResults: New page: Lighting Build
[2025.09.12-14.38.16:993][  0]LogWorld: UWorld::CleanupWorld for Untitled, bSessionEnded=true, bCleanupResources=true
[2025.09.12-14.38.16:994][  0]MapCheck: New page: Map Check
[2025.09.12-14.38.16:994][  0]LightingResults: New page: Lighting Build
[2025.09.12-14.38.17:031][  0]LogUObjectHash: Compacting FUObjectHashTables data took   1.03ms
[2025.09.12-14.38.17:151][  0]LogAIModule: Creating AISystem for world ThirdPersonExampleMap
[2025.09.12-14.38.17:199][  0]LogEditorServer: Finished looking for orphan Actors (0.000 secs)
[2025.09.12-14.38.17:234][  0]LogUObjectHash: Compacting FUObjectHashTables data took   1.32ms
[2025.09.12-14.38.17:234][  0]Cmd: MAP CHECKDEP NOCLEARLOG
[2025.09.12-14.38.17:234][  0]MapCheck: Map check complete: 0 Error(s), 0 Warning(s), took 0.11ms to complete.
[2025.09.12-14.38.17:234][  0]LogFileHelpers: Loading map 'ThirdPersonExampleMap' took 0.242
[2025.09.12-14.38.17:308][  0]LogSlate: Updating window title bar state: overlay mode, drag disabled, window buttons hidden, title bar hidden
[2025.09.12-14.38.17:311][  0]LogSlate: Updating window title bar state: overlay mode, drag disabled, window buttons hidden, title bar hidden
[2025.09.12-14.38.17:314][  0]LogSlate: Updating window title bar state: overlay mode, drag disabled, window buttons hidden, title bar hidden
[2025.09.12-14.38.17:317][  0]LogSlate: Updating window title bar state: overlay mode, drag disabled, window buttons hidden, title bar hidden
[2025.09.12-14.38.17:321][  0]LogCollectionManager: Loaded 0 collections in 0.001161 seconds
[2025.09.12-14.38.17:325][  0]LogFileCache: Scanning file cache for directory 'C:/Users/Isaac/Desktop/GAMEJAM/GameJamHGGUnreal4.23.1/GameJamCrew/Saved/Collections/' took 0.00s
[2025.09.12-14.38.17:325][  0]LogFileCache: Scanning file cache for directory 'C:/Users/Isaac/Desktop/GAMEJAM/GameJamHGGUnreal4.23.1/GameJamCrew/Content/Developers/Isaac/Collections/' took 0.00s
[2025.09.12-14.38.17:325][  0]LogFileCache: Scanning file cache for directory 'C:/Users/Isaac/Desktop/GAMEJAM/GameJamHGGUnreal4.23.1/GameJamCrew/Content/Collections/' took 0.00s
[2025.09.12-14.38.17:325][  0]LogCollectionManager: Rebuilt the GUID cache for 0 collections in 0.000001 seconds
[2025.09.12-14.38.17:330][  0]LogContentBrowser: Native class hierarchy populated in 0.0052 seconds. Added 2863 classes and 680 folders.
[2025.09.12-14.38.17:333][  0]LogContentBrowser: Native class hierarchy updated for 'WidgetCarousel' in 0.0001 seconds. Added 0 classes and 0 folders.
[2025.09.12-14.38.17:351][  0]LogContentBrowser: Native class hierarchy updated for 'AddContentDialog' in 0.0001 seconds. Added 0 classes and 0 folders.
[2025.09.12-14.38.17:354][  0]LogContentBrowser: Native class hierarchy updated for 'SceneOutliner' in 0.0001 seconds. Added 1 classes and 2 folders.
[2025.09.12-14.38.17:363][  0]LogSlate: Took 0.000077 seconds to synchronously load lazily loaded font '../../../Engine/Content/Slate/Fonts/Roboto-Regular.ttf' (155K)
[2025.09.12-14.38.17:363][  0]LogSlate: Took 0.000071 seconds to synchronously load lazily loaded font '../../../Engine/Content/Slate/Fonts/Roboto-Bold.ttf' (160K)
[2025.09.12-14.38.17:365][  0]LogSlate: Took 0.000079 seconds to synchronously load lazily loaded font '../../../Engine/Content/Editor/Slate/Fonts/FontAwesome.ttf' (139K)
[2025.09.12-14.38.17:393][  0]LogRenderer: Reallocating scene render targets to support 1616x808 Format 10 NumSamples 1 (Frame:1).
[2025.09.12-14.38.17:448][  0]LogSlate: FSceneViewport::OnFocusLost() reason 5
[2025.09.12-14.38.17:456][  0]LogSlate: Window 'Tutorials' being destroyed
[2025.09.12-14.38.17:464][  0]LogContentBrowser: Native class hierarchy updated for 'HierarchicalLODOutliner' in 0.0002 seconds. Added 0 classes and 0 folders.
[2025.09.12-14.38.17:465][  0]LogLoad: (Engine Initialization) Total time: 3.48 seconds
[2025.09.12-14.38.17:465][  0]LogLoad: (Engine Initialization) Total Blueprint compile time: 0.00 seconds
[2025.09.12-14.38.17:491][  0]LogAssetRegistry: Asset discovery search completed in 1.9012 seconds
[2025.09.12-14.38.17:492][  0]LogCollectionManager: Rebuilt the object cache for 0 collections in 0.000002 seconds (found 0 objects)
[2025.09.12-14.38.17:492][  0]LogCollectionManager: Fixed up redirectors for 0 collections in 0.000022 seconds (updated 0 objects)
[2025.09.12-14.38.17:493][  0]LogContentStreaming: Texture pool size now 1000 MB
[2025.09.12-14.38.20:049][296]LogSlate: FSceneViewport::OnFocusLost() reason 0
[2025.09.12-14.38.23:008][491]LogSlate: Took 0.000111 seconds to synchronously load lazily loaded font '../../../Engine/Content/Slate/Fonts/Roboto-Light.ttf' (167K)
[2025.09.12-14.38.23:015][491]LogFactory: FactoryCreateFile: StaticMesh with FbxFactory (0 0 ../../../../../../Users/Isaac/Downloads/car.fbx)
[2025.09.12-14.38.23:022][491]LogFbx: Loading FBX Scene from ../../../../../../Users/Isaac/Downloads/car.fbx
[2025.09.12-14.38.23:030][491]LogFbx: FBX Scene Loaded Succesfully
[2025.09.12-14.38.24:256][491]LogSlate: Window 'FBX Import Options' being destroyed
[2025.09.12-14.38.24:274][491]LogFbx: Valid bind pose for Pose (Mesh) - CatBody
[2025.09.12-14.38.24:278][491]FBXImport: Warning: No smoothing group information was found in this FBX scene.  Please make sure to enable the 'Export Smoothing Groups' option in the FBX Exporter plug-in before exporting the file.  Even for tools that don't support smoothing groups, the FBX Exporter will generate appropriate smoothing data at export-time so that correct vertex normals can be inferred while importing. 
[2025.09.12-14.38.24:278][491]FBXImport: Error: Multiple roots are found in the bone hierarchy. We only support single root bone. 
[2025.09.12-14.38.24:278][491]FBXImport: Warning: Get Import Data has failed. 
[2025.09.12-14.38.24:278][491]FBXImport: Error: Import failed. 
[2025.09.12-14.38.26:853][491]LogSlate: Window 'Message' being destroyed
[2025.09.12-14.38.26:856][491]LogAssetTools: Warning: Failed to import '../../../../../../Users/Isaac/Downloads/car.fbx'. Failed to create asset '/Game/Mannequin/car'.
Please see Output Log for details.
[2025.09.12-14.39.17:682][829]LogEditorSessionSummary: EditorSessionSummary sent report. Type=Shutdown, SessionId={66ED7324-46A6-8EF6-18A9-93A608C45037}
[2025.09.12-14.48.17:592][441]LogUObjectHash: Compacting FUObjectHashTables data took   1.28ms
[2025.09.12-14.48.17:592][441]LogFileHelpers: Editor autosave (incl. sublevels) for '/Game/ThirdPersonBP/Maps/ThirdPersonExampleMap' took 0.035
[2025.09.12-14.48.17:594][441]LogSavePackage: Moving '../../../../../../Users/Isaac/Desktop/GAMEJAM/GameJamHGGUnreal4.23.1/GameJamCrew/Saved/car_Auto124F9AF6C4ABC2DBA6C1C69BA828214ED.tmp' to '../../../../../../Users/Isaac/Desktop/GAMEJAM/GameJamHGGUnreal4.23.1/GameJamCrew/Saved/Autosaves/Game/Mannequin/car_Auto1.uasset'
[2025.09.12-14.48.17:594][441]LogFileHelpers: Auto-saving content packages took 0.002
[2025.09.12-15.07.59:886][ 44]LogSlate: Window 'Message Log' being destroyed
[2025.09.12-15.07.59:889][ 44]LogSlate: Window 'Message Log' being destroyed
[2025.09.12-15.08.02:050][139]LogFactory: FactoryCreateFile: StaticMesh with FbxFactory (0 0 ../../../../../../Users/Isaac/Downloads/cat_fixed.fbx)
[2025.09.12-15.08.02:055][139]LogFbx: Loading FBX Scene from ../../../../../../Users/Isaac/Downloads/cat_fixed.fbx
[2025.09.12-15.08.02:067][139]LogFbx: FBX Scene Loaded Succesfully
[2025.09.12-15.08.03:117][139]LogSlate: Window 'FBX Import Options' being destroyed
[2025.09.12-15.08.03:128][139]LogFbx: Valid bind pose for Pose (Mesh) - CatBody
[2025.09.12-15.08.03:189][139]LogMaterial: Display: Material /Game/Mannequin/standardSurface1.standardSurface1 needed to have new flag set bUsedWithSkeletalMesh !
[2025.09.12-15.08.03:191][139]LogMaterial: Display: Missing cached shader map for material standardSurface1, compiling. 
[2025.09.12-15.08.03:222][139]LogMaterial: Display: Missing cached shader map for material standardSurface1, compiling. 
[2025.09.12-15.08.03:238][139]LogFbx: Triangulating skeletal mesh CatBody
[2025.09.12-15.08.03:251][139]LogShaderCompilers: Display: Worker (1/21): shaders left to compile 60
[2025.09.12-15.08.03:251][139]LogShaderCompilers: Display: Worker (2/21): shaders left to compile 56
[2025.09.12-15.08.03:251][139]LogShaderCompilers: Display: Worker (3/21): shaders left to compile 52
[2025.09.12-15.08.03:251][139]LogShaderCompilers: Display: Worker (4/21): shaders left to compile 48
[2025.09.12-15.08.03:251][139]LogShaderCompilers: Display: Worker (5/21): shaders left to compile 44
[2025.09.12-15.08.03:251][139]LogShaderCompilers: Display: Worker (6/21): shaders left to compile 40
[2025.09.12-15.08.03:251][139]LogShaderCompilers: Display: Worker (7/21): shaders left to compile 36
[2025.09.12-15.08.03:251][139]LogShaderCompilers: Display: Worker (8/21): shaders left to compile 32
[2025.09.12-15.08.03:251][139]LogShaderCompilers: Display: Worker (9/21): shaders left to compile 28
[2025.09.12-15.08.03:251][139]LogShaderCompilers: Display: Worker (10/21): shaders left to compile 24
[2025.09.12-15.08.03:251][139]LogShaderCompilers: Display: Worker (11/21): shaders left to compile 20
[2025.09.12-15.08.03:251][139]LogShaderCompilers: Display: Worker (12/21): shaders left to compile 16
[2025.09.12-15.08.03:251][139]LogShaderCompilers: Display: Worker (13/21): shaders left to compile 12
[2025.09.12-15.08.03:251][139]LogShaderCompilers: Display: Worker (14/21): shaders left to compile 8
[2025.09.12-15.08.03:251][139]LogShaderCompilers: Display: Worker (15/21): shaders left to compile 4
[2025.09.12-15.08.03:251][139]LogFbx: Warning: Bones digested - 30  Depth of hierarchy - 7
[2025.09.12-15.08.03:268][139]LogSkeletalMesh: Section 0: 1300 vertices, 23 active bones
[2025.09.12-15.08.03:269][139]LogSkeletalMesh: Section 0: Material=0, 1252 triangles
[2025.09.12-15.08.03:270][139]LogSkeletalMesh: Building Skeletal Mesh cat_fixed...
[2025.09.12-15.08.03:271][139]LogSkeletalMesh: Built Skeletal Mesh [0.00s] /Game/Mannequin/cat_fixed.cat_fixed
[2025.09.12-15.08.03:272][139]LogLinker: Failed to load '/Game/Mannequin/cat_fixed_Skeleton': Can't find file.
[2025.09.12-15.08.03:272][139]LogLinker: Failed to load '/Game/Mannequin/cat_fixed_Skeleton': Can't find file.
[2025.09.12-15.08.03:273][139]LogLinker: Failed to load '/Game/Mannequin/cat_fixed_PhysicsAsset': Can't find file.
[2025.09.12-15.08.03:273][139]LogLinker: Failed to load '/Game/Mannequin/cat_fixed_PhysicsAsset': Can't find file.
[2025.09.12-15.08.03:276][139]LogSkeletalMesh: USkeletalMeshComponent::InitArticulated : Could not find root physics body: '/Engine/Transient.World_0:PersistentLevel.SkeletalMeshActor_0.SkeletalMeshComponent0'
[2025.09.12-15.08.03:276][139]LogWorld: UWorld::CleanupWorld for World_0, bSessionEnded=true, bCleanupResources=true
[2025.09.12-15.08.03:280][139]LogWorld: UWorld::CleanupWorld for World_1, bSessionEnded=true, bCleanupResources=true
[2025.09.12-15.08.03:281][139]LogSkeletalMesh: Building Skeletal Mesh cat_fixed...
[2025.09.12-15.08.03:282][139]LogSkeletalMesh: Built Skeletal Mesh [0.00s] /Game/Mannequin/cat_fixed.cat_fixed
[2025.09.12-15.08.03:287][139]FBXImport: Warning: No smoothing group information was found in this FBX scene.  Please make sure to enable the 'Export Smoothing Groups' option in the FBX Exporter plug-in before exporting the file.  Even for tools that don't support smoothing groups, the FBX Exporter will generate appropriate smoothing data at export-time so that correct vertex normals can be inferred while importing. 
[2025.09.12-15.08.03:287][139]FBXImport: Warning: The following bones are missing from the bind pose:
ear_tip_R_end  
ear_tip_L_end  
front_paw_R_end  
front_paw_L_end  
back_paw_R_end  
back_paw_L_end  
Tail03_end  

This can happen for bones that are not vert weighted. If they are not in the correct orientation after importing,
please set the "Use T0 as ref pose" option or add them to the bind pose and reimport the skeletal mesh. 
[2025.09.12-15.08.03:298][139]LogSkeletalMesh: Building Skeletal Mesh cat_fixed...
[2025.09.12-15.08.03:299][139]LogSkeletalMesh: Built Skeletal Mesh [0.00s] /Game/Mannequin/cat_fixed.cat_fixed
[2025.09.12-15.08.45:580][644]LogUObjectHash: Compacting FUObjectHashTables data took   0.98ms
[2025.09.12-15.08.45:580][644]LogFileHelpers: Editor autosave (incl. sublevels) for '/Game/ThirdPersonBP/Maps/ThirdPersonExampleMap' took 0.037
[2025.09.12-15.08.45:581][644]OBJ SavePackage: Generating thumbnails for [1] asset(s) in package [/Game/Mannequin/cat_fixed] ([1] browsable assets)...
[2025.09.12-15.08.45:585][644]OBJ SavePackage:     Rendered thumbnail for [SkeletalMesh /Game/Mannequin/cat_fixed.cat_fixed]
[2025.09.12-15.08.45:585][644]OBJ SavePackage: Finished generating thumbnails for package [/Game/Mannequin/cat_fixed]
[2025.09.12-15.08.45:592][644]LogSavePackage: Moving '../../../../../../Users/Isaac/Desktop/GAMEJAM/GameJamHGGUnreal4.23.1/GameJamCrew/Saved/cat_fixed_Auto2A552EF0842C378E22897D48258458AFD.tmp' to '../../../../../../Users/Isaac/Desktop/GAMEJAM/GameJamHGGUnreal4.23.1/GameJamCrew/Saved/Autosaves/Game/Mannequin/cat_fixed_Auto2.uasset'
[2025.09.12-15.08.45:593][644]OBJ SavePackage: Generating thumbnails for [1] asset(s) in package [/Game/Mannequin/standardSurface1] ([1] browsable assets)...
[2025.09.12-15.08.45:597][644]OBJ SavePackage:     Rendered thumbnail for [Material /Game/Mannequin/standardSurface1.standardSurface1]
[2025.09.12-15.08.45:597][644]OBJ SavePackage: Finished generating thumbnails for package [/Game/Mannequin/standardSurface1]
[2025.09.12-15.08.45:602][644]LogSavePackage: Moving '../../../../../../Users/Isaac/Desktop/GAMEJAM/GameJamHGGUnreal4.23.1/GameJamCrew/Saved/standardSurface1_Auto27BF6FA654BFC33523125F089DE07B952.tmp' to '../../../../../../Users/Isaac/Desktop/GAMEJAM/GameJamHGGUnreal4.23.1/GameJamCrew/Saved/Autosaves/Game/Mannequin/standardSurface1_Auto2.uasset'
[2025.09.12-15.08.45:603][644]OBJ SavePackage: Generating thumbnails for [0] asset(s) in package [/Game/Mannequin/cat_fixed_Skeleton] ([1] browsable assets)...
[2025.09.12-15.08.45:603][644]OBJ SavePackage: Finished generating thumbnails for package [/Game/Mannequin/cat_fixed_Skeleton]
[2025.09.12-15.08.45:604][644]LogSavePackage: Moving '../../../../../../Users/Isaac/Desktop/GAMEJAM/GameJamHGGUnreal4.23.1/GameJamCrew/Saved/cat_fixed_Skeleton_Auto217DF8E22442990677B93128C06E7A7F1.tmp' to '../../../../../../Users/Isaac/Desktop/GAMEJAM/GameJamHGGUnreal4.23.1/GameJamCrew/Saved/Autosaves/Game/Mannequin/cat_fixed_Skeleton_Auto2.uasset'
[2025.09.12-15.08.45:605][644]OBJ SavePackage: Generating thumbnails for [1] asset(s) in package [/Game/Mannequin/cat_fixed_PhysicsAsset] ([1] browsable assets)...
[2025.09.12-15.08.45:609][644]OBJ SavePackage:     Rendered thumbnail for [PhysicsAsset /Game/Mannequin/cat_fixed_PhysicsAsset.cat_fixed_PhysicsAsset]
[2025.09.12-15.08.45:609][644]OBJ SavePackage: Finished generating thumbnails for package [/Game/Mannequin/cat_fixed_PhysicsAsset]
[2025.09.12-15.08.45:614][644]LogSavePackage: Moving '../../../../../../Users/Isaac/Desktop/GAMEJAM/GameJamHGGUnreal4.23.1/GameJamCrew/Saved/cat_fixed_PhysicsAsset_Auto2E8130CA0429B7F683B6A4786470A07F5.tmp' to '../../../../../../Users/Isaac/Desktop/GAMEJAM/GameJamHGGUnreal4.23.1/GameJamCrew/Saved/Autosaves/Game/Mannequin/cat_fixed_PhysicsAsset_Auto2.uasset'
[2025.09.12-15.08.45:615][644]LogFileHelpers: Auto-saving content packages took 0.034
[2025.09.12-15.08.53:098][886]LogSlate: Window 'Message Log' being destroyed
[2025.09.12-15.08.53:101][886]LogSlate: Window 'Message Log' being destroyed
[2025.09.12-15.08.53:956][988]LogAssetEditorManager: Opening Asset editor for SkeletalMesh /Game/Mannequin/cat_fixed.cat_fixed
[2025.09.12-15.08.53:963][988]LogContentBrowser: Native class hierarchy updated for 'SkeletonEditor' in 0.0002 seconds. Added 1 classes and 2 folders.
[2025.09.12-15.08.54:107][988]LogActorComponent: RegisterComponentWithWorld: (/Engine/Transient.World_5:PersistentLevel.AnimationEditorPreviewActor_0.DebugSkelMeshComponent_0) Already registered. Aborting.
[2025.09.12-15.08.54:112][988]LogContentBrowser: Native class hierarchy updated for 'PinnedCommandList' in 0.0002 seconds. Added 1 classes and 0 folders.
[2025.09.12-15.08.54:146][988]LogSkeletalMesh: USkeletalMeshComponent::InitArticulated : Bodies already created (/Engine/Transient.World_5:PersistentLevel.AnimationEditorPreviewActor_0.DebugSkelMeshComponent_0) - call TermArticulated first.
[2025.09.12-15.08.54:270][988]LogSlate: Took 0.005274 seconds to synchronously load lazily loaded font '../../../Engine/Content/Slate/Fonts/Roboto-Italic.ttf' (157K)
[2025.09.12-15.08.58:791][510]LogAssetEditorManager: Opening Asset editor for PhysicsAsset /Game/Mannequin/cat_fixed_PhysicsAsset.cat_fixed_PhysicsAsset
[2025.09.12-15.08.58:800][510]LogContentBrowser: Native class hierarchy updated for 'PhysicsAssetEditor' in 0.0002 seconds. Added 7 classes and 3 folders.
[2025.09.12-15.08.58:806][510]LogActorComponent: RegisterComponentWithWorld: (/Engine/Transient.World_6:PersistentLevel.AnimationEditorPreviewActor_0.PhysicsAssetEditorSkeletalMeshComponent_0) Already registered. Aborting.
[2025.09.12-15.08.58:906][510]LogSlate: Took 0.004837 seconds to synchronously load lazily loaded font '../../../Engine/Content/Slate/Fonts/Roboto-BoldCondensed.ttf' (158K)
[2025.09.12-15.09.09:009][715]LogSlate: FSceneViewport::OnFocusLost() reason 0
[2025.09.12-15.09.10:699][905]LogSlate: FSceneViewport::OnFocusLost() reason 0
[2025.09.12-15.09.18:146][779]LogSlate: FSceneViewport::OnFocusLost() reason 2
[2025.09.12-15.09.22:528][302]LogAssetEditorManager: Opening Asset editor for Skeleton /Game/Mannequin/cat_fixed_Skeleton.cat_fixed_Skeleton
[2025.09.12-15.09.22:534][302]LogActorComponent: RegisterComponentWithWorld: (/Engine/Transient.World_7:PersistentLevel.AnimationEditorPreviewActor_0.DebugSkelMeshComponent_0) Already registered. Aborting.
[2025.09.12-15.09.22:544][302]LogSkeletalMesh: USkeletalMeshComponent::InitArticulated : Bodies already created (/Engine/Transient.World_7:PersistentLevel.AnimationEditorPreviewActor_0.DebugSkelMeshComponent_0) - call TermArticulated first.
[2025.09.12-15.09.23:956][461]LogSlate: Window 'cat_fixed_Skeleton' being destroyed
[2025.09.12-15.09.23:961][461]LogSlate: Window 'cat_fixed_Skeleton' being destroyed
[2025.09.12-15.09.23:961][461]LogWorld: UWorld::CleanupWorld for World_5, bSessionEnded=true, bCleanupResources=true
[2025.09.12-15.09.24:017][461]LogWorld: UWorld::CleanupWorld for World_6, bSessionEnded=true, bCleanupResources=true
[2025.09.12-15.09.24:063][461]LogWorld: UWorld::CleanupWorld for World_7, bSessionEnded=true, bCleanupResources=true
[2025.09.12-15.09.35:788][243]LogAssetEditorManager: Opening Asset editor for Blueprint /Game/ThirdPersonBP/Blueprints/ThirdPersonCharacter.ThirdPersonCharacter
[2025.09.12-15.09.35:953][243]LogContentBrowser: Native class hierarchy updated for 'BlueprintGraph' in 0.0004 seconds. Added 121 classes and 0 folders.
[2025.09.12-15.09.40:767][682]LogRenderer: Reallocating scene render targets to support 1616x1260 Format 10 NumSamples 1 (Frame:1).
[2025.09.12-15.09.42:863][908]LogSlate: FSceneViewport::OnFocusLost() reason 2
[2025.09.12-15.09.44:155][ 52]LogAnimation: Warning: AnimBP ThirdPerson_AnimBP_C is incompatible with skeleton cat_fixed_Skeleton, removing AnimBP from actor.
[2025.09.12-15.09.44:155][ 52]LogAnimation: Warning: AnimBP ThirdPerson_AnimBP_C is incompatible with skeleton cat_fixed_Skeleton, removing AnimBP from actor.
[2025.09.12-15.09.44:155][ 52]LogAnimation: Warning: AnimBP ThirdPerson_AnimBP_C is incompatible with skeleton cat_fixed_Skeleton, removing AnimBP from actor.
[2025.09.12-15.09.44:155][ 52]LogAnimation: Warning: AnimBP ThirdPerson_AnimBP_C is incompatible with skeleton cat_fixed_Skeleton, removing AnimBP from actor.
[2025.09.12-15.09.45:835][250]LogSlate: FSceneViewport::OnFocusLost() reason 5
[2025.09.12-15.09.45:894][250]LogSavePackage: Moving '../../../../../../Users/Isaac/Desktop/GAMEJAM/GameJamHGGUnreal4.23.1/GameJamCrew/Saved/ThirdPersonCharacter2BC639964A9E93B1EA0AF98BDDF1E7D7.tmp' to '../../../../../../Users/Isaac/Desktop/GAMEJAM/GameJamHGGUnreal4.23.1/GameJamCrew/Content/ThirdPersonBP/Blueprints/ThirdPersonCharacter.uasset'
[2025.09.12-15.09.52:292][959]LogSlate: FSceneViewport::OnFocusLost() reason 0
[2025.09.12-15.09.52:384][970]BlueprintLog: New page: Compile ThirdPersonCharacter
[2025.09.12-15.09.52:538][970]LogUObjectHash: Compacting FUObjectHashTables data took   2.64ms
[2025.09.12-15.09.54:496][188]LogSlate: Window 'ThirdPersonCharacter' being destroyed
[2025.09.12-15.09.54:503][188]LogWorld: UWorld::CleanupWorld for World_9, bSessionEnded=true, bCleanupResources=true
[2025.09.12-15.09.55:999][354]LogTemp: Repeating last play command: Selected Viewport
[2025.09.12-15.09.56:004][354]LogBlueprintUserMessages: Early PlayInEditor Detection: Level '/Game/ThirdPersonBP/Maps/ThirdPersonExampleMap.ThirdPersonExampleMap:PersistentLevel' has LevelScriptBlueprint '/Game/ThirdPersonBP/Maps/ThirdPersonExampleMap.ThirdPersonExampleMap:PersistentLevel.ThirdPersonExampleMap' with GeneratedClass '/Game/ThirdPersonBP/Maps/ThirdPersonExampleMap.ThirdPersonExampleMap_C' with ClassGeneratedBy '/Game/ThirdPersonBP/Maps/ThirdPersonExampleMap.ThirdPersonExampleMap:PersistentLevel.ThirdPersonExampleMap'
[2025.09.12-15.09.56:004][354]LogPlayLevel: PlayLevel: No blueprints needed recompiling
[2025.09.12-15.09.56:004][354]PIE: New page: PIE session: ThirdPersonExampleMap (12 Sep 2025 17:09:56)
[2025.09.12-15.09.56:005][354]LogOnline: OSS: Creating online subsystem instance for: NULL
[2025.09.12-15.09.56:006][354]LogPlayLevel: Creating play world package: /Game/ThirdPersonBP/Maps/UEDPIE_0_ThirdPersonExampleMap
[2025.09.12-15.09.56:013][354]LogPlayLevel: PIE: StaticDuplicateObject took: (0.006800s)
[2025.09.12-15.09.56:013][354]LogAIModule: Creating AISystem for world ThirdPersonExampleMap
[2025.09.12-15.09.56:014][354]LogPlayLevel: PIE: World Init took: (0.000586s)
[2025.09.12-15.09.56:014][354]LogPlayLevel: PIE: Created PIE world by copying editor world from /Game/ThirdPersonBP/Maps/ThirdPersonExampleMap.ThirdPersonExampleMap to /Game/ThirdPersonBP/Maps/UEDPIE_0_ThirdPersonExampleMap.ThirdPersonExampleMap (0.007544s)
[2025.09.12-15.09.56:042][354]LogUObjectHash: Compacting FUObjectHashTables data took   2.04ms
[2025.09.12-15.09.56:048][354]LogInit: XAudio2 using 'Speakers (Realtek USB Audio)' : 2 channels at 48 kHz using 32 bits per sample (channel mask 0x3)
[2025.09.12-15.09.56:051][354]LogInit: FAudioDevice initialized.
[2025.09.12-15.09.56:058][354]LogLinker: Warning: While loading '../../../../../../Users/Isaac/Desktop/GAMEJAM/GameJamHGGUnreal4.23.1/GameJamCrew/Content/ThirdPersonBP/Blueprints/ThirdPersonCharacter.uasset' failed to load '/Game/Mannequin/cat_fixed': Can't find file.
[2025.09.12-15.09.56:058][354]LogLinker: Warning: While loading '../../../../../../Users/Isaac/Desktop/GAMEJAM/GameJamHGGUnreal4.23.1/GameJamCrew/Content/ThirdPersonBP/Blueprints/ThirdPersonCharacter.uasset' failed to load '/Game/Mannequin/cat_fixed': Can't find file.
[2025.09.12-15.09.56:058][354]LogLinker: Warning: While loading '../../../../../../Users/Isaac/Desktop/GAMEJAM/GameJamHGGUnreal4.23.1/GameJamCrew/Content/ThirdPersonBP/Blueprints/ThirdPersonCharacter.uasset' failed to load '/Game/Mannequin/cat_fixed': Can't find file.
[2025.09.12-15.09.56:058][354]LogLinker: Warning: While loading '../../../../../../Users/Isaac/Desktop/GAMEJAM/GameJamHGGUnreal4.23.1/GameJamCrew/Content/ThirdPersonBP/Blueprints/ThirdPersonCharacter.uasset' failed to load '/Game/Mannequin/cat_fixed': Can't find file.
[2025.09.12-15.09.56:059][354]LogLoad: Game class is 'ThirdPersonGameMode_C'
[2025.09.12-15.09.56:060][354]LogWorld: Bringing World /Game/ThirdPersonBP/Maps/UEDPIE_0_ThirdPersonExampleMap.ThirdPersonExampleMap up for play (max tick rate 0) at 2025.09.12-16.09.56
[2025.09.12-15.09.56:060][354]LogWorld: Bringing up level for play took: 0.000612
[2025.09.12-15.09.56:060][354]LogOnline: OSS: Creating online subsystem instance for: :Context_11
[2025.09.12-15.09.56:067][354]LogContentBrowser: Native class hierarchy updated for 'MovieSceneCapture' in 0.0002 seconds. Added 20 classes and 0 folders.
[2025.09.12-15.09.56:067][354]PIE: Play in editor start time for /Game/ThirdPersonBP/Maps/UEDPIE_0_ThirdPersonExampleMap -0.313
[2025.09.12-15.09.56:067][354]LogBlueprintUserMessages: Late PlayInEditor Detection: Level '/Game/ThirdPersonBP/Maps/ThirdPersonExampleMap.ThirdPersonExampleMap:PersistentLevel' has LevelScriptBlueprint '/Game/ThirdPersonBP/Maps/ThirdPersonExampleMap.ThirdPersonExampleMap:PersistentLevel.ThirdPersonExampleMap' with GeneratedClass '/Game/ThirdPersonBP/Maps/ThirdPersonExampleMap.ThirdPersonExampleMap_C' with ClassGeneratedBy '/Game/ThirdPersonBP/Maps/ThirdPersonExampleMap.ThirdPersonExampleMap:PersistentLevel.ThirdPersonExampleMap'
[2025.09.12-15.10.12:816][345]LogBlueprintUserMessages: Early EndPlayMap Detection: Level '/Game/ThirdPersonBP/Maps/ThirdPersonExampleMap.ThirdPersonExampleMap:PersistentLevel' has LevelScriptBlueprint '/Game/ThirdPersonBP/Maps/ThirdPersonExampleMap.ThirdPersonExampleMap:PersistentLevel.ThirdPersonExampleMap' with GeneratedClass '/Game/ThirdPersonBP/Maps/ThirdPersonExampleMap.ThirdPersonExampleMap_C' with ClassGeneratedBy '/Game/ThirdPersonBP/Maps/ThirdPersonExampleMap.ThirdPersonExampleMap:PersistentLevel.ThirdPersonExampleMap'
[2025.09.12-15.10.12:817][345]LogSlate: Updating window title bar state: overlay mode, drag disabled, window buttons hidden, title bar hidden
[2025.09.12-15.10.12:817][345]LogWorld: BeginTearingDown for /Game/ThirdPersonBP/Maps/UEDPIE_0_ThirdPersonExampleMap
[2025.09.12-15.10.12:817][345]LogWorld: UWorld::CleanupWorld for ThirdPersonExampleMap, bSessionEnded=true, bCleanupResources=true
[2025.09.12-15.10.12:822][345]LogPlayLevel: Display: Shutting down PIE online subsystems
[2025.09.12-15.10.12:822][345]LogBlueprintUserMessages: Late EndPlayMap Detection: Level '/Game/ThirdPersonBP/Maps/ThirdPersonExampleMap.ThirdPersonExampleMap:PersistentLevel' has LevelScriptBlueprint '/Game/ThirdPersonBP/Maps/ThirdPersonExampleMap.ThirdPersonExampleMap:PersistentLevel.ThirdPersonExampleMap' with GeneratedClass '/Game/ThirdPersonBP/Maps/ThirdPersonExampleMap.ThirdPersonExampleMap_C' with ClassGeneratedBy '/Game/ThirdPersonBP/Maps/ThirdPersonExampleMap.ThirdPersonExampleMap:PersistentLevel.ThirdPersonExampleMap'
[2025.09.12-15.10.12:850][345]LogSlate: Updating window title bar state: overlay mode, drag disabled, window buttons hidden, title bar hidden
[2025.09.12-15.10.12:881][345]LogUObjectHash: Compacting FUObjectHashTables data took   2.37ms
[2025.09.12-15.10.12:917][348]LogPlayLevel: Display: Destroying online subsystem :Context_11
[2025.09.12-15.10.22:180][636]LogSlate: FSceneViewport::OnFocusLost() reason 0
[2025.09.12-15.10.22:246][644]LogTemp: Repeating last play command: Selected Viewport
[2025.09.12-15.10.22:251][644]LogBlueprintUserMessages: Early PlayInEditor Detection: Level '/Game/ThirdPersonBP/Maps/ThirdPersonExampleMap.ThirdPersonExampleMap:PersistentLevel' has LevelScriptBlueprint '/Game/ThirdPersonBP/Maps/ThirdPersonExampleMap.ThirdPersonExampleMap:PersistentLevel.ThirdPersonExampleMap' with GeneratedClass '/Game/ThirdPersonBP/Maps/ThirdPersonExampleMap.ThirdPersonExampleMap_C' with ClassGeneratedBy '/Game/ThirdPersonBP/Maps/ThirdPersonExampleMap.ThirdPersonExampleMap:PersistentLevel.ThirdPersonExampleMap'
[2025.09.12-15.10.22:251][644]LogPlayLevel: PlayLevel: No blueprints needed recompiling
[2025.09.12-15.10.22:251][644]PIE: New page: PIE session: ThirdPersonExampleMap (12 Sep 2025 17:10:22)
[2025.09.12-15.10.22:251][644]LogPlayLevel: Creating play world package: /Game/ThirdPersonBP/Maps/UEDPIE_0_ThirdPersonExampleMap
[2025.09.12-15.10.22:256][644]LogPlayLevel: PIE: StaticDuplicateObject took: (0.005147s)
[2025.09.12-15.10.22:257][644]LogAIModule: Creating AISystem for world ThirdPersonExampleMap
[2025.09.12-15.10.22:257][644]LogPlayLevel: PIE: World Init took: (0.000641s)
[2025.09.12-15.10.22:257][644]LogPlayLevel: PIE: Created PIE world by copying editor world from /Game/ThirdPersonBP/Maps/ThirdPersonExampleMap.ThirdPersonExampleMap to /Game/ThirdPersonBP/Maps/UEDPIE_0_ThirdPersonExampleMap.ThirdPersonExampleMap (0.005865s)
[2025.09.12-15.10.22:303][644]LogUObjectHash: Compacting FUObjectHashTables data took   1.71ms
[2025.09.12-15.10.22:307][644]LogInit: XAudio2 using 'Speakers (Realtek USB Audio)' : 2 channels at 48 kHz using 32 bits per sample (channel mask 0x3)
[2025.09.12-15.10.22:319][644]LogInit: FAudioDevice initialized.
[2025.09.12-15.10.22:324][644]LogLoad: Game class is 'ThirdPersonGameMode_C'
[2025.09.12-15.10.22:325][644]LogWorld: Bringing World /Game/ThirdPersonBP/Maps/UEDPIE_0_ThirdPersonExampleMap.ThirdPersonExampleMap up for play (max tick rate 0) at 2025.09.12-16.10.22
[2025.09.12-15.10.22:325][644]LogWorld: Bringing up level for play took: 0.000605
[2025.09.12-15.10.22:325][644]LogOnline: OSS: Creating online subsystem instance for: :Context_12
[2025.09.12-15.10.22:326][644]PIE: Play in editor start time for /Game/ThirdPersonBP/Maps/UEDPIE_0_ThirdPersonExampleMap -0.054
[2025.09.12-15.10.22:326][644]LogBlueprintUserMessages: Late PlayInEditor Detection: Level '/Game/ThirdPersonBP/Maps/ThirdPersonExampleMap.ThirdPersonExampleMap:PersistentLevel' has LevelScriptBlueprint '/Game/ThirdPersonBP/Maps/ThirdPersonExampleMap.ThirdPersonExampleMap:PersistentLevel.ThirdPersonExampleMap' with GeneratedClass '/Game/ThirdPersonBP/Maps/ThirdPersonExampleMap.ThirdPersonExampleMap_C' with ClassGeneratedBy '/Game/ThirdPersonBP/Maps/ThirdPersonExampleMap.ThirdPersonExampleMap:PersistentLevel.ThirdPersonExampleMap'
[2025.09.12-15.10.43:236][152]LogBlueprintUserMessages: Early EndPlayMap Detection: Level '/Game/ThirdPersonBP/Maps/ThirdPersonExampleMap.ThirdPersonExampleMap:PersistentLevel' has LevelScriptBlueprint '/Game/ThirdPersonBP/Maps/ThirdPersonExampleMap.ThirdPersonExampleMap:PersistentLevel.ThirdPersonExampleMap' with GeneratedClass '/Game/ThirdPersonBP/Maps/ThirdPersonExampleMap.ThirdPersonExampleMap_C' with ClassGeneratedBy '/Game/ThirdPersonBP/Maps/ThirdPersonExampleMap.ThirdPersonExampleMap:PersistentLevel.ThirdPersonExampleMap'
[2025.09.12-15.10.43:236][152]LogSlate: Updating window title bar state: overlay mode, drag disabled, window buttons hidden, title bar hidden
[2025.09.12-15.10.43:236][152]LogWorld: BeginTearingDown for /Game/ThirdPersonBP/Maps/UEDPIE_0_ThirdPersonExampleMap
[2025.09.12-15.10.43:237][152]LogWorld: UWorld::CleanupWorld for ThirdPersonExampleMap, bSessionEnded=true, bCleanupResources=true
[2025.09.12-15.10.43:244][152]LogPlayLevel: Display: Shutting down PIE online subsystems
[2025.09.12-15.10.43:244][152]LogBlueprintUserMessages: Late EndPlayMap Detection: Level '/Game/ThirdPersonBP/Maps/ThirdPersonExampleMap.ThirdPersonExampleMap:PersistentLevel' has LevelScriptBlueprint '/Game/ThirdPersonBP/Maps/ThirdPersonExampleMap.ThirdPersonExampleMap:PersistentLevel.ThirdPersonExampleMap' with GeneratedClass '/Game/ThirdPersonBP/Maps/ThirdPersonExampleMap.ThirdPersonExampleMap_C' with ClassGeneratedBy '/Game/ThirdPersonBP/Maps/ThirdPersonExampleMap.ThirdPersonExampleMap:PersistentLevel.ThirdPersonExampleMap'
[2025.09.12-15.10.43:275][152]LogSlate: Updating window title bar state: overlay mode, drag disabled, window buttons hidden, title bar hidden
[2025.09.12-15.10.43:277][152]LogUObjectHash: Compacting FUObjectHashTables data took   1.35ms
[2025.09.12-15.10.43:336][158]LogPlayLevel: Display: Destroying online subsystem :Context_12
[2025.09.12-15.10.45:554][417]LogSlate: FSceneViewport::OnFocusLost() reason 0
[2025.09.12-15.10.45:729][433]LogAssetEditorManager: Opening Asset editor for Blueprint /Game/ThirdPersonBP/Blueprints/ThirdPersonCharacter.ThirdPersonCharacter
[2025.09.12-15.19.15:716][703]LogSlate: Window 'ThirdPersonCharacter' being destroyed
[2025.09.12-15.19.43:533][856]LogAssetEditorManager: Opening Asset editor for SkeletalMesh /Game/Mannequin/cat_fixed.cat_fixed
[2025.09.12-15.19.43:537][856]LogActorComponent: RegisterComponentWithWorld: (/Engine/Transient.World_11:PersistentLevel.AnimationEditorPreviewActor_0.DebugSkelMeshComponent_0) Already registered. Aborting.
[2025.09.12-15.19.43:546][856]LogSkeletalMesh: USkeletalMeshComponent::InitArticulated : Bodies already created (/Engine/Transient.World_11:PersistentLevel.AnimationEditorPreviewActor_0.DebugSkelMeshComponent_0) - call TermArticulated first.
[2025.09.12-15.19.46:518][186]LogAssetEditorManager: Opening Asset editor for Skeleton /Game/Mannequin/cat_fixed_Skeleton.cat_fixed_Skeleton
[2025.09.12-15.19.46:521][186]LogActorComponent: RegisterComponentWithWorld: (/Engine/Transient.World_12:PersistentLevel.AnimationEditorPreviewActor_0.DebugSkelMeshComponent_0) Already registered. Aborting.
[2025.09.12-15.19.46:530][186]LogSkeletalMesh: USkeletalMeshComponent::InitArticulated : Bodies already created (/Engine/Transient.World_12:PersistentLevel.AnimationEditorPreviewActor_0.DebugSkelMeshComponent_0) - call TermArticulated first.
[2025.09.12-15.19.50:849][693]LogSlate: FSceneViewport::OnFocusLost() reason 0
[2025.09.12-15.20.01:948][971]LogSavePackage: Moving '../../../../../../Users/Isaac/Desktop/GAMEJAM/GameJamHGGUnreal4.23.1/GameJamCrew/Saved/ThirdPersonCharacter1582CA064111D80258C1ED826BC54458.tmp' to '../../../../../../Users/Isaac/Desktop/GAMEJAM/GameJamHGGUnreal4.23.1/GameJamCrew/Content/ThirdPersonBP/Blueprints/ThirdPersonCharacter.uasset'
[2025.09.12-15.20.08:463][733]LogTemp: Repeating last play command: Selected Viewport
[2025.09.12-15.20.08:467][733]LogBlueprintUserMessages: Early PlayInEditor Detection: Level '/Game/ThirdPersonBP/Maps/ThirdPersonExampleMap.ThirdPersonExampleMap:PersistentLevel' has LevelScriptBlueprint '/Game/ThirdPersonBP/Maps/ThirdPersonExampleMap.ThirdPersonExampleMap:PersistentLevel.ThirdPersonExampleMap' with GeneratedClass '/Game/ThirdPersonBP/Maps/ThirdPersonExampleMap.ThirdPersonExampleMap_C' with ClassGeneratedBy '/Game/ThirdPersonBP/Maps/ThirdPersonExampleMap.ThirdPersonExampleMap:PersistentLevel.ThirdPersonExampleMap'
[2025.09.12-15.20.08:467][733]BlueprintLog: New page: Pre-Play auto-recompile
[2025.09.12-15.20.08:468][733]LogPlayLevel: [PlayLevel] Compiling ThirdPersonCharacter before play...
[2025.09.12-15.20.08:615][733]LogUObjectHash: Compacting FUObjectHashTables data took   2.42ms
[2025.09.12-15.20.08:615][733]LogPlayLevel: PlayLevel: Blueprint regeneration took 147 ms (1 blueprints)
[2025.09.12-15.20.08:615][733]PIE: New page: PIE session: ThirdPersonExampleMap (12 Sep 2025 17:20:08)
[2025.09.12-15.20.08:615][733]LogPlayLevel: Creating play world package: /Game/ThirdPersonBP/Maps/UEDPIE_0_ThirdPersonExampleMap
[2025.09.12-15.20.08:621][733]LogPlayLevel: PIE: StaticDuplicateObject took: (0.005783s)
[2025.09.12-15.20.08:621][733]LogAIModule: Creating AISystem for world ThirdPersonExampleMap
[2025.09.12-15.20.08:621][733]LogPlayLevel: PIE: World Init took: (0.000677s)
[2025.09.12-15.20.08:621][733]LogPlayLevel: PIE: Created PIE world by copying editor world from /Game/ThirdPersonBP/Maps/ThirdPersonExampleMap.ThirdPersonExampleMap to /Game/ThirdPersonBP/Maps/UEDPIE_0_ThirdPersonExampleMap.ThirdPersonExampleMap (0.006530s)
[2025.09.12-15.20.08:649][733]LogUObjectHash: Compacting FUObjectHashTables data took   1.40ms
[2025.09.12-15.20.08:653][733]LogInit: XAudio2 using 'Speakers (Realtek USB Audio)' : 2 channels at 48 kHz using 32 bits per sample (channel mask 0x3)
[2025.09.12-15.20.08:657][733]LogInit: FAudioDevice initialized.
[2025.09.12-15.20.08:662][733]LogLoad: Game class is 'ThirdPersonGameMode_C'
[2025.09.12-15.20.08:663][733]LogWorld: Bringing World /Game/ThirdPersonBP/Maps/UEDPIE_0_ThirdPersonExampleMap.ThirdPersonExampleMap up for play (max tick rate 0) at 2025.09.12-16.20.08
[2025.09.12-15.20.08:663][733]LogWorld: Bringing up level for play took: 0.000590
[2025.09.12-15.20.08:664][733]LogOnline: OSS: Creating online subsystem instance for: :Context_16
[2025.09.12-15.20.08:664][733]PIE: Play in editor start time for /Game/ThirdPersonBP/Maps/UEDPIE_0_ThirdPersonExampleMap 0.285
[2025.09.12-15.20.08:665][733]LogBlueprintUserMessages: Late PlayInEditor Detection: Level '/Game/ThirdPersonBP/Maps/ThirdPersonExampleMap.ThirdPersonExampleMap:PersistentLevel' has LevelScriptBlueprint '/Game/ThirdPersonBP/Maps/ThirdPersonExampleMap.ThirdPersonExampleMap:PersistentLevel.ThirdPersonExampleMap' with GeneratedClass '/Game/ThirdPersonBP/Maps/ThirdPersonExampleMap.ThirdPersonExampleMap_C' with ClassGeneratedBy '/Game/ThirdPersonBP/Maps/ThirdPersonExampleMap.ThirdPersonExampleMap:PersistentLevel.ThirdPersonExampleMap'
[2025.09.12-15.20.18:706][937]LogBlueprintUserMessages: Early EndPlayMap Detection: Level '/Game/ThirdPersonBP/Maps/ThirdPersonExampleMap.ThirdPersonExampleMap:PersistentLevel' has LevelScriptBlueprint '/Game/ThirdPersonBP/Maps/ThirdPersonExampleMap.ThirdPersonExampleMap:PersistentLevel.ThirdPersonExampleMap' with GeneratedClass '/Game/ThirdPersonBP/Maps/ThirdPersonExampleMap.ThirdPersonExampleMap_C' with ClassGeneratedBy '/Game/ThirdPersonBP/Maps/ThirdPersonExampleMap.ThirdPersonExampleMap:PersistentLevel.ThirdPersonExampleMap'
[2025.09.12-15.20.18:707][937]LogSlate: Updating window title bar state: overlay mode, drag disabled, window buttons hidden, title bar hidden
[2025.09.12-15.20.18:707][937]LogWorld: BeginTearingDown for /Game/ThirdPersonBP/Maps/UEDPIE_0_ThirdPersonExampleMap
[2025.09.12-15.20.18:707][937]LogWorld: UWorld::CleanupWorld for ThirdPersonExampleMap, bSessionEnded=true, bCleanupResources=true
[2025.09.12-15.20.18:715][937]LogPlayLevel: Display: Shutting down PIE online subsystems
[2025.09.12-15.20.18:715][937]LogBlueprintUserMessages: Late EndPlayMap Detection: Level '/Game/ThirdPersonBP/Maps/ThirdPersonExampleMap.ThirdPersonExampleMap:PersistentLevel' has LevelScriptBlueprint '/Game/ThirdPersonBP/Maps/ThirdPersonExampleMap.ThirdPersonExampleMap:PersistentLevel.ThirdPersonExampleMap' with GeneratedClass '/Game/ThirdPersonBP/Maps/ThirdPersonExampleMap.ThirdPersonExampleMap_C' with ClassGeneratedBy '/Game/ThirdPersonBP/Maps/ThirdPersonExampleMap.ThirdPersonExampleMap:PersistentLevel.ThirdPersonExampleMap'
[2025.09.12-15.20.18:746][937]LogSlate: Updating window title bar state: overlay mode, drag disabled, window buttons hidden, title bar hidden
[2025.09.12-15.20.18:748][937]LogUObjectHash: Compacting FUObjectHashTables data took   1.43ms
[2025.09.12-15.20.18:809][943]LogPlayLevel: Display: Destroying online subsystem :Context_16
[2025.09.12-15.20.19:537][ 25]LogSlate: FSceneViewport::OnFocusLost() reason 0
[2025.09.12-15.20.54:823][133]LogSavePackage: Moving '../../../../../../Users/Isaac/Desktop/GAMEJAM/GameJamHGGUnreal4.23.1/GameJamCrew/Saved/ThirdPersonCharacter57CA5A8346FDA882030C56B5ACB9F113.tmp' to '../../../../../../Users/Isaac/Desktop/GAMEJAM/GameJamHGGUnreal4.23.1/GameJamCrew/Content/ThirdPersonBP/Blueprints/ThirdPersonCharacter.uasset'
[2025.09.12-15.20.56:891][360]LogTemp: Repeating last play command: Selected Viewport
[2025.09.12-15.20.56:896][360]LogBlueprintUserMessages: Early PlayInEditor Detection: Level '/Game/ThirdPersonBP/Maps/ThirdPersonExampleMap.ThirdPersonExampleMap:PersistentLevel' has LevelScriptBlueprint '/Game/ThirdPersonBP/Maps/ThirdPersonExampleMap.ThirdPersonExampleMap:PersistentLevel.ThirdPersonExampleMap' with GeneratedClass '/Game/ThirdPersonBP/Maps/ThirdPersonExampleMap.ThirdPersonExampleMap_C' with ClassGeneratedBy '/Game/ThirdPersonBP/Maps/ThirdPersonExampleMap.ThirdPersonExampleMap:PersistentLevel.ThirdPersonExampleMap'
[2025.09.12-15.20.56:896][360]BlueprintLog: New page: Pre-Play auto-recompile
[2025.09.12-15.20.56:897][360]LogPlayLevel: [PlayLevel] Compiling ThirdPersonCharacter before play...
[2025.09.12-15.20.57:047][360]LogUObjectHash: Compacting FUObjectHashTables data took   2.06ms
[2025.09.12-15.20.57:047][360]LogPlayLevel: PlayLevel: Blueprint regeneration took 151 ms (1 blueprints)
[2025.09.12-15.20.57:047][360]PIE: New page: PIE session: ThirdPersonExampleMap (12 Sep 2025 17:20:57)
[2025.09.12-15.20.57:047][360]LogPlayLevel: Creating play world package: /Game/ThirdPersonBP/Maps/UEDPIE_0_ThirdPersonExampleMap
[2025.09.12-15.20.57:053][360]LogPlayLevel: PIE: StaticDuplicateObject took: (0.006032s)
[2025.09.12-15.20.57:054][360]LogAIModule: Creating AISystem for world ThirdPersonExampleMap
[2025.09.12-15.20.57:054][360]LogPlayLevel: PIE: World Init took: (0.000674s)
[2025.09.12-15.20.57:054][360]LogPlayLevel: PIE: Created PIE world by copying editor world from /Game/ThirdPersonBP/Maps/ThirdPersonExampleMap.ThirdPersonExampleMap to /Game/ThirdPersonBP/Maps/UEDPIE_0_ThirdPersonExampleMap.ThirdPersonExampleMap (0.006795s)
[2025.09.12-15.20.57:082][360]LogUObjectHash: Compacting FUObjectHashTables data took   1.35ms
[2025.09.12-15.20.57:086][360]LogInit: XAudio2 using 'Speakers (Realtek USB Audio)' : 2 channels at 48 kHz using 32 bits per sample (channel mask 0x3)
[2025.09.12-15.20.57:090][360]LogInit: FAudioDevice initialized.
[2025.09.12-15.20.57:093][360]LogLoad: Game class is 'ThirdPersonGameMode_C'
[2025.09.12-15.20.57:094][360]LogWorld: Bringing World /Game/ThirdPersonBP/Maps/UEDPIE_0_ThirdPersonExampleMap.ThirdPersonExampleMap up for play (max tick rate 0) at 2025.09.12-16.20.57
[2025.09.12-15.20.57:094][360]LogWorld: Bringing up level for play took: 0.000583
[2025.09.12-15.20.57:094][360]LogOnline: OSS: Creating online subsystem instance for: :Context_17
[2025.09.12-15.20.57:095][360]PIE: Play in editor start time for /Game/ThirdPersonBP/Maps/UEDPIE_0_ThirdPersonExampleMap 0.716
[2025.09.12-15.20.57:095][360]LogBlueprintUserMessages: Late PlayInEditor Detection: Level '/Game/ThirdPersonBP/Maps/ThirdPersonExampleMap.ThirdPersonExampleMap:PersistentLevel' has LevelScriptBlueprint '/Game/ThirdPersonBP/Maps/ThirdPersonExampleMap.ThirdPersonExampleMap:PersistentLevel.ThirdPersonExampleMap' with GeneratedClass '/Game/ThirdPersonBP/Maps/ThirdPersonExampleMap.ThirdPersonExampleMap_C' with ClassGeneratedBy '/Game/ThirdPersonBP/Maps/ThirdPersonExampleMap.ThirdPersonExampleMap:PersistentLevel.ThirdPersonExampleMap'
[2025.09.12-15.21.08:188][690]LogBlueprintUserMessages: Early EndPlayMap Detection: Level '/Game/ThirdPersonBP/Maps/ThirdPersonExampleMap.ThirdPersonExampleMap:PersistentLevel' has LevelScriptBlueprint '/Game/ThirdPersonBP/Maps/ThirdPersonExampleMap.ThirdPersonExampleMap:PersistentLevel.ThirdPersonExampleMap' with GeneratedClass '/Game/ThirdPersonBP/Maps/ThirdPersonExampleMap.ThirdPersonExampleMap_C' with ClassGeneratedBy '/Game/ThirdPersonBP/Maps/ThirdPersonExampleMap.ThirdPersonExampleMap:PersistentLevel.ThirdPersonExampleMap'
[2025.09.12-15.21.08:188][690]LogSlate: Updating window title bar state: overlay mode, drag disabled, window buttons hidden, title bar hidden
[2025.09.12-15.21.08:188][690]LogWorld: BeginTearingDown for /Game/ThirdPersonBP/Maps/UEDPIE_0_ThirdPersonExampleMap
[2025.09.12-15.21.08:189][690]LogWorld: UWorld::CleanupWorld for ThirdPersonExampleMap, bSessionEnded=true, bCleanupResources=true
[2025.09.12-15.21.08:195][690]LogPlayLevel: Display: Shutting down PIE online subsystems
[2025.09.12-15.21.08:195][690]LogBlueprintUserMessages: Late EndPlayMap Detection: Level '/Game/ThirdPersonBP/Maps/ThirdPersonExampleMap.ThirdPersonExampleMap:PersistentLevel' has LevelScriptBlueprint '/Game/ThirdPersonBP/Maps/ThirdPersonExampleMap.ThirdPersonExampleMap:PersistentLevel.ThirdPersonExampleMap' with GeneratedClass '/Game/ThirdPersonBP/Maps/ThirdPersonExampleMap.ThirdPersonExampleMap_C' with ClassGeneratedBy '/Game/ThirdPersonBP/Maps/ThirdPersonExampleMap.ThirdPersonExampleMap:PersistentLevel.ThirdPersonExampleMap'
[2025.09.12-15.21.08:225][690]LogSlate: Updating window title bar state: overlay mode, drag disabled, window buttons hidden, title bar hidden
[2025.09.12-15.21.08:227][690]LogUObjectHash: Compacting FUObjectHashTables data took   1.42ms
[2025.09.12-15.21.08:296][697]LogPlayLevel: Display: Destroying online subsystem :Context_17
[2025.09.12-15.21.08:945][774]LogSlate: FSceneViewport::OnFocusLost() reason 0
[2025.09.12-15.21.14:108][339]LogSavePackage: Moving '../../../../../../Users/Isaac/Desktop/GAMEJAM/GameJamHGGUnreal4.23.1/GameJamCrew/Saved/ThirdPersonCharacterFE41313247C487D7D2E4B9A2FC689BFE.tmp' to '../../../../../../Users/Isaac/Desktop/GAMEJAM/GameJamHGGUnreal4.23.1/GameJamCrew/Content/ThirdPersonBP/Blueprints/ThirdPersonCharacter.uasset'
[2025.09.12-15.21.18:747][856]BlueprintLog: New page: Compile ThirdPersonCharacter
[2025.09.12-15.21.18:875][856]LogUObjectHash: Compacting FUObjectHashTables data took   1.92ms
[2025.09.12-15.21.20:493][ 27]LogTemp: Repeating last play command: Selected Viewport
[2025.09.12-15.21.20:497][ 27]LogBlueprintUserMessages: Early PlayInEditor Detection: Level '/Game/ThirdPersonBP/Maps/ThirdPersonExampleMap.ThirdPersonExampleMap:PersistentLevel' has LevelScriptBlueprint '/Game/ThirdPersonBP/Maps/ThirdPersonExampleMap.ThirdPersonExampleMap:PersistentLevel.ThirdPersonExampleMap' with GeneratedClass '/Game/ThirdPersonBP/Maps/ThirdPersonExampleMap.ThirdPersonExampleMap_C' with ClassGeneratedBy '/Game/ThirdPersonBP/Maps/ThirdPersonExampleMap.ThirdPersonExampleMap:PersistentLevel.ThirdPersonExampleMap'
[2025.09.12-15.21.20:497][ 27]LogPlayLevel: PlayLevel: No blueprints needed recompiling
[2025.09.12-15.21.20:497][ 27]PIE: New page: PIE session: ThirdPersonExampleMap (12 Sep 2025 17:21:20)
[2025.09.12-15.21.20:497][ 27]LogPlayLevel: Creating play world package: /Game/ThirdPersonBP/Maps/UEDPIE_0_ThirdPersonExampleMap
[2025.09.12-15.21.20:502][ 27]LogPlayLevel: PIE: StaticDuplicateObject took: (0.004917s)
[2025.09.12-15.21.20:502][ 27]LogAIModule: Creating AISystem for world ThirdPersonExampleMap
[2025.09.12-15.21.20:503][ 27]LogPlayLevel: PIE: World Init took: (0.000580s)
[2025.09.12-15.21.20:503][ 27]LogPlayLevel: PIE: Created PIE world by copying editor world from /Game/ThirdPersonBP/Maps/ThirdPersonExampleMap.ThirdPersonExampleMap to /Game/ThirdPersonBP/Maps/UEDPIE_0_ThirdPersonExampleMap.ThirdPersonExampleMap (0.005568s)
[2025.09.12-15.21.20:533][ 27]LogUObjectHash: Compacting FUObjectHashTables data took   2.09ms
[2025.09.12-15.21.20:537][ 27]LogInit: XAudio2 using 'Speakers (Realtek USB Audio)' : 2 channels at 48 kHz using 32 bits per sample (channel mask 0x3)
[2025.09.12-15.21.20:540][ 27]LogInit: FAudioDevice initialized.
[2025.09.12-15.21.20:546][ 27]LogLoad: Game class is 'ThirdPersonGameMode_C'
[2025.09.12-15.21.20:547][ 27]LogWorld: Bringing World /Game/ThirdPersonBP/Maps/UEDPIE_0_ThirdPersonExampleMap.ThirdPersonExampleMap up for play (max tick rate 0) at 2025.09.12-16.21.20
[2025.09.12-15.21.20:547][ 27]LogWorld: Bringing up level for play took: 0.000589
[2025.09.12-15.21.20:547][ 27]LogOnline: OSS: Creating online subsystem instance for: :Context_18
[2025.09.12-15.21.20:548][ 27]PIE: Play in editor start time for /Game/ThirdPersonBP/Maps/UEDPIE_0_ThirdPersonExampleMap 0.168
[2025.09.12-15.21.20:548][ 27]LogBlueprintUserMessages: Late PlayInEditor Detection: Level '/Game/ThirdPersonBP/Maps/ThirdPersonExampleMap.ThirdPersonExampleMap:PersistentLevel' has LevelScriptBlueprint '/Game/ThirdPersonBP/Maps/ThirdPersonExampleMap.ThirdPersonExampleMap:PersistentLevel.ThirdPersonExampleMap' with GeneratedClass '/Game/ThirdPersonBP/Maps/ThirdPersonExampleMap.ThirdPersonExampleMap_C' with ClassGeneratedBy '/Game/ThirdPersonBP/Maps/ThirdPersonExampleMap.ThirdPersonExampleMap:PersistentLevel.ThirdPersonExampleMap'
[2025.09.12-15.21.30:728][245]LogBlueprintUserMessages: Early EndPlayMap Detection: Level '/Game/ThirdPersonBP/Maps/ThirdPersonExampleMap.ThirdPersonExampleMap:PersistentLevel' has LevelScriptBlueprint '/Game/ThirdPersonBP/Maps/ThirdPersonExampleMap.ThirdPersonExampleMap:PersistentLevel.ThirdPersonExampleMap' with GeneratedClass '/Game/ThirdPersonBP/Maps/ThirdPersonExampleMap.ThirdPersonExampleMap_C' with ClassGeneratedBy '/Game/ThirdPersonBP/Maps/ThirdPersonExampleMap.ThirdPersonExampleMap:PersistentLevel.ThirdPersonExampleMap'
[2025.09.12-15.21.30:728][245]LogSlate: Updating window title bar state: overlay mode, drag disabled, window buttons hidden, title bar hidden
[2025.09.12-15.21.30:728][245]LogWorld: BeginTearingDown for /Game/ThirdPersonBP/Maps/UEDPIE_0_ThirdPersonExampleMap
[2025.09.12-15.21.30:728][245]LogWorld: UWorld::CleanupWorld for ThirdPersonExampleMap, bSessionEnded=true, bCleanupResources=true
[2025.09.12-15.21.30:747][245]LogPlayLevel: Display: Shutting down PIE online subsystems
[2025.09.12-15.21.30:747][245]LogBlueprintUserMessages: Late EndPlayMap Detection: Level '/Game/ThirdPersonBP/Maps/ThirdPersonExampleMap.ThirdPersonExampleMap:PersistentLevel' has LevelScriptBlueprint '/Game/ThirdPersonBP/Maps/ThirdPersonExampleMap.ThirdPersonExampleMap:PersistentLevel.ThirdPersonExampleMap' with GeneratedClass '/Game/ThirdPersonBP/Maps/ThirdPersonExampleMap.ThirdPersonExampleMap_C' with ClassGeneratedBy '/Game/ThirdPersonBP/Maps/ThirdPersonExampleMap.ThirdPersonExampleMap:PersistentLevel.ThirdPersonExampleMap'
[2025.09.12-15.21.30:778][245]LogSlate: Updating window title bar state: overlay mode, drag disabled, window buttons hidden, title bar hidden
[2025.09.12-15.21.30:780][245]LogUObjectHash: Compacting FUObjectHashTables data took   1.48ms
[2025.09.12-15.21.30:832][250]LogPlayLevel: Display: Destroying online subsystem :Context_18
[2025.09.12-15.21.31:401][317]LogSlate: FSceneViewport::OnFocusLost() reason 0
[2025.09.12-15.22.35:258][826]LogSlate: FSceneViewport::OnFocusLost() reason 0
[2025.09.12-15.23.28:374][ 45]LogTemp: Repeating last play command: Selected Viewport
[2025.09.12-15.23.28:378][ 45]LogBlueprintUserMessages: Early PlayInEditor Detection: Level '/Game/ThirdPersonBP/Maps/ThirdPersonExampleMap.ThirdPersonExampleMap:PersistentLevel' has LevelScriptBlueprint '/Game/ThirdPersonBP/Maps/ThirdPersonExampleMap.ThirdPersonExampleMap:PersistentLevel.ThirdPersonExampleMap' with GeneratedClass '/Game/ThirdPersonBP/Maps/ThirdPersonExampleMap.ThirdPersonExampleMap_C' with ClassGeneratedBy '/Game/ThirdPersonBP/Maps/ThirdPersonExampleMap.ThirdPersonExampleMap:PersistentLevel.ThirdPersonExampleMap'
[2025.09.12-15.23.28:378][ 45]LogPlayLevel: PlayLevel: No blueprints needed recompiling
[2025.09.12-15.23.28:378][ 45]PIE: New page: PIE session: ThirdPersonExampleMap (12 Sep 2025 17:23:28)
[2025.09.12-15.23.28:378][ 45]LogPlayLevel: Creating play world package: /Game/ThirdPersonBP/Maps/UEDPIE_0_ThirdPersonExampleMap
[2025.09.12-15.23.28:384][ 45]LogPlayLevel: PIE: StaticDuplicateObject took: (0.005588s)
[2025.09.12-15.23.28:385][ 45]LogAIModule: Creating AISystem for world ThirdPersonExampleMap
[2025.09.12-15.23.28:385][ 45]LogPlayLevel: PIE: World Init took: (0.000750s)
[2025.09.12-15.23.28:385][ 45]LogPlayLevel: PIE: Created PIE world by copying editor world from /Game/ThirdPersonBP/Maps/ThirdPersonExampleMap.ThirdPersonExampleMap to /Game/ThirdPersonBP/Maps/UEDPIE_0_ThirdPersonExampleMap.ThirdPersonExampleMap (0.006410s)
[2025.09.12-15.23.28:415][ 45]LogUObjectHash: Compacting FUObjectHashTables data took   1.51ms
[2025.09.12-15.23.28:420][ 45]LogInit: XAudio2 using 'Speakers (Realtek USB Audio)' : 2 channels at 48 kHz using 32 bits per sample (channel mask 0x3)
[2025.09.12-15.23.28:423][ 45]LogInit: FAudioDevice initialized.
[2025.09.12-15.23.28:429][ 45]LogSlate: Updating window title bar state: overlay mode, drag disabled, window buttons hidden, title bar hidden
[2025.09.12-15.23.28:429][ 45]LogLoad: Game class is 'ThirdPersonGameMode_C'
[2025.09.12-15.23.28:430][ 45]LogWorld: Bringing World /Game/ThirdPersonBP/Maps/UEDPIE_0_ThirdPersonExampleMap.ThirdPersonExampleMap up for play (max tick rate 0) at 2025.09.12-16.23.28
[2025.09.12-15.23.28:431][ 45]LogWorld: Bringing up level for play took: 0.000746
[2025.09.12-15.23.28:431][ 45]LogOnline: OSS: Creating online subsystem instance for: :Context_19
[2025.09.12-15.23.28:436][ 45]PIE: Play in editor start time for /Game/ThirdPersonBP/Maps/UEDPIE_0_ThirdPersonExampleMap 0.056
[2025.09.12-15.23.28:436][ 45]LogBlueprintUserMessages: Late PlayInEditor Detection: Level '/Game/ThirdPersonBP/Maps/ThirdPersonExampleMap.ThirdPersonExampleMap:PersistentLevel' has LevelScriptBlueprint '/Game/ThirdPersonBP/Maps/ThirdPersonExampleMap.ThirdPersonExampleMap:PersistentLevel.ThirdPersonExampleMap' with GeneratedClass '/Game/ThirdPersonBP/Maps/ThirdPersonExampleMap.ThirdPersonExampleMap_C' with ClassGeneratedBy '/Game/ThirdPersonBP/Maps/ThirdPersonExampleMap.ThirdPersonExampleMap:PersistentLevel.ThirdPersonExampleMap'
[2025.09.12-15.23.38:111][203]LogBlueprintUserMessages: Early EndPlayMap Detection: Level '/Game/ThirdPersonBP/Maps/ThirdPersonExampleMap.ThirdPersonExampleMap:PersistentLevel' has LevelScriptBlueprint '/Game/ThirdPersonBP/Maps/ThirdPersonExampleMap.ThirdPersonExampleMap:PersistentLevel.ThirdPersonExampleMap' with GeneratedClass '/Game/ThirdPersonBP/Maps/ThirdPersonExampleMap.ThirdPersonExampleMap_C' with ClassGeneratedBy '/Game/ThirdPersonBP/Maps/ThirdPersonExampleMap.ThirdPersonExampleMap:PersistentLevel.ThirdPersonExampleMap'
[2025.09.12-15.23.38:111][203]LogSlate: Updating window title bar state: overlay mode, drag disabled, window buttons hidden, title bar hidden
[2025.09.12-15.23.38:111][203]LogWorld: BeginTearingDown for /Game/ThirdPersonBP/Maps/UEDPIE_0_ThirdPersonExampleMap
[2025.09.12-15.23.38:115][203]LogSlate: Window 'GameJamCrew Game Preview Standalone (64-bit/PCD3D_SM5)' being destroyed
[2025.09.12-15.23.38:120][203]LogWorld: UWorld::CleanupWorld for ThirdPersonExampleMap, bSessionEnded=true, bCleanupResources=true
[2025.09.12-15.23.38:141][203]LogPlayLevel: Display: Shutting down PIE online subsystems
[2025.09.12-15.23.38:141][203]LogBlueprintUserMessages: Late EndPlayMap Detection: Level '/Game/ThirdPersonBP/Maps/ThirdPersonExampleMap.ThirdPersonExampleMap:PersistentLevel' has LevelScriptBlueprint '/Game/ThirdPersonBP/Maps/ThirdPersonExampleMap.ThirdPersonExampleMap:PersistentLevel.ThirdPersonExampleMap' with GeneratedClass '/Game/ThirdPersonBP/Maps/ThirdPersonExampleMap.ThirdPersonExampleMap_C' with ClassGeneratedBy '/Game/ThirdPersonBP/Maps/ThirdPersonExampleMap.ThirdPersonExampleMap:PersistentLevel.ThirdPersonExampleMap'
[2025.09.12-15.23.38:170][203]LogUObjectHash: Compacting FUObjectHashTables data took   1.61ms
[2025.09.12-15.23.38:250][204]LogPlayLevel: Display: Destroying online subsystem :Context_19
[2025.09.12-15.23.48:167][319]LogTemp: Repeating last play command: Selected Viewport
[2025.09.12-15.23.48:171][319]LogBlueprintUserMessages: Early PlayInEditor Detection: Level '/Game/ThirdPersonBP/Maps/ThirdPersonExampleMap.ThirdPersonExampleMap:PersistentLevel' has LevelScriptBlueprint '/Game/ThirdPersonBP/Maps/ThirdPersonExampleMap.ThirdPersonExampleMap:PersistentLevel.ThirdPersonExampleMap' with GeneratedClass '/Game/ThirdPersonBP/Maps/ThirdPersonExampleMap.ThirdPersonExampleMap_C' with ClassGeneratedBy '/Game/ThirdPersonBP/Maps/ThirdPersonExampleMap.ThirdPersonExampleMap:PersistentLevel.ThirdPersonExampleMap'
[2025.09.12-15.23.48:171][319]LogPlayLevel: PlayLevel: No blueprints needed recompiling
[2025.09.12-15.23.48:171][319]PIE: New page: PIE session: ThirdPersonExampleMap (12 Sep 2025 17:23:48)
[2025.09.12-15.23.48:171][319]LogPlayLevel: Creating play world package: /Game/ThirdPersonBP/Maps/UEDPIE_0_ThirdPersonExampleMap
[2025.09.12-15.23.48:178][319]LogPlayLevel: PIE: StaticDuplicateObject took: (0.006943s)
[2025.09.12-15.23.48:178][319]LogAIModule: Creating AISystem for world ThirdPersonExampleMap
[2025.09.12-15.23.48:178][319]LogPlayLevel: PIE: World Init took: (0.000539s)
[2025.09.12-15.23.48:179][319]LogPlayLevel: PIE: Created PIE world by copying editor world from /Game/ThirdPersonBP/Maps/ThirdPersonExampleMap.ThirdPersonExampleMap to /Game/ThirdPersonBP/Maps/UEDPIE_0_ThirdPersonExampleMap.ThirdPersonExampleMap (0.007552s)
[2025.09.12-15.23.48:213][319]LogUObjectHash: Compacting FUObjectHashTables data took   1.98ms
[2025.09.12-15.23.48:219][319]LogInit: XAudio2 using 'Speakers (Realtek USB Audio)' : 2 channels at 48 kHz using 32 bits per sample (channel mask 0x3)
[2025.09.12-15.23.48:224][319]LogInit: FAudioDevice initialized.
[2025.09.12-15.23.48:268][319]LogSlate: Updating window title bar state: overlay mode, drag disabled, window buttons hidden, title bar hidden
[2025.09.12-15.23.48:269][319]LogLoad: Game class is 'ThirdPersonGameMode_C'
[2025.09.12-15.23.48:270][319]LogWorld: Bringing World /Game/ThirdPersonBP/Maps/UEDPIE_0_ThirdPersonExampleMap.ThirdPersonExampleMap up for play (max tick rate 0) at 2025.09.12-16.23.48
[2025.09.12-15.23.48:270][319]LogWorld: Bringing up level for play took: 0.000826
[2025.09.12-15.23.48:270][319]LogOnline: OSS: Creating online subsystem instance for: :Context_20
[2025.09.12-15.23.48:275][319]PIE: Play in editor start time for /Game/ThirdPersonBP/Maps/UEDPIE_0_ThirdPersonExampleMap -0.105
[2025.09.12-15.23.48:275][319]LogBlueprintUserMessages: Late PlayInEditor Detection: Level '/Game/ThirdPersonBP/Maps/ThirdPersonExampleMap.ThirdPersonExampleMap:PersistentLevel' has LevelScriptBlueprint '/Game/ThirdPersonBP/Maps/ThirdPersonExampleMap.ThirdPersonExampleMap:PersistentLevel.ThirdPersonExampleMap' with GeneratedClass '/Game/ThirdPersonBP/Maps/ThirdPersonExampleMap.ThirdPersonExampleMap_C' with ClassGeneratedBy '/Game/ThirdPersonBP/Maps/ThirdPersonExampleMap.ThirdPersonExampleMap:PersistentLevel.ThirdPersonExampleMap'
[2025.09.12-15.23.56:577][313]LogBlueprintDebug: Warning: Hit breakpoint on node 'K2Node_IfThenElse', from offset 3333
[2025.09.12-15.23.56:577][313]LogBlueprintDebug: 
Script call stack:
	Function /Game/ThirdPersonBP/Blueprints/ThirdPersonCharacter.ThirdPersonCharacter_C:ExecuteUbergraph_ThirdPersonCharacter
	Function /Game/ThirdPersonBP/Blueprints/ThirdPersonCharacter.ThirdPersonCharacter_C:ToAnimation
	Function /Game/ThirdPersonBP/Blueprints/ThirdPersonCharacter.ThirdPersonCharacter_C:ExecuteUbergraph_ThirdPersonCharacter

[2025.09.12-15.23.56:580][313]LogSlate: FSceneViewport::OnFocusLost() reason 2
[2025.09.12-15.24.28:493][313]LogBlueprintUserMessages: Early EndPlayMap Detection: Level '/Game/ThirdPersonBP/Maps/ThirdPersonExampleMap.ThirdPersonExampleMap:PersistentLevel' has LevelScriptBlueprint '/Game/ThirdPersonBP/Maps/ThirdPersonExampleMap.ThirdPersonExampleMap:PersistentLevel.ThirdPersonExampleMap' with GeneratedClass '/Game/ThirdPersonBP/Maps/ThirdPersonExampleMap.ThirdPersonExampleMap_C' with ClassGeneratedBy '/Game/ThirdPersonBP/Maps/ThirdPersonExampleMap.ThirdPersonExampleMap:PersistentLevel.ThirdPersonExampleMap'
[2025.09.12-15.24.28:493][313]LogSlate: Updating window title bar state: overlay mode, drag disabled, window buttons hidden, title bar hidden
[2025.09.12-15.24.28:493][313]LogWorld: BeginTearingDown for /Game/ThirdPersonBP/Maps/UEDPIE_0_ThirdPersonExampleMap
[2025.09.12-15.24.28:497][313]LogSlate: Window 'GameJamCrew Game Preview Standalone (64-bit/PCD3D_SM5)' being destroyed
[2025.09.12-15.24.28:499][313]LogWorld: UWorld::CleanupWorld for ThirdPersonExampleMap, bSessionEnded=true, bCleanupResources=true
[2025.09.12-15.24.28:524][313]LogPlayLevel: Display: Shutting down PIE online subsystems
[2025.09.12-15.24.28:524][313]LogBlueprintUserMessages: Late EndPlayMap Detection: Level '/Game/ThirdPersonBP/Maps/ThirdPersonExampleMap.ThirdPersonExampleMap:PersistentLevel' has LevelScriptBlueprint '/Game/ThirdPersonBP/Maps/ThirdPersonExampleMap.ThirdPersonExampleMap:PersistentLevel.ThirdPersonExampleMap' with GeneratedClass '/Game/ThirdPersonBP/Maps/ThirdPersonExampleMap.ThirdPersonExampleMap_C' with ClassGeneratedBy '/Game/ThirdPersonBP/Maps/ThirdPersonExampleMap.ThirdPersonExampleMap:PersistentLevel.ThirdPersonExampleMap'
[2025.09.12-15.24.28:556][313]LogUObjectHash: Compacting FUObjectHashTables data took   1.39ms
[2025.09.12-15.24.28:640][314]LogPlayLevel: Display: Destroying online subsystem :Context_20
[2025.09.12-15.24.33:634][871]LogTemp: Repeating last play command: Selected Viewport
[2025.09.12-15.24.33:639][871]LogBlueprintUserMessages: Early PlayInEditor Detection: Level '/Game/ThirdPersonBP/Maps/ThirdPersonExampleMap.ThirdPersonExampleMap:PersistentLevel' has LevelScriptBlueprint '/Game/ThirdPersonBP/Maps/ThirdPersonExampleMap.ThirdPersonExampleMap:PersistentLevel.ThirdPersonExampleMap' with GeneratedClass '/Game/ThirdPersonBP/Maps/ThirdPersonExampleMap.ThirdPersonExampleMap_C' with ClassGeneratedBy '/Game/ThirdPersonBP/Maps/ThirdPersonExampleMap.ThirdPersonExampleMap:PersistentLevel.ThirdPersonExampleMap'
[2025.09.12-15.24.33:639][871]LogPlayLevel: PlayLevel: No blueprints needed recompiling
[2025.09.12-15.24.33:639][871]PIE: New page: PIE session: ThirdPersonExampleMap (12 Sep 2025 17:24:33)
[2025.09.12-15.24.33:639][871]LogPlayLevel: Creating play world package: /Game/ThirdPersonBP/Maps/UEDPIE_0_ThirdPersonExampleMap
[2025.09.12-15.24.33:644][871]LogPlayLevel: PIE: StaticDuplicateObject took: (0.005203s)
[2025.09.12-15.24.33:644][871]LogAIModule: Creating AISystem for world ThirdPersonExampleMap
[2025.09.12-15.24.33:645][871]LogPlayLevel: PIE: World Init took: (0.000592s)
[2025.09.12-15.24.33:645][871]LogPlayLevel: PIE: Created PIE world by copying editor world from /Game/ThirdPersonBP/Maps/ThirdPersonExampleMap.ThirdPersonExampleMap to /Game/ThirdPersonBP/Maps/UEDPIE_0_ThirdPersonExampleMap.ThirdPersonExampleMap (0.005856s)
[2025.09.12-15.24.33:681][871]LogUObjectHash: Compacting FUObjectHashTables data took   2.04ms
[2025.09.12-15.24.33:687][871]LogInit: XAudio2 using 'Speakers (Realtek USB Audio)' : 2 channels at 48 kHz using 32 bits per sample (channel mask 0x3)
[2025.09.12-15.24.33:691][871]LogInit: FAudioDevice initialized.
[2025.09.12-15.24.33:706][871]LogSlate: Updating window title bar state: overlay mode, drag disabled, window buttons hidden, title bar hidden
[2025.09.12-15.24.33:706][871]LogLoad: Game class is 'ThirdPersonGameMode_C'
[2025.09.12-15.24.33:707][871]LogWorld: Bringing World /Game/ThirdPersonBP/Maps/UEDPIE_0_ThirdPersonExampleMap.ThirdPersonExampleMap up for play (max tick rate 0) at 2025.09.12-16.24.33
[2025.09.12-15.24.33:707][871]LogWorld: Bringing up level for play took: 0.000723
[2025.09.12-15.24.33:708][871]LogOnline: OSS: Creating online subsystem instance for: :Context_21
[2025.09.12-15.24.33:713][871]PIE: Play in editor start time for /Game/ThirdPersonBP/Maps/UEDPIE_0_ThirdPersonExampleMap -0.668
[2025.09.12-15.24.33:713][871]LogBlueprintUserMessages: Late PlayInEditor Detection: Level '/Game/ThirdPersonBP/Maps/ThirdPersonExampleMap.ThirdPersonExampleMap:PersistentLevel' has LevelScriptBlueprint '/Game/ThirdPersonBP/Maps/ThirdPersonExampleMap.ThirdPersonExampleMap:PersistentLevel.ThirdPersonExampleMap' with GeneratedClass '/Game/ThirdPersonBP/Maps/ThirdPersonExampleMap.ThirdPersonExampleMap_C' with ClassGeneratedBy '/Game/ThirdPersonBP/Maps/ThirdPersonExampleMap.ThirdPersonExampleMap:PersistentLevel.ThirdPersonExampleMap'
[2025.09.12-15.24.33:713][871]LogBlueprintDebug: Warning: Hit breakpoint on node 'K2Node_IfThenElse', from offset 3519
[2025.09.12-15.24.33:713][871]LogBlueprintDebug: 
Script call stack:
	Function /Game/ThirdPersonBP/Blueprints/ThirdPersonCharacter.ThirdPersonCharacter_C:ReceiveTick
	Function /Game/ThirdPersonBP/Blueprints/ThirdPersonCharacter.ThirdPersonCharacter_C:ExecuteUbergraph_ThirdPersonCharacter
	Function /Game/ThirdPersonBP/Blueprints/ThirdPersonCharacter.ThirdPersonCharacter_C:UpdateCapsuleLocation
	Function /Game/ThirdPersonBP/Blueprints/ThirdPersonCharacter.ThirdPersonCharacter_C:ExecuteUbergraph_ThirdPersonCharacter

[2025.09.12-15.24.33:738][871]LogScriptCore: Warning: Cannot call UnrealScript (HUD /Game/ThirdPersonBP/Maps/UEDPIE_0_ThirdPersonExampleMap.ThirdPersonExampleMap:PersistentLevel.HUD_0 - Function /Script/Engine.HUD:ReceiveDrawHUD) while stopped at a breakpoint.
[2025.09.12-15.24.39:320][871]LogBlueprintUserMessages: Early EndPlayMap Detection: Level '/Game/ThirdPersonBP/Maps/ThirdPersonExampleMap.ThirdPersonExampleMap:PersistentLevel' has LevelScriptBlueprint '/Game/ThirdPersonBP/Maps/ThirdPersonExampleMap.ThirdPersonExampleMap:PersistentLevel.ThirdPersonExampleMap' with GeneratedClass '/Game/ThirdPersonBP/Maps/ThirdPersonExampleMap.ThirdPersonExampleMap_C' with ClassGeneratedBy '/Game/ThirdPersonBP/Maps/ThirdPersonExampleMap.ThirdPersonExampleMap:PersistentLevel.ThirdPersonExampleMap'
[2025.09.12-15.24.39:320][871]LogSlate: Updating window title bar state: overlay mode, drag disabled, window buttons hidden, title bar hidden
[2025.09.12-15.24.39:320][871]LogWorld: BeginTearingDown for /Game/ThirdPersonBP/Maps/UEDPIE_0_ThirdPersonExampleMap
[2025.09.12-15.24.39:324][871]LogSlate: Window 'GameJamCrew Game Preview Standalone (64-bit/PCD3D_SM5)' being destroyed
[2025.09.12-15.24.39:330][871]LogWorld: UWorld::CleanupWorld for ThirdPersonExampleMap, bSessionEnded=true, bCleanupResources=true
[2025.09.12-15.24.39:353][871]LogPlayLevel: Display: Shutting down PIE online subsystems
[2025.09.12-15.24.39:353][871]LogBlueprintUserMessages: Late EndPlayMap Detection: Level '/Game/ThirdPersonBP/Maps/ThirdPersonExampleMap.ThirdPersonExampleMap:PersistentLevel' has LevelScriptBlueprint '/Game/ThirdPersonBP/Maps/ThirdPersonExampleMap.ThirdPersonExampleMap:PersistentLevel.ThirdPersonExampleMap' with GeneratedClass '/Game/ThirdPersonBP/Maps/ThirdPersonExampleMap.ThirdPersonExampleMap_C' with ClassGeneratedBy '/Game/ThirdPersonBP/Maps/ThirdPersonExampleMap.ThirdPersonExampleMap:PersistentLevel.ThirdPersonExampleMap'
[2025.09.12-15.24.39:386][871]LogUObjectHash: Compacting FUObjectHashTables data took   1.41ms
[2025.09.12-15.24.39:466][872]LogPlayLevel: Display: Destroying online subsystem :Context_21
[2025.09.12-15.24.43:655][319]LogUObjectHash: Compacting FUObjectHashTables data took   1.23ms
[2025.09.12-15.24.43:753][319]LogSavePackage: Moving '../../../../../../Users/Isaac/Desktop/GAMEJAM/GameJamHGGUnreal4.23.1/GameJamCrew/Saved/ThirdPersonExampleMap_Auto332B3EC084F93B02AF57F21B3C6939ECF.tmp' to '../../../../../../Users/Isaac/Desktop/GAMEJAM/GameJamHGGUnreal4.23.1/GameJamCrew/Saved/Autosaves/Game/ThirdPersonBP/Maps/ThirdPersonExampleMap_Auto3.umap'
[2025.09.12-15.24.43:755][319]LogFileHelpers: Editor autosave (incl. sublevels) for '/Game/ThirdPersonBP/Maps/ThirdPersonExampleMap' took 0.126
[2025.09.12-15.24.43:755][319]LogFileHelpers: Editor autosave (incl. sublevels) for all levels took 0.126
[2025.09.12-15.24.43:756][319]OBJ SavePackage: Generating thumbnails for [1] asset(s) in package [/Game/ThirdPersonBP/Blueprints/ThirdPersonCharacter] ([1] browsable assets)...
[2025.09.12-15.24.43:763][319]OBJ SavePackage:     Rendered thumbnail for [Blueprint /Game/ThirdPersonBP/Blueprints/ThirdPersonCharacter.ThirdPersonCharacter]
[2025.09.12-15.24.43:764][319]OBJ SavePackage: Finished generating thumbnails for package [/Game/ThirdPersonBP/Blueprints/ThirdPersonCharacter]
[2025.09.12-15.24.43:807][319]LogSavePackage: Moving '../../../../../../Users/Isaac/Desktop/GAMEJAM/GameJamHGGUnreal4.23.1/GameJamCrew/Saved/ThirdPersonCharacter_Auto31E87DB5545A599297FA1049237EB839E.tmp' to '../../../../../../Users/Isaac/Desktop/GAMEJAM/GameJamHGGUnreal4.23.1/GameJamCrew/Saved/Autosaves/Game/ThirdPersonBP/Blueprints/ThirdPersonCharacter_Auto3.uasset'
[2025.09.12-15.24.43:807][319]LogFileHelpers: Auto-saving content packages took 0.052
[2025.09.12-15.24.43:878][327]LogTemp: Repeating last play command: Selected Viewport
[2025.09.12-15.24.43:882][327]LogBlueprintUserMessages: Early PlayInEditor Detection: Level '/Game/ThirdPersonBP/Maps/ThirdPersonExampleMap.ThirdPersonExampleMap:PersistentLevel' has LevelScriptBlueprint '/Game/ThirdPersonBP/Maps/ThirdPersonExampleMap.ThirdPersonExampleMap:PersistentLevel.ThirdPersonExampleMap' with GeneratedClass '/Game/ThirdPersonBP/Maps/ThirdPersonExampleMap.ThirdPersonExampleMap_C' with ClassGeneratedBy '/Game/ThirdPersonBP/Maps/ThirdPersonExampleMap.ThirdPersonExampleMap:PersistentLevel.ThirdPersonExampleMap'
[2025.09.12-15.24.43:882][327]LogPlayLevel: PlayLevel: No blueprints needed recompiling
[2025.09.12-15.24.43:882][327]PIE: New page: PIE session: ThirdPersonExampleMap (12 Sep 2025 17:24:43)
[2025.09.12-15.24.43:882][327]LogPlayLevel: Creating play world package: /Game/ThirdPersonBP/Maps/UEDPIE_0_ThirdPersonExampleMap
[2025.09.12-15.24.43:887][327]LogPlayLevel: PIE: StaticDuplicateObject took: (0.004726s)
[2025.09.12-15.24.43:887][327]LogAIModule: Creating AISystem for world ThirdPersonExampleMap
[2025.09.12-15.24.43:888][327]LogPlayLevel: PIE: World Init took: (0.000821s)
[2025.09.12-15.24.43:888][327]LogPlayLevel: PIE: Created PIE world by copying editor world from /Game/ThirdPersonBP/Maps/ThirdPersonExampleMap.ThirdPersonExampleMap to /Game/ThirdPersonBP/Maps/UEDPIE_0_ThirdPersonExampleMap.ThirdPersonExampleMap (0.005633s)
[2025.09.12-15.24.43:915][327]LogUObjectHash: Compacting FUObjectHashTables data took   1.54ms
[2025.09.12-15.24.43:919][327]LogInit: XAudio2 using 'Speakers (Realtek USB Audio)' : 2 channels at 48 kHz using 32 bits per sample (channel mask 0x3)
[2025.09.12-15.24.43:923][327]LogInit: FAudioDevice initialized.
[2025.09.12-15.24.43:929][327]LogSlate: Updating window title bar state: overlay mode, drag disabled, window buttons hidden, title bar hidden
[2025.09.12-15.24.43:929][327]LogLoad: Game class is 'ThirdPersonGameMode_C'
[2025.09.12-15.24.43:930][327]LogWorld: Bringing World /Game/ThirdPersonBP/Maps/UEDPIE_0_ThirdPersonExampleMap.ThirdPersonExampleMap up for play (max tick rate 0) at 2025.09.12-16.24.43
[2025.09.12-15.24.43:930][327]LogWorld: Bringing up level for play took: 0.000708
[2025.09.12-15.24.43:930][327]LogOnline: OSS: Creating online subsystem instance for: :Context_22
[2025.09.12-15.24.43:935][327]PIE: Play in editor start time for /Game/ThirdPersonBP/Maps/UEDPIE_0_ThirdPersonExampleMap -0.445
[2025.09.12-15.24.43:935][327]LogBlueprintUserMessages: Late PlayInEditor Detection: Level '/Game/ThirdPersonBP/Maps/ThirdPersonExampleMap.ThirdPersonExampleMap:PersistentLevel' has LevelScriptBlueprint '/Game/ThirdPersonBP/Maps/ThirdPersonExampleMap.ThirdPersonExampleMap:PersistentLevel.ThirdPersonExampleMap' with GeneratedClass '/Game/ThirdPersonBP/Maps/ThirdPersonExampleMap.ThirdPersonExampleMap_C' with ClassGeneratedBy '/Game/ThirdPersonBP/Maps/ThirdPersonExampleMap.ThirdPersonExampleMap:PersistentLevel.ThirdPersonExampleMap'
[2025.09.12-15.24.52:367][338]LogBlueprintDebug: Warning: Hit breakpoint on node 'K2Node_IfThenElse', from offset 3333
[2025.09.12-15.24.52:367][338]LogBlueprintDebug: 
Script call stack:
	Function /Game/ThirdPersonBP/Blueprints/ThirdPersonCharacter.ThirdPersonCharacter_C:ExecuteUbergraph_ThirdPersonCharacter
	Function /Game/ThirdPersonBP/Blueprints/ThirdPersonCharacter.ThirdPersonCharacter_C:ToAnimation
	Function /Game/ThirdPersonBP/Blueprints/ThirdPersonCharacter.ThirdPersonCharacter_C:ExecuteUbergraph_ThirdPersonCharacter

[2025.09.12-15.24.52:370][338]LogSlate: FSceneViewport::OnFocusLost() reason 2
[2025.09.12-15.24.53:942][338]LogBlueprintUserMessages: Early EndPlayMap Detection: Level '/Game/ThirdPersonBP/Maps/ThirdPersonExampleMap.ThirdPersonExampleMap:PersistentLevel' has LevelScriptBlueprint '/Game/ThirdPersonBP/Maps/ThirdPersonExampleMap.ThirdPersonExampleMap:PersistentLevel.ThirdPersonExampleMap' with GeneratedClass '/Game/ThirdPersonBP/Maps/ThirdPersonExampleMap.ThirdPersonExampleMap_C' with ClassGeneratedBy '/Game/ThirdPersonBP/Maps/ThirdPersonExampleMap.ThirdPersonExampleMap:PersistentLevel.ThirdPersonExampleMap'
[2025.09.12-15.24.53:942][338]LogSlate: Updating window title bar state: overlay mode, drag disabled, window buttons hidden, title bar hidden
[2025.09.12-15.24.53:942][338]LogWorld: BeginTearingDown for /Game/ThirdPersonBP/Maps/UEDPIE_0_ThirdPersonExampleMap
[2025.09.12-15.24.53:947][338]LogSlate: Window 'GameJamCrew Game Preview Standalone (64-bit/PCD3D_SM5)' being destroyed
[2025.09.12-15.24.53:951][338]LogWorld: UWorld::CleanupWorld for ThirdPersonExampleMap, bSessionEnded=true, bCleanupResources=true
[2025.09.12-15.24.53:972][338]LogPlayLevel: Display: Shutting down PIE online subsystems
[2025.09.12-15.24.53:972][338]LogBlueprintUserMessages: Late EndPlayMap Detection: Level '/Game/ThirdPersonBP/Maps/ThirdPersonExampleMap.ThirdPersonExampleMap:PersistentLevel' has LevelScriptBlueprint '/Game/ThirdPersonBP/Maps/ThirdPersonExampleMap.ThirdPersonExampleMap:PersistentLevel.ThirdPersonExampleMap' with GeneratedClass '/Game/ThirdPersonBP/Maps/ThirdPersonExampleMap.ThirdPersonExampleMap_C' with ClassGeneratedBy '/Game/ThirdPersonBP/Maps/ThirdPersonExampleMap.ThirdPersonExampleMap:PersistentLevel.ThirdPersonExampleMap'
[2025.09.12-15.24.54:011][338]LogUObjectHash: Compacting FUObjectHashTables data took   1.55ms
[2025.09.12-15.24.54:095][339]LogPlayLevel: Display: Destroying online subsystem :Context_22
[2025.09.12-15.25.31:287][712]BlueprintLog: New page: Compile ThirdPersonCharacter
[2025.09.12-15.25.31:407][712]LogUObjectHash: Compacting FUObjectHashTables data took   2.06ms
[2025.09.12-15.25.32:222][798]LogTemp: Repeating last play command: Selected Viewport
[2025.09.12-15.25.32:226][798]LogBlueprintUserMessages: Early PlayInEditor Detection: Level '/Game/ThirdPersonBP/Maps/ThirdPersonExampleMap.ThirdPersonExampleMap:PersistentLevel' has LevelScriptBlueprint '/Game/ThirdPersonBP/Maps/ThirdPersonExampleMap.ThirdPersonExampleMap:PersistentLevel.ThirdPersonExampleMap' with GeneratedClass '/Game/ThirdPersonBP/Maps/ThirdPersonExampleMap.ThirdPersonExampleMap_C' with ClassGeneratedBy '/Game/ThirdPersonBP/Maps/ThirdPersonExampleMap.ThirdPersonExampleMap:PersistentLevel.ThirdPersonExampleMap'
[2025.09.12-15.25.32:226][798]LogPlayLevel: PlayLevel: No blueprints needed recompiling
[2025.09.12-15.25.32:226][798]PIE: New page: PIE session: ThirdPersonExampleMap (12 Sep 2025 17:25:32)
[2025.09.12-15.25.32:226][798]LogPlayLevel: Creating play world package: /Game/ThirdPersonBP/Maps/UEDPIE_0_ThirdPersonExampleMap
[2025.09.12-15.25.32:231][798]LogPlayLevel: PIE: StaticDuplicateObject took: (0.004862s)
[2025.09.12-15.25.32:231][798]LogAIModule: Creating AISystem for world ThirdPersonExampleMap
[2025.09.12-15.25.32:231][798]LogPlayLevel: PIE: World Init took: (0.000530s)
[2025.09.12-15.25.32:231][798]LogPlayLevel: PIE: Created PIE world by copying editor world from /Game/ThirdPersonBP/Maps/ThirdPersonExampleMap.ThirdPersonExampleMap to /Game/ThirdPersonBP/Maps/UEDPIE_0_ThirdPersonExampleMap.ThirdPersonExampleMap (0.005449s)
[2025.09.12-15.25.32:284][798]LogUObjectHash: Compacting FUObjectHashTables data took   2.14ms
[2025.09.12-15.25.32:288][798]LogInit: XAudio2 using 'Speakers (Realtek USB Audio)' : 2 channels at 48 kHz using 32 bits per sample (channel mask 0x3)
[2025.09.12-15.25.32:292][798]LogInit: FAudioDevice initialized.
[2025.09.12-15.25.32:298][798]LogSlate: Updating window title bar state: overlay mode, drag disabled, window buttons hidden, title bar hidden
[2025.09.12-15.25.32:298][798]LogLoad: Game class is 'ThirdPersonGameMode_C'
[2025.09.12-15.25.32:299][798]LogWorld: Bringing World /Game/ThirdPersonBP/Maps/UEDPIE_0_ThirdPersonExampleMap.ThirdPersonExampleMap up for play (max tick rate 0) at 2025.09.12-16.25.32
[2025.09.12-15.25.32:299][798]LogWorld: Bringing up level for play took: 0.000669
[2025.09.12-15.25.32:300][798]LogOnline: OSS: Creating online subsystem instance for: :Context_23
[2025.09.12-15.25.32:305][798]PIE: Play in editor start time for /Game/ThirdPersonBP/Maps/UEDPIE_0_ThirdPersonExampleMap -0.076
[2025.09.12-15.25.32:305][798]LogBlueprintUserMessages: Late PlayInEditor Detection: Level '/Game/ThirdPersonBP/Maps/ThirdPersonExampleMap.ThirdPersonExampleMap:PersistentLevel' has LevelScriptBlueprint '/Game/ThirdPersonBP/Maps/ThirdPersonExampleMap.ThirdPersonExampleMap:PersistentLevel.ThirdPersonExampleMap' with GeneratedClass '/Game/ThirdPersonBP/Maps/ThirdPersonExampleMap.ThirdPersonExampleMap_C' with ClassGeneratedBy '/Game/ThirdPersonBP/Maps/ThirdPersonExampleMap.ThirdPersonExampleMap:PersistentLevel.ThirdPersonExampleMap'
[2025.09.12-15.25.38:804][574]LogBlueprintUserMessages: Early EndPlayMap Detection: Level '/Game/ThirdPersonBP/Maps/ThirdPersonExampleMap.ThirdPersonExampleMap:PersistentLevel' has LevelScriptBlueprint '/Game/ThirdPersonBP/Maps/ThirdPersonExampleMap.ThirdPersonExampleMap:PersistentLevel.ThirdPersonExampleMap' with GeneratedClass '/Game/ThirdPersonBP/Maps/ThirdPersonExampleMap.ThirdPersonExampleMap_C' with ClassGeneratedBy '/Game/ThirdPersonBP/Maps/ThirdPersonExampleMap.ThirdPersonExampleMap:PersistentLevel.ThirdPersonExampleMap'
[2025.09.12-15.25.38:805][574]LogSlate: Updating window title bar state: overlay mode, drag disabled, window buttons hidden, title bar hidden
[2025.09.12-15.25.38:805][574]LogWorld: BeginTearingDown for /Game/ThirdPersonBP/Maps/UEDPIE_0_ThirdPersonExampleMap
[2025.09.12-15.25.38:809][574]LogSlate: Window 'GameJamCrew Game Preview Standalone (64-bit/PCD3D_SM5)' being destroyed
[2025.09.12-15.25.38:813][574]LogWorld: UWorld::CleanupWorld for ThirdPersonExampleMap, bSessionEnded=true, bCleanupResources=true
[2025.09.12-15.25.38:838][574]LogPlayLevel: Display: Shutting down PIE online subsystems
[2025.09.12-15.25.38:838][574]LogBlueprintUserMessages: Late EndPlayMap Detection: Level '/Game/ThirdPersonBP/Maps/ThirdPersonExampleMap.ThirdPersonExampleMap:PersistentLevel' has LevelScriptBlueprint '/Game/ThirdPersonBP/Maps/ThirdPersonExampleMap.ThirdPersonExampleMap:PersistentLevel.ThirdPersonExampleMap' with GeneratedClass '/Game/ThirdPersonBP/Maps/ThirdPersonExampleMap.ThirdPersonExampleMap_C' with ClassGeneratedBy '/Game/ThirdPersonBP/Maps/ThirdPersonExampleMap.ThirdPersonExampleMap:PersistentLevel.ThirdPersonExampleMap'
[2025.09.12-15.25.38:873][574]LogUObjectHash: Compacting FUObjectHashTables data took   1.51ms
[2025.09.12-15.25.38:953][575]LogPlayLevel: Display: Destroying online subsystem :Context_23
[2025.09.12-15.25.47:405][558]BlueprintLog: New page: Compile ThirdPersonCharacter
[2025.09.12-15.25.47:532][558]LogUObjectHash: Compacting FUObjectHashTables data took   1.97ms
[2025.09.12-15.25.48:231][631]LogTemp: Repeating last play command: Selected Viewport
[2025.09.12-15.25.48:235][631]LogBlueprintUserMessages: Early PlayInEditor Detection: Level '/Game/ThirdPersonBP/Maps/ThirdPersonExampleMap.ThirdPersonExampleMap:PersistentLevel' has LevelScriptBlueprint '/Game/ThirdPersonBP/Maps/ThirdPersonExampleMap.ThirdPersonExampleMap:PersistentLevel.ThirdPersonExampleMap' with GeneratedClass '/Game/ThirdPersonBP/Maps/ThirdPersonExampleMap.ThirdPersonExampleMap_C' with ClassGeneratedBy '/Game/ThirdPersonBP/Maps/ThirdPersonExampleMap.ThirdPersonExampleMap:PersistentLevel.ThirdPersonExampleMap'
[2025.09.12-15.25.48:235][631]LogPlayLevel: PlayLevel: No blueprints needed recompiling
[2025.09.12-15.25.48:235][631]PIE: New page: PIE session: ThirdPersonExampleMap (12 Sep 2025 17:25:48)
[2025.09.12-15.25.48:235][631]LogPlayLevel: Creating play world package: /Game/ThirdPersonBP/Maps/UEDPIE_0_ThirdPersonExampleMap
[2025.09.12-15.25.48:240][631]LogPlayLevel: PIE: StaticDuplicateObject took: (0.004471s)
[2025.09.12-15.25.48:240][631]LogAIModule: Creating AISystem for world ThirdPersonExampleMap
[2025.09.12-15.25.48:240][631]LogPlayLevel: PIE: World Init took: (0.000582s)
[2025.09.12-15.25.48:240][631]LogPlayLevel: PIE: Created PIE world by copying editor world from /Game/ThirdPersonBP/Maps/ThirdPersonExampleMap.ThirdPersonExampleMap to /Game/ThirdPersonBP/Maps/UEDPIE_0_ThirdPersonExampleMap.ThirdPersonExampleMap (0.005126s)
[2025.09.12-15.25.48:276][631]LogUObjectHash: Compacting FUObjectHashTables data took   2.12ms
[2025.09.12-15.25.48:280][631]LogInit: XAudio2 using 'Speakers (Realtek USB Audio)' : 2 channels at 48 kHz using 32 bits per sample (channel mask 0x3)
[2025.09.12-15.25.48:284][631]LogInit: FAudioDevice initialized.
[2025.09.12-15.25.48:290][631]LogSlate: Updating window title bar state: overlay mode, drag disabled, window buttons hidden, title bar hidden
[2025.09.12-15.25.48:290][631]LogLoad: Game class is 'ThirdPersonGameMode_C'
[2025.09.12-15.25.48:291][631]LogWorld: Bringing World /Game/ThirdPersonBP/Maps/UEDPIE_0_ThirdPersonExampleMap.ThirdPersonExampleMap up for play (max tick rate 0) at 2025.09.12-16.25.48
[2025.09.12-15.25.48:291][631]LogWorld: Bringing up level for play took: 0.000826
[2025.09.12-15.25.48:292][631]LogOnline: OSS: Creating online subsystem instance for: :Context_24
[2025.09.12-15.25.48:297][631]PIE: Play in editor start time for /Game/ThirdPersonBP/Maps/UEDPIE_0_ThirdPersonExampleMap -0.083
[2025.09.12-15.25.48:297][631]LogBlueprintUserMessages: Late PlayInEditor Detection: Level '/Game/ThirdPersonBP/Maps/ThirdPersonExampleMap.ThirdPersonExampleMap:PersistentLevel' has LevelScriptBlueprint '/Game/ThirdPersonBP/Maps/ThirdPersonExampleMap.ThirdPersonExampleMap:PersistentLevel.ThirdPersonExampleMap' with GeneratedClass '/Game/ThirdPersonBP/Maps/ThirdPersonExampleMap.ThirdPersonExampleMap_C' with ClassGeneratedBy '/Game/ThirdPersonBP/Maps/ThirdPersonExampleMap.ThirdPersonExampleMap:PersistentLevel.ThirdPersonExampleMap'
[2025.09.12-15.25.52:251][105]LogBlueprintUserMessages: Early EndPlayMap Detection: Level '/Game/ThirdPersonBP/Maps/ThirdPersonExampleMap.ThirdPersonExampleMap:PersistentLevel' has LevelScriptBlueprint '/Game/ThirdPersonBP/Maps/ThirdPersonExampleMap.ThirdPersonExampleMap:PersistentLevel.ThirdPersonExampleMap' with GeneratedClass '/Game/ThirdPersonBP/Maps/ThirdPersonExampleMap.ThirdPersonExampleMap_C' with ClassGeneratedBy '/Game/ThirdPersonBP/Maps/ThirdPersonExampleMap.ThirdPersonExampleMap:PersistentLevel.ThirdPersonExampleMap'
[2025.09.12-15.25.52:251][105]LogSlate: Updating window title bar state: overlay mode, drag disabled, window buttons hidden, title bar hidden
[2025.09.12-15.25.52:251][105]LogWorld: BeginTearingDown for /Game/ThirdPersonBP/Maps/UEDPIE_0_ThirdPersonExampleMap
[2025.09.12-15.25.52:256][105]LogSlate: Window 'GameJamCrew Game Preview Standalone (64-bit/PCD3D_SM5)' being destroyed
[2025.09.12-15.25.52:260][105]LogWorld: UWorld::CleanupWorld for ThirdPersonExampleMap, bSessionEnded=true, bCleanupResources=true
[2025.09.12-15.25.52:279][105]LogPlayLevel: Display: Shutting down PIE online subsystems
[2025.09.12-15.25.52:279][105]LogBlueprintUserMessages: Late EndPlayMap Detection: Level '/Game/ThirdPersonBP/Maps/ThirdPersonExampleMap.ThirdPersonExampleMap:PersistentLevel' has LevelScriptBlueprint '/Game/ThirdPersonBP/Maps/ThirdPersonExampleMap.ThirdPersonExampleMap:PersistentLevel.ThirdPersonExampleMap' with GeneratedClass '/Game/ThirdPersonBP/Maps/ThirdPersonExampleMap.ThirdPersonExampleMap_C' with ClassGeneratedBy '/Game/ThirdPersonBP/Maps/ThirdPersonExampleMap.ThirdPersonExampleMap:PersistentLevel.ThirdPersonExampleMap'
[2025.09.12-15.25.52:316][105]LogUObjectHash: Compacting FUObjectHashTables data took   1.50ms
[2025.09.12-15.25.52:395][106]LogPlayLevel: Display: Destroying online subsystem :Context_24
[2025.09.12-15.26.00:077][978]BlueprintLog: New page: Compile ThirdPersonCharacter
[2025.09.12-15.26.00:196][978]LogUObjectHash: Compacting FUObjectHashTables data took   2.01ms
[2025.09.12-15.26.01:209][ 86]LogTemp: Repeating last play command: Selected Viewport
[2025.09.12-15.26.01:213][ 86]LogBlueprintUserMessages: Early PlayInEditor Detection: Level '/Game/ThirdPersonBP/Maps/ThirdPersonExampleMap.ThirdPersonExampleMap:PersistentLevel' has LevelScriptBlueprint '/Game/ThirdPersonBP/Maps/ThirdPersonExampleMap.ThirdPersonExampleMap:PersistentLevel.ThirdPersonExampleMap' with GeneratedClass '/Game/ThirdPersonBP/Maps/ThirdPersonExampleMap.ThirdPersonExampleMap_C' with ClassGeneratedBy '/Game/ThirdPersonBP/Maps/ThirdPersonExampleMap.ThirdPersonExampleMap:PersistentLevel.ThirdPersonExampleMap'
[2025.09.12-15.26.01:213][ 86]LogPlayLevel: PlayLevel: No blueprints needed recompiling
[2025.09.12-15.26.01:213][ 86]PIE: New page: PIE session: ThirdPersonExampleMap (12 Sep 2025 17:26:01)
[2025.09.12-15.26.01:213][ 86]LogPlayLevel: Creating play world package: /Game/ThirdPersonBP/Maps/UEDPIE_0_ThirdPersonExampleMap
[2025.09.12-15.26.01:218][ 86]LogPlayLevel: PIE: StaticDuplicateObject took: (0.004398s)
[2025.09.12-15.26.01:218][ 86]LogAIModule: Creating AISystem for world ThirdPersonExampleMap
[2025.09.12-15.26.01:218][ 86]LogPlayLevel: PIE: World Init took: (0.000570s)
[2025.09.12-15.26.01:218][ 86]LogPlayLevel: PIE: Created PIE world by copying editor world from /Game/ThirdPersonBP/Maps/ThirdPersonExampleMap.ThirdPersonExampleMap to /Game/ThirdPersonBP/Maps/UEDPIE_0_ThirdPersonExampleMap.ThirdPersonExampleMap (0.005027s)
[2025.09.12-15.26.01:247][ 86]LogUObjectHash: Compacting FUObjectHashTables data took   2.11ms
[2025.09.12-15.26.01:251][ 86]LogInit: XAudio2 using 'Speakers (Realtek USB Audio)' : 2 channels at 48 kHz using 32 bits per sample (channel mask 0x3)
[2025.09.12-15.26.01:254][ 86]LogInit: FAudioDevice initialized.
[2025.09.12-15.26.01:261][ 86]LogSlate: Updating window title bar state: overlay mode, drag disabled, window buttons hidden, title bar hidden
[2025.09.12-15.26.01:261][ 86]LogLoad: Game class is 'ThirdPersonGameMode_C'
[2025.09.12-15.26.01:262][ 86]LogWorld: Bringing World /Game/ThirdPersonBP/Maps/UEDPIE_0_ThirdPersonExampleMap.ThirdPersonExampleMap up for play (max tick rate 0) at 2025.09.12-16.26.01
[2025.09.12-15.26.01:262][ 86]LogWorld: Bringing up level for play took: 0.000712
[2025.09.12-15.26.01:262][ 86]LogOnline: OSS: Creating online subsystem instance for: :Context_25
[2025.09.12-15.26.01:267][ 86]PIE: Play in editor start time for /Game/ThirdPersonBP/Maps/UEDPIE_0_ThirdPersonExampleMap 0.887
[2025.09.12-15.26.01:267][ 86]LogBlueprintUserMessages: Late PlayInEditor Detection: Level '/Game/ThirdPersonBP/Maps/ThirdPersonExampleMap.ThirdPersonExampleMap:PersistentLevel' has LevelScriptBlueprint '/Game/ThirdPersonBP/Maps/ThirdPersonExampleMap.ThirdPersonExampleMap:PersistentLevel.ThirdPersonExampleMap' with GeneratedClass '/Game/ThirdPersonBP/Maps/ThirdPersonExampleMap.ThirdPersonExampleMap_C' with ClassGeneratedBy '/Game/ThirdPersonBP/Maps/ThirdPersonExampleMap.ThirdPersonExampleMap:PersistentLevel.ThirdPersonExampleMap'
[2025.09.12-15.26.09:885][114]LogBlueprintDebug: Warning: Hit breakpoint on node 'K2Node_IfThenElse', from offset 3333
[2025.09.12-15.26.09:885][114]LogBlueprintDebug: 
Script call stack:
	Function /Game/ThirdPersonBP/Blueprints/ThirdPersonCharacter.ThirdPersonCharacter_C:ExecuteUbergraph_ThirdPersonCharacter
	Function /Game/ThirdPersonBP/Blueprints/ThirdPersonCharacter.ThirdPersonCharacter_C:ToAnimation
	Function /Game/ThirdPersonBP/Blueprints/ThirdPersonCharacter.ThirdPersonCharacter_C:ExecuteUbergraph_ThirdPersonCharacter

[2025.09.12-15.26.09:888][114]LogSlate: FSceneViewport::OnFocusLost() reason 2
[2025.09.12-15.26.11:263][114]LogBlueprintUserMessages: Early EndPlayMap Detection: Level '/Game/ThirdPersonBP/Maps/ThirdPersonExampleMap.ThirdPersonExampleMap:PersistentLevel' has LevelScriptBlueprint '/Game/ThirdPersonBP/Maps/ThirdPersonExampleMap.ThirdPersonExampleMap:PersistentLevel.ThirdPersonExampleMap' with GeneratedClass '/Game/ThirdPersonBP/Maps/ThirdPersonExampleMap.ThirdPersonExampleMap_C' with ClassGeneratedBy '/Game/ThirdPersonBP/Maps/ThirdPersonExampleMap.ThirdPersonExampleMap:PersistentLevel.ThirdPersonExampleMap'
[2025.09.12-15.26.11:263][114]LogSlate: Updating window title bar state: overlay mode, drag disabled, window buttons hidden, title bar hidden
[2025.09.12-15.26.11:263][114]LogWorld: BeginTearingDown for /Game/ThirdPersonBP/Maps/UEDPIE_0_ThirdPersonExampleMap
[2025.09.12-15.26.11:267][114]LogSlate: Window 'GameJamCrew Game Preview Standalone (64-bit/PCD3D_SM5)' being destroyed
[2025.09.12-15.26.11:272][114]LogWorld: UWorld::CleanupWorld for ThirdPersonExampleMap, bSessionEnded=true, bCleanupResources=true
[2025.09.12-15.26.11:298][114]LogPlayLevel: Display: Shutting down PIE online subsystems
[2025.09.12-15.26.11:298][114]LogBlueprintUserMessages: Late EndPlayMap Detection: Level '/Game/ThirdPersonBP/Maps/ThirdPersonExampleMap.ThirdPersonExampleMap:PersistentLevel' has LevelScriptBlueprint '/Game/ThirdPersonBP/Maps/ThirdPersonExampleMap.ThirdPersonExampleMap:PersistentLevel.ThirdPersonExampleMap' with GeneratedClass '/Game/ThirdPersonBP/Maps/ThirdPersonExampleMap.ThirdPersonExampleMap_C' with ClassGeneratedBy '/Game/ThirdPersonBP/Maps/ThirdPersonExampleMap.ThirdPersonExampleMap:PersistentLevel.ThirdPersonExampleMap'
[2025.09.12-15.26.11:330][114]LogUObjectHash: Compacting FUObjectHashTables data took   1.50ms
[2025.09.12-15.26.11:410][115]LogPlayLevel: Display: Destroying online subsystem :Context_25
[2025.09.12-15.26.19:167][990]LogTemp: Repeating last play command: Selected Viewport
[2025.09.12-15.26.19:172][990]LogBlueprintUserMessages: Early PlayInEditor Detection: Level '/Game/ThirdPersonBP/Maps/ThirdPersonExampleMap.ThirdPersonExampleMap:PersistentLevel' has LevelScriptBlueprint '/Game/ThirdPersonBP/Maps/ThirdPersonExampleMap.ThirdPersonExampleMap:PersistentLevel.ThirdPersonExampleMap' with GeneratedClass '/Game/ThirdPersonBP/Maps/ThirdPersonExampleMap.ThirdPersonExampleMap_C' with ClassGeneratedBy '/Game/ThirdPersonBP/Maps/ThirdPersonExampleMap.ThirdPersonExampleMap:PersistentLevel.ThirdPersonExampleMap'
[2025.09.12-15.26.19:172][990]LogPlayLevel: PlayLevel: No blueprints needed recompiling
[2025.09.12-15.26.19:172][990]PIE: New page: PIE session: ThirdPersonExampleMap (12 Sep 2025 17:26:19)
[2025.09.12-15.26.19:172][990]LogPlayLevel: Creating play world package: /Game/ThirdPersonBP/Maps/UEDPIE_0_ThirdPersonExampleMap
[2025.09.12-15.26.19:176][990]LogPlayLevel: PIE: StaticDuplicateObject took: (0.004165s)
[2025.09.12-15.26.19:177][990]LogAIModule: Creating AISystem for world ThirdPersonExampleMap
[2025.09.12-15.26.19:177][990]LogPlayLevel: PIE: World Init took: (0.000590s)
[2025.09.12-15.26.19:177][990]LogPlayLevel: PIE: Created PIE world by copying editor world from /Game/ThirdPersonBP/Maps/ThirdPersonExampleMap.ThirdPersonExampleMap to /Game/ThirdPersonBP/Maps/UEDPIE_0_ThirdPersonExampleMap.ThirdPersonExampleMap (0.004814s)
[2025.09.12-15.26.19:204][990]LogUObjectHash: Compacting FUObjectHashTables data took   1.41ms
[2025.09.12-15.26.19:208][990]LogInit: XAudio2 using 'Speakers (Realtek USB Audio)' : 2 channels at 48 kHz using 32 bits per sample (channel mask 0x3)
[2025.09.12-15.26.19:212][990]LogInit: FAudioDevice initialized.
[2025.09.12-15.26.19:217][990]LogSlate: Updating window title bar state: overlay mode, drag disabled, window buttons hidden, title bar hidden
[2025.09.12-15.26.19:218][990]LogLoad: Game class is 'ThirdPersonGameMode_C'
[2025.09.12-15.26.19:219][990]LogWorld: Bringing World /Game/ThirdPersonBP/Maps/UEDPIE_0_ThirdPersonExampleMap.ThirdPersonExampleMap up for play (max tick rate 0) at 2025.09.12-16.26.19
[2025.09.12-15.26.19:219][990]LogWorld: Bringing up level for play took: 0.000682
[2025.09.12-15.26.19:219][990]LogOnline: OSS: Creating online subsystem instance for: :Context_26
[2025.09.12-15.26.19:224][990]PIE: Play in editor start time for /Game/ThirdPersonBP/Maps/UEDPIE_0_ThirdPersonExampleMap 0.843
[2025.09.12-15.26.19:224][990]LogBlueprintUserMessages: Late PlayInEditor Detection: Level '/Game/ThirdPersonBP/Maps/ThirdPersonExampleMap.ThirdPersonExampleMap:PersistentLevel' has LevelScriptBlueprint '/Game/ThirdPersonBP/Maps/ThirdPersonExampleMap.ThirdPersonExampleMap:PersistentLevel.ThirdPersonExampleMap' with GeneratedClass '/Game/ThirdPersonBP/Maps/ThirdPersonExampleMap.ThirdPersonExampleMap_C' with ClassGeneratedBy '/Game/ThirdPersonBP/Maps/ThirdPersonExampleMap.ThirdPersonExampleMap:PersistentLevel.ThirdPersonExampleMap'
[2025.09.12-15.26.28:324][ 67]LogBlueprintUserMessages: Early EndPlayMap Detection: Level '/Game/ThirdPersonBP/Maps/ThirdPersonExampleMap.ThirdPersonExampleMap:PersistentLevel' has LevelScriptBlueprint '/Game/ThirdPersonBP/Maps/ThirdPersonExampleMap.ThirdPersonExampleMap:PersistentLevel.ThirdPersonExampleMap' with GeneratedClass '/Game/ThirdPersonBP/Maps/ThirdPersonExampleMap.ThirdPersonExampleMap_C' with ClassGeneratedBy '/Game/ThirdPersonBP/Maps/ThirdPersonExampleMap.ThirdPersonExampleMap:PersistentLevel.ThirdPersonExampleMap'
[2025.09.12-15.26.28:324][ 67]LogSlate: Updating window title bar state: overlay mode, drag disabled, window buttons hidden, title bar hidden
[2025.09.12-15.26.28:325][ 67]LogWorld: BeginTearingDown for /Game/ThirdPersonBP/Maps/UEDPIE_0_ThirdPersonExampleMap
[2025.09.12-15.26.28:329][ 67]LogSlate: Window 'GameJamCrew Game Preview Standalone (64-bit/PCD3D_SM5)' being destroyed
[2025.09.12-15.26.28:333][ 67]LogWorld: UWorld::CleanupWorld for ThirdPersonExampleMap, bSessionEnded=true, bCleanupResources=true
[2025.09.12-15.26.28:358][ 67]LogPlayLevel: Display: Shutting down PIE online subsystems
[2025.09.12-15.26.28:358][ 67]LogBlueprintUserMessages: Late EndPlayMap Detection: Level '/Game/ThirdPersonBP/Maps/ThirdPersonExampleMap.ThirdPersonExampleMap:PersistentLevel' has LevelScriptBlueprint '/Game/ThirdPersonBP/Maps/ThirdPersonExampleMap.ThirdPersonExampleMap:PersistentLevel.ThirdPersonExampleMap' with GeneratedClass '/Game/ThirdPersonBP/Maps/ThirdPersonExampleMap.ThirdPersonExampleMap_C' with ClassGeneratedBy '/Game/ThirdPersonBP/Maps/ThirdPersonExampleMap.ThirdPersonExampleMap:PersistentLevel.ThirdPersonExampleMap'
[2025.09.12-15.26.28:389][ 67]LogUObjectHash: Compacting FUObjectHashTables data took   1.39ms
[2025.09.12-15.26.28:470][ 68]LogPlayLevel: Display: Destroying online subsystem :Context_26
[2025.09.12-15.27.27:620][ 34]LogTemp: Repeating last play command: Selected Viewport
[2025.09.12-15.27.27:624][ 34]LogBlueprintUserMessages: Early PlayInEditor Detection: Level '/Game/ThirdPersonBP/Maps/ThirdPersonExampleMap.ThirdPersonExampleMap:PersistentLevel' has LevelScriptBlueprint '/Game/ThirdPersonBP/Maps/ThirdPersonExampleMap.ThirdPersonExampleMap:PersistentLevel.ThirdPersonExampleMap' with GeneratedClass '/Game/ThirdPersonBP/Maps/ThirdPersonExampleMap.ThirdPersonExampleMap_C' with ClassGeneratedBy '/Game/ThirdPersonBP/Maps/ThirdPersonExampleMap.ThirdPersonExampleMap:PersistentLevel.ThirdPersonExampleMap'
[2025.09.12-15.27.27:625][ 34]LogPlayLevel: PlayLevel: No blueprints needed recompiling
[2025.09.12-15.27.27:625][ 34]PIE: New page: PIE session: ThirdPersonExampleMap (12 Sep 2025 17:27:27)
[2025.09.12-15.27.27:625][ 34]LogPlayLevel: Creating play world package: /Game/ThirdPersonBP/Maps/UEDPIE_0_ThirdPersonExampleMap
[2025.09.12-15.27.27:630][ 34]LogPlayLevel: PIE: StaticDuplicateObject took: (0.005061s)
[2025.09.12-15.27.27:630][ 34]LogAIModule: Creating AISystem for world ThirdPersonExampleMap
[2025.09.12-15.27.27:630][ 34]LogPlayLevel: PIE: World Init took: (0.000715s)
[2025.09.12-15.27.27:630][ 34]LogPlayLevel: PIE: Created PIE world by copying editor world from /Game/ThirdPersonBP/Maps/ThirdPersonExampleMap.ThirdPersonExampleMap to /Game/ThirdPersonBP/Maps/UEDPIE_0_ThirdPersonExampleMap.ThirdPersonExampleMap (0.005841s)
[2025.09.12-15.27.27:663][ 34]LogUObjectHash: Compacting FUObjectHashTables data took   1.37ms
[2025.09.12-15.27.27:667][ 34]LogInit: XAudio2 using 'Speakers (Realtek USB Audio)' : 2 channels at 48 kHz using 32 bits per sample (channel mask 0x3)
[2025.09.12-15.27.27:670][ 34]LogInit: FAudioDevice initialized.
[2025.09.12-15.27.27:676][ 34]LogSlate: Updating window title bar state: overlay mode, drag disabled, window buttons hidden, title bar hidden
[2025.09.12-15.27.27:676][ 34]LogLoad: Game class is 'ThirdPersonGameMode_C'
[2025.09.12-15.27.27:677][ 34]LogWorld: Bringing World /Game/ThirdPersonBP/Maps/UEDPIE_0_ThirdPersonExampleMap.ThirdPersonExampleMap up for play (max tick rate 0) at 2025.09.12-16.27.27
[2025.09.12-15.27.27:678][ 34]LogWorld: Bringing up level for play took: 0.000653
[2025.09.12-15.27.27:678][ 34]LogOnline: OSS: Creating online subsystem instance for: :Context_27
[2025.09.12-15.27.27:682][ 34]PIE: Play in editor start time for /Game/ThirdPersonBP/Maps/UEDPIE_0_ThirdPersonExampleMap -0.698
[2025.09.12-15.27.27:682][ 34]LogBlueprintUserMessages: Late PlayInEditor Detection: Level '/Game/ThirdPersonBP/Maps/ThirdPersonExampleMap.ThirdPersonExampleMap:PersistentLevel' has LevelScriptBlueprint '/Game/ThirdPersonBP/Maps/ThirdPersonExampleMap.ThirdPersonExampleMap:PersistentLevel.ThirdPersonExampleMap' with GeneratedClass '/Game/ThirdPersonBP/Maps/ThirdPersonExampleMap.ThirdPersonExampleMap_C' with ClassGeneratedBy '/Game/ThirdPersonBP/Maps/ThirdPersonExampleMap.ThirdPersonExampleMap:PersistentLevel.ThirdPersonExampleMap'
[2025.09.12-15.27.33:471][707]LogSlate: FSceneViewport::OnFocusLost() reason 5
[2025.09.12-15.27.49:223][531]LogSlate: FSceneViewport::OnFocusLost() reason 0
[2025.09.12-15.27.59:441][733]LogBlueprintUserMessages: Early EndPlayMap Detection: Level '/Game/ThirdPersonBP/Maps/ThirdPersonExampleMap.ThirdPersonExampleMap:PersistentLevel' has LevelScriptBlueprint '/Game/ThirdPersonBP/Maps/ThirdPersonExampleMap.ThirdPersonExampleMap:PersistentLevel.ThirdPersonExampleMap' with GeneratedClass '/Game/ThirdPersonBP/Maps/ThirdPersonExampleMap.ThirdPersonExampleMap_C' with ClassGeneratedBy '/Game/ThirdPersonBP/Maps/ThirdPersonExampleMap.ThirdPersonExampleMap:PersistentLevel.ThirdPersonExampleMap'
[2025.09.12-15.27.59:442][733]LogSlate: Updating window title bar state: overlay mode, drag disabled, window buttons hidden, title bar hidden
[2025.09.12-15.27.59:442][733]LogWorld: BeginTearingDown for /Game/ThirdPersonBP/Maps/UEDPIE_0_ThirdPersonExampleMap
[2025.09.12-15.27.59:446][733]LogSlate: Window 'GameJamCrew Game Preview Standalone (64-bit/PCD3D_SM5)' being destroyed
[2025.09.12-15.27.59:447][733]LogWorld: UWorld::CleanupWorld for ThirdPersonExampleMap, bSessionEnded=true, bCleanupResources=true
[2025.09.12-15.27.59:471][733]LogPlayLevel: Display: Shutting down PIE online subsystems
[2025.09.12-15.27.59:471][733]LogBlueprintUserMessages: Late EndPlayMap Detection: Level '/Game/ThirdPersonBP/Maps/ThirdPersonExampleMap.ThirdPersonExampleMap:PersistentLevel' has LevelScriptBlueprint '/Game/ThirdPersonBP/Maps/ThirdPersonExampleMap.ThirdPersonExampleMap:PersistentLevel.ThirdPersonExampleMap' with GeneratedClass '/Game/ThirdPersonBP/Maps/ThirdPersonExampleMap.ThirdPersonExampleMap_C' with ClassGeneratedBy '/Game/ThirdPersonBP/Maps/ThirdPersonExampleMap.ThirdPersonExampleMap:PersistentLevel.ThirdPersonExampleMap'
[2025.09.12-15.27.59:500][733]LogUObjectHash: Compacting FUObjectHashTables data took   1.41ms
[2025.09.12-15.27.59:557][734]LogPlayLevel: Display: Destroying online subsystem :Context_27
[2025.09.12-15.28.33:686][693]LogTemp: Repeating last play command: Selected Viewport
[2025.09.12-15.28.33:690][693]LogBlueprintUserMessages: Early PlayInEditor Detection: Level '/Game/ThirdPersonBP/Maps/ThirdPersonExampleMap.ThirdPersonExampleMap:PersistentLevel' has LevelScriptBlueprint '/Game/ThirdPersonBP/Maps/ThirdPersonExampleMap.ThirdPersonExampleMap:PersistentLevel.ThirdPersonExampleMap' with GeneratedClass '/Game/ThirdPersonBP/Maps/ThirdPersonExampleMap.ThirdPersonExampleMap_C' with ClassGeneratedBy '/Game/ThirdPersonBP/Maps/ThirdPersonExampleMap.ThirdPersonExampleMap:PersistentLevel.ThirdPersonExampleMap'
[2025.09.12-15.28.33:690][693]LogPlayLevel: PlayLevel: No blueprints needed recompiling
[2025.09.12-15.28.33:690][693]PIE: New page: PIE session: ThirdPersonExampleMap (12 Sep 2025 17:28:33)
[2025.09.12-15.28.33:690][693]LogPlayLevel: Creating play world package: /Game/ThirdPersonBP/Maps/UEDPIE_0_ThirdPersonExampleMap
[2025.09.12-15.28.33:695][693]LogPlayLevel: PIE: StaticDuplicateObject took: (0.005053s)
[2025.09.12-15.28.33:696][693]LogAIModule: Creating AISystem for world ThirdPersonExampleMap
[2025.09.12-15.28.33:696][693]LogPlayLevel: PIE: World Init took: (0.000682s)
[2025.09.12-15.28.33:696][693]LogPlayLevel: PIE: Created PIE world by copying editor world from /Game/ThirdPersonBP/Maps/ThirdPersonExampleMap.ThirdPersonExampleMap to /Game/ThirdPersonBP/Maps/UEDPIE_0_ThirdPersonExampleMap.ThirdPersonExampleMap (0.005808s)
[2025.09.12-15.28.33:729][693]LogUObjectHash: Compacting FUObjectHashTables data took   1.41ms
[2025.09.12-15.28.33:734][693]LogInit: XAudio2 using 'Speakers (Realtek USB Audio)' : 2 channels at 48 kHz using 32 bits per sample (channel mask 0x3)
[2025.09.12-15.28.33:737][693]LogInit: FAudioDevice initialized.
[2025.09.12-15.28.33:743][693]LogSlate: Updating window title bar state: overlay mode, drag disabled, window buttons hidden, title bar hidden
[2025.09.12-15.28.33:743][693]LogLoad: Game class is 'ThirdPersonGameMode_C'
[2025.09.12-15.28.33:744][693]LogWorld: Bringing World /Game/ThirdPersonBP/Maps/UEDPIE_0_ThirdPersonExampleMap.ThirdPersonExampleMap up for play (max tick rate 0) at 2025.09.12-16.28.33
[2025.09.12-15.28.33:744][693]LogWorld: Bringing up level for play took: 0.000744
[2025.09.12-15.28.33:744][693]LogOnline: OSS: Creating online subsystem instance for: :Context_28
[2025.09.12-15.28.33:749][693]PIE: Play in editor start time for /Game/ThirdPersonBP/Maps/UEDPIE_0_ThirdPersonExampleMap -0.632
[2025.09.12-15.28.33:749][693]LogBlueprintUserMessages: Late PlayInEditor Detection: Level '/Game/ThirdPersonBP/Maps/ThirdPersonExampleMap.ThirdPersonExampleMap:PersistentLevel' has LevelScriptBlueprint '/Game/ThirdPersonBP/Maps/ThirdPersonExampleMap.ThirdPersonExampleMap:PersistentLevel.ThirdPersonExampleMap' with GeneratedClass '/Game/ThirdPersonBP/Maps/ThirdPersonExampleMap.ThirdPersonExampleMap_C' with ClassGeneratedBy '/Game/ThirdPersonBP/Maps/ThirdPersonExampleMap.ThirdPersonExampleMap:PersistentLevel.ThirdPersonExampleMap'
[2025.09.12-15.28.33:749][693]LogBlueprintDebug: Warning: Hit breakpoint on node 'K2Node_IfThenElse', from offset 3519
[2025.09.12-15.28.33:749][693]LogBlueprintDebug: 
Script call stack:
	Function /Game/ThirdPersonBP/Blueprints/ThirdPersonCharacter.ThirdPersonCharacter_C:ReceiveTick
	Function /Game/ThirdPersonBP/Blueprints/ThirdPersonCharacter.ThirdPersonCharacter_C:ExecuteUbergraph_ThirdPersonCharacter
	Function /Game/ThirdPersonBP/Blueprints/ThirdPersonCharacter.ThirdPersonCharacter_C:UpdateCapsuleLocation
	Function /Game/ThirdPersonBP/Blueprints/ThirdPersonCharacter.ThirdPersonCharacter_C:ExecuteUbergraph_ThirdPersonCharacter

[2025.09.12-15.28.33:774][693]LogScriptCore: Warning: Cannot call UnrealScript (HUD /Game/ThirdPersonBP/Maps/UEDPIE_0_ThirdPersonExampleMap.ThirdPersonExampleMap:PersistentLevel.HUD_0 - Function /Script/Engine.HUD:ReceiveDrawHUD) while stopped at a breakpoint.
[2025.09.12-15.28.40:262][693]LogBlueprintUserMessages: Early EndPlayMap Detection: Level '/Game/ThirdPersonBP/Maps/ThirdPersonExampleMap.ThirdPersonExampleMap:PersistentLevel' has LevelScriptBlueprint '/Game/ThirdPersonBP/Maps/ThirdPersonExampleMap.ThirdPersonExampleMap:PersistentLevel.ThirdPersonExampleMap' with GeneratedClass '/Game/ThirdPersonBP/Maps/ThirdPersonExampleMap.ThirdPersonExampleMap_C' with ClassGeneratedBy '/Game/ThirdPersonBP/Maps/ThirdPersonExampleMap.ThirdPersonExampleMap:PersistentLevel.ThirdPersonExampleMap'
[2025.09.12-15.28.40:263][693]LogSlate: Updating window title bar state: overlay mode, drag disabled, window buttons hidden, title bar hidden
[2025.09.12-15.28.40:263][693]LogWorld: BeginTearingDown for /Game/ThirdPersonBP/Maps/UEDPIE_0_ThirdPersonExampleMap
[2025.09.12-15.28.40:266][693]LogSlate: Window 'GameJamCrew Game Preview Standalone (64-bit/PCD3D_SM5)' being destroyed
[2025.09.12-15.28.40:273][693]LogWorld: UWorld::CleanupWorld for ThirdPersonExampleMap, bSessionEnded=true, bCleanupResources=true
[2025.09.12-15.28.40:298][693]LogPlayLevel: Display: Shutting down PIE online subsystems
[2025.09.12-15.28.40:298][693]LogBlueprintUserMessages: Late EndPlayMap Detection: Level '/Game/ThirdPersonBP/Maps/ThirdPersonExampleMap.ThirdPersonExampleMap:PersistentLevel' has LevelScriptBlueprint '/Game/ThirdPersonBP/Maps/ThirdPersonExampleMap.ThirdPersonExampleMap:PersistentLevel.ThirdPersonExampleMap' with GeneratedClass '/Game/ThirdPersonBP/Maps/ThirdPersonExampleMap.ThirdPersonExampleMap_C' with ClassGeneratedBy '/Game/ThirdPersonBP/Maps/ThirdPersonExampleMap.ThirdPersonExampleMap:PersistentLevel.ThirdPersonExampleMap'
[2025.09.12-15.28.40:331][693]LogUObjectHash: Compacting FUObjectHashTables data took   1.57ms
[2025.09.12-15.28.40:384][694]LogPlayLevel: Display: Destroying online subsystem :Context_28
[2025.09.12-15.29.15:864][696]BlueprintLog: New page: Compile ThirdPersonCharacter
[2025.09.12-15.29.15:987][696]LogUObjectHash: Compacting FUObjectHashTables data took   2.02ms
[2025.09.12-15.29.17:199][824]LogTemp: Repeating last play command: Selected Viewport
[2025.09.12-15.29.17:203][824]LogBlueprintUserMessages: Early PlayInEditor Detection: Level '/Game/ThirdPersonBP/Maps/ThirdPersonExampleMap.ThirdPersonExampleMap:PersistentLevel' has LevelScriptBlueprint '/Game/ThirdPersonBP/Maps/ThirdPersonExampleMap.ThirdPersonExampleMap:PersistentLevel.ThirdPersonExampleMap' with GeneratedClass '/Game/ThirdPersonBP/Maps/ThirdPersonExampleMap.ThirdPersonExampleMap_C' with ClassGeneratedBy '/Game/ThirdPersonBP/Maps/ThirdPersonExampleMap.ThirdPersonExampleMap:PersistentLevel.ThirdPersonExampleMap'
[2025.09.12-15.29.17:203][824]LogPlayLevel: PlayLevel: No blueprints needed recompiling
[2025.09.12-15.29.17:203][824]PIE: New page: PIE session: ThirdPersonExampleMap (12 Sep 2025 17:29:17)
[2025.09.12-15.29.17:203][824]LogPlayLevel: Creating play world package: /Game/ThirdPersonBP/Maps/UEDPIE_0_ThirdPersonExampleMap
[2025.09.12-15.29.17:207][824]LogPlayLevel: PIE: StaticDuplicateObject took: (0.004252s)
[2025.09.12-15.29.17:208][824]LogAIModule: Creating AISystem for world ThirdPersonExampleMap
[2025.09.12-15.29.17:208][824]LogPlayLevel: PIE: World Init took: (0.000550s)
[2025.09.12-15.29.17:208][824]LogPlayLevel: PIE: Created PIE world by copying editor world from /Game/ThirdPersonBP/Maps/ThirdPersonExampleMap.ThirdPersonExampleMap to /Game/ThirdPersonBP/Maps/UEDPIE_0_ThirdPersonExampleMap.ThirdPersonExampleMap (0.004863s)
[2025.09.12-15.29.17:258][824]LogUObjectHash: Compacting FUObjectHashTables data took   2.19ms
[2025.09.12-15.29.17:263][824]LogInit: XAudio2 using 'Speakers (Realtek USB Audio)' : 2 channels at 48 kHz using 32 bits per sample (channel mask 0x3)
[2025.09.12-15.29.17:266][824]LogInit: FAudioDevice initialized.
[2025.09.12-15.29.17:272][824]LogSlate: Updating window title bar state: overlay mode, drag disabled, window buttons hidden, title bar hidden
[2025.09.12-15.29.17:272][824]LogLoad: Game class is 'ThirdPersonGameMode_C'
[2025.09.12-15.29.17:273][824]LogWorld: Bringing World /Game/ThirdPersonBP/Maps/UEDPIE_0_ThirdPersonExampleMap.ThirdPersonExampleMap up for play (max tick rate 0) at 2025.09.12-16.29.17
[2025.09.12-15.29.17:273][824]LogWorld: Bringing up level for play took: 0.000681
[2025.09.12-15.29.17:274][824]LogOnline: OSS: Creating online subsystem instance for: :Context_29
[2025.09.12-15.29.17:279][824]PIE: Play in editor start time for /Game/ThirdPersonBP/Maps/UEDPIE_0_ThirdPersonExampleMap 0.899
[2025.09.12-15.29.17:279][824]LogBlueprintUserMessages: Late PlayInEditor Detection: Level '/Game/ThirdPersonBP/Maps/ThirdPersonExampleMap.ThirdPersonExampleMap:PersistentLevel' has LevelScriptBlueprint '/Game/ThirdPersonBP/Maps/ThirdPersonExampleMap.ThirdPersonExampleMap:PersistentLevel.ThirdPersonExampleMap' with GeneratedClass '/Game/ThirdPersonBP/Maps/ThirdPersonExampleMap.ThirdPersonExampleMap_C' with ClassGeneratedBy '/Game/ThirdPersonBP/Maps/ThirdPersonExampleMap.ThirdPersonExampleMap:PersistentLevel.ThirdPersonExampleMap'
[2025.09.12-15.29.29:882][334]LogBlueprintUserMessages: Early EndPlayMap Detection: Level '/Game/ThirdPersonBP/Maps/ThirdPersonExampleMap.ThirdPersonExampleMap:PersistentLevel' has LevelScriptBlueprint '/Game/ThirdPersonBP/Maps/ThirdPersonExampleMap.ThirdPersonExampleMap:PersistentLevel.ThirdPersonExampleMap' with GeneratedClass '/Game/ThirdPersonBP/Maps/ThirdPersonExampleMap.ThirdPersonExampleMap_C' with ClassGeneratedBy '/Game/ThirdPersonBP/Maps/ThirdPersonExampleMap.ThirdPersonExampleMap:PersistentLevel.ThirdPersonExampleMap'
[2025.09.12-15.29.29:882][334]LogSlate: Updating window title bar state: overlay mode, drag disabled, window buttons hidden, title bar hidden
[2025.09.12-15.29.29:882][334]LogWorld: BeginTearingDown for /Game/ThirdPersonBP/Maps/UEDPIE_0_ThirdPersonExampleMap
[2025.09.12-15.29.29:886][334]LogSlate: Window 'GameJamCrew Game Preview Standalone (64-bit/PCD3D_SM5)' being destroyed
[2025.09.12-15.29.29:890][334]LogWorld: UWorld::CleanupWorld for ThirdPersonExampleMap, bSessionEnded=true, bCleanupResources=true
[2025.09.12-15.29.29:912][334]LogPlayLevel: Display: Shutting down PIE online subsystems
[2025.09.12-15.29.29:912][334]LogBlueprintUserMessages: Late EndPlayMap Detection: Level '/Game/ThirdPersonBP/Maps/ThirdPersonExampleMap.ThirdPersonExampleMap:PersistentLevel' has LevelScriptBlueprint '/Game/ThirdPersonBP/Maps/ThirdPersonExampleMap.ThirdPersonExampleMap:PersistentLevel.ThirdPersonExampleMap' with GeneratedClass '/Game/ThirdPersonBP/Maps/ThirdPersonExampleMap.ThirdPersonExampleMap_C' with ClassGeneratedBy '/Game/ThirdPersonBP/Maps/ThirdPersonExampleMap.ThirdPersonExampleMap:PersistentLevel.ThirdPersonExampleMap'
[2025.09.12-15.29.29:946][334]LogUObjectHash: Compacting FUObjectHashTables data took   1.66ms
[2025.09.12-15.29.29:999][335]LogPlayLevel: Display: Destroying online subsystem :Context_29
[2025.09.12-15.29.38:616][301]LogSlate: FSceneViewport::OnFocusLost() reason 2
[2025.09.12-15.29.42:050][696]LogSlate: FSceneViewport::OnFocusLost() reason 0
[2025.09.12-15.29.42:445][743]BlueprintLog: New page: Compile ThirdPersonCharacter
[2025.09.12-15.29.42:580][743]LogUObjectHash: Compacting FUObjectHashTables data took   2.01ms
[2025.09.12-15.29.44:198][921]LogTemp: Repeating last play command: Selected Viewport
[2025.09.12-15.29.44:202][921]LogBlueprintUserMessages: Early PlayInEditor Detection: Level '/Game/ThirdPersonBP/Maps/ThirdPersonExampleMap.ThirdPersonExampleMap:PersistentLevel' has LevelScriptBlueprint '/Game/ThirdPersonBP/Maps/ThirdPersonExampleMap.ThirdPersonExampleMap:PersistentLevel.ThirdPersonExampleMap' with GeneratedClass '/Game/ThirdPersonBP/Maps/ThirdPersonExampleMap.ThirdPersonExampleMap_C' with ClassGeneratedBy '/Game/ThirdPersonBP/Maps/ThirdPersonExampleMap.ThirdPersonExampleMap:PersistentLevel.ThirdPersonExampleMap'
[2025.09.12-15.29.44:202][921]LogPlayLevel: PlayLevel: No blueprints needed recompiling
[2025.09.12-15.29.44:202][921]PIE: New page: PIE session: ThirdPersonExampleMap (12 Sep 2025 17:29:44)
[2025.09.12-15.29.44:202][921]LogPlayLevel: Creating play world package: /Game/ThirdPersonBP/Maps/UEDPIE_0_ThirdPersonExampleMap
[2025.09.12-15.29.44:208][921]LogPlayLevel: PIE: StaticDuplicateObject took: (0.005469s)
[2025.09.12-15.29.44:208][921]LogAIModule: Creating AISystem for world ThirdPersonExampleMap
[2025.09.12-15.29.44:208][921]LogPlayLevel: PIE: World Init took: (0.000587s)
[2025.09.12-15.29.44:208][921]LogPlayLevel: PIE: Created PIE world by copying editor world from /Game/ThirdPersonBP/Maps/ThirdPersonExampleMap.ThirdPersonExampleMap to /Game/ThirdPersonBP/Maps/UEDPIE_0_ThirdPersonExampleMap.ThirdPersonExampleMap (0.006118s)
[2025.09.12-15.29.44:237][921]LogUObjectHash: Compacting FUObjectHashTables data took   2.07ms
[2025.09.12-15.29.44:241][921]LogInit: XAudio2 using 'Speakers (Realtek USB Audio)' : 2 channels at 48 kHz using 32 bits per sample (channel mask 0x3)
[2025.09.12-15.29.44:244][921]LogInit: FAudioDevice initialized.
[2025.09.12-15.29.44:254][921]LogLoad: Game class is 'ThirdPersonGameMode_C'
[2025.09.12-15.29.44:255][921]LogWorld: Bringing World /Game/ThirdPersonBP/Maps/UEDPIE_0_ThirdPersonExampleMap.ThirdPersonExampleMap up for play (max tick rate 0) at 2025.09.12-16.29.44
[2025.09.12-15.29.44:256][921]LogWorld: Bringing up level for play took: 0.000803
[2025.09.12-15.29.44:256][921]LogOnline: OSS: Creating online subsystem instance for: :Context_30
[2025.09.12-15.29.44:257][921]PIE: Play in editor start time for /Game/ThirdPersonBP/Maps/UEDPIE_0_ThirdPersonExampleMap -0.124
[2025.09.12-15.29.44:257][921]LogBlueprintUserMessages: Late PlayInEditor Detection: Level '/Game/ThirdPersonBP/Maps/ThirdPersonExampleMap.ThirdPersonExampleMap:PersistentLevel' has LevelScriptBlueprint '/Game/ThirdPersonBP/Maps/ThirdPersonExampleMap.ThirdPersonExampleMap:PersistentLevel.ThirdPersonExampleMap' with GeneratedClass '/Game/ThirdPersonBP/Maps/ThirdPersonExampleMap.ThirdPersonExampleMap_C' with ClassGeneratedBy '/Game/ThirdPersonBP/Maps/ThirdPersonExampleMap.ThirdPersonExampleMap:PersistentLevel.ThirdPersonExampleMap'
[2025.09.12-15.29.54:517][151]LogBlueprintUserMessages: Early EndPlayMap Detection: Level '/Game/ThirdPersonBP/Maps/ThirdPersonExampleMap.ThirdPersonExampleMap:PersistentLevel' has LevelScriptBlueprint '/Game/ThirdPersonBP/Maps/ThirdPersonExampleMap.ThirdPersonExampleMap:PersistentLevel.ThirdPersonExampleMap' with GeneratedClass '/Game/ThirdPersonBP/Maps/ThirdPersonExampleMap.ThirdPersonExampleMap_C' with ClassGeneratedBy '/Game/ThirdPersonBP/Maps/ThirdPersonExampleMap.ThirdPersonExampleMap:PersistentLevel.ThirdPersonExampleMap'
[2025.09.12-15.29.54:517][151]LogSlate: Updating window title bar state: overlay mode, drag disabled, window buttons hidden, title bar hidden
[2025.09.12-15.29.54:517][151]LogWorld: BeginTearingDown for /Game/ThirdPersonBP/Maps/UEDPIE_0_ThirdPersonExampleMap
[2025.09.12-15.29.54:517][151]LogWorld: UWorld::CleanupWorld for ThirdPersonExampleMap, bSessionEnded=true, bCleanupResources=true
[2025.09.12-15.29.54:529][151]LogPlayLevel: Display: Shutting down PIE online subsystems
[2025.09.12-15.29.54:529][151]LogBlueprintUserMessages: Late EndPlayMap Detection: Level '/Game/ThirdPersonBP/Maps/ThirdPersonExampleMap.ThirdPersonExampleMap:PersistentLevel' has LevelScriptBlueprint '/Game/ThirdPersonBP/Maps/ThirdPersonExampleMap.ThirdPersonExampleMap:PersistentLevel.ThirdPersonExampleMap' with GeneratedClass '/Game/ThirdPersonBP/Maps/ThirdPersonExampleMap.ThirdPersonExampleMap_C' with ClassGeneratedBy '/Game/ThirdPersonBP/Maps/ThirdPersonExampleMap.ThirdPersonExampleMap:PersistentLevel.ThirdPersonExampleMap'
[2025.09.12-15.29.54:560][151]LogSlate: Updating window title bar state: overlay mode, drag disabled, window buttons hidden, title bar hidden
[2025.09.12-15.29.54:562][151]LogUObjectHash: Compacting FUObjectHashTables data took   1.47ms
[2025.09.12-15.29.54:621][157]LogPlayLevel: Display: Destroying online subsystem :Context_30
[2025.09.12-15.29.55:354][245]LogSlate: FSceneViewport::OnFocusLost() reason 0
[2025.09.12-15.29.58:193][571]LogSlate: FSceneViewport::OnFocusLost() reason 0
[2025.09.12-15.29.58:450][601]LogSlate: Prevented a slow task dialog from being summoned while a context menu was open
[2025.09.12-15.30.07:515][660]BlueprintLog: New page: Compile ThirdPersonCharacter
[2025.09.12-15.30.07:648][660]LogUObjectHash: Compacting FUObjectHashTables data took   2.00ms
[2025.09.12-15.30.08:955][805]LogTemp: Repeating last play command: Selected Viewport
[2025.09.12-15.30.08:959][805]LogBlueprintUserMessages: Early PlayInEditor Detection: Level '/Game/ThirdPersonBP/Maps/ThirdPersonExampleMap.ThirdPersonExampleMap:PersistentLevel' has LevelScriptBlueprint '/Game/ThirdPersonBP/Maps/ThirdPersonExampleMap.ThirdPersonExampleMap:PersistentLevel.ThirdPersonExampleMap' with GeneratedClass '/Game/ThirdPersonBP/Maps/ThirdPersonExampleMap.ThirdPersonExampleMap_C' with ClassGeneratedBy '/Game/ThirdPersonBP/Maps/ThirdPersonExampleMap.ThirdPersonExampleMap:PersistentLevel.ThirdPersonExampleMap'
[2025.09.12-15.30.08:959][805]LogPlayLevel: PlayLevel: No blueprints needed recompiling
[2025.09.12-15.30.08:959][805]PIE: New page: PIE session: ThirdPersonExampleMap (12 Sep 2025 17:30:08)
[2025.09.12-15.30.08:959][805]LogPlayLevel: Creating play world package: /Game/ThirdPersonBP/Maps/UEDPIE_0_ThirdPersonExampleMap
[2025.09.12-15.30.08:965][805]LogPlayLevel: PIE: StaticDuplicateObject took: (0.005601s)
[2025.09.12-15.30.08:965][805]LogAIModule: Creating AISystem for world ThirdPersonExampleMap
[2025.09.12-15.30.08:965][805]LogPlayLevel: PIE: World Init took: (0.000681s)
[2025.09.12-15.30.08:965][805]LogPlayLevel: PIE: Created PIE world by copying editor world from /Game/ThirdPersonBP/Maps/ThirdPersonExampleMap.ThirdPersonExampleMap to /Game/ThirdPersonBP/Maps/UEDPIE_0_ThirdPersonExampleMap.ThirdPersonExampleMap (0.006345s)
[2025.09.12-15.30.08:999][805]LogUObjectHash: Compacting FUObjectHashTables data took   2.00ms
[2025.09.12-15.30.09:003][805]LogInit: XAudio2 using 'Speakers (Realtek USB Audio)' : 2 channels at 48 kHz using 32 bits per sample (channel mask 0x3)
[2025.09.12-15.30.09:006][805]LogInit: FAudioDevice initialized.
[2025.09.12-15.30.09:014][805]LogLoad: Game class is 'ThirdPersonGameMode_C'
[2025.09.12-15.30.09:015][805]LogWorld: Bringing World /Game/ThirdPersonBP/Maps/UEDPIE_0_ThirdPersonExampleMap.ThirdPersonExampleMap up for play (max tick rate 0) at 2025.09.12-16.30.09
[2025.09.12-15.30.09:015][805]LogWorld: Bringing up level for play took: 0.000871
[2025.09.12-15.30.09:015][805]LogOnline: OSS: Creating online subsystem instance for: :Context_31
[2025.09.12-15.30.09:016][805]PIE: Play in editor start time for /Game/ThirdPersonBP/Maps/UEDPIE_0_ThirdPersonExampleMap 0.636
[2025.09.12-15.30.09:017][805]LogBlueprintUserMessages: Late PlayInEditor Detection: Level '/Game/ThirdPersonBP/Maps/ThirdPersonExampleMap.ThirdPersonExampleMap:PersistentLevel' has LevelScriptBlueprint '/Game/ThirdPersonBP/Maps/ThirdPersonExampleMap.ThirdPersonExampleMap:PersistentLevel.ThirdPersonExampleMap' with GeneratedClass '/Game/ThirdPersonBP/Maps/ThirdPersonExampleMap.ThirdPersonExampleMap_C' with ClassGeneratedBy '/Game/ThirdPersonBP/Maps/ThirdPersonExampleMap.ThirdPersonExampleMap:PersistentLevel.ThirdPersonExampleMap'
[2025.09.12-15.30.14:122][414]LogBlueprintUserMessages: Early EndPlayMap Detection: Level '/Game/ThirdPersonBP/Maps/ThirdPersonExampleMap.ThirdPersonExampleMap:PersistentLevel' has LevelScriptBlueprint '/Game/ThirdPersonBP/Maps/ThirdPersonExampleMap.ThirdPersonExampleMap:PersistentLevel.ThirdPersonExampleMap' with GeneratedClass '/Game/ThirdPersonBP/Maps/ThirdPersonExampleMap.ThirdPersonExampleMap_C' with ClassGeneratedBy '/Game/ThirdPersonBP/Maps/ThirdPersonExampleMap.ThirdPersonExampleMap:PersistentLevel.ThirdPersonExampleMap'
[2025.09.12-15.30.14:122][414]LogSlate: Updating window title bar state: overlay mode, drag disabled, window buttons hidden, title bar hidden
[2025.09.12-15.30.14:122][414]LogWorld: BeginTearingDown for /Game/ThirdPersonBP/Maps/UEDPIE_0_ThirdPersonExampleMap
[2025.09.12-15.30.14:122][414]LogWorld: UWorld::CleanupWorld for ThirdPersonExampleMap, bSessionEnded=true, bCleanupResources=true
[2025.09.12-15.30.14:132][414]LogPlayLevel: Display: Shutting down PIE online subsystems
[2025.09.12-15.30.14:132][414]LogBlueprintUserMessages: Late EndPlayMap Detection: Level '/Game/ThirdPersonBP/Maps/ThirdPersonExampleMap.ThirdPersonExampleMap:PersistentLevel' has LevelScriptBlueprint '/Game/ThirdPersonBP/Maps/ThirdPersonExampleMap.ThirdPersonExampleMap:PersistentLevel.ThirdPersonExampleMap' with GeneratedClass '/Game/ThirdPersonBP/Maps/ThirdPersonExampleMap.ThirdPersonExampleMap_C' with ClassGeneratedBy '/Game/ThirdPersonBP/Maps/ThirdPersonExampleMap.ThirdPersonExampleMap:PersistentLevel.ThirdPersonExampleMap'
[2025.09.12-15.30.14:163][414]LogSlate: Updating window title bar state: overlay mode, drag disabled, window buttons hidden, title bar hidden
[2025.09.12-15.30.14:165][414]LogUObjectHash: Compacting FUObjectHashTables data took   1.49ms
[2025.09.12-15.30.14:226][420]LogPlayLevel: Display: Destroying online subsystem :Context_31
[2025.09.12-15.30.14:701][477]LogSlate: FSceneViewport::OnFocusLost() reason 0
[2025.09.12-15.30.36:659][981]BlueprintLog: New page: Compile ThirdPersonCharacter
[2025.09.12-15.30.36:783][981]LogUObjectHash: Compacting FUObjectHashTables data took   2.03ms
[2025.09.12-15.30.37:591][ 62]LogTemp: Repeating last play command: Selected Viewport
[2025.09.12-15.30.37:595][ 62]LogBlueprintUserMessages: Early PlayInEditor Detection: Level '/Game/ThirdPersonBP/Maps/ThirdPersonExampleMap.ThirdPersonExampleMap:PersistentLevel' has LevelScriptBlueprint '/Game/ThirdPersonBP/Maps/ThirdPersonExampleMap.ThirdPersonExampleMap:PersistentLevel.ThirdPersonExampleMap' with GeneratedClass '/Game/ThirdPersonBP/Maps/ThirdPersonExampleMap.ThirdPersonExampleMap_C' with ClassGeneratedBy '/Game/ThirdPersonBP/Maps/ThirdPersonExampleMap.ThirdPersonExampleMap:PersistentLevel.ThirdPersonExampleMap'
[2025.09.12-15.30.37:595][ 62]LogPlayLevel: PlayLevel: No blueprints needed recompiling
[2025.09.12-15.30.37:595][ 62]PIE: New page: PIE session: ThirdPersonExampleMap (12 Sep 2025 17:30:37)
[2025.09.12-15.30.37:595][ 62]LogPlayLevel: Creating play world package: /Game/ThirdPersonBP/Maps/UEDPIE_0_ThirdPersonExampleMap
[2025.09.12-15.30.37:600][ 62]LogPlayLevel: PIE: StaticDuplicateObject took: (0.004648s)
[2025.09.12-15.30.37:600][ 62]LogAIModule: Creating AISystem for world ThirdPersonExampleMap
[2025.09.12-15.30.37:601][ 62]LogPlayLevel: PIE: World Init took: (0.000774s)
[2025.09.12-15.30.37:601][ 62]LogPlayLevel: PIE: Created PIE world by copying editor world from /Game/ThirdPersonBP/Maps/ThirdPersonExampleMap.ThirdPersonExampleMap to /Game/ThirdPersonBP/Maps/UEDPIE_0_ThirdPersonExampleMap.ThirdPersonExampleMap (0.005492s)
[2025.09.12-15.30.37:636][ 62]LogUObjectHash: Compacting FUObjectHashTables data took   2.11ms
[2025.09.12-15.30.37:640][ 62]LogInit: XAudio2 using 'Speakers (Realtek USB Audio)' : 2 channels at 48 kHz using 32 bits per sample (channel mask 0x3)
[2025.09.12-15.30.37:643][ 62]LogInit: FAudioDevice initialized.
[2025.09.12-15.30.37:650][ 62]LogSlate: Updating window title bar state: overlay mode, drag disabled, window buttons hidden, title bar hidden
[2025.09.12-15.30.37:650][ 62]LogLoad: Game class is 'ThirdPersonGameMode_C'
[2025.09.12-15.30.37:651][ 62]LogWorld: Bringing World /Game/ThirdPersonBP/Maps/UEDPIE_0_ThirdPersonExampleMap.ThirdPersonExampleMap up for play (max tick rate 0) at 2025.09.12-16.30.37
[2025.09.12-15.30.37:651][ 62]LogWorld: Bringing up level for play took: 0.000993
[2025.09.12-15.30.37:651][ 62]LogOnline: OSS: Creating online subsystem instance for: :Context_32
[2025.09.12-15.30.37:656][ 62]PIE: Play in editor start time for /Game/ThirdPersonBP/Maps/UEDPIE_0_ThirdPersonExampleMap -0.724
[2025.09.12-15.30.37:656][ 62]LogBlueprintUserMessages: Late PlayInEditor Detection: Level '/Game/ThirdPersonBP/Maps/ThirdPersonExampleMap.ThirdPersonExampleMap:PersistentLevel' has LevelScriptBlueprint '/Game/ThirdPersonBP/Maps/ThirdPersonExampleMap.ThirdPersonExampleMap:PersistentLevel.ThirdPersonExampleMap' with GeneratedClass '/Game/ThirdPersonBP/Maps/ThirdPersonExampleMap.ThirdPersonExampleMap_C' with ClassGeneratedBy '/Game/ThirdPersonBP/Maps/ThirdPersonExampleMap.ThirdPersonExampleMap:PersistentLevel.ThirdPersonExampleMap'
[2025.09.12-15.30.50:439][595]LogBlueprintUserMessages: Early EndPlayMap Detection: Level '/Game/ThirdPersonBP/Maps/ThirdPersonExampleMap.ThirdPersonExampleMap:PersistentLevel' has LevelScriptBlueprint '/Game/ThirdPersonBP/Maps/ThirdPersonExampleMap.ThirdPersonExampleMap:PersistentLevel.ThirdPersonExampleMap' with GeneratedClass '/Game/ThirdPersonBP/Maps/ThirdPersonExampleMap.ThirdPersonExampleMap_C' with ClassGeneratedBy '/Game/ThirdPersonBP/Maps/ThirdPersonExampleMap.ThirdPersonExampleMap:PersistentLevel.ThirdPersonExampleMap'
[2025.09.12-15.30.50:440][595]LogSlate: Updating window title bar state: overlay mode, drag disabled, window buttons hidden, title bar hidden
[2025.09.12-15.30.50:440][595]LogWorld: BeginTearingDown for /Game/ThirdPersonBP/Maps/UEDPIE_0_ThirdPersonExampleMap
[2025.09.12-15.30.50:444][595]LogSlate: Window 'GameJamCrew Game Preview Standalone (64-bit/PCD3D_SM5)' being destroyed
[2025.09.12-15.30.50:448][595]LogWorld: UWorld::CleanupWorld for ThirdPersonExampleMap, bSessionEnded=true, bCleanupResources=true
[2025.09.12-15.30.50:469][595]LogPlayLevel: Display: Shutting down PIE online subsystems
[2025.09.12-15.30.50:469][595]LogBlueprintUserMessages: Late EndPlayMap Detection: Level '/Game/ThirdPersonBP/Maps/ThirdPersonExampleMap.ThirdPersonExampleMap:PersistentLevel' has LevelScriptBlueprint '/Game/ThirdPersonBP/Maps/ThirdPersonExampleMap.ThirdPersonExampleMap:PersistentLevel.ThirdPersonExampleMap' with GeneratedClass '/Game/ThirdPersonBP/Maps/ThirdPersonExampleMap.ThirdPersonExampleMap_C' with ClassGeneratedBy '/Game/ThirdPersonBP/Maps/ThirdPersonExampleMap.ThirdPersonExampleMap:PersistentLevel.ThirdPersonExampleMap'
[2025.09.12-15.30.50:501][595]LogUObjectHash: Compacting FUObjectHashTables data took   1.48ms
[2025.09.12-15.30.50:558][596]LogPlayLevel: Display: Destroying online subsystem :Context_32
[2025.09.12-15.30.53:078][898]LogEditorTransaction: Undo Change String Pin Value
[2025.09.12-15.30.53:157][898]LogActorComponent: RegisterComponentWithWorld: (/Engine/Transient.World_11:PersistentLevel.AnimationEditorPreviewActor_0.DebugSkelMeshComponent_0) Already registered. Aborting.
[2025.09.12-15.30.53:159][898]LogActorComponent: RegisterComponentWithWorld: (/Engine/Transient.World_12:PersistentLevel.AnimationEditorPreviewActor_0.DebugSkelMeshComponent_0) Already registered. Aborting.
[2025.09.12-15.30.53:586][925]LogEditorTransaction: Undo Change String Pin Value
[2025.09.12-15.30.53:667][925]LogActorComponent: RegisterComponentWithWorld: (/Engine/Transient.World_11:PersistentLevel.AnimationEditorPreviewActor_0.DebugSkelMeshComponent_0) Already registered. Aborting.
[2025.09.12-15.30.53:669][925]LogActorComponent: RegisterComponentWithWorld: (/Engine/Transient.World_12:PersistentLevel.AnimationEditorPreviewActor_0.DebugSkelMeshComponent_0) Already registered. Aborting.
[2025.09.12-15.30.54:161][971]LogEditorTransaction: Undo Change String Pin Value
[2025.09.12-15.30.54:243][971]LogActorComponent: RegisterComponentWithWorld: (/Engine/Transient.World_11:PersistentLevel.AnimationEditorPreviewActor_0.DebugSkelMeshComponent_0) Already registered. Aborting.
[2025.09.12-15.30.54:244][971]LogActorComponent: RegisterComponentWithWorld: (/Engine/Transient.World_12:PersistentLevel.AnimationEditorPreviewActor_0.DebugSkelMeshComponent_0) Already registered. Aborting.
[2025.09.12-15.30.57:439][346]BlueprintLog: New page: Compile ThirdPersonCharacter
[2025.09.12-15.30.57:569][346]LogUObjectHash: Compacting FUObjectHashTables data took   2.26ms
[2025.09.12-15.30.59:979][610]LogSlate: FSceneViewport::OnFocusLost() reason 0
[2025.09.12-15.31.01:108][730]LogAnimation: Warning: AnimBP ThirdPerson_AnimBP_C is incompatible with skeleton cat_fixed_Skeleton, removing AnimBP from actor.
[2025.09.12-15.31.01:108][730]LogAnimation: Warning: AnimBP ThirdPerson_AnimBP_C is incompatible with skeleton cat_fixed_Skeleton, removing AnimBP from actor.
[2025.09.12-15.31.01:108][730]LogAnimation: Warning: AnimBP ThirdPerson_AnimBP_C is incompatible with skeleton cat_fixed_Skeleton, removing AnimBP from actor.
[2025.09.12-15.31.01:108][730]LogAnimation: Warning: AnimBP ThirdPerson_AnimBP_C is incompatible with skeleton cat_fixed_Skeleton, removing AnimBP from actor.
[2025.09.12-15.31.01:699][798]LogSlate: Prevented a slow task dialog from being summoned while a context menu was open
[2025.09.12-15.31.07:303][442]BlueprintLog: New page: Compile ThirdPersonCharacter
[2025.09.12-15.31.07:441][442]LogUObjectHash: Compacting FUObjectHashTables data took   2.37ms
[2025.09.12-15.31.09:241][625]LogTemp: Repeating last play command: Selected Viewport
[2025.09.12-15.31.09:246][625]LogBlueprintUserMessages: Early PlayInEditor Detection: Level '/Game/ThirdPersonBP/Maps/ThirdPersonExampleMap.ThirdPersonExampleMap:PersistentLevel' has LevelScriptBlueprint '/Game/ThirdPersonBP/Maps/ThirdPersonExampleMap.ThirdPersonExampleMap:PersistentLevel.ThirdPersonExampleMap' with GeneratedClass '/Game/ThirdPersonBP/Maps/ThirdPersonExampleMap.ThirdPersonExampleMap_C' with ClassGeneratedBy '/Game/ThirdPersonBP/Maps/ThirdPersonExampleMap.ThirdPersonExampleMap:PersistentLevel.ThirdPersonExampleMap'
[2025.09.12-15.31.09:246][625]LogPlayLevel: PlayLevel: No blueprints needed recompiling
[2025.09.12-15.31.09:246][625]PIE: New page: PIE session: ThirdPersonExampleMap (12 Sep 2025 17:31:09)
[2025.09.12-15.31.09:246][625]LogPlayLevel: Creating play world package: /Game/ThirdPersonBP/Maps/UEDPIE_0_ThirdPersonExampleMap
[2025.09.12-15.31.09:251][625]LogPlayLevel: PIE: StaticDuplicateObject took: (0.005177s)
[2025.09.12-15.31.09:252][625]LogAIModule: Creating AISystem for world ThirdPersonExampleMap
[2025.09.12-15.31.09:252][625]LogPlayLevel: PIE: World Init took: (0.000767s)
[2025.09.12-15.31.09:252][625]LogPlayLevel: PIE: Created PIE world by copying editor world from /Game/ThirdPersonBP/Maps/ThirdPersonExampleMap.ThirdPersonExampleMap to /Game/ThirdPersonBP/Maps/UEDPIE_0_ThirdPersonExampleMap.ThirdPersonExampleMap (0.006010s)
[2025.09.12-15.31.09:284][625]LogUObjectHash: Compacting FUObjectHashTables data took   2.11ms
[2025.09.12-15.31.09:288][625]LogInit: XAudio2 using 'Speakers (Realtek USB Audio)' : 2 channels at 48 kHz using 32 bits per sample (channel mask 0x3)
[2025.09.12-15.31.09:292][625]LogInit: FAudioDevice initialized.
[2025.09.12-15.31.09:295][625]LogLoad: Game class is 'ThirdPersonGameMode_C'
[2025.09.12-15.31.09:296][625]LogWorld: Bringing World /Game/ThirdPersonBP/Maps/UEDPIE_0_ThirdPersonExampleMap.ThirdPersonExampleMap up for play (max tick rate 0) at 2025.09.12-16.31.09
[2025.09.12-15.31.09:296][625]LogWorld: Bringing up level for play took: 0.000587
[2025.09.12-15.31.09:296][625]LogOnline: OSS: Creating online subsystem instance for: :Context_33
[2025.09.12-15.31.09:297][625]PIE: Play in editor start time for /Game/ThirdPersonBP/Maps/UEDPIE_0_ThirdPersonExampleMap 0.917
[2025.09.12-15.31.09:297][625]LogBlueprintUserMessages: Late PlayInEditor Detection: Level '/Game/ThirdPersonBP/Maps/ThirdPersonExampleMap.ThirdPersonExampleMap:PersistentLevel' has LevelScriptBlueprint '/Game/ThirdPersonBP/Maps/ThirdPersonExampleMap.ThirdPersonExampleMap:PersistentLevel.ThirdPersonExampleMap' with GeneratedClass '/Game/ThirdPersonBP/Maps/ThirdPersonExampleMap.ThirdPersonExampleMap_C' with ClassGeneratedBy '/Game/ThirdPersonBP/Maps/ThirdPersonExampleMap.ThirdPersonExampleMap:PersistentLevel.ThirdPersonExampleMap'
[2025.09.12-15.31.34:086][592]LogBlueprintUserMessages: Early EndPlayMap Detection: Level '/Game/ThirdPersonBP/Maps/ThirdPersonExampleMap.ThirdPersonExampleMap:PersistentLevel' has LevelScriptBlueprint '/Game/ThirdPersonBP/Maps/ThirdPersonExampleMap.ThirdPersonExampleMap:PersistentLevel.ThirdPersonExampleMap' with GeneratedClass '/Game/ThirdPersonBP/Maps/ThirdPersonExampleMap.ThirdPersonExampleMap_C' with ClassGeneratedBy '/Game/ThirdPersonBP/Maps/ThirdPersonExampleMap.ThirdPersonExampleMap:PersistentLevel.ThirdPersonExampleMap'
[2025.09.12-15.31.34:086][592]LogSlate: Updating window title bar state: overlay mode, drag disabled, window buttons hidden, title bar hidden
[2025.09.12-15.31.34:086][592]LogWorld: BeginTearingDown for /Game/ThirdPersonBP/Maps/UEDPIE_0_ThirdPersonExampleMap
[2025.09.12-15.31.34:086][592]LogWorld: UWorld::CleanupWorld for ThirdPersonExampleMap, bSessionEnded=true, bCleanupResources=true
[2025.09.12-15.31.34:098][592]LogPlayLevel: Display: Shutting down PIE online subsystems
[2025.09.12-15.31.34:098][592]LogBlueprintUserMessages: Late EndPlayMap Detection: Level '/Game/ThirdPersonBP/Maps/ThirdPersonExampleMap.ThirdPersonExampleMap:PersistentLevel' has LevelScriptBlueprint '/Game/ThirdPersonBP/Maps/ThirdPersonExampleMap.ThirdPersonExampleMap:PersistentLevel.ThirdPersonExampleMap' with GeneratedClass '/Game/ThirdPersonBP/Maps/ThirdPersonExampleMap.ThirdPersonExampleMap_C' with ClassGeneratedBy '/Game/ThirdPersonBP/Maps/ThirdPersonExampleMap.ThirdPersonExampleMap:PersistentLevel.ThirdPersonExampleMap'
[2025.09.12-15.31.34:131][592]LogSlate: Updating window title bar state: overlay mode, drag disabled, window buttons hidden, title bar hidden
[2025.09.12-15.31.34:133][592]LogUObjectHash: Compacting FUObjectHashTables data took   1.49ms
[2025.09.12-15.31.34:187][597]LogPlayLevel: Display: Destroying online subsystem :Context_33
[2025.09.12-15.31.34:784][668]LogSlate: FSceneViewport::OnFocusLost() reason 0
[2025.09.12-15.31.39:387][207]LogSlate: FSceneViewport::OnFocusLost() reason 0
[2025.09.12-15.31.57:773][183]LogAssetEditorManager: Opening Asset editor for AnimBlueprint /Game/Mannequin/Animations/ThirdPerson_AnimBP.ThirdPerson_AnimBP
[2025.09.12-15.31.57:779][183]LogActorComponent: RegisterComponentWithWorld: (/Engine/Transient.World_17:PersistentLevel.AnimationEditorPreviewActor_0.DebugSkelMeshComponent_0) Already registered. Aborting.
[2025.09.12-15.31.57:920][183]LogSkeletalMesh: USkeletalMeshComponent::InitArticulated : Bodies already created (/Engine/Transient.World_17:PersistentLevel.AnimationEditorPreviewActor_0.DebugSkelMeshComponent_0) - call TermArticulated first.
[2025.09.12-15.32.00:123][430]LogAssetEditorManager: Opening Asset editor for Skeleton /Game/Mannequin/Character/Mesh/UE4_Mannequin_Skeleton.UE4_Mannequin_Skeleton
[2025.09.12-15.32.00:126][430]LogActorComponent: RegisterComponentWithWorld: (/Engine/Transient.World_19:PersistentLevel.AnimationEditorPreviewActor_0.DebugSkelMeshComponent_0) Already registered. Aborting.
[2025.09.12-15.32.00:135][430]LogSkeletalMesh: USkeletalMeshComponent::InitArticulated : Bodies already created (/Engine/Transient.World_19:PersistentLevel.AnimationEditorPreviewActor_0.DebugSkelMeshComponent_0) - call TermArticulated first.
[2025.09.12-15.32.37:455][858]LogAssetEditorManager: Opening Asset editor for PhysicsAsset /Game/Mannequin/cat_fixed_PhysicsAsset.cat_fixed_PhysicsAsset
[2025.09.12-15.32.37:459][858]LogActorComponent: RegisterComponentWithWorld: (/Engine/Transient.World_20:PersistentLevel.AnimationEditorPreviewActor_0.PhysicsAssetEditorSkeletalMeshComponent_0) Already registered. Aborting.
[2025.09.12-15.33.49:505][193]LogSavePackage: Moving '../../../../../../Users/Isaac/Desktop/GAMEJAM/GameJamHGGUnreal4.23.1/GameJamCrew/Saved/ThirdPersonCharacterECCAA8B44FB32E27C6E7BB98A8B48E37.tmp' to '../../../../../../Users/Isaac/Desktop/GAMEJAM/GameJamHGGUnreal4.23.1/GameJamCrew/Content/ThirdPersonBP/Blueprints/ThirdPersonCharacter.uasset'
[2025.09.12-15.33.56:625][ 31]LogEditorTransaction: Undo Resize Node
[2025.09.12-15.33.56:808][ 31]LogActorComponent: RegisterComponentWithWorld: (/Engine/Transient.World_11:PersistentLevel.AnimationEditorPreviewActor_0.DebugSkelMeshComponent_0) Already registered. Aborting.
[2025.09.12-15.33.56:810][ 31]LogActorComponent: RegisterComponentWithWorld: (/Engine/Transient.World_12:PersistentLevel.AnimationEditorPreviewActor_0.DebugSkelMeshComponent_0) Already registered. Aborting.
[2025.09.12-15.33.56:813][ 31]LogActorComponent: RegisterComponentWithWorld: (/Engine/Transient.World_17:PersistentLevel.AnimationEditorPreviewActor_0.DebugSkelMeshComponent_0) Already registered. Aborting.
[2025.09.12-15.33.56:814][ 31]LogActorComponent: RegisterComponentWithWorld: (/Engine/Transient.World_19:PersistentLevel.AnimationEditorPreviewActor_0.DebugSkelMeshComponent_0) Already registered. Aborting.
[2025.09.12-15.33.56:817][ 31]LogActorComponent: RegisterComponentWithWorld: (/Engine/Transient.World_20:PersistentLevel.AnimationEditorPreviewActor_0.PhysicsAssetEditorSkeletalMeshComponent_0) Already registered. Aborting.
[2025.09.12-15.34.23:546][178]LogAssetEditorManager: Opening Asset editor for PhysicsAsset /Game/Mannequin/Character/Mesh/SK_Mannequin_PhysicsAsset.SK_Mannequin_PhysicsAsset
[2025.09.12-15.34.23:555][178]LogActorComponent: RegisterComponentWithWorld: (/Engine/Transient.World_21:PersistentLevel.AnimationEditorPreviewActor_0.PhysicsAssetEditorSkeletalMeshComponent_0) Already registered. Aborting.
[2025.09.12-15.34.32:693][ 73]LogSlate: FSceneViewport::OnFocusLost() reason 0
[2025.09.12-15.34.37:728][667]LogSlate: FSceneViewport::OnFocusLost() reason 0
[2025.09.12-15.34.42:428][130]LogSlate: FSceneViewport::OnFocusLost() reason 0
[2025.09.12-15.35.27:478][443]LogSlate: FSceneViewport::OnFocusLost() reason 0
[2025.09.12-15.35.32:322][ 16]LogSkeletalMesh: USkeletalMeshComponent::InitArticulated : Could not find root physics body: '/Engine/Transient.World_10:PersistentLevel.ThirdPersonCharacter_C_0.CharacterMesh0'
[2025.09.12-15.35.32:322][ 16]LogSkeletalMesh: USkeletalMeshComponent::InitArticulated : Could not find root physics body: '/Game/ThirdPersonBP/Maps/ThirdPersonExampleMap.ThirdPersonExampleMap:PersistentLevel.ThirdPersonCharacter_167.CharacterMesh0'
[2025.09.12-15.35.32:322][ 16]LogSkeletalMesh: USkeletalMeshComponent::InitArticulated : Could not find root physics body: '/Engine/Transient.World_12:PersistentLevel.AnimationEditorPreviewActor_0.DebugSkelMeshComponent_0'
[2025.09.12-15.35.32:322][ 16]LogSkeletalMesh: USkeletalMeshComponent::InitArticulated : Could not find root physics body: '/Engine/Transient.World_11:PersistentLevel.AnimationEditorPreviewActor_0.DebugSkelMeshComponent_0'
[2025.09.12-15.35.32:322][ 16]LogSkeletalMesh: USkeletalMeshComponent::InitArticulated : Could not find root physics body: '/Engine/Transient.World_20:PersistentLevel.AnimationEditorPreviewActor_0.PhysicsAssetEditorSkeletalMeshComponent_0'
[2025.09.12-15.35.32:325][ 16]LogSkeletalMesh: USkeletalMeshComponent::InitArticulated : Could not find root physics body: '/Engine/Transient.World_20:PersistentLevel.AnimationEditorPreviewActor_0.PhysicsAssetEditorSkeletalMeshComponent_0'
[2025.09.12-15.35.34:817][313]LogSlate: Took 0.000148 seconds to synchronously load lazily loaded font '../../../Engine/Content/Slate/Fonts/Roboto-Light.ttf' (167K)
[2025.09.12-15.35.48:818][954]LogSlate: FSceneViewport::OnFocusLost() reason 0
[2025.09.12-15.36.00:109][272]Cmd: TRANSACTION UNDO
[2025.09.12-15.36.00:109][272]LogEditorTransaction: Undo Add New Bodies
[2025.09.12-15.36.00:316][272]LogActorComponent: RegisterComponentWithWorld: (/Engine/Transient.World_11:PersistentLevel.AnimationEditorPreviewActor_0.DebugSkelMeshComponent_0) Already registered. Aborting.
[2025.09.12-15.36.00:317][272]LogActorComponent: RegisterComponentWithWorld: (/Engine/Transient.World_12:PersistentLevel.AnimationEditorPreviewActor_0.DebugSkelMeshComponent_0) Already registered. Aborting.
[2025.09.12-15.36.00:322][272]LogActorComponent: RegisterComponentWithWorld: (/Engine/Transient.World_17:PersistentLevel.AnimationEditorPreviewActor_0.DebugSkelMeshComponent_0) Already registered. Aborting.
[2025.09.12-15.36.00:323][272]LogActorComponent: RegisterComponentWithWorld: (/Engine/Transient.World_19:PersistentLevel.AnimationEditorPreviewActor_0.DebugSkelMeshComponent_0) Already registered. Aborting.
[2025.09.12-15.36.00:327][272]LogActorComponent: RegisterComponentWithWorld: (/Engine/Transient.World_20:PersistentLevel.AnimationEditorPreviewActor_0.PhysicsAssetEditorSkeletalMeshComponent_0) Already registered. Aborting.
[2025.09.12-15.36.00:334][272]LogActorComponent: RegisterComponentWithWorld: (/Engine/Transient.World_21:PersistentLevel.AnimationEditorPreviewActor_0.PhysicsAssetEditorSkeletalMeshComponent_0) Already registered. Aborting.
[2025.09.12-15.36.01:625][404]Cmd: TRANSACTION UNDO
[2025.09.12-15.36.01:626][404]LogEditorTransaction: Undo Translate Bone
[2025.09.12-15.36.01:836][404]LogActorComponent: RegisterComponentWithWorld: (/Engine/Transient.World_11:PersistentLevel.AnimationEditorPreviewActor_0.DebugSkelMeshComponent_0) Already registered. Aborting.
[2025.09.12-15.36.01:836][404]LogActorComponent: RegisterComponentWithWorld: (/Engine/Transient.World_12:PersistentLevel.AnimationEditorPreviewActor_0.DebugSkelMeshComponent_0) Already registered. Aborting.
[2025.09.12-15.36.01:841][404]LogActorComponent: RegisterComponentWithWorld: (/Engine/Transient.World_17:PersistentLevel.AnimationEditorPreviewActor_0.DebugSkelMeshComponent_0) Already registered. Aborting.
[2025.09.12-15.36.01:842][404]LogActorComponent: RegisterComponentWithWorld: (/Engine/Transient.World_19:PersistentLevel.AnimationEditorPreviewActor_0.DebugSkelMeshComponent_0) Already registered. Aborting.
[2025.09.12-15.36.01:846][404]LogActorComponent: RegisterComponentWithWorld: (/Engine/Transient.World_20:PersistentLevel.AnimationEditorPreviewActor_0.PhysicsAssetEditorSkeletalMeshComponent_0) Already registered. Aborting.
[2025.09.12-15.36.01:853][404]LogActorComponent: RegisterComponentWithWorld: (/Engine/Transient.World_21:PersistentLevel.AnimationEditorPreviewActor_0.PhysicsAssetEditorSkeletalMeshComponent_0) Already registered. Aborting.
[2025.09.12-15.36.02:671][500]Cmd: TRANSACTION UNDO
[2025.09.12-15.36.02:671][500]LogEditorTransaction: Undo Translate Bone
[2025.09.12-15.36.02:881][500]LogActorComponent: RegisterComponentWithWorld: (/Engine/Transient.World_11:PersistentLevel.AnimationEditorPreviewActor_0.DebugSkelMeshComponent_0) Already registered. Aborting.
[2025.09.12-15.36.02:881][500]LogActorComponent: RegisterComponentWithWorld: (/Engine/Transient.World_12:PersistentLevel.AnimationEditorPreviewActor_0.DebugSkelMeshComponent_0) Already registered. Aborting.
[2025.09.12-15.36.02:886][500]LogActorComponent: RegisterComponentWithWorld: (/Engine/Transient.World_17:PersistentLevel.AnimationEditorPreviewActor_0.DebugSkelMeshComponent_0) Already registered. Aborting.
[2025.09.12-15.36.02:887][500]LogActorComponent: RegisterComponentWithWorld: (/Engine/Transient.World_19:PersistentLevel.AnimationEditorPreviewActor_0.DebugSkelMeshComponent_0) Already registered. Aborting.
[2025.09.12-15.36.02:891][500]LogActorComponent: RegisterComponentWithWorld: (/Engine/Transient.World_20:PersistentLevel.AnimationEditorPreviewActor_0.PhysicsAssetEditorSkeletalMeshComponent_0) Already registered. Aborting.
[2025.09.12-15.36.02:899][500]LogActorComponent: RegisterComponentWithWorld: (/Engine/Transient.World_21:PersistentLevel.AnimationEditorPreviewActor_0.PhysicsAssetEditorSkeletalMeshComponent_0) Already registered. Aborting.
[2025.09.12-15.36.03:382][550]Cmd: TRANSACTION UNDO
[2025.09.12-15.36.03:382][550]LogEditorTransaction: Undo Add New Primitive
[2025.09.12-15.36.03:591][550]LogActorComponent: RegisterComponentWithWorld: (/Engine/Transient.World_11:PersistentLevel.AnimationEditorPreviewActor_0.DebugSkelMeshComponent_0) Already registered. Aborting.
[2025.09.12-15.36.03:592][550]LogActorComponent: RegisterComponentWithWorld: (/Engine/Transient.World_12:PersistentLevel.AnimationEditorPreviewActor_0.DebugSkelMeshComponent_0) Already registered. Aborting.
[2025.09.12-15.36.03:596][550]LogActorComponent: RegisterComponentWithWorld: (/Engine/Transient.World_17:PersistentLevel.AnimationEditorPreviewActor_0.DebugSkelMeshComponent_0) Already registered. Aborting.
[2025.09.12-15.36.03:597][550]LogActorComponent: RegisterComponentWithWorld: (/Engine/Transient.World_19:PersistentLevel.AnimationEditorPreviewActor_0.DebugSkelMeshComponent_0) Already registered. Aborting.
[2025.09.12-15.36.03:601][550]LogActorComponent: RegisterComponentWithWorld: (/Engine/Transient.World_20:PersistentLevel.AnimationEditorPreviewActor_0.PhysicsAssetEditorSkeletalMeshComponent_0) Already registered. Aborting.
[2025.09.12-15.36.03:608][550]LogActorComponent: RegisterComponentWithWorld: (/Engine/Transient.World_21:PersistentLevel.AnimationEditorPreviewActor_0.PhysicsAssetEditorSkeletalMeshComponent_0) Already registered. Aborting.
[2025.09.12-15.36.15:027][888]Cmd: TRANSACTION UNDO
[2025.09.12-15.36.15:027][888]LogEditorTransaction: Undo Move Element
[2025.09.12-15.36.15:232][888]LogActorComponent: RegisterComponentWithWorld: (/Engine/Transient.World_11:PersistentLevel.AnimationEditorPreviewActor_0.DebugSkelMeshComponent_0) Already registered. Aborting.
[2025.09.12-15.36.15:233][888]LogActorComponent: RegisterComponentWithWorld: (/Engine/Transient.World_12:PersistentLevel.AnimationEditorPreviewActor_0.DebugSkelMeshComponent_0) Already registered. Aborting.
[2025.09.12-15.36.15:237][888]LogActorComponent: RegisterComponentWithWorld: (/Engine/Transient.World_17:PersistentLevel.AnimationEditorPreviewActor_0.DebugSkelMeshComponent_0) Already registered. Aborting.
[2025.09.12-15.36.15:238][888]LogActorComponent: RegisterComponentWithWorld: (/Engine/Transient.World_19:PersistentLevel.AnimationEditorPreviewActor_0.DebugSkelMeshComponent_0) Already registered. Aborting.
[2025.09.12-15.36.15:242][888]LogActorComponent: RegisterComponentWithWorld: (/Engine/Transient.World_20:PersistentLevel.AnimationEditorPreviewActor_0.PhysicsAssetEditorSkeletalMeshComponent_0) Already registered. Aborting.
[2025.09.12-15.36.15:256][888]LogActorComponent: RegisterComponentWithWorld: (/Engine/Transient.World_21:PersistentLevel.AnimationEditorPreviewActor_0.PhysicsAssetEditorSkeletalMeshComponent_0) Already registered. Aborting.
[2025.09.12-15.36.17:681][148]LogSlate: FSceneViewport::OnFocusLost() reason 0
[2025.09.12-15.36.19:607][379]Cmd: TRANSACTION UNDO
[2025.09.12-15.36.19:607][379]LogEditorTransaction: Undo Edit Min Bone Size
[2025.09.12-15.36.19:813][379]LogActorComponent: RegisterComponentWithWorld: (/Engine/Transient.World_11:PersistentLevel.AnimationEditorPreviewActor_0.DebugSkelMeshComponent_0) Already registered. Aborting.
[2025.09.12-15.36.19:814][379]LogActorComponent: RegisterComponentWithWorld: (/Engine/Transient.World_12:PersistentLevel.AnimationEditorPreviewActor_0.DebugSkelMeshComponent_0) Already registered. Aborting.
[2025.09.12-15.36.19:818][379]LogActorComponent: RegisterComponentWithWorld: (/Engine/Transient.World_17:PersistentLevel.AnimationEditorPreviewActor_0.DebugSkelMeshComponent_0) Already registered. Aborting.
[2025.09.12-15.36.19:819][379]LogActorComponent: RegisterComponentWithWorld: (/Engine/Transient.World_19:PersistentLevel.AnimationEditorPreviewActor_0.DebugSkelMeshComponent_0) Already registered. Aborting.
[2025.09.12-15.36.19:823][379]LogActorComponent: RegisterComponentWithWorld: (/Engine/Transient.World_20:PersistentLevel.AnimationEditorPreviewActor_0.PhysicsAssetEditorSkeletalMeshComponent_0) Already registered. Aborting.
[2025.09.12-15.36.19:837][379]LogActorComponent: RegisterComponentWithWorld: (/Engine/Transient.World_21:PersistentLevel.AnimationEditorPreviewActor_0.PhysicsAssetEditorSkeletalMeshComponent_0) Already registered. Aborting.
[2025.09.12-15.36.21:006][496]Cmd: TRANSACTION UNDO
[2025.09.12-15.36.21:006][496]LogEditorTransaction: Undo Add New Bodies
[2025.09.12-15.36.21:221][496]LogActorComponent: RegisterComponentWithWorld: (/Engine/Transient.World_11:PersistentLevel.AnimationEditorPreviewActor_0.DebugSkelMeshComponent_0) Already registered. Aborting.
[2025.09.12-15.36.21:221][496]LogSkeletalMesh: USkeletalMeshComponent::InitArticulated : Could not find root physics body: '/Engine/Transient.World_11:PersistentLevel.AnimationEditorPreviewActor_0.DebugSkelMeshComponent_0'
[2025.09.12-15.36.21:221][496]LogActorComponent: RegisterComponentWithWorld: (/Engine/Transient.World_12:PersistentLevel.AnimationEditorPreviewActor_0.DebugSkelMeshComponent_0) Already registered. Aborting.
[2025.09.12-15.36.21:221][496]LogSkeletalMesh: USkeletalMeshComponent::InitArticulated : Could not find root physics body: '/Engine/Transient.World_12:PersistentLevel.AnimationEditorPreviewActor_0.DebugSkelMeshComponent_0'
[2025.09.12-15.36.21:226][496]LogActorComponent: RegisterComponentWithWorld: (/Engine/Transient.World_17:PersistentLevel.AnimationEditorPreviewActor_0.DebugSkelMeshComponent_0) Already registered. Aborting.
[2025.09.12-15.36.21:226][496]LogActorComponent: RegisterComponentWithWorld: (/Engine/Transient.World_19:PersistentLevel.AnimationEditorPreviewActor_0.DebugSkelMeshComponent_0) Already registered. Aborting.
[2025.09.12-15.36.21:231][496]LogActorComponent: RegisterComponentWithWorld: (/Engine/Transient.World_20:PersistentLevel.AnimationEditorPreviewActor_0.PhysicsAssetEditorSkeletalMeshComponent_0) Already registered. Aborting.
[2025.09.12-15.36.21:231][496]LogSkeletalMesh: USkeletalMeshComponent::InitArticulated : Could not find root physics body: '/Engine/Transient.World_20:PersistentLevel.AnimationEditorPreviewActor_0.PhysicsAssetEditorSkeletalMeshComponent_0'
[2025.09.12-15.36.21:238][496]LogSkeletalMesh: USkeletalMeshComponent::InitArticulated : Could not find root physics body: '/Engine/Transient.World_20:PersistentLevel.AnimationEditorPreviewActor_0.PhysicsAssetEditorSkeletalMeshComponent_0'
[2025.09.12-15.36.21:238][496]LogActorComponent: RegisterComponentWithWorld: (/Engine/Transient.World_21:PersistentLevel.AnimationEditorPreviewActor_0.PhysicsAssetEditorSkeletalMeshComponent_0) Already registered. Aborting.
[2025.09.12-15.37.13:274][517]LogSlate: FSceneViewport::OnFocusLost() reason 0
[2025.09.12-15.37.41:428][644]LogSlate: FSceneViewport::OnFocusLost() reason 0
[2025.09.12-15.37.44:870][ 29]LogSlate: FSceneViewport::OnFocusLost() reason 0
[2025.09.12-15.38.08:674][548]Cmd: TRANSACTION UNDO
[2025.09.12-15.38.08:674][548]LogEditorTransaction: Undo Add New Bodies
[2025.09.12-15.38.08:865][548]LogActorComponent: RegisterComponentWithWorld: (/Engine/Transient.World_11:PersistentLevel.AnimationEditorPreviewActor_0.DebugSkelMeshComponent_0) Already registered. Aborting.
[2025.09.12-15.38.08:866][548]LogActorComponent: RegisterComponentWithWorld: (/Engine/Transient.World_12:PersistentLevel.AnimationEditorPreviewActor_0.DebugSkelMeshComponent_0) Already registered. Aborting.
[2025.09.12-15.38.08:870][548]LogActorComponent: RegisterComponentWithWorld: (/Engine/Transient.World_17:PersistentLevel.AnimationEditorPreviewActor_0.DebugSkelMeshComponent_0) Already registered. Aborting.
[2025.09.12-15.38.08:871][548]LogActorComponent: RegisterComponentWithWorld: (/Engine/Transient.World_19:PersistentLevel.AnimationEditorPreviewActor_0.DebugSkelMeshComponent_0) Already registered. Aborting.
[2025.09.12-15.38.08:874][548]LogActorComponent: RegisterComponentWithWorld: (/Engine/Transient.World_20:PersistentLevel.AnimationEditorPreviewActor_0.PhysicsAssetEditorSkeletalMeshComponent_0) Already registered. Aborting.
[2025.09.12-15.38.08:883][548]LogActorComponent: RegisterComponentWithWorld: (/Engine/Transient.World_21:PersistentLevel.AnimationEditorPreviewActor_0.PhysicsAssetEditorSkeletalMeshComponent_0) Already registered. Aborting.
[2025.09.12-15.38.14:027][111]Cmd: TRANSACTION UNDO
[2025.09.12-15.38.14:028][111]LogEditorTransaction: Undo Add New Bodies
[2025.09.12-15.38.14:245][111]LogActorComponent: RegisterComponentWithWorld: (/Engine/Transient.World_11:PersistentLevel.AnimationEditorPreviewActor_0.DebugSkelMeshComponent_0) Already registered. Aborting.
[2025.09.12-15.38.14:245][111]LogActorComponent: RegisterComponentWithWorld: (/Engine/Transient.World_12:PersistentLevel.AnimationEditorPreviewActor_0.DebugSkelMeshComponent_0) Already registered. Aborting.
[2025.09.12-15.38.14:250][111]LogActorComponent: RegisterComponentWithWorld: (/Engine/Transient.World_17:PersistentLevel.AnimationEditorPreviewActor_0.DebugSkelMeshComponent_0) Already registered. Aborting.
[2025.09.12-15.38.14:251][111]LogActorComponent: RegisterComponentWithWorld: (/Engine/Transient.World_19:PersistentLevel.AnimationEditorPreviewActor_0.DebugSkelMeshComponent_0) Already registered. Aborting.
[2025.09.12-15.38.14:255][111]LogActorComponent: RegisterComponentWithWorld: (/Engine/Transient.World_20:PersistentLevel.AnimationEditorPreviewActor_0.PhysicsAssetEditorSkeletalMeshComponent_0) Already registered. Aborting.
[2025.09.12-15.38.14:264][111]LogActorComponent: RegisterComponentWithWorld: (/Engine/Transient.World_21:PersistentLevel.AnimationEditorPreviewActor_0.PhysicsAssetEditorSkeletalMeshComponent_0) Already registered. Aborting.
[2025.09.12-15.38.20:392][802]Cmd: TRANSACTION UNDO
[2025.09.12-15.38.20:392][802]LogEditorTransaction: Undo Add New Bodies
[2025.09.12-15.38.20:605][802]LogActorComponent: RegisterComponentWithWorld: (/Engine/Transient.World_11:PersistentLevel.AnimationEditorPreviewActor_0.DebugSkelMeshComponent_0) Already registered. Aborting.
[2025.09.12-15.38.20:605][802]LogActorComponent: RegisterComponentWithWorld: (/Engine/Transient.World_12:PersistentLevel.AnimationEditorPreviewActor_0.DebugSkelMeshComponent_0) Already registered. Aborting.
[2025.09.12-15.38.20:610][802]LogActorComponent: RegisterComponentWithWorld: (/Engine/Transient.World_17:PersistentLevel.AnimationEditorPreviewActor_0.DebugSkelMeshComponent_0) Already registered. Aborting.
[2025.09.12-15.38.20:611][802]LogActorComponent: RegisterComponentWithWorld: (/Engine/Transient.World_19:PersistentLevel.AnimationEditorPreviewActor_0.DebugSkelMeshComponent_0) Already registered. Aborting.
[2025.09.12-15.38.20:615][802]LogActorComponent: RegisterComponentWithWorld: (/Engine/Transient.World_20:PersistentLevel.AnimationEditorPreviewActor_0.PhysicsAssetEditorSkeletalMeshComponent_0) Already registered. Aborting.
[2025.09.12-15.38.20:627][802]LogActorComponent: RegisterComponentWithWorld: (/Engine/Transient.World_21:PersistentLevel.AnimationEditorPreviewActor_0.PhysicsAssetEditorSkeletalMeshComponent_0) Already registered. Aborting.
[2025.09.12-15.38.33:847][219]LogSlate: FSceneViewport::OnFocusLost() reason 0
[2025.09.12-15.38.41:599][ 73]Cmd: TRANSACTION UNDO
[2025.09.12-15.38.41:599][ 73]LogEditorTransaction: Undo Add New Bodies
[2025.09.12-15.38.41:808][ 73]LogActorComponent: RegisterComponentWithWorld: (/Engine/Transient.World_11:PersistentLevel.AnimationEditorPreviewActor_0.DebugSkelMeshComponent_0) Already registered. Aborting.
[2025.09.12-15.38.41:808][ 73]LogActorComponent: RegisterComponentWithWorld: (/Engine/Transient.World_12:PersistentLevel.AnimationEditorPreviewActor_0.DebugSkelMeshComponent_0) Already registered. Aborting.
[2025.09.12-15.38.41:814][ 73]LogActorComponent: RegisterComponentWithWorld: (/Engine/Transient.World_17:PersistentLevel.AnimationEditorPreviewActor_0.DebugSkelMeshComponent_0) Already registered. Aborting.
[2025.09.12-15.38.41:814][ 73]LogActorComponent: RegisterComponentWithWorld: (/Engine/Transient.World_19:PersistentLevel.AnimationEditorPreviewActor_0.DebugSkelMeshComponent_0) Already registered. Aborting.
[2025.09.12-15.38.41:818][ 73]LogActorComponent: RegisterComponentWithWorld: (/Engine/Transient.World_20:PersistentLevel.AnimationEditorPreviewActor_0.PhysicsAssetEditorSkeletalMeshComponent_0) Already registered. Aborting.
[2025.09.12-15.38.41:828][ 73]LogActorComponent: RegisterComponentWithWorld: (/Engine/Transient.World_21:PersistentLevel.AnimationEditorPreviewActor_0.PhysicsAssetEditorSkeletalMeshComponent_0) Already registered. Aborting.
[2025.09.12-15.38.51:790][ 84]LogSlate: FSceneViewport::OnFocusLost() reason 5
[2025.09.12-15.38.51:814][ 84]LogSavePackage: Moving '../../../../../../Users/Isaac/Desktop/GAMEJAM/GameJamHGGUnreal4.23.1/GameJamCrew/Saved/cat_fixed_PhysicsAsset89792CC14E353B22F0585C8E65975249.tmp' to '../../../../../../Users/Isaac/Desktop/GAMEJAM/GameJamHGGUnreal4.23.1/GameJamCrew/Content/Mannequin/cat_fixed_PhysicsAsset.uasset'
[2025.09.12-15.38.56:067][569]LogSlate: FSceneViewport::OnFocusLost() reason 0
[2025.09.12-15.38.57:833][776]LogTemp: Repeating last play command: Selected Viewport
[2025.09.12-15.38.57:837][776]LogBlueprintUserMessages: Early PlayInEditor Detection: Level '/Game/ThirdPersonBP/Maps/ThirdPersonExampleMap.ThirdPersonExampleMap:PersistentLevel' has LevelScriptBlueprint '/Game/ThirdPersonBP/Maps/ThirdPersonExampleMap.ThirdPersonExampleMap:PersistentLevel.ThirdPersonExampleMap' with GeneratedClass '/Game/ThirdPersonBP/Maps/ThirdPersonExampleMap.ThirdPersonExampleMap_C' with ClassGeneratedBy '/Game/ThirdPersonBP/Maps/ThirdPersonExampleMap.ThirdPersonExampleMap:PersistentLevel.ThirdPersonExampleMap'
[2025.09.12-15.38.57:837][776]BlueprintLog: New page: Pre-Play auto-recompile
[2025.09.12-15.38.57:838][776]LogPlayLevel: [PlayLevel] Compiling ThirdPersonCharacter before play...
[2025.09.12-15.38.57:998][776]LogUObjectHash: Compacting FUObjectHashTables data took   2.43ms
[2025.09.12-15.38.57:998][776]LogPlayLevel: PlayLevel: Blueprint regeneration took 160 ms (1 blueprints)
[2025.09.12-15.38.57:998][776]PIE: New page: PIE session: ThirdPersonExampleMap (12 Sep 2025 17:38:57)
[2025.09.12-15.38.57:998][776]LogPlayLevel: Creating play world package: /Game/ThirdPersonBP/Maps/UEDPIE_0_ThirdPersonExampleMap
[2025.09.12-15.38.58:004][776]LogPlayLevel: PIE: StaticDuplicateObject took: (0.005514s)
[2025.09.12-15.38.58:004][776]LogAIModule: Creating AISystem for world ThirdPersonExampleMap
[2025.09.12-15.38.58:004][776]LogPlayLevel: PIE: World Init took: (0.000841s)
[2025.09.12-15.38.58:004][776]LogPlayLevel: PIE: Created PIE world by copying editor world from /Game/ThirdPersonBP/Maps/ThirdPersonExampleMap.ThirdPersonExampleMap to /Game/ThirdPersonBP/Maps/UEDPIE_0_ThirdPersonExampleMap.ThirdPersonExampleMap (0.006433s)
[2025.09.12-15.38.58:033][776]LogUObjectHash: Compacting FUObjectHashTables data took   1.38ms
[2025.09.12-15.38.58:038][776]LogInit: XAudio2 using 'Speakers (Realtek USB Audio)' : 2 channels at 48 kHz using 32 bits per sample (channel mask 0x3)
[2025.09.12-15.38.58:042][776]LogInit: FAudioDevice initialized.
[2025.09.12-15.38.58:051][776]LogLoad: Game class is 'ThirdPersonGameMode_C'
[2025.09.12-15.38.59:235][776]LogWindows: Error: === Critical error: ===
[2025.09.12-15.38.59:235][776]LogWindows: Error: 
[2025.09.12-15.38.59:235][776]LogWindows: Error: Fatal error!
[2025.09.12-15.38.59:235][776]LogWindows: Error: 
[2025.09.12-15.38.59:235][776]LogWindows: Error: Unhandled Exception: EXCEPTION_ACCESS_VIOLATION reading address 0x00000090
[2025.09.12-15.38.59:235][776]LogWindows: Error: 
[2025.09.12-15.38.59:235][776]LogWindows: Error: [Callstack] 0x00007ffb55d6411e UE4Editor-Engine.dll!UnknownFunction []
[2025.09.12-15.38.59:235][776]LogWindows: Error: [Callstack] 0x00007ffb5537fe7c UE4Editor-Engine.dll!UnknownFunction []
[2025.09.12-15.38.59:235][776]LogWindows: Error: [Callstack] 0x00007ffb552a3f60 UE4Editor-Engine.dll!UnknownFunction []
[2025.09.12-15.38.59:235][776]LogWindows: Error: [Callstack] 0x00007ffb552d10d7 UE4Editor-Engine.dll!UnknownFunction []
[2025.09.12-15.38.59:235][776]LogWindows: Error: [Callstack] 0x00007ffb54f0dd05 UE4Editor-Engine.dll!UnknownFunction []
[2025.09.12-15.38.59:235][776]LogWindows: Error: [Callstack] 0x00007ffb557a6f3b UE4Editor-Engine.dll!UnknownFunction []
[2025.09.12-15.38.59:235][776]LogWindows: Error: [Callstack] 0x00007ffb56145d10 UE4Editor-Engine.dll!UnknownFunction []
[2025.09.12-15.38.59:235][776]LogWindows: Error: [Callstack] 0x00007ffb5611e807 UE4Editor-Engine.dll!UnknownFunction []
[2025.09.12-15.38.59:235][776]LogWindows: Error: [Callstack] 0x00007ffb555aab94 UE4Editor-Engine.dll!UnknownFunction []
[2025.09.12-15.38.59:235][776]LogWindows: Error: [Callstack] 0x00007ffb374950b3 UE4Editor-UnrealEd.dll!UnknownFunction []
[2025.09.12-15.38.59:235][776]LogWindows: Error: [Callstack] 0x00007ffb374b4361 UE4Editor-UnrealEd.dll!UnknownFunction []
[2025.09.12-15.38.59:235][776]LogWindows: Error: [Callstack] 0x00007ffb374ce265 UE4Editor-UnrealEd.dll!UnknownFunction []
[2025.09.12-15.38.59:235][776]LogWindows: Error: [Callstack] 0x00007ffb36f8d9b4 UE4Editor-UnrealEd.dll!UnknownFunction []
[2025.09.12-15.38.59:235][776]LogWindows: Error: [Callstack] 0x00007ffb377e5296 UE4Editor-UnrealEd.dll!UnknownFunction []
[2025.09.12-15.38.59:235][776]LogWindows: Error: [Callstack] 0x00007ff7a6fc7b0a UE4Editor.exe!UnknownFunction []
[2025.09.12-15.38.59:235][776]LogWindows: Error: [Callstack] 0x00007ff7a6fda91c UE4Editor.exe!UnknownFunction []
[2025.09.12-15.38.59:235][776]LogWindows: Error: [Callstack] 0x00007ff7a6fda9fa UE4Editor.exe!UnknownFunction []
[2025.09.12-15.38.59:235][776]LogWindows: Error: [Callstack] 0x00007ff7a6feb92c UE4Editor.exe!UnknownFunction []
[2025.09.12-15.38.59:235][776]LogWindows: Error: [Callstack] 0x00007ff7a6fee60e UE4Editor.exe!UnknownFunction []
[2025.09.12-15.38.59:235][776]LogWindows: Error: [Callstack] 0x00007ffbe1007374 KERNEL32.DLL!UnknownFunction []
[2025.09.12-15.38.59:235][776]LogWindows: Error: [Callstack] 0x00007ffbe243cc91 ntdll.dll!UnknownFunction []
[2025.09.12-15.38.59:235][776]LogWindows: Error: 
[2025.09.12-15.38.59:246][776]LogExit: Executing StaticShutdownAfterError
[2025.09.12-15.38.59:253][776]LogWindows: FPlatformMisc::RequestExit(1)
[2025.09.12-15.38.59:254][776]Log file closed, 09/12/25 16:38:59
